donor_resname,donor_resid,donor_atom,acceptor_resname,acceptor_resid,acceptor_atom,count,frequency
ARG,330,NH2,GLU,327,OE1,28980,0.9659678010732976
ASP,238,N,ASP,235,OD1,28875,0.9624679177360754
ASN,381,N,GLU,327,OE1,28844,0.9614346188460384
THR,424,OG1,LEU,420,O,28474,0.949101696610113
ALA,414,N,GLY,410,O,28352,0.9450351654944835
GLU,417,N,ILE,413,O,28346,0.9448351721609279
ARG,330,NE,GLU,327,OE2,28242,0.9413686210459651
VAL,40,N,VAL,47,O,28214,0.9404353188227059
LEU,420,N,ALA,416,O,28176,0.9391686943768541
TYR,456,OH,ARG,280,O,28059,0.9352688243725209
THR,239,OG1,ASP,235,O,27898,0.9299023365887804
VAL,155,N,ILE,151,O,27838,0.9279024032532249
VAL,95,N,ASN,91,O,27793,0.9264024532515582
THR,278,OG1,THR,274,O,27633,0.921069297690077
SER,365,N,PRO,336,O,27620,0.9206359788007067
ARG,70,NH1,ILE,86,O,27600,0.9199693343555215
VAL,343,N,THR,358,O,27587,0.9195360154661512
THR,423,N,PHE,419,O,27479,0.9159361354621512
ARG,330,NH1,LEU,368,O,27455,0.915136162127929
THR,177,OG1,LEU,173,O,27422,0.9140361987933735
HIP,384,N,ASN,381,O,27326,0.9108363054564848
PHE,385,N,PRO,382,O,27202,0.9067031098963367
PHE,283,N,LEU,279,O,27172,0.905703143228559
SER,100,OG,LEU,96,O,27035,0.9011366287790407
ARG,234,N,ASP,238,OD1,26973,0.8990700309989667
SER,365,OG,ASP,333,OD2,26855,0.8951368287723742
GLU,301,N,TYR,297,O,26852,0.8950368321055965
TYR,240,OH,SER,256,O,26778,0.8925702476584114
THR,264,OG1,LEU,260,O,26749,0.8916036132128929
ASN,14,N,HIE,41,O,26699,0.88993700209993
THR,277,OG1,GLU,273,O,26689,0.8896036798773375
ARG,406,NH2,ALA,88,O,26620,0.8873037565414487
ASN,428,ND2,THR,424,O,26594,0.8864371187627079
VAL,101,N,ARG,97,O,26591,0.8863371220959302
ILE,458,N,MET,137,O,26424,0.880770640978634
PHE,361,N,VAL,48,O,26413,0.8804039865337822
ASP,387,N,ALA,391,O,26391,0.8796706776440786
MET,49,N,PHE,38,O,26341,0.8780040665311156
THR,423,OG1,PHE,419,O,26020,0.8673044231858938
PHE,178,N,PHE,174,O,26019,0.8672710909636345
SER,276,N,THR,272,O,25965,0.8654711509616346
ILE,217,N,ILE,213,O,25872,0.8623712542915236
HIE,41,N,ASN,14,OD1,25780,0.8593046898436719
THR,358,OG1,PRO,355,O,25771,0.8590046998433386
HID,341,N,VAL,360,O,25761,0.858671377620746
PHE,160,N,ASN,149,OD1,25722,0.857371420952635
ARG,234,NH2,ASP,238,OD2,25688,0.8562381253958201
SER,430,N,LEU,461,O,25678,0.8559048031732276
LEU,9,N,GLY,13,O,25504,0.8501049965001166
ARG,98,N,LYS,94,O,25493,0.8497383420552648
TYR,83,N,PHE,80,O,25492,0.8497050098330056
LEU,265,N,ASN,261,O,25347,0.8448718376054132
VAL,48,N,GLU,359,O,25293,0.8430718976034132
PHE,269,N,LEU,265,O,25254,0.8417719409353022
LYS,94,N,GLY,90,O,25227,0.8408719709343022
GLY,84,N,ASN,259,OD1,25217,0.8405386487117096
THR,366,OG1,ILE,363,O,25169,0.8389387020432653
ILE,354,N,THR,347,O,25108,0.8369054364854505
LEU,210,N,VAL,206,O,25064,0.8354388187060431
THR,347,N,ILE,354,O,24969,0.8322722575914137
PHE,99,N,VAL,95,O,24927,0.8308723042565248
MET,244,N,TYR,240,O,24912,0.8303723209226359
GLN,329,N,ILE,325,O,24897,0.829872337588747
ASN,261,N,HIE,257,O,24864,0.8287723742541915
LYS,223,N,HIE,219,O,24823,0.827405753141562
LEU,241,N,ILE,237,O,24817,0.8272057598080064
PHE,349,N,TYR,352,O,24795,0.8264724509183027
PHE,331,N,GLU,327,O,24767,0.8255391486950435
GLN,176,N,ASN,172,O,24652,0.8217059431352288
ILE,300,N,VAL,296,O,24462,0.8153728209059699
LEU,461,N,SER,430,O,24451,0.815006166461118
PHE,143,N,PRO,139,O,24433,0.8144061864604513
PHE,38,N,MET,49,O,24430,0.8143061897936735
TYR,326,N,GLU,322,O,24375,0.8124729175694143
HIP,224,NE2,ASP,235,OD2,24244,0.8081063964534515
THR,424,N,LEU,420,O,24225,0.8074730842305257
LEU,129,N,LEU,125,O,24221,0.8073397553414886
ARG,225,N,VAL,221,O,24218,0.8072397586747109
THR,39,N,PRO,4,O,24140,0.8046398453384888
ILE,363,N,LEU,50,O,24080,0.8026399120029333
ARG,406,NH1,HM1,464,O2D,24046,0.8015066164461184
VAL,360,N,HID,341,O,24042,0.8013732875570815
LEU,96,N,ARG,92,O,23951,0.798340055331489
LYS,208,N,ARG,204,O,23926,0.7975067497750075
LEU,279,N,THR,275,O,23909,0.7969401019966001
LEU,262,N,GLN,258,O,23905,0.7968067731075631
ARG,234,NE,ASP,238,OD1,23871,0.7956734775507484
SER,145,N,PHE,141,O,23847,0.7948735042165261
LYS,393,N,PHE,385,O,23788,0.7929069031032299
THR,264,N,LEU,260,O,23724,0.7907736408786373
GLU,327,N,ALA,323,O,23709,0.7902736575447485
ILE,181,N,THR,177,O,23699,0.7899403353221559
SER,182,OG,PHE,178,O,23596,0.7865071164294524
ILE,452,N,GLU,446,O,23375,0.7791406953101563
ARG,31,N,PHE,27,O,23367,0.7788740375320823
GLY,71,N,PRO,340,O,23332,0.7777074097530082
LEU,28,N,LEU,24,O,23297,0.7765407819739342
LEU,50,N,PHE,361,O,23271,0.7756741441951935
VAL,221,N,ILE,217,O,23245,0.7748075064164528
TYR,297,N,ALA,293,O,23213,0.7737408753041566
GLU,322,N,MET,318,O,23198,0.7732408919702677
GLN,427,NE2,ARG,308,O,23155,0.7718076064131195
ASN,214,N,LEU,210,O,23130,0.7709743008566381
ALA,148,N,GLN,144,O,23111,0.7703409886337123
ARG,57,N,VAL,53,O,23052,0.768374387520416
ASN,259,ND2,GLU,254,O,23051,0.7683410552981568
LEU,60,N,ILE,56,O,23026,0.7675077497416752
VAL,303,N,GLU,299,O,22998,0.7665744475184161
PHE,80,N,VAL,76,O,22872,0.7623745875137495
LYS,356,N,HIE,346,ND1,22867,0.7622079264024533
GLN,163,N,HIE,161,ND1,22816,0.7605079830672311
ARG,280,N,SER,276,O,22549,0.7516082797240092
CYS,51,N,ASP,36,O,22506,0.7501749941668611
GLY,218,N,ASN,214,O,22496,0.7498416719442685
GLU,226,N,GLU,222,O,22345,0.7448085063831206
ASP,19,N,SER,26,OG,22285,0.7428085730475651
SER,276,OG,THR,272,O,22139,0.7379420685977134
ASP,383,N,ASN,381,OD1,22028,0.7342421919269357
TYR,34,N,PHE,30,O,22005,0.7334755508149728
SER,332,OG,ILE,328,O,21945,0.7314756174794174
GLN,211,N,TYR,207,O,21919,0.7306089797006766
ARG,298,N,GLU,294,O,21841,0.7280090663644545
GLN,119,N,GLU,115,O,21824,0.7274424185860471
ILE,328,N,VAL,324,O,21796,0.7265091163627879
MET,137,N,ILE,458,O,21784,0.7261091296956768
ALA,323,N,PRO,319,O,21749,0.7249425019166028
GLY,305,N,ILE,300,O,21744,0.7247758408053064
LYS,63,N,GLU,58,O,21707,0.723542548581714
LEU,426,N,PHE,422,O,21706,0.7235092163594546
THR,227,OG1,LYS,223,O,21664,0.7221092630245658
LEU,188,N,VAL,184,O,21584,0.7194426852438252
LEU,285,N,TYR,281,O,21574,0.7191093630212326
SER,100,N,LEU,96,O,21540,0.7179760674644179
ILE,126,N,ALA,122,O,21460,0.7153094896836772
CYS,152,N,ALA,148,O,21366,0.7121762607913069
THR,272,N,LEU,267,O,21240,0.7079764007866405
HID,243,ND1,THR,239,O,21171,0.7056764774507517
VAL,206,N,ALA,202,O,21111,0.7036765441151962
ILE,325,N,THR,321,O,21046,0.7015099496683443
GLY,282,N,THR,278,O,21031,0.7010099663344556
ALA,432,N,ARG,459,O,20975,0.699143361887937
ALA,122,N,ILE,118,O,20923,0.6974100863304556
THR,103,OG1,PHE,99,O,20657,0.688543715209493
PHE,421,N,GLU,417,O,20651,0.6883437218759375
VAL,324,N,TYR,320,O,20626,0.687510416319456
PHE,27,N,LEU,23,O,20479,0.6826105796473451
GLY,52,N,THR,366,OG1,20470,0.6823105896470117
SER,179,N,TYR,175,O,20392,0.6797106763107896
ARG,97,NH1,HM1,464,O1D,20387,0.6795440151994934
SER,433,OG,GLN,457,O,20201,0.6733442218592713
ILE,56,N,GLY,52,O,20200,0.6733108896370121
GLU,222,N,GLY,218,O,20176,0.6725109163027899
ASN,14,ND2,GLN,17,OE1,20119,0.6706109796340122
PHE,30,N,SER,26,O,20035,0.6678110729642345
SER,183,OG,LEU,180,O,20033,0.6677444085197161
ARG,97,N,TRP,93,O,20030,0.6676444118529382
ALA,59,N,ALA,55,O,19976,0.6658444718509383
ARG,92,NH1,GLY,82,O,19919,0.6639445351821606
THR,39,OG1,PRO,3,O,19863,0.6620779307356421
THR,274,OG1,ALA,270,O,19854,0.6617779407353088
TYR,207,N,HIE,203,O,19799,0.6599446685110496
ASN,250,N,GLU,247,O,19702,0.6567114429519016
ASN,209,N,GLN,205,O,19664,0.6554448185060499
PHE,374,N,ASP,370,O,19644,0.6547781740608647
THR,344,N,ALA,66,O,19574,0.6524449185027166
TYR,281,N,THR,277,O,19534,0.6511116296123463
GLU,247,N,HID,243,O,19514,0.6504449851671611
THR,239,N,ASP,235,O,19381,0.6460117996066798
ARG,81,N,ASP,77,O,19379,0.6459451351621612
ASP,77,N,ILE,73,O,19318,0.6439118696043465
CYS,124,N,GLU,120,O,19185,0.6394786840438652
ARG,459,N,ALA,432,O,19147,0.6382120595980134
LEU,368,N,LEU,364,O,19095,0.6364787840405319
LEU,173,N,MET,170,O,19005,0.6334788840371988
ARG,97,NH1,ILE,407,O,18866,0.6288457051431618
PHE,398,N,THR,395,O,18834,0.6277790740308656
VAL,296,N,VAL,292,O,18818,0.6272457584747175
THR,275,OG1,GLU,417,OE2,18752,0.6250458318056065
LEU,242,N,ASP,238,O,18674,0.6224459184693844
GLU,121,N,ARG,117,O,18538,0.6179127362421253
SER,182,N,PHE,178,O,18482,0.6160461317956069
ARG,330,N,TYR,326,O,18448,0.614912836238792
LYS,317,N,ASP,314,O,18383,0.6127462417919403
GLU,294,N,PRO,290,O,18306,0.6101796606779774
GLU,32,N,LEU,28,O,18189,0.6062797906736442
SER,26,OG,GLY,22,O,18132,0.6043798540048665
ARG,234,NH1,THR,227,OG1,18008,0.6002466584447185
ASP,370,N,ALA,367,O,18008,0.6002466584447185
GLN,17,NE2,ARG,7,O,17998,0.599913336222126
MET,286,N,GLY,282,O,17991,0.5996800106663112
VAL,76,N,ILE,73,O,17969,0.5989467017766075
ASN,259,N,SER,256,OG,17917,0.597213426219126
LEU,15,N,LEU,12,O,17876,0.5958468051064965
LYS,288,NZ,ILE,440,O,17833,0.5944135195493484
LEU,418,N,ALA,414,O,17828,0.594246858438052
MET,318,N,ARG,315,O,17814,0.5937802073264224
ALA,215,N,GLN,211,O,17790,0.5929802339922002
TYR,352,N,PHE,349,O,17708,0.5902469917669411
ALA,270,N,SER,266,O,17677,0.5892136928769041
ARG,70,NH1,HM1,464,O1A,17516,0.5838472050931636
GLY,390,N,ASP,387,O,17500,0.5833138895370155
SER,179,OG,TYR,175,O,17453,0.5817472750908304
ALA,232,N,ASP,229,O,17366,0.5788473717542748
TRP,93,NE1,HM1,464,O1D,17224,0.5741141961934603
LEU,196,N,PHE,192,O,17201,0.5733475550814973
HIE,219,N,ALA,215,O,17178,0.5725809139695344
ARG,29,N,LYS,25,O,17021,0.5673477550748308
THR,277,N,GLU,273,O,16964,0.5654478184060532
HIP,224,N,SER,220,O,16915,0.5638145395153494
SER,332,N,ILE,328,O,16884,0.5627812406253125
PHE,189,N,PHE,185,O,16842,0.5613812872904237
ASN,14,ND2,PRO,6,O,16742,0.5580480650644979
GLU,190,N,GLY,186,O,16722,0.5573814206193127
PHE,255,N,SER,253,OG,16663,0.5554148195060165
GLY,338,N,LEU,335,O,16657,0.5552148261724609
THR,102,OG1,ARG,98,O,16646,0.554848171727609
GLU,58,N,GLU,54,O,16599,0.5532815572814239
MET,104,N,SER,100,O,16505,0.5501483283890537
SER,145,OG,PHE,141,O,16423,0.5474150861637945
GLN,187,N,SER,183,O,16401,0.5466817772740908
LEU,191,N,GLN,187,O,16394,0.546448451718276
SER,153,N,ASN,149,O,16358,0.5452484917169428
LYS,288,N,LEU,284,O,16334,0.5444485183827206
TYR,373,N,ASP,370,O,16283,0.5427485750474984
ILE,118,N,VAL,114,O,16174,0.5391153628212393
GLU,245,N,LEU,241,O,16070,0.5356488117062764
GLN,119,NE2,PRO,310,O,15930,0.5309823005899803
SER,220,N,TYR,216,O,15801,0.526682443918536
ARG,130,N,ILE,126,O,15667,0.5222159261357955
THR,366,N,ILE,363,O,15579,0.5192826905769807
VAL,47,N,VAL,40,O,15480,0.5159828005733142
GLU,120,N,GLU,116,O,15426,0.5141828605713142
PHE,174,N,LEU,171,O,15337,0.5112162927902403
THR,321,OG1,GLU,299,OE2,15277,0.5092163594546848
GLN,427,NE2,GLY,305,O,15266,0.508849705009833
THR,275,N,GLY,271,O,15239,0.507949735008833
PHE,192,N,LEU,188,O,15185,0.5061497950068331
PHE,195,N,PHE,192,O,15151,0.5050164994500184
ILE,342,N,GLY,69,O,15133,0.5044165194493517
ASP,164,N,HIE,161,O,14886,0.49618346055131496
LEU,386,N,ASP,383,O,14847,0.4948835038832039
THR,140,OG1,ASP,138,OD2,14817,0.49388353721542616
HIP,384,NE2,GLU,375,O,14758,0.49191693610212994
LYS,169,N,GLN,165,O,14672,0.4890503649878337
SER,231,OG,ASP,229,OD1,14670,0.48898370054331525
GLY,134,N,PHE,460,O,14646,0.48818372720909303
LYS,111,N,GLY,108,O,14641,0.4880170660977967
GLN,427,N,THR,423,O,14632,0.4877170760974634
ARG,159,NH2,GLU,121,OE2,14620,0.48731708943035235
ASN,209,ND2,THR,177,OG1,14530,0.4843171894270191
ARG,57,NH2,GLU,54,OE1,14509,0.4836172127595747
TRP,93,N,ASN,89,O,14501,0.4833505549815006
TYR,289,N,LEU,285,O,14450,0.4816506116462785
LYS,288,NZ,PRO,437,O,14443,0.48141728609046364
GLY,271,N,SER,266,O,14352,0.47838405386487115
HIP,384,ND1,GLU,327,OE2,14258,0.47525082497250093
GLY,448,N,GLY,450,O,14201,0.4733508883037232
THR,347,OG1,GLN,345,O,14194,0.4731175627479084
ARG,92,NE,GLU,254,OE1,14193,0.47308423052564913
ALA,74,N,GLU,190,OE1,14166,0.4721842605246492
THR,443,OG1,ASP,441,OD2,14165,0.4721509283023899
HID,369,ND1,SER,365,O,14109,0.4702843238558715
ILE,353,N,ARG,1,O,14062,0.4687177094096863
ASN,214,ND2,GLN,211,OE1,13962,0.4653844871837605
THR,443,OG1,ASP,441,OD1,13960,0.46531782273924205
GLN,123,N,GLN,119,O,13912,0.4637178760707976
ARG,295,N,HIE,291,O,13910,0.46365121162627915
ARG,308,NH2,ASP,314,OD1,13895,0.46315122829239025
THR,321,OG1,GLU,299,OE1,13778,0.4592513582880571
GLN,144,NE2,GLU,273,OE2,13709,0.4569514349521683
ARG,159,NE,GLU,121,OE1,13659,0.4552848238392054
ASP,357,N,VAL,343,O,13641,0.4546848438385387
ARG,308,NH1,ASP,314,OD2,13630,0.4543181893936869
ASP,314,N,GLU,311,O,13528,0.45091830272324257
ILE,151,N,THR,147,O,13446,0.4481850604979834
PHE,429,N,ILE,425,O,13324,0.4441185293823539
ARG,70,NH2,HM1,464,O2A,13273,0.44241858604713175
LYS,131,N,GLU,127,O,13198,0.4399186693776874
SER,402,N,ILE,399,O,13185,0.43948535048831705
ALA,293,N,TYR,289,O,13180,0.4393186893770208
THR,321,N,GLU,299,OE2,13166,0.43885203826539115
ARG,415,N,GLU,411,O,13051,0.4350188327055765
SER,266,OG,LEU,262,O,13034,0.4344521849271691
GLU,127,N,GLN,123,O,12888,0.42958568047731743
THR,278,N,THR,274,O,12881,0.42935235492150264
LEU,180,N,GLN,176,O,12825,0.42748575047498416
LEU,125,N,GLU,121,O,12731,0.42435252158261394
ASN,149,ND2,GLU,121,OE2,12724,0.4241191960267991
ASN,263,ND2,SER,100,OG,12577,0.4192193593546882
THR,443,N,ASP,441,OD2,12570,0.4189860337988734
GLN,144,N,THR,140,O,12437,0.41455284823839206
THR,103,N,PHE,99,O,12434,0.41445285157161427
HIE,372,N,ASP,370,OD1,12434,0.41445285157161427
THR,443,N,ASP,441,OD1,12418,0.41391953601546616
GLU,411,N,CM1,408,O,12406,0.41351954934835505
THR,177,N,LEU,173,O,12254,0.4084530515649478
ASP,333,N,GLN,329,O,12102,0.4033865537815406
THR,140,N,ASP,138,OD2,11961,0.39868671044298526
TYR,240,N,LEU,236,O,11939,0.39795340155328157
THR,147,OG1,THR,272,OG1,11866,0.3955201493283557
ASP,106,N,VAL,101,O,11831,0.3943535215492817
ARG,308,NH1,PRO,309,O,11816,0.3938535382153928
ARG,117,NH1,SER,153,OG,11794,0.39312022932568913
THR,102,N,ARG,98,O,11778,0.392586913769541
ASN,263,N,ASN,259,O,11747,0.391553614879504
LEU,287,N,PHE,283,O,11724,0.39078697376754107
LEU,168,N,ASP,164,O,11690,0.38965367821072633
SER,231,OG,ASP,229,OD2,11589,0.38628712376254126
ARG,463,N,ASN,428,O,11509,0.3836205459818006
TYR,216,N,GLU,212,O,11472,0.38238725375820803
THR,321,N,GLU,299,OE1,11407,0.3802206593113563
ALA,135,N,SER,132,O,11367,0.37888737042098597
THR,147,N,PHE,143,O,11264,0.3754541515282824
THR,140,OG1,ASP,138,OD1,11206,0.3735208826372454
ILE,304,N,ILE,300,O,11147,0.3715542815239492
SER,153,OG,ASN,149,O,11097,0.3698876704109863
SER,132,OG,GLU,128,O,11046,0.36818772707576414
GLN,176,NE2,ASN,172,OD1,11039,0.36795440151994935
SER,253,OG,GLU,247,OE2,11007,0.3668877704076531
TYR,281,OH,LEU,442,O,10985,0.3661544615179494
GLU,128,N,CYS,124,O,10931,0.3643545215159495
PHE,79,N,VAL,76,O,10929,0.36428785707143096
ALA,397,N,THR,395,OG1,10916,0.3638545381820606
SER,68,OG,GLU,65,O,10910,0.36365454484850507
ARG,463,NH2,GLU,294,OE1,10904,0.3634545515149495
ARG,57,NE,GLU,54,OE2,10902,0.36338788707043096
ASN,261,ND2,ASN,214,OD1,10889,0.36295456818106064
HIE,372,N,ASP,370,OD2,10783,0.35942135262157926
SER,231,N,ASP,229,OD1,10762,0.35872137595413484
SER,132,N,GLU,128,O,10731,0.3576880770640979
PHE,67,N,LYS,63,O,10674,0.35578814039532014
LEU,260,N,SER,256,O,10673,0.3557548081730609
PHE,156,N,CYS,152,O,10530,0.350988300389987
ALA,379,N,LYS,376,O,10435,0.3478217392753575
TYR,320,N,GLU,299,OE1,10305,0.34348855038165393
HIE,252,NE2,GLU,254,OE2,10294,0.3431218959368021
LEU,42,N,ARG,45,O,10222,0.3407219759341355
ARG,463,NH2,GLU,294,OE2,10220,0.34065531148961703
SER,193,OG,PHE,189,O,10100,0.33665544481850607
GLY,22,N,ASP,19,O,10056,0.3351888270390987
LEU,236,N,ILE,154,O,10048,0.33492216926102464
SER,253,OG,GLU,247,OE1,10028,0.3342555248158395
ARG,45,NH2,GLU,359,OE1,9972,0.33238892036932105
GLN,445,N,ILE,452,O,9931,0.33102229925669147
LYS,356,NZ,ASP,357,OD1,9920,0.3306556448118396
ARG,415,NH2,GLU,411,OE2,9811,0.3270224325855805
LEU,142,N,ASP,138,O,9796,0.3265224492516916
MET,18,N,ASN,14,O,9751,0.325022499250025
ASP,439,N,ALA,436,O,9710,0.32365587813739544
LEU,171,N,PHE,167,O,9672,0.32238925369154364
GLY,186,N,SER,183,OG,9651,0.3216892770240992
ARG,463,NH1,GLU,294,OE2,9614,0.32045598480050663
ARG,117,NH2,ARG,112,O,9584,0.3194560181327289
ARG,463,NH1,GLU,294,OE1,9523,0.31742275257491415
ARG,45,NE,GLU,359,OE2,9432,0.3143895203493217
ARG,308,NH1,ASP,314,OD1,9385,0.31282290590313655
GLU,311,N,ASP,314,OD2,9278,0.30925635812139596
ARG,45,NH2,GLU,359,OE2,9177,0.3058898036732109
GLU,273,N,PHE,268,O,9099,0.3032898903369888
ASN,149,ND2,GLU,121,OE1,9063,0.30208993033565545
LYS,248,NZ,GLU,245,OE2,9026,0.3008566381120629
ARG,295,NH1,ARG,295,O,9022,0.3007233092230259
THR,227,N,HIP,224,O,9015,0.3004899836672111
ALA,391,N,ASN,389,OD1,8962,0.29872337588747044
ARG,57,NH2,GLU,54,OE2,8924,0.2974567514416186
ARG,159,NH2,GLU,121,OE1,8847,0.29489017032765574
ARG,415,NH2,GLU,411,OE1,8829,0.2942901903269891
THR,140,N,ASP,138,OD1,8763,0.29209026365787805
SER,266,N,LEU,262,O,8751,0.291690276990767
LYS,248,NZ,GLU,245,OE1,8733,0.2910902969901003
THR,275,OG1,GLU,417,OE1,8723,0.2907569747675077
ASN,89,ND2,ARG,70,O,8617,0.2872237592080264
ARG,350,N,GLU,58,OE1,8541,0.2846905103163228
ARG,112,NH2,GLU,120,OE2,8511,0.28369054364854507
SER,231,N,ASP,229,OD2,8499,0.28329055698143396
PHE,199,N,LEU,196,O,8394,0.27979067364421184
TRP,93,NE1,HM1,464,O2D,8377,0.27922402586580447
ARG,45,NE,GLU,359,OE1,8340,0.27799073364221194
ARG,459,NE,GLY,134,O,8305,0.2768241058631379
ARG,415,NH1,GLU,411,OE2,8293,0.2764241191960268
ALA,66,N,LYS,63,O,8290,0.27632412252924904
VAL,449,N,GLN,187,OE1,8252,0.27505749808339724
ARG,330,NH1,PRO,377,O,8117,0.2705576480783974
GLN,187,NE2,SER,183,O,8114,0.2704576514116196
SER,249,N,LYS,246,O,8109,0.27029099030032333
ARG,70,N,ASN,89,OD1,8106,0.27019099363354554
ASP,106,N,THR,102,O,7990,0.26632445585147163
ARG,117,N,SER,113,O,7950,0.2649911669611013
ARG,225,NH2,GLU,222,OE2,7945,0.264824505849805
GLN,144,NE2,LEU,171,O,7934,0.26445785140495315
VAL,292,N,TYR,289,O,7911,0.26369121029299025
ARG,308,NH2,ASP,314,OD2,7880,0.26265791140295325
LYS,246,N,LEU,242,O,7812,0.2603913202893237
ARG,112,NH2,GLU,120,OE1,7787,0.25955801473284223
ARG,105,NE,ASP,106,OD2,7776,0.2591913602879904
ARG,350,NE,GLU,58,OE1,7758,0.25859138028732376
ARG,415,NH1,GLU,411,OE1,7756,0.25852471584280523
GLN,205,N,GLY,201,O,7691,0.2563581213959535
ARG,31,NH2,ASP,36,OD2,7671,0.2556914769507683
ARG,130,NH2,GLU,127,OE2,7658,0.25525815806139796
ALA,88,N,VAL,85,O,7637,0.25455818139395353
LYS,451,NZ,PHE,331,O,7560,0.2519916002799907
LYS,356,NZ,ASP,357,OD2,7489,0.24962501249958335
LYS,33,N,ARG,29,O,7450,0.2483250558314723
HID,341,ND1,PHE,67,O,7408,0.24692510249658345
ARG,105,NH2,ASP,106,OD1,7391,0.24635845471817605
ARG,70,NE,PRO,340,O,7381,0.24602513249558347
ARG,225,NH2,GLU,222,OE1,7370,0.24565847805073165
HIE,161,N,ASP,164,OD1,7334,0.24445851804939836
ARG,112,NH1,GLU,120,OE1,7321,0.244025199160028
HIP,384,ND1,GLU,327,OE1,7301,0.24335855471484283
SER,26,N,GLY,22,O,7297,0.2432252258258058
ASP,62,N,ARG,57,O,7291,0.24302523249225025
LEU,284,N,ARG,280,O,7285,0.24282523915869472
ARG,45,NH2,GLU,190,OE2,7265,0.24215859471350956
ILE,425,N,PHE,421,O,7244,0.24145861804606514
ASN,149,ND2,PHE,160,O,7219,0.2406253124895837
VAL,61,N,ARG,57,O,7201,0.24002533248891703
ALA,74,N,GLU,190,OE2,7180,0.23932535582147263
ARG,70,NH2,HM1,464,O1A,7124,0.23745875137495417
SER,132,OG,LEU,129,O,7119,0.23729209026365788
LEU,228,N,ARG,225,O,7101,0.23669211026299122
ARG,31,NE,ASP,36,OD2,7087,0.23622545915136162
SER,153,OG,ILE,150,O,7040,0.2346588447051765
GLU,311,N,ASP,314,OD1,7026,0.23419219359354687
ARG,204,N,GLY,201,O,7013,0.23375887470417653
ARG,112,NH1,GLU,120,OE2,6955,0.23182560581313957
ARG,159,NE,GLU,121,OE2,6916,0.2305256491450285
GLN,302,N,ARG,298,O,6912,0.23039232025599146
ARG,315,NE,GLU,322,OE2,6881,0.22935902136595446
GLN,17,N,ASN,14,O,6860,0.22865904469851006
ARG,315,NH2,GLU,322,OE2,6824,0.22745908469717677
ALA,367,N,LEU,364,O,6804,0.2267924402519916
ARG,45,NH1,GLU,190,OE1,6795,0.2264924502516583
THR,147,OG1,PHE,143,O,6775,0.22582580580647313
HID,243,N,THR,239,O,6749,0.22495916802773241
ARG,130,NH2,GLU,127,OE1,6748,0.22492583580547315
SER,193,N,PHE,189,O,6668,0.2222592580247325
TYR,320,N,GLU,299,OE2,6455,0.21515949468351056
ILE,213,N,ASN,209,O,6453,0.21509283023899203
ARG,112,NE,GLU,116,OE1,6439,0.21462617912736243
SER,183,N,LEU,180,O,6430,0.2143261891270291
ARG,350,NH2,GLU,58,OE1,6405,0.21349288357054766
ARG,315,NH1,ARG,415,O,6367,0.21222625912469584
ARG,31,NH1,ASP,370,OD2,6355,0.21182627245758476
ARG,315,NE,GLU,322,OE1,6337,0.2112262924569181
ALA,416,N,GLY,412,O,6332,0.2110596313456218
GLU,116,N,SER,113,OG,6286,0.20952634912169593
LYS,63,NZ,GLU,58,OE2,6264,0.20879304023199227
ARG,105,NE,ASP,106,OD1,6243,0.20809306356454785
HIP,224,ND1,SER,220,O,6240,0.20799306689777008
ARG,105,NH2,ASP,106,OD2,6194,0.2064597846738442
GLY,35,N,ARG,31,O,6182,0.2060597980067331
TYR,373,OH,GLU,396,OE1,6154,0.2051264957834739
VAL,85,N,ASN,263,OD1,6129,0.20429319022699244
ASN,428,N,ILE,425,O,6110,0.20365987800406654
ARG,29,NH1,ASP,19,OD2,6099,0.2032932235592147
GLU,299,N,ARG,295,O,6074,0.20245991800273325
ARG,112,NE,GLU,116,OE2,6064,0.20212659578014067
ARG,29,NH2,ASP,19,OD1,6043,0.20142661911269624
SER,249,OG,LYS,246,O,6013,0.2004266524449185
ASN,172,N,LYS,169,O,6010,0.20032665577814074
ARG,29,NH1,ASP,19,OD1,6009,0.20029332355588148
ARG,29,NH2,ASP,19,OD2,5967,0.19889337022099263
ARG,463,NE,ARG,463,OXT,5940,0.19799340021999268
ARG,21,N,ASP,19,OD1,5895,0.19649345021832607
SER,113,OG,GLU,115,OE1,5889,0.1962934568847705
ILE,146,N,LEU,142,O,5845,0.19482683910536316
VAL,435,N,SER,433,OG,5813,0.1937602079930669
LYS,63,NZ,SER,348,O,5774,0.19246025132495584
ARG,225,NE,GLU,222,OE1,5719,0.19062697910069665
LYS,72,NZ,ASP,77,OD1,5718,0.19059364687843738
TYR,373,OH,GLU,396,OE2,5709,0.19029365687810407
TYR,175,N,LEU,171,O,5664,0.18879370687643746
ARG,315,N,LEU,312,O,5654,0.18846038465384488
GLU,212,N,LYS,208,O,5599,0.18662711242958568
ARG,70,NH2,HID,341,NE2,5592,0.18639378687377087
ASN,91,ND2,GLU,254,OE2,5578,0.18592713576214126
ASN,261,ND2,HIE,257,O,5567,0.18556048131728942
ARG,81,NH1,PRO,78,O,5527,0.1842271924269191
ARG,459,NH1,GLY,134,O,5492,0.18306056464784506
ARG,315,NH2,GLU,322,OE1,5415,0.1804939835338822
LYS,133,N,ARG,130,O,5386,0.1795273490883637
ARG,57,NE,GLU,54,OE1,5349,0.17829405686477118
ARG,350,NE,GLU,58,OE2,5324,0.17746075130828973
ILE,154,N,ILE,150,O,5300,0.17666077797406754
LYS,169,NZ,GLU,166,OE1,5299,0.17662744575180828
MET,170,N,GLU,166,O,5294,0.176460784640512
GLU,115,N,GLU,115,OE1,5277,0.1758941368621046
ARG,112,NH2,GLU,116,OE2,5273,0.17576080797306756
GLN,119,NE2,GLU,311,OE2,5178,0.17259424685843805
ARG,130,NE,GLU,127,OE1,5094,0.16979434018866038
ARG,45,N,LEU,42,O,5090,0.16966101129962335
ARG,31,NH2,ASP,36,OD1,5070,0.1689943668544382
THR,455,OG1,GLN,445,OE1,5047,0.16822772574247524
LEU,267,N,ASN,263,O,5029,0.1676277457418086
PHE,141,N,ASP,138,OD1,5017,0.1672277590746975
LYS,169,NZ,GLU,166,OE2,5005,0.16682777240758642
ARG,105,N,VAL,101,O,4991,0.16636112129595682
ASN,250,ND2,GLU,247,OE1,4991,0.16636112129595682
GLU,446,N,ILE,452,O,4990,0.16632778907369755
GLN,119,NE2,GLU,311,OE1,4945,0.16482783907203094
ARG,57,NH1,GLU,396,OE2,4932,0.16439452018266057
SER,113,OG,GLU,115,OE2,4915,0.1638278724042532
ILE,440,N,PRO,437,O,4865,0.1621612612912903
GLN,187,NE2,GLY,22,O,4863,0.16209459684677177
ASN,250,ND2,GLU,247,OE2,4855,0.16182793906869772
ARG,350,N,GLU,58,OE2,4775,0.15916136128795708
THR,358,N,PRO,355,O,4773,0.15909469684343855
ARG,57,NH1,GLU,396,OE1,4762,0.1587280423985867
PHE,141,N,ASP,138,OD2,4762,0.1587280423985867
ARG,112,NH2,GLU,116,OE1,4744,0.15812806239792007
HIE,252,N,ASN,250,OD1,4744,0.15812806239792007
LYS,63,NZ,ASP,62,OD1,4731,0.15769474350854973
ASN,381,ND2,ASP,383,OD2,4726,0.15752808239725344
ARG,57,NH1,ASP,62,OD2,4665,0.1554948168394387
ARG,57,NH2,ASP,62,OD1,4602,0.15339488683710542
ARG,31,NH1,ASP,370,OD1,4578,0.15259491350288323
ARG,350,NH2,GLU,58,OE2,4577,0.15256158128062397
PHE,419,N,ALA,416,O,4569,0.15229492350254992
ARG,130,NE,GLU,127,OE2,4552,0.15172827572414252
ASN,89,ND2,SER,68,O,4506,0.15019499350021667
ARG,298,NH1,GLU,301,OE2,4501,0.15002833238892038
ARG,295,NH1,GLU,299,OE2,4481,0.14936168794373522
ARG,105,N,THR,102,O,4466,0.14886170460984635
LYS,248,N,GLU,245,O,4398,0.1465951134962168
LYS,63,NZ,GLU,58,OE1,4396,0.1465284490516983
LYS,248,N,MET,244,O,4345,0.14482850571647612
SER,256,N,GLU,254,O,4337,0.14456184793840204
LYS,63,NZ,ASP,62,OD2,4327,0.14422852571580946
GLN,165,N,TYR,162,O,4316,0.14386187127095765
ILE,440,N,ALA,436,O,4278,0.14259524682510583
THR,274,N,GLY,271,O,4234,0.14112862904569848
TYR,297,OH,GLU,301,OE1,4224,0.1407953068231059
ASN,389,ND2,ASP,387,OD1,4211,0.14036198793373555
ARG,57,NH1,ASP,62,OD1,4195,0.13982867237758742
ASN,381,ND2,ASP,383,OD1,4158,0.13859538015399486
ARG,406,NH1,VAL,85,O,4127,0.13756208126395786
SER,145,OG,LEU,142,O,4124,0.1374620845971801
ARG,57,NH2,ASP,62,OD2,4089,0.13629545681810606
SER,430,OG,PRO,462,O,4074,0.1357954734842172
ASN,389,ND2,ASP,387,OD2,4050,0.134995500149995
GLY,13,N,LEU,9,O,4034,0.13446218459384687
HIE,161,N,ASP,164,OD2,4033,0.1344288523715876
LYS,451,NZ,SER,332,O,4028,0.13426219126029132
GLN,187,NE2,CYS,447,O,4023,0.13409553014899503
SER,68,N,GLU,65,O,4021,0.13402886570447653
ARG,225,NE,GLU,222,OE2,4021,0.13402886570447653
GLN,187,NE2,ILE,181,O,4016,0.13386220459318024
ARG,21,N,ASP,19,OD2,4003,0.13342888570380987
GLN,205,NE2,ASN,209,OD1,3947,0.1315622812572914
ARG,234,NH2,THR,227,OG1,3920,0.13066231125629146
GLN,187,NE2,SER,182,O,3912,0.13039565347821738
ASN,389,N,ASP,387,OD1,3893,0.12976234125529149
ARG,225,NH1,GLU,222,OE2,3860,0.12866237792073598
GLU,115,N,GLU,115,OE2,3857,0.1285623812539582
ASN,389,N,ASP,387,OD2,3835,0.12782907236425453
GLN,329,NE2,ILE,325,O,3824,0.1274624179194027
ASN,428,N,THR,424,O,3813,0.12709576347455084
THR,344,OG1,ALA,66,O,3804,0.12679577347421753
LYS,33,N,PHE,30,O,3743,0.12476250791640278
THR,103,N,SER,100,O,3733,0.1244291856938102
ALA,316,N,HIE,313,O,3727,0.12422919236025466
ARG,45,NH1,GLU,359,OE1,3662,0.12206259791340289
ARG,298,NH1,GLU,301,OE1,3621,0.1206959768007733
ARG,21,NE,ASP,19,OD1,3618,0.12059598013399553
ILE,150,N,THR,147,O,3614,0.1204626512449585
ARG,57,NH2,GLU,396,OE2,3566,0.11886270457651411
THR,344,OG1,GLN,345,OE1,3518,0.11726275790806973
PHE,67,N,ALA,64,O,3510,0.11699610012999567
TYR,175,OH,GLN,445,OE1,3504,0.11679610679644012
TYR,297,OH,GLU,301,OE2,3423,0.11409619679344021
ARG,97,NH2,ILE,407,O,3422,0.11406286457118096
ARG,225,NH1,GLU,222,OE1,3289,0.10962967901069964
LYS,246,N,HID,243,O,3261,0.10869637678744042
LYS,131,NZ,GLU,128,OE2,3253,0.10842971900936635
ARG,92,NH2,GLU,254,OE2,3225,0.10749641678610714
ARG,57,NH2,GLU,396,OE1,3158,0.10526315789473684
GLY,43,N,HIE,41,O,3146,0.10486317122762574
ARG,45,NH2,GLU,190,OE1,3119,0.10396320122662578
SER,348,OG,TYR,352,O,3118,0.10392986900436652
ALA,64,N,VAL,61,O,3017,0.10056331455618146
ILE,154,N,ILE,151,O,2993,0.09976334122195926
PHE,192,N,GLN,187,O,2992,0.09973000899970001
HIE,252,NE2,GLU,254,OE1,2972,0.09906336455451485
LYS,131,NZ,GLU,128,OE1,2959,0.0986300456651445
ARG,330,NH2,PRO,377,O,2940,0.0979967334422186
SER,132,N,LEU,129,O,2923,0.0974300856638112
LEU,267,N,THR,264,O,2888,0.09626345788473717
ASN,149,N,SER,145,O,2887,0.09623012566247792
ARG,21,NH2,ASP,19,OD2,2886,0.09619679344021866
SER,220,OG,TYR,216,O,2871,0.09569681010632979
THR,272,OG1,THR,147,OG1,2858,0.09526349121695943
THR,227,N,LYS,223,O,2842,0.09473017566081131
ARG,308,N,GLY,305,O,2818,0.09393020232658911
MET,18,N,LEU,15,O,2811,0.0936968767707743
VAL,53,N,ASP,370,OD1,2808,0.09359688010399653
LYS,405,NZ,GLU,65,OE1,2805,0.09349688343721876
ARG,92,NE,GLU,254,OE2,2783,0.09276357454751508
LYS,451,NZ,ASP,333,O,2755,0.09183027232425586
ARG,31,NH2,ASP,370,OD2,2722,0.09073030898970035
ARG,117,NE,ARG,112,O,2717,0.09056364787840405
THR,344,OG1,SER,68,OG,2703,0.09009699676677443
ASN,259,ND2,ARG,92,NE,2693,0.08976367454418185
LYS,317,NZ,ASP,314,OD2,2692,0.0897303423219226
ARG,105,NH2,GLU,115,OE2,2690,0.08966367787740409
HID,369,N,THR,366,O,2660,0.08866371120962635
VAL,339,N,HM1,464,O1A,2658,0.08859704676510782
ARG,117,NE,SER,113,O,2649,0.0882970567647745
ASN,209,ND2,GLN,176,OE1,2649,0.0882970567647745
ALA,88,N,GLY,84,O,2631,0.08769707676410786
LYS,405,NZ,GLU,65,OE2,2629,0.08763041231958935
GLU,212,N,ASN,209,O,2619,0.08729709009699677
GLN,445,NE2,PRO,453,O,2604,0.0867971067631079
ARG,463,NH1,LEU,426,O,2564,0.08546381787273757
ARG,105,NH1,GLU,115,OE1,2557,0.08523049231692277
PHE,167,N,ASP,164,O,2533,0.08443051898270057
MET,170,N,PHE,167,O,2533,0.08443051898270057
PHE,422,N,LEU,418,O,2509,0.08363054564847838
SER,193,OG,TYR,198,O,2504,0.08346388453718209
LYS,451,NZ,ASP,333,OD2,2478,0.08259724675844139
ARG,130,NH1,GLU,127,OE2,2473,0.0824305856471451
ARG,45,NH1,GLU,359,OE2,2424,0.08079730675644145
LYS,111,NZ,PRO,233,O,2412,0.08039732008933036
VAL,53,N,ASP,370,OD2,2374,0.07913069564347855
ALA,416,N,ILE,413,O,2356,0.0785307156428119
MET,75,N,GLU,190,OE2,2350,0.07833072230925636
SER,256,N,TYR,240,OH,2347,0.07823072564247859
ARG,29,NH2,GLN,17,O,2324,0.07746408453051565
ARG,21,NH2,GLU,446,OE1,2313,0.07709743008566382
PHE,268,N,LEU,265,O,2295,0.07649745008499717
ILE,407,N,LYS,405,O,2291,0.07636412119596013
ARG,298,NH2,GLU,301,OE1,2226,0.07419752674910836
ARG,298,NH2,GLU,301,OE2,2215,0.07383087230425653
SER,113,N,GLU,116,OE2,2210,0.07366421119296024
ARG,105,NH1,GLU,115,OE2,2207,0.07356421452618246
ARG,225,NH2,GLU,226,OE2,2205,0.07349755008166395
PHE,268,N,THR,264,O,2186,0.07286423785873804
GLN,187,NE2,ARG,20,O,2177,0.07256424785840472
ARG,225,NH2,GLU,245,OE1,2168,0.0722642578580714
ARG,130,NH1,GLU,127,OE1,2167,0.07223092563581214
GLN,302,NE2,ARG,298,O,2166,0.07219759341355288
PHE,185,N,SER,183,OG,2151,0.071697610079664
LEU,171,N,LEU,168,O,2148,0.07159761341288624
GLN,165,NE2,TYR,162,O,2146,0.07153094896836772
PHE,107,N,ARG,105,O,2125,0.0708309723009233
ARG,225,NH2,GLU,226,OE1,2121,0.07069764341188627
ARG,350,NE,ASP,36,OD2,2087,0.0695643478550715
ARG,350,NH2,ASP,36,OD1,2087,0.0695643478550715
ARG,21,NE,ASP,19,OD2,2084,0.06946435118829372
SER,402,OG,ARG,406,O,2059,0.06863104563181227
ARG,92,NH2,GLU,254,OE1,2058,0.06859771340955302
TYR,326,OH,GLU,322,OE2,2058,0.06859771340955302
ARG,81,NE,PHE,79,O,2048,0.06826439118696044
ARG,31,NE,ASP,36,OD1,2031,0.06769774340855304
GLY,194,N,LEU,196,O,2026,0.06753108229725675
ILE,150,N,ILE,146,O,2002,0.06673110896303457
LYS,317,NZ,ASP,314,OD1,1991,0.06636445451818272
LYS,72,NZ,SER,193,OG,1987,0.0662311256291457
ARG,45,NH1,LEU,42,O,1985,0.06616446118462718
ASN,172,N,LEU,168,O,1967,0.06556448118396054
ARG,81,NE,PRO,78,O,1958,0.06526449118362722
GLN,144,NE2,GLU,273,OE1,1951,0.0650311656278124
ALA,202,N,PRO,200,O,1945,0.06483117229425686
ARG,105,NH2,GLU,115,OE1,1932,0.0643978534048865
ARG,463,NE,ARG,463,O,1917,0.06389787007099763
SER,113,OG,GLU,116,OE2,1883,0.06276457451418287
LYS,451,N,LEU,334,O,1883,0.06276457451418287
ARG,298,NE,GLU,294,OE1,1882,0.0627312422919236
THR,102,OG1,PHE,99,O,1834,0.061131295623479215
ARG,298,NE,GLU,294,OE2,1833,0.06109796340121996
GLN,445,NE2,TYR,175,OH,1831,0.061031298956701445
ARG,298,NH2,GLU,294,OE1,1808,0.06026465784473851
GLN,123,NE2,GLN,119,O,1794,0.059798006733108894
ARG,21,NH2,GLU,446,OE2,1787,0.05956468117729409
GLY,194,N,LEU,191,O,1783,0.05943135228825706
SER,68,N,THR,344,OG1,1777,0.05923135895470151
GLU,396,N,GLU,396,OE2,1770,0.05899803339888671
ARG,298,NH2,GLU,294,OE2,1769,0.05896470117662744
ARG,315,N,GLU,311,O,1758,0.058598046731775606
LYS,72,NZ,ASP,77,OD2,1738,0.057931402286590446
SER,183,N,SER,179,O,1727,0.05756474784173861
GLU,116,N,SER,113,O,1717,0.05723142561914603
SER,253,N,ASN,250,O,1713,0.057098096730108995
LEU,364,N,LEU,362,O,1712,0.05706476450784974
ARG,225,NE,GLU,245,OE2,1710,0.056998100063331225
ARG,70,NH1,HM1,464,O2A,1696,0.05653144895170161
GLU,396,N,GLU,396,OE1,1686,0.05619812672910903
LYS,72,NZ,GLU,190,OE1,1679,0.05596480117329422
GLN,211,NE2,TYR,207,OH,1657,0.05523149228359055
LEU,168,N,GLN,165,O,1629,0.05429819006033132
ARG,70,NH2,VAL,339,O,1628,0.05426485783807206
THR,274,N,ALA,270,O,1618,0.05393153561547948
SER,193,OG,LEU,188,O,1599,0.05329822339255358
ARG,350,NH2,ASP,36,OD2,1592,0.053064897836738775
LEU,386,N,PRO,382,O,1591,0.05303156561447952
ARG,20,NH2,LEU,15,O,1586,0.05286490450318323
THR,102,OG1,ASP,106,OD1,1580,0.05266491116962768
TYR,326,OH,GLU,322,OE1,1579,0.05263157894736842
SER,113,N,GLU,116,OE1,1572,0.052398253391553615
LYS,158,N,CYS,152,O,1564,0.05213159561347955
GLU,166,N,GLN,163,O,1544,0.05146495116829439
GLY,157,N,ILE,154,O,1526,0.05086497116762775
ASN,261,ND2,ASN,214,O,1521,0.05069831005633146
ASN,261,ND2,HIE,257,NE2,1521,0.05069831005633146
HIE,346,N,GLN,345,OE1,1519,0.05063164561181294
CM1,408,N,PHE,401,O,1511,0.050364987833738876
PHE,174,N,MET,170,O,1502,0.05006499783340555
ARG,105,NH1,GLU,411,OE1,1486,0.049531682277257426
ILE,146,N,PHE,143,O,1486,0.049531682277257426
SER,365,OG,PRO,336,O,1483,0.04943168561047965
GLN,345,N,ALA,66,O,1478,0.04926502449918336
LYS,376,NZ,GLU,375,OE1,1477,0.0492316922769241
LYS,131,NZ,GLU,127,O,1474,0.049131695610146325
GLN,345,NE2,GLU,65,O,1474,0.049131695610146325
HID,243,N,TYR,240,O,1472,0.04906503116562781
ARG,350,NE,ASP,36,OD1,1469,0.048965034498850035
LYS,111,NZ,ARG,234,O,1457,0.04856504783173894
LYS,169,N,GLU,166,O,1455,0.04849838338722043
LYS,197,N,SER,193,O,1454,0.048465051164961165
GLY,90,N,ASN,89,OD1,1448,0.04826505783140562
ARG,45,NH1,GLU,190,OE2,1442,0.04806506449785007
ARG,45,NE,LEU,42,O,1433,0.04776507449751675
HID,369,N,SER,365,O,1425,0.04749841671944269
ASN,149,N,ILE,146,O,1411,0.047031765607813074
GLN,258,N,GLN,258,OE1,1405,0.04683177227425753
ARG,298,NE,GLU,301,OE2,1400,0.04666511116296124
LYS,393,NZ,ASP,383,O,1386,0.04619846005133162
GLU,438,N,GLU,438,OE1,1383,0.046098463384553846
LYS,376,NZ,GLU,375,OE2,1376,0.04586513782873904
ARG,234,NH2,HIP,224,O,1373,0.045765141161961266
ARG,295,NH1,GLU,299,OE1,1361,0.04536515449485017
GLY,271,N,LEU,267,O,1357,0.04523182560581314
ARG,70,NE,HID,341,NE2,1355,0.045165161161294626
HIE,313,N,GLU,311,OE1,1347,0.04489850338322056
ARG,81,NH2,GLN,258,OE1,1343,0.044765174494183525
ASN,172,ND2,LYS,169,O,1342,0.04473184227192427
GLU,438,N,GLU,438,OE2,1322,0.04406519782673911
GLU,166,N,ASP,164,OD2,1318,0.043931868937702075
ARG,20,NH1,LEU,15,O,1302,0.04339855338155395
ARG,31,NH2,ASP,370,OD1,1299,0.04329855671477617
LEU,260,N,HIE,257,O,1298,0.043265224492516914
ARG,225,NH2,GLU,245,OE2,1293,0.043098563381220624
SER,193,N,LEU,188,O,1291,0.04303189893670211
ARG,225,NE,GLU,245,OE1,1290,0.042998566714442854
ARG,21,NH1,GLU,446,OE2,1288,0.042931902269924334
LYS,72,NZ,GLU,359,OE1,1277,0.0425652478250725
ARG,21,NH2,ASP,19,OD1,1275,0.042498583380553984
ASN,149,ND2,SER,145,O,1274,0.04246525115829472
HIE,313,N,GLU,311,OE2,1269,0.04229859004699843
TYR,198,N,LEU,196,O,1266,0.04219859338022066
SER,193,N,GLU,190,O,1256,0.04186527115762808
GLY,108,N,ASP,106,OD1,1251,0.04169861004633179
GLN,144,NE2,LEU,168,O,1250,0.04166527782407253
ARG,415,NH2,GLU,322,OE1,1234,0.041131962267924406
ARG,81,NH1,ASP,77,OD1,1231,0.04103196560114663
SER,132,OG,GLU,128,OE1,1226,0.04086530448985034
LYS,356,NZ,THR,344,O,1224,0.040798640045331826
LYS,158,NZ,ASP,164,OD1,1217,0.040565314489517015
LYS,131,N,GLU,128,O,1212,0.040398653378220725
ARG,234,NH2,THR,227,O,1211,0.04036532115596147
GLU,247,N,MET,244,O,1208,0.04026532448918369
SER,113,OG,GLU,116,OE1,1181,0.03936535448818373
TYR,207,OH,PRO,78,O,1181,0.03936535448818373
ASN,250,ND2,GLU,247,O,1181,0.03936535448818373
HIP,224,NE2,ASP,235,OD1,1179,0.039298690043665215
GLN,205,N,ALA,202,O,1175,0.03916536115462818
GLY,108,N,ASP,106,OD2,1173,0.03909869671010966
ILE,413,N,GLY,410,O,1172,0.039065364487850404
TYR,162,OH,GLU,128,OE1,1158,0.03859871337622079
TYR,198,N,PHE,195,O,1155,0.03849871670944302
ASN,91,ND2,GLU,254,OE1,1153,0.0384320522649245
ARG,117,NH2,GLY,157,O,1149,0.038298723375887474
GLN,205,NE2,GLN,176,OE1,1149,0.038298723375887474
ALA,436,N,ASP,439,OD1,1142,0.03806539782007266
PHE,419,N,ARG,415,O,1140,0.03799873337555415
ARG,105,NH1,GLU,411,OE2,1128,0.03759874670844305
ARG,31,NH1,CYS,51,O,1126,0.037532082263924536
GLN,302,N,GLU,299,O,1118,0.03726542448585047
THR,455,N,GLN,445,OE1,1115,0.0371654278190727
LYS,317,NZ,HIE,313,O,1088,0.03626545781807273
THR,344,OG1,GLU,65,O,1086,0.036198793373554215
ARG,350,NH1,GLU,58,OE1,1077,0.03589880337322089
SER,402,OG,HM1,464,O2A,1072,0.0357321422619246
ARG,20,NH1,MET,18,O,1049,0.03496550114996167
THR,103,OG1,SER,100,O,1042,0.03473217559414686
TYR,198,N,SER,193,OG,1030,0.03433218892703577
ASN,259,ND2,GLU,254,OE1,1024,0.03413219559348022
SER,132,OG,GLU,128,OE2,1020,0.03399886670444319
LYS,158,NZ,ASP,164,OD2,1016,0.03386553781540615
GLU,299,N,VAL,296,O,1016,0.03386553781540615
ARG,315,NE,LEU,312,O,1013,0.03376554114862838
GLY,186,N,SER,183,O,1005,0.033498883370554317
ARG,45,N,GLY,43,O,1004,0.03346555114829506
LYS,197,NZ,GLY,194,O,1000,0.033332222259258026
ARG,415,NE,GLU,411,OE1,989,0.03296556781440619
ASN,428,ND2,GLN,427,OE1,986,0.03286557114762841
ALA,391,N,ASP,387,O,977,0.03256558114729509
ASP,106,N,THR,103,O,966,0.03219892670244325
ASN,209,ND2,GLN,205,O,951,0.03169894336855438
CYS,447,N,ARG,21,NH2,951,0.03169894336855438
ARG,234,N,ASP,238,OD2,947,0.03156561447951735
ARG,298,NH1,GLU,294,OE1,944,0.03146561781273958
GLU,166,N,ASP,164,OD1,941,0.0313656211459618
ARG,45,NH2,GLU,190,O,931,0.03103229892336922
ALA,388,N,ASP,387,OD2,930,0.030998966701109965
MET,104,N,VAL,101,O,929,0.030965634478850704
LEU,191,N,LEU,188,O,927,0.030898970034332188
HID,341,ND1,GLY,69,O,927,0.030898970034332188
LYS,197,N,PHE,195,O,924,0.030798973367554414
GLY,108,N,LYS,111,O,923,0.030765641145295158
SER,402,N,PRO,400,O,923,0.030765641145295158
LEU,180,N,THR,177,O,908,0.030265657811406287
LYS,111,NZ,PHE,107,O,897,0.029899003366554447
ARG,105,NH2,GLU,411,OE2,894,0.029799006699776674
GLN,165,NE2,HIE,161,O,892,0.029732342255258157
LYS,158,NZ,ARG,159,O,878,0.029265691143628546
ARG,415,NE,GLU,411,OE2,869,0.028965701143295223
LYS,133,N,LEU,129,O,862,0.028732375587480416
ILE,73,N,ASP,77,OD2,855,0.028499050031665613
GLN,123,NE2,GLN,119,OE1,853,0.028432385587147096
LYS,111,NZ,MET,109,O,848,0.028265724475850806
ALA,135,N,LYS,133,O,847,0.028232392253591546
ARG,298,NE,GLU,301,OE1,840,0.027999066697776742
TYR,162,OH,GLU,128,OE2,839,0.027965734475517482
GLY,450,N,GLY,448,O,839,0.027965734475517482
ALA,388,N,ASP,387,OD1,838,0.027932402253258225
THR,102,N,PHE,99,O,837,0.027899070030998965
LYS,131,NZ,GLU,127,OE1,823,0.027432418919369355
SER,193,OG,GLU,190,O,821,0.02736575447485084
LEU,173,N,LYS,169,O,790,0.02633245558481384
LEU,23,N,ARG,21,O,779,0.025965801139962
HIE,161,N,ASP,164,O,779,0.025965801139962
LYS,131,NZ,GLU,127,OE2,777,0.025899136695443484
ALA,436,N,ASP,439,OD2,772,0.025732475584147194
ARG,117,N,VAL,114,O,771,0.025699143361887937
LYS,405,NZ,SER,68,OG,768,0.025599146695110164
ARG,105,N,SER,100,O,765,0.02549915002833239
ARG,280,NH1,THR,277,OG1,764,0.02546581780607313
ARG,415,NH1,GLU,322,OE1,756,0.025199160027999067
ILE,237,N,VAL,155,O,747,0.024899170027665743
GLY,134,N,SER,132,OG,742,0.024732508916369453
THR,39,OG1,PRO,4,O,736,0.024532515582813906
LYS,72,NZ,GLU,359,OE2,736,0.024532515582813906
SER,433,OG,VAL,435,O,730,0.02433252224925836
GLY,22,N,GLN,187,OE1,724,0.02413252891570281
THR,395,OG1,HIP,384,O,723,0.024099196693443552
SER,332,OG,THR,278,OG1,719,0.02396586780440652
LYS,158,N,PHE,156,O,713,0.023765874470850972
SER,68,OG,ALA,64,O,709,0.02363254558181394
ARG,1,NE,GLY,351,O,706,0.023532548915036165
ASN,214,ND2,ASN,214,O,705,0.02349921669277691
GLN,445,NE2,THR,455,OG1,695,0.02316589447018433
THR,395,OG1,LYS,393,O,694,0.023132562247925068
ARG,105,NH2,GLU,411,OE1,679,0.022632578914036198
SER,68,OG,THR,344,OG1,676,0.022532582247258424
ARG,81,NH1,GLN,258,OE1,660,0.021999266691110297
LYS,376,N,GLU,375,OE1,658,0.02193260224659178
ARG,1,NH1,LEU,2,O,657,0.02189927002433252
ARG,98,NH2,THR,102,OG1,655,0.021832605579814007
ARG,81,NH2,PHE,79,O,653,0.02176594113529549
GLN,187,NE2,VAL,449,O,653,0.02176594113529549
ARG,1,N,ILE,353,O,648,0.0215992800239992
ASN,214,ND2,ASN,261,OD1,643,0.02143261891270291
ASN,261,ND2,HIE,257,ND1,627,0.02089930335655478
ASP,164,N,HIE,161,ND1,624,0.020799306689777006
LEU,312,N,GLU,311,OE1,616,0.020532648911702943
ARG,234,NH1,THR,227,O,613,0.02043265224492517
GLN,445,NE2,GLU,446,OE1,610,0.020332655578147396
LYS,376,NZ,ASP,378,OD1,609,0.020299323355888136
SER,183,OG,GLU,446,OE1,607,0.020232658911369623
GLY,271,N,PHE,268,O,606,0.020199326689110363
LYS,197,NZ,SER,193,O,602,0.020065997800073333
ARG,298,NH1,GLU,294,OE2,602,0.020065997800073333
LYS,376,N,GLU,375,OE2,602,0.020065997800073333
SER,68,N,ILE,342,O,601,0.020032665577814072
GLY,69,N,ILE,342,O,601,0.020032665577814072
TYR,162,OH,GLU,121,OE2,601,0.020032665577814072
LYS,208,NZ,GLN,205,OE1,601,0.020032665577814072
GLU,375,N,GLU,375,OE1,597,0.019899336688777042
GLN,123,N,GLU,120,O,591,0.019699343355221492
ARG,415,NH2,GLU,322,OE2,589,0.019632678910702975
ARG,330,NH1,HID,369,NE2,587,0.019566014466184462
ARG,1,NE,LEU,2,O,586,0.019532682243925202
LEU,196,N,SER,193,O,585,0.019499350021665945
LYS,394,NZ,GLU,322,OE1,580,0.019332688910369655
LYS,25,NZ,ASP,19,OD2,579,0.019299356688110395
GLN,165,NE2,GLU,166,OE2,579,0.019299356688110395
LYS,25,N,GLY,22,O,573,0.01909936335455485
VAL,303,N,ILE,300,O,572,0.019066031132295592
MET,109,N,ASP,106,O,570,0.018999366687777075
SER,183,OG,SER,179,O,566,0.01886603779874004
LYS,376,NZ,ASP,378,OD2,565,0.018832705576480785
ASN,250,ND2,HIE,252,O,555,0.018499383353888205
ARG,350,NH1,GLU,58,OE2,555,0.018499383353888205
GLN,345,NE2,THR,344,OG1,553,0.018432718909369688
LEU,312,N,GLU,311,OE2,552,0.01839938668711043
GLY,450,N,ILE,181,O,550,0.018332722242591915
LYS,223,NZ,GLU,226,OE1,545,0.018166061131295624
THR,274,OG1,GLY,271,O,545,0.018166061131295624
ASN,261,ND2,GLY,218,N,544,0.018132728909036364
ARG,21,NH1,GLU,446,OE1,542,0.01806606446451785
VAL,61,N,GLU,58,O,536,0.0178660711309623
ARG,117,NH1,GLY,157,O,536,0.0178660711309623
ASN,172,ND2,GLN,144,OE1,529,0.017632745575147494
ARG,204,N,HIE,203,ND1,529,0.017632745575147494
GLU,115,N,SER,113,OG,526,0.01753274890836972
PHE,141,N,ASP,138,O,525,0.017499416686110464
THR,147,OG1,THR,272,O,519,0.017299423352554914
GLU,190,N,GLN,187,O,519,0.017299423352554914
TYR,216,OH,ASP,164,OD1,518,0.017266091130295657
LYS,246,NZ,LEU,242,O,518,0.017266091130295657
LYS,393,NZ,ASP,387,OD1,518,0.017266091130295657
ARG,204,NE,GLY,201,O,516,0.01719942668577714
PHE,167,N,ASP,164,OD2,514,0.017132762241258623
ASN,209,N,VAL,206,O,512,0.01706609779674011
THR,274,OG1,PHE,269,O,512,0.01706609779674011
ARG,315,NH1,GLU,322,OE2,507,0.01689943668544382
SER,68,N,ALA,64,O,504,0.016799440018666043
ARG,415,NE,GLU,411,O,500,0.016666111129629013
GLY,22,N,ASP,19,OD2,499,0.016632778907369753
ARG,1,NH2,GLY,351,O,498,0.016599446685110496
CYS,447,N,ARG,21,NH1,497,0.01656611446285124
PHE,87,N,GLY,84,O,492,0.01639945335155495
SER,183,OG,GLU,446,OE2,492,0.01639945335155495
MET,337,N,VAL,449,O,485,0.016166127795740143
LYS,223,NZ,HIE,219,ND1,484,0.016132795573480883
LYS,223,NZ,GLU,226,OE2,479,0.015966134462184593
GLN,302,NE2,GLU,301,OE2,478,0.015932802239925336
SER,253,N,HIE,252,ND1,475,0.015832805573147563
ARG,112,NH1,GLU,116,OE1,470,0.015666144461851272
ASN,263,ND2,ASN,259,O,467,0.015566147795073497
GLU,375,N,GLU,375,OE2,460,0.015332822239258692
ARG,159,NH1,GLU,120,OE1,458,0.015266157794740175
ARG,98,NH2,ASP,106,OD1,455,0.015166161127962402
ARG,350,NH1,ASP,36,OD1,455,0.015166161127962402
ASN,263,ND2,ASN,263,O,453,0.015099496683443885
ARG,406,NH2,SER,68,O,453,0.015099496683443885
LEU,228,N,HIP,224,O,452,0.015066164461184627
GLN,119,NE2,GLU,115,O,450,0.014999500016666112
ARG,350,NH1,ASP,36,OD2,450,0.014999500016666112
GLN,163,NE2,TYR,162,OH,445,0.014832838905369822
PHE,255,N,GLU,247,OE2,445,0.014832838905369822
THR,272,N,PHE,268,O,444,0.014799506683110563
ASP,77,N,ALA,74,O,443,0.014766174460851305
ARG,159,NH1,GLU,120,OE2,440,0.014666177794073532
ARG,415,NH1,GLU,322,OE2,438,0.014599513349555015
LEU,312,N,GLN,119,OE1,437,0.014566181127295756
LEU,312,N,GLU,115,OE1,436,0.014532848905036498
GLN,211,N,LYS,208,O,434,0.014466184460517983
SER,26,OG,LEU,23,O,433,0.014432852238258725
ARG,295,NH1,HIE,291,O,431,0.014366187793740208
LYS,393,NZ,ASP,387,OD2,431,0.014366187793740208
ARG,406,NH1,ALA,88,O,427,0.014232858904703176
ARG,29,NH1,GLN,17,O,423,0.014099530015666144
LYS,246,NZ,HID,243,NE2,418,0.013932868904369854
GLU,254,N,GLU,247,OE2,418,0.013932868904369854
SER,365,OG,ASP,333,OD1,418,0.013932868904369854
ARG,112,NH1,GLU,116,OE2,415,0.013832872237592081
ARG,7,NH1,PRO,8,O,411,0.013699543348555047
GLN,165,NE2,GLU,166,OE1,410,0.01366621112629579
ARG,308,NE,ILE,304,O,409,0.013632878904036532
GLU,65,N,GLU,65,OE1,408,0.013599546681777274
TYR,162,OH,GLU,121,OE1,400,0.01333288890370321
LYS,208,N,GLN,205,O,399,0.013299556681443952
LYS,111,NZ,ASP,106,OD2,398,0.013266224459184694
PHE,107,N,THR,103,O,396,0.013199560014666177
ARG,308,NH1,ILE,304,O,394,0.013132895570147662
ARG,234,NE,ASP,238,OD2,392,0.013066231125629145
ALA,391,N,ASP,387,OD1,391,0.013032898903369887
ARG,117,NH1,SER,113,O,390,0.01299956668111063
GLU,65,N,GLU,65,OE2,388,0.012932902236592114
GLN,144,N,PHE,141,O,388,0.012932902236592114
LEU,312,N,GLU,115,OE2,388,0.012932902236592114
ALA,316,N,LEU,312,O,388,0.012932902236592114
LYS,393,NZ,LEU,386,O,383,0.012766241125295823
ARG,159,NH1,GLU,121,OE1,382,0.012732908903036565
LYS,25,NZ,ASP,378,OD2,380,0.01266624445851805
GLN,165,N,GLN,163,O,380,0.01266624445851805
LYS,208,NZ,GLU,212,OE1,380,0.01266624445851805
LYS,25,NZ,ASP,378,OD1,378,0.012599580013999533
TYR,216,OH,ASP,164,OD2,377,0.012566247791740275
ARG,406,N,LEU,403,O,376,0.012532915569481017
TYR,373,OH,GLU,54,OE2,374,0.012466251124962502
ASP,62,N,GLU,58,O,371,0.012366254458184726
TYR,456,N,PRO,454,O,371,0.012366254458184726
GLN,187,NE2,ARG,21,O,370,0.01233292223592547
ILE,213,N,LEU,210,O,370,0.01233292223592547
ARG,225,NH1,GLU,226,OE2,370,0.01233292223592547
CYS,447,N,GLU,446,OE1,369,0.012299590013666211
ARG,57,NH1,GLU,54,OE2,363,0.012099596680110663
HID,341,ND1,VAL,339,O,362,0.012066264457851405
SER,193,OG,LYS,197,O,359,0.011966267791073631
LYS,72,NZ,GLU,190,OE2,358,0.011932935568814373
ILE,237,N,ASP,235,OD1,358,0.011932935568814373
SER,256,OG,GLN,258,OE1,356,0.011866271124295856
VAL,449,N,GLN,187,NE2,356,0.011866271124295856
ARG,204,NH2,LYS,197,O,354,0.011799606679777341
PHE,422,N,PHE,419,O,353,0.011766274457518083
LEU,12,N,LEU,9,O,349,0.01163294556848105
ARG,29,NH2,GLU,32,OE2,348,0.011599613346221792
GLY,22,N,ASP,19,OD1,347,0.011566281123962534
GLN,165,NE2,PHE,160,O,347,0.011566281123962534
SER,430,OG,LEU,461,O,347,0.011566281123962534
ARG,298,NH1,GLN,302,OE1,345,0.011499616679444019
GLY,22,N,CYS,447,O,344,0.01146628445718476
GLN,345,NE2,HIE,346,O,343,0.011432952234925502
LYS,25,NZ,ASP,19,OD1,342,0.011399620012666244
ARG,57,NH1,GLU,54,OE1,342,0.011399620012666244
SER,68,N,ALA,66,O,342,0.011399620012666244
ARG,130,NH2,ASN,428,OD1,342,0.011399620012666244
GLN,457,NE2,TYR,456,O,341,0.011366287790406986
GLY,108,N,ARG,105,O,334,0.01113296223459218
ASN,172,ND2,THR,140,O,332,0.011066297790073664
ASN,259,ND2,GLU,254,OE2,331,0.011032965567814405
ARG,308,N,HIE,307,ND1,331,0.011032965567814405
LYS,111,N,MET,109,O,329,0.01096630112329589
TYR,373,N,ASP,370,OD1,327,0.010899636678777374
ARG,225,NE,GLU,226,OE1,322,0.010732975567481083
LYS,72,N,GLU,359,OE2,319,0.01063297890070331
GLU,128,N,LEU,125,O,319,0.01063297890070331
ASN,263,N,LEU,260,O,319,0.01063297890070331
ALA,64,N,ASP,62,O,317,0.010566314456184793
GLN,163,NE2,HIE,161,ND1,317,0.010566314456184793
ARG,225,NH1,GLU,226,OE1,317,0.010566314456184793
ARG,45,NH1,LEU,191,O,316,0.010532982233925535
VAL,206,N,HIE,203,O,316,0.010532982233925535
GLN,258,N,SER,256,OG,313,0.010432985567147762
LYS,405,N,LEU,60,O,313,0.010432985567147762
GLN,187,NE2,ASP,19,O,312,0.010399653344888503
LYS,197,N,GLY,194,O,312,0.010399653344888503
TYR,216,N,ILE,213,O,312,0.010399653344888503
ARG,81,NH1,TYR,207,OH,311,0.010366321122629247
LYS,158,NZ,PHE,156,O,311,0.010366321122629247
ARG,29,NH2,GLU,32,OE1,310,0.010332988900369988
GLY,108,N,ASP,106,O,308,0.010266324455851471
LYS,208,NZ,GLU,212,OE2,307,0.010232992233592213
LYS,248,NZ,GLU,245,O,307,0.010232992233592213
LYS,394,NZ,TYR,326,OH,307,0.010232992233592213
ARG,20,NH1,TYR,198,OH,306,0.010199660011332956
LEU,24,N,GLN,187,OE1,302,0.010066331122295923
ARG,29,NE,GLU,32,OE1,298,0.009933002233258891
LYS,169,NZ,GLU,212,OE1,297,0.009899670010999633
ASN,261,ND2,GLN,258,OE1,296,0.009866337788740376
LYS,111,NZ,ASP,106,OD1,295,0.009833005566481118
LYS,63,NZ,THR,347,OG1,293,0.009766341121962601
ARG,295,NH2,GLU,299,OE2,293,0.009766341121962601
GLY,69,N,PHE,67,O,292,0.009733008899703343
ASN,214,ND2,GLN,258,OE1,291,0.009699676677444086
ARG,57,NH2,GLU,396,O,289,0.00963301223292557
ARG,81,NH1,ASP,77,OD2,288,0.009599680010666311
ARG,225,NE,GLU,226,OE2,288,0.009599680010666311
ARG,29,NE,GLU,32,OE2,287,0.009566347788407053
TYR,373,OH,GLU,54,OE1,287,0.009566347788407053
ARG,298,NH2,GLN,302,OE1,286,0.009533015566147796
ARG,31,NH2,GLU,32,OE1,282,0.009399686677110762
TYR,373,N,ASP,370,OD2,280,0.009333022232592247
ILE,407,N,ARG,97,NH1,280,0.009333022232592247
GLN,302,NE2,GLU,301,OE1,278,0.00926635778807373
ARG,117,NE,SER,153,OG,277,0.009233025565814472
LYS,111,NZ,ASP,106,O,275,0.009166361121295957
LYS,405,NZ,ALA,64,O,275,0.009166361121295957
VAL,435,N,SER,433,O,275,0.009166361121295957
ARG,308,NH2,VAL,303,O,274,0.009133028899036699
LYS,111,NZ,GLY,108,O,271,0.009033032232258926
LYS,169,NZ,GLU,212,OE2,270,0.008999700009999667
LYS,246,NZ,GLU,247,OE1,268,0.00893303556548115
ARG,234,NH2,ASP,238,OD1,267,0.008899703343221892
CYS,447,N,GLU,446,OE2,266,0.008866371120962635
LYS,451,NZ,TYR,281,OH,265,0.008833038898703377
GLY,201,N,HIE,203,ND1,263,0.00876637445418486
LYS,246,NZ,GLU,247,OE2,263,0.00876637445418486
GLN,176,NE2,ASN,172,O,262,0.008733042231925602
LEU,236,N,VAL,155,O,262,0.008733042231925602
GLN,445,NE2,SER,179,OG,261,0.008699710009666345
GLY,52,N,ASP,36,O,260,0.008666377787407087
TYR,162,N,HIE,161,ND1,260,0.008666377787407087
GLU,245,N,LEU,242,O,260,0.008666377787407087
GLY,404,N,SER,402,OG,258,0.00859971334288857
LYS,169,NZ,GLN,165,OE1,256,0.008533048898370055
MET,337,N,GLY,448,O,256,0.008533048898370055
ARG,1,NH1,GLY,351,O,252,0.008399720009333022
ARG,31,NH2,GLU,32,OE2,251,0.008366387787073765
TYR,352,OH,ARG,1,O,251,0.008366387787073765
ASN,172,ND2,LEU,168,O,250,0.008333055564814507
ALA,55,N,GLY,52,O,248,0.00826639112029599
ILE,407,N,GLY,404,O,247,0.008233058898036731
ALA,391,N,ASP,387,OD2,244,0.008133062231258958
ARG,98,NH2,HID,243,NE2,241,0.008033065564481185
PHE,189,N,GLY,186,O,241,0.008033065564481185
ARG,225,N,GLU,222,O,241,0.008033065564481185
SER,276,OG,PHE,143,O,239,0.007966401119962668
LEU,142,N,PRO,139,O,237,0.007899736675444151
HIE,203,NE2,LYS,197,O,237,0.007899736675444151
VAL,339,N,HID,341,NE2,237,0.007899736675444151
GLN,119,NE2,GLU,115,OE1,236,0.007866404453184895
TYR,175,N,ASN,172,O,235,0.007833072230925636
ARG,117,NH1,ARG,112,O,234,0.007799740008666378
LYS,111,NZ,GLY,157,O,232,0.007733075564147862
ASN,259,ND2,TYR,240,OH,232,0.007733075564147862
ARG,81,NE,ASP,77,O,231,0.007699743341888604
GLN,345,NE2,THR,347,OG1,230,0.007666411119629346
GLU,226,N,LYS,223,O,229,0.007633078897370088
THR,102,OG1,ASP,106,O,227,0.007566414452851572
GLN,123,NE2,GLN,123,O,225,0.007499750008333056
GLN,211,NE2,GLU,212,OE1,224,0.0074664177860737976
ARG,7,NH1,ARG,7,O,223,0.007433085563814539
THR,39,OG1,VAL,47,O,223,0.007433085563814539
SER,68,OG,GLU,65,OE2,223,0.007433085563814539
LEU,60,N,ARG,57,O,222,0.007399753341555282
THR,177,N,PHE,174,O,222,0.007399753341555282
HID,341,ND1,HM1,464,O2A,221,0.007366421119296023
GLN,165,NE2,GLN,163,O,220,0.007333088897036766
TRP,93,N,GLY,90,O,219,0.0072997566747775074
LEU,287,N,LEU,284,O,218,0.007266424452518249
PHE,192,N,PHE,189,O,214,0.007133095563481217
LYS,208,NZ,ASN,209,OD1,214,0.007133095563481217
GLN,258,NE2,TYR,83,OH,214,0.007133095563481217
GLY,201,N,PHE,199,O,213,0.007099763341221959
GLN,258,NE2,GLN,258,O,213,0.007099763341221959
SER,182,N,SER,179,O,211,0.007033098896703443
ARG,81,NH2,ASP,77,OD2,210,0.0069997666744441855
GLU,127,N,CYS,124,O,210,0.0069997666744441855
ARG,117,NH1,SER,153,O,209,0.006966434452184927
GLU,273,N,ALA,270,O,208,0.006933102229925669
ARG,415,NH1,GLN,329,OE1,207,0.006899770007666411
GLN,211,NE2,GLU,212,OE2,206,0.006866437785407153
PHE,107,N,MET,104,O,205,0.006833105563147895
ARG,98,NH2,ASP,106,OD2,204,0.006799773340888637
THR,358,N,VAL,343,O,204,0.006799773340888637
PHE,199,N,LYS,197,O,203,0.006766441118629379
ILE,425,N,PHE,422,O,203,0.006766441118629379
LYS,94,NZ,ASN,91,OD1,202,0.006733108896370121
SER,26,OG,ASP,19,OD2,201,0.006699776674110863
THR,39,OG1,PHE,38,O,201,0.006699776674110863
ARG,45,NH1,GLU,190,O,200,0.006666444451851605
THR,347,OG1,HIE,346,O,200,0.006666444451851605
ASN,89,ND2,SER,68,OG,198,0.0065997800073330885
ARG,315,NH2,ARG,415,O,198,0.0065997800073330885
LYS,317,NZ,HIE,313,ND1,195,0.006499783340555315
SER,193,OG,GLU,190,OE2,193,0.006433118896036798
HIE,203,N,GLY,201,O,193,0.006433118896036798
SER,249,OG,ASN,250,OD1,193,0.006433118896036798
ARG,70,N,ASN,89,ND2,191,0.0063664544515182825
LYS,72,NZ,ARG,45,NH2,191,0.0063664544515182825
GLY,35,N,PHE,30,O,190,0.006333122229259025
TYR,216,OH,GLU,166,OE1,190,0.006333122229259025
SER,179,OG,GLN,176,O,186,0.006199793340221992
SER,26,N,LEU,23,O,185,0.006166461117962735
ARG,21,NH2,GLN,445,O,184,0.0061331288957034765
ARG,20,NH2,TYR,198,OH,183,0.006099796673444218
GLN,205,NE2,GLN,205,O,182,0.006066464451184961
GLN,165,N,HIE,161,O,181,0.006033132228925702
ALA,379,N,PRO,377,O,181,0.006033132228925702
ARG,406,NE,SER,68,O,180,0.005999800006666445
ARG,81,NH2,ASP,77,OD1,179,0.005966467784407186
LYS,169,NZ,GLN,165,O,179,0.005966467784407186
LYS,25,NZ,ARG,21,O,177,0.0058998033398886705
ARG,105,NE,GLU,411,OE1,177,0.0058998033398886705
LYS,133,NZ,ARG,130,O,176,0.005866471117629412
ARG,159,NH2,GLU,120,OE2,175,0.005833138895370155
ARG,159,NH2,GLU,120,OE1,174,0.005799806673110896
HIE,313,NE2,GLU,311,OE1,174,0.005799806673110896
ARG,406,NE,SER,68,OG,174,0.005799806673110896
GLN,457,NE2,MET,137,O,174,0.005799806673110896
ILE,73,N,ASP,77,OD1,172,0.00573314222859238
ILE,126,N,GLN,123,O,172,0.00573314222859238
SER,332,OG,GLN,329,O,172,0.00573314222859238
ARG,31,NH1,ASP,36,OD1,171,0.005699810006333122
GLY,305,N,ARG,308,NE,171,0.005699810006333122
SER,182,OG,GLY,450,O,168,0.005599813339555348
GLN,258,NE2,SER,256,OG,168,0.005599813339555348
GLN,445,NE2,GLU,446,OE2,168,0.005599813339555348
ARG,20,NH1,LEU,16,O,167,0.00556648111729609
THR,264,N,ASN,261,O,167,0.00556648111729609
HIE,291,N,HIE,291,ND1,167,0.00556648111729609
ARG,7,NH2,GLY,5,O,166,0.005533148895036832
GLU,32,N,ARG,29,O,166,0.005533148895036832
ARG,31,NE,GLU,32,OE1,165,0.005499816672777574
LYS,72,NZ,GLU,190,O,163,0.005433152228259058
LYS,197,NZ,PHE,195,O,163,0.005433152228259058
LYS,393,NZ,LYS,394,O,163,0.005433152228259058
LYS,72,N,GLU,359,OE1,162,0.0053998200059998
THR,177,OG1,ASN,209,OD1,162,0.0053998200059998
THR,366,OG1,CYS,51,O,162,0.0053998200059998
ARG,57,NE,GLU,396,OE1,161,0.005366487783740542
LEU,403,N,SER,402,OG,161,0.005366487783740542
GLN,119,NE2,GLU,115,OE2,159,0.005299823339222026
GLU,166,N,ASP,164,O,159,0.005299823339222026
ARG,31,NE,GLU,32,OE2,158,0.0052664911169627675
LYS,33,NZ,TYR,34,OH,158,0.0052664911169627675
LYS,356,NZ,GLN,345,OE1,157,0.00523315889470351
ARG,57,NE,GLU,396,OE2,156,0.005199826672444252
LYS,33,NZ,GLU,32,OE2,155,0.005166494450184994
SER,68,OG,GLU,65,OE1,155,0.005166494450184994
ILE,399,N,ALA,397,O,154,0.005133162227925736
ASN,214,ND2,ASN,261,ND2,152,0.00506649778340722
TYR,216,OH,GLU,166,OE2,151,0.0050331655611479615
LYS,393,NZ,THR,395,OG1,151,0.0050331655611479615
GLN,176,NE2,ASN,209,OD1,149,0.004966501116629446
PHE,80,N,ASP,77,O,148,0.004933168894370188
LYS,133,NZ,LYS,131,O,148,0.004933168894370188
ARG,81,NH2,TYR,207,OH,147,0.00489983667211093
ARG,98,NE,ARG,98,O,147,0.00489983667211093
GLN,445,N,PRO,453,O,146,0.004866504449851671
GLY,69,N,THR,344,OG1,144,0.0047998400053331555
GLN,345,NE2,THR,344,O,144,0.0047998400053331555
ARG,31,NH1,ASP,36,OD2,143,0.004766507783073898
LYS,33,NZ,GLU,32,OE1,143,0.004766507783073898
HIE,307,N,HIE,307,ND1,143,0.004766507783073898
PHE,167,N,ASP,164,OD1,140,0.004666511116296124
ARG,350,NH1,GLU,54,OE1,139,0.004633178894036865
ARG,21,NH1,ASP,19,OD2,138,0.004599846671777608
GLU,166,N,GLU,166,OE2,138,0.004599846671777608
THR,264,OG1,ASN,261,O,138,0.004599846671777608
ASN,381,ND2,ALA,379,O,138,0.004599846671777608
ILE,407,N,HM1,464,O1D,138,0.004599846671777608
LYS,111,N,PHE,107,O,137,0.0045665144495183494
VAL,184,N,GLU,446,OE1,137,0.0045665144495183494
HIE,203,N,PRO,200,O,136,0.004533182227259091
LYS,246,NZ,GLU,245,OE2,135,0.0044998500049998336
GLN,258,NE2,ASN,214,OD1,135,0.0044998500049998336
PHE,419,N,GLU,417,O,135,0.0044998500049998336
TYR,34,N,ARG,31,O,134,0.004466517782740575
ARG,81,NH2,PRO,78,O,134,0.004466517782740575
MET,109,N,ARG,105,O,134,0.004466517782740575
HIE,313,NE2,GLU,311,OE2,134,0.004466517782740575
GLN,123,NE2,GLU,127,OE1,133,0.004433185560481318
GLN,123,NE2,GLU,127,OE2,133,0.004433185560481318
LYS,33,NZ,ARG,29,O,132,0.004399853338222059
LYS,111,NZ,SER,153,O,131,0.004366521115962801
HIE,203,NE2,PHE,199,O,131,0.004366521115962801
ASN,259,N,GLN,258,OE1,131,0.004366521115962801
SER,256,OG,GLU,254,O,130,0.004333188893703543
LEU,23,N,GLN,187,O,129,0.004299856671444285
ARG,29,NH2,SER,26,OG,129,0.004299856671444285
SER,182,OG,SER,179,O,128,0.0042665244491850276
GLY,412,N,GLU,411,OE1,128,0.0042665244491850276
GLY,157,N,CYS,152,O,127,0.004233192226925769
PHE,269,N,SER,266,O,127,0.004233192226925769
ARG,295,NH2,GLU,299,OE1,127,0.004233192226925769
SER,26,OG,ASP,19,OD1,126,0.004199860004666511
ARG,117,NH2,PHE,107,O,124,0.004133195560147995
ARG,117,NH2,SER,153,O,123,0.004099863337888737
ASN,172,ND2,GLN,176,NE2,123,0.004099863337888737
GLN,457,NE2,ASP,138,OD1,123,0.004099863337888737
GLY,110,N,PHE,107,O,122,0.004066531115629479
SER,193,OG,GLU,190,OE1,122,0.004066531115629479
GLN,258,N,HIE,257,ND1,122,0.004066531115629479
GLN,187,N,VAL,184,O,120,0.003999866671110963
SER,253,OG,GLU,247,O,120,0.003999866671110963
ARG,350,NH1,GLU,54,OE2,120,0.003999866671110963
ARG,21,NH1,ASP,19,OD1,119,0.003966534448851705
ARG,98,NH1,ARG,98,O,118,0.003933202226592447
GLN,163,NE2,ASP,164,OD2,117,0.003899870004333189
HIE,219,N,TYR,216,O,117,0.003899870004333189
ALA,232,N,ASP,229,OD1,117,0.003899870004333189
ARG,295,NH1,TYR,320,OH,117,0.003899870004333189
GLN,345,NE2,GLU,65,OE1,117,0.003899870004333189
GLN,165,N,GLN,165,OE1,115,0.003833205559814673
VAL,184,N,GLU,446,OE2,114,0.0037998733375554147
ARG,406,NH2,ASN,89,OD1,114,0.0037998733375554147
GLN,163,NE2,TYR,162,O,113,0.0037665411152961567
LEU,284,N,TYR,281,O,113,0.0037665411152961567
ARG,330,NE,GLU,327,OE1,113,0.0037665411152961567
GLN,457,NE2,ASP,138,OD2,113,0.0037665411152961567
LYS,288,NZ,GLU,438,O,112,0.0037332088930368988
ARG,117,NH2,SER,153,OG,111,0.003699876670777641
GLY,305,N,ARG,308,NH2,111,0.003699876670777641
PHE,27,N,LEU,24,O,110,0.003666544448518383
ARG,105,NE,GLU,411,OE2,110,0.003666544448518383
GLN,123,NE2,GLU,120,OE2,110,0.003666544448518383
LEU,188,N,PHE,185,O,110,0.003666544448518383
GLN,345,NE2,GLU,65,OE2,110,0.003666544448518383
THR,102,OG1,ASP,106,OD2,108,0.0035998800039998666
GLN,123,NE2,GLU,120,OE1,108,0.0035998800039998666
GLN,211,NE2,TYR,207,O,108,0.0035998800039998666
ARG,234,NH1,ASP,229,OD1,107,0.0035665477817406087
GLN,211,NE2,GLN,211,O,106,0.0035332155594813507
SER,266,N,ASN,263,O,106,0.0035332155594813507
ARG,234,NH1,ASP,229,OD2,105,0.0034998833372220928
HIE,252,N,ASN,250,ND2,105,0.0034998833372220928
ALA,135,N,SER,132,OG,104,0.0034665511149628344
LYS,288,NZ,GLU,438,OE2,104,0.0034665511149628344
ARG,225,NH1,HIE,257,ND1,103,0.0034332188927035765
HIP,384,NE2,LYS,376,O,103,0.0034332188927035765
LEU,15,N,GLY,13,O,102,0.0033998866704443185
ARG,7,NH1,GLY,5,O,101,0.0033665544481850606
GLN,123,NE2,GLU,120,O,100,0.0033332222259258026
GLN,165,NE2,GLN,165,O,100,0.0033332222259258026
GLN,205,N,GLN,205,OE1,100,0.0033332222259258026
ARG,415,N,GLY,412,O,100,0.0033332222259258026
HIE,257,NE2,GLY,218,O,99,0.0032998900036665443
LYS,133,N,LYS,131,O,98,0.0032665577814072863
GLU,166,N,GLU,166,OE1,98,0.0032665577814072863
GLN,176,NE2,GLN,205,OE1,98,0.0032665577814072863
LEU,228,N,GLU,226,O,98,0.0032665577814072863
ARG,295,NE,HIE,291,O,98,0.0032665577814072863
GLN,302,NE2,GLN,302,O,97,0.0032332255591480284
ASN,214,ND2,GLN,211,O,96,0.0031998933368887704
ALA,232,N,ASP,229,OD2,96,0.0031998933368887704
GLU,273,N,PHE,269,O,96,0.0031998933368887704
ARG,315,NH1,GLU,322,OE1,96,0.0031998933368887704
ARG,105,NH1,LEU,409,O,95,0.0031665611146295125
CYS,124,N,GLU,121,O,95,0.0031665611146295125
ASP,333,N,ARG,330,O,95,0.0031665611146295125
GLU,359,N,GLU,359,OE2,95,0.0031665611146295125
ARG,463,NH1,PHE,429,O,95,0.0031665611146295125
HIE,252,NE2,ASN,91,OD1,94,0.003133228892370254
ARG,406,NH1,HM1,464,O1A,94,0.003133228892370254
ASN,14,ND2,GLY,13,O,93,0.003099896670110996
ARG,105,NH1,SER,113,OG,93,0.003099896670110996
GLN,165,NE2,ASP,164,O,93,0.003099896670110996
THR,347,OG1,SER,348,O,93,0.003099896670110996
THR,395,OG1,GLU,396,OE1,93,0.003099896670110996
ARG,21,NH1,CYS,447,O,92,0.0030665644478517383
ARG,45,NH1,SER,193,OG,92,0.0030665644478517383
ASN,209,ND2,GLN,205,NE2,91,0.0030332322255924803
GLU,58,N,ALA,55,O,90,0.0029999000033332224
GLN,205,NE2,ASN,209,ND2,90,0.0029999000033332224
ASN,261,ND2,ASN,261,O,90,0.0029999000033332224
THR,395,OG1,GLU,396,OE2,90,0.0029999000033332224
PHE,107,N,THR,102,O,89,0.002966567781073964
ARG,98,NH1,THR,102,OG1,88,0.002933235558814706
ARG,298,NH1,ARG,298,O,88,0.002933235558814706
ARG,308,NH2,GLU,311,OE2,88,0.002933235558814706
GLY,351,N,SER,348,O,88,0.002933235558814706
ARG,29,N,SER,26,O,87,0.002899903336555448
VAL,339,N,HM1,464,O2A,87,0.002899903336555448
GLY,412,N,GLU,411,OE2,87,0.002899903336555448
ARG,234,NH2,ASP,229,OD2,86,0.00286657111429619
TYR,240,N,ILE,237,O,86,0.00286657111429619
ASN,389,N,ASP,387,O,86,0.00286657111429619
ARG,29,NE,ASP,19,OD1,85,0.0028332388920369322
LEU,125,N,ALA,122,O,85,0.0028332388920369322
THR,272,OG1,THR,147,O,85,0.0028332388920369322
TYR,281,OH,PHE,331,O,85,0.0028332388920369322
ARG,45,NH2,LEU,42,O,84,0.002799906669777674
VAL,101,N,ARG,98,O,84,0.002799906669777674
ARG,112,NE,GLU,120,OE1,84,0.002799906669777674
SER,153,N,ILE,150,O,84,0.002799906669777674
ALA,215,N,GLU,212,O,84,0.002799906669777674
THR,344,OG1,ILE,342,O,84,0.002799906669777674
ALA,367,N,ILE,363,O,84,0.002799906669777674
ARG,81,NE,GLN,258,OE1,83,0.002766574447518416
ARG,117,NH2,GLU,120,OE2,83,0.002766574447518416
GLN,165,N,ASP,164,OD2,83,0.002766574447518416
LEU,362,N,MET,337,O,83,0.002766574447518416
ARG,21,NH2,PRO,444,O,82,0.002733242225259158
GLN,144,NE2,THR,272,OG1,82,0.002733242225259158
ARG,92,NH1,GLU,254,OE1,81,0.0026999100029999
ARG,204,NH1,LYS,197,O,81,0.0026999100029999
HIE,307,NE2,ARG,463,OXT,81,0.0026999100029999
GLU,359,N,GLU,359,OE1,81,0.0026999100029999
LYS,405,NZ,SER,68,O,81,0.0026999100029999
ARG,98,NH1,ASP,106,OD1,80,0.002666577780740642
ARG,308,NE,PRO,309,O,80,0.002666577780740642
LYS,356,N,HIE,346,NE2,80,0.002666577780740642
PHE,30,N,PHE,27,O,79,0.0026332455584813837
GLN,163,NE2,ASP,164,OD1,79,0.0026332455584813837
GLN,211,NE2,LYS,208,O,79,0.0026332455584813837
ARG,105,NH1,ARG,105,O,78,0.002599913336222126
GLN,165,N,ASP,164,OD1,78,0.002599913336222126
ARG,204,NE,PHE,199,O,78,0.002599913336222126
SER,231,OG,ASP,229,O,78,0.002599913336222126
GLU,411,N,LEU,409,O,78,0.002599913336222126
ILE,118,N,GLU,115,O,77,0.002566581113962868
ARG,70,NH2,PRO,340,O,76,0.00253324889170361
MET,109,N,PRO,233,O,76,0.00253324889170361
ARG,117,NH2,GLU,120,OE1,76,0.00253324889170361
MET,318,N,ASP,314,O,76,0.00253324889170361
THR,455,N,GLN,445,NE2,76,0.00253324889170361
ARG,21,NH2,CYS,447,O,75,0.002499916669444352
GLY,194,N,PHE,192,O,75,0.002499916669444352
LYS,394,NZ,GLU,396,OE2,75,0.002499916669444352
VAL,449,N,ILE,181,O,75,0.002499916669444352
ASN,259,N,SER,256,O,74,0.002466584447185094
LYS,394,N,LEU,392,O,74,0.002466584447185094
GLN,445,NE2,GLN,445,O,74,0.002466584447185094
GLN,163,NE2,GLU,128,OE1,73,0.0024332522249258357
ARG,350,NH2,GLU,54,OE2,72,0.0023999200026665777
ARG,98,NH1,ASP,106,OD2,71,0.00236658778040732
GLN,17,N,GLN,17,OE1,70,0.002333255558148062
GLN,165,NE2,SER,145,OG,70,0.002333255558148062
ARG,21,NE,CYS,447,O,69,0.002299923335888804
SER,68,OG,ASN,89,OD1,69,0.002299923335888804
ARG,112,NH2,GLU,116,O,69,0.002299923335888804
SER,182,OG,SER,182,O,69,0.002299923335888804
GLN,205,NE2,GLY,201,O,69,0.002299923335888804
ARG,225,NH2,HIE,257,ND1,69,0.002299923335888804
ARG,234,NH2,ASP,229,OD1,69,0.002299923335888804
LYS,288,NZ,GLU,438,OE1,69,0.002299923335888804
ARG,308,NH2,PRO,309,O,69,0.002299923335888804
GLY,390,N,ASP,387,OD1,69,0.002299923335888804
LEU,362,N,HID,341,NE2,68,0.0022665911136295455
ARG,81,NH2,GLN,258,NE2,67,0.0022332588913702876
SER,182,OG,VAL,449,O,67,0.0022332588913702876
LYS,131,NZ,SER,132,OG,66,0.0021999266691110297
ASN,259,ND2,SER,256,OG,66,0.0021999266691110297
ARG,31,NH1,ARG,31,O,65,0.0021665944468517717
ARG,81,NH1,ASP,77,O,65,0.0021665944468517717
ARG,130,NH1,ASN,428,OD1,65,0.0021665944468517717
LYS,208,NZ,GLN,211,OE1,65,0.0021665944468517717
THR,227,OG1,HIP,224,O,65,0.0021665944468517717
ARG,350,NH2,GLU,54,OE1,65,0.0021665944468517717
ARG,415,NH1,GLU,411,O,65,0.0021665944468517717
ARG,21,NE,ARG,21,O,63,0.0020999300023332554
GLN,163,N,GLN,163,OE1,63,0.0020999300023332554
LEU,23,N,GLN,187,OE1,62,0.0020665977800739975
THR,358,OG1,LYS,356,O,62,0.0020665977800739975
PHE,374,N,PRO,371,O,62,0.0020665977800739975
THR,395,OG1,LYS,394,O,62,0.0020665977800739975
GLY,450,N,GLN,187,NE2,62,0.0020665977800739975
GLU,120,N,ARG,117,O,61,0.0020332655578147395
THR,395,N,LYS,393,O,61,0.0020332655578147395
GLN,176,NE2,GLN,176,O,60,0.0019999333355554816
LYS,197,NZ,TYR,198,OH,60,0.0019999333355554816
ARG,29,NH1,GLU,32,OE2,58,0.0019332688910369655
GLY,108,N,THR,102,O,58,0.0019332688910369655
ARG,112,NE,GLU,120,OE2,58,0.0019332688910369655
ASN,261,ND2,ASN,214,ND2,58,0.0019332688910369655
ASN,14,ND2,ARG,7,O,57,0.0018999366687777073
ARG,81,NH1,GLN,258,NE2,57,0.0018999366687777073
VAL,114,N,ARG,105,NH1,57,0.0018999366687777073
GLN,144,NE2,ASN,172,N,57,0.0018999366687777073
PHE,255,N,GLU,247,OE1,57,0.0018999366687777073
ARG,117,NE,GLU,120,OE1,56,0.0018666044465184494
ASN,172,ND2,GLN,176,OE1,56,0.0018666044465184494
GLN,205,NE2,GLN,176,O,56,0.0018666044465184494
ASN,209,ND2,LEU,173,O,56,0.0018666044465184494
LYS,63,NZ,SER,348,OG,55,0.0018332722242591915
ARG,295,N,VAL,292,O,55,0.0018332722242591915
ILE,181,N,PHE,178,O,54,0.0017999400019999333
ARG,204,NH2,TYR,198,O,54,0.0017999400019999333
HID,369,ND1,SER,365,OG,54,0.0017999400019999333
ARG,1,NH2,LEU,2,O,53,0.0017666077797406754
HIE,41,NE2,PRO,10,O,53,0.0017666077797406754
ASN,214,ND2,GLN,211,NE2,53,0.0017666077797406754
ARG,225,NH1,GLU,245,OE2,53,0.0017666077797406754
LYS,394,NZ,GLU,396,OE1,53,0.0017666077797406754
ARG,21,NE,GLU,446,OE2,52,0.0017332755574814172
LYS,288,N,LEU,285,O,52,0.0017332755574814172
ASN,14,ND2,GLN,17,NE2,51,0.0016999433352221593
SER,231,OG,ALA,232,O,51,0.0016999433352221593
ARG,234,NH1,ALA,232,O,51,0.0016999433352221593
GLY,410,N,CM1,408,O,51,0.0016999433352221593
ARG,29,NH1,GLU,32,OE1,50,0.0016666111129629013
ARG,315,NE,ARG,415,O,50,0.0016666111129629013
ARG,463,NH1,SER,430,OG,50,0.0016666111129629013
ARG,20,NH2,MET,18,O,49,0.0016332788907036432
ARG,98,NH1,HID,243,NE2,49,0.0016332788907036432
LYS,131,NZ,TYR,162,OH,48,0.0015999466684443852
GLY,390,N,ASP,387,OD2,48,0.0015999466684443852
ARG,21,NH1,GLN,445,O,47,0.001566614446185127
GLY,43,N,LEU,12,O,47,0.001566614446185127
ASN,91,ND2,HIE,252,O,47,0.001566614446185127
LYS,111,NZ,THR,103,O,47,0.001566614446185127
ARG,21,NH1,ARG,20,O,46,0.0015332822239258691
ARG,159,NH1,HIE,161,O,46,0.0015332822239258691
GLN,176,NE2,GLN,205,NE2,46,0.0015332822239258691
THR,227,OG1,GLU,226,OE2,46,0.0015332822239258691
ARG,295,NE,TYR,320,OH,46,0.0015332822239258691
ARG,204,NE,GLN,205,OE1,45,0.0014999500016666112
LYS,223,NZ,HIE,219,O,45,0.0014999500016666112
THR,39,N,PRO,3,O,44,0.001466617779407353
GLN,163,NE2,GLU,128,OE2,44,0.001466617779407353
SER,179,OG,GLN,445,OE1,44,0.001466617779407353
PHE,195,N,SER,193,O,44,0.001466617779407353
GLY,271,N,THR,274,OG1,44,0.001466617779407353
ALA,59,N,ILE,56,O,43,0.001433285557148095
SER,145,N,LEU,142,O,43,0.001433285557148095
HIE,257,NE2,GLU,222,OE1,43,0.001433285557148095
GLU,359,N,PRO,46,O,43,0.001433285557148095
ARG,81,NH1,PHE,79,O,42,0.001399953334888837
ARG,117,NE,SER,153,O,42,0.001399953334888837
HIE,161,NE2,GLN,163,OE1,42,0.001399953334888837
ASN,172,ND2,ASN,172,O,42,0.001399953334888837
TYR,207,OH,GLN,211,OE1,42,0.001399953334888837
LEU,262,N,ASN,259,O,42,0.001399953334888837
TYR,289,N,MET,286,O,42,0.001399953334888837
HIE,307,N,GLY,305,O,42,0.001399953334888837
LYS,393,NZ,HIP,384,O,42,0.001399953334888837
ARG,112,NH1,GLU,116,O,41,0.001366621112629579
SER,220,N,ILE,217,O,41,0.001366621112629579
ARG,130,N,GLU,127,O,40,0.001333288890370321
TYR,198,OH,GLY,194,O,40,0.001333288890370321
ARG,204,NE,HIE,203,ND1,40,0.001333288890370321
GLU,254,N,GLU,247,OE1,40,0.001333288890370321
VAL,292,N,HIE,291,ND1,40,0.001333288890370321
HID,369,ND1,ASP,333,OD2,40,0.001333288890370321
ARG,57,NH1,GLU,396,O,39,0.001299956668111063
LYS,246,NZ,GLU,245,OE1,39,0.001299956668111063
GLN,258,N,GLN,258,NE2,39,0.001299956668111063
ASN,381,ND2,GLU,375,OE2,39,0.001299956668111063
GLN,119,NE2,GLN,123,OE1,38,0.001266624445851805
THR,147,N,GLN,144,O,38,0.001266624445851805
SER,266,OG,ASN,263,O,38,0.001266624445851805
ARG,280,NH2,PRO,454,O,38,0.001266624445851805
ARG,415,NH1,TYR,326,OH,38,0.001266624445851805
GLN,17,NE2,ARG,7,N,37,0.001233292223592547
SER,253,N,ASN,250,OD1,37,0.001233292223592547
LYS,394,NZ,GLU,322,OE2,37,0.001233292223592547
GLN,427,N,THR,424,O,37,0.001233292223592547
GLY,108,N,MET,104,O,36,0.0011999600013332889
ASN,209,ND2,GLN,205,OE1,36,0.0011999600013332889
GLN,427,NE2,PRO,306,O,36,0.0011999600013332889
ARG,29,NE,GLN,17,OE1,35,0.001166627779074031
GLN,119,NE2,GLU,116,OE2,35,0.001166627779074031
GLN,163,NE2,GLN,163,O,35,0.001166627779074031
ARG,204,NH1,PHE,199,O,35,0.001166627779074031
ARG,105,NE,ARG,105,O,34,0.0011332955568147728
ALA,251,N,ASN,250,OD1,34,0.0011332955568147728
SER,253,OG,PHE,255,O,34,0.0011332955568147728
GLY,448,N,SER,182,O,34,0.0011332955568147728
ARG,29,NH2,GLN,17,OE1,33,0.0010999633345555148
LYS,63,NZ,GLU,58,O,33,0.0010999633345555148
PHE,195,N,LEU,11,O,33,0.0010999633345555148
HIE,307,NE2,ARG,463,O,33,0.0010999633345555148
ILE,407,N,ARG,97,NH2,32,0.0010666311122962569
THR,455,OG1,THR,455,O,32,0.0010666311122962569
ASN,91,ND2,ASN,91,O,31,0.0010332988900369987
GLN,119,NE2,GLU,116,OE1,31,0.0010332988900369987
TYR,207,N,ARG,204,O,31,0.0010332988900369987
SER,253,OG,ASN,250,O,31,0.0010332988900369987
TYR,352,N,ARG,350,O,31,0.0010332988900369987
ASN,381,ND2,LYS,376,O,31,0.0010332988900369987
ASP,383,N,ASN,381,ND2,31,0.0010332988900369987
LYS,63,N,ALA,59,O,30,0.0009999666677777408
ARG,117,NH1,GLU,120,OE1,30,0.0009999666677777408
ARG,117,NH1,GLU,120,OE2,30,0.0009999666677777408
ARG,159,NH1,HIE,161,ND1,30,0.0009999666677777408
THR,227,OG1,GLU,226,O,30,0.0009999666677777408
TYR,240,OH,SER,256,N,30,0.0009999666677777408
LEU,242,N,THR,239,O,30,0.0009999666677777408
ARG,315,NH2,TYR,326,OH,30,0.0009999666677777408
ARG,1,NH2,PRO,3,O,29,0.0009666344455184827
GLY,69,N,ALA,66,O,29,0.0009666344455184827
ARG,204,NH2,PRO,200,O,29,0.0009666344455184827
VAL,296,N,ALA,293,O,29,0.0009666344455184827
ARG,105,NH1,ASP,106,OD2,28,0.0009333022232592247
ARG,112,NH1,GLY,110,O,28,0.0009333022232592247
GLN,119,NE2,GLN,119,O,28,0.0009333022232592247
ARG,159,NE,ASN,149,ND2,28,0.0009333022232592247
HIP,224,N,VAL,221,O,28,0.0009333022232592247
HIE,252,NE2,ASN,91,ND2,28,0.0009333022232592247
ARG,308,NH2,GLU,311,OE1,28,0.0009333022232592247
SER,332,N,GLN,329,O,28,0.0009333022232592247
GLY,69,N,ASN,89,OD1,27,0.0008999700009999666
GLU,116,N,GLU,115,OE1,27,0.0008999700009999666
ARG,130,NH2,GLN,123,OE1,27,0.0008999700009999666
ARG,130,NH2,ARG,463,O,27,0.0008999700009999666
PHE,160,N,ASN,149,ND2,27,0.0008999700009999666
GLN,165,NE2,TYR,162,OH,27,0.0008999700009999666
PHE,401,N,ILE,399,O,27,0.0008999700009999666
LEU,210,N,TYR,207,O,26,0.0008666377787407086
GLN,211,NE2,ASN,214,OD1,26,0.0008666377787407086
HIE,257,NE2,GLU,222,OE2,26,0.0008666377787407086
GLN,258,NE2,HIE,257,ND1,26,0.0008666377787407086
ARG,308,NE,GLU,311,OE2,26,0.0008666377787407086
LYS,317,NZ,HIE,313,NE2,26,0.0008666377787407086
HID,341,ND1,PRO,340,O,26,0.0008666377787407086
GLN,457,NE2,ASP,138,N,26,0.0008666377787407086
ARG,7,N,GLN,17,OE1,25,0.0008333055564814507
ASP,229,N,THR,227,O,25,0.0008333055564814507
LYS,246,NZ,SER,249,OG,25,0.0008333055564814507
THR,274,N,PHE,269,O,25,0.0008333055564814507
ARG,308,NH1,GLU,311,OE2,25,0.0008333055564814507
PHE,349,N,THR,347,O,25,0.0008333055564814507
GLU,116,N,GLU,115,OE2,24,0.0007999733342221926
SER,145,OG,GLN,165,OE1,24,0.0007999733342221926
TYR,175,N,GLN,144,NE2,24,0.0007999733342221926
SER,179,OG,GLU,446,OE1,24,0.0007999733342221926
TYR,240,OH,ASN,259,O,24,0.0007999733342221926
GLY,69,N,HM1,464,O2A,23,0.0007666411119629346
ARG,105,NE,VAL,101,O,23,0.0007666411119629346
ARG,117,NE,GLU,120,OE2,23,0.0007666411119629346
LYS,158,NZ,TYR,216,OH,23,0.0007666411119629346
LYS,169,NZ,ASN,172,OD1,23,0.0007666411119629346
LYS,208,NZ,LYS,208,O,23,0.0007666411119629346
GLY,84,N,GLY,82,O,22,0.0007333088897036765
ASN,89,ND2,ASN,89,O,22,0.0007333088897036765
ARG,97,NH1,HM1,464,O2D,22,0.0007333088897036765
ARG,225,NH1,GLU,245,OE1,22,0.0007333088897036765
SER,231,N,ASP,229,O,22,0.0007333088897036765
LYS,288,NZ,TYR,289,OH,22,0.0007333088897036765
LYS,405,NZ,LEU,60,O,22,0.0007333088897036765
GLN,427,NE2,GLU,301,OE2,22,0.0007333088897036765
GLN,457,NE2,THR,455,O,22,0.0007333088897036765
SER,68,OG,ALA,66,O,21,0.0006999766674444185
GLY,90,N,SER,68,OG,21,0.0006999766674444185
GLY,90,N,ASN,89,ND2,21,0.0006999766674444185
ARG,98,NH1,LYS,94,O,21,0.0006999766674444185
GLN,165,NE2,GLN,163,OE1,21,0.0006999766674444185
ASP,235,N,ASP,238,OD2,21,0.0006999766674444185
LEU,409,N,HM1,464,O1D,21,0.0006999766674444185
PHE,429,N,LEU,426,O,21,0.0006999766674444185
LYS,72,NZ,SER,193,O,20,0.0006666444451851605
ARG,105,N,THR,103,O,20,0.0006666444451851605
SER,182,OG,GLU,446,O,20,0.0006666444451851605
HIE,203,NE2,LEU,196,O,20,0.0006666444451851605
LYS,223,NZ,GLN,163,OE1,20,0.0006666444451851605
THR,227,OG1,GLU,226,OE1,20,0.0006666444451851605
ARG,234,NH1,HIP,224,O,20,0.0006666444451851605
SER,256,OG,ASN,259,ND2,20,0.0006666444451851605
ALA,293,N,PRO,290,O,20,0.0006666444451851605
SER,348,OG,GLY,351,O,20,0.0006666444451851605
GLY,390,N,ALA,388,O,20,0.0006666444451851605
ARG,92,NH2,HIE,252,O,19,0.0006333122229259025
TYR,175,OH,PRO,453,O,19,0.0006333122229259025
GLN,187,NE2,VAL,184,O,19,0.0006333122229259025
HIE,203,N,HIE,203,ND1,19,0.0006333122229259025
ASN,381,ND2,PHE,380,O,19,0.0006333122229259025
ARG,57,NH2,TYR,373,OH,18,0.0005999800006666444
ARG,70,NE,VAL,339,O,18,0.0005999800006666444
LYS,131,NZ,GLN,163,OE1,18,0.0005999800006666444
LYS,223,NZ,HIE,219,NE2,18,0.0005999800006666444
SER,256,OG,SER,253,O,18,0.0005999800006666444
ASN,261,N,GLN,258,O,18,0.0005999800006666444
ASN,263,N,GLN,258,O,18,0.0005999800006666444
ARG,280,NH1,TYR,175,OH,18,0.0005999800006666444
HIE,372,NE2,GLU,32,OE1,18,0.0005999800006666444
GLY,43,N,LEU,191,O,17,0.0005666477784073864
TYR,83,OH,GLN,258,OE1,17,0.0005666477784073864
ARG,97,NH2,CM1,408,O,17,0.0005666477784073864
ASN,172,ND2,THR,140,OG1,17,0.0005666477784073864
GLY,186,N,LEU,180,O,17,0.0005666477784073864
LYS,246,NZ,ASN,250,OD1,17,0.0005666477784073864
ASN,250,N,LYS,248,O,17,0.0005666477784073864
GLN,258,NE2,ARG,81,NH1,17,0.0005666477784073864
THR,347,N,GLN,345,O,17,0.0005666477784073864
ASN,381,ND2,GLU,375,OE1,17,0.0005666477784073864
GLN,457,NE2,THR,455,OG1,17,0.0005666477784073864
MET,75,N,GLU,190,OE1,16,0.0005333155561481284
ARG,98,NE,THR,102,OG1,16,0.0005333155561481284
ARG,105,NE,MET,104,O,16,0.0005333155561481284
ARG,105,NH2,SER,113,OG,16,0.0005333155561481284
THR,147,OG1,SER,276,OG,16,0.0005333155561481284
ARG,204,NH2,GLN,205,OE1,16,0.0005333155561481284
LEU,210,N,ASN,209,OD1,16,0.0005333155561481284
LYS,393,NZ,LYS,393,O,16,0.0005333155561481284
THR,395,OG1,TYR,373,O,16,0.0005333155561481284
GLN,457,NE2,LEU,136,O,16,0.0005333155561481284
ARG,7,NE,GLY,5,O,15,0.0004999833338888704
ILE,86,N,SER,266,OG,15,0.0004999833338888704
ARG,105,NH2,LEU,409,O,15,0.0004999833338888704
ARG,112,N,GLY,110,O,15,0.0004999833338888704
GLY,134,N,SER,132,O,15,0.0004999833338888704
PHE,143,N,THR,140,O,15,0.0004999833338888704
SER,182,OG,GLU,446,OE1,15,0.0004999833338888704
LYS,197,NZ,SER,193,OG,15,0.0004999833338888704
LYS,208,NZ,ARG,204,O,15,0.0004999833338888704
ARG,295,NH1,HIE,291,ND1,15,0.0004999833338888704
HID,369,ND1,ASP,333,OD1,15,0.0004999833338888704
ASP,441,N,ASP,439,O,15,0.0004999833338888704
THR,455,OG1,GLN,445,NE2,15,0.0004999833338888704
ARG,7,NE,GLN,17,OE1,14,0.00046665111162961235
ARG,20,N,ARG,20,NE,14,0.00046665111162961235
ARG,29,NH1,LYS,25,O,14,0.00046665111162961235
LYS,94,N,ASN,91,O,14,0.00046665111162961235
PHE,107,N,ASP,106,OD1,14,0.00046665111162961235
LYS,111,NZ,GLY,110,O,14,0.00046665111162961235
ARG,130,NH2,ASN,428,O,14,0.00046665111162961235
GLN,144,NE2,GLN,144,O,14,0.00046665111162961235
LYS,158,NZ,HIE,161,ND1,14,0.00046665111162961235
GLN,165,N,GLN,165,NE2,14,0.00046665111162961235
GLN,176,N,LEU,173,O,14,0.00046665111162961235
SER,193,N,LEU,191,O,14,0.00046665111162961235
GLY,201,N,ARG,204,NH1,14,0.00046665111162961235
ARG,225,NH1,HIE,257,NE2,14,0.00046665111162961235
HIE,257,N,HIE,257,ND1,14,0.00046665111162961235
ASP,314,N,GLU,311,OE1,14,0.00046665111162961235
ARG,330,NH2,GLU,327,OE2,14,0.00046665111162961235
ASP,357,N,THR,344,O,14,0.00046665111162961235
HIE,372,NE2,GLU,54,OE2,14,0.00046665111162961235
LYS,405,NZ,VAL,61,O,14,0.00046665111162961235
LYS,405,NZ,ASN,89,OD1,14,0.00046665111162961235
ARG,406,NH1,ILE,86,O,14,0.00046665111162961235
ARG,415,NH1,GLU,115,OE1,14,0.00046665111162961235
ARG,463,NH2,SER,430,OG,14,0.00046665111162961235
ASN,14,ND2,HIE,41,ND1,13,0.0004333188893703543
LEU,23,N,CYS,447,O,13,0.0004333188893703543
PHE,107,N,ASP,106,OD2,13,0.0004333188893703543
SER,113,OG,ARG,105,O,13,0.0004333188893703543
ARG,130,NH1,ASN,428,O,13,0.0004333188893703543
ARG,130,NH1,ARG,463,O,13,0.0004333188893703543
GLN,163,N,HIE,161,NE2,13,0.0004333188893703543
PHE,167,N,GLN,163,O,13,0.0004333188893703543
SER,182,OG,CYS,447,N,13,0.0004333188893703543
ARG,204,NH1,TYR,198,O,13,0.0004333188893703543
ASN,250,ND2,HIE,252,NE2,13,0.0004333188893703543
HIE,257,NE2,ASN,261,OD1,13,0.0004333188893703543
LEU,285,N,GLY,282,O,13,0.0004333188893703543
MET,286,N,PHE,283,O,13,0.0004333188893703543
GLN,329,NE2,THR,278,OG1,13,0.0004333188893703543
HID,341,ND1,VAL,360,O,13,0.0004333188893703543
TYR,352,OH,LEU,2,O,13,0.0004333188893703543
HID,369,ND1,PRO,377,O,13,0.0004333188893703543
ARG,7,NE,PRO,8,O,12,0.0003999866671110963
ARG,20,NH1,ASP,19,O,12,0.0003999866671110963
LYS,33,NZ,LYS,33,O,12,0.0003999866671110963
ARG,92,N,ASN,89,O,12,0.0003999866671110963
VAL,95,N,ARG,92,O,12,0.0003999866671110963
ARG,97,N,LYS,94,O,12,0.0003999866671110963
LYS,111,NZ,THR,102,O,12,0.0003999866671110963
GLN,176,NE2,ASN,172,ND2,12,0.0003999866671110963
GLN,187,NE2,GLY,448,N,12,0.0003999866671110963
GLY,201,N,ARG,204,NH2,12,0.0003999866671110963
VAL,221,N,GLY,218,O,12,0.0003999866671110963
LYS,223,NZ,GLU,222,OE2,12,0.0003999866671110963
ARG,234,NH2,ASP,229,O,12,0.0003999866671110963
ASN,250,N,LYS,246,O,12,0.0003999866671110963
GLN,258,NE2,PHE,79,O,12,0.0003999866671110963
GLN,258,NE2,ARG,81,NH2,12,0.0003999866671110963
GLN,258,NE2,HIE,257,NE2,12,0.0003999866671110963
GLU,294,N,HIE,291,O,12,0.0003999866671110963
ARG,295,NH2,HIE,291,ND1,12,0.0003999866671110963
ARG,295,NH2,HIE,291,O,12,0.0003999866671110963
ARG,298,NE,GLN,302,OE1,12,0.0003999866671110963
ARG,298,NH1,GLU,294,O,12,0.0003999866671110963
LYS,356,NZ,GLN,345,NE2,12,0.0003999866671110963
HIE,372,N,HIE,372,ND1,12,0.0003999866671110963
ASN,389,ND2,ASN,389,O,12,0.0003999866671110963
ARG,415,NH2,GLU,411,O,12,0.0003999866671110963
THR,424,OG1,ALA,122,O,12,0.0003999866671110963
ARG,459,NE,SER,433,O,12,0.0003999866671110963
GLY,22,N,ARG,20,O,11,0.00036665444485183826
ARG,31,NH1,THR,366,O,11,0.00036665444485183826
GLY,71,N,HID,341,N,11,0.00036665444485183826
ARG,98,NE,LYS,94,O,11,0.00036665444485183826
THR,147,OG1,GLN,144,O,11,0.00036665444485183826
ARG,159,NH1,TYR,162,OH,11,0.00036665444485183826
TYR,162,OH,GLN,163,OE1,11,0.00036665444485183826
GLU,166,N,TYR,162,O,11,0.00036665444485183826
SER,193,OG,LEU,196,O,11,0.00036665444485183826
ARG,225,NH2,HIE,257,NE2,11,0.00036665444485183826
LYS,248,NZ,MET,244,O,11,0.00036665444485183826
ASN,250,ND2,HIE,252,ND1,11,0.00036665444485183826
THR,275,N,THR,272,O,11,0.00036665444485183826
ARG,280,NH2,ASP,138,OD2,11,0.00036665444485183826
ARG,308,NH1,GLU,311,OE1,11,0.00036665444485183826
HIE,313,N,HIE,313,ND1,11,0.00036665444485183826
HIE,346,N,GLN,345,NE2,11,0.00036665444485183826
ARG,350,NE,ARG,350,N,11,0.00036665444485183826
ARG,350,NH2,GLU,54,O,11,0.00036665444485183826
GLY,351,N,PHE,349,O,11,0.00036665444485183826
HIE,372,NE2,ASP,370,OD1,11,0.00036665444485183826
ALA,391,N,ASN,389,ND2,11,0.00036665444485183826
ARG,406,N,GLY,404,O,11,0.00036665444485183826
GLN,427,NE2,ILE,304,O,11,0.00036665444485183826
SER,430,N,PRO,462,O,11,0.00036665444485183826
ARG,21,NE,GLU,446,OE1,10,0.00033332222259258026
LEU,28,N,LYS,25,O,10,0.00033332222259258026
ARG,29,NE,LYS,25,O,10,0.00033332222259258026
HIE,41,NE2,PRO,44,O,10,0.00033332222259258026
ILE,56,N,VAL,53,O,10,0.00033332222259258026
SER,68,OG,PHE,67,O,10,0.00033332222259258026
ARG,70,NE,GLY,69,O,10,0.00033332222259258026
ARG,70,NH2,HID,341,ND1,10,0.00033332222259258026
ARG,81,NE,ASP,77,OD1,10,0.00033332222259258026
LYS,94,NZ,GLY,90,O,10,0.00033332222259258026
ARG,112,N,ARG,117,NH2,10,0.00033332222259258026
ARG,112,NH2,GLY,157,O,10,0.00033332222259258026
ASN,149,ND2,ILE,146,O,10,0.00033332222259258026
ARG,159,NH1,GLU,121,OE2,10,0.00033332222259258026
TYR,175,OH,GLN,445,NE2,10,0.00033332222259258026
LYS,197,NZ,LYS,197,O,10,0.00033332222259258026
ARG,204,NE,LYS,197,O,10,0.00033332222259258026
ARG,234,NH1,ASP,229,O,10,0.00033332222259258026
SER,249,N,GLU,247,O,10,0.00033332222259258026
ASN,259,ND2,ARG,92,NH1,10,0.00033332222259258026
THR,275,OG1,GLY,271,O,10,0.00033332222259258026
ARG,280,NE,THR,140,OG1,10,0.00033332222259258026
ARG,330,N,GLU,327,O,10,0.00033332222259258026
GLN,345,NE2,ALA,66,N,10,0.00033332222259258026
GLN,345,NE2,GLN,345,O,10,0.00033332222259258026
HIE,372,NE2,GLU,54,OE1,10,0.00033332222259258026
ARG,1,NH2,ILE,353,O,9,0.0002999900003333222
ARG,7,NE,ARG,7,O,9,0.0002999900003333222
ARG,29,NH1,SER,26,OG,9,0.0002999900003333222
ARG,31,NE,ARG,31,O,9,0.0002999900003333222
LYS,33,N,ARG,31,O,9,0.0002999900003333222
ARG,57,NH2,GLU,58,OE2,9,0.0002999900003333222
ALA,64,N,ALA,59,O,9,0.0002999900003333222
ARG,81,NE,TYR,207,OH,9,0.0002999900003333222
GLY,82,N,PHE,80,O,9,0.0002999900003333222
ARG,98,NH1,GLU,247,OE1,9,0.0002999900003333222
LYS,111,NZ,THR,239,OG1,9,0.0002999900003333222
ARG,130,NE,ASN,428,OD1,9,0.0002999900003333222
ARG,130,NH2,ARG,463,OXT,9,0.0002999900003333222
LYS,133,NZ,LYS,133,O,9,0.0002999900003333222
ASN,149,ND2,GLN,165,OE1,9,0.0002999900003333222
TYR,162,N,HIE,161,NE2,9,0.0002999900003333222
GLN,165,N,GLU,166,OE1,9,0.0002999900003333222
GLN,187,NE2,VAL,184,N,9,0.0002999900003333222
ARG,234,NE,ASP,229,OD1,9,0.0002999900003333222
ARG,234,NE,ARG,234,O,9,0.0002999900003333222
LYS,248,N,LYS,246,O,9,0.0002999900003333222
ALA,251,N,SER,249,O,9,0.0002999900003333222
HIE,257,NE2,ARG,225,NH1,9,0.0002999900003333222
ASN,259,ND2,ARG,92,NH2,9,0.0002999900003333222
SER,276,OG,THR,147,OG1,9,0.0002999900003333222
THR,278,N,THR,275,O,9,0.0002999900003333222
TYR,297,OH,GLN,427,O,9,0.0002999900003333222
HIE,307,N,ILE,304,O,9,0.0002999900003333222
LYS,317,N,HIE,313,O,9,0.0002999900003333222
ILE,342,N,PHE,67,O,9,0.0002999900003333222
THR,344,OG1,GLN,345,NE2,9,0.0002999900003333222
THR,347,OG1,GLN,345,OE1,9,0.0002999900003333222
THR,455,OG1,ASP,138,OD1,9,0.0002999900003333222
GLN,457,N,GLN,457,OE1,9,0.0002999900003333222
ARG,1,NH1,ILE,353,O,8,0.0002666577780740642
GLN,17,NE2,LEU,16,O,8,0.0002666577780740642
GLN,17,NE2,TYR,34,OH,8,0.0002666577780740642
ARG,21,NH1,ARG,21,O,8,0.0002666577780740642
ARG,21,NH2,SER,182,O,8,0.0002666577780740642
GLU,54,N,GLU,54,OE1,8,0.0002666577780740642
ARG,81,NE,ASP,77,OD2,8,0.0002666577780740642
ASP,106,N,MET,104,O,8,0.0002666577780740642
GLN,119,N,GLU,116,O,8,0.0002666577780740642
GLU,121,N,ILE,118,O,8,0.0002666577780740642
ARG,130,NH1,GLN,123,OE1,8,0.0002666577780740642
LYS,158,NZ,GLY,157,O,8,0.0002666577780740642
GLU,166,N,GLN,165,OE1,8,0.0002666577780740642
GLN,176,NE2,TYR,175,OH,8,0.0002666577780740642
GLY,201,N,ARG,204,NE,8,0.0002666577780740642
HIE,203,NE2,ARG,204,NH2,8,0.0002666577780740642
ARG,204,NH2,PHE,199,O,8,0.0002666577780740642
ARG,204,NH2,GLY,201,O,8,0.0002666577780740642
ARG,204,NH2,HIE,203,ND1,8,0.0002666577780740642
LYS,208,NZ,GLN,205,NE2,8,0.0002666577780740642
ARG,234,NH2,GLY,110,O,8,0.0002666577780740642
ASN,250,ND2,SER,249,OG,8,0.0002666577780740642
SER,253,N,ALA,251,O,8,0.0002666577780740642
TYR,281,N,THR,278,O,8,0.0002666577780740642
ARG,295,NH2,GLN,302,OE1,8,0.0002666577780740642
ARG,298,N,ARG,295,O,8,0.0002666577780740642
ARG,330,NH2,ASP,378,O,8,0.0002666577780740642
LEU,368,N,SER,365,O,8,0.0002666577780740642
VAL,449,N,SER,182,O,8,0.0002666577780740642
GLN,17,NE2,GLN,17,O,7,0.00023332555581480617
ARG,20,N,ARG,20,NH1,7,0.00023332555581480617
ARG,20,NE,LEU,15,O,7,0.00023332555581480617
ARG,20,NE,MET,18,O,7,0.00023332555581480617
ARG,20,NE,TYR,198,OH,7,0.00023332555581480617
ARG,20,NH1,ARG,20,O,7,0.00023332555581480617
ARG,21,N,ASP,19,O,7,0.00023332555581480617
ARG,21,NH1,PRO,444,O,7,0.00023332555581480617
SER,26,N,ASP,19,OD1,7,0.00023332555581480617
ARG,29,NH1,GLN,17,OE1,7,0.00023332555581480617
ARG,31,NH1,GLU,32,OE1,7,0.00023332555581480617
ARG,45,NH2,LEU,191,O,7,0.00023332555581480617
ARG,57,NE,VAL,53,O,7,0.00023332555581480617
ARG,57,NE,ASP,62,OD2,7,0.00023332555581480617
ARG,70,NE,GLY,71,O,7,0.00023332555581480617
ARG,81,NH2,TYR,207,O,7,0.00023332555581480617
ASN,89,ND2,ARG,70,N,7,0.00023332555581480617
ASN,89,ND2,PHE,87,O,7,0.00023332555581480617
GLY,90,N,SER,68,O,7,0.00023332555581480617
VAL,114,N,ARG,105,NH2,7,0.00023332555581480617
GLN,176,NE2,ASN,209,ND2,7,0.00023332555581480617
ARG,204,NE,HIE,203,NE2,7,0.00023332555581480617
ASN,214,ND2,ASN,261,O,7,0.00023332555581480617
ASP,229,N,ARG,234,NH2,7,0.00023332555581480617
ASP,229,N,ASP,238,OD1,7,0.00023332555581480617
TYR,240,OH,GLU,254,O,7,0.00023332555581480617
GLN,258,NE2,ASN,214,ND2,7,0.00023332555581480617
ASN,263,ND2,THR,264,OG1,7,0.00023332555581480617
THR,277,OG1,GLU,273,OE1,7,0.00023332555581480617
ARG,280,NH1,PRO,453,O,7,0.00023332555581480617
THR,321,N,MET,318,O,7,0.00023332555581480617
VAL,324,N,THR,321,O,7,0.00023332555581480617
LYS,376,NZ,ASP,383,OD1,7,0.00023332555581480617
ALA,379,N,ASP,378,OD2,7,0.00023332555581480617
ASN,381,ND2,GLU,375,O,7,0.00023332555581480617
PHE,398,N,THR,395,OG1,7,0.00023332555581480617
GLU,411,N,GLU,411,OE2,7,0.00023332555581480617
ARG,415,NH2,GLU,115,OE2,7,0.00023332555581480617
ARG,459,NH1,PHE,460,O,7,0.00023332555581480617
ARG,1,NE,TYR,352,OH,6,0.00019999333355554815
MET,18,N,LEU,16,O,6,0.00019999333355554815
LEU,24,N,CYS,447,O,6,0.00019999333355554815
ARG,31,NH1,GLU,32,OE2,6,0.00019999333355554815
ARG,57,NH2,GLU,58,OE1,6,0.00019999333355554815
LYS,63,NZ,GLU,65,OE1,6,0.00019999333355554815
ALA,66,N,GLU,65,OE2,6,0.00019999333355554815
LYS,72,NZ,PHE,87,O,6,0.00019999333355554815
ARG,92,NH1,HIE,252,O,6,0.00019999333355554815
ARG,92,NH1,GLU,254,OE2,6,0.00019999333355554815
ARG,92,NH2,TYR,83,OH,6,0.00019999333355554815
SER,100,N,ARG,97,O,6,0.00019999333355554815
ARG,105,NH1,VAL,101,O,6,0.00019999333355554815
ARG,105,NH2,CM1,408,O,6,0.00019999333355554815
ARG,130,NH1,ARG,463,OXT,6,0.00019999333355554815
ARG,159,NH1,TYR,162,O,6,0.00019999333355554815
ARG,159,NH2,GLU,120,O,6,0.00019999333355554815
GLN,163,N,GLN,163,NE2,6,0.00019999333355554815
GLN,163,NE2,TYR,216,OH,6,0.00019999333355554815
SER,179,N,GLN,176,O,6,0.00019999333355554815
GLN,187,NE2,GLY,22,N,6,0.00019999333355554815
LYS,197,NZ,TYR,198,O,6,0.00019999333355554815
ARG,204,NH1,PRO,200,O,6,0.00019999333355554815
TYR,207,OH,GLN,211,NE2,6,0.00019999333355554815
GLU,222,N,HIE,219,O,6,0.00019999333355554815
LYS,223,NZ,GLU,222,OE1,6,0.00019999333355554815
ARG,234,NE,ASP,229,OD2,6,0.00019999333355554815
ARG,234,NH2,LEU,228,N,6,0.00019999333355554815
MET,244,N,LEU,241,O,6,0.00019999333355554815
ASN,250,ND2,SER,249,O,6,0.00019999333355554815
LYS,288,NZ,LYS,288,O,6,0.00019999333355554815
GLN,302,NE2,GLU,301,O,6,0.00019999333355554815
ARG,308,NH1,ARG,308,O,6,0.00019999333355554815
ARG,330,NH2,ALA,379,O,6,0.00019999333355554815
HIE,372,NE2,GLU,32,OE2,6,0.00019999333355554815
LEU,442,N,ASP,441,OD2,6,0.00019999333355554815
ARG,463,NH2,ARG,463,OXT,6,0.00019999333355554815
ARG,21,NE,GLN,187,OE1,5,0.00016666111129629013
ARG,29,NE,ASP,19,OD2,5,0.00016666111129629013
LYS,33,NZ,GLN,17,OE1,5,0.00016666111129629013
ARG,45,NH1,LYS,72,O,5,0.00016666111129629013
PHE,67,N,GLU,65,O,5,0.00016666111129629013
GLY,69,N,ASN,89,ND2,5,0.00016666111129629013
ARG,92,N,ASN,91,OD1,5,0.00016666111129629013
ARG,92,NH1,ARG,81,O,5,0.00016666111129629013
THR,103,OG1,THR,102,OG1,5,0.00016666111129629013
ARG,105,NH2,VAL,101,O,5,0.00016666111129629013
GLY,108,N,ARG,112,O,5,0.00016666111129629013
MET,109,N,PHE,107,O,5,0.00016666111129629013
ALA,122,N,GLN,119,O,5,0.00016666111129629013
VAL,155,N,CYS,152,O,5,0.00016666111129629013
TYR,162,N,GLN,165,OE1,5,0.00016666111129629013
GLN,163,N,HIE,161,O,5,0.00016666111129629013
ASP,164,N,TYR,162,O,5,0.00016666111129629013
LYS,169,NZ,GLN,165,NE2,5,0.00016666111129629013
GLN,176,N,GLN,176,OE1,5,0.00016666111129629013
LYS,197,N,PHE,192,O,5,0.00016666111129629013
ARG,204,NH1,GLN,205,OE1,5,0.00016666111129629013
GLN,205,NE2,PRO,200,O,5,0.00016666111129629013
GLN,211,N,VAL,206,O,5,0.00016666111129629013
TYR,216,OH,GLN,163,O,5,0.00016666111129629013
ARG,225,NH1,ARG,225,O,5,0.00016666111129629013
THR,239,OG1,LEU,236,O,5,0.00016666111129629013
SER,249,OG,SER,249,O,5,0.00016666111129629013
SER,256,OG,GLN,258,NE2,5,0.00016666111129629013
TYR,281,OH,LYS,451,O,5,0.00016666111129629013
ARG,308,N,GLN,427,NE2,5,0.00016666111129629013
LYS,317,NZ,VAL,303,O,5,0.00016666111129629013
ASP,370,N,THR,366,O,5,0.00016666111129629013
ALA,379,N,ASP,378,OD1,5,0.00016666111129629013
GLU,396,N,TYR,373,OH,5,0.00016666111129629013
PHE,422,N,GLU,417,O,5,0.00016666111129629013
LEU,442,N,ASP,441,OD1,5,0.00016666111129629013
GLY,450,N,GLN,187,OE1,5,0.00016666111129629013
PHE,460,N,GLY,134,O,5,0.00016666111129629013
ARG,463,NE,SER,430,OG,5,0.00016666111129629013
ARG,1,NH1,ARG,350,O,4,0.0001333288890370321
ARG,1,NH1,TYR,352,OH,4,0.0001333288890370321
GLY,13,N,PRO,10,O,4,0.0001333288890370321
ARG,20,N,ASP,19,OD2,4,0.0001333288890370321
ARG,31,N,LEU,28,O,4,0.0001333288890370321
ARG,45,NH1,ARG,45,O,4,0.0001333288890370321
ARG,45,NH2,LYS,72,O,4,0.0001333288890370321
ARG,57,NE,ASP,62,OD1,4,0.0001333288890370321
ARG,57,NH1,TYR,373,OH,4,0.0001333288890370321
LYS,63,NZ,ASP,62,O,4,0.0001333288890370321
LYS,63,NZ,GLU,65,OE2,4,0.0001333288890370321
ARG,92,NH1,SER,253,O,4,0.0001333288890370321
THR,103,N,VAL,101,O,4,0.0001333288890370321
ARG,105,NH1,ASP,106,OD1,4,0.0001333288890370321
GLY,110,N,GLY,108,O,4,0.0001333288890370321
ARG,112,NE,GLU,116,O,4,0.0001333288890370321
LEU,129,N,ILE,126,O,4,0.0001333288890370321
SER,153,OG,GLY,157,O,4,0.0001333288890370321
GLY,157,N,SER,153,O,4,0.0001333288890370321
GLN,165,N,GLU,166,OE2,4,0.0001333288890370321
ASN,172,ND2,MET,170,O,4,0.0001333288890370321
SER,179,OG,TYR,175,OH,4,0.0001333288890370321
SER,179,OG,GLN,445,NE2,4,0.0001333288890370321
GLN,187,NE2,ARG,21,N,4,0.0001333288890370321
ARG,204,NH1,GLY,201,O,4,0.0001333288890370321
ARG,204,NH1,ARG,204,O,4,0.0001333288890370321
LYS,208,NZ,GLN,205,O,4,0.0001333288890370321
ASN,209,ND2,GLN,176,NE2,4,0.0001333288890370321
SER,220,OG,PHE,156,O,4,0.0001333288890370321
LYS,223,N,SER,220,O,4,0.0001333288890370321
ARG,234,NE,ALA,232,O,4,0.0001333288890370321
ASN,250,ND2,SER,253,OG,4,0.0001333288890370321
GLU,254,N,GLU,254,OE2,4,0.0001333288890370321
THR,272,N,ALA,270,O,4,0.0001333288890370321
THR,277,OG1,GLU,273,OE2,4,0.0001333288890370321
ARG,280,NH2,PRO,453,O,4,0.0001333288890370321
ARG,298,NH1,GLN,302,NE2,4,0.0001333288890370321
GLN,302,NE2,ARG,298,NH2,4,0.0001333288890370321
LEU,312,N,GLN,119,NE2,4,0.0001333288890370321
ASP,314,N,GLU,311,OE2,4,0.0001333288890370321
ARG,315,NH2,LEU,312,O,4,0.0001333288890370321
ILE,325,N,GLU,322,O,4,0.0001333288890370321
THR,344,OG1,SER,68,O,4,0.0001333288890370321
HIE,346,N,HIE,346,ND1,4,0.0001333288890370321
ARG,350,NH2,ALA,55,N,4,0.0001333288890370321
ASP,378,N,ASP,378,OD1,4,0.0001333288890370321
PHE,380,N,TYR,289,OH,4,0.0001333288890370321
HIP,384,NE2,GLU,375,OE2,4,0.0001333288890370321
GLN,445,N,PRO,454,N,4,0.0001333288890370321
PHE,460,N,ALA,135,O,4,0.0001333288890370321
ARG,463,NH1,GLN,427,O,4,0.0001333288890370321
ARG,1,NH2,ARG,350,O,3,9.999666677777408e-05
ARG,1,NH2,TYR,352,OH,3,9.999666677777408e-05
LEU,16,N,GLY,13,O,3,9.999666677777408e-05
LEU,16,N,ASN,14,O,3,9.999666677777408e-05
ARG,21,NH1,GLN,187,OE1,3,9.999666677777408e-05
ARG,29,NH2,LYS,25,O,3,9.999666677777408e-05
ARG,31,NE,GLY,35,O,3,9.999666677777408e-05
ARG,31,NE,ASP,36,N,3,9.999666677777408e-05
ARG,31,NH1,HID,369,O,3,9.999666677777408e-05
VAL,37,N,GLY,35,O,3,9.999666677777408e-05
HIE,41,N,ASN,14,ND2,3,9.999666677777408e-05
ARG,57,N,GLU,54,O,3,9.999666677777408e-05
ALA,66,N,GLU,65,OE1,3,9.999666677777408e-05
ARG,70,N,SER,68,O,3,9.999666677777408e-05
ARG,70,N,PHE,87,O,3,9.999666677777408e-05
ARG,70,NH1,HM1,464,O2D,3,9.999666677777408e-05
LYS,72,NZ,ARG,70,O,3,9.999666677777408e-05
ASN,89,ND2,ALA,88,O,3,9.999666677777408e-05
ARG,98,NH2,GLU,247,OE2,3,9.999666677777408e-05
ARG,105,NE,LEU,409,O,3,9.999666677777408e-05
ARG,117,NH2,LYS,111,O,3,9.999666677777408e-05
LYS,131,NZ,GLU,128,O,3,9.999666677777408e-05
ILE,151,N,ALA,148,O,3,9.999666677777408e-05
LYS,158,NZ,GLN,163,OE1,3,9.999666677777408e-05
ARG,159,NE,TYR,162,OH,3,9.999666677777408e-05
HIE,161,N,ASN,149,OD1,3,9.999666677777408e-05
GLN,163,NE2,HIE,161,NE2,3,9.999666677777408e-05
GLN,165,NE2,GLU,128,OE1,3,9.999666677777408e-05
TYR,175,OH,THR,455,OG1,3,9.999666677777408e-05
SER,179,OG,GLN,176,OE1,3,9.999666677777408e-05
GLN,187,NE2,SER,182,N,3,9.999666677777408e-05
LYS,197,NZ,ASP,77,OD1,3,9.999666677777408e-05
ALA,202,N,HIE,203,ND1,3,9.999666677777408e-05
GLN,205,NE2,GLN,176,NE2,3,9.999666677777408e-05
TYR,207,OH,ARG,81,NH1,3,9.999666677777408e-05
TYR,207,OH,ARG,81,NH2,3,9.999666677777408e-05
ASN,209,ND2,THR,177,N,3,9.999666677777408e-05
TYR,216,OH,ASP,164,O,3,9.999666677777408e-05
TYR,240,OH,LEU,260,N,3,9.999666677777408e-05
HID,243,ND1,HID,243,O,3,9.999666677777408e-05
HID,243,ND1,GLU,247,OE2,3,9.999666677777408e-05
LYS,246,NZ,HID,243,ND1,3,9.999666677777408e-05
LYS,246,NZ,GLU,245,O,3,9.999666677777408e-05
LYS,248,NZ,SER,249,OG,3,9.999666677777408e-05
SER,249,N,GLU,245,O,3,9.999666677777408e-05
SER,249,OG,GLU,245,O,3,9.999666677777408e-05
HIE,252,N,ASN,250,O,3,9.999666677777408e-05
HIE,252,N,HIE,252,ND1,3,9.999666677777408e-05
ASN,261,ND2,GLN,258,O,3,9.999666677777408e-05
SER,266,N,ASN,261,O,3,9.999666677777408e-05
ALA,270,N,LEU,267,O,3,9.999666677777408e-05
ARG,280,NH1,GLU,273,OE1,3,9.999666677777408e-05
ARG,280,NH2,THR,277,OG1,3,9.999666677777408e-05
TYR,281,OH,SER,332,O,3,9.999666677777408e-05
PHE,283,N,ARG,280,O,3,9.999666677777408e-05
ARG,295,NE,ARG,295,O,3,9.999666677777408e-05
ARG,295,NH1,GLN,302,OE1,3,9.999666677777408e-05
TYR,297,OH,ARG,463,O,3,9.999666677777408e-05
ILE,300,N,TYR,297,O,3,9.999666677777408e-05
GLN,302,N,ILE,300,O,3,9.999666677777408e-05
GLY,305,N,ARG,308,NH1,3,9.999666677777408e-05
HIE,313,N,GLU,311,O,3,9.999666677777408e-05
HIE,313,NE2,ARG,308,NH1,3,9.999666677777408e-05
PHE,331,N,ILE,328,O,3,9.999666677777408e-05
GLN,345,NE2,HIE,346,ND1,3,9.999666677777408e-05
THR,347,OG1,ILE,354,O,3,9.999666677777408e-05
SER,348,N,THR,347,OG1,3,9.999666677777408e-05
ASP,378,N,ASP,378,OD2,3,9.999666677777408e-05
ASN,389,ND2,ALA,388,O,3,9.999666677777408e-05
LYS,393,NZ,GLU,375,OE1,3,9.999666677777408e-05
LYS,394,NZ,LEU,392,O,3,9.999666677777408e-05
LYS,394,NZ,THR,395,O,3,9.999666677777408e-05
GLY,412,N,ARG,105,NH1,3,9.999666677777408e-05
GLN,427,NE2,GLU,301,OE1,3,9.999666677777408e-05
GLN,445,NE2,THR,443,O,3,9.999666677777408e-05
CYS,447,N,SER,182,O,3,9.999666677777408e-05
ARG,459,NE,ALA,432,O,3,9.999666677777408e-05
ARG,7,NE,GLN,17,NE2,2,6.666444451851606e-05
ARG,7,NH2,PRO,8,O,2,6.666444451851606e-05
ARG,7,NH2,GLN,17,OE1,2,6.666444451851606e-05
GLN,17,N,LEU,15,O,2,6.666444451851606e-05
ARG,20,NE,ARG,20,O,2,6.666444451851606e-05
ARG,20,NH2,LEU,16,O,2,6.666444451851606e-05
SER,26,OG,ARG,29,NH2,2,6.666444451851606e-05
ARG,29,NE,GLN,17,O,2,6.666444451851606e-05
ARG,29,NH2,ASP,19,N,2,6.666444451851606e-05
ARG,29,NH2,ARG,21,NH2,2,6.666444451851606e-05
ASP,36,N,ARG,350,NH1,2,6.666444451851606e-05
VAL,37,N,ASP,36,OD2,2,6.666444451851606e-05
HIE,41,NE2,GLY,43,O,2,6.666444451851606e-05
LEU,42,N,VAL,40,O,2,6.666444451851606e-05
GLU,65,N,LYS,63,O,2,6.666444451851606e-05
ARG,81,NH1,GLN,211,OE1,2,6.666444451851606e-05
ARG,81,NH2,GLN,211,OE1,2,6.666444451851606e-05
ASN,91,N,ASN,89,OD1,2,6.666444451851606e-05
ARG,97,NH1,ARG,406,O,2,6.666444451851606e-05
ARG,98,N,VAL,95,O,2,6.666444451851606e-05
ARG,98,NH1,ASN,91,OD1,2,6.666444451851606e-05
ARG,98,NH2,GLU,247,OE1,2,6.666444451851606e-05
PHE,99,N,LEU,96,O,2,6.666444451851606e-05
ARG,105,NH2,GLY,412,O,2,6.666444451851606e-05
LYS,111,NZ,THR,103,OG1,2,6.666444451851606e-05
ARG,112,NE,ARG,117,NH1,2,6.666444451851606e-05
ARG,112,NH1,ARG,117,NH1,2,6.666444451851606e-05
ARG,112,NH2,GLY,110,O,2,6.666444451851606e-05
VAL,114,N,GLU,115,OE2,2,6.666444451851606e-05
GLU,116,N,GLU,116,OE2,2,6.666444451851606e-05
ARG,117,NH2,SER,113,O,2,6.666444451851606e-05
GLN,119,NE2,GLU,116,N,2,6.666444451851606e-05
GLN,123,NE2,ARG,130,NH1,2,6.666444451851606e-05
ARG,130,NH1,GLN,123,NE2,2,6.666444451851606e-05
SER,132,OG,SER,132,O,2,6.666444451851606e-05
SER,132,OG,ALA,135,O,2,6.666444451851606e-05
GLY,134,N,LEU,129,O,2,6.666444451851606e-05
GLN,144,NE2,SER,276,OG,2,6.666444451851606e-05
THR,147,OG1,THR,275,OG1,2,6.666444451851606e-05
ASN,149,ND2,ARG,159,NE,2,6.666444451851606e-05
ASN,149,ND2,GLN,165,NE2,2,6.666444451851606e-05
ARG,159,NH2,HIE,161,ND1,2,6.666444451851606e-05
HIE,161,N,ARG,159,O,2,6.666444451851606e-05
HIE,161,NE2,ASP,164,OD1,2,6.666444451851606e-05
TYR,162,OH,GLN,163,NE2,2,6.666444451851606e-05
GLN,165,NE2,GLN,163,NE2,2,6.666444451851606e-05
MET,170,N,LEU,168,O,2,6.666444451851606e-05
GLN,176,NE2,LEU,173,N,2,6.666444451851606e-05
THR,177,OG1,ASN,209,ND2,2,6.666444451851606e-05
SER,183,N,ILE,181,O,2,6.666444451851606e-05
VAL,184,N,ARG,21,NH2,2,6.666444451851606e-05
GLN,187,NE2,GLY,450,O,2,6.666444451851606e-05
SER,193,OG,LEU,191,O,2,6.666444451851606e-05
PHE,195,N,LEU,191,O,2,6.666444451851606e-05
LYS,197,NZ,LEU,196,O,2,6.666444451851606e-05
ARG,204,NE,PRO,200,O,2,6.666444451851606e-05
ARG,204,NH1,HIE,203,O,2,6.666444451851606e-05
ARG,204,NH1,GLN,211,OE1,2,6.666444451851606e-05
GLN,205,N,GLN,205,NE2,2,6.666444451851606e-05
ASN,209,ND2,GLN,176,O,2,6.666444451851606e-05
ASN,214,N,GLN,211,O,2,6.666444451851606e-05
ILE,217,N,ASN,214,O,2,6.666444451851606e-05
SER,220,OG,HIE,219,ND1,2,6.666444451851606e-05
LYS,223,NZ,THR,227,OG1,2,6.666444451851606e-05
ARG,225,NE,HIE,257,ND1,2,6.666444451851606e-05
ARG,225,NE,HIE,257,NE2,2,6.666444451851606e-05
THR,227,N,ARG,225,O,2,6.666444451851606e-05
THR,239,N,LEU,236,O,2,6.666444451851606e-05
TYR,240,OH,PHE,255,O,2,6.666444451851606e-05
LYS,246,NZ,LYS,246,O,2,6.666444451851606e-05
ASN,250,ND2,LYS,246,O,2,6.666444451851606e-05
SER,253,OG,ASN,250,OD1,2,6.666444451851606e-05
GLN,258,NE2,PHE,80,O,2,6.666444451851606e-05
ASN,263,ND2,GLY,84,O,2,6.666444451851606e-05
THR,272,OG1,ALA,148,N,2,6.666444451851606e-05
ARG,280,NE,PRO,454,O,2,6.666444451851606e-05
TYR,289,OH,PHE,380,O,2,6.666444451851606e-05
ARG,298,NE,ARG,298,O,2,6.666444451851606e-05
GLN,302,NE2,ARG,298,NE,2,6.666444451851606e-05
GLN,302,NE2,ARG,298,NH1,2,6.666444451851606e-05
GLN,302,NE2,GLU,299,OE1,2,6.666444451851606e-05
GLY,305,N,GLU,301,O,2,6.666444451851606e-05
HIE,313,NE2,ARG,308,NH2,2,6.666444451851606e-05
ARG,315,NH1,TYR,326,OH,2,6.666444451851606e-05
ARG,315,NH1,LEU,418,O,2,6.666444451851606e-05
LYS,317,NZ,GLN,302,OE1,2,6.666444451851606e-05
TYR,320,OH,ARG,295,NH1,2,6.666444451851606e-05
GLN,329,N,TYR,326,O,2,6.666444451851606e-05
GLN,329,NE2,TYR,326,N,2,6.666444451851606e-05
GLN,329,NE2,ALA,414,O,2,6.666444451851606e-05
HID,341,ND1,SER,68,O,2,6.666444451851606e-05
ILE,342,N,SER,68,O,2,6.666444451851606e-05
THR,344,OG1,GLU,65,OE1,2,6.666444451851606e-05
GLY,351,N,SER,348,OG,2,6.666444451851606e-05
THR,358,N,LYS,356,O,2,6.666444451851606e-05
HIE,372,NE2,ASP,370,OD2,2,6.666444451851606e-05
GLU,375,N,TYR,373,O,2,6.666444451851606e-05
LYS,376,NZ,ASN,381,OD1,2,6.666444451851606e-05
HIP,384,NE2,GLU,375,OE1,2,6.666444451851606e-05
LYS,393,NZ,GLU,375,OE2,2,6.666444451851606e-05
LYS,393,NZ,ASP,383,OD1,2,6.666444451851606e-05
LYS,393,NZ,ASP,383,OD2,2,6.666444451851606e-05
THR,395,N,HIP,384,O,2,6.666444451851606e-05
PHE,398,N,GLU,396,O,2,6.666444451851606e-05
LYS,405,NZ,PHE,67,O,2,6.666444451851606e-05
ARG,415,N,GLY,410,O,2,6.666444451851606e-05
PHE,422,N,LEU,420,O,2,6.666444451851606e-05
THR,424,OG1,PHE,421,O,2,6.666444451851606e-05
GLN,427,NE2,HIE,307,N,2,6.666444451851606e-05
GLN,427,NE2,GLN,427,O,2,6.666444451851606e-05
SER,430,OG,GLU,294,OE1,2,6.666444451851606e-05
SER,430,OG,MET,431,O,2,6.666444451851606e-05
SER,430,OG,ARG,463,NH1,2,6.666444451851606e-05
THR,443,N,ASP,441,O,2,6.666444451851606e-05
GLN,445,NE2,THR,455,N,2,6.666444451851606e-05
GLY,450,N,SER,182,O,2,6.666444451851606e-05
ARG,459,NH1,SER,433,O,2,6.666444451851606e-05
ARG,463,NE,TYR,297,OH,2,6.666444451851606e-05
ARG,463,NH1,ALA,293,O,2,6.666444451851606e-05
ARG,7,NH1,GLN,17,OE1,1,3.333222225925803e-05
LEU,9,N,GLY,13,N,1,3.333222225925803e-05
LEU,11,N,LEU,9,O,1,3.333222225925803e-05
GLY,13,N,LEU,11,O,1,3.333222225925803e-05
GLN,17,NE2,ARG,7,NH2,1,3.333222225925803e-05
GLN,17,NE2,GLY,13,O,1,3.333222225925803e-05
ARG,20,N,ARG,21,NH2,1,3.333222225925803e-05
ARG,20,NE,ARG,21,NH1,1,3.333222225925803e-05
ARG,20,NH2,ASP,19,O,1,3.333222225925803e-05
ARG,21,NE,ARG,20,O,1,3.333222225925803e-05
ARG,21,NH1,SER,183,OG,1,3.333222225925803e-05
LEU,23,N,ARG,20,O,1,3.333222225925803e-05
LYS,25,NZ,GLY,22,O,1,3.333222225925803e-05
LYS,25,NZ,HID,369,NE2,1,3.333222225925803e-05
SER,26,N,ASP,19,OD2,1,3.333222225925803e-05
SER,26,OG,ARG,29,NH1,1,3.333222225925803e-05
ARG,31,NE,LEU,28,O,1,3.333222225925803e-05
ARG,31,NE,CYS,51,O,1,3.333222225925803e-05
ARG,31,NH2,HIE,372,ND1,1,3.333222225925803e-05
LYS,33,NZ,GLU,32,O,1,3.333222225925803e-05
TYR,34,OH,GLY,5,O,1,3.333222225925803e-05
TYR,34,OH,GLN,17,OE1,1,3.333222225925803e-05
ASP,36,N,ASP,36,OD1,1,3.333222225925803e-05
GLY,43,N,GLY,13,N,1,3.333222225925803e-05
ARG,45,NE,PRO,46,O,1,3.333222225925803e-05
ARG,45,NH2,PRO,46,O,1,3.333222225925803e-05
VAL,47,N,ARG,45,O,1,3.333222225925803e-05
ARG,57,NH1,GLU,58,OE2,1,3.333222225925803e-05
ASP,62,N,ALA,59,O,1,3.333222225925803e-05
ALA,66,N,ALA,64,O,1,3.333222225925803e-05
SER,68,OG,SER,68,O,1,3.333222225925803e-05
SER,68,OG,ARG,406,NE,1,3.333222225925803e-05
ARG,70,NE,HID,341,ND1,1,3.333222225925803e-05
GLY,71,N,ARG,70,NE,1,3.333222225925803e-05
LYS,72,NZ,LYS,72,O,1,3.333222225925803e-05
LYS,72,NZ,ARG,81,O,1,3.333222225925803e-05
ARG,81,NE,GLN,258,NE2,1,3.333222225925803e-05
ARG,81,NH1,TYR,83,OH,1,3.333222225925803e-05
GLY,82,N,ASP,77,OD1,1,3.333222225925803e-05
GLY,82,N,ASP,77,OD2,1,3.333222225925803e-05
TYR,83,OH,GLU,254,OE2,1,3.333222225925803e-05
TYR,83,OH,GLN,258,NE2,1,3.333222225925803e-05
ASN,89,N,ARG,92,NH1,1,3.333222225925803e-05
ASN,89,ND2,GLY,90,N,1,3.333222225925803e-05
ARG,92,NH1,TYR,83,N,1,3.333222225925803e-05
ARG,92,NH2,PHE,87,O,1,3.333222225925803e-05
ARG,92,NH2,SER,253,O,1,3.333222225925803e-05
LYS,94,NZ,ARG,98,NH1,1,3.333222225925803e-05
ARG,98,NH2,ASN,91,OD1,1,3.333222225925803e-05
THR,102,OG1,VAL,101,O,1,3.333222225925803e-05
THR,102,OG1,THR,103,OG1,1,3.333222225925803e-05
MET,104,N,THR,102,O,1,3.333222225925803e-05
ARG,105,N,ASP,106,OD1,1,3.333222225925803e-05
ARG,105,N,ASP,106,OD2,1,3.333222225925803e-05
ARG,105,NH1,THR,102,OG1,1,3.333222225925803e-05
ASP,106,N,MET,104,N,1,3.333222225925803e-05
MET,109,N,ARG,234,O,1,3.333222225925803e-05
LYS,111,NZ,ASP,235,N,1,3.333222225925803e-05
ARG,112,NE,GLY,110,O,1,3.333222225925803e-05
ARG,112,NH2,MET,109,O,1,3.333222225925803e-05
ARG,112,NH2,GLN,119,OE1,1,3.333222225925803e-05
ARG,112,NH2,ARG,159,NH1,1,3.333222225925803e-05
VAL,114,N,SER,113,OG,1,3.333222225925803e-05
VAL,114,N,GLU,115,OE1,1,3.333222225925803e-05
ARG,117,NE,ARG,112,NH1,1,3.333222225925803e-05
ARG,117,NH2,ARG,112,N,1,3.333222225925803e-05
ARG,117,NH2,VAL,114,N,1,3.333222225925803e-05
GLN,119,NE2,GLU,116,O,1,3.333222225925803e-05
GLN,119,NE2,GLN,123,NE2,1,3.333222225925803e-05
GLN,119,NE2,PRO,309,O,1,3.333222225925803e-05
GLN,123,NE2,ALA,122,O,1,3.333222225925803e-05
GLN,123,NE2,CYS,124,N,1,3.333222225925803e-05
ARG,130,NE,ILE,126,O,1,3.333222225925803e-05
ARG,130,NH2,HIE,307,ND1,1,3.333222225925803e-05
LYS,131,NZ,ARG,130,NH2,1,3.333222225925803e-05
LYS,131,NZ,GLN,163,NE2,1,3.333222225925803e-05
SER,132,N,ARG,130,O,1,3.333222225925803e-05
GLN,144,NE2,ASN,172,OD1,1,3.333222225925803e-05
GLN,144,NE2,ASN,172,ND2,1,3.333222225925803e-05
ILE,146,N,GLN,144,O,1,3.333222225925803e-05
SER,153,OG,SER,153,O,1,3.333222225925803e-05
LYS,158,NZ,HIE,161,O,1,3.333222225925803e-05
ARG,159,N,ARG,117,NH2,1,3.333222225925803e-05
ARG,159,NH2,ASN,149,ND2,1,3.333222225925803e-05
ARG,159,NH2,TYR,162,OH,1,3.333222225925803e-05
HIE,161,NE2,TYR,162,OH,1,3.333222225925803e-05
HIE,161,NE2,GLN,163,NE2,1,3.333222225925803e-05
TYR,162,OH,ASN,149,ND2,1,3.333222225925803e-05
GLN,163,NE2,GLN,165,NE2,1,3.333222225925803e-05
GLN,165,NE2,ASN,149,ND2,1,3.333222225925803e-05
GLN,165,NE2,ASP,164,OD2,1,3.333222225925803e-05
LYS,169,N,PHE,167,O,1,3.333222225925803e-05
LYS,169,NZ,LYS,169,O,1,3.333222225925803e-05
TYR,175,OH,ASN,172,OD1,1,3.333222225925803e-05
TYR,175,OH,GLN,176,NE2,1,3.333222225925803e-05
THR,177,N,TYR,175,O,1,3.333222225925803e-05
PHE,178,N,TYR,175,O,1,3.333222225925803e-05
SER,179,OG,GLU,446,OE2,1,3.333222225925803e-05
VAL,184,N,ARG,21,NH1,1,3.333222225925803e-05
GLN,187,N,GLN,187,OE1,1,3.333222225925803e-05
GLN,187,NE2,LEU,180,O,1,3.333222225925803e-05
GLN,187,NE2,GLN,187,N,1,3.333222225925803e-05
GLN,187,NE2,GLN,187,O,1,3.333222225925803e-05
SER,193,OG,ARG,45,NH1,1,3.333222225925803e-05
SER,193,OG,SER,193,O,1,3.333222225925803e-05
GLY,194,N,GLU,190,O,1,3.333222225925803e-05
LEU,196,N,GLY,194,O,1,3.333222225925803e-05
TYR,198,OH,ARG,20,NH1,1,3.333222225925803e-05
TYR,198,OH,PHE,192,O,1,3.333222225925803e-05
GLY,201,N,HIE,203,NE2,1,3.333222225925803e-05
ARG,204,NH2,GLN,211,OE1,1,3.333222225925803e-05
GLN,205,NE2,ARG,204,NH2,1,3.333222225925803e-05
LYS,208,NZ,TYR,207,O,1,3.333222225925803e-05
LYS,208,NZ,GLN,211,NE2,1,3.333222225925803e-05
ASN,209,N,TYR,207,O,1,3.333222225925803e-05
ASN,209,ND2,ASN,209,O,1,3.333222225925803e-05
GLN,211,NE2,ASN,214,ND2,1,3.333222225925803e-05
HIE,219,NE2,TYR,216,OH,1,3.333222225925803e-05
SER,220,OG,SER,220,O,1,3.333222225925803e-05
ARG,225,NE,VAL,221,O,1,3.333222225925803e-05
ARG,234,NE,SER,231,OG,1,3.333222225925803e-05
ARG,234,NE,ARG,234,N,1,3.333222225925803e-05
ARG,234,NH2,ALA,232,O,1,3.333222225925803e-05
ASP,235,N,ASP,238,OD1,1,3.333222225925803e-05
TYR,240,OH,ASN,259,OD1,1,3.333222225925803e-05
LEU,241,N,ASP,238,O,1,3.333222225925803e-05
HID,243,ND1,GLU,247,OE1,1,3.333222225925803e-05
LYS,246,N,MET,244,O,1,3.333222225925803e-05
LYS,248,NZ,ARG,225,NH2,1,3.333222225925803e-05
SER,249,OG,LYS,248,O,1,3.333222225925803e-05
SER,249,OG,ASN,250,ND2,1,3.333222225925803e-05
ASN,250,ND2,ASN,250,O,1,3.333222225925803e-05
SER,253,N,ASN,250,ND2,1,3.333222225925803e-05
SER,253,N,HIE,252,NE2,1,3.333222225925803e-05
SER,253,OG,ALA,251,O,1,3.333222225925803e-05
GLU,254,N,HIE,252,O,1,3.333222225925803e-05
HIE,257,NE2,ASN,261,ND2,1,3.333222225925803e-05
GLN,258,NE2,ASN,259,OD1,1,3.333222225925803e-05
ASN,259,ND2,SER,256,O,1,3.333222225925803e-05
ASN,259,ND2,GLN,258,OE1,1,3.333222225925803e-05
ASN,261,ND2,GLN,258,NE2,1,3.333222225925803e-05
ASN,263,N,ASN,261,O,1,3.333222225925803e-05
ASN,263,ND2,LEU,96,O,1,3.333222225925803e-05
ASN,263,ND2,LEU,260,O,1,3.333222225925803e-05
ALA,270,N,LEU,265,O,1,3.333222225925803e-05
THR,272,OG1,GLN,144,O,1,3.333222225925803e-05
THR,272,OG1,THR,275,OG1,1,3.333222225925803e-05
THR,272,OG1,GLU,417,OE2,1,3.333222225925803e-05
THR,274,OG1,GLY,271,N,1,3.333222225925803e-05
SER,276,OG,GLN,144,N,1,3.333222225925803e-05
SER,276,OG,GLU,273,O,1,3.333222225925803e-05
LEU,279,N,SER,276,O,1,3.333222225925803e-05
ARG,280,NH1,THR,140,OG1,1,3.333222225925803e-05
ARG,280,NH2,ASP,138,OD1,1,3.333222225925803e-05
ARG,295,NE,ARG,298,NH2,1,3.333222225925803e-05
ARG,295,NH2,VAL,292,N,1,3.333222225925803e-05
ARG,295,NH2,GLU,299,N,1,3.333222225925803e-05
TYR,297,N,GLU,294,O,1,3.333222225925803e-05
TYR,297,OH,ARG,298,NH1,1,3.333222225925803e-05
TYR,297,OH,ARG,463,OXT,1,3.333222225925803e-05
ARG,298,NE,GLN,302,NE2,1,3.333222225925803e-05
ARG,298,NH1,ARG,295,NH2,1,3.333222225925803e-05
ARG,298,NH2,TYR,297,OH,1,3.333222225925803e-05
ARG,298,NH2,GLN,302,NE2,1,3.333222225925803e-05
GLU,301,N,ARG,298,O,1,3.333222225925803e-05
GLN,302,NE2,GLU,299,O,1,3.333222225925803e-05
ILE,304,N,GLU,299,O,1,3.333222225925803e-05
HIE,307,NE2,ILE,304,O,1,3.333222225925803e-05
ARG,308,N,HIE,307,NE2,1,3.333222225925803e-05
ARG,308,NE,GLU,311,OE1,1,3.333222225925803e-05
ARG,308,NH2,ILE,304,O,1,3.333222225925803e-05
GLU,311,N,ARG,308,NH1,1,3.333222225925803e-05
GLU,311,N,GLU,311,OE2,1,3.333222225925803e-05
HIE,313,NE2,GLU,115,OE1,1,3.333222225925803e-05
HIE,313,NE2,GLU,115,OE2,1,3.333222225925803e-05
HIE,313,NE2,LYS,317,NZ,1,3.333222225925803e-05
ARG,315,NE,ARG,315,O,1,3.333222225925803e-05
LYS,317,N,ARG,315,O,1,3.333222225925803e-05
LYS,317,NZ,GLN,302,O,1,3.333222225925803e-05
LYS,317,NZ,ASP,314,O,1,3.333222225925803e-05
LYS,317,NZ,ALA,316,O,1,3.333222225925803e-05
TYR,320,OH,VAL,292,O,1,3.333222225925803e-05
GLU,322,N,PRO,319,O,1,3.333222225925803e-05
TYR,326,N,ALA,323,O,1,3.333222225925803e-05
TYR,326,OH,ARG,415,NH1,1,3.333222225925803e-05
ILE,328,N,ILE,325,O,1,3.333222225925803e-05
GLN,329,NE2,PRO,400,O,1,3.333222225925803e-05
HID,341,ND1,GLY,69,N,1,3.333222225925803e-05
ILE,342,N,ARG,70,N,1,3.333222225925803e-05
THR,344,OG1,GLU,65,OE2,1,3.333222225925803e-05
GLN,345,N,VAL,343,O,1,3.333222225925803e-05
GLN,345,NE2,ALA,66,O,1,3.333222225925803e-05
THR,347,OG1,THR,347,O,1,3.333222225925803e-05
SER,348,OG,THR,347,O,1,3.333222225925803e-05
SER,348,OG,SER,348,O,1,3.333222225925803e-05
TYR,352,OH,ARG,1,NH1,1,3.333222225925803e-05
TYR,352,OH,ARG,1,NH2,1,3.333222225925803e-05
LYS,356,NZ,HIE,346,ND1,1,3.333222225925803e-05
THR,358,OG1,PRO,355,N,1,3.333222225925803e-05
THR,358,OG1,ASP,357,O,1,3.333222225925803e-05
LEU,364,N,PRO,336,O,1,3.333222225925803e-05
ALA,367,N,SER,365,O,1,3.333222225925803e-05
HIE,372,N,ASP,370,O,1,3.333222225925803e-05
LYS,376,NZ,GLU,375,O,1,3.333222225925803e-05
ASN,381,ND2,HIP,384,NE2,1,3.333222225925803e-05
ASP,383,N,ASP,383,OD1,1,3.333222225925803e-05
ASP,383,N,ASP,383,OD2,1,3.333222225925803e-05
HIP,384,N,PRO,382,O,1,3.333222225925803e-05
ALA,391,N,ASN,389,O,1,3.333222225925803e-05
LYS,393,N,LEU,386,N,1,3.333222225925803e-05
LYS,393,N,ALA,391,O,1,3.333222225925803e-05
LYS,393,NZ,TYR,373,O,1,3.333222225925803e-05
LYS,393,NZ,ASP,387,N,1,3.333222225925803e-05
LYS,393,NZ,LEU,392,O,1,3.333222225925803e-05
LYS,394,NZ,LYS,394,O,1,3.333222225925803e-05
SER,402,OG,PHE,401,O,1,3.333222225925803e-05
LYS,405,N,LEU,403,O,1,3.333222225925803e-05
ARG,406,NE,GLY,69,N,1,3.333222225925803e-05
ARG,406,NH2,SER,68,OG,1,3.333222225925803e-05
ARG,406,NH2,GLY,69,N,1,3.333222225925803e-05
ARG,406,NH2,ASN,89,ND2,1,3.333222225925803e-05
ILE,407,N,LEU,403,O,1,3.333222225925803e-05
GLU,411,N,GLU,411,OE1,1,3.333222225925803e-05
GLY,412,N,LEU,409,O,1,3.333222225925803e-05
ARG,415,NH2,GLU,115,OE1,1,3.333222225925803e-05
ARG,415,NH2,LEU,312,O,1,3.333222225925803e-05
ARG,415,NH2,TYR,326,OH,1,3.333222225925803e-05
ASN,428,ND2,PRO,306,O,1,3.333222225925803e-05
ASN,428,ND2,GLN,427,O,1,3.333222225925803e-05
SER,430,OG,PHE,429,O,1,3.333222225925803e-05
SER,430,OG,SER,430,O,1,3.333222225925803e-05
SER,430,OG,ARG,463,O,1,3.333222225925803e-05
SER,430,OG,ARG,463,OXT,1,3.333222225925803e-05
SER,433,OG,ALA,432,O,1,3.333222225925803e-05
THR,455,OG1,TYR,175,OH,1,3.333222225925803e-05
TYR,456,OH,LEU,284,N,1,3.333222225925803e-05
ILE,458,N,GLN,457,OE1,1,3.333222225925803e-05
ARG,459,NE,ALA,135,O,1,3.333222225925803e-05
ARG,463,NE,GLU,294,OE1,1,3.333222225925803e-05
