donor_resname,donor_resid,donor_atom,acceptor_resname,acceptor_resid,acceptor_atom,count,frequency
ARG,330,NH2,GLU,327,OE1,28876,0.9625012499583347
ASN,381,N,GLU,327,OE1,28872,0.9623679210692977
THR,424,OG1,LEU,420,O,28546,0.9515016166127795
ARG,330,NE,GLU,327,OE2,28314,0.9437685410486317
THR,239,OG1,ASP,235,O,28188,0.9395686810439652
VAL,40,N,VAL,47,O,28044,0.934768841038632
TYR,456,OH,ARG,280,O,27910,0.9303023232558915
VAL,101,N,ARG,97,O,27777,0.9258691376954101
LEU,168,N,ASP,164,O,27776,0.9258358054731509
THR,177,OG1,LEU,173,O,27700,0.9233025565814473
VAL,343,N,THR,358,O,27692,0.9230358988033732
VAL,155,N,ILE,151,O,27589,0.9196026799106697
ILE,458,N,MET,137,O,27587,0.9195360154661512
GLU,301,N,TYR,297,O,27534,0.9177694076864105
ARG,330,NH1,LEU,368,O,27465,0.9154694843505217
GLU,273,N,PHE,269,O,27157,0.9052031598946702
SER,145,OG,PHE,141,O,27068,0.9022365921135962
SER,365,OG,ASP,333,OD2,27059,0.9019366021132629
HIP,384,N,ASN,381,O,27039,0.9012699576680777
THR,321,OG1,GLU,299,OE1,27019,0.9006033132228926
THR,423,N,PHE,419,O,27015,0.9004699843338555
PHE,385,N,PRO,382,O,26939,0.8979367354421519
PHE,349,N,TYR,352,O,26936,0.8978367387753742
LYS,94,N,GLY,90,O,26932,0.8977034098863371
PHE,361,N,VAL,48,O,26919,0.8972700909969668
TYR,175,N,LEU,171,O,26917,0.8972034265524482
SER,182,OG,PHE,178,O,26897,0.8965367821072631
GLN,176,N,ASN,172,O,26889,0.8962701243291891
THR,277,OG1,GLU,273,O,26840,0.8946368454384854
LEU,210,N,VAL,206,O,26803,0.8934035532148928
THR,423,OG1,PHE,419,O,26745,0.8914702843238559
THR,264,OG1,LEU,260,O,26739,0.8912702909903003
PHE,178,N,PHE,174,O,26686,0.8895036832105596
VAL,48,N,GLU,359,O,26643,0.8880703976534116
GLN,144,NE2,GLU,273,OE1,26635,0.8878037398753374
ARG,70,NH1,ILE,86,O,26488,0.8829039032032265
ASP,387,N,ALA,391,O,26487,0.8828705709809673
THR,278,OG1,THR,274,O,26480,0.8826372454251525
ASN,428,ND2,THR,424,O,26474,0.882437252091597
ASP,238,N,ASP,235,OD1,26426,0.8808373054231525
LEU,241,N,ILE,237,O,26252,0.8750374987500417
ALA,148,N,GLN,144,O,26025,0.8674710842971901
ILE,146,N,LEU,142,O,26023,0.8674044198526716
CYS,152,N,ALA,148,O,26005,0.866804439852005
MET,49,N,PHE,38,O,26004,0.8667711076297456
PHE,160,N,ASN,149,OD1,25892,0.8630378987367088
THR,347,N,ILE,354,O,25858,0.861904603179894
PHE,143,N,PRO,139,O,25814,0.8604379854004867
GLN,427,NE2,ARG,308,O,25748,0.8582380587313756
SER,430,N,LEU,461,O,25642,0.8547048431718943
ILE,300,N,VAL,296,O,25608,0.8535715476150795
THR,358,OG1,PRO,355,O,25562,0.8520382653911537
ASN,14,N,HIE,41,O,25545,0.8514716176127463
ASN,363,N,LEU,50,O,25535,0.8511382953901536
ILE,354,N,THR,347,O,25392,0.8463717876070798
VAL,95,N,ASN,91,O,25185,0.8394720175994134
SER,276,N,THR,272,O,25179,0.8392720242658578
HID,341,N,VAL,360,O,25120,0.8373054231525616
PHE,38,N,MET,49,O,24996,0.8331722275924136
ASP,164,N,HIE,161,O,24911,0.8303389887003767
GLY,84,N,ASN,259,OD1,24891,0.8296723442551915
LEU,60,N,ILE,56,O,24776,0.8258391386953768
MET,137,N,ILE,458,O,24747,0.8248725042498584
PHE,283,N,LEU,279,O,24690,0.8229725675810806
LYS,356,N,HIE,346,ND1,24684,0.822772574247525
PHE,195,N,PHE,192,O,24601,0.8200059998000067
ARG,98,N,LYS,94,O,24576,0.8191726942435252
HIE,41,N,ASN,14,OD1,24542,0.8180393986867105
LEU,9,N,GLY,13,O,24444,0.8147728409053031
THR,39,N,PRO,4,O,24401,0.813339555348155
PHE,331,N,GLU,327,O,24371,0.8123395886803774
THR,347,OG1,GLN,345,O,24200,0.8066397786740442
GLN,329,N,ILE,325,O,24194,0.8064397853404887
THR,424,N,LEU,420,O,24178,0.8059064697843406
LEU,171,N,PHE,167,O,24067,0.8022065931135629
ARG,31,N,PHE,27,O,24042,0.8013732875570815
VAL,303,N,GLU,299,O,23996,0.7998400053331556
SER,365,N,PRO,336,O,23969,0.7989400353321556
SER,100,N,LEU,96,O,23933,0.7977400753308223
MET,244,N,TYR,240,O,23829,0.7942735242158595
THR,103,OG1,PHE,99,O,23798,0.7932402253258225
GLY,305,N,ILE,300,O,23699,0.7899403353221559
ARG,97,N,TRP,93,O,23640,0.7879737342088597
TYR,326,N,GLU,322,O,23634,0.7877737408753042
LYS,393,N,PHE,385,O,23618,0.7872404253191561
SER,433,OG,GLN,457,O,23604,0.7867737742075264
LEU,279,N,THR,275,O,23460,0.7819739342021933
VAL,221,N,ILE,217,O,23421,0.7806739775340822
ALA,122,N,ILE,118,O,23300,0.776640778640712
VAL,360,N,HID,341,O,23190,0.7729742341921936
SER,332,OG,ILE,328,O,23164,0.7721075964134528
GLY,218,N,ASN,214,O,23122,0.7707076430785641
ASN,214,N,LEU,210,O,23098,0.7699076697443419
LEU,50,N,PHE,361,O,23080,0.7693076897436752
THR,344,N,ALA,66,O,23066,0.7688410386320456
ILE,217,N,ILE,213,O,23058,0.7685743808539716
ARG,298,N,GLU,294,O,23042,0.7680410652978235
VAL,206,N,ALA,202,O,23013,0.767074430852305
THR,321,N,GLU,299,OE1,23002,0.7667077764074531
ARG,57,N,VAL,53,O,23000,0.7666411119629346
LEU,368,N,LEU,364,O,22989,0.7662744575180828
THR,275,OG1,GLY,271,O,22962,0.7653744875170828
PHE,99,N,VAL,95,O,22939,0.7646078464051198
LEU,129,N,LEU,125,O,22921,0.7640078664044532
SER,193,N,PHE,189,O,22862,0.762041265291157
ASN,259,ND2,GLU,254,O,22850,0.7616412786240458
LEU,426,N,PHE,422,O,22845,0.7614746175127496
GLY,71,N,PRO,340,O,22815,0.7604746508449718
TYR,34,N,PHE,30,O,22812,0.760374654178194
PHE,192,N,LEU,188,O,22744,0.7581080630645645
LYS,223,N,HIE,219,O,22691,0.7563414552848239
ILE,452,N,GLU,446,O,22691,0.7563414552848239
GLU,322,N,MET,318,O,22656,0.7551748275057498
LEU,125,N,GLU,121,O,22590,0.7529749008366388
THR,102,OG1,ARG,98,O,22505,0.7501416619446019
TYR,83,N,PHE,80,O,22406,0.7468417719409353
ARG,308,NH1,ASP,314,OD1,22401,0.746675110829639
ILE,181,N,THR,177,O,22396,0.7465084497183427
GLU,327,N,ALA,323,O,22385,0.7461417952734909
TYR,240,OH,SER,256,O,22349,0.7449418352721576
THR,274,OG1,ALA,270,O,22318,0.7439085363821206
TYR,297,N,ALA,293,O,22105,0.7368087730408986
LEU,285,N,TYR,281,O,22094,0.7364421185960468
LEU,262,N,GLN,258,O,22055,0.7351421619279357
ASP,383,N,ASN,381,OD1,21964,0.7321089297023432
LEU,461,N,SER,430,O,21941,0.7313422885903803
GLU,222,N,GLY,218,O,21938,0.7312422919236026
LEU,196,N,PHE,192,O,21855,0.7284757174760841
THR,39,OG1,PRO,3,O,21847,0.7282090596980101
PHE,268,N,THR,264,O,21723,0.7240758641378621
LYS,234,N,ASP,238,OD1,21717,0.7238758708043065
ILE,328,N,VAL,324,O,21715,0.723809206359788
SER,100,OG,LEU,96,O,21597,0.7198760041331955
ARG,45,NH2,GLU,190,OE2,21504,0.7167761074630845
PHE,80,N,VAL,76,O,21453,0.7150761641278625
ASP,19,N,SER,26,OG,21332,0.7110429652344922
HID,243,ND1,THR,239,O,21148,0.7049098363387887
VAL,324,N,TYR,320,O,21042,0.7013766207793074
SER,145,N,PHE,141,O,21028,0.7009099696676777
LYS,208,N,ARG,204,O,21005,0.7001433285557148
THR,147,OG1,PHE,143,O,20994,0.699776674110863
GLY,282,N,THR,278,O,20969,0.6989433685543815
GLN,119,N,GLU,115,O,20939,0.6979434018866038
THR,103,N,PHE,99,O,20871,0.6956768107729743
ILE,325,N,THR,321,O,20857,0.6952101596613446
ASN,209,N,GLN,205,O,20805,0.6934768841038632
ALA,323,N,PRO,319,O,20754,0.691776940768641
ASN,149,N,SER,145,O,20736,0.6911769607679744
THR,264,N,LEU,260,O,20638,0.6879104029865671
GLN,427,NE2,GLY,305,O,20610,0.6869771007633079
ARG,280,N,SER,276,O,20570,0.6856438118729375
ASN,14,ND2,GLN,17,OE1,20402,0.6800439985333823
PHE,269,N,LEU,265,O,20324,0.67744408519716
TYR,281,OH,LEU,442,O,19958,0.6652444918502717
GLN,211,N,TYR,207,O,19948,0.664911169627679
ASN,250,N,GLU,247,O,19827,0.6608779707343089
LEU,188,N,VAL,184,O,19802,0.6600446651778274
ILE,126,N,ALA,122,O,19794,0.6597780073997533
ARG,225,N,VAL,221,O,19783,0.6594113529549015
GLN,144,N,THR,140,O,19549,0.6516116129462352
PHE,422,N,LEU,418,O,19497,0.6498783373887537
LEU,96,N,ARG,92,O,19492,0.6497116762774574
ARG,459,N,ALA,432,O,19436,0.647845071830939
SER,179,N,TYR,175,O,19387,0.6462117929402353
ASN,261,N,HIE,257,O,19285,0.642811906269791
ASN,149,ND2,PHE,160,O,19237,0.6412119596013466
ILE,353,N,ARG,1,O,19215,0.6404786507116429
TYR,281,N,THR,277,O,19208,0.6402453251558281
VAL,296,N,VAL,292,O,19208,0.6402453251558281
PHE,374,N,ASP,370,O,19174,0.6391120295990134
ASN,259,N,SER,256,OG,19122,0.637378754041532
ILE,56,N,GLY,52,O,19081,0.6360121329289024
SER,26,OG,GLY,22,O,19016,0.6338455384820506
GLU,32,N,LEU,28,O,19001,0.6333455551481617
GLY,52,N,THR,366,OG1,19000,0.6333122229259025
GLN,17,NE2,ARG,7,O,18987,0.6328789040365321
TYR,207,N,HIE,203,O,18972,0.6323789207026432
ASN,172,N,LEU,168,O,18869,0.6289457018099397
ASN,263,N,ASN,259,O,18847,0.628212392920236
GLY,338,N,LEU,335,O,18783,0.6260791306956435
TYR,162,OH,GLU,121,OE1,18720,0.6239792006933103
MET,318,N,ARG,315,O,18698,0.6232458918036066
ARG,81,N,ASP,77,O,18660,0.6219792673577548
VAL,76,N,ILE,73,O,18611,0.6203459884670511
ASN,14,ND2,PRO,6,O,18572,0.61904603179894
ASP,77,N,ILE,73,O,18534,0.6177794073530882
LEU,180,N,GLN,176,O,18467,0.615546148461718
THR,277,N,GLU,273,O,18464,0.6154461517949402
THR,177,N,LEU,173,O,18448,0.614912836238792
ARG,70,NH1,HM1,464,O1A,18374,0.6124462517916069
ARG,406,NH1,ALA,88,O,18358,0.6119129362354588
ARG,92,NH1,GLY,82,O,18265,0.6088130395653478
THR,102,N,ARG,98,O,18257,0.6085463817872737
LEU,265,N,ASN,261,O,18191,0.6063464551181628
THR,274,N,ALA,270,O,18054,0.6017799406686444
LYS,317,N,ASP,314,O,17999,0.5999466684443852
SER,193,OG,PHE,189,O,17988,0.5995800139995333
GLY,448,N,GLY,450,O,17951,0.5983467217759408
ASN,149,ND2,GLU,121,OE1,17937,0.5978800706643111
ALA,432,N,ARG,459,O,17915,0.5971467617746075
ARG,70,NH2,HM1,464,O2A,17774,0.5924469184360521
PHE,398,N,THR,395,O,17686,0.5895136828772374
GLY,22,N,ASP,19,O,17675,0.5891470284323855
ILE,213,N,ASN,209,O,17650,0.5883137228759041
ALA,74,N,GLU,190,OE1,17631,0.5876804106529783
TYR,373,N,ASP,370,O,17447,0.5815472817572748
GLU,294,N,PRO,290,O,17402,0.5800473317556082
PHE,174,N,MET,170,O,17393,0.5797473417552749
GLN,119,NE2,PRO,310,O,17391,0.5796806773107563
ILE,118,N,VAL,114,O,17379,0.5792806906436452
LYS,131,N,GLU,127,O,17293,0.5764141195293491
LYS,288,NZ,ILE,440,O,17193,0.5730808973034233
GLU,226,N,GLU,222,O,17191,0.5730142328589047
LYS,63,N,GLU,58,O,17097,0.5698810039665344
ARG,308,NH2,ASP,314,OD2,17022,0.5673810872970901
GLU,311,N,ASP,314,OD1,17017,0.5672144261857938
GLU,58,N,GLU,54,O,16968,0.5655811472950901
GLU,247,N,HID,243,O,16946,0.5648478384053864
HIE,219,N,ALA,215,O,16878,0.562581247291757
ALA,59,N,ALA,55,O,16853,0.5617479417352755
PHE,30,N,SER,26,O,16827,0.5608813039565348
HIP,224,N,SER,220,O,16820,0.56064797840072
MET,104,N,SER,100,O,16729,0.5576147461751275
PHE,67,N,LYS,63,O,16681,0.5560147995066831
MET,286,N,GLY,282,O,16665,0.555481483950535
THR,239,N,ASP,235,O,16626,0.5541815272824239
SER,68,OG,GLU,65,O,16596,0.5531815606146462
SER,179,OG,TYR,175,O,16343,0.5447485083830539
THR,140,OG1,ASP,138,OD2,16327,0.5442151928269058
ARG,295,N,HIE,291,O,16325,0.5441485283823873
PHE,189,N,PHE,185,O,16284,0.5427819072697577
ARG,97,NH1,ILE,407,O,16184,0.5394486850438319
LYS,451,NZ,ASP,333,OD1,16045,0.534815506149795
LEU,260,N,SER,256,O,15945,0.5314822839238692
TYR,320,N,GLU,299,OE2,15911,0.5303489883670545
CYS,51,N,ASP,36,O,15886,0.5295156828105729
GLY,390,N,ASP,387,O,15886,0.5295156828105729
SER,183,OG,LEU,180,O,15837,0.5278824039198693
ARG,130,N,ILE,126,O,15556,0.5185160494650178
LEU,242,N,ASP,238,O,15480,0.5159828005733142
GLU,127,N,GLN,123,O,15461,0.5153494883503883
ASP,62,N,ARG,57,O,15413,0.513749541681944
THR,366,OG1,ASN,363,O,15411,0.5136828772374255
LEU,173,N,LYS,169,O,15394,0.513116229459018
LYS,288,N,LEU,284,O,15311,0.5103496550114996
ASP,370,N,ALA,367,O,15220,0.5073164227859072
HIP,224,NE2,ASP,235,OD2,15200,0.506649778340722
THR,227,OG1,LYS,223,O,15019,0.5006166461117962
ALA,416,N,ILE,413,O,15016,0.5005166494450185
TRP,93,N,ASN,89,O,14996,0.49985000499983334
HID,341,ND1,PHE,67,O,14938,0.4979167361087964
ARG,97,NH1,HM1,464,O1D,14932,0.4977167427752408
TYR,352,N,PHE,349,O,14895,0.4964834505516483
TRP,93,NE1,HM1,464,O1D,14862,0.49538348721709274
THR,366,N,ASN,363,OD1,14804,0.4934502183260558
GLU,121,N,ARG,117,O,14734,0.4911169627679077
HIP,384,NE2,GLU,375,O,14699,0.4899503349888337
THR,140,N,ASP,138,OD2,14698,0.48991700276657446
THR,272,OG1,PHE,268,O,14681,0.48935035498816704
PHE,429,N,ILE,425,O,14664,0.48878370720975967
ARG,117,NH1,SER,153,OG,14601,0.4866837772074264
LYS,169,N,GLN,165,O,14509,0.4836172127595747
THR,443,OG1,ASP,441,OD1,14480,0.4826505783140562
SER,153,N,ASN,149,O,14443,0.48141728609046364
SER,220,N,TYR,216,O,14376,0.47918402719909337
GLN,144,NE2,LEU,171,O,14360,0.47865071164294526
LYS,288,NZ,PRO,437,O,14358,0.47858404719842673
PHE,255,N,SER,253,OG,14352,0.47838405386487115
LYS,111,N,GLY,108,O,14348,0.47825072497583415
LEU,420,N,ALA,416,O,14316,0.4771840938635379
ASP,106,N,THR,102,O,14301,0.476684110529649
TYR,289,N,LEU,285,O,14095,0.46981767274424185
SER,231,OG,ASP,229,OD1,13988,0.46625112496250126
HIP,384,ND1,GLU,327,OE2,13944,0.4647845071830939
GLY,194,N,LEU,191,O,13862,0.4620512649578347
ALA,135,N,SER,132,O,13855,0.46181793940201993
ARG,45,NH1,GLU,359,OE1,13852,0.46171794273524214
ARG,45,NH2,GLU,190,O,13843,0.4614179527349088
ALA,215,N,GLN,211,O,13836,0.46118462717909403
GLU,120,N,GLU,116,O,13725,0.4574847505083164
HID,369,ND1,SER,365,O,13598,0.45325155828139063
THR,275,N,GLY,271,O,13585,0.45281823939202026
THR,443,N,ASP,441,OD1,13425,0.447485083830539
THR,443,OG1,ASP,441,OD2,13425,0.447485083830539
ALA,293,N,TYR,289,O,13416,0.44718509383020566
GLN,427,N,THR,423,O,13358,0.4452518249391687
ASN,209,ND2,THR,177,OG1,13260,0.44198526715776143
PHE,27,N,LEU,23,O,13204,0.44011866271124295
LEU,236,N,ILE,154,O,13064,0.4354521515949468
SER,231,OG,ASP,229,OD2,12898,0.42991900269991
ILE,425,N,PHE,421,O,12881,0.42935235492150264
THR,140,OG1,ASP,138,OD1,12877,0.4292190260324656
GLU,128,N,CYS,124,O,12858,0.4285857138095397
TYR,240,N,LEU,236,O,12816,0.42718576047465084
ARG,330,N,TYR,326,O,12656,0.42185260491316956
ARG,308,NH1,PRO,309,O,12647,0.42155261491283624
LEU,386,N,ASP,383,O,12561,0.4186860437985401
THR,278,N,THR,274,O,12541,0.4180193993533549
GLU,245,N,LEU,241,O,12533,0.4177527415752808
ASN,263,ND2,SER,100,OG,12486,0.4161861271290957
ASP,314,N,GLU,311,O,12464,0.415452818239392
LYS,246,N,LEU,242,O,12430,0.41431952268257727
THR,443,N,ASP,441,OD2,12336,0.411186293790207
CYS,124,N,GLU,120,O,12147,0.40488650378320723
LEU,15,N,LEU,12,O,11989,0.3996200126662445
ILE,413,N,GLY,410,O,11921,0.39735342155261494
ILE,342,N,GLY,69,O,11894,0.39645345155161493
LEU,191,N,LEU,188,O,11863,0.39542015266157793
TYR,216,N,GLU,212,O,11730,0.39098696710109665
ILE,304,N,ILE,300,O,11725,0.39082030598980033
ALA,232,N,ASP,229,O,11640,0.3879870670977634
THR,140,N,ASP,138,OD1,11628,0.3875870804306523
ALA,397,N,THR,395,OG1,11451,0.38168727709076367
SER,182,N,PHE,178,O,11430,0.38098730042331924
ARG,21,N,ASP,19,OD1,11388,0.3795873470884304
GLN,123,N,GLN,119,O,11382,0.3793873537548748
ASN,261,ND2,ASN,214,OD1,11271,0.3756874770840972
ILE,151,N,THR,147,O,11263,0.3754208193060231
LEU,287,N,PHE,283,O,11213,0.3737542081930602
ARG,130,NH2,GLU,127,OE1,11189,0.37295423485883805
SER,231,N,ASP,229,OD1,11120,0.37065431152294925
SER,183,N,LEU,180,O,11097,0.3698876704109863
LYS,158,N,CYS,152,O,11031,0.3676877437418753
ARG,29,N,LYS,25,O,10992,0.3663877870737642
LEU,267,N,ASN,263,O,10948,0.36492116929435686
TRP,93,NE1,HM1,464,O2D,10895,0.36315456151461617
ARG,225,NH2,GLU,222,OE1,10823,0.3607546415119496
SER,276,OG,THR,272,O,10735,0.3578214059531349
ARG,463,NH1,GLU,294,OE1,10699,0.3566214459518016
PHE,79,N,VAL,76,O,10609,0.3536215459484684
HID,243,N,THR,239,O,10559,0.3519549348355055
ARG,225,NH2,GLU,222,OE2,10405,0.34682177260757974
ARG,105,NH2,ASP,106,OD2,10336,0.34452184927169094
ARG,45,NH1,GLU,359,OE2,10286,0.34285523815872804
SER,231,N,ASP,229,OD2,10263,0.3420885970467651
ARG,105,NE,ASP,106,OD1,10254,0.34178860704643177
GLN,445,N,ILE,452,O,10251,0.34168861037965403
PHE,421,N,GLU,417,O,10200,0.33998866704443187
ARG,463,NH2,GLU,294,OE2,10121,0.3373554214859505
MET,18,N,ASN,14,O,10080,0.3359888003733209
SER,253,OG,GLU,247,OE2,10080,0.3359888003733209
SER,132,OG,GLU,128,O,9947,0.33155561481283957
PHE,156,N,CYS,152,O,9937,0.331222292590247
LEU,28,N,LEU,24,O,9851,0.3283557214759508
ARG,105,NE,ASP,106,OD2,9761,0.3253558214726176
ARG,117,N,SER,113,O,9749,0.3249558348055065
ARG,130,NH2,GLU,127,OE2,9707,0.32355588147061765
ALA,414,N,GLY,410,O,9647,0.32155594813506216
ALA,379,N,LYS,376,O,9641,0.32135595480150664
LEU,284,N,ARG,280,O,9629,0.32095596813439553
ASP,357,N,VAL,343,O,9613,0.32042265257824737
LYS,234,NZ,ASP,238,OD1,9489,0.3162894570180994
ARG,21,N,ASP,19,OD2,9460,0.31532282257258093
ARG,57,NH2,GLU,54,OE1,9444,0.31478950701643277
MET,170,N,GLU,166,O,9333,0.3110896303456551
SER,132,N,GLU,128,O,9268,0.3089230358988034
SER,266,N,LEU,262,O,9267,0.3088897036765441
ARG,406,NE,HM1,464,O2D,9251,0.308356388120396
ASP,439,N,ALA,436,O,9228,0.30758974700843306
HIE,203,NE2,PHE,199,O,9188,0.30625645811806274
ARG,92,NE,GLU,254,OE2,9163,0.30542315256158126
ARG,105,NH2,ASP,106,OD1,9128,0.30425652478250725
LYS,356,NZ,ASP,357,OD1,8961,0.2986900436652112
ARG,117,NH2,ARG,112,O,8955,0.2984900503316556
ARG,70,N,ASN,89,OD1,8944,0.29812339588680375
GLN,17,N,ASN,14,O,8914,0.297123429219026
ARG,21,NE,ASP,19,OD1,8899,0.29662344588513717
ARG,225,NE,GLU,222,OE2,8847,0.29489017032765574
PHE,199,N,LEU,196,O,8833,0.2944235192160261
ASN,214,ND2,GLN,211,OE1,8816,0.29385687143761874
GLY,412,N,LEU,409,O,8770,0.2923235892136929
SER,332,N,ILE,328,O,8741,0.2913569547681744
HIE,372,N,ASP,370,OD1,8740,0.29132362254591515
LYS,356,NZ,ASP,357,OD2,8690,0.28965701143295225
ARG,225,NE,GLU,222,OE1,8607,0.2868904369854338
THR,344,OG1,ALA,66,O,8606,0.28685710476317455
ARG,315,NH2,GLU,322,OE1,8560,0.2853238225392487
ARG,463,NH2,GLU,294,OE1,8560,0.2853238225392487
ARG,463,N,ASN,428,O,8523,0.2840905303156561
GLY,271,N,SER,266,O,8519,0.2839572014266191
SER,402,N,ILE,399,O,8476,0.282523915869471
LYS,248,NZ,GLU,245,OE2,8277,0.27589080363987867
ARG,112,NH2,GLU,120,OE2,8269,0.2756241458618046
THR,272,OG1,LEU,267,O,8214,0.2737908736375454
ARG,45,NE,LEU,42,O,8028,0.2675910802973234
ARG,112,NH1,GLU,120,OE1,7982,0.2660577980733976
ARG,21,NH2,ASP,19,OD2,7946,0.26485783807206426
LYS,248,NZ,GLU,245,OE1,7920,0.26399120029332357
ALA,88,N,VAL,85,O,7916,0.2638578714042865
LYS,133,N,ARG,130,O,7900,0.2633245558481384
GLU,116,N,SER,113,OG,7823,0.2607579747341755
ALA,66,N,LYS,63,O,7811,0.26035798806706445
SER,26,N,GLY,22,O,7686,0.25619146028465717
ARG,112,NH2,GLU,120,OE1,7649,0.25495816806106464
ASN,428,N,THR,424,O,7630,0.25432485583813874
ARG,57,NH2,GLU,54,OE2,7624,0.25412486250458316
ARG,315,NE,GLU,322,OE1,7623,0.2540915302823239
ARG,159,NE,GLU,121,OE2,7596,0.25319156028132395
VAL,85,N,ASN,263,OD1,7522,0.2507249758341389
HIP,224,ND1,SER,220,O,7515,0.25049165027832404
ARG,92,NE,GLU,254,OE1,7442,0.24805839805339822
VAL,47,N,VAL,40,O,7412,0.24705843138562048
ARG,463,NH1,GLU,294,OE2,7398,0.24659178027399087
ALA,270,N,LEU,265,O,7372,0.24572514249525015
ARG,112,NH1,GLU,120,OE2,7348,0.24492516916102797
VAL,292,N,TYR,289,O,7321,0.244025199160028
ARG,159,NH2,GLU,121,OE1,7302,0.2433918869371021
SER,253,OG,GLU,247,OE1,7281,0.24269191026965767
GLY,134,N,PHE,460,O,7249,0.24162527915736143
GLN,205,NE2,ASN,209,OD1,7229,0.24095863471217627
HIP,384,ND1,GLU,327,OE1,7225,0.24082530582313924
ARG,415,N,GLY,410,O,7222,0.24072530915636145
GLU,212,N,LYS,208,O,7186,0.23952534915502816
ASN,149,ND2,GLU,121,OE2,7156,0.23852538248725041
HIE,372,N,ASP,370,OD2,7108,0.23692543581880604
ILE,154,N,ILE,151,O,7086,0.23619212692910235
ARG,315,NH2,GLU,322,OE2,7062,0.23539215359488017
ARG,29,NH2,GLU,32,OE1,7056,0.2351921602613246
TYR,162,OH,GLU,121,OE2,7048,0.23492550248325056
ARG,315,NE,GLU,322,OE2,7030,0.23432552248258393
ILE,154,N,ILE,150,O,7009,0.2336255458151395
ARG,130,NE,GLU,127,OE2,7001,0.23335888803706542
ASN,389,ND2,ASP,387,OD1,6919,0.23062564581180628
ARG,315,NH1,ARG,415,O,6913,0.23042565247825073
SER,132,OG,LEU,129,O,6901,0.23002566581113962
THR,227,N,LYS,223,O,6883,0.22942568581047298
ASN,389,ND2,ASP,387,OD2,6868,0.22892570247658411
VAL,61,N,ARG,57,O,6858,0.22859238025399153
GLN,163,N,HIE,161,ND1,6858,0.22859238025399153
ARG,29,NE,GLU,32,OE2,6832,0.22772574247525082
LEU,24,N,GLN,187,OE1,6801,0.22669244358521382
ARG,298,NH1,GLU,301,OE2,6775,0.22582580580647313
ARG,21,NE,ASP,19,OD2,6774,0.22579247358421387
ARG,70,NH2,HM1,464,O1A,6716,0.22385920469317688
ASN,389,N,ASP,387,OD2,6680,0.22265924469184362
LYS,63,NZ,SER,348,O,6653,0.22175927469084364
ARG,70,NH2,HID,341,NE2,6637,0.2212259591346955
ASN,389,N,ASP,387,OD1,6633,0.22109263024565848
LEU,334,N,SER,332,O,6631,0.22102596580113995
ASP,106,N,VAL,101,O,6624,0.22079264024532516
ARG,295,NH1,ARG,295,O,6430,0.2143261891270291
PHE,419,N,ARG,415,O,6381,0.21269291023632544
ARG,31,NE,ASP,36,OD2,6273,0.2090930302323256
ARG,31,NH2,ASP,36,OD1,6243,0.20809306356454785
ARG,31,NH2,ASP,370,OD2,6214,0.20712642911902937
ASN,89,ND2,ARG,70,O,6203,0.20675977467417753
ARG,459,NH1,GLY,134,O,6197,0.20655978134062197
LYS,248,N,GLU,245,O,6196,0.2065264491183627
GLY,186,N,SER,183,OG,6177,0.2058931368954368
ARG,31,NH2,ASP,36,OD2,6155,0.20515982800573315
ILE,150,N,ILE,146,O,6099,0.2032932235592147
ARG,204,N,GLY,201,O,6086,0.20285990466984433
GLN,302,N,ARG,298,O,6080,0.2026599113362888
ARG,350,NE,GLU,58,OE1,6059,0.20195993466884438
ARG,130,NE,GLU,127,OE1,6033,0.20109329689010366
THR,455,OG1,GLN,445,OE1,5946,0.1981933935535482
ARG,21,NH2,ASP,19,OD1,5915,0.19716009466351123
GLU,299,N,ARG,295,O,5915,0.19716009466351123
ARG,117,NE,SER,113,O,5896,0.1965267824405853
GLY,35,N,ARG,31,O,5886,0.19619346021799272
ARG,159,NH1,GLU,121,OE2,5783,0.19276024132528916
ARG,406,NH2,HM1,464,O2D,5779,0.19262691243625213
ARG,415,NH2,GLU,322,OE2,5727,0.1908936368787707
VAL,435,N,SER,433,OG,5670,0.188993700209993
ARG,406,NH2,ALA,88,O,5660,0.18866037798740043
THR,227,N,HIP,224,O,5645,0.18816039465351156
ARG,29,NH2,GLU,32,OE2,5606,0.18686043798540047
LEU,23,N,GLN,187,OE1,5602,0.18672710909636345
HIE,252,N,ASN,250,OD1,5600,0.18666044465184495
ARG,315,N,GLU,311,O,5577,0.185893803539882
ARG,330,NH1,PRO,377,O,5577,0.185893803539882
ARG,105,N,VAL,101,O,5553,0.1850938302056598
ARG,415,NH1,GLN,329,OE1,5548,0.18492716909436352
ARG,117,NE,ARG,112,O,5528,0.18426052464917836
SER,113,OG,GLU,115,OE2,5500,0.18332722242591915
ARG,415,NH2,GLU,322,OE1,5487,0.18289390353654877
SER,249,N,LYS,246,O,5460,0.18199393353554882
ARG,112,NE,GLU,116,OE1,5426,0.18086063797873403
SER,68,N,GLU,65,O,5415,0.1804939835338822
ARG,298,NH1,GLU,301,OE1,5415,0.1804939835338822
ARG,81,NH1,PRO,78,O,5411,0.18036065464484516
ARG,29,NE,GLU,32,OE1,5331,0.17769407686410452
LYS,33,N,PHE,30,O,5326,0.17752741575280823
GLU,190,N,GLN,187,O,5302,0.17672744241858604
ARG,308,NH2,ASP,314,OD1,5288,0.17626079130695643
ARG,159,NH1,GLU,121,OE1,5276,0.17586080463984533
ARG,31,NE,ASP,36,OD1,5251,0.17502749908336387
ARG,350,NE,GLU,58,OE2,5200,0.17332755574814174
TYR,373,OH,GLU,396,OE1,5147,0.17156094796840105
ASN,250,ND2,GLU,247,OE1,5142,0.17139428685710476
ARG,57,NH2,GLU,396,OE1,5122,0.1707276424119196
HIE,252,NE2,GLU,254,OE1,5092,0.16972767574414185
SER,253,N,ASN,250,O,5074,0.16912769574347522
LYS,33,N,ARG,29,O,5063,0.16876104129862338
LYS,169,NZ,GLU,166,OE1,5050,0.16832772240925303
ARG,350,NH2,GLU,58,OE1,5036,0.1678610712976234
ARG,350,NH2,GLU,58,OE2,5032,0.16772774240858637
ARG,459,NE,GLY,134,O,5026,0.16752774907503082
TYR,297,OH,GLU,301,OE1,5018,0.16726109129695677
ASN,381,ND2,ASP,383,OD1,4938,0.16459451351621612
ARG,70,NE,PRO,340,O,4912,0.1637278757374754
ARG,31,NH2,ASP,370,OD1,4896,0.1631945601813273
SER,266,OG,LEU,262,O,4895,0.16316122795906804
SER,153,OG,ASN,149,O,4847,0.16156128129062364
ASN,261,ND2,HIE,257,O,4815,0.1604946501783274
HIE,161,N,ASP,164,OD1,4808,0.16026132462251258
ILE,440,N,ALA,436,O,4802,0.16006133128895703
ARG,112,NE,GLU,116,OE2,4764,0.15879470684310523
LYS,63,NZ,GLU,58,OE2,4752,0.15839472017599412
ALA,414,N,GLU,411,O,4718,0.15726142461917936
ALA,270,N,SER,266,O,4710,0.1569947668411053
ARG,97,NH2,ILE,407,O,4707,0.1568947701743275
ASN,250,ND2,GLU,247,OE2,4703,0.1567614412852905
ARG,57,NH1,GLU,54,OE2,4673,0.15576147461751275
ASN,381,ND2,ASP,383,OD2,4667,0.1555614812839572
LYS,169,NZ,GLU,166,OE2,4625,0.15416152794906837
SER,113,OG,GLU,115,OE1,4620,0.15399486683777208
SER,249,OG,LYS,246,O,4596,0.1531948935035499
ARG,463,NE,ARG,463,OXT,4589,0.15296156794773508
HIE,252,NE2,GLU,254,OE2,4581,0.15269491016966102
LYS,63,NZ,GLU,58,OE1,4562,0.1520615979467351
ILE,440,N,PRO,437,O,4536,0.1511949601679944
GLU,417,N,GLU,417,OE2,4515,0.15049498350055
ASN,209,ND2,GLN,205,O,4489,0.14962834572180927
ARG,463,NE,ARG,463,O,4487,0.14956168127729075
GLN,187,NE2,SER,183,O,4468,0.14892836905436485
ARG,315,N,LEU,312,O,4441,0.1480283990533649
SER,256,N,GLU,254,O,4405,0.1468284390520316
ASN,209,ND2,GLN,176,OE1,4369,0.1456284790506983
THR,358,N,PRO,355,O,4365,0.14549515016166129
ARG,298,NE,GLU,294,OE2,4347,0.14489517016099462
HIP,224,NE2,ASP,235,OD1,4343,0.1447618412719576
GLN,165,NE2,GLN,163,O,4310,0.1436618779374021
HID,369,N,THR,366,O,4304,0.14346188460384654
LEU,228,N,ARG,225,O,4218,0.14059531348955034
ARG,112,NH2,GLU,116,OE2,4217,0.14056198126729108
ARG,57,NH1,GLU,54,OE1,4190,0.13966201126629113
TYR,297,OH,GLU,301,OE2,4176,0.13919536015466152
GLY,13,N,LEU,9,O,4165,0.13882870570980968
MET,18,N,LEU,15,O,4156,0.13852871570947636
ARG,57,NH2,GLU,396,OE2,4123,0.13742875237492083
ARG,112,NH2,GLU,116,OE1,4101,0.13669544348521717
VAL,53,N,ASP,370,OD2,4054,0.13512882903903203
THR,147,N,PHE,143,O,4002,0.1333955534815506
GLU,417,N,ILE,413,O,3953,0.13176227459084697
LEU,418,N,ALA,414,O,3936,0.1311956268124396
ARG,159,NH1,GLU,120,OE1,3912,0.13039565347821738
ARG,159,NH1,GLU,120,OE2,3911,0.13036232125595815
THR,366,N,ASN,363,O,3900,0.1299956668111063
ARG,31,NH1,ASP,370,OD1,3880,0.12932902236592114
TYR,373,OH,GLU,396,OE2,3851,0.12836238792040267
ALA,74,N,GLU,190,OE2,3836,0.1278624045865138
GLY,450,N,ILE,181,O,3800,0.1266624445851805
SER,256,N,TYR,240,OH,3743,0.12476250791640278
LYS,72,NZ,ASP,77,OD1,3740,0.12466251124962502
LYS,72,NZ,GLU,359,OE2,3678,0.12259591346955101
ASN,89,ND2,SER,68,O,3677,0.12256258124729176
THR,366,OG1,ASN,363,OD1,3588,0.11959601346621779
ALA,316,N,HIE,313,O,3587,0.11956268124395854
GLU,417,N,GLU,417,OE1,3537,0.11789607013099564
LYS,131,NZ,GLU,128,OE1,3513,0.11709609679677344
SER,430,OG,PRO,462,O,3496,0.11652944901836605
ARG,31,NH1,ASP,370,OD2,3491,0.11636278790706976
ALA,391,N,ASN,389,OD1,3425,0.11416286123795874
ARG,57,NE,GLU,54,OE2,3392,0.11306289790340322
GLN,187,NE2,CYS,447,O,3381,0.11269624345855138
GLN,187,N,SER,183,O,3373,0.11242958568047731
ASN,261,ND2,ASN,214,O,3358,0.11192960234658844
ALA,88,N,GLY,84,O,3316,0.11052964901169961
ARG,105,N,THR,102,O,3306,0.11019632678910703
LYS,234,NZ,ALA,232,O,3303,0.11009633012232925
LEU,386,N,PRO,382,O,3288,0.10959634678844038
LYS,317,NZ,ASP,314,OD2,3278,0.1092630245658478
GLU,166,N,ASP,164,OD2,3273,0.10909636345455151
ARG,57,NH1,GLU,396,OE2,3271,0.109029699010033
ASN,91,ND2,GLU,254,OE2,3225,0.10749641678610714
LYS,63,NZ,ASP,62,OD2,3205,0.10682977234092197
ASN,428,N,ILE,425,O,3202,0.1067297756741442
GLU,411,N,GLU,411,OE2,3199,0.10662977900736642
GLY,271,N,LEU,267,O,3175,0.10582980567314423
SER,249,N,MET,244,O,3103,0.10342988567047764
LYS,451,NZ,ASP,333,OD2,3088,0.10292990233658877
ILE,237,N,VAL,155,O,3059,0.1019632678910703
LEU,42,N,ARG,45,O,3058,0.10192993566881103
GLU,115,N,GLU,115,OE2,3058,0.10192993566881103
PHE,460,N,GLY,134,O,3051,0.10169661011299623
GLU,166,N,ASP,164,OD1,3042,0.10139662011266291
GLU,190,N,GLY,186,O,3011,0.10036332122262591
ARG,29,NH1,ASP,19,OD2,3003,0.10009666344455184
VAL,53,N,ASP,370,OD1,2994,0.09979667344421853
ALA,64,N,VAL,61,O,2986,0.09953001566614446
ARG,415,NE,GLU,322,OE2,2978,0.09926335788807039
ARG,92,NH2,GLU,254,OE1,2976,0.09919669344355188
LYS,72,NZ,GLU,359,OE1,2972,0.09906336455451485
ARG,415,NH2,GLU,417,OE2,2959,0.0986300456651445
GLN,163,NE2,GLU,128,OE2,2951,0.09836338788707043
SER,220,OG,TYR,216,O,2946,0.09819672677577414
ARG,298,NH2,GLU,294,OE2,2942,0.09806339788673711
TYR,373,OH,GLU,54,OE1,2928,0.09759674677510749
ALA,367,N,LEU,364,O,2924,0.09746341788607046
LYS,131,NZ,GLU,128,OE2,2915,0.09716342788573715
ARG,295,NH1,GLU,299,OE2,2911,0.0970300989967001
ARG,92,NH2,GLU,254,OE2,2887,0.09623012566247792
GLY,410,N,CM1,408,O,2885,0.0961634612179594
LYS,234,N,ASP,238,OD2,2814,0.09379687343755208
ARG,29,NH1,ASP,19,OD1,2812,0.09373020899303357
ARG,415,NH1,GLU,322,OE2,2798,0.09326355788140395
ARG,57,NH1,GLU,396,OE1,2761,0.0920302656578114
GLU,411,N,CM1,408,O,2741,0.09136362121262624
ARG,298,NE,GLU,294,OE1,2725,0.09083030565647812
LYS,63,NZ,ASP,62,OD1,2712,0.09039698676710776
LYS,72,NZ,ASP,77,OD2,2688,0.08959701343288556
ARG,415,NH2,GLU,417,OE1,2670,0.08899703343221893
ARG,330,NH2,PRO,377,O,2646,0.08819706009799673
GLY,43,N,HIE,41,O,2644,0.08813039565347822
ALA,316,N,LEU,312,O,2644,0.08813039565347822
GLN,163,NE2,GLU,128,OE1,2638,0.08793040231992266
ASN,91,ND2,GLU,254,OE1,2634,0.08779707343088564
GLU,115,N,SER,113,OG,2620,0.08733042231925603
LYS,248,N,MET,244,O,2595,0.08649711676277458
THR,272,N,LEU,267,O,2556,0.08519716009466351
ASN,363,ND2,LEU,50,O,2553,0.08509716342788573
GLN,445,NE2,PRO,453,O,2532,0.08439718676044132
ARG,45,NH2,GLU,190,OE1,2521,0.08403053231558948
GLY,186,N,SER,183,O,2494,0.08313056231458951
ARG,29,NH2,ASP,19,OD2,2493,0.08309723009233026
LEU,418,N,GLU,417,OE1,2484,0.08279724009199693
LYS,111,NZ,PRO,233,O,2478,0.08259724675844139
GLU,115,N,GLU,115,OE1,2451,0.08169727675744141
GLU,116,N,SER,113,O,2441,0.08136395453484883
ARG,463,NH1,LEU,426,O,2423,0.0807639745341822
ASP,333,N,PHE,331,O,2420,0.08066397786740442
GLU,411,N,GLU,411,OE1,2415,0.08049731675610813
ARG,415,NH1,GLU,322,OE1,2349,0.0782973900869971
GLN,119,NE2,GLU,311,OE2,2286,0.07619746008466384
THR,344,OG1,GLN,345,OE1,2266,0.07553081563947868
ALA,367,N,ASN,363,O,2264,0.07546415119496017
ARG,57,NH1,ASP,62,OD1,2256,0.0751974934168861
GLN,119,NE2,GLU,311,OE1,2225,0.07416419452684911
ARG,29,NH2,ASP,19,OD1,2191,0.07303089897003433
LEU,418,N,GLU,417,OE2,2149,0.0716309456351455
TYR,373,OH,GLU,54,OE2,2127,0.07089763674544182
ARG,57,NH2,ASP,62,OD2,2118,0.0705976467451085
GLN,211,NE2,TYR,207,OH,2115,0.07049765007833073
ALA,391,N,ASP,387,O,2113,0.07043098563381221
ARG,298,NH2,GLU,294,OE1,2106,0.0701976600779974
THR,455,N,GLN,445,OE1,2102,0.07006433118896037
LEU,23,N,GLN,187,O,2101,0.0700309989667011
ARG,57,NE,GLU,396,OE2,2096,0.06986433785540482
PHE,167,N,ASP,164,OD2,2068,0.0689310356321456
LEU,418,N,ARG,415,O,2053,0.06843105229825673
SER,402,OG,ARG,406,O,2029,0.06763107896403453
GLN,176,NE2,ASN,172,OD1,2021,0.06736442118596046
PHE,167,N,ASP,164,OD1,2006,0.06686443785207159
SER,132,N,LEU,129,O,1994,0.0664644511849605
ARG,406,NH2,VAL,85,O,1961,0.06536448785040498
ARG,57,NE,GLU,54,OE1,1946,0.06486450451651611
ASP,238,N,ASP,235,OD2,1936,0.06453118229392353
ARG,406,NH1,SER,68,O,1936,0.06453118229392353
PHE,107,N,ARG,105,O,1903,0.06343121895936803
PHE,67,N,ALA,64,O,1883,0.06276457451418287
ARG,57,NH1,ASP,62,OD2,1870,0.06233125562481251
ASN,250,ND2,GLU,247,O,1866,0.062197926735775476
ASN,172,ND2,LEU,168,O,1863,0.0620979300689977
PHE,27,N,LEU,24,O,1856,0.061864604513182896
LYS,356,NZ,THR,344,O,1818,0.06059798006733109
LYS,451,NZ,ASP,333,O,1818,0.06059798006733109
LYS,111,NZ,LYS,234,O,1815,0.06049798340055332
LYS,451,N,LEU,334,O,1808,0.06026465784473851
GLU,446,N,ILE,452,O,1788,0.05959801339955335
PHE,167,N,ASP,164,O,1779,0.05929802339922002
ARG,57,NE,GLU,396,OE1,1768,0.058931368954368187
PHE,87,N,GLY,84,O,1768,0.058931368954368187
SER,365,OG,ASP,333,OD1,1752,0.05839805339822006
LYS,451,NZ,PHE,331,O,1750,0.058331388953701546
ARG,330,NH1,HID,369,NE2,1744,0.05813139562014599
ARG,159,NH2,GLU,120,OE1,1738,0.057931402286590446
LEU,142,N,PRO,139,O,1732,0.0577314089530349
ARG,105,NE,GLU,411,OE1,1724,0.05746475117496083
ARG,92,N,ASN,89,OD1,1710,0.056998100063331225
ARG,350,NH1,GLU,58,OE2,1703,0.056764774507516415
ARG,159,NH2,GLU,120,OE2,1698,0.056598113396220125
THR,321,OG1,GLU,299,OE2,1694,0.05646478450718309
ARG,415,NE,GLU,417,OE2,1693,0.056431452284923835
LYS,246,N,HID,243,O,1682,0.056064797840072
GLN,445,NE2,THR,455,OG1,1675,0.055831472284257194
ARG,350,NH2,ASP,36,OD1,1647,0.05489817006099797
HIE,161,N,ASP,164,OD2,1641,0.05469817672744242
ARG,415,NE,GLU,417,OE1,1606,0.05353154894836839
GLN,123,NE2,GLN,119,O,1601,0.0533648878370721
GLN,302,NE2,ARG,298,O,1599,0.05329822339255358
GLN,205,N,GLN,205,OE1,1591,0.05303156561447952
ARG,415,NH2,GLN,329,OE1,1585,0.05283157228092397
ARG,225,NH2,GLU,226,OE2,1561,0.05203159894670178
THR,272,N,PHE,268,O,1561,0.05203159894670178
ARG,57,NH2,ASP,62,OD1,1539,0.0512982900569981
ASN,259,ND2,ARG,92,NE,1533,0.05109829672344255
LYS,317,NZ,HIE,313,O,1530,0.05099830005666478
ARG,350,NH1,GLU,58,OE1,1498,0.04993166894436852
ASP,106,N,THR,103,O,1492,0.04973167561081297
ARG,225,NH2,GLU,226,OE1,1492,0.04973167561081297
ARG,415,N,GLU,411,O,1487,0.04956501449951668
ARG,81,NH1,ASP,77,OD1,1485,0.04949835005499817
THR,321,N,GLU,299,OE2,1484,0.049465017832738906
SER,183,N,SER,179,O,1483,0.04943168561047965
ASN,259,ND2,GLU,254,OE2,1479,0.049298356721442615
GLU,438,N,GLU,438,OE1,1472,0.04906503116562781
THR,344,OG1,SER,68,OG,1459,0.048631712276257455
LEU,267,N,THR,264,O,1458,0.0485983800539982
ARG,81,NE,PRO,78,O,1455,0.04849838338722043
ARG,70,NH2,VAL,339,O,1420,0.0473317556081464
GLY,134,N,LEU,129,O,1400,0.04666511116296124
ARG,350,NE,ASP,36,OD2,1395,0.04649845005166495
GLN,205,N,GLY,201,O,1392,0.04639845338488717
LYS,393,NZ,ASP,383,O,1384,0.0461317956068131
ARG,105,NH2,GLU,411,OE1,1382,0.04606513116229459
GLY,201,N,PHE,199,O,1379,0.04596513449551681
ARG,298,NH1,GLU,294,OE1,1359,0.04529849005033165
SER,113,N,GLU,116,OE2,1357,0.04523182560581314
LYS,133,N,LEU,129,O,1335,0.044498516716109465
LYS,111,NZ,GLY,108,O,1330,0.044331855604813175
ARG,315,NH1,GLU,322,OE2,1328,0.044265191160294655
LYS,376,NZ,GLU,375,OE2,1325,0.044165194493516885
GLU,247,N,MET,244,O,1321,0.04403186560447985
GLN,187,NE2,GLY,448,O,1319,0.04396520115996133
ARG,81,NE,PHE,79,O,1315,0.043831872270924305
GLN,187,NE2,ILE,181,O,1313,0.043765207826405784
LYS,223,NZ,GLU,226,OE2,1298,0.043265224492516914
ARG,81,NH2,GLN,258,OE1,1296,0.0431985600479984
GLU,438,N,GLU,438,OE2,1293,0.043098563381220624
ILE,150,N,THR,147,O,1288,0.042931902269924334
THR,147,OG1,GLY,271,O,1287,0.04289857004766508
LYS,234,NZ,ASP,229,OD2,1277,0.0425652478250725
ARG,21,NH1,ARG,21,O,1265,0.0421652611579614
LYS,376,NZ,GLU,375,OE1,1254,0.04179860671310956
ARG,298,NH2,GLU,301,OE1,1248,0.04159861337955401
ARG,415,NE,GLU,322,OE1,1246,0.0415319489350355
GLU,396,N,GLU,396,OE2,1235,0.04116529449018366
LYS,234,NZ,ASP,229,OD1,1230,0.04099863337888737
CM1,408,N,PHE,401,O,1226,0.04086530448985034
GLU,396,N,GLU,396,OE1,1219,0.040631978934035536
LYS,223,NZ,GLU,226,OE1,1207,0.040231992266924435
GLU,212,N,ASN,209,O,1205,0.04016532782240592
SER,113,N,GLU,116,OE1,1203,0.0400986633778874
LYS,405,NZ,GLU,65,OE2,1197,0.039898670044331855
GLN,302,N,GLU,299,O,1192,0.039732008933035565
ARG,298,NH2,GLU,301,OE2,1180,0.03933202226592447
HIE,346,N,GLN,345,OE1,1172,0.039065364487850404
LYS,169,NZ,GLU,212,OE1,1162,0.038732042265257824
ARG,105,NE,GLU,411,OE2,1161,0.03869871004299857
GLN,345,NE2,THR,344,OG1,1154,0.038465384487183764
ARG,105,NH2,GLU,411,OE2,1146,0.0381987267091097
LYS,131,NZ,GLU,127,OE1,1126,0.037532082263924536
LYS,169,NZ,GLU,212,OE2,1121,0.037365421152628246
GLU,226,N,LYS,223,O,1121,0.037365421152628246
SER,402,OG,HM1,464,O2A,1117,0.03723209226359121
ARG,406,NE,HM1,464,O1A,1115,0.0371654278190727
LYS,72,N,GLU,359,OE2,1110,0.03699876670777641
ARG,117,NH1,SER,113,O,1087,0.03623212559581347
GLU,299,N,VAL,296,O,1087,0.03623212559581347
TYR,320,N,GLU,299,OE1,1085,0.03616546115129496
GLN,187,N,VAL,184,O,1070,0.03566547781740609
LYS,405,NZ,GLU,65,OE1,1053,0.0350988300389987
SER,113,OG,GLU,116,OE2,1041,0.034698843371887604
PHE,255,N,GLU,247,OE2,1040,0.03466551114962835
GLU,254,N,GLU,247,OE2,1038,0.03459884670510983
MET,109,N,PRO,233,O,1034,0.0344655178160728
HIE,203,N,GLY,201,O,1027,0.03423219226025799
ASN,214,ND2,ASN,261,OD1,1022,0.0340655311489617
ARG,308,NH1,ASP,314,OD2,1014,0.03379887337088764
LYS,131,NZ,GLU,127,OE2,993,0.033098896703443216
LYS,131,NZ,GLU,127,O,993,0.033098896703443216
THR,344,OG1,GLU,65,O,993,0.033098896703443216
ILE,407,N,LYS,405,O,980,0.032665577814072866
SER,183,OG,SER,179,O,966,0.03219892670244325
ASN,149,ND2,SER,145,O,958,0.031932268924369185
LYS,234,NZ,ASP,238,OD2,957,0.03189893670210993
GLN,205,NE2,GLN,176,OE1,953,0.031765607813072895
LYS,158,NZ,ARG,159,O,934,0.031132295590146995
ARG,406,NH1,ASN,89,OD1,934,0.031132295590146995
ARG,295,NH1,GLU,299,OE1,929,0.030965634478850704
GLN,144,NE2,GLU,273,OE2,928,0.030932302256591448
SER,253,OG,ASN,250,O,922,0.030732308923035898
GLY,69,N,ILE,342,O,921,0.03069897670077664
TYR,216,OH,GLU,166,OE1,914,0.030465651144961834
ARG,1,NE,LEU,2,O,913,0.030432318922702577
GLN,345,NE2,THR,347,OG1,912,0.030398986700443317
GLY,108,N,ASP,106,OD2,910,0.030332322255924804
SER,68,OG,ALA,64,O,904,0.030132328922369254
GLN,163,NE2,TYR,162,O,903,0.030098996700109997
THR,147,OG1,THR,275,OG1,900,0.029999000033332224
PHE,185,N,SER,183,OG,899,0.029965667811072964
HIE,313,N,GLU,311,OE1,894,0.029799006699776674
ARG,298,NE,GLU,301,OE2,887,0.029565681143961867
MET,170,N,PHE,167,O,884,0.029465684477184093
HIE,313,N,GLU,311,OE2,879,0.029299023365887803
GLN,211,NE2,TYR,207,O,877,0.029232358921369286
ARG,1,N,ILE,353,O,872,0.029065697810072996
ALA,416,N,GLY,412,O,872,0.029065697810072996
ARG,21,NH2,GLU,446,OE1,866,0.02886570447651745
ARG,225,NH1,GLU,222,OE1,865,0.028832372254258193
HID,369,N,SER,365,O,861,0.02869904336522116
TYR,216,OH,GLU,166,OE2,859,0.028632378920702643
LEU,364,N,LEU,362,O,849,0.028299056698110062
THR,227,OG1,HIP,224,O,841,0.028032398920036
GLN,258,N,GLN,258,OE1,838,0.027932402253258225
LYS,234,NZ,SER,231,OG,836,0.02786573780873971
LYS,234,NZ,THR,227,O,833,0.027765741141961935
LYS,111,NZ,ASP,106,OD2,826,0.02753241558614713
SER,113,OG,GLU,116,OE1,813,0.027099096696776775
GLN,345,NE2,GLU,65,O,808,0.026932435585480485
GLU,375,N,GLU,375,OE2,808,0.026932435585480485
GLN,165,N,GLN,165,OE1,807,0.026899103363221225
ASN,259,ND2,GLU,254,OE1,792,0.026399120029332354
ARG,29,NH2,GLN,17,O,790,0.02633245558481384
ARG,81,NH2,ASP,77,OD2,773,0.025765807806406454
ALA,436,N,ASP,439,OD1,767,0.025565814472850903
LYS,208,NZ,GLU,212,OE2,760,0.0253324889170361
ARG,29,NH1,GLN,17,O,758,0.025265824472517583
VAL,449,N,GLN,187,NE2,753,0.025099163361221293
GLY,90,N,ASN,89,OD1,751,0.025032498916702776
LYS,111,NZ,ASP,106,OD1,751,0.025032498916702776
LYS,246,NZ,HID,243,NE2,751,0.025032498916702776
SER,26,N,LEU,23,O,749,0.02496583447218426
ARG,117,N,VAL,114,O,747,0.024899170027665743
ARG,21,NH2,GLU,446,OE2,744,0.02479917336088797
TYR,281,OH,LYS,451,O,743,0.024765841138628713
VAL,449,N,GLN,187,OE1,737,0.024565847805073163
GLN,176,NE2,ASN,209,OD1,734,0.02446585113829539
ARG,45,N,GLY,43,O,732,0.024399186693776873
ARG,159,NH1,GLU,120,O,732,0.024399186693776873
LEU,312,N,GLU,311,OE2,723,0.024099196693443552
LYS,234,NZ,ASP,235,OD2,718,0.023932535582147262
ARG,350,NH2,GLU,54,OE1,718,0.023932535582147262
GLN,123,N,GLU,120,O,717,0.023899203359888002
LYS,25,N,GLY,22,O,715,0.02383253891536949
ARG,463,NH2,LEU,426,O,713,0.023765874470850972
PHE,192,N,PHE,189,O,708,0.023599213359554682
LYS,376,NZ,ASP,378,OD2,708,0.023599213359554682
LYS,376,NZ,ASP,378,OD1,705,0.02349921669277691
ARG,350,NH2,GLU,54,OE2,704,0.02346588447051765
LEU,312,N,GLU,311,OE1,703,0.023432552248258392
ALA,55,N,GLY,52,O,702,0.023399220025999132
GLY,134,N,SER,132,OG,700,0.02333255558148062
ARG,225,NH1,GLU,222,OE2,698,0.0232658911369621
GLN,187,NE2,SER,182,O,691,0.023032565581147295
LYS,131,N,GLU,128,O,689,0.022965901136628778
GLY,404,N,SER,402,OG,683,0.02276590780307323
ARG,81,NE,ASP,77,O,680,0.022665911136295458
SER,183,OG,GLU,446,OE2,680,0.022665911136295458
GLN,119,NE2,GLU,115,OE2,673,0.02243258558048065
ALA,436,N,ASP,439,OD2,673,0.02243258558048065
ARG,81,NH1,GLN,258,OE1,664,0.022132595580147327
ARG,112,NH1,GLU,116,OE1,662,0.02206593113562881
PHE,189,N,GLY,186,O,659,0.021965934468851037
SER,68,N,ALA,66,O,657,0.02189927002433252
MET,109,N,LYS,234,O,653,0.02176594113529549
GLU,311,N,ASP,314,OD2,651,0.021699276690776974
ILE,407,N,ARG,97,NH1,649,0.021632612246258457
LYS,405,NZ,ASN,89,O,647,0.02156594780173994
ASN,261,ND2,HIE,257,NE2,646,0.021532615579480684
ASN,214,ND2,ASN,214,O,642,0.02139928669044365
SER,183,OG,GLU,446,OE1,640,0.021332622245925137
GLN,123,NE2,GLN,119,OE1,635,0.021165961134628847
ARG,57,NE,ASP,62,OD1,632,0.02106596446785107
GLN,258,N,SER,256,OG,627,0.02089930335655478
SER,433,OG,VAL,435,O,622,0.020732642245258493
LYS,405,N,LEU,60,O,619,0.020632645578480716
GLN,176,NE2,ASN,172,O,617,0.020565981133962203
GLY,157,N,ILE,154,O,616,0.020532648911702943
LYS,33,NZ,ARG,29,O,614,0.020465984467184426
THR,275,OG1,GLU,417,OE2,611,0.020365987800406653
LEU,312,N,GLU,115,OE2,605,0.020165994466851106
ARG,112,NH1,GLU,116,OE2,604,0.020132662244591846
ARG,350,NH1,GLU,54,OE1,601,0.020032665577814072
ARG,298,NE,GLU,301,OE1,599,0.019966001133295556
SER,266,N,ASN,263,O,598,0.0199326689110363
ARG,415,NH2,GLU,322,O,594,0.019799340021999266
ARG,97,NH2,CM1,408,O,593,0.01976600779974001
THR,358,N,VAL,343,O,591,0.019699343355221492
GLU,375,N,GLU,375,OE1,591,0.019699343355221492
ASN,214,ND2,GLN,258,OE1,588,0.01959934668844372
THR,275,OG1,GLU,417,OE1,588,0.01959934668844372
ARG,105,NH1,GLU,411,OE2,585,0.019499350021665945
GLN,329,NE2,ILE,325,O,572,0.019066031132295592
LYS,72,N,GLU,359,OE1,571,0.01903269891003633
GLN,205,N,ALA,202,O,571,0.01903269891003633
GLN,302,NE2,GLU,301,OE1,568,0.01893270224325856
ARG,308,NE,ILE,304,O,566,0.01886603779874004
GLY,108,N,ASP,106,OD1,553,0.018432718909369688
GLY,22,N,ASP,19,OD2,544,0.018132728909036364
ARG,225,N,GLU,222,O,541,0.01803273224225859
ARG,20,NH1,LEU,15,O,540,0.017999400019999334
LYS,376,N,GLU,375,OE2,540,0.017999400019999334
LYS,246,NZ,GLU,247,OE1,539,0.017966067797740074
THR,102,OG1,ASP,106,OD2,533,0.017766074464184527
LYS,197,NZ,SER,193,O,533,0.017766074464184527
GLY,22,N,ASP,19,OD1,532,0.01773274224192527
LYS,208,NZ,GLU,212,OE1,527,0.01756608113062898
ARG,350,N,GLU,58,OE1,523,0.017432752241591947
LYS,393,NZ,ASP,387,OD1,523,0.017432752241591947
ASP,77,N,ALA,74,O,522,0.01739942001933269
MET,75,N,GLU,190,OE2,520,0.017332755574814174
ARG,20,NH1,MET,18,O,519,0.017299423352554914
ALA,388,N,ASP,387,OD1,519,0.017299423352554914
MET,104,N,VAL,101,O,512,0.01706609779674011
LYS,317,NZ,ASP,314,OD1,511,0.01703276557448085
LYS,111,NZ,MET,109,O,506,0.01686610446318456
TYR,175,OH,GLN,445,OE1,506,0.01686610446318456
LYS,376,N,GLU,375,OE1,505,0.016832772240925303
LYS,208,NZ,GLN,205,OE1,503,0.016766107796406787
ARG,45,NH1,LYS,72,O,502,0.01673277557414753
LEU,362,N,MET,337,O,502,0.01673277557414753
LYS,197,N,SER,193,O,501,0.01669944335188827
ARG,45,N,LEU,42,O,499,0.016632778907369753
LYS,208,NZ,GLN,211,OE1,499,0.016632778907369753
GLN,445,NE2,TYR,175,OH,494,0.016466117796073463
LEU,28,N,LYS,25,O,493,0.016432785573814206
ARG,57,NE,ASP,62,OD2,491,0.01636612112929569
PHE,268,N,LEU,265,O,490,0.016332788907036433
ARG,117,NH2,SER,153,O,486,0.0161994600179994
LEU,312,N,GLU,115,OE1,486,0.0161994600179994
ALA,391,N,ASP,387,OD1,485,0.016166127795740143
GLY,157,N,CYS,152,O,482,0.01606613112896237
ARG,81,NH2,ASP,77,OD1,481,0.01603279890670311
ALA,135,N,LYS,133,O,480,0.015999466684443853
SER,132,OG,GLU,128,OE1,475,0.015832805573147563
LEU,228,N,HIP,224,O,472,0.01573280890636979
SER,68,N,ILE,342,O,469,0.015632812239592012
LEU,24,N,CYS,447,O,458,0.015266157794740175
GLN,119,NE2,GLU,115,OE1,455,0.015166161127962402
ALA,202,N,PRO,200,O,452,0.015066164461184627
HIE,252,NE2,GLU,247,OE1,448,0.014932835572147595
ASN,250,ND2,HIE,252,ND1,447,0.014899503349888337
SER,253,N,HIE,252,ND1,447,0.014899503349888337
ALA,64,N,ASP,62,O,441,0.014699510016332788
ARG,20,NH1,ARG,20,O,437,0.014566181127295756
ARG,21,NH1,GLU,446,OE1,436,0.014532848905036498
TYR,198,N,PHE,195,O,436,0.014532848905036498
THR,147,OG1,THR,272,O,435,0.014499516682777241
SER,266,OG,ASN,263,O,433,0.014432852238258725
ARG,1,NH2,GLY,351,O,429,0.014299523349221693
GLN,302,NE2,GLU,301,OE2,429,0.014299523349221693
GLU,166,N,GLU,166,OE1,427,0.014232858904703176
GLN,119,NE2,GLU,115,O,424,0.014132862237925403
TYR,326,OH,GLU,322,OE1,423,0.014099530015666144
ALA,391,N,ASP,387,OD2,422,0.014066197793406886
HID,243,N,TYR,240,O,419,0.013966201126629113
ILE,73,N,ASP,77,OD2,417,0.013899536682110596
ARG,350,NH1,GLU,54,OE2,415,0.013832872237592081
SER,132,OG,GLU,128,OE2,414,0.013799540015332823
TYR,216,N,ILE,213,O,412,0.013732875570814306
ARG,415,N,ILE,413,O,412,0.013732875570814306
ASN,250,ND2,HIE,252,O,411,0.013699543348555047
ARG,105,NH1,GLU,411,OE1,410,0.01366621112629579
THR,395,OG1,HIP,384,O,408,0.013599546681777274
PHE,401,N,ILE,399,O,408,0.013599546681777274
LYS,111,NZ,GLY,157,O,406,0.013532882237258757
GLU,245,N,LEU,242,O,406,0.013532882237258757
ARG,81,NH1,PHE,79,O,405,0.0134995500149995
PHE,419,N,ALA,416,O,405,0.0134995500149995
ASN,172,ND2,GLN,176,NE2,403,0.013432885570480984
ARG,280,NH1,THR,277,OG1,403,0.013432885570480984
ALA,388,N,ASP,387,OD2,403,0.013432885570480984
ARG,21,NE,ARG,21,O,402,0.013399553348221726
GLU,166,N,GLU,166,OE2,401,0.013366221125962467
ASN,214,ND2,GLN,211,O,396,0.013199560014666177
VAL,206,N,HIE,203,O,393,0.013099563347888404
HID,341,ND1,VAL,339,O,388,0.012932902236592114
ARG,7,NH1,PRO,8,O,386,0.012866237792073597
GLN,163,N,HIE,161,O,386,0.012866237792073597
LYS,248,NZ,GLU,245,O,386,0.012866237792073597
SER,430,OG,LEU,461,O,386,0.012866237792073597
ARG,159,NH2,GLU,121,OE2,384,0.012799573347555082
SER,249,OG,PHE,255,O,383,0.012766241125295823
LYS,393,NZ,ASP,387,OD2,381,0.012699576680777307
LEU,287,N,LEU,284,O,377,0.012566247791740275
ARG,298,NH1,GLU,294,OE2,377,0.012566247791740275
ILE,407,N,GLY,404,O,376,0.012532915569481017
ARG,81,NH1,TYR,207,OH,373,0.012432918902703243
VAL,303,N,ILE,300,O,371,0.012366254458184726
ARG,1,NE,GLY,351,O,365,0.01216626112462918
LYS,111,NZ,SER,153,O,365,0.01216626112462918
VAL,449,N,ILE,181,O,365,0.01216626112462918
PHE,30,N,PHE,27,O,362,0.012066264457851405
HIE,252,NE2,GLU,247,OE2,359,0.011966267791073631
SER,332,N,GLN,329,O,359,0.011966267791073631
TYR,216,OH,GLU,166,O,358,0.011932935568814373
VAL,435,N,SER,433,O,358,0.011932935568814373
LYS,405,NZ,PHE,67,O,355,0.0118329389020366
THR,39,OG1,PHE,38,O,354,0.011799606679777341
PHE,380,N,TYR,289,OH,354,0.011799606679777341
ARG,70,NH1,HM1,464,O2A,353,0.011766274457518083
ARG,315,NH1,GLU,322,OE1,352,0.011732942235258824
ARG,29,N,SER,26,O,350,0.01166627779074031
GLN,165,NE2,GLU,166,OE1,348,0.011599613346221792
ARG,7,NH2,GLY,5,O,346,0.011532948901703276
ASN,259,N,SER,256,O,346,0.011532948901703276
SER,68,OG,GLU,65,OE1,344,0.01146628445718476
SER,256,OG,GLN,258,OE1,343,0.011432952234925502
LYS,25,NZ,ASP,19,OD2,340,0.011332955568147729
VAL,339,N,HM1,464,O2A,340,0.011332955568147729
ARG,350,NH1,ASP,36,OD1,340,0.011332955568147729
LYS,223,NZ,HIE,219,ND1,339,0.01129962334588847
ARG,295,NH1,HIE,291,O,339,0.01129962334588847
GLU,65,N,GLU,65,OE2,337,0.011232958901369954
SER,68,OG,GLU,65,OE2,334,0.01113296223459218
THR,103,N,SER,100,O,334,0.01113296223459218
HIE,203,NE2,LYS,197,O,334,0.01113296223459218
LYS,405,NZ,ALA,64,O,334,0.01113296223459218
VAL,339,N,HID,341,NE2,333,0.011099630012332922
ARG,117,NE,SER,153,OG,332,0.011066297790073664
ARG,225,NH1,GLU,226,OE1,331,0.011032965567814405
SER,26,OG,LEU,23,O,330,0.010999633345555149
LYS,393,NZ,LEU,386,O,329,0.01096630112329589
ARG,57,NH2,TYR,373,OH,328,0.010932968901036632
THR,102,OG1,PHE,99,O,328,0.010932968901036632
ARG,70,NE,HID,341,NE2,325,0.010832972234258859
SER,348,OG,TYR,352,O,324,0.0107996400119996
ARG,225,NH1,GLU,226,OE2,323,0.010766307789740342
SER,153,OG,ILE,150,O,320,0.010666311122962568
LYS,133,NZ,LYS,131,O,319,0.01063297890070331
LYS,246,NZ,LEU,242,O,318,0.010599646678444052
GLN,258,NE2,GLN,258,O,315,0.010499650011666278
LYS,111,NZ,PHE,107,O,313,0.010432985567147762
LYS,246,NZ,GLU,247,OE2,312,0.010399653344888503
ARG,204,NH2,TYR,198,O,308,0.010266324455851471
GLU,65,N,GLU,65,OE1,307,0.010232992233592213
LYS,394,NZ,TYR,326,OH,306,0.010199660011332956
SER,68,OG,THR,344,OG1,305,0.010166327789073698
LYS,111,N,MET,109,O,305,0.010166327789073698
ARG,350,NH1,ASP,36,OD2,305,0.010166327789073698
ARG,350,NH2,ASP,36,OD2,303,0.010099663344555181
ARG,81,NH2,PHE,79,O,302,0.010066331122295923
LYS,158,N,PHE,156,O,302,0.010066331122295923
ARG,130,NH2,GLN,123,OE1,298,0.009933002233258891
ARG,105,N,THR,103,O,297,0.009899670010999633
HID,341,ND1,GLY,69,O,297,0.009899670010999633
THR,147,N,GLN,144,O,294,0.00979967334422186
THR,272,N,PHE,269,O,291,0.009699676677444086
CYS,124,N,GLU,121,O,289,0.00963301223292557
TYR,456,N,PRO,454,O,285,0.009499683343888538
LEU,236,N,VAL,155,O,284,0.00946635112162928
TYR,326,OH,GLU,322,OE2,284,0.00946635112162928
TRP,93,N,GLY,90,O,281,0.009366354454851506
LYS,111,NZ,ASP,106,O,280,0.009333022232592247
LEU,15,N,GLY,13,O,279,0.009299690010332989
ARG,117,NE,SER,153,O,275,0.009166361121295957
ASN,428,ND2,GLN,427,OE1,275,0.009166361121295957
GLU,411,N,LEU,409,O,274,0.009133028899036699
PHE,80,N,ASP,77,O,272,0.009066364454518182
GLU,254,N,GLU,247,OE1,271,0.009033032232258926
ARG,1,NH1,LEU,2,O,270,0.008999700009999667
ARG,308,N,GLY,305,O,267,0.008899703343221892
SER,402,N,PRO,400,O,267,0.008899703343221892
ARG,130,NH1,GLU,127,OE2,266,0.008866371120962635
GLN,445,NE2,GLU,446,OE1,266,0.008866371120962635
ARG,1,NH1,GLY,351,O,260,0.008666377787407087
ARG,350,N,GLU,58,OE2,259,0.008633045565147828
ARG,406,N,LEU,403,O,257,0.008566381120629312
GLY,108,N,LYS,111,O,256,0.008533048898370055
GLN,258,NE2,ASN,214,OD1,256,0.008533048898370055
LEU,260,N,HIE,257,O,254,0.008466384453851538
PHE,255,N,GLU,247,OE1,253,0.00843305223159228
GLN,345,NE2,HIE,346,O,252,0.008399720009333022
GLU,54,N,GLU,54,OE2,250,0.008333055564814507
ASN,209,N,VAL,206,O,249,0.008299723342555248
ARG,21,NH1,GLU,446,OE2,245,0.008166394453518216
ARG,81,NH1,ASP,77,OD2,245,0.008166394453518216
SER,365,OG,PRO,336,O,244,0.008133062231258958
PHE,141,N,ASP,138,OD1,243,0.0080997300089997
GLU,54,N,GLU,54,OE1,242,0.008066397786740441
THR,275,N,ALA,270,O,239,0.007966401119962668
GLY,108,N,ASP,106,O,237,0.007899736675444151
ARG,97,NH1,ARG,406,O,235,0.007833072230925636
GLN,345,NE2,GLU,65,OE2,235,0.007833072230925636
LEU,191,N,GLN,187,O,234,0.007799740008666378
LYS,158,NZ,PHE,156,O,233,0.0077664077864071195
THR,102,N,PHE,99,O,232,0.007733075564147862
SER,26,OG,ASP,19,OD1,230,0.007666411119629346
ASP,333,N,GLN,329,O,227,0.007566414452851572
SER,193,OG,GLU,190,O,225,0.007499750008333056
ARG,92,NH2,GLY,82,O,223,0.007433085563814539
HIE,372,NE2,GLU,54,OE1,223,0.007433085563814539
ALA,416,N,GLU,417,OE2,222,0.007399753341555282
ARG,463,NH1,ARG,463,O,222,0.007399753341555282
LYS,33,NZ,GLU,32,OE2,221,0.007366421119296023
GLN,445,NE2,GLU,446,OE2,219,0.0072997566747775074
ALA,135,N,SER,132,OG,217,0.0072330922302589916
GLY,450,N,GLY,448,O,214,0.007133095563481217
THR,39,OG1,VAL,47,O,212,0.007066431118962701
ARG,117,NH1,ARG,112,O,212,0.007066431118962701
HID,341,ND1,HM1,464,O2A,212,0.007066431118962701
ARG,21,NH2,CYS,447,O,211,0.007033098896703443
ILE,73,N,ASP,77,OD1,208,0.006933102229925669
ARG,350,NH2,GLU,54,O,208,0.006933102229925669
SER,256,OG,GLU,254,O,205,0.006833105563147895
GLN,345,NE2,ALA,66,O,205,0.006833105563147895
VAL,61,N,GLU,58,O,204,0.006799773340888637
HIE,161,NE2,GLN,163,OE1,201,0.006699776674110863
GLU,120,N,ARG,117,O,199,0.006633112229592347
SER,179,OG,GLN,176,O,199,0.006633112229592347
THR,39,OG1,PRO,4,O,198,0.0065997800073330885
LYS,63,N,ALA,59,O,198,0.0065997800073330885
ASN,259,ND2,TYR,240,OH,198,0.0065997800073330885
ARG,415,NE,GLN,329,OE1,198,0.0065997800073330885
GLN,17,N,GLN,17,OE1,195,0.006499783340555315
ARG,81,NH2,TYR,207,OH,195,0.006499783340555315
ARG,204,N,HIE,203,ND1,193,0.006433118896036798
ASN,214,ND2,ASN,261,ND2,192,0.006399786673777541
HIE,291,N,HIE,291,ND1,188,0.006266457784740508
LYS,356,NZ,GLN,345,OE1,188,0.006266457784740508
GLN,165,NE2,GLN,165,O,187,0.006233125562481251
HIP,384,NE2,LYS,376,O,187,0.006233125562481251
ARG,406,NH2,HM1,464,O1A,187,0.006233125562481251
GLU,32,N,ARG,29,O,186,0.006199793340221992
GLN,345,NE2,GLU,65,OE1,186,0.006199793340221992
ALA,379,N,PRO,377,O,185,0.006166461117962735
ALA,59,N,ILE,56,O,184,0.0061331288957034765
MET,75,N,GLU,190,OE1,184,0.0061331288957034765
LYS,94,NZ,ASN,91,OD1,184,0.0061331288957034765
GLN,176,NE2,GLN,176,O,183,0.006099796673444218
SER,249,OG,ASN,250,OD1,181,0.006033132228925702
LYS,405,NZ,SER,68,OG,181,0.006033132228925702
ASN,91,N,ASN,89,OD1,180,0.005999800006666445
ARG,295,NH2,GLU,299,OE2,179,0.005966467784407186
GLN,345,NE2,THR,344,O,179,0.005966467784407186
SER,182,OG,SER,179,O,178,0.005933135562147928
ARG,459,NH2,GLY,134,O,178,0.005933135562147928
LYS,33,NZ,TYR,34,OH,177,0.0058998033398886705
SER,193,OG,GLU,190,OE1,175,0.005833138895370155
GLN,165,NE2,GLU,166,OE2,174,0.005799806673110896
ARG,57,NH2,GLU,58,OE1,173,0.005766474450851638
PHE,141,N,ASP,138,OD2,173,0.005766474450851638
ILE,237,N,ASP,235,OD1,173,0.005766474450851638
ARG,45,NH2,LYS,72,O,172,0.00573314222859238
TYR,162,N,HIE,161,ND1,172,0.00573314222859238
ASN,261,ND2,ASN,214,ND2,171,0.005699810006333122
ARG,92,N,ASN,89,O,170,0.0056664777840738645
ARG,130,NH1,GLU,127,OE1,170,0.0056664777840738645
ARG,308,N,HIE,307,ND1,170,0.0056664777840738645
GLN,329,NE2,GLU,417,OE2,170,0.0056664777840738645
ALA,215,N,GLU,212,O,168,0.005599813339555348
HIP,224,N,VAL,221,O,168,0.005599813339555348
ASN,261,ND2,HIE,257,ND1,168,0.005599813339555348
ARG,31,NH2,GLU,32,OE2,167,0.00556648111729609
TYR,34,N,ARG,31,O,167,0.00556648111729609
THR,103,OG1,SER,100,O,166,0.005533148895036832
LYS,133,NZ,ARG,130,O,166,0.005533148895036832
ARG,308,NH1,ILE,304,O,166,0.005533148895036832
ASP,62,N,GLU,58,O,165,0.005499816672777574
GLN,211,NE2,GLU,212,OE1,164,0.005466484450518316
GLN,163,NE2,HIE,161,ND1,163,0.005433152228259058
HIE,252,N,ASN,250,ND2,162,0.0053998200059998
HIE,313,NE2,GLU,311,OE2,162,0.0053998200059998
TYR,373,N,ASP,370,OD1,162,0.0053998200059998
VAL,184,N,GLU,446,OE1,161,0.005366487783740542
LYS,25,NZ,ASP,19,OD1,160,0.005333155561481284
LYS,111,NZ,SER,153,OG,160,0.005333155561481284
ARG,406,NE,SER,68,OG,159,0.005299823339222026
ARG,31,NH2,GLU,32,OE1,158,0.0052664911169627675
GLN,329,NE2,GLN,329,O,156,0.005199826672444252
GLU,359,N,GLU,359,OE2,156,0.005199826672444252
ALA,416,N,GLU,417,OE1,156,0.005199826672444252
ARG,29,NH2,LYS,25,O,155,0.005166494450184994
GLN,211,NE2,GLN,211,O,155,0.005166494450184994
LYS,246,NZ,GLU,245,OE1,155,0.005166494450184994
ARG,57,NH2,GLU,396,O,152,0.00506649778340722
SER,26,OG,ASP,19,OD2,151,0.0050331655611479615
LYS,63,NZ,GLU,58,O,151,0.0050331655611479615
HIE,313,NE2,GLU,311,OE1,150,0.004999833338888704
LYS,208,N,GLN,205,O,148,0.004933168894370188
GLN,211,N,LYS,208,O,148,0.004933168894370188
ILE,413,N,LEU,409,O,148,0.004933168894370188
ASN,381,ND2,ALA,379,O,146,0.004866504449851671
GLN,258,N,HIE,257,ND1,145,0.004833172227592414
LEU,60,N,ARG,57,O,143,0.004766507783073898
ILE,407,N,ARG,97,NH2,143,0.004766507783073898
LYS,33,NZ,GLU,32,OE1,140,0.004666511116296124
LYS,208,NZ,ASN,209,OD1,140,0.004666511116296124
GLN,211,NE2,GLU,212,OE2,140,0.004666511116296124
ARG,204,NH1,PHE,199,O,138,0.004599846671777608
SER,220,N,ILE,217,O,138,0.004599846671777608
ASN,261,ND2,GLN,258,OE1,137,0.0045665144495183494
HIE,161,NE2,GLU,128,OE1,136,0.004533182227259091
ILE,399,N,ALA,397,O,136,0.004533182227259091
ARG,204,NH2,LYS,197,O,135,0.0044998500049998336
GLY,90,N,SER,68,OG,134,0.004466517782740575
LYS,317,NZ,HIE,313,ND1,133,0.004433185560481318
ARG,330,NE,GLU,327,OE1,133,0.004433185560481318
LEU,403,N,SER,402,OG,133,0.004433185560481318
ARG,406,N,GLY,404,O,133,0.004433185560481318
GLU,127,N,CYS,124,O,132,0.004399853338222059
LYS,169,NZ,GLN,165,OE1,132,0.004399853338222059
LEU,180,N,THR,177,O,132,0.004399853338222059
ASN,261,ND2,GLY,218,N,131,0.004366521115962801
LEU,364,N,PRO,336,O,131,0.004366521115962801
LEU,188,N,PHE,185,O,130,0.004333188893703543
ARG,415,NH1,TYR,326,N,130,0.004333188893703543
ASN,172,ND2,ASN,172,O,129,0.004299856671444285
TYR,207,OH,PRO,78,O,129,0.004299856671444285
LEU,23,N,ARG,21,O,128,0.0042665244491850276
ARG,31,NH1,ASP,36,OD1,127,0.004233192226925769
GLN,123,NE2,GLU,120,OE1,127,0.004233192226925769
ASP,235,N,ASP,238,OD1,127,0.004233192226925769
THR,455,N,GLN,445,NE2,127,0.004233192226925769
GLN,123,NE2,GLN,123,O,126,0.004199860004666511
THR,366,OG1,CYS,51,O,126,0.004199860004666511
GLU,121,N,ILE,118,O,125,0.004166527782407253
HIE,219,N,TYR,216,O,125,0.004166527782407253
GLY,22,N,ARG,20,O,124,0.004133195560147995
GLY,110,N,PHE,107,O,124,0.004133195560147995
HIE,161,NE2,GLU,128,OE2,124,0.004133195560147995
TYR,240,OH,SER,100,OG,123,0.004099863337888737
GLU,128,N,LEU,125,O,122,0.004066531115629479
ASN,381,ND2,GLU,375,OE1,122,0.004066531115629479
ARG,112,NE,GLU,120,OE2,120,0.003999866671110963
ARG,415,N,GLU,417,OE2,119,0.003966534448851705
ARG,225,NH1,HIE,257,ND1,117,0.003899870004333189
PHE,374,N,PRO,371,O,117,0.003899870004333189
GLN,445,NE2,GLN,445,O,117,0.003899870004333189
ARG,31,NH1,ASP,36,OD2,116,0.003866537782073931
ARG,204,NE,HIE,203,ND1,115,0.003833205559814673
ARG,81,NH2,PRO,78,O,114,0.0037998733375554147
SER,193,OG,GLU,190,OE2,114,0.0037998733375554147
LYS,197,N,PHE,195,O,114,0.0037998733375554147
ASN,259,ND2,SER,256,OG,114,0.0037998733375554147
ARG,21,NH1,ARG,20,O,112,0.0037332088930368988
ARG,57,NH1,TYR,373,OH,112,0.0037332088930368988
GLY,108,N,THR,102,O,112,0.0037332088930368988
GLN,445,N,PRO,453,O,111,0.003699876670777641
ARG,20,NH2,LEU,15,O,110,0.003666544448518383
ARG,21,NH1,ASP,19,OD1,110,0.003666544448518383
ARG,57,NH1,GLU,58,OE1,110,0.003666544448518383
ARG,70,N,ASN,89,ND2,110,0.003666544448518383
LYS,169,N,GLU,166,O,110,0.003666544448518383
GLY,390,N,ASP,387,OD1,110,0.003666544448518383
LYS,63,NZ,THR,347,OG1,109,0.0036332122262591245
LEU,142,N,ASP,138,O,109,0.0036332122262591245
THR,395,OG1,TYR,373,O,109,0.0036332122262591245
ARG,29,NH1,GLU,32,OE2,108,0.0035998800039998666
SER,253,OG,GLU,247,O,108,0.0035998800039998666
LEU,228,N,GLU,226,O,107,0.0035665477817406087
PHE,160,N,ASN,149,ND2,106,0.0035332155594813507
ARG,315,NE,ARG,415,O,105,0.0034998833372220928
HIE,313,NE2,GLU,115,OE2,104,0.0034665511149628344
ILE,425,N,PHE,422,O,104,0.0034665511149628344
ARG,105,N,SER,100,O,103,0.0034332188927035765
ARG,130,NH2,ASN,428,OD1,103,0.0034332188927035765
ARG,204,NH1,LYS,197,O,103,0.0034332188927035765
SER,332,OG,GLN,329,O,103,0.0034332188927035765
THR,102,OG1,ASP,106,O,102,0.0033998866704443185
LYS,169,NZ,GLN,165,O,102,0.0033998866704443185
GLU,254,N,GLU,254,OE1,102,0.0033998866704443185
ARG,31,NE,GLU,32,OE2,99,0.0032998900036665443
LEU,284,N,TYR,281,O,99,0.0032998900036665443
ARG,31,NE,GLU,32,OE1,98,0.0032665577814072863
GLN,302,NE2,GLN,302,O,98,0.0032665577814072863
ASN,381,ND2,GLU,375,OE2,98,0.0032665577814072863
LYS,317,N,HIE,313,O,97,0.0032332255591480284
ASN,91,ND2,HIE,252,O,96,0.0031998933368887704
ARG,98,NH2,THR,102,OG1,96,0.0031998933368887704
LYS,197,NZ,SER,193,OG,96,0.0031998933368887704
THR,227,OG1,GLU,226,OE1,96,0.0031998933368887704
ARG,315,NH1,ALA,414,O,96,0.0031998933368887704
ARG,81,NH1,GLN,258,NE2,95,0.0031665611146295125
ASN,209,ND2,LEU,173,O,94,0.003133228892370254
LYS,288,NZ,GLU,438,O,94,0.003133228892370254
THR,347,OG1,SER,348,O,94,0.003133228892370254
LYS,393,NZ,LYS,394,O,94,0.003133228892370254
THR,358,OG1,LYS,356,O,93,0.003099896670110996
GLU,359,N,GLU,359,OE1,93,0.003099896670110996
ARG,406,NH1,HM1,464,O2D,93,0.003099896670110996
LYS,451,NZ,SER,332,O,93,0.003099896670110996
SER,68,N,ALA,64,O,92,0.0030665644478517383
LYS,234,NZ,THR,227,OG1,92,0.0030665644478517383
HIE,372,NE2,GLU,54,OE2,92,0.0030665644478517383
ARG,295,NH2,GLU,299,OE1,91,0.0030332322255924803
GLY,412,N,GLU,411,OE2,91,0.0030332322255924803
ARG,20,NH1,ASP,19,OD2,90,0.0029999000033332224
GLN,123,NE2,GLU,120,OE2,90,0.0029999000033332224
TYR,162,OH,CYS,124,O,90,0.0029999000033332224
SER,253,OG,PHE,255,O,90,0.0029999000033332224
ARG,31,NH1,CYS,51,O,89,0.002966567781073964
ARG,98,NH2,HID,243,NE2,89,0.002966567781073964
GLN,258,NE2,TYR,83,OH,89,0.002966567781073964
LYS,393,NZ,THR,395,OG1,89,0.002966567781073964
ARG,415,NH2,TYR,326,N,89,0.002966567781073964
ARG,21,NH1,ASP,19,OD2,88,0.002933235558814706
ARG,29,NH1,GLU,32,OE1,88,0.002933235558814706
ASP,229,N,THR,227,O,88,0.002933235558814706
LYS,246,NZ,GLU,245,OE2,88,0.002933235558814706
HID,341,ND1,SER,68,O,88,0.002933235558814706
ILE,342,N,SER,68,O,88,0.002933235558814706
LYS,111,NZ,THR,239,OG1,87,0.002899903336555448
GLN,258,NE2,HIE,257,ND1,87,0.002899903336555448
ASN,381,ND2,LYS,376,O,86,0.00286657111429619
ASN,172,ND2,GLN,176,OE1,85,0.0028332388920369322
ASN,263,ND2,ASN,263,O,85,0.0028332388920369322
ARG,463,NE,GLU,294,OE2,85,0.0028332388920369322
SER,68,N,THR,344,OG1,84,0.002799906669777674
ARG,98,NH1,ARG,98,O,84,0.002799906669777674
HIE,313,NE2,GLU,115,OE1,84,0.002799906669777674
GLY,390,N,ASP,387,OD2,84,0.002799906669777674
GLY,90,N,SER,68,O,83,0.002766574447518416
ILE,118,N,GLU,115,O,83,0.002766574447518416
GLY,351,N,SER,348,O,83,0.002766574447518416
ASN,149,ND2,TYR,162,OH,82,0.002733242225259158
GLN,211,NE2,LYS,208,O,82,0.002733242225259158
LYS,288,N,LEU,285,O,82,0.002733242225259158
PHE,107,N,THR,102,O,81,0.0026999100029999
ARG,204,NE,PHE,199,O,81,0.0026999100029999
ARG,204,NE,GLY,201,O,81,0.0026999100029999
THR,227,OG1,GLU,226,O,81,0.0026999100029999
ASP,333,N,ARG,330,O,81,0.0026999100029999
GLN,123,NE2,GLU,120,O,80,0.002666577780740642
ARG,308,NH2,VAL,303,O,80,0.002666577780740642
GLN,211,NE2,ASN,214,OD1,79,0.0026332455584813837
LYS,288,NZ,GLU,438,OE1,79,0.0026332455584813837
LYS,111,NZ,MET,104,O,78,0.002599913336222126
TYR,373,N,ASP,370,OD2,78,0.002599913336222126
ARG,463,NH1,PHE,429,O,78,0.002599913336222126
ARG,57,NH1,GLU,58,OE2,76,0.00253324889170361
GLY,69,N,PHE,67,O,76,0.00253324889170361
ASN,172,ND2,LYS,169,O,76,0.00253324889170361
ARG,130,NH1,ASN,428,OD1,75,0.002499916669444352
ARG,295,NH1,TYR,320,OH,75,0.002499916669444352
LYS,451,NZ,TYR,281,OH,75,0.002499916669444352
GLN,205,NE2,GLN,205,O,74,0.002466584447185094
ILE,213,N,LEU,210,O,74,0.002466584447185094
LEU,242,N,THR,239,O,74,0.002466584447185094
ARG,45,NH2,LEU,42,O,73,0.0024332522249258357
VAL,95,N,ARG,92,O,73,0.0024332522249258357
ARG,350,NE,ASP,36,OD1,73,0.0024332522249258357
PHE,107,N,THR,103,O,72,0.0023999200026665777
ILE,151,N,ALA,148,O,72,0.0023999200026665777
GLY,412,N,GLU,411,OE1,72,0.0023999200026665777
PHE,107,N,MET,104,O,71,0.00236658778040732
GLN,123,NE2,GLU,127,OE1,71,0.00236658778040732
GLN,176,NE2,GLN,205,OE1,71,0.00236658778040732
GLY,201,N,ARG,204,NE,71,0.00236658778040732
LYS,223,NZ,HIE,219,O,71,0.00236658778040732
SER,253,N,ASN,250,OD1,71,0.00236658778040732
GLN,457,NE2,TYR,456,O,71,0.00236658778040732
ARG,463,NH1,GLN,427,O,71,0.00236658778040732
TYR,352,N,ARG,350,O,70,0.002333255558148062
LYS,223,NZ,THR,227,OG1,69,0.002299923335888804
HIP,384,NE2,GLU,375,OE1,69,0.002299923335888804
TYR,207,N,ARG,204,O,68,0.0022665911136295455
SER,256,OG,SER,253,O,68,0.0022665911136295455
LYS,288,NZ,GLU,438,OE2,68,0.0022665911136295455
TYR,198,OH,PHE,195,O,67,0.0022332588913702876
GLU,254,N,GLU,254,OE2,67,0.0022332588913702876
ASN,259,N,GLN,258,OE1,67,0.0022332588913702876
GLY,271,N,PHE,268,O,67,0.0022332588913702876
GLN,329,NE2,GLU,417,OE1,67,0.0022332588913702876
ARG,29,NE,ASP,19,OD2,66,0.0021999266691110297
ARG,315,NH2,ARG,415,O,66,0.0021999266691110297
ARG,1,NH2,LEU,2,O,65,0.0021665944468517717
LYS,169,NZ,ASN,172,OD1,65,0.0021665944468517717
ASN,363,ND2,THR,366,OG1,65,0.0021665944468517717
HIE,372,N,HIE,372,ND1,65,0.0021665944468517717
HIE,203,N,HIE,203,ND1,64,0.0021332622245925138
LYS,248,NZ,MET,244,O,64,0.0021332622245925138
GLN,457,NE2,ASP,138,N,64,0.0021332622245925138
ARG,415,N,GLY,412,O,63,0.0020999300023332554
ARG,98,NH1,THR,102,OG1,62,0.0020665977800739975
ARG,117,NH2,LYS,111,O,62,0.0020665977800739975
ILE,126,N,GLN,123,O,62,0.0020665977800739975
LYS,131,NZ,SER,132,OG,62,0.0020665977800739975
THR,177,N,PHE,174,O,62,0.0020665977800739975
LYS,25,NZ,ARG,21,O,61,0.0020332655578147395
ARG,330,N,GLU,327,O,61,0.0020332655578147395
ASN,89,ND2,ASN,89,O,60,0.0019999333355554816
GLU,116,N,GLU,115,OE2,60,0.0019999333355554816
THR,264,OG1,ASN,261,O,60,0.0019999333355554816
ARG,463,NE,SER,430,OG,60,0.0019999333355554816
ARG,81,NH2,GLN,258,NE2,59,0.0019666011132962236
ASN,91,ND2,ASN,89,OD1,59,0.0019666011132962236
HIE,372,NE2,ASP,36,OD1,59,0.0019666011132962236
GLY,35,N,PHE,30,O,58,0.0019332688910369655
GLN,119,N,GLU,116,O,58,0.0019332688910369655
LYS,197,NZ,TYR,198,OH,58,0.0019332688910369655
ARG,415,N,GLU,417,OE1,58,0.0019332688910369655
LYS,111,NZ,THR,103,O,57,0.0018999366687777073
GLY,201,N,HIE,203,NE2,57,0.0018999366687777073
TYR,240,N,ILE,237,O,57,0.0018999366687777073
ASN,250,ND2,HIE,252,NE2,57,0.0018999366687777073
HIE,257,NE2,GLU,222,OE1,57,0.0018999366687777073
MET,318,N,ASP,314,O,57,0.0018999366687777073
ASN,14,ND2,GLY,13,O,56,0.0018666044465184494
GLY,43,N,LEU,12,O,56,0.0018666044465184494
LYS,317,NZ,VAL,303,O,56,0.0018666044465184494
ARG,92,NH1,GLU,254,OE2,55,0.0018332722242591915
ARG,112,NE,GLU,120,OE1,55,0.0018332722242591915
ARG,117,NH1,ILE,150,O,55,0.0018332722242591915
LEU,173,N,MET,170,O,55,0.0018332722242591915
ALA,251,N,ASN,250,OD1,55,0.0018332722242591915
HIE,307,N,HIE,307,ND1,55,0.0018332722242591915
ARG,406,NH1,VAL,85,O,55,0.0018332722242591915
ARG,57,NH2,GLU,58,OE2,54,0.0017999400019999333
LYS,131,NZ,GLN,163,OE1,54,0.0017999400019999333
GLY,201,N,HIE,203,ND1,54,0.0017999400019999333
LEU,312,N,GLN,119,OE1,54,0.0017999400019999333
LYS,393,NZ,HIP,384,O,54,0.0017999400019999333
ARG,20,NH1,LEU,16,O,52,0.0017332755574814172
SER,153,N,ILE,150,O,52,0.0017332755574814172
ARG,308,N,GLN,427,NE2,52,0.0017332755574814172
ALA,416,N,ALA,414,O,52,0.0017332755574814172
ASN,14,ND2,ARG,7,O,51,0.0016999433352221593
GLU,273,N,ALA,270,O,51,0.0016999433352221593
MET,337,N,GLY,448,O,51,0.0016999433352221593
LYS,356,N,HIE,346,NE2,51,0.0016999433352221593
PHE,422,N,PHE,419,O,51,0.0016999433352221593
ARG,31,NH1,THR,366,O,50,0.0016666111129629013
PHE,107,N,ASP,106,OD1,50,0.0016666111129629013
LYS,197,NZ,PHE,195,O,50,0.0016666111129629013
THR,227,OG1,GLU,226,OE2,50,0.0016666111129629013
LYS,248,NZ,LYS,246,O,50,0.0016666111129629013
TYR,289,N,MET,286,O,50,0.0016666111129629013
THR,395,OG1,GLU,396,OE2,50,0.0016666111129629013
ARG,105,NH1,LEU,409,O,49,0.0016332788907036432
GLN,163,NE2,ASP,164,OD2,49,0.0016332788907036432
GLN,165,N,GLN,163,O,49,0.0016332788907036432
SER,220,OG,ILE,217,O,49,0.0016332788907036432
ALA,232,N,ASP,229,OD1,49,0.0016332788907036432
SER,276,OG,PHE,143,O,49,0.0016332788907036432
HIE,372,NE2,ASP,36,OD2,49,0.0016332788907036432
LYS,405,NZ,ASN,89,OD1,49,0.0016332788907036432
GLY,410,N,GLU,411,OE2,49,0.0016332788907036432
ARG,57,NE,GLU,396,O,48,0.0015999466684443852
ARG,98,NH2,ASP,106,OD1,48,0.0015999466684443852
GLN,187,NE2,VAL,449,N,48,0.0015999466684443852
ASN,209,ND2,GLN,176,NE2,48,0.0015999466684443852
ALA,232,N,ASP,229,OD2,48,0.0015999466684443852
VAL,292,N,HIE,291,ND1,48,0.0015999466684443852
GLU,417,N,ALA,414,O,48,0.0015999466684443852
GLY,52,N,ASP,36,O,47,0.001566614446185127
ARG,20,NH1,ASP,19,OD1,46,0.0015332822239258691
GLN,187,NE2,VAL,184,O,46,0.0015332822239258691
ASN,209,ND2,GLN,205,OE1,46,0.0015332822239258691
ARG,225,NH1,GLU,245,OE1,46,0.0015332822239258691
SER,249,OG,LYS,248,O,46,0.0015332822239258691
GLU,116,N,GLU,115,OE1,45,0.0014999500016666112
VAL,184,N,GLU,446,OE2,45,0.0014999500016666112
TYR,240,OH,PHE,255,O,45,0.0014999500016666112
ARG,315,NH1,ILE,413,O,45,0.0014999500016666112
ASP,357,N,THR,344,O,45,0.0014999500016666112
LEU,12,N,LEU,9,O,44,0.001466617779407353
GLN,427,N,THR,424,O,44,0.001466617779407353
LYS,133,N,LYS,131,O,43,0.001433285557148095
GLN,163,NE2,ASP,164,OD1,43,0.001433285557148095
GLN,165,NE2,GLN,163,OE1,43,0.001433285557148095
SER,182,OG,GLU,446,OE2,43,0.001433285557148095
THR,278,N,THR,275,O,43,0.001433285557148095
ASP,383,N,ASN,381,ND2,43,0.001433285557148095
THR,395,OG1,GLU,396,OE1,43,0.001433285557148095
ARG,20,NH2,MET,18,O,42,0.001399953334888837
ARG,70,NE,VAL,339,O,42,0.001399953334888837
ARG,81,NE,GLN,258,OE1,42,0.001399953334888837
ARG,204,NH1,TYR,198,OH,42,0.001399953334888837
TYR,207,OH,GLN,211,OE1,42,0.001399953334888837
ASN,214,ND2,GLN,211,NE2,42,0.001399953334888837
ARG,204,NE,TYR,198,OH,41,0.001366621112629579
ARG,204,NH1,TYR,198,O,41,0.001366621112629579
GLN,345,N,ALA,66,O,41,0.001366621112629579
LEU,368,N,SER,365,O,41,0.001366621112629579
ARG,1,NH2,PRO,3,O,40,0.001333288890370321
ASN,389,N,ASP,387,O,40,0.001333288890370321
GLU,58,N,ALA,55,O,39,0.001299956668111063
SER,68,OG,ASN,89,OD1,39,0.001299956668111063
ARG,112,NH2,GLU,116,O,39,0.001299956668111063
TYR,240,OH,SER,256,N,39,0.001299956668111063
GLY,108,N,ARG,112,O,38,0.001266624445851805
ARG,29,NE,ASP,19,OD1,37,0.001233292223592547
ARG,295,NE,HIE,291,O,37,0.001233292223592547
LEU,334,N,SER,332,OG,37,0.001233292223592547
LYS,111,NZ,GLU,120,OE2,36,0.0011999600013332889
GLN,123,NE2,GLU,127,OE2,36,0.0011999600013332889
PHE,174,N,LEU,171,O,36,0.0011999600013332889
LYS,317,NZ,HIE,313,NE2,36,0.0011999600013332889
THR,272,OG1,PHE,269,O,35,0.001166627779074031
ARG,97,NH1,CM1,408,O,34,0.0011332955568147728
ARG,98,NH2,GLU,247,OE1,34,0.0011332955568147728
THR,274,OG1,HM1,464,NB,34,0.0011332955568147728
PHE,349,N,THR,347,O,34,0.0011332955568147728
ARG,7,NH1,GLY,5,O,33,0.0010999633345555148
ARG,117,NH1,GLU,120,OE1,33,0.0010999633345555148
ARG,130,NH1,ASN,428,O,33,0.0010999633345555148
SER,182,N,SER,179,O,33,0.0010999633345555148
LYS,208,NZ,ARG,204,O,33,0.0010999633345555148
ASN,209,ND2,GLN,176,O,33,0.0010999633345555148
ASN,261,ND2,ASN,261,O,33,0.0010999633345555148
GLY,410,N,GLU,411,OE1,33,0.0010999633345555148
LYS,72,NZ,SER,193,OG,32,0.0010666311122962569
ARG,81,NH1,ASP,77,O,32,0.0010666311122962569
SER,193,N,GLU,190,O,32,0.0010666311122962569
SER,231,N,ASP,229,O,32,0.0010666311122962569
SER,253,N,ALA,251,O,32,0.0010666311122962569
ARG,406,NE,HM1,464,O2A,32,0.0010666311122962569
HIE,372,NE2,ASP,370,OD2,31,0.0010332988900369987
GLY,390,N,ALA,388,O,31,0.0010332988900369987
LYS,393,NZ,LYS,393,O,31,0.0010332988900369987
GLN,445,NE2,SER,179,OG,31,0.0010332988900369987
ARG,21,N,ASP,19,O,30,0.0009999666677777408
GLY,52,N,ASN,363,O,30,0.0009999666677777408
LYS,72,NZ,GLU,190,OE2,30,0.0009999666677777408
ASN,91,ND2,ASN,91,O,30,0.0009999666677777408
ARG,112,NH2,GLY,110,O,30,0.0009999666677777408
ARG,159,NE,GLU,120,OE1,30,0.0009999666677777408
TYR,175,OH,ASN,172,OD1,30,0.0009999666677777408
LYS,234,NZ,SER,231,O,30,0.0009999666677777408
LYS,111,N,PHE,107,O,29,0.0009666344455184827
ARG,117,NH2,SER,113,O,29,0.0009666344455184827
ARG,130,NH1,GLN,123,OE1,29,0.0009666344455184827
SER,179,OG,GLN,445,OE1,29,0.0009666344455184827
GLU,273,N,PHE,268,O,29,0.0009666344455184827
ARG,308,NH2,ILE,304,O,29,0.0009666344455184827
ARG,315,NH1,LEU,312,O,29,0.0009666344455184827
ARG,415,NE,ARG,415,O,29,0.0009666344455184827
THR,455,OG1,THR,455,O,29,0.0009666344455184827
LYS,131,NZ,GLN,163,NE2,28,0.0009333022232592247
GLN,176,NE2,ASN,172,ND2,28,0.0009333022232592247
GLN,176,NE2,GLN,205,NE2,28,0.0009333022232592247
GLN,205,NE2,PRO,200,O,28,0.0009333022232592247
ARG,225,NE,GLU,226,OE2,28,0.0009333022232592247
ARG,225,NH2,HIE,257,ND1,28,0.0009333022232592247
ARG,280,NE,THR,140,OG1,28,0.0009333022232592247
LEU,24,N,GLN,187,NE2,27,0.0008999700009999666
ILE,73,N,GLY,71,O,27,0.0008999700009999666
LYS,111,NZ,GLU,120,OE1,27,0.0008999700009999666
ARG,130,N,GLU,127,O,27,0.0008999700009999666
ARG,204,NE,PRO,200,O,27,0.0008999700009999666
LYS,288,NZ,TYR,289,OH,27,0.0008999700009999666
HIE,307,N,GLY,305,O,27,0.0008999700009999666
ASP,370,N,THR,366,O,27,0.0008999700009999666
GLY,69,N,THR,344,OG1,26,0.0008666377787407086
ARG,159,NE,GLU,120,OE2,26,0.0008666377787407086
GLN,163,NE2,GLN,163,O,26,0.0008666377787407086
HIE,203,N,PRO,200,O,26,0.0008666377787407086
ARG,204,NH1,HIE,203,ND1,26,0.0008666377787407086
TYR,240,OH,GLU,254,O,26,0.0008666377787407086
ASN,250,ND2,SER,253,OG,26,0.0008666377787407086
HIE,252,NE2,ASN,91,ND2,26,0.0008666377787407086
GLN,258,NE2,SER,256,OG,26,0.0008666377787407086
ASN,263,N,LEU,260,O,26,0.0008666377787407086
THR,344,OG1,ILE,342,O,26,0.0008666377787407086
GLN,457,NE2,ASP,138,OD1,26,0.0008666377787407086
ASN,14,ND2,HIE,41,ND1,25,0.0008333055564814507
LEU,16,N,GLY,13,O,25,0.0008333055564814507
LYS,63,NZ,ASP,62,O,25,0.0008333055564814507
ARG,92,N,ASN,89,ND2,25,0.0008333055564814507
ARG,117,NH2,GLY,412,O,25,0.0008333055564814507
LYS,158,NZ,GLY,157,O,25,0.0008333055564814507
LYS,234,NZ,ASP,229,O,25,0.0008333055564814507
HIE,252,NE2,ASN,91,OD1,25,0.0008333055564814507
ARG,315,NH1,ARG,315,O,25,0.0008333055564814507
GLN,457,NE2,ASP,138,OD2,25,0.0008333055564814507
GLY,201,N,ARG,204,NH2,24,0.0007999733342221926
ARG,204,NH1,ARG,204,O,24,0.0007999733342221926
ARG,204,NH2,PHE,199,O,24,0.0007999733342221926
GLN,205,NE2,ASN,209,ND2,24,0.0007999733342221926
ARG,225,NH2,GLU,245,OE1,24,0.0007999733342221926
SER,256,OG,ASN,259,ND2,24,0.0007999733342221926
MET,286,N,PHE,283,O,24,0.0007999733342221926
THR,347,OG1,GLN,345,OE1,24,0.0007999733342221926
ARG,350,NE,GLU,54,OE1,24,0.0007999733342221926
ARG,29,NH2,SER,26,OG,23,0.0007666411119629346
ARG,81,NE,ASP,77,OD2,23,0.0007666411119629346
ARG,117,NH2,GLY,108,O,23,0.0007666411119629346
TYR,162,OH,LEU,125,N,23,0.0007666411119629346
LEU,196,N,SER,193,O,23,0.0007666411119629346
HIE,203,NE2,LEU,196,O,23,0.0007666411119629346
LYS,208,NZ,LYS,208,O,23,0.0007666411119629346
GLN,258,NE2,GLU,254,OE2,23,0.0007666411119629346
LYS,394,NZ,GLU,396,OE2,23,0.0007666411119629346
LEU,442,N,ASP,441,OD2,23,0.0007666411119629346
ARG,7,NE,GLY,5,O,22,0.0007333088897036765
PHE,107,N,ASP,106,OD2,22,0.0007333088897036765
GLN,119,NE2,GLU,116,OE2,22,0.0007333088897036765
ARG,159,NH1,ARG,117,O,22,0.0007333088897036765
ARG,159,NH1,HIE,161,ND1,22,0.0007333088897036765
HIE,161,NE2,GLN,163,NE2,22,0.0007333088897036765
GLN,187,NE2,ARG,21,O,22,0.0007333088897036765
ALA,202,N,PHE,185,O,22,0.0007333088897036765
ARG,204,NE,GLN,205,OE1,22,0.0007333088897036765
ILE,217,N,ASN,214,O,22,0.0007333088897036765
ASN,261,N,GLN,258,O,22,0.0007333088897036765
ALA,293,N,PRO,290,O,22,0.0007333088897036765
ARG,298,NH1,GLN,302,OE1,22,0.0007333088897036765
ASN,363,ND2,PHE,361,O,22,0.0007333088897036765
ARG,463,NE,GLU,294,OE1,22,0.0007333088897036765
ARG,463,NH1,SER,430,OG,22,0.0007333088897036765
ARG,7,NH1,ARG,7,O,21,0.0006999766674444185
ASN,14,ND2,GLN,17,NE2,21,0.0006999766674444185
ARG,21,NH2,GLN,445,O,21,0.0006999766674444185
ASN,149,N,ILE,146,O,21,0.0006999766674444185
ASN,250,ND2,LYS,248,O,21,0.0006999766674444185
ALA,251,N,SER,249,O,21,0.0006999766674444185
ARG,415,NE,ARG,315,NH2,21,0.0006999766674444185
GLN,427,NE2,PRO,306,O,21,0.0006999766674444185
ASP,19,N,GLN,17,O,20,0.0006666444451851605
GLY,90,N,ASN,89,ND2,20,0.0006666444451851605
PHE,99,N,LEU,96,O,20,0.0006666444451851605
THR,147,OG1,GLN,144,O,20,0.0006666444451851605
GLN,165,N,GLN,165,NE2,20,0.0006666444451851605
TYR,240,OH,ASN,259,OD1,20,0.0006666444451851605
ARG,295,NE,TYR,320,OH,20,0.0006666444451851605
THR,347,OG1,HIE,346,O,20,0.0006666444451851605
ARG,350,NH1,GLU,54,O,20,0.0006666444451851605
ASN,381,ND2,GLU,375,O,20,0.0006666444451851605
HIP,384,NE2,GLU,375,OE2,20,0.0006666444451851605
THR,395,OG1,LYS,394,O,20,0.0006666444451851605
ARG,415,NH2,TYR,326,OH,20,0.0006666444451851605
SER,26,OG,GLN,17,O,19,0.0006333122229259025
SER,68,OG,ALA,66,O,19,0.0006333122229259025
ARG,117,NH2,PHE,107,O,19,0.0006333122229259025
GLN,187,NE2,GLN,187,O,19,0.0006333122229259025
PHE,199,N,LYS,197,O,19,0.0006333122229259025
LEU,265,N,LEU,262,O,19,0.0006333122229259025
ARG,280,NH2,PRO,454,O,19,0.0006333122229259025
GLU,294,N,HIE,291,O,19,0.0006333122229259025
ARG,308,NH2,PRO,309,O,19,0.0006333122229259025
ASN,381,ND2,PHE,380,O,19,0.0006333122229259025
GLN,445,NE2,THR,443,O,19,0.0006333122229259025
LEU,23,N,GLN,187,NE2,18,0.0005999800006666444
LYS,63,NZ,SER,348,OG,18,0.0005999800006666444
ARG,98,NE,ARG,98,O,18,0.0005999800006666444
ARG,98,NH1,ASP,106,OD1,18,0.0005999800006666444
GLN,119,NE2,GLU,116,OE1,18,0.0005999800006666444
LEU,125,N,ALA,122,O,18,0.0005999800006666444
ARG,204,NH2,PRO,200,O,18,0.0005999800006666444
ASN,250,N,LYS,248,O,18,0.0005999800006666444
LEU,262,N,ASN,259,O,18,0.0005999800006666444
GLN,302,NE2,GLU,299,OE2,18,0.0005999800006666444
HID,369,ND1,ASP,333,OD1,18,0.0005999800006666444
LYS,376,NZ,ASP,383,OD2,18,0.0005999800006666444
LYS,394,N,LEU,392,O,18,0.0005999800006666444
MET,109,N,PHE,107,O,17,0.0005666477784073864
LYS,111,N,ASP,106,O,17,0.0005666477784073864
ARG,159,NH2,HIE,161,ND1,17,0.0005666477784073864
GLN,187,NE2,LEU,24,N,17,0.0005666477784073864
LYS,197,N,GLY,194,O,17,0.0005666477784073864
HIE,257,N,HIE,257,ND1,17,0.0005666477784073864
THR,275,N,THR,272,O,17,0.0005666477784073864
ARG,406,NH2,HM1,464,O1D,17,0.0005666477784073864
ARG,20,N,ARG,20,NE,16,0.0005333155561481284
ARG,20,NE,MET,18,O,16,0.0005333155561481284
ASN,89,ND2,SER,68,OG,16,0.0005333155561481284
LYS,111,NZ,GLY,110,O,16,0.0005333155561481284
ARG,117,NH2,VAL,114,O,16,0.0005333155561481284
LYS,133,NZ,LYS,133,O,16,0.0005333155561481284
THR,227,N,ARG,225,O,16,0.0005333155561481284
MET,244,N,LEU,241,O,16,0.0005333155561481284
LYS,248,N,LYS,246,O,16,0.0005333155561481284
SER,249,N,GLU,247,O,16,0.0005333155561481284
HIE,257,N,SER,249,OG,16,0.0005333155561481284
GLN,258,NE2,ARG,81,NH2,16,0.0005333155561481284
THR,272,OG1,THR,147,OG1,16,0.0005333155561481284
VAL,296,N,ALA,293,O,16,0.0005333155561481284
ARG,308,NE,PRO,309,O,16,0.0005333155561481284
ARG,315,NH2,ALA,414,O,16,0.0005333155561481284
LEU,335,N,ASP,333,O,16,0.0005333155561481284
ASN,389,ND2,ASN,389,O,16,0.0005333155561481284
LYS,393,NZ,GLU,375,OE1,16,0.0005333155561481284
LYS,393,NZ,GLU,375,OE2,16,0.0005333155561481284
ILE,407,N,HM1,464,O2D,16,0.0005333155561481284
GLY,412,N,MET,104,O,16,0.0005333155561481284
PHE,421,N,LEU,418,O,16,0.0005333155561481284
LEU,442,N,ASP,441,OD1,16,0.0005333155561481284
ARG,31,NE,CYS,51,O,15,0.0004999833338888704
ARG,81,NE,ASP,77,OD1,15,0.0004999833338888704
LEU,96,N,TRP,93,O,15,0.0004999833338888704
ARG,98,NE,LYS,94,O,15,0.0004999833338888704
ARG,117,NH2,GLY,157,O,15,0.0004999833338888704
LYS,158,NZ,TYR,216,OH,15,0.0004999833338888704
GLN,163,N,GLN,163,OE1,15,0.0004999833338888704
LYS,169,NZ,GLU,166,O,15,0.0004999833338888704
ASN,172,N,LYS,169,O,15,0.0004999833338888704
TYR,175,OH,THR,455,OG1,15,0.0004999833338888704
PHE,195,N,LEU,191,O,15,0.0004999833338888704
HIE,203,NE2,TYR,198,O,15,0.0004999833338888704
LYS,234,NZ,GLY,157,O,15,0.0004999833338888704
ARG,308,NH1,GLU,311,OE1,15,0.0004999833338888704
ARG,308,NH1,GLU,311,OE2,15,0.0004999833338888704
LYS,405,NZ,LEU,60,O,15,0.0004999833338888704
TYR,83,OH,GLU,254,OE2,14,0.00046665111162961235
LYS,94,NZ,GLY,90,O,14,0.00046665111162961235
ARG,97,NH2,LYS,405,O,14,0.00046665111162961235
ARG,98,NH1,LYS,94,O,14,0.00046665111162961235
ARG,117,NH2,VAL,114,N,14,0.00046665111162961235
GLN,119,NE2,GLN,123,OE1,14,0.00046665111162961235
GLN,187,NE2,VAL,449,O,14,0.00046665111162961235
ILE,237,N,ASP,235,OD2,14,0.00046665111162961235
TYR,240,OH,LEU,260,N,14,0.00046665111162961235
GLN,258,NE2,HIE,257,NE2,14,0.00046665111162961235
TYR,281,N,THR,278,O,14,0.00046665111162961235
LEU,362,N,HID,341,NE2,14,0.00046665111162961235
ASN,389,ND2,ALA,388,O,14,0.00046665111162961235
THR,395,N,LYS,393,O,14,0.00046665111162961235
CYS,447,N,GLU,446,OE1,14,0.00046665111162961235
SER,68,OG,PHE,67,O,13,0.0004333188893703543
ARG,98,NH2,GLU,247,OE2,13,0.0004333188893703543
GLY,110,N,ASP,106,O,13,0.0004333188893703543
GLN,119,NE2,GLU,116,O,13,0.0004333188893703543
ILE,146,N,PHE,143,O,13,0.0004333188893703543
GLY,157,N,SER,153,O,13,0.0004333188893703543
ASP,164,N,TYR,162,O,13,0.0004333188893703543
GLN,258,N,GLN,258,NE2,13,0.0004333188893703543
THR,274,OG1,GLY,271,O,13,0.0004333188893703543
ARG,298,NE,GLN,302,OE1,13,0.0004333188893703543
TYR,320,OH,VAL,292,O,13,0.0004333188893703543
GLN,329,NE2,THR,278,OG1,13,0.0004333188893703543
ARG,350,NE,GLU,54,OE2,13,0.0004333188893703543
HID,369,ND1,ASP,333,OD2,13,0.0004333188893703543
LEU,420,N,GLU,417,O,13,0.0004333188893703543
PHE,421,N,ALA,416,O,13,0.0004333188893703543
LEU,461,N,ARG,459,O,13,0.0004333188893703543
GLY,69,N,ALA,66,O,12,0.0003999866671110963
ILE,86,N,SER,266,OG,12,0.0003999866671110963
ARG,98,NH1,HID,243,NE2,12,0.0003999866671110963
GLY,134,N,SER,132,O,12,0.0003999866671110963
GLN,165,NE2,TYR,162,O,12,0.0003999866671110963
GLN,176,NE2,TYR,175,OH,12,0.0003999866671110963
ASN,209,ND2,GLU,212,OE2,12,0.0003999866671110963
HIP,224,NE2,PHE,156,O,12,0.0003999866671110963
SER,256,N,SER,253,O,12,0.0003999866671110963
ARG,280,NH2,TYR,175,OH,12,0.0003999866671110963
ARG,295,N,VAL,292,O,12,0.0003999866671110963
TYR,297,OH,PRO,306,O,12,0.0003999866671110963
ARG,298,NH1,ARG,298,O,12,0.0003999866671110963
HIE,313,N,HIE,313,ND1,12,0.0003999866671110963
PHE,331,N,ILE,328,O,12,0.0003999866671110963
THR,395,OG1,LYS,393,O,12,0.0003999866671110963
PHE,398,N,THR,395,OG1,12,0.0003999866671110963
ARG,406,NH1,HM1,464,O1A,12,0.0003999866671110963
ASP,441,N,ASP,439,O,12,0.0003999866671110963
LYS,451,NZ,SER,365,OG,12,0.0003999866671110963
ARG,463,NH2,PHE,429,O,12,0.0003999866671110963
ARG,21,NH1,CYS,447,O,11,0.00036665444485183826
TYR,83,OH,GLN,258,OE1,11,0.00036665444485183826
ASP,106,N,MET,104,O,11,0.00036665444485183826
ARG,117,NH2,GLU,116,OE1,11,0.00036665444485183826
GLU,166,N,GLN,165,OE1,11,0.00036665444485183826
ARG,204,NE,TYR,198,O,11,0.00036665444485183826
LYS,223,N,SER,220,O,11,0.00036665444485183826
ARG,225,NE,GLU,226,OE1,11,0.00036665444485183826
LYS,234,N,ALA,232,O,11,0.00036665444485183826
HIE,346,N,GLN,345,NE2,11,0.00036665444485183826
ARG,406,NH2,ILE,86,O,11,0.00036665444485183826
PHE,419,N,GLU,417,O,11,0.00036665444485183826
ARG,29,NH1,SER,26,OG,10,0.00033332222259258026
ARG,31,N,LEU,28,O,10,0.00033332222259258026
TYR,83,OH,GLU,254,OE1,10,0.00033332222259258026
ARG,159,NE,GLU,121,OE1,10,0.00033332222259258026
ILE,181,N,PHE,178,O,10,0.00033332222259258026
LYS,197,NZ,GLY,194,O,10,0.00033332222259258026
ARG,204,NE,LYS,197,O,10,0.00033332222259258026
SER,231,OG,ASP,229,O,10,0.00033332222259258026
SER,249,OG,GLU,245,O,10,0.00033332222259258026
HIE,257,NE2,GLU,222,OE2,10,0.00033332222259258026
ASN,259,ND2,ARG,92,NH2,10,0.00033332222259258026
ARG,280,NH2,THR,455,OG1,10,0.00033332222259258026
ARG,295,NH2,GLN,302,OE1,10,0.00033332222259258026
THR,344,OG1,GLN,345,NE2,10,0.00033332222259258026
LYS,394,NZ,GLU,396,OE1,10,0.00033332222259258026
THR,455,OG1,ASP,138,OD1,10,0.00033332222259258026
GLN,457,NE2,MET,137,O,10,0.00033332222259258026
ARG,459,NE,PHE,460,O,10,0.00033332222259258026
ARG,7,NE,PRO,8,O,9,0.0002999900003333222
ARG,20,NE,LEU,15,O,9,0.0002999900003333222
THR,39,N,PRO,3,O,9,0.0002999900003333222
ALA,64,N,ALA,59,O,9,0.0002999900003333222
ALA,66,N,GLU,65,OE1,9,0.0002999900003333222
ARG,92,NH1,GLU,254,OE1,9,0.0002999900003333222
ARG,112,NH1,GLY,110,O,9,0.0002999900003333222
ARG,112,NH1,GLU,116,O,9,0.0002999900003333222
GLN,119,NE2,GLN,119,O,9,0.0002999900003333222
ARG,130,NH2,GLN,123,NE2,9,0.0002999900003333222
ARG,130,NH2,ARG,463,O,9,0.0002999900003333222
GLN,163,NE2,HIE,161,NE2,9,0.0002999900003333222
LEU,171,N,LEU,168,O,9,0.0002999900003333222
GLN,176,NE2,ASN,209,ND2,9,0.0002999900003333222
ASN,209,ND2,GLN,205,NE2,9,0.0002999900003333222
ASN,209,ND2,ASN,209,O,9,0.0002999900003333222
LYS,223,NZ,HIE,219,NE2,9,0.0002999900003333222
LYS,246,NZ,SER,249,OG,9,0.0002999900003333222
LYS,248,NZ,ASN,250,OD1,9,0.0002999900003333222
SER,249,OG,SER,249,O,9,0.0002999900003333222
ASN,250,ND2,SER,249,O,9,0.0002999900003333222
THR,278,OG1,SER,332,OG,9,0.0002999900003333222
LYS,288,NZ,LYS,288,O,9,0.0002999900003333222
ARG,315,NE,LEU,312,O,9,0.0002999900003333222
ARG,330,NH2,GLU,327,OE2,9,0.0002999900003333222
SER,332,N,ARG,330,O,9,0.0002999900003333222
SER,348,OG,GLY,351,O,9,0.0002999900003333222
LYS,356,NZ,GLN,345,NE2,9,0.0002999900003333222
THR,366,N,ASN,363,ND2,9,0.0002999900003333222
ALA,391,N,ASN,389,O,9,0.0002999900003333222
LYS,394,NZ,THR,395,O,9,0.0002999900003333222
ALA,414,N,GLY,412,O,9,0.0002999900003333222
GLY,450,N,LEU,334,O,9,0.0002999900003333222
GLN,457,NE2,THR,455,O,9,0.0002999900003333222
GLN,17,NE2,ARG,7,N,8,0.0002666577780740642
SER,26,OG,ARG,29,NH1,8,0.0002666577780740642
ARG,70,NH2,PRO,340,O,8,0.0002666577780740642
VAL,114,N,GLU,115,OE1,8,0.0002666577780740642
VAL,114,N,GLU,115,OE2,8,0.0002666577780740642
GLU,116,N,GLU,116,OE2,8,0.0002666577780740642
ARG,117,NH1,GLY,412,O,8,0.0002666577780740642
GLN,187,NE2,ARG,20,O,8,0.0002666577780740642
GLN,187,NE2,VAL,184,N,8,0.0002666577780740642
PHE,199,N,ARG,204,NH2,8,0.0002666577780740642
ALA,202,N,GLY,186,N,8,0.0002666577780740642
GLN,205,NE2,ALA,202,O,8,0.0002666577780740642
ASN,209,ND2,VAL,206,O,8,0.0002666577780740642
VAL,221,N,GLY,218,O,8,0.0002666577780740642
ARG,225,NH1,GLU,245,OE2,8,0.0002666577780740642
LYS,248,NZ,LYS,248,O,8,0.0002666577780740642
SER,256,OG,TYR,83,OH,8,0.0002666577780740642
PHE,269,N,SER,266,O,8,0.0002666577780740642
GLY,271,N,PHE,269,O,8,0.0002666577780740642
HIE,307,NE2,ASN,428,OD1,8,0.0002666577780740642
THR,321,N,MET,318,O,8,0.0002666577780740642
ILE,325,N,GLU,322,O,8,0.0002666577780740642
HID,341,ND1,PRO,340,O,8,0.0002666577780740642
GLN,345,NE2,ALA,66,N,8,0.0002666577780740642
LYS,394,NZ,LEU,392,O,8,0.0002666577780740642
GLY,412,N,GLY,410,O,8,0.0002666577780740642
GLU,417,N,ARG,415,O,8,0.0002666577780740642
ASN,428,ND2,ASN,428,O,8,0.0002666577780740642
GLN,457,NE2,THR,455,OG1,8,0.0002666577780740642
ARG,7,NH2,PRO,8,O,7,0.00023332555581480617
LEU,16,N,ASN,14,O,7,0.00023332555581480617
ARG,20,NE,ARG,20,O,7,0.00023332555581480617
LYS,25,NZ,CYS,447,O,7,0.00023332555581480617
ARG,45,NH1,GLU,190,OE2,7,0.00023332555581480617
ILE,56,N,VAL,53,O,7,0.00023332555581480617
ALA,66,N,GLU,65,OE2,7,0.00023332555581480617
ARG,70,NH1,HM1,464,O2D,7,0.00023332555581480617
ASN,89,ND2,PHE,87,O,7,0.00023332555581480617
ARG,92,N,ASN,91,OD1,7,0.00023332555581480617
ARG,92,NH1,ASN,89,OD1,7,0.00023332555581480617
ARG,130,NH1,ARG,463,O,7,0.00023332555581480617
PHE,141,N,ASP,138,O,7,0.00023332555581480617
HIE,161,NE2,ASP,164,OD1,7,0.00023332555581480617
LEU,168,N,GLN,165,O,7,0.00023332555581480617
GLU,222,N,HIE,219,O,7,0.00023332555581480617
GLU,226,N,HIP,224,O,7,0.00023332555581480617
THR,227,OG1,ASP,238,OD2,7,0.00023332555581480617
THR,239,OG1,LEU,236,O,7,0.00023332555581480617
ASN,250,N,LYS,246,O,7,0.00023332555581480617
ASN,259,ND2,ARG,92,NH1,7,0.00023332555581480617
PHE,283,N,ARG,280,O,7,0.00023332555581480617
ARG,298,NH2,GLN,302,OE1,7,0.00023332555581480617
GLY,351,N,PHE,349,O,7,0.00023332555581480617
GLU,359,N,PRO,46,O,7,0.00023332555581480617
ARG,415,NH1,GLN,329,NE2,7,0.00023332555581480617
LEU,418,N,ALA,416,O,7,0.00023332555581480617
PHE,429,N,LEU,426,O,7,0.00023332555581480617
ALA,432,N,SER,430,O,7,0.00023332555581480617
VAL,449,N,SER,183,O,7,0.00023332555581480617
THR,455,OG1,ASP,138,OD2,7,0.00023332555581480617
GLN,457,NE2,SER,433,OG,7,0.00023332555581480617
ARG,7,NH2,GLN,17,OE1,6,0.00019999333355554815
GLN,17,NE2,GLN,17,O,6,0.00019999333355554815
GLY,22,N,GLN,187,OE1,6,0.00019999333355554815
ARG,29,NH1,LYS,25,O,6,0.00019999333355554815
ARG,31,NH1,GLU,32,OE2,6,0.00019999333355554815
LYS,72,NZ,ARG,70,O,6,0.00019999333355554815
ASN,89,ND2,ASN,91,OD1,6,0.00019999333355554815
ARG,92,NH2,TYR,83,OH,6,0.00019999333355554815
ARG,112,N,GLY,110,O,6,0.00019999333355554815
ARG,117,NH1,SER,153,O,6,0.00019999333355554815
LEU,129,N,ILE,126,O,6,0.00019999333355554815
GLN,144,NE2,THR,272,O,6,0.00019999333355554815
SER,145,N,LEU,142,O,6,0.00019999333355554815
LYS,158,NZ,GLU,166,OE1,6,0.00019999333355554815
ARG,159,NH2,ARG,117,O,6,0.00019999333355554815
GLN,187,NE2,LEU,23,O,6,0.00019999333355554815
GLN,187,NE2,GLY,186,O,6,0.00019999333355554815
TYR,198,N,LEU,196,O,6,0.00019999333355554815
GLN,205,NE2,GLY,201,O,6,0.00019999333355554815
TYR,207,OH,GLN,211,NE2,6,0.00019999333355554815
LYS,234,NZ,GLY,110,O,6,0.00019999333355554815
LYS,246,NZ,PRO,230,O,6,0.00019999333355554815
LYS,248,NZ,PHE,255,O,6,0.00019999333355554815
ASN,250,ND2,SER,249,OG,6,0.00019999333355554815
SER,256,OG,ALA,251,O,6,0.00019999333355554815
SER,256,OG,GLN,258,NE2,6,0.00019999333355554815
THR,264,N,ASN,261,O,6,0.00019999333355554815
THR,275,OG1,THR,147,OG1,6,0.00019999333355554815
THR,275,OG1,ALA,270,O,6,0.00019999333355554815
ARG,295,NH2,HIE,291,ND1,6,0.00019999333355554815
ASN,363,ND2,LEU,362,O,6,0.00019999333355554815
LYS,394,NZ,LYS,394,O,6,0.00019999333355554815
LYS,405,NZ,ASN,89,ND2,6,0.00019999333355554815
ARG,415,NH1,ILE,325,O,6,0.00019999333355554815
THR,455,OG1,GLN,445,NE2,6,0.00019999333355554815
TYR,456,OH,PHE,283,O,6,0.00019999333355554815
ARG,7,N,GLN,17,OE1,5,0.00016666111129629013
ARG,20,N,ARG,20,NH1,5,0.00016666111129629013
TYR,34,OH,GLY,5,O,5,0.00016666111129629013
ARG,70,N,ALA,88,O,5,0.00016666111129629013
ASN,91,N,ASN,89,ND2,5,0.00016666111129629013
ARG,92,NH2,HIE,252,O,5,0.00016666111129629013
ARG,98,NH1,GLU,247,OE1,5,0.00016666111129629013
PHE,107,N,VAL,101,O,5,0.00016666111129629013
GLY,108,N,THR,103,O,5,0.00016666111129629013
ARG,112,NH2,MET,109,O,5,0.00016666111129629013
GLU,120,N,GLU,120,OE2,5,0.00016666111129629013
ARG,130,NH2,ASN,428,O,5,0.00016666111129629013
SER,179,N,GLN,176,O,5,0.00016666111129629013
GLN,187,NE2,LEU,188,N,5,0.00016666111129629013
PHE,199,N,ARG,204,NH1,5,0.00016666111129629013
GLY,201,N,TYR,198,OH,5,0.00016666111129629013
LYS,208,NZ,GLN,205,NE2,5,0.00016666111129629013
ARG,225,NH1,HIE,257,NE2,5,0.00016666111129629013
THR,227,OG1,THR,227,O,5,0.00016666111129629013
SER,231,OG,ALA,232,O,5,0.00016666111129629013
LYS,234,NZ,ASP,235,OD1,5,0.00016666111129629013
LYS,246,NZ,ASN,250,OD1,5,0.00016666111129629013
SER,249,OG,GLU,245,OE2,5,0.00016666111129629013
HIE,252,N,HIE,252,ND1,5,0.00016666111129629013
HIE,252,NE2,GLU,247,O,5,0.00016666111129629013
SER,253,OG,HIE,252,O,5,0.00016666111129629013
ASN,263,ND2,ASN,259,O,5,0.00016666111129629013
THR,274,N,GLY,271,O,5,0.00016666111129629013
ARG,280,NH1,PRO,453,O,5,0.00016666111129629013
GLN,302,NE2,GLU,301,O,5,0.00016666111129629013
HIE,307,NE2,ARG,463,O,5,0.00016666111129629013
SER,365,N,ASN,363,OD1,5,0.00016666111129629013
HID,369,ND1,SER,365,OG,5,0.00016666111129629013
ALA,379,N,ASP,378,OD2,5,0.00016666111129629013
ASN,381,ND2,ASN,381,O,5,0.00016666111129629013
ARG,406,NH2,SER,68,O,5,0.00016666111129629013
LYS,451,N,GLY,448,O,5,0.00016666111129629013
ARG,459,NH2,PHE,460,O,5,0.00016666111129629013
ARG,20,NH2,LEU,16,O,4,0.0001333288890370321
ARG,21,NE,ARG,20,O,4,0.0001333288890370321
ARG,21,NH2,GLN,187,OE1,4,0.0001333288890370321
ARG,29,NH1,ARG,29,O,4,0.0001333288890370321
ARG,31,NH1,GLU,32,OE1,4,0.0001333288890370321
LYS,33,NZ,LYS,33,O,4,0.0001333288890370321
GLY,71,N,HID,341,N,4,0.0001333288890370321
LYS,72,NZ,SER,193,O,4,0.0001333288890370321
ASN,89,ND2,ARG,70,N,4,0.0001333288890370321
LYS,94,N,ASN,91,O,4,0.0001333288890370321
ARG,98,NE,THR,102,OG1,4,0.0001333288890370321
VAL,101,N,ARG,98,O,4,0.0001333288890370321
ARG,105,NH1,ASP,106,OD2,4,0.0001333288890370321
ARG,105,NH2,THR,102,OG1,4,0.0001333288890370321
MET,109,N,ASP,106,O,4,0.0001333288890370321
GLY,110,N,GLY,108,O,4,0.0001333288890370321
LYS,111,NZ,ALA,232,O,4,0.0001333288890370321
ARG,112,NE,GLY,110,O,4,0.0001333288890370321
ARG,112,NE,GLU,116,O,4,0.0001333288890370321
ARG,117,NE,GLU,116,OE1,4,0.0001333288890370321
GLN,144,N,PHE,141,O,4,0.0001333288890370321
VAL,155,N,CYS,152,O,4,0.0001333288890370321
ARG,159,NH1,TYR,162,OH,4,0.0001333288890370321
GLN,163,N,HIE,161,NE2,4,0.0001333288890370321
ASP,164,N,HIE,161,ND1,4,0.0001333288890370321
SER,179,OG,GLN,176,OE1,4,0.0001333288890370321
SER,183,N,ILE,181,O,4,0.0001333288890370321
GLN,205,NE2,ARG,204,NH2,4,0.0001333288890370321
ASN,214,ND2,GLN,258,NE2,4,0.0001333288890370321
ARG,225,NH1,ARG,225,O,4,0.0001333288890370321
ARG,225,NH2,GLU,245,OE2,4,0.0001333288890370321
GLU,226,N,GLU,226,OE1,4,0.0001333288890370321
TYR,240,OH,ASN,259,O,4,0.0001333288890370321
LYS,246,NZ,HID,243,ND1,4,0.0001333288890370321
SER,249,OG,MET,244,O,4,0.0001333288890370321
SER,249,OG,GLU,245,OE1,4,0.0001333288890370321
GLN,258,NE2,ARG,81,NH1,4,0.0001333288890370321
ASN,263,ND2,GLY,84,O,4,0.0001333288890370321
THR,272,OG1,GLY,271,O,4,0.0001333288890370321
TYR,281,OH,PHE,331,O,4,0.0001333288890370321
LEU,285,N,GLY,282,O,4,0.0001333288890370321
TYR,289,OH,PHE,380,O,4,0.0001333288890370321
ARG,295,NH1,HIE,291,ND1,4,0.0001333288890370321
ARG,298,NE,GLU,294,O,4,0.0001333288890370321
ARG,298,NH1,GLU,294,O,4,0.0001333288890370321
GLY,305,N,GLU,301,O,4,0.0001333288890370321
GLN,329,NE2,ARG,415,NH1,4,0.0001333288890370321
ARG,330,NH2,ASP,378,O,4,0.0001333288890370321
THR,347,N,GLN,345,O,4,0.0001333288890370321
ARG,350,NH2,ALA,55,N,4,0.0001333288890370321
THR,366,OG1,ASN,363,ND2,4,0.0001333288890370321
LYS,376,NZ,ASN,381,OD1,4,0.0001333288890370321
ASP,378,N,ASP,378,OD1,4,0.0001333288890370321
ASP,378,N,ASP,378,OD2,4,0.0001333288890370321
ALA,379,N,ASP,378,OD1,4,0.0001333288890370321
LYS,393,NZ,ASP,383,OD1,4,0.0001333288890370321
LYS,394,NZ,PHE,398,O,4,0.0001333288890370321
PHE,398,N,GLU,396,O,4,0.0001333288890370321
GLY,404,N,SER,402,O,4,0.0001333288890370321
ARG,406,NE,SER,68,O,4,0.0001333288890370321
ILE,407,N,HM1,464,O1D,4,0.0001333288890370321
ARG,415,NE,ARG,315,NH1,4,0.0001333288890370321
ARG,415,NH2,LEU,418,O,4,0.0001333288890370321
SER,430,N,PRO,462,O,4,0.0001333288890370321
CYS,447,N,GLU,446,OE2,4,0.0001333288890370321
GLY,448,N,SER,182,O,4,0.0001333288890370321
GLY,450,N,CYS,447,O,4,0.0001333288890370321
GLN,457,NE2,LEU,136,O,4,0.0001333288890370321
ARG,463,NH2,SER,430,OG,4,0.0001333288890370321
ARG,7,NE,ARG,7,O,3,9.999666677777408e-05
ARG,29,NE,LYS,25,O,3,9.999666677777408e-05
LYS,33,N,ARG,31,O,3,9.999666677777408e-05
LYS,33,NZ,GLU,32,O,3,9.999666677777408e-05
HIE,41,NE2,PRO,10,O,3,9.999666677777408e-05
ARG,57,N,GLU,54,O,3,9.999666677777408e-05
ASP,62,N,ALA,59,O,3,9.999666677777408e-05
GLU,65,N,LYS,63,O,3,9.999666677777408e-05
TYR,83,N,ARG,81,O,3,9.999666677777408e-05
ASN,89,ND2,GLU,254,OE1,3,9.999666677777408e-05
ASN,89,ND2,GLU,254,OE2,3,9.999666677777408e-05
ARG,92,NH1,SER,253,O,3,9.999666677777408e-05
SER,100,OG,ASN,263,OD1,3,9.999666677777408e-05
THR,102,OG1,ASP,106,OD1,3,9.999666677777408e-05
GLY,108,N,LYS,234,O,3,9.999666677777408e-05
GLY,110,N,LYS,111,O,3,9.999666677777408e-05
ARG,112,NH1,LYS,111,O,3,9.999666677777408e-05
GLU,116,N,GLU,116,OE1,3,9.999666677777408e-05
ARG,117,NE,VAL,114,O,3,9.999666677777408e-05
ARG,117,NH2,SER,153,OG,3,9.999666677777408e-05
SER,132,OG,SER,132,O,3,9.999666677777408e-05
PHE,143,N,THR,140,O,3,9.999666677777408e-05
GLN,144,NE2,TYR,175,N,3,9.999666677777408e-05
HIE,161,NE2,ASP,164,OD2,3,9.999666677777408e-05
TYR,162,N,HIE,161,NE2,3,9.999666677777408e-05
SER,182,OG,GLY,450,O,3,9.999666677777408e-05
GLY,186,N,LEU,180,O,3,9.999666677777408e-05
SER,193,OG,LYS,197,O,3,9.999666677777408e-05
LYS,197,NZ,ASP,77,OD2,3,9.999666677777408e-05
HIE,203,NE2,ARG,204,NH2,3,9.999666677777408e-05
ARG,204,NH1,GLN,205,OE1,3,9.999666677777408e-05
ARG,204,NH2,PHE,199,N,3,9.999666677777408e-05
ARG,204,NH2,GLY,201,O,3,9.999666677777408e-05
ARG,204,NH2,HIE,203,ND1,3,9.999666677777408e-05
ARG,204,NH2,GLN,205,OE1,3,9.999666677777408e-05
GLN,205,NE2,GLN,176,NE2,3,9.999666677777408e-05
TYR,207,OH,ARG,81,NH2,3,9.999666677777408e-05
ASN,209,ND2,THR,177,N,3,9.999666677777408e-05
ASN,214,ND2,ASN,261,O,3,9.999666677777408e-05
HIE,219,NE2,GLU,166,OE1,3,9.999666677777408e-05
THR,227,OG1,ASP,229,OD2,3,9.999666677777408e-05
ASP,229,N,THR,227,OG1,3,9.999666677777408e-05
LYS,234,NZ,PHE,156,O,3,9.999666677777408e-05
THR,239,N,LEU,236,O,3,9.999666677777408e-05
LEU,241,N,ASP,238,O,3,9.999666677777408e-05
LYS,246,NZ,HID,243,O,3,9.999666677777408e-05
HIE,252,N,ASN,250,O,3,9.999666677777408e-05
PHE,255,N,SER,253,O,3,9.999666677777408e-05
HIE,257,NE2,GLY,218,O,3,9.999666677777408e-05
HIE,257,NE2,GLN,258,NE2,3,9.999666677777408e-05
ASN,259,ND2,ARG,92,O,3,9.999666677777408e-05
THR,274,N,PHE,269,O,3,9.999666677777408e-05
SER,276,OG,GLN,144,N,3,9.999666677777408e-05
ARG,295,NH1,GLN,302,OE1,3,9.999666677777408e-05
GLN,302,NE2,ARG,298,NH2,3,9.999666677777408e-05
ILE,304,N,GLU,299,O,3,9.999666677777408e-05
ARG,308,NH2,GLU,311,OE1,3,9.999666677777408e-05
ARG,308,NH2,GLU,311,OE2,3,9.999666677777408e-05
LYS,317,NZ,ALA,316,O,3,9.999666677777408e-05
ALA,323,N,TYR,320,O,3,9.999666677777408e-05
GLN,329,N,TYR,326,O,3,9.999666677777408e-05
GLN,345,NE2,GLN,345,O,3,9.999666677777408e-05
LYS,356,NZ,HIE,346,ND1,3,9.999666677777408e-05
ALA,391,N,ASN,389,ND2,3,9.999666677777408e-05
LYS,405,NZ,SER,68,O,3,9.999666677777408e-05
ARG,415,NH1,CM1,408,O,3,9.999666677777408e-05
THR,424,OG1,ALA,122,O,3,9.999666677777408e-05
THR,424,OG1,PHE,421,O,3,9.999666677777408e-05
SER,430,OG,SER,430,O,3,9.999666677777408e-05
THR,443,N,ASP,441,O,3,9.999666677777408e-05
GLN,457,N,GLN,457,OE1,3,9.999666677777408e-05
ARG,7,NE,GLN,17,NE2,2,6.666444451851606e-05
GLY,13,N,LEU,11,O,2,6.666444451851606e-05
GLN,17,N,LEU,15,O,2,6.666444451851606e-05
GLN,17,NE2,GLY,13,O,2,6.666444451851606e-05
GLN,17,NE2,LEU,16,O,2,6.666444451851606e-05
GLN,17,NE2,TYR,34,OH,2,6.666444451851606e-05
LYS,25,NZ,ARG,21,NH2,2,6.666444451851606e-05
SER,26,OG,LEU,23,N,2,6.666444451851606e-05
SER,26,OG,SER,26,O,2,6.666444451851606e-05
ARG,29,NE,GLN,17,O,2,6.666444451851606e-05
ARG,31,NH2,CYS,51,O,2,6.666444451851606e-05
ASP,36,N,ARG,350,NH1,2,6.666444451851606e-05
THR,39,OG1,VAL,48,N,2,6.666444451851606e-05
HIE,41,NE2,PRO,44,O,2,6.666444451851606e-05
LEU,42,N,VAL,40,O,2,6.666444451851606e-05
ARG,45,NH1,GLU,190,OE1,2,6.666444451851606e-05
LEU,50,N,ASN,363,OD1,2,6.666444451851606e-05
ALA,55,N,GLU,54,OE2,2,6.666444451851606e-05
ARG,57,NH1,GLU,396,O,2,6.666444451851606e-05
ARG,81,N,PRO,78,O,2,6.666444451851606e-05
ARG,81,NH1,TYR,83,OH,2,6.666444451851606e-05
GLY,82,N,ASP,77,OD1,2,6.666444451851606e-05
ASN,89,N,ARG,92,NH1,2,6.666444451851606e-05
ASN,89,N,ARG,92,NH2,2,6.666444451851606e-05
ARG,92,NH1,ASN,89,O,2,6.666444451851606e-05
LYS,94,NZ,LYS,94,O,2,6.666444451851606e-05
ARG,97,N,LYS,94,O,2,6.666444451851606e-05
THR,102,OG1,ARG,98,NH1,2,6.666444451851606e-05
ARG,112,NH1,ARG,159,NH2,2,6.666444451851606e-05
ARG,112,NH2,SER,153,OG,2,6.666444451851606e-05
ARG,117,NH1,GLU,120,OE2,2,6.666444451851606e-05
GLN,119,NE2,GLN,123,NE2,2,6.666444451851606e-05
SER,145,OG,LEU,142,O,2,6.666444451851606e-05
THR,147,OG1,SER,276,OG,2,6.666444451851606e-05
SER,153,OG,GLY,157,O,2,6.666444451851606e-05
LYS,158,NZ,SER,220,OG,2,6.666444451851606e-05
ARG,159,NH2,ARG,112,NH2,2,6.666444451851606e-05
HIE,161,N,HIE,161,ND1,2,6.666444451851606e-05
GLN,165,NE2,GLN,163,NE2,2,6.666444451851606e-05
GLN,176,NE2,LEU,173,N,2,6.666444451851606e-05
THR,177,OG1,ASN,209,OD1,2,6.666444451851606e-05
PHE,178,N,TYR,175,O,2,6.666444451851606e-05
SER,179,OG,GLU,446,OE2,2,6.666444451851606e-05
GLY,201,N,ARG,204,NH1,2,6.666444451851606e-05
ARG,204,N,PRO,200,O,2,6.666444451851606e-05
ARG,204,NE,HIE,203,NE2,2,6.666444451851606e-05
ARG,204,NH2,TYR,198,OH,2,6.666444451851606e-05
LYS,208,NZ,ARG,204,NH2,2,6.666444451851606e-05
LYS,208,NZ,GLN,205,O,2,6.666444451851606e-05
LEU,210,N,TYR,207,O,2,6.666444451851606e-05
LEU,210,N,ASN,209,OD1,2,6.666444451851606e-05
ASN,214,ND2,LEU,210,O,2,6.666444451851606e-05
ARG,225,NE,GLU,222,O,2,6.666444451851606e-05
GLU,226,N,GLU,226,OE2,2,6.666444451851606e-05
ASP,235,N,ASP,238,OD2,2,6.666444451851606e-05
TYR,240,OH,ASN,263,OD1,2,6.666444451851606e-05
HID,243,ND1,GLU,247,OE2,2,6.666444451851606e-05
LYS,246,NZ,LYS,246,O,2,6.666444451851606e-05
GLU,247,N,GLU,245,O,2,6.666444451851606e-05
SER,249,N,GLU,245,O,2,6.666444451851606e-05
SER,249,OG,ASN,250,ND2,2,6.666444451851606e-05
SER,253,OG,ASN,250,OD1,2,6.666444451851606e-05
SER,256,OG,SER,249,OG,2,6.666444451851606e-05
HIE,257,NE2,ARG,225,NH1,2,6.666444451851606e-05
HIE,257,NE2,LYS,248,O,2,6.666444451851606e-05
HIE,257,NE2,SER,249,OG,2,6.666444451851606e-05
ASN,263,ND2,LEU,96,O,2,6.666444451851606e-05
SER,276,OG,GLU,273,O,2,6.666444451851606e-05
ARG,280,NH1,TYR,175,OH,2,6.666444451851606e-05
ARG,280,NH1,PRO,454,O,2,6.666444451851606e-05
ARG,280,NH2,GLN,445,OE1,2,6.666444451851606e-05
ARG,295,NE,HIE,291,ND1,2,6.666444451851606e-05
TYR,297,OH,GLN,427,O,2,6.666444451851606e-05
TYR,297,OH,ARG,463,O,2,6.666444451851606e-05
TYR,297,OH,ARG,463,OXT,2,6.666444451851606e-05
GLN,302,NE2,GLU,299,O,2,6.666444451851606e-05
ARG,308,N,ILE,304,O,2,6.666444451851606e-05
ARG,308,NH1,GLU,311,N,2,6.666444451851606e-05
GLU,311,N,ARG,308,NH1,2,6.666444451851606e-05
HIE,313,N,GLU,311,O,2,6.666444451851606e-05
ASP,314,N,HIE,313,ND1,2,6.666444451851606e-05
ARG,315,NE,ALA,416,O,2,6.666444451851606e-05
ARG,315,NH2,TYR,326,OH,2,6.666444451851606e-05
LYS,317,NZ,GLN,302,OE1,2,6.666444451851606e-05
VAL,324,N,THR,321,O,2,6.666444451851606e-05
ILE,328,N,ILE,325,O,2,6.666444451851606e-05
ARG,330,NH2,ALA,379,O,2,6.666444451851606e-05
ASP,333,N,ASP,333,OD1,2,6.666444451851606e-05
ILE,342,N,PHE,67,O,2,6.666444451851606e-05
THR,344,OG1,GLU,65,OE1,2,6.666444451851606e-05
THR,344,OG1,GLU,65,OE2,2,6.666444451851606e-05
GLN,345,N,VAL,343,O,2,6.666444451851606e-05
THR,347,OG1,THR,347,O,2,6.666444451851606e-05
THR,347,OG1,ILE,354,O,2,6.666444451851606e-05
GLY,351,N,SER,348,OG,2,6.666444451851606e-05
THR,358,OG1,PRO,355,N,2,6.666444451851606e-05
HIE,372,NE2,ASP,370,OD1,2,6.666444451851606e-05
GLU,375,N,TYR,373,O,2,6.666444451851606e-05
LYS,376,NZ,ASP,383,OD1,2,6.666444451851606e-05
ASP,378,N,LYS,376,O,2,6.666444451851606e-05
ASN,381,ND2,HIP,384,NE2,2,6.666444451851606e-05
HIP,384,N,ASN,381,OD1,2,6.666444451851606e-05
SER,402,OG,HID,341,NE2,2,6.666444451851606e-05
LEU,403,N,ARG,406,O,2,6.666444451851606e-05
LYS,405,NZ,LEU,403,O,2,6.666444451851606e-05
ARG,406,NE,ARG,70,NH1,2,6.666444451851606e-05
ARG,415,NH1,LEU,409,O,2,6.666444451851606e-05
SER,430,OG,ARG,463,O,2,6.666444451851606e-05
GLY,448,N,GLU,446,O,2,6.666444451851606e-05
GLY,450,N,GLN,187,NE2,2,6.666444451851606e-05
LYS,451,NZ,LEU,334,O,2,6.666444451851606e-05
ILE,452,N,GLY,450,O,2,6.666444451851606e-05
TYR,456,OH,LEU,284,N,2,6.666444451851606e-05
GLN,457,N,GLN,457,NE2,2,6.666444451851606e-05
ARG,459,NE,ALA,135,O,2,6.666444451851606e-05
ARG,463,NH2,GLN,427,O,2,6.666444451851606e-05
ARG,463,NH2,ARG,463,OXT,2,6.666444451851606e-05
ARG,1,N,ILE,353,N,1,3.333222225925803e-05
ARG,1,NH1,PRO,3,O,1,3.333222225925803e-05
LEU,11,N,LEU,9,O,1,3.333222225925803e-05
GLN,17,NE2,PRO,6,O,1,3.333222225925803e-05
GLN,17,NE2,ARG,7,NH2,1,3.333222225925803e-05
ASP,19,N,GLY,22,O,1,3.333222225925803e-05
ARG,20,N,MET,18,O,1,3.333222225925803e-05
ARG,20,N,ASP,19,OD1,1,3.333222225925803e-05
ARG,20,NH1,ASP,19,O,1,3.333222225925803e-05
ARG,20,NH1,ARG,21,NH2,1,3.333222225925803e-05
LEU,23,N,ASP,19,O,1,3.333222225925803e-05
LEU,24,N,GLY,448,O,1,3.333222225925803e-05
LYS,25,NZ,ARG,29,NH1,1,3.333222225925803e-05
LYS,25,NZ,ASP,378,OD1,1,3.333222225925803e-05
ARG,29,NH2,MET,18,O,1,3.333222225925803e-05
ARG,29,NH2,ARG,21,NH2,1,3.333222225925803e-05
ARG,31,NE,GLY,35,O,1,3.333222225925803e-05
ARG,31,NH1,THR,366,OG1,1,3.333222225925803e-05
GLY,35,N,GLU,32,O,1,3.333222225925803e-05
ASP,36,N,ASP,36,OD2,1,3.333222225925803e-05
THR,39,OG1,PRO,3,N,1,3.333222225925803e-05
ARG,45,NE,GLU,190,OE1,1,3.333222225925803e-05
ARG,45,NE,GLU,190,O,1,3.333222225925803e-05
GLY,52,N,LEU,50,O,1,3.333222225925803e-05
GLU,54,N,TYR,373,OH,1,3.333222225925803e-05
ALA,55,N,CYS,51,O,1,3.333222225925803e-05
ALA,55,N,GLU,54,OE1,1,3.333222225925803e-05
VAL,61,N,ALA,59,O,1,3.333222225925803e-05
LYS,63,NZ,GLU,65,OE1,1,3.333222225925803e-05
SER,68,OG,SER,68,O,1,3.333222225925803e-05
GLY,69,N,ARG,406,NE,1,3.333222225925803e-05
GLY,69,N,HM1,464,O2A,1,3.333222225925803e-05
ARG,70,N,PHE,87,O,1,3.333222225925803e-05
ARG,70,NE,HID,341,ND1,1,3.333222225925803e-05
GLY,71,N,ARG,70,NE,1,3.333222225925803e-05
LYS,72,NZ,ARG,45,NH1,1,3.333222225925803e-05
LYS,72,NZ,LYS,72,N,1,3.333222225925803e-05
LYS,72,NZ,GLU,190,O,1,3.333222225925803e-05
ALA,74,N,LYS,72,O,1,3.333222225925803e-05
ARG,81,NH1,PHE,80,O,1,3.333222225925803e-05
ARG,81,NH2,ASP,77,O,1,3.333222225925803e-05
ARG,81,NH2,TYR,198,OH,1,3.333222225925803e-05
GLY,82,N,ASP,77,OD2,1,3.333222225925803e-05
TYR,83,OH,ARG,81,NH1,1,3.333222225925803e-05
VAL,85,N,SER,266,OG,1,3.333222225925803e-05
ALA,88,N,ILE,86,O,1,3.333222225925803e-05
ASN,89,ND2,GLY,69,O,1,3.333222225925803e-05
ASN,89,ND2,ALA,88,O,1,3.333222225925803e-05
ARG,92,NE,ASN,259,OD1,1,3.333222225925803e-05
ARG,92,NH1,ARG,81,O,1,3.333222225925803e-05
ARG,92,NH1,TYR,83,OH,1,3.333222225925803e-05
ARG,92,NH2,GLY,84,O,1,3.333222225925803e-05
ARG,92,NH2,ASN,89,OD1,1,3.333222225925803e-05
LYS,94,NZ,ASN,89,O,1,3.333222225925803e-05
ARG,97,NH1,LEU,409,N,1,3.333222225925803e-05
ARG,97,NH2,GLU,411,OE2,1,3.333222225925803e-05
ARG,98,N,VAL,95,O,1,3.333222225925803e-05
ARG,98,NE,VAL,95,O,1,3.333222225925803e-05
ARG,98,NH1,GLU,247,OE2,1,3.333222225925803e-05
THR,102,OG1,THR,102,O,1,3.333222225925803e-05
THR,103,OG1,MET,104,N,1,3.333222225925803e-05
ARG,105,NH1,VAL,101,O,1,3.333222225925803e-05
MET,109,N,LYS,111,O,1,3.333222225925803e-05
LYS,111,NZ,THR,102,O,1,3.333222225925803e-05
LYS,111,NZ,GLY,108,N,1,3.333222225925803e-05
ARG,112,N,ARG,117,NH2,1,3.333222225925803e-05
ARG,112,NH1,MET,109,O,1,3.333222225925803e-05
ARG,112,NH1,SER,153,OG,1,3.333222225925803e-05
ARG,112,NH1,ARG,159,NH1,1,3.333222225925803e-05
SER,113,N,GLY,110,O,1,3.333222225925803e-05
ARG,117,NE,LYS,111,O,1,3.333222225925803e-05
ARG,117,NH1,GLU,116,OE1,1,3.333222225925803e-05
ARG,117,NH2,GLU,116,OE2,1,3.333222225925803e-05
GLN,119,NE2,PRO,309,O,1,3.333222225925803e-05
ALA,122,N,GLN,119,O,1,3.333222225925803e-05
GLN,123,NE2,GLN,119,NE2,1,3.333222225925803e-05
SER,132,OG,ALA,135,O,1,3.333222225925803e-05
LEU,136,N,ARG,459,NH2,1,3.333222225925803e-05
MET,137,N,ALA,135,O,1,3.333222225925803e-05
THR,147,OG1,THR,147,O,1,3.333222225925803e-05
THR,147,OG1,THR,272,OG1,1,3.333222225925803e-05
SER,153,OG,LYS,158,O,1,3.333222225925803e-05
PHE,156,N,ILE,151,O,1,3.333222225925803e-05
LYS,158,NZ,GLU,166,OE2,1,3.333222225925803e-05
ARG,159,NE,SER,153,OG,1,3.333222225925803e-05
ARG,159,NE,ARG,159,O,1,3.333222225925803e-05
ARG,159,NE,PHE,160,O,1,3.333222225925803e-05
ARG,159,NH1,ASN,149,OD1,1,3.333222225925803e-05
ARG,159,NH2,ARG,112,NH1,1,3.333222225925803e-05
ARG,159,NH2,GLU,120,O,1,3.333222225925803e-05
ARG,159,NH2,HIE,161,NE2,1,3.333222225925803e-05
TYR,162,OH,GLU,121,O,1,3.333222225925803e-05
GLN,165,N,ASP,164,OD2,1,3.333222225925803e-05
GLN,165,NE2,ASP,164,OD2,1,3.333222225925803e-05
PHE,167,N,GLU,166,OE1,1,3.333222225925803e-05
LYS,169,NZ,GLN,165,NE2,1,3.333222225925803e-05
LYS,169,NZ,ASN,172,ND2,1,3.333222225925803e-05
TYR,175,N,GLN,144,NE2,1,3.333222225925803e-05
TYR,175,N,ASN,172,O,1,3.333222225925803e-05
TYR,175,OH,ASP,138,OD1,1,3.333222225925803e-05
TYR,175,OH,ASN,172,ND2,1,3.333222225925803e-05
SER,179,OG,TYR,175,OH,1,3.333222225925803e-05
SER,179,OG,SER,179,O,1,3.333222225925803e-05
SER,179,OG,GLN,445,NE2,1,3.333222225925803e-05
LEU,180,N,PHE,178,O,1,3.333222225925803e-05
SER,182,OG,GLU,446,OE1,1,3.333222225925803e-05
GLN,187,NE2,ASP,19,O,1,3.333222225925803e-05
PHE,189,N,GLN,187,N,1,3.333222225925803e-05
GLY,194,N,PHE,192,O,1,3.333222225925803e-05
LYS,197,NZ,ASP,77,OD1,1,3.333222225925803e-05
LYS,197,NZ,LYS,197,O,1,3.333222225925803e-05
TYR,198,OH,ARG,204,NH2,1,3.333222225925803e-05
HIE,203,NE2,TYR,198,OH,1,3.333222225925803e-05
HIE,203,NE2,PHE,199,N,1,3.333222225925803e-05
ARG,204,N,HIE,203,NE2,1,3.333222225925803e-05
ARG,204,N,GLN,205,OE1,1,3.333222225925803e-05
ARG,204,NE,HIE,203,O,1,3.333222225925803e-05
ARG,204,NH1,PRO,200,O,1,3.333222225925803e-05
ARG,204,NH1,GLY,201,O,1,3.333222225925803e-05
ARG,204,NH1,GLN,211,OE1,1,3.333222225925803e-05
LYS,208,NZ,ARG,204,NH1,1,3.333222225925803e-05
LYS,208,NZ,TYR,207,OH,1,3.333222225925803e-05
LYS,208,NZ,GLN,211,NE2,1,3.333222225925803e-05
ASN,209,ND2,LYS,208,O,1,3.333222225925803e-05
HIP,224,N,GLU,222,O,1,3.333222225925803e-05
HIP,224,NE2,ASP,238,OD2,1,3.333222225925803e-05
SER,231,OG,SER,231,O,1,3.333222225925803e-05
LYS,234,NZ,MET,109,O,1,3.333222225925803e-05
LYS,234,NZ,LEU,228,N,1,3.333222225925803e-05
TYR,240,OH,ASN,263,ND2,1,3.333222225925803e-05
HID,243,ND1,HID,243,O,1,3.333222225925803e-05
LYS,246,NZ,GLU,245,O,1,3.333222225925803e-05
LYS,248,N,HID,243,O,1,3.333222225925803e-05
LYS,248,NZ,SER,249,OG,1,3.333222225925803e-05
ASN,250,ND2,LYS,246,O,1,3.333222225925803e-05
ALA,251,N,LYS,248,O,1,3.333222225925803e-05
ALA,251,N,ASN,250,ND2,1,3.333222225925803e-05
ALA,251,N,HIE,252,ND1,1,3.333222225925803e-05
SER,253,OG,ALA,251,O,1,3.333222225925803e-05
GLU,254,N,SER,253,OG,1,3.333222225925803e-05
SER,256,OG,PHE,255,O,1,3.333222225925803e-05
HIE,257,NE2,MET,244,O,1,3.333222225925803e-05
HIE,257,NE2,GLU,245,OE2,1,3.333222225925803e-05
HIE,257,NE2,ASN,261,OD1,1,3.333222225925803e-05
HIE,257,NE2,ASN,261,ND2,1,3.333222225925803e-05
GLN,258,NE2,ASN,214,ND2,1,3.333222225925803e-05
GLN,258,NE2,ASN,259,ND2,1,3.333222225925803e-05
ASN,259,ND2,SER,256,N,1,3.333222225925803e-05
ASN,263,ND2,THR,264,OG1,1,3.333222225925803e-05
THR,264,N,ASN,259,O,1,3.333222225925803e-05
SER,266,OG,SER,266,O,1,3.333222225925803e-05
PHE,269,N,THR,264,O,1,3.333222225925803e-05
THR,272,N,ALA,270,O,1,3.333222225925803e-05
THR,275,OG1,THR,274,OG1,1,3.333222225925803e-05
SER,276,OG,THR,147,OG1,1,3.333222225925803e-05
SER,276,OG,GLU,273,OE1,1,3.333222225925803e-05
THR,277,N,THR,274,O,1,3.333222225925803e-05
LEU,279,N,SER,276,O,1,3.333222225925803e-05
ARG,280,N,THR,277,O,1,3.333222225925803e-05
ARG,280,NH1,GLU,273,OE2,1,3.333222225925803e-05
ARG,280,NH2,THR,140,OG1,1,3.333222225925803e-05
ARG,280,NH2,PRO,453,O,1,3.333222225925803e-05
ARG,280,NH2,THR,455,N,1,3.333222225925803e-05
GLY,282,N,LEU,279,O,1,3.333222225925803e-05
TYR,289,OH,ASP,378,O,1,3.333222225925803e-05
ARG,295,NE,ARG,295,O,1,3.333222225925803e-05
ARG,295,NE,ARG,298,NH2,1,3.333222225925803e-05
ARG,295,NE,GLU,299,OE2,1,3.333222225925803e-05
ARG,295,NH1,ASP,383,OD2,1,3.333222225925803e-05
ARG,295,NH2,HIE,291,O,1,3.333222225925803e-05
ARG,295,NH2,GLU,299,N,1,3.333222225925803e-05
ARG,295,NH2,TYR,320,OH,1,3.333222225925803e-05
TYR,297,OH,ARG,298,NH1,1,3.333222225925803e-05
TYR,297,OH,ARG,298,NH2,1,3.333222225925803e-05
ARG,298,NH1,ARG,295,NH2,1,3.333222225925803e-05
ARG,298,NH1,TYR,297,OH,1,3.333222225925803e-05
ARG,298,NH1,GLN,302,NE2,1,3.333222225925803e-05
ILE,300,N,TYR,297,O,1,3.333222225925803e-05
GLN,302,NE2,GLU,299,N,1,3.333222225925803e-05
ARG,308,NE,HIE,307,NE2,1,3.333222225925803e-05
ARG,308,NH1,VAL,303,O,1,3.333222225925803e-05
ARG,308,NH1,HIE,307,NE2,1,3.333222225925803e-05
ASP,314,N,GLU,311,OE1,1,3.333222225925803e-05
ARG,315,NH1,GLU,417,OE2,1,3.333222225925803e-05
ARG,315,NH2,LEU,312,O,1,3.333222225925803e-05
LYS,317,NZ,GLU,311,OE1,1,3.333222225925803e-05
LYS,317,NZ,ASP,314,N,1,3.333222225925803e-05
TYR,320,OH,ARG,295,NH1,1,3.333222225925803e-05
THR,321,OG1,MET,318,O,1,3.333222225925803e-05
TYR,326,OH,ARG,415,NH2,1,3.333222225925803e-05
GLU,327,N,VAL,324,O,1,3.333222225925803e-05
GLN,329,NE2,TYR,326,N,1,3.333222225925803e-05
GLN,329,NE2,SER,332,O,1,3.333222225925803e-05
GLN,329,NE2,ARG,415,NH2,1,3.333222225925803e-05
MET,337,N,VAL,449,O,1,3.333222225925803e-05
HID,341,ND1,ARG,70,NH2,1,3.333222225925803e-05
HIE,346,N,HIE,346,ND1,1,3.333222225925803e-05
SER,348,OG,SER,348,O,1,3.333222225925803e-05
LYS,356,NZ,HIE,346,NE2,1,3.333222225925803e-05
THR,358,N,LYS,356,O,1,3.333222225925803e-05
ASN,363,N,PHE,361,O,1,3.333222225925803e-05
ASN,363,ND2,MET,337,O,1,3.333222225925803e-05
LEU,364,N,MET,337,O,1,3.333222225925803e-05
ALA,367,N,SER,365,O,1,3.333222225925803e-05
HID,369,ND1,LEU,368,O,1,3.333222225925803e-05
HIE,372,NE2,TYR,373,OH,1,3.333222225925803e-05
LYS,376,NZ,LYS,376,O,1,3.333222225925803e-05
LYS,376,NZ,ASP,378,O,1,3.333222225925803e-05
LYS,376,NZ,PHE,380,O,1,3.333222225925803e-05
ASP,383,N,ASP,383,OD2,1,3.333222225925803e-05
LYS,393,N,LEU,386,N,1,3.333222225925803e-05
LYS,393,NZ,ASP,383,OD2,1,3.333222225925803e-05
LYS,393,NZ,LEU,392,O,1,3.333222225925803e-05
LYS,394,NZ,GLU,322,OE1,1,3.333222225925803e-05
LYS,394,NZ,GLU,322,OE2,1,3.333222225925803e-05
ALA,397,N,THR,395,O,1,3.333222225925803e-05
SER,402,OG,PHE,401,O,1,3.333222225925803e-05
LYS,405,N,LEU,403,O,1,3.333222225925803e-05
ARG,406,NE,HM1,464,O1D,1,3.333222225925803e-05
ARG,406,NH1,GLY,69,N,1,3.333222225925803e-05
ARG,406,NH1,ILE,86,O,1,3.333222225925803e-05
ARG,406,NH2,GLY,69,O,1,3.333222225925803e-05
ILE,407,N,LEU,403,O,1,3.333222225925803e-05
ARG,415,NH1,TYR,326,OH,1,3.333222225925803e-05
ARG,415,NH1,ARG,415,O,1,3.333222225925803e-05
ARG,415,NH2,GLN,329,NE2,1,3.333222225925803e-05
THR,423,OG1,LEU,420,O,1,3.333222225925803e-05
THR,424,N,PHE,421,O,1,3.333222225925803e-05
GLN,427,NE2,GLN,427,O,1,3.333222225925803e-05
ASN,428,ND2,PRO,306,O,1,3.333222225925803e-05
ASN,428,ND2,HIE,307,O,1,3.333222225925803e-05
SER,430,OG,MET,431,N,1,3.333222225925803e-05
SER,430,OG,MET,431,O,1,3.333222225925803e-05
SER,430,OG,ARG,463,N,1,3.333222225925803e-05
SER,430,OG,ARG,463,NH1,1,3.333222225925803e-05
SER,430,OG,ARG,463,OXT,1,3.333222225925803e-05
ALA,436,N,ASP,439,O,1,3.333222225925803e-05
ILE,440,N,GLU,438,O,1,3.333222225925803e-05
GLN,445,NE2,THR,455,N,1,3.333222225925803e-05
CYS,447,N,SER,182,O,1,3.333222225925803e-05
VAL,449,N,SER,182,O,1,3.333222225925803e-05
ARG,459,NE,LEU,136,N,1,3.333222225925803e-05
ARG,459,NH1,ALA,135,O,1,3.333222225925803e-05
ARG,459,NH2,LYS,133,O,1,3.333222225925803e-05
ARG,459,NH2,SER,433,O,1,3.333222225925803e-05
PHE,460,N,ALA,135,O,1,3.333222225925803e-05
ARG,463,NE,TYR,297,OH,1,3.333222225925803e-05
ARG,463,NH2,ARG,463,O,1,3.333222225925803e-05
