donor_resname,donor_resid,donor_atom,acceptor_resname,acceptor_resid,acceptor_atom,count,frequency
ARG,330,NH2,GLU,327,OE1,28864,0.9621012632912236
ASN,381,N,GLU,327,OE1,28648,0.9549015032832239
PHE,283,N,LEU,279,O,28453,0.9484017199426685
ARG,330,NE,GLU,327,OE2,28239,0.9412686243791873
VAL,40,N,VAL,47,O,28178,0.9392353588213727
THR,424,OG1,LEU,420,O,28133,0.937735408819706
VAL,343,N,THR,358,O,27995,0.9331355621479284
THR,177,OG1,LEU,173,O,27752,0.9250358321389287
TYR,456,OH,ARG,280,O,27742,0.9247025099163361
MET,49,N,PHE,38,O,27626,0.9208359721342622
ASP,77,N,ILE,73,O,27494,0.9164361187960401
SER,266,OG,LEU,262,O,27485,0.9161361287957068
LEU,168,N,ASP,164,O,27409,0.9136028799040032
ARG,70,NH1,ILE,86,O,27355,0.9118029399020032
THR,423,OG1,PHE,419,O,27256,0.9085030498983367
THR,366,OG1,ILE,363,O,27157,0.9052031598946702
VAL,101,N,ARG,97,O,27137,0.904536515449485
VAL,95,N,ASN,91,O,27035,0.9011366287790407
LEU,210,N,VAL,206,O,26828,0.8942368587713743
GLN,427,NE2,ARG,308,O,26801,0.8933368887703743
VAL,155,N,ILE,151,O,26772,0.8923702543248558
PHE,361,N,VAL,48,O,26688,0.8895703476550781
ILE,458,N,MET,137,O,26592,0.8863704543181894
LYS,94,N,GLY,90,O,26571,0.885670477650745
SER,332,OG,ILE,328,O,26553,0.8850704976500783
ASN,14,N,HIE,41,O,26475,0.8824705843138562
THR,264,OG1,LEU,260,O,26467,0.8822039265357822
LEU,9,N,GLY,13,O,26343,0.8780707309756342
GLU,301,N,TYR,297,O,26190,0.8729709009699677
ARG,298,N,GLU,294,O,26188,0.8729042365254491
HIE,41,N,ASN,14,OD1,26160,0.87197093430219
HIP,384,N,ASN,381,O,26138,0.8712376254124863
THR,358,OG1,PRO,355,O,26120,0.8706376454118196
ILE,452,N,GLU,446,O,26113,0.8704043198560047
PHE,385,N,PRO,382,O,26062,0.8687043765207827
THR,39,N,PRO,4,O,26034,0.8677710742975234
PHE,349,N,TYR,352,O,25882,0.8627045765141163
ARG,330,NH1,LEU,368,O,25840,0.8613046231792274
ARG,98,N,LYS,94,O,25754,0.8584380520649312
ASN,428,ND2,THR,424,O,25731,0.8576714109529683
GLN,176,N,ASN,172,O,25695,0.8564714509516349
THR,239,OG1,ASP,235,O,25651,0.8550048331722276
ASP,164,N,HIE,161,O,25647,0.8548715042831906
PHE,99,N,VAL,95,O,25640,0.8546381787273758
VAL,48,N,GLU,359,O,25469,0.8489383687210427
ARG,406,NH1,HM1,464,O2D,25466,0.8488383720542648
LEU,265,N,ASN,261,O,25458,0.8485717142761908
PHE,178,N,PHE,174,O,25413,0.8470717642745241
LEU,171,N,PHE,167,O,25382,0.8460384653844872
ILE,354,N,THR,347,O,25361,0.8453384887170428
TYR,281,N,THR,277,O,25320,0.8439718676044132
TYR,175,N,LEU,171,O,25314,0.8437718742708576
THR,277,N,GLU,273,O,25289,0.8429385687143762
LEU,241,N,ILE,237,O,25250,0.8416386120462651
PHE,160,N,ASN,149,OD1,25234,0.841105296490117
SER,430,N,LEU,461,O,25190,0.8396386787107096
LYS,208,N,ARG,204,O,25162,0.8387053764874505
SER,182,OG,PHE,178,O,25036,0.8345055164827839
PHE,269,N,LEU,265,O,25022,0.8340388653711543
VAL,221,N,ILE,217,O,24890,0.8296390120329322
MET,244,N,TYR,240,O,24841,0.8280057331422286
GLY,52,N,THR,366,OG1,24831,0.8276724109196361
LEU,28,N,LEU,24,O,24816,0.8271724275857472
THR,272,OG1,PHE,268,O,24799,0.8266057798073397
THR,103,OG1,PHE,99,O,24779,0.8259391353621546
ALA,270,N,SER,266,O,24705,0.8234725509149695
LEU,262,N,GLN,258,O,24701,0.8233392220259325
LEU,267,N,ASN,263,O,24680,0.8226392453584881
ARG,280,N,SER,276,O,24670,0.8223059231358955
VAL,76,N,ILE,73,O,24619,0.8206059798006733
THR,423,N,PHE,419,O,24605,0.8201393286890437
LEU,285,N,TYR,281,O,24575,0.8191393620212659
THR,278,OG1,THR,274,O,24483,0.8160727975734142
VAL,360,N,HID,341,O,24482,0.816039465351155
GLU,311,N,ASP,314,OD1,24408,0.8135728809039698
PHE,27,N,LEU,23,O,24258,0.8085730475650812
ILE,217,N,ILE,213,O,24249,0.8082730575647479
LEU,96,N,ARG,92,O,24173,0.8057398086730442
GLN,329,N,ILE,325,O,24117,0.8038732042265258
LEU,129,N,LEU,125,O,24058,0.8019066031132296
ALA,148,N,GLN,144,O,24029,0.8009399686677111
GLU,121,N,ARG,117,O,24009,0.800273324222526
LEU,461,N,SER,430,O,23952,0.7983733875537482
PHE,80,N,VAL,76,O,23877,0.7958734708843038
ILE,181,N,THR,177,O,23819,0.7939402019932669
ALA,323,N,PRO,319,O,23806,0.7935068831038965
ASP,387,N,ALA,391,O,23771,0.7923402553248226
MET,137,N,ILE,458,O,23714,0.7904403186560448
ARG,406,NH2,ALA,88,O,23672,0.789040365321156
THR,102,OG1,ARG,98,O,23604,0.7867737742075264
GLY,84,N,ASN,259,OD1,23600,0.7866404453184894
VAL,296,N,VAL,292,O,23430,0.7809739675344155
SER,26,OG,GLY,22,O,23372,0.7790406986433785
ARG,97,N,TRP,93,O,23361,0.7786740441985267
LEU,173,N,LYS,169,O,23282,0.7760407986400454
TYR,326,N,GLU,322,O,23265,0.775474150861638
SER,145,N,PHE,141,O,23217,0.7738742041931935
TYR,83,N,PHE,80,O,23212,0.7737075430818973
HIP,224,N,SER,220,O,23184,0.772774240858638
VAL,303,N,GLU,299,O,23120,0.7706409786340456
ARG,57,N,VAL,53,O,23021,0.767341088630379
ARG,92,NH1,GLY,82,O,22982,0.766041131962268
VAL,206,N,ALA,202,O,22949,0.7649411686277124
CYS,152,N,ALA,148,O,22909,0.7636078797373421
ASN,14,ND2,GLN,17,OE1,22891,0.7630078997366755
GLY,338,N,LEU,335,O,22823,0.7607413086230459
SER,145,OG,PHE,141,O,22805,0.7601413286223793
ASP,383,N,ASN,381,OD1,22789,0.7596080130662312
LEU,50,N,PHE,361,O,22654,0.7551081630612313
ASN,214,N,LEU,210,O,22608,0.7535748808373054
LYS,393,N,PHE,385,O,22552,0.751708276390787
GLN,211,N,TYR,207,O,22420,0.747308423052565
SER,100,OG,LEU,96,O,22380,0.7459751341621946
THR,424,N,LEU,420,O,22367,0.7455418152728243
ILE,126,N,ALA,122,O,22305,0.7434752174927503
HID,341,N,VAL,360,O,22299,0.7432752241591947
LEU,279,N,THR,275,O,22230,0.7409753008233059
TYR,34,N,PHE,30,O,22215,0.740475317489417
LYS,63,N,GLU,58,O,22157,0.73854204859838
PHE,143,N,PRO,139,O,22082,0.7360421319289358
PHE,422,N,LEU,418,O,22065,0.7354754841505283
GLY,22,N,ASP,19,O,21977,0.7325422485917136
THR,147,N,PHE,143,O,21949,0.7316089463684544
THR,347,N,ILE,354,O,21949,0.7316089463684544
THR,39,OG1,PRO,3,O,21867,0.7288757041431952
ILE,363,N,LEU,50,O,21777,0.725875804139862
GLU,322,N,MET,318,O,21747,0.7248758374720843
SER,100,N,LEU,96,O,21698,0.7232425585813806
ILE,56,N,GLY,52,O,21662,0.7220425985800474
ARG,308,NH1,ASP,314,OD1,21604,0.7201093296890103
VAL,85,N,ASN,263,OD1,21602,0.7200426652444919
GLY,305,N,THR,300,O,21545,0.7181427285757142
PHE,174,N,MET,170,O,21496,0.7165094496850105
GLU,58,N,GLU,54,O,21476,0.7158428052398254
ARG,31,N,PHE,27,O,21423,0.7140761974600847
GLU,327,N,ALA,323,O,21409,0.7136095463484551
MET,286,N,GLY,282,O,21362,0.71204293190227
ILE,325,N,THR,321,O,21359,0.7119429352354921
ASN,14,ND2,PRO,6,O,21270,0.7089763674544182
GLU,222,N,GLY,218,O,21216,0.7071764274524183
GLU,247,N,HID,243,O,21183,0.7060764641178627
THR,264,N,LEU,260,O,21135,0.7044765174494183
GLU,226,N,GLU,222,O,21080,0.7026432452251592
ILE,328,N,VAL,324,O,21009,0.7002766574447519
THR,321,OG1,GLU,299,OE2,20942,0.6980433985533816
VAL,324,N,TYR,320,O,20862,0.695376820772641
ASN,209,N,GLN,205,O,20844,0.6947768407719742
PHE,374,N,ASP,370,O,20679,0.6892770240991967
TYR,297,N,ALA,293,O,20634,0.6877770740975301
PHE,30,N,SER,26,O,20550,0.6849771674277524
ASP,19,N,SER,26,OG,20355,0.678477384087197
GLN,144,N,THR,140,O,20299,0.6766107796406786
SER,433,OG,GLN,457,O,20279,0.6759441351954935
GLY,218,N,ASN,214,O,20167,0.6722109263024566
LEU,196,N,PHE,192,O,19977,0.6658778040731975
ASN,261,N,HIE,257,O,19922,0.6640445318489384
THR,103,N,PHE,99,O,19882,0.6627112429585681
ALA,432,N,ARG,459,O,19770,0.6589780340655311
GLN,205,N,GLY,201,O,19764,0.6587780407319757
ARG,459,N,ALA,432,O,19747,0.6582113929535682
ASP,370,N,ALA,367,O,19627,0.6542115262824573
HIP,384,ND1,GLU,327,OE2,19421,0.6473450884970501
ASN,250,N,GLU,247,O,19283,0.6427452418252725
LEU,242,N,ASP,238,O,19277,0.6425452484917169
ARG,295,N,HIE,291,O,19258,0.6419119362687911
ILE,118,N,VAL,114,O,19183,0.6394120195993467
THR,300,N,VAL,296,O,19176,0.6391786940435319
TRP,93,NE1,HM1,464,O1D,19127,0.6375454151528283
TYR,207,N,HIE,203,O,19104,0.6367787740408654
LYS,223,N,HIE,219,O,19103,0.636745441818606
PHE,398,N,THR,395,O,19047,0.6348788373720876
SER,132,OG,GLU,128,O,19029,0.634278857371421
TYR,240,OH,SER,256,O,18998,0.633245558481384
THR,366,N,ILE,363,O,18964,0.6321122629245692
LYS,169,N,GLN,165,O,18921,0.6306789773674211
PHE,268,N,THR,264,O,18892,0.6297123429219026
GLN,427,NE2,GLY,305,O,18829,0.6276124129195694
ARG,21,N,ASP,19,OD1,18776,0.6258458051398287
ASN,172,N,LEU,168,O,18776,0.6258458051398287
THR,239,N,ASP,235,O,18676,0.6225125829139029
ASN,149,ND2,PHE,160,O,18648,0.6215792806906436
GLY,134,N,PHE,460,O,18625,0.6208126395786807
THR,344,N,ALA,66,O,18612,0.6203793206893103
ALA,59,N,ALA,55,O,18571,0.6190126995766808
LEU,368,N,LEU,364,O,18398,0.6132462251258292
LYS,288,N,LEU,284,O,18272,0.6090463651211626
LEU,125,N,GLU,121,O,18221,0.6073464217859404
ARG,45,NH2,GLU,190,OE1,18211,0.6070130995633479
LEU,426,N,PHE,422,O,18165,0.605479817339422
ARG,315,N,GLU,311,O,18101,0.6033465551148295
LYS,288,NZ,ILE,440,O,17987,0.5995466817772741
ARG,45,NH1,GLU,359,OE2,17983,0.599413352888237
PHE,255,N,SER,253,OG,17872,0.5957134762174594
HIP,384,NE2,GLU,375,O,17860,0.5953134895503484
ARG,117,N,SER,113,O,17593,0.5864137862071265
MET,318,N,ARG,315,O,17533,0.584413852871571
ARG,225,N,VAL,221,O,17505,0.5834805506483117
GLN,187,N,SER,183,O,17435,0.5811472950901636
TRP,93,N,ASN,89,O,17408,0.5802473250891637
GLU,294,N,PRO,290,O,17390,0.579647345088497
ASN,259,ND2,GLU,254,O,17330,0.5776474117529415
SER,179,N,TYR,175,O,17302,0.5767141095296824
PHE,38,N,MET,49,O,17023,0.5674144195193493
SER,179,OG,TYR,175,O,17013,0.5670810972967568
GLY,282,N,THR,278,O,16990,0.5663144561847938
ASN,263,N,ASN,259,O,16928,0.5642478584047198
LEU,180,N,GLN,176,O,16913,0.563747875070831
THR,278,N,THR,274,O,16831,0.5610146328455718
ILE,213,N,ASN,209,O,16613,0.5537482083930536
TYR,352,N,PHE,349,O,16473,0.5490816972767575
MET,170,N,GLU,166,O,16403,0.5467484417186094
ARG,130,N,ILE,126,O,16313,0.5437485417152762
LYS,317,N,ASP,314,O,16307,0.5435485483817206
THR,300,OG1,VAL,296,O,16213,0.5404153194893504
THR,102,N,ARG,98,O,16127,0.5375487483750542
ILE,353,N,ARG,1,O,16059,0.5352821572614246
LEU,60,N,ILE,56,O,16023,0.5340821972600913
THR,321,N,GLU,299,OE2,16020,0.5339822005933136
ALA,232,N,ASP,229,O,15989,0.5329489017032766
TYR,373,N,ASP,370,O,15943,0.5314156194793507
LEU,23,N,GLN,187,OE1,15928,0.5309156361454618
ARG,463,NH1,LEU,426,O,15898,0.5299156694776841
LYS,356,N,HIE,346,ND1,15854,0.5284490516982767
CYS,51,N,ASP,36,O,15833,0.5277490750308323
ARG,45,NH2,GLU,359,OE2,15823,0.5274157528082397
ASN,259,N,SER,256,OG,15706,0.5235158828039065
ARG,81,N,ASP,77,O,15610,0.5203159894670177
GLN,17,NE2,ARG,7,O,15536,0.5178494050198327
GLY,271,N,LEU,267,O,15461,0.5153494883503883
GLU,299,N,ARG,295,O,15350,0.5116496116796106
ILE,425,N,PHE,421,O,15164,0.5054498183393887
GLN,144,NE2,GLU,273,OE1,15100,0.5033165561147962
ALA,122,N,ILE,118,O,14968,0.49891670277657413
SER,365,N,PRO,336,O,14916,0.4971834272190927
ARG,21,NE,ASP,19,OD1,14867,0.49555014832838906
GLU,273,N,PHE,269,O,14850,0.4949835005499817
LEU,188,N,VAL,184,O,14833,0.49441685277157427
LEU,418,N,ILE,413,O,14792,0.4930502316589447
ARG,21,NH2,ASP,19,OD2,14781,0.49268357721409284
LEU,260,N,SER,256,O,14740,0.4913169561014633
ILE,151,N,THR,147,O,14700,0.489983667211093
ARG,308,NH2,ASP,314,OD2,14552,0.48505049831672276
GLY,390,N,ASP,387,O,14544,0.4847838405386487
HIE,219,N,ALA,215,O,14534,0.4844505183160561
MET,104,N,SER,100,O,14483,0.48275057498083396
ASN,149,N,SER,145,O,14439,0.48128395720142664
SER,402,OG,ARG,406,O,14211,0.47368421052631576
GLU,127,N,GLN,123,O,14201,0.4733508883037232
THR,147,OG1,THR,272,O,14201,0.4733508883037232
GLU,417,N,GLY,412,O,14200,0.473317556081464
THR,177,N,LEU,173,O,14179,0.47261757941401955
THR,443,OG1,ASP,441,OD2,13936,0.46451784940501983
ARG,92,NE,GLU,254,OE2,13868,0.4622512582913903
ILE,304,N,THR,300,O,13861,0.46201793273557545
TYR,289,N,LEU,285,O,13829,0.46095130162327924
ILE,413,N,GLY,410,O,13754,0.45845138495383486
SER,266,N,LEU,262,O,13707,0.45688477050764975
ALA,66,N,LYS,63,O,13607,0.45355154828172395
THR,277,OG1,GLU,273,O,13562,0.4520515982800573
ALA,293,N,TYR,289,O,13482,0.44938502049931667
ASP,357,N,VAL,343,O,13472,0.4490516982767241
ARG,29,N,LYS,25,O,13453,0.4484183860537982
THR,443,OG1,ASP,441,OD1,13452,0.4483850538315389
ARG,70,NH2,HM1,464,O1A,13448,0.44825172494250193
LYS,288,NZ,PRO,437,O,13439,0.4479517349421686
ILE,342,N,GLY,69,O,13437,0.4478850704976501
SER,220,N,TYR,216,O,13403,0.4467517749408353
SER,231,OG,ASP,229,OD2,13370,0.4456518116062798
SER,26,N,GLY,22,O,13365,0.4454851504949835
LEU,191,N,LEU,188,O,13296,0.4431852271590947
GLN,187,NE2,CYS,447,O,13281,0.44268524382520585
THR,227,N,LYS,223,O,13072,0.4357188093730209
GLN,123,N,GLN,119,O,13048,0.4349188360387987
ARG,57,NH2,GLU,54,OE2,12988,0.43291890270324324
ALA,74,N,GLU,190,OE2,12798,0.4265857804739842
HIE,372,N,ASP,370,OD1,12684,0.4227859071364288
CYS,124,N,GLU,120,O,12664,0.4221192626912436
GLY,186,N,SER,183,OG,12588,0.41958601379954
ARG,159,NH2,GLU,121,OE1,12575,0.41915269491016965
VAL,339,N,HM1,464,O2A,12571,0.41901936602113266
LYS,131,N,GLU,127,O,12550,0.41831938935368823
ALA,379,N,LYS,376,O,12521,0.41735275490816975
HID,243,ND1,THR,239,O,12459,0.41528615712809575
ARG,225,NH2,GLU,222,OE2,12410,0.4136528782373921
LYS,111,N,GLY,108,O,12390,0.41298623379220695
SER,231,OG,ASP,229,OD1,12364,0.4121195960134662
ALA,215,N,GLN,211,O,12315,0.41048631712276257
TYR,240,N,LEU,236,O,12247,0.40821972600913303
HID,243,N,THR,239,O,12246,0.40818639378687377
VAL,47,N,VAL,40,O,12221,0.40735308823039235
GLU,245,N,LEU,241,O,12205,0.4068197726742442
ASN,214,ND2,GLN,211,OE1,12171,0.40568647711742944
THR,227,OG1,LYS,223,O,12158,0.4052531582280591
ARG,57,NE,GLU,54,OE1,12109,0.40361987933735544
GLU,120,N,GLU,116,O,12109,0.40361987933735544
ARG,159,NH2,GLU,121,OE2,11945,0.3981533948868371
SER,276,N,THR,272,O,11912,0.39705343155228157
HIP,224,ND1,ASP,238,OD1,11910,0.3969867671077631
ARG,57,NH2,GLU,54,OE1,11842,0.3947201759941335
SER,182,N,PHE,178,O,11792,0.3930535648811706
ARG,70,NH1,HM1,464,O1A,11687,0.38955368154394854
GLU,128,N,CYS,124,O,11642,0.3880537315422819
TYR,162,OH,GLU,121,OE2,11636,0.3878537382087264
SER,231,N,ASP,229,OD2,11622,0.38738708709709674
GLN,187,NE2,SER,183,O,11613,0.3870870970967634
ARG,57,NH1,ASP,62,OD2,11597,0.3865537815406153
ARG,117,NE,SER,153,OG,11583,0.3860871304289857
ARG,117,NH1,GLU,120,OE2,11550,0.3849871670944302
ARG,57,NE,GLU,54,OE2,11531,0.3843538548715043
TYR,216,N,GLU,212,O,11523,0.3840871970934302
ARG,57,NH2,ASP,62,OD1,11445,0.3814872837572081
SER,253,OG,GLU,247,OE2,11435,0.3811539615346155
THR,443,N,ASP,441,OD2,11423,0.3807539748675044
GLN,427,N,THR,423,O,11413,0.3804206526449118
ARG,57,NH1,ASP,62,OD1,11375,0.37915402819906
THR,147,OG1,PHE,143,O,11280,0.37598746708443054
ARG,225,NH2,GLU,222,OE1,11277,0.37588747041765275
ASP,106,N,THR,102,O,11239,0.37462084597180095
LEU,386,N,PRO,382,O,11214,0.3737875404153195
THR,347,OG1,GLN,345,O,11196,0.37318756041465284
TYR,162,OH,GLU,121,OE1,11160,0.3719876004133196
THR,140,N,ASP,138,OD1,11144,0.3714542848571714
THR,140,OG1,ASP,138,OD1,11095,0.3698210059664678
SER,231,N,ASP,229,OD1,11049,0.36828772374254193
ALA,416,N,GLY,412,O,11011,0.36702109929669013
PHE,429,N,ILE,425,O,11003,0.366754441518616
SER,183,OG,LEU,180,O,10962,0.36538782040598644
PHE,421,N,GLU,417,O,10947,0.3648878370720976
ARG,57,NH2,ASP,62,OD2,10944,0.3647878404053198
ILE,146,N,LEU,142,O,10866,0.3621879270690977
PHE,195,N,PHE,192,O,10856,0.3618546048465051
THR,443,N,ASP,441,OD1,10827,0.36088797040098664
GLY,448,N,GLY,450,O,10799,0.3599546681777274
ALA,397,N,THR,395,OG1,10663,0.3554214859504683
ALA,135,N,SER,132,O,10652,0.35505483150561645
ARG,159,NE,GLU,121,OE2,10616,0.3538548715042832
GLN,163,N,HIE,161,ND1,10582,0.3527215759474684
ALA,88,N,GLY,84,O,10556,0.3518549381687277
ARG,225,NE,GLU,222,OE1,10545,0.35148828372387586
SER,253,OG,GLU,247,OE1,10518,0.3505883137228759
SER,276,OG,GLU,273,OE1,10421,0.3473550881637279
ARG,117,NH2,GLU,121,OE1,10355,0.34515516149461684
ARG,70,NH2,HM1,464,O2A,10293,0.3430885637145428
ILE,150,N,ILE,146,O,10217,0.34055531482283924
SER,193,OG,GLU,190,O,10152,0.33838872037598744
ARG,130,NH2,GLU,127,OE2,10068,0.3355888137062098
PHE,199,N,LEU,196,O,10064,0.33545548481717274
GLU,190,N,GLN,187,O,10033,0.33442218592713574
HIP,224,ND1,ASP,238,OD2,10033,0.33442218592713574
THR,140,OG1,ASP,138,OD2,10018,0.3339222025932469
GLN,302,N,ARG,298,O,10008,0.3335888803706543
ASP,439,N,ALA,436,O,10001,0.3333555548148395
THR,140,N,ASP,138,OD2,9964,0.33212226259124694
LYS,246,N,LEU,242,O,9904,0.33012232925569146
ARG,159,NE,GLU,121,OE1,9824,0.3274557514749508
ALA,367,N,LEU,364,O,9799,0.3266224459184694
ARG,117,NH2,GLU,121,OE2,9796,0.3265224492516916
SER,153,N,ASN,149,O,9774,0.3257891403619879
PHE,156,N,CYS,152,O,9771,0.3256891436952102
ALA,414,N,GLY,410,O,9759,0.3252891570280991
ARG,225,NE,GLU,222,OE2,9674,0.3224559181360621
SER,68,OG,GLU,65,O,9653,0.3217559414686177
LEU,228,N,ARG,225,O,9639,0.3212892903569881
ARG,70,NH2,HID,341,NE2,9634,0.3211226292456918
ARG,105,NH2,GLU,115,OE2,9583,0.31942268591046963
LYS,63,NZ,SER,348,O,9561,0.318689377020766
GLN,17,N,ASN,14,O,9492,0.3163894536848772
SER,132,N,GLU,128,O,9476,0.31585613812872904
VAL,61,N,ARG,57,O,9407,0.31355621479284024
HIE,372,N,ASP,370,OD2,9277,0.3092230258991367
GLU,32,N,LEU,28,O,9262,0.30872304256524785
GLN,144,NE2,GLU,273,OE2,9203,0.3067564414519516
LYS,451,N,LEU,334,O,9103,0.3034232192260258
ARG,117,NH2,ASN,149,O,9078,0.30258991366954435
VAL,435,N,SER,433,OG,9035,0.30115662811239624
ASN,149,ND2,GLU,121,OE1,8980,0.2993233558881371
LYS,248,NZ,GLU,245,OE1,8903,0.29675677477417417
ARG,459,NE,GLY,134,O,8898,0.2965901136628779
PHE,192,N,PHE,189,O,8884,0.2961234625512483
LYS,248,NZ,GLU,245,OE2,8855,0.2951568281057298
ASN,209,ND2,THR,177,OG1,8815,0.2938235392153595
ARG,45,NH2,GLU,190,OE2,8655,0.2884903836538782
LEU,142,N,ASP,138,O,8576,0.2858571380953968
ASN,261,ND2,ASN,214,OD1,8572,0.2857238092063598
LEU,420,N,GLU,417,O,8560,0.2853238225392487
ARG,330,N,TYR,326,O,8543,0.2847571747608413
ARG,415,N,GLU,411,O,8522,0.2840571980933969
GLY,71,N,PRO,340,O,8485,0.2828239058698043
VAL,292,N,TYR,289,O,8472,0.282390586980434
GLU,212,N,LYS,208,O,8463,0.28209059698010064
LYS,451,NZ,PHE,331,O,8422,0.2807239758674711
ALA,74,N,GLU,190,OE1,8391,0.2796906769774341
ARG,117,NH1,GLU,120,OE1,8335,0.2778240725309156
ARG,330,NH2,PRO,377,O,8285,0.2761574614179527
ARG,21,NE,ASP,19,OD2,8262,0.2753908203059898
ARG,130,NE,GLU,127,OE1,8182,0.2727242425252492
GLN,329,NE2,ALA,414,O,8162,0.272057598080064
LEU,287,N,PHE,283,O,8147,0.2715576147461751
ARG,130,NH2,GLU,127,OE1,8122,0.2707243091896937
LYS,234,NZ,ASP,106,OD2,8041,0.2680243991866938
ARG,92,NE,GLU,254,OE1,7986,0.2661911269624346
ARG,21,N,ASP,19,OD2,7983,0.2660911302956568
SER,365,OG,ASP,333,OD1,7941,0.264691176960768
SER,249,N,LYS,246,O,7905,0.26349121695943467
LYS,131,NZ,GLU,128,OE1,7896,0.26319122695910135
LYS,356,NZ,ASP,357,OD1,7889,0.26295790140328656
THR,344,OG1,GLN,345,OE1,7803,0.26009133028899034
ARG,415,NH2,GLU,411,OE1,7740,0.2579914002866571
LYS,451,NZ,ASP,333,OD2,7595,0.2531582280590647
THR,277,OG1,GLU,273,OE2,7580,0.25265824472517584
ARG,105,NH1,GLU,115,OE1,7578,0.2525915802806573
ARG,105,NH2,GLU,115,OE1,7557,0.2518916036132129
LYS,111,NZ,ASP,235,OD2,7555,0.25182493916869436
THR,274,OG1,HM1,464,NB,7547,0.2515582813906203
TRP,93,NE1,HM1,464,O2D,7537,0.25122495916802773
ARG,97,NH2,ILE,407,O,7535,0.2511582947235092
LYS,72,NZ,ASP,357,O,7500,0.2499916669444352
HIE,252,NE2,GLU,254,OE1,7494,0.24979167361087964
GLU,116,N,SER,113,O,7472,0.24905836472117596
ARG,97,NH1,HM1,464,O1D,7470,0.24899170027665746
LEU,42,N,ARG,45,O,7463,0.24875837472084264
ARG,29,NH1,ASP,19,OD2,7448,0.24825839138695377
ILE,407,N,GLY,404,O,7408,0.24692510249658345
ARG,105,N,VAL,101,O,7340,0.2446585113829539
ILE,73,N,GLU,359,OE1,7335,0.24449185027165762
ARG,330,NH1,PRO,377,O,7212,0.24039198693376887
ARG,406,NH1,VAL,85,O,7196,0.23985867137762074
ALA,316,N,LEU,312,O,7129,0.23762541248625046
ASN,261,ND2,HIE,257,O,7096,0.23652544915169493
LEU,284,N,ARG,280,O,7094,0.23645878470717643
ARG,31,NH2,ASP,36,OD2,7080,0.23599213359554683
ARG,415,NH2,GLU,411,OE2,7068,0.23559214692843572
LYS,234,NZ,ASP,106,OD1,7051,0.23502549915002832
GLN,445,NE2,PRO,453,O,6945,0.231492283590547
ARG,463,NE,ARG,463,OXT,6846,0.22819239358688043
ALA,64,N,VAL,61,O,6840,0.2279924002533249
GLN,445,N,ILE,452,O,6825,0.22749241691943603
SER,332,N,GLN,329,O,6764,0.22545915136162129
PHE,67,N,LYS,63,O,6763,0.22542581913936202
SER,430,OG,PRO,462,O,6748,0.22492583580547315
ARG,298,NH1,GLU,301,OE1,6674,0.22245925135828806
ASN,389,N,ASP,387,OD2,6643,0.22142595246825106
ARG,105,NH1,GLU,115,OE2,6635,0.221159294690177
ASN,389,N,ASP,387,OD1,6608,0.22025932468917703
LYS,33,N,PHE,30,O,6604,0.22012599580014
SER,193,OG,GLU,190,OE2,6532,0.2177260757974734
PHE,79,N,VAL,76,O,6518,0.2172594246858438
TYR,326,OH,GLU,322,OE2,6506,0.2168594380187327
GLY,35,N,ARG,31,O,6487,0.2162261257958068
SER,276,OG,GLU,273,OE2,6475,0.21582613912869572
ARG,280,NH1,GLU,273,OE2,6469,0.21562614579514017
ARG,298,NE,GLU,294,OE2,6456,0.2151928269057698
PHE,192,N,LEU,188,O,6380,0.2126595780140662
ARG,70,NE,HID,341,NE2,6307,0.21022632578914036
HID,369,ND1,SER,365,O,6260,0.20865971134295525
ARG,280,NH1,SER,276,OG,6250,0.20832638912036266
ARG,130,NE,GLU,127,OE2,6236,0.20785973800873303
PHE,67,N,ALA,64,O,6226,0.20752641578614045
LYS,72,N,GLU,359,OE1,6185,0.2061597946735109
ARG,31,NH2,ASP,36,OD1,6174,0.20579314022865905
SER,113,OG,GLU,115,OE2,6155,0.20515982800573315
ARG,298,NH1,GLU,301,OE2,6154,0.2051264957834739
LYS,356,NZ,ASP,357,OD2,6144,0.2047931735608813
LYS,63,NZ,GLU,58,OE2,6142,0.20472650911636278
MET,18,N,ASN,14,O,6130,0.2043265224492517
GLU,411,N,CM1,408,O,6106,0.2035265491150295
ARG,21,NH2,ASP,19,OD1,6100,0.20332655578147396
ARG,31,NE,ASP,36,OD2,6006,0.20019332688910368
PHE,419,N,ALA,416,O,5996,0.1998600046665111
ARG,315,NH1,GLU,417,OE1,5967,0.19889337022099263
LYS,63,NZ,GLU,58,OE1,5948,0.19826005799806673
ILE,154,N,ILE,151,O,5947,0.19822672577580747
ASN,389,ND2,ASP,387,OD1,5868,0.1955934802173261
SER,193,OG,GLU,190,OE1,5863,0.1954268191060298
ASN,263,ND2,SER,100,OG,5859,0.19529349021699277
HIE,203,NE2,LEU,196,O,5855,0.19516016132795574
SER,193,N,GLU,190,O,5844,0.1947935068831039
HIE,252,NE2,GLU,254,OE2,5832,0.1943935202159928
ARG,315,NH2,GLU,417,OE2,5822,0.1940601979934002
LEU,386,N,ASP,383,O,5783,0.19276024132528916
TYR,320,N,GLU,299,OE1,5760,0.19199360021332623
ARG,315,NH2,GLU,322,OE2,5751,0.1916936102129929
MET,18,N,LEU,15,O,5705,0.19016032798906704
PHE,189,N,GLY,186,O,5705,0.19016032798906704
ARG,315,NE,GLU,322,OE2,5692,0.18972700909969667
PHE,331,N,GLU,327,O,5692,0.18972700909969667
ASN,389,ND2,ASP,387,OD2,5688,0.18959368021065964
ARG,463,NE,ARG,463,O,5660,0.18866037798740043
ARG,315,NH2,GLU,322,OE1,5547,0.18489383687210426
GLN,119,NE2,GLU,417,OE2,5502,0.18339388687043764
ASN,149,ND2,SER,145,O,5499,0.18329389020365988
THR,272,N,PHE,268,O,5499,0.18329389020365988
ARG,315,NE,GLU,322,OE1,5473,0.18242725242491917
LYS,451,NZ,ASP,333,OD1,5470,0.1823272557581414
SER,113,OG,GLU,115,OE1,5383,0.17942735242158594
ARG,415,NE,GLU,411,OE1,5355,0.17849405019832673
TYR,326,OH,GLU,322,OE1,5336,0.1778607379754008
LEU,15,N,LEU,12,O,5324,0.17746075130828973
LYS,158,N,CYS,152,O,5319,0.17729409019699344
GLY,108,N,LYS,234,O,5314,0.17712742908569715
SER,249,OG,LYS,246,O,5267,0.175560814639512
ARG,406,N,LEU,403,O,5255,0.17516082797240093
ILE,440,N,PRO,437,O,5252,0.17506083130562314
LYS,248,N,GLU,245,O,5110,0.17032765574480851
ARG,112,NH1,GLU,120,OE2,5101,0.17002766574447517
ARG,459,NH1,GLY,134,O,5035,0.16782773907536416
ASP,314,N,GLU,311,O,5024,0.16746108463051232
ASN,250,ND2,GLU,247,OE2,5000,0.16666111129629013
ARG,117,NH1,GLU,121,OE2,4989,0.1662944568514383
LYS,111,NZ,ASP,235,OD1,4969,0.16562781240625313
ASN,209,ND2,GLN,205,O,4968,0.16559448018399386
ASN,250,ND2,GLU,247,OE1,4948,0.1649278357388087
SER,365,OG,ASP,333,OD2,4900,0.16332788907036433
SER,132,N,LEU,129,O,4856,0.16186127129095698
ASN,428,N,ILE,425,O,4810,0.1603279890670311
ARG,463,N,ASN,428,O,4795,0.15982800573314224
ARG,112,NH1,GLU,120,OE1,4785,0.15949468351054966
SER,220,OG,TYR,216,O,4783,0.15942801906603113
HID,341,ND1,PHE,67,O,4779,0.1592946901769941
ARG,31,NE,ASP,36,OD1,4754,0.15846138462051265
ARG,298,NE,GLU,294,OE1,4753,0.1584280523982534
SER,256,N,TYR,240,OH,4725,0.15749475017499417
HIE,252,N,ASN,250,OD1,4707,0.1568947701743275
ASN,428,N,THR,424,O,4618,0.15392820239325355
LYS,131,NZ,GLU,128,OE2,4558,0.15192826905769807
GLN,119,NE2,GLU,417,OE1,4530,0.15099496683443886
SER,113,N,GLU,116,OE1,4528,0.15092830238992033
THR,358,N,PRO,355,O,4482,0.14939502016599446
GLY,13,N,LEU,9,O,4450,0.14832838905369822
HIE,161,N,ASP,164,OD2,4438,0.1479284023865871
LEU,362,N,MET,337,O,4389,0.14629512349588347
LYS,393,NZ,ASP,383,O,4389,0.14629512349588347
SER,183,N,LEU,180,O,4359,0.14529515682810573
VAL,184,N,GLU,446,OE1,4357,0.1452284923835872
GLN,345,N,ALA,66,O,4350,0.14499516682777241
ARG,308,NH2,ASP,314,OD1,4338,0.1445951801606613
ASN,172,ND2,LEU,168,O,4320,0.14399520015999467
ARG,415,NE,GLU,411,OE2,4166,0.13886203793206894
TYR,373,OH,GLU,396,OE1,4159,0.13862871237625413
SER,113,N,GLU,116,OE2,4143,0.138095396820106
TYR,297,OH,GLU,301,OE2,4135,0.13782873904203194
THR,103,N,SER,100,O,4098,0.13659544681843938
ARG,315,NH1,ARG,415,O,4080,0.13599546681777275
LYS,234,NZ,THR,102,O,4040,0.13466217792740243
TYR,216,OH,GLU,166,OE2,3989,0.13296223459218026
TYR,373,OH,GLU,396,OE2,3984,0.13279557348088397
ASN,381,ND2,ASP,383,OD1,3974,0.1324622512582914
HIE,203,NE2,LYS,197,O,3971,0.13236225459151363
ASN,381,ND2,ASP,383,OD2,3948,0.13159561347955068
ALA,391,N,ASN,389,OD1,3932,0.13106229792340254
GLU,115,N,GLU,115,OE1,3925,0.13082897236758775
ARG,350,NH2,GLU,58,OE1,3907,0.1302289923669211
LYS,248,N,MET,244,O,3904,0.13012899570014333
HIP,384,ND1,GLU,327,OE1,3866,0.12886237125429154
TYR,297,OH,GLU,301,OE1,3828,0.12759574680843971
TYR,216,OH,GLU,166,OE1,3802,0.126729109029699
ARG,308,NH1,PRO,309,O,3795,0.1264957834738842
TYR,281,OH,LEU,442,O,3772,0.12572914236192126
ARG,280,NH1,GLU,273,OE1,3753,0.12509583013899536
ASN,149,ND2,GLU,121,OE2,3751,0.12502916569447686
SER,113,OG,GLU,116,OE1,3712,0.12372920902636579
SER,256,N,GLU,254,O,3702,0.12339588680377321
ILE,440,N,ALA,436,O,3666,0.12219592680243992
SER,68,N,THR,344,OG1,3618,0.12059598013399553
ARG,105,N,THR,102,O,3614,0.1204626512449585
GLN,144,NE2,LEU,171,O,3596,0.11986267124429185
ARG,112,NH2,GLU,120,OE1,3587,0.11956268124395854
ARG,81,NH1,PRO,78,O,3569,0.11896270124329189
ARG,315,NH1,ALA,416,O,3542,0.11806273124229193
PHE,141,N,ASP,138,OD2,3539,0.11796273457551415
ARG,112,NE,GLU,116,OE2,3515,0.11716276124129196
GLN,119,N,GLU,115,O,3501,0.11669611012966234
GLN,123,NE2,GLN,119,O,3487,0.11622945901803274
HIE,161,N,ASP,164,OD1,3485,0.11616279457351422
GLU,166,N,ASP,164,OD2,3484,0.11612946235125496
SER,153,OG,ASN,149,O,3477,0.11589613679544016
ASN,149,ND2,TYR,162,OH,3430,0.11432952234925503
GLN,345,NE2,GLU,65,O,3425,0.11416286123795874
LYS,169,NZ,GLU,166,OE2,3383,0.11276290790306989
HIP,224,NE2,PHE,156,O,3367,0.11222959234692177
ARG,45,N,LEU,42,O,3366,0.11219626012466251
ALA,391,N,ASP,387,O,3345,0.1114962834572181
THR,274,N,ALA,270,O,3340,0.11132962234592181
ARG,463,NH2,GLU,294,OE1,3307,0.11022965901136629
ARG,463,NH2,GLU,294,OE2,3288,0.10959634678844038
ARG,112,NE,GLU,116,OE1,3261,0.10869637678744042
THR,455,OG1,GLN,445,OE1,3257,0.10856304789840339
LYS,169,NZ,GLU,166,OE1,3225,0.10749641678610714
SER,113,OG,GLU,116,OE2,3223,0.10742975234158861
THR,274,OG1,ALA,270,O,3194,0.10646311789607013
GLN,211,NE2,TYR,207,OH,3188,0.10626312456251458
HID,369,N,THR,366,O,3186,0.10619646011799606
ARG,112,NH2,GLU,116,OE2,3180,0.10599646678444052
GLU,446,N,ILE,452,O,3134,0.10446318456051465
GLU,115,N,GLU,115,OE2,3120,0.10399653344888504
GLU,166,N,ASP,164,OD1,3113,0.10376320789307023
ARG,117,NH1,GLU,121,OE1,3099,0.10329655678144062
LYS,33,N,ARG,29,O,3097,0.1032298923369221
PHE,331,N,ILE,328,O,3095,0.10316322789240359
LYS,111,NZ,GLY,157,O,3086,0.10286323789207026
SER,276,OG,THR,272,O,3074,0.10246325122495917
SER,183,N,SER,179,O,3011,0.10036332122262591
ARG,112,NH2,GLU,116,OE1,2988,0.09959668011066297
ARG,315,NH1,GLU,417,OE2,2958,0.09859671344288523
LYS,131,NZ,GLU,127,O,2951,0.09836338788707043
ARG,463,NH1,GLU,294,OE1,2881,0.09603013232892237
ARG,298,NH2,GLU,294,OE1,2880,0.09599680010666312
GLN,205,NE2,ASN,209,OD1,2879,0.09596346788440385
GLN,165,NE2,GLN,163,O,2848,0.09493016899436685
ARG,81,NE,PHE,79,O,2844,0.09479684010532982
LEU,420,N,ALA,416,O,2838,0.09459684677177427
ARG,350,NE,GLU,58,OE1,2836,0.09453018232725575
ARG,280,NH2,GLU,273,OE2,2816,0.0938635378820706
LYS,246,N,HID,243,O,2781,0.09269691010299656
ARG,225,NH2,GLU,226,OE1,2779,0.09263024565847805
HID,369,N,SER,365,O,2778,0.09259691343621879
ARG,298,NH2,GLU,294,OE2,2762,0.09206359788007067
THR,344,OG1,ALA,66,O,2757,0.09189693676877438
SER,153,OG,ILE,150,O,2739,0.09129695676810773
ARG,350,NH2,GLU,58,OE2,2728,0.09093030232325588
LEU,24,N,GLN,187,OE1,2718,0.0905969801006633
ALA,416,N,ILE,413,O,2717,0.09056364787840405
LYS,133,N,ARG,130,O,2698,0.08993033565547814
LYS,317,NZ,ASP,314,OD2,2665,0.08883037232092264
ARG,29,NH1,ASP,19,OD1,2659,0.08863037898736709
SER,220,OG,VAL,155,O,2652,0.08839705343155228
ARG,225,NH2,GLU,226,OE2,2651,0.08836372120929302
PHE,189,N,PHE,185,O,2650,0.08833038898703377
ARG,112,NH2,GLU,120,OE2,2643,0.08809706343121895
GLN,187,NE2,ILE,181,O,2634,0.08779707343088564
THR,277,OG1,GLU,273,OE1,2607,0.08689710342988567
LYS,317,NZ,HIE,313,O,2580,0.08599713342888571
ASP,106,N,THR,103,O,2514,0.08379720675977467
ARG,463,NH1,GLU,294,OE2,2482,0.08273057564747842
SER,348,OG,TYR,352,O,2470,0.08233058898036733
GLN,119,NE2,GLU,417,O,2464,0.08213059564681177
PHE,141,N,ASP,138,OD1,2456,0.0818639378687377
ARG,415,NH1,GLU,411,OE2,2428,0.08093063564547849
ARG,81,NH2,ASP,77,OD1,2378,0.07926402453251559
LEU,188,N,PHE,185,O,2377,0.07923069231025633
GLY,69,N,PHE,67,O,2342,0.0780640645311823
GLN,119,NE2,GLU,115,O,2340,0.07799740008666378
ARG,117,NH2,SER,153,OG,2286,0.07619746008466384
GLN,445,N,PRO,453,O,2273,0.0757641411952935
GLU,396,N,GLU,396,OE2,2267,0.07556414786173794
ASN,91,ND2,GLU,254,OE1,2246,0.07486417119429352
ILE,154,N,ILE,150,O,2196,0.07319756008133062
ASN,209,ND2,GLN,176,OE1,2170,0.07233092230258992
ARG,81,NE,ASP,77,O,2162,0.07206426452451585
SER,193,N,PHE,189,O,2083,0.06943101896603447
ARG,130,NH1,GLU,127,OE1,2077,0.06923102563247892
ARG,31,NH1,ASP,370,OD2,2055,0.06849771674277524
GLU,417,N,ILE,413,O,2036,0.06786440451984933
VAL,449,N,GLN,187,OE1,2030,0.0676644111862938
ARG,130,NH1,GLU,127,OE2,2018,0.0672644245191827
ARG,350,NE,GLU,58,OE2,1994,0.0664644511849605
ARG,415,NH1,GLU,411,OE1,1978,0.06593113562881238
ASP,235,N,ASP,238,OD2,1974,0.06579780673977534
ARG,298,NH2,GLU,301,OE1,1958,0.06526449118362722
LYS,197,N,PHE,195,O,1930,0.06433118896036799
ARG,81,NE,PRO,78,O,1924,0.06413119562681244
GLY,157,N,CYS,152,O,1910,0.06366454451518283
GLY,201,N,PHE,199,O,1896,0.06319789340355321
ASN,259,ND2,TYR,240,OH,1892,0.06306456451451618
ARG,105,NH2,GLU,411,OE1,1884,0.06279790673644212
LYS,405,NZ,GLU,65,OE2,1869,0.062297923402553246
ARG,105,NH2,GLU,411,OE2,1849,0.061631278957368085
GLU,396,N,GLU,396,OE1,1828,0.06093130228992367
ARG,70,NE,PRO,340,O,1823,0.06076464117862738
LYS,169,NZ,GLU,212,OE1,1812,0.06039798673377554
ARG,81,NH2,GLN,258,OE1,1810,0.06033132228925703
THR,344,OG1,SER,68,OG,1808,0.06026465784473851
VAL,53,N,ASP,370,OD1,1787,0.05956468117729409
ARG,295,NH1,GLU,299,OE1,1785,0.05949801673277558
ASN,214,ND2,GLN,258,OE1,1772,0.05906469784340522
ARG,298,NH2,GLU,301,OE2,1771,0.05903136562114596
GLY,69,N,ILE,342,O,1768,0.058931368954368187
LYS,158,NZ,ARG,159,O,1764,0.05879804006533115
THR,275,OG1,GLY,271,O,1757,0.05856471450951635
VAL,449,N,GLN,187,NE2,1746,0.05819806006466451
HID,369,ND1,ASP,378,OD2,1743,0.058098063397886736
ARG,315,NH2,GLU,417,OE1,1741,0.05803139895336822
ARG,97,NH1,ILE,407,O,1730,0.057664744508516386
ARG,204,N,HIE,203,ND1,1723,0.057431418952701575
ASP,106,N,VAL,101,O,1722,0.05739808673044232
GLU,115,N,SER,113,OG,1717,0.05723142561914603
ALA,316,N,HIE,313,O,1701,0.0566981100629979
GLN,119,N,GLU,116,O,1699,0.05663144561847938
ARG,350,N,GLU,58,OE1,1689,0.0562981233958868
SER,68,N,ILE,342,O,1673,0.055764807839738674
SER,332,N,ILE,328,O,1668,0.055598146728442384
PHE,107,N,ARG,105,O,1664,0.05546481783940535
THR,227,N,HIP,224,O,1663,0.055431485617146094
ARG,350,NH1,ASP,36,OD2,1660,0.055331488950368324
ARG,92,NH2,GLU,254,OE2,1658,0.055264824505849804
ARG,315,N,LEU,312,O,1655,0.055164827839072034
SER,365,OG,PRO,336,O,1643,0.05476484117196093
ASN,261,ND2,ASN,214,O,1642,0.05473150894970168
ARG,105,NE,ASP,106,OD2,1639,0.0546315122829239
ARG,415,NH1,GLU,411,O,1633,0.05443151894936835
GLU,116,N,SER,113,OG,1624,0.05413152894903503
LYS,405,NZ,GLU,65,OE1,1621,0.05403153228225726
SER,253,N,ASN,250,O,1620,0.053998200059998
LEU,196,N,SER,193,O,1602,0.053398220059331356
ARG,298,NH1,GLU,294,OE2,1593,0.05309823005899803
ARG,92,NH2,GLU,254,OE1,1591,0.05303156561447952
ARG,105,NH2,ASP,106,OD1,1587,0.052898236725442485
LYS,169,NZ,GLU,212,OE2,1586,0.05286490450318323
ARG,280,NH2,TYR,175,OH,1570,0.0523315889470351
ARG,31,NH2,ASP,370,OD2,1565,0.05216492783573881
ARG,350,NH2,ASP,36,OD1,1547,0.051564947835072164
ARG,204,N,GLY,201,O,1532,0.051064964501183294
ARG,280,NH1,TYR,175,OH,1525,0.05083163894536849
ARG,81,NH2,ASP,77,OD2,1522,0.05073164227859071
SER,433,OG,VAL,435,O,1519,0.05063164561181294
LYS,131,N,GLU,128,O,1518,0.05059831338955368
LYS,111,NZ,SER,153,O,1516,0.05053164894503517
ARG,112,NH1,GLU,116,O,1511,0.050364987833738876
ARG,57,NH1,GLU,396,OE2,1510,0.05033165561147962
ARG,112,NE,GLU,120,OE2,1503,0.05009833005566481
ARG,117,N,VAL,114,O,1498,0.04993166894436852
ARG,350,NH1,ASP,36,OD1,1461,0.048698376720775975
LYS,376,NZ,GLU,375,OE1,1453,0.04843171894270191
ARG,350,NH2,CYS,51,O,1443,0.04809839672010933
LYS,376,NZ,GLU,375,OE2,1440,0.04799840005333156
ARG,415,N,GLY,412,O,1430,0.04766507783073898
ARG,31,NH1,ASP,370,OD1,1407,0.04689843671877604
TYR,216,OH,GLU,166,O,1405,0.04683177227425753
LYS,234,N,ASP,238,OD2,1402,0.04673177560747975
LEU,364,N,LEU,362,O,1402,0.04673177560747975
ARG,105,NE,GLU,115,OE1,1401,0.046698443385220494
ARG,298,NH1,GLU,294,OE1,1389,0.04629845671810939
ARG,350,NH1,GLU,58,OE2,1367,0.04556514782840572
GLN,176,NE2,ASN,172,OD1,1363,0.045431818939368686
GLN,205,NE2,PRO,200,O,1362,0.04539848671710943
ARG,350,NH1,GLU,58,OE1,1362,0.04539848671710943
LYS,234,NZ,ASP,106,O,1343,0.044765174494183525
VAL,449,N,ILE,181,O,1343,0.044765174494183525
ASN,91,ND2,GLU,254,OE2,1340,0.044665177827405755
LYS,223,NZ,GLU,226,OE1,1338,0.044598513382887235
SER,68,N,GLU,65,O,1335,0.044498516716109465
LYS,131,NZ,GLU,127,OE2,1324,0.04413186227125762
HID,369,ND1,ASP,378,OD1,1320,0.043998533382220595
ASN,261,ND2,HIE,257,NE2,1310,0.043665211159628015
PHE,167,N,ASP,164,O,1303,0.043431885603813204
ARG,295,NH1,ARG,295,O,1303,0.043431885603813204
HIP,224,ND1,SER,220,O,1284,0.0427985733808873
GLN,258,NE2,ASN,214,OD1,1256,0.04186527115762808
LYS,223,NZ,GLU,226,OE2,1242,0.041398620045998466
ILE,150,N,THR,147,O,1235,0.04116529449018366
LEU,15,N,GLY,13,O,1232,0.041065297823405886
GLN,187,N,VAL,184,O,1223,0.04076530782307256
ASN,261,ND2,GLN,258,OE1,1220,0.04066531115629479
THR,321,OG1,GLU,299,OE1,1219,0.040631978934035536
ARG,57,NH2,GLU,396,OE1,1218,0.04059864671177627
LYS,197,N,GLY,194,O,1216,0.04053198226725776
GLN,445,NE2,THR,455,OG1,1202,0.040065331155628145
LYS,451,NZ,TYR,281,OH,1194,0.039798673377554085
LYS,197,N,SER,193,O,1192,0.039732008933035565
GLU,438,N,GLU,438,OE2,1183,0.03943201893270224
ARG,81,NH1,GLN,258,OE1,1182,0.039398686710442984
LYS,131,NZ,GLU,127,OE1,1179,0.039298690043665215
SER,256,OG,GLN,258,OE1,1170,0.03899870004333189
ARG,295,NE,GLU,299,OE1,1164,0.038798706709776344
THR,272,N,PHE,269,O,1162,0.038732042265257824
LYS,133,N,LEU,129,O,1154,0.038465384487183764
PHE,167,N,ASP,164,OD1,1147,0.038232058931368954
ARG,159,NH1,GLU,121,OE1,1129,0.03763207893070231
PHE,87,N,GLY,84,O,1120,0.03733208893036899
PHE,167,N,ASP,164,OD2,1115,0.0371654278190727
GLY,412,N,GLU,115,OE1,1110,0.03699876670777641
ARG,105,NE,GLU,115,OE2,1109,0.03696543448551715
ARG,31,NH2,ASP,370,OD1,1104,0.03679877337422086
LYS,63,NZ,ASP,62,OD1,1094,0.03646545115162828
ARG,295,NH2,GLU,299,OE1,1091,0.036365454484850505
GLN,163,NE2,TYR,162,O,1081,0.036032132262257925
GLN,187,NE2,SER,182,O,1079,0.03596546781773941
ASN,259,ND2,ARG,92,NE,1065,0.0354988167061098
LYS,63,NZ,THR,347,OG1,1058,0.03526549115029499
ASP,238,N,ASP,235,OD1,1043,0.03476550781640612
VAL,61,N,GLU,58,O,1038,0.03459884670510983
SER,68,OG,THR,344,OG1,1032,0.03439885337155428
ARG,81,NH2,PHE,79,O,1029,0.03429885670477651
PHE,421,N,LEU,418,O,1022,0.0340655311489617
SER,132,OG,LEU,129,O,1020,0.03399886670444319
LEU,364,N,PRO,336,O,1016,0.03386553781540615
GLU,438,N,GLU,438,OE1,1013,0.03376554114862838
ARG,330,NH1,HID,369,NE2,1011,0.03369887670410986
GLU,375,N,GLU,375,OE1,1004,0.03346555114829506
GLN,176,NE2,ASN,209,OD1,989,0.03296556781440619
ASP,62,N,ARG,57,O,988,0.032932235592146926
ARG,29,NH2,ASP,19,OD1,986,0.03286557114762841
GLY,450,N,ILE,181,O,979,0.03263224559181361
SER,276,OG,GLN,144,OE1,973,0.032432252258258056
LEU,191,N,GLN,187,O,966,0.03219892670244325
ARG,70,NH2,VAL,339,O,965,0.032165594480183995
ARG,298,NE,GLU,301,OE1,955,0.031832272257591415
THR,39,OG1,VAL,47,O,949,0.03163227892403587
PHE,185,N,SER,183,OG,948,0.031598946701776605
ARG,29,NH2,ASP,19,OD2,946,0.03153228225725809
ARG,295,NE,GLU,299,OE2,942,0.03139895336822106
HIP,224,NE2,VAL,155,O,938,0.031265624479184025
LYS,111,NZ,ILE,154,O,937,0.031232292256924768
LYS,356,NZ,THR,344,O,923,0.030765641145295158
ARG,159,NH1,GLU,121,OE2,920,0.030665644478517384
ILE,407,N,HM1,464,O1D,915,0.030498983367221094
ARG,29,NH2,GLN,17,O,900,0.029999000033332224
ARG,298,NE,GLU,301,OE2,899,0.029965667811072964
LEU,236,N,ILE,154,O,892,0.029732342255258157
GLU,32,N,ARG,29,O,885,0.029499016699443353
TYR,175,OH,GLN,445,OE1,881,0.02936568781040632
LYS,234,NZ,THR,103,O,878,0.029265691143628546
GLY,157,N,ILE,154,O,876,0.02919902669911003
ASN,250,ND2,GLU,247,O,861,0.02869904336522116
THR,321,N,GLU,299,OE1,861,0.02869904336522116
LYS,197,NZ,GLY,194,O,855,0.028499050031665613
ARG,315,NH1,GLU,322,OE2,841,0.028032398920036
ARG,20,NH1,ARG,20,O,835,0.027832405586480452
GLY,43,N,HIE,41,O,828,0.027599080030665645
SER,68,N,ALA,66,O,827,0.027565747808406385
ARG,112,NH1,GLU,116,OE2,826,0.02753241558614713
ARG,295,NH2,GLU,299,OE2,826,0.02753241558614713
ARG,29,NE,ASP,19,OD2,824,0.02746575114162861
ARG,105,NE,ASP,106,OD1,820,0.02733242225259158
SER,183,OG,GLU,446,OE2,818,0.027265757808073065
LEU,24,N,GLY,448,O,803,0.026765774474184195
GLU,375,N,GLU,375,OE2,803,0.026765774474184195
LYS,111,NZ,LYS,234,O,794,0.02646578447385087
SER,276,OG,PHE,143,O,787,0.026232458918036064
ARG,29,NH2,GLU,32,OE1,770,0.02566581113962868
LYS,63,NZ,ASP,62,OD2,768,0.025599146695110164
VAL,53,N,ASP,370,OD2,766,0.025532482250591647
ARG,105,NH2,ASP,106,OD2,765,0.02549915002833239
ASP,62,N,GLU,58,O,751,0.025032498916702776
GLN,329,NE2,ILE,325,O,740,0.02466584447185094
ARG,350,NH2,ASP,36,OD2,737,0.024565847805073163
PHE,380,N,TYR,289,OH,729,0.0242991900269991
LEU,287,N,LEU,284,O,728,0.024265857804739843
GLY,412,N,GLU,115,OE2,727,0.024232525582480582
GLU,411,N,LEU,409,O,722,0.024065864471184292
GLU,247,N,MET,244,O,718,0.023932535582147262
GLN,302,NE2,ARG,298,O,716,0.023865871137628746
GLN,165,N,GLN,165,OE1,714,0.02379920669311023
ARG,350,N,GLU,58,OE2,711,0.023699210026332455
HID,341,ND1,VAL,339,O,709,0.02363254558181394
ARG,112,NH1,GLU,116,OE1,706,0.023532548915036165
GLN,258,N,GLN,258,OE1,706,0.023532548915036165
ASP,238,N,ASP,235,OD2,705,0.02349921669277691
GLU,65,N,GLU,65,OE2,694,0.023132562247925068
PHE,141,N,ASP,138,O,692,0.02306589780340655
SER,145,OG,LEU,142,O,691,0.023032565581147295
ARG,45,NE,GLU,190,OE1,690,0.022999233358888038
GLN,302,N,GLU,299,O,689,0.022965901136628778
ARG,1,N,ILE,353,O,685,0.022832572247591748
ALA,135,N,LYS,133,O,685,0.022832572247591748
ILE,146,N,PHE,143,O,679,0.022632578914036198
GLU,166,N,GLU,166,OE2,675,0.022499250024999168
LYS,393,NZ,ASP,387,OD1,662,0.02206593113562881
LYS,208,NZ,GLN,205,OE1,660,0.021999266691110297
LYS,393,NZ,LEU,386,O,659,0.021965934468851037
LEU,312,N,GLU,311,OE2,652,0.02173260891303623
THR,455,N,GLN,445,OE1,652,0.02173260891303623
ASN,89,ND2,SER,68,OG,647,0.02156594780173994
ARG,29,NE,GLU,32,OE2,646,0.021532615579480684
TYR,456,N,PRO,454,O,645,0.021499283357221427
LYS,246,NZ,HID,243,NE2,626,0.020865971134295523
GLY,69,N,THR,344,OG1,625,0.020832638912036266
GLN,123,N,GLU,120,O,625,0.020832638912036266
ARG,31,NH2,GLU,32,OE1,616,0.020532648911702943
ARG,31,NH2,GLU,32,OE2,614,0.020465984467184426
ALA,55,N,GLY,52,O,613,0.02043265224492517
ARG,70,N,ASN,89,OD1,608,0.02026599113362888
ILE,407,N,LYS,405,O,608,0.02026599113362888
GLN,176,NE2,ASN,172,O,607,0.020232658911369623
ARG,57,NH1,GLU,396,OE1,606,0.020199326689110363
ASN,250,ND2,HIE,252,O,603,0.02009933002233259
ARG,280,NH2,GLU,273,OE1,602,0.020065997800073333
ARG,57,NH2,GLU,396,OE2,601,0.020032665577814072
LYS,376,N,GLU,375,OE1,600,0.019999333355554816
HIP,224,NE2,ASP,235,OD1,597,0.019899336688777042
VAL,303,N,THR,300,O,596,0.019866004466517782
LYS,376,N,GLU,375,OE2,594,0.019799340021999266
ASP,235,N,ASP,238,OD1,587,0.019566014466184462
ALA,436,N,ASP,439,OD2,586,0.019532682243925202
ARG,29,NE,ASP,19,OD1,584,0.019466017799406685
GLU,65,N,GLU,65,OE1,578,0.01926602446585114
LYS,393,NZ,ASP,387,OD2,576,0.019199360021332622
LYS,133,NZ,ARG,130,O,575,0.019166027799073365
SER,113,OG,MET,104,O,574,0.019132695576814105
ARG,20,NH1,LEU,15,O,572,0.019066031132295592
ALA,436,N,ASP,439,OD1,570,0.018999366687777075
LYS,394,NZ,TYR,326,OH,567,0.0188993700209993
HIP,224,NE2,ASP,235,OD2,553,0.018432718909369688
GLN,205,NE2,GLN,176,OE1,550,0.018332722242591915
GLU,212,N,ASN,209,O,548,0.018266057798073398
ARG,97,NH1,ARG,406,O,544,0.018132728909036364
ARG,81,NH1,ASP,77,OD2,538,0.017932735575480818
GLU,245,N,LEU,242,O,534,0.017799406686443784
GLU,166,N,GLU,166,OE1,531,0.01769941001966601
GLN,445,NE2,TYR,175,OH,531,0.01769941001966601
ARG,130,NH2,ASN,428,OD1,529,0.017632745575147494
THR,275,N,GLY,271,O,528,0.017599413352888237
GLN,329,NE2,THR,278,OG1,526,0.01753274890836972
GLU,120,N,ARG,117,O,522,0.01739942001933269
SER,402,OG,HM1,464,O1A,518,0.017266091130295657
GLU,190,N,GLY,186,O,511,0.01703276557448085
ALA,388,N,ASP,387,OD2,511,0.01703276557448085
LEU,60,N,ARG,57,O,507,0.01689943668544382
ILE,399,N,ALA,397,O,493,0.016432785573814206
GLY,390,N,ASP,387,OD1,492,0.01639945335155495
ARG,1,NH2,GLY,351,O,491,0.01636612112929569
ARG,29,NH2,GLU,32,OE2,491,0.01636612112929569
ARG,97,NH2,CM1,408,O,491,0.01636612112929569
LYS,246,NZ,GLU,247,OE1,491,0.01636612112929569
ASN,261,ND2,HIE,257,ND1,490,0.016332788907036433
SER,132,OG,GLU,128,OE2,488,0.016266124462517916
LYS,111,N,MET,109,O,487,0.01623279224025866
LEU,228,N,HIP,224,O,486,0.0161994600179994
LYS,246,NZ,LEU,242,O,486,0.0161994600179994
ARG,315,NH1,GLU,322,OE1,486,0.0161994600179994
ARG,112,NE,GLU,120,OE1,485,0.016166127795740143
TYR,216,N,ILE,213,O,483,0.016099463351221626
ASN,89,ND2,SER,68,O,481,0.01603279890670311
ARG,105,NH1,GLU,116,OE1,477,0.01589947001766608
LEU,236,N,ASP,235,OD1,476,0.01586613779540682
TYR,320,N,GLU,299,OE2,474,0.015799473350888302
ARG,31,NE,GLU,32,OE2,468,0.015599480017332756
TYR,198,N,PHE,195,O,467,0.015566147795073497
GLU,311,N,ASP,314,OD2,467,0.015566147795073497
HIE,219,N,TYR,216,O,466,0.015532815572814239
ARG,20,NH1,MET,18,O,464,0.015466151128295724
LYS,208,NZ,GLU,212,OE2,464,0.015466151128295724
SER,253,N,HIE,252,ND1,463,0.015432818906036466
SER,68,OG,ALA,64,O,462,0.015399486683777207
ALA,388,N,ASP,387,OD1,458,0.015266157794740175
ARG,308,NE,ILE,304,O,451,0.015032832238925369
PHE,401,N,ILE,399,O,449,0.014966167794406854
SER,100,OG,ARG,97,O,448,0.014932835572147595
LEU,142,N,PRO,139,O,447,0.014899503349888337
HIE,346,N,GLN,345,OE1,443,0.014766174460851305
GLN,457,NE2,ASP,138,OD2,442,0.014732842238592047
LEU,312,N,GLU,311,OE1,440,0.014666177794073532
SER,182,OG,GLY,450,O,437,0.014566181127295756
GLN,258,NE2,TYR,83,OH,434,0.014466184460517983
ARG,315,NE,PRO,310,O,425,0.014166194460184661
ARG,1,NE,LEU,2,O,422,0.014066197793406886
ARG,105,NH1,GLU,116,OE2,422,0.014066197793406886
ARG,315,NH2,PRO,310,O,422,0.014066197793406886
LYS,72,N,GLU,359,OE2,421,0.014032865571147628
GLN,457,NE2,TYR,456,O,417,0.013899536682110596
GLN,258,N,SER,256,OG,416,0.013866204459851338
GLN,345,NE2,THR,347,OG1,415,0.013832872237592081
CYS,447,N,GLU,446,OE1,414,0.013799540015332823
ARG,45,NH1,GLU,359,OE1,413,0.013766207793073564
SER,183,OG,GLU,446,OE1,410,0.01366621112629579
LYS,208,NZ,GLU,212,OE1,407,0.013566214459518016
ARG,459,NH2,GLY,134,O,406,0.013532882237258757
LYS,451,NZ,ASP,333,O,405,0.0134995500149995
GLN,457,NE2,ASP,138,OD1,405,0.0134995500149995
SER,220,N,ILE,217,O,404,0.013466217792740242
LYS,111,NZ,PRO,233,O,403,0.013432885570480984
LYS,246,NZ,GLU,247,OE2,401,0.013366221125962467
GLN,163,NE2,GLU,128,OE2,400,0.01333288890370321
LYS,248,NZ,GLU,245,O,400,0.01333288890370321
ARG,1,NE,GLY,351,O,397,0.013232892236925435
ARG,1,NH1,GLY,351,O,396,0.013199560014666177
ARG,98,NH2,THR,102,OG1,396,0.013199560014666177
HIE,307,NE2,ASN,428,OD1,393,0.013099563347888404
ARG,29,NH1,GLN,17,O,391,0.013032898903369887
GLN,345,NE2,THR,344,OG1,391,0.013032898903369887
LEU,12,N,LEU,9,O,389,0.012966234458851372
GLN,163,NE2,GLU,128,OE1,389,0.012966234458851372
ARG,117,NH1,SER,113,O,388,0.012932902236592114
ARG,31,NE,GLU,32,OE1,384,0.012799573347555082
THR,39,OG1,PRO,4,O,384,0.012799573347555082
LYS,208,NZ,GLN,211,OE1,382,0.012732908903036565
GLN,258,NE2,GLN,258,O,382,0.012732908903036565
HIE,313,N,GLU,311,O,382,0.012732908903036565
SER,153,N,ILE,150,O,381,0.012699576680777307
LYS,405,NZ,ASN,89,OD1,379,0.012632912236258792
GLN,345,NE2,HIE,346,O,378,0.012599580013999533
GLN,165,NE2,GLN,165,O,377,0.012566247791740275
ARG,415,NE,GLU,411,O,377,0.012566247791740275
ARG,225,NH1,GLU,226,OE2,376,0.012532915569481017
LEU,180,N,THR,177,O,375,0.01249958334722176
LEU,260,N,HIE,257,O,375,0.01249958334722176
ALA,391,N,ASP,387,OD1,375,0.01249958334722176
ARG,97,NH2,LYS,405,O,373,0.012432918902703243
ASN,214,ND2,ASN,214,O,369,0.012299590013666211
ARG,29,NE,GLU,32,OE1,368,0.012266257791406953
LYS,234,NZ,ALA,232,O,363,0.012099596680110663
SER,26,OG,LEU,23,O,360,0.01199960001333289
VAL,184,N,GLU,446,OE2,360,0.01199960001333289
GLY,390,N,ASP,387,OD2,356,0.011866271124295856
ARG,350,NE,ASP,36,OD2,352,0.011732942235258824
LEU,418,N,ALA,414,O,347,0.011566281123962534
HID,243,N,TYR,240,O,345,0.011499616679444019
ILE,425,N,PHE,422,O,345,0.011499616679444019
MET,170,N,PHE,167,O,344,0.01146628445718476
ALA,215,N,GLU,212,O,344,0.01146628445718476
GLY,134,N,SER,132,OG,343,0.011432952234925502
GLY,43,N,LEU,12,O,337,0.011232958901369954
LYS,72,NZ,ASP,77,OD1,336,0.011199626679110695
ARG,225,NH1,GLU,226,OE1,333,0.011099630012332922
LYS,317,NZ,VAL,303,O,333,0.011099630012332922
ARG,112,NH1,LYS,111,O,331,0.011032965567814405
ARG,204,NH1,LYS,197,O,329,0.01096630112329589
MET,104,N,VAL,101,O,326,0.010866304456518115
ALA,232,N,ASP,229,OD2,322,0.010732975567481083
LYS,158,N,PHE,156,O,319,0.01063297890070331
LYS,317,N,HIE,313,O,319,0.01063297890070331
ARG,350,NE,ASP,36,OD1,319,0.01063297890070331
GLU,359,N,PRO,46,O,319,0.01063297890070331
SER,68,OG,ASN,89,OD1,318,0.010599646678444052
SER,132,OG,GLU,128,OE1,318,0.010599646678444052
ARG,105,NH1,GLU,411,OE1,315,0.010499650011666278
ARG,97,NH1,LYS,405,O,310,0.010332988900369988
ASN,259,N,GLN,258,OE1,309,0.01029965667811073
CYS,447,N,GLU,446,OE2,308,0.010266324455851471
LYS,234,NZ,ASP,238,OD1,307,0.010232992233592213
ALA,88,N,VAL,85,O,301,0.010032998900036666
SER,153,OG,LYS,158,O,293,0.009766341121962601
ASN,209,ND2,LEU,173,O,289,0.00963301223292557
ALA,135,N,SER,132,OG,288,0.009599680010666311
ARG,1,NH1,LEU,2,O,287,0.009566347788407053
ARG,463,NH1,PHE,429,O,283,0.00943301889937002
ARG,97,NH1,CM1,408,O,282,0.009399686677110762
GLN,163,N,HIE,161,O,277,0.009233025565814472
GLN,176,NE2,GLN,176,O,277,0.009233025565814472
GLY,186,N,SER,183,O,275,0.009166361121295957
ARG,308,NH1,ASP,314,OD2,275,0.009166361121295957
ARG,29,NH1,GLU,32,OE2,270,0.008999700009999667
ARG,204,NH1,TYR,198,O,270,0.008999700009999667
LEU,236,N,ASP,235,OD2,270,0.008999700009999667
ILE,237,N,VAL,155,O,269,0.008966367787740409
HID,341,ND1,GLY,69,O,269,0.008966367787740409
GLN,302,NE2,GLU,299,OE2,267,0.008899703343221892
GLN,165,NE2,GLU,166,OE2,265,0.008833038898703377
LYS,234,NZ,THR,227,O,265,0.008833038898703377
MET,75,N,GLU,190,OE2,264,0.008799706676444119
ARG,29,N,SER,26,O,263,0.00876637445418486
GLU,299,N,VAL,296,O,261,0.008699710009666345
ILE,73,N,ASP,77,OD1,260,0.008666377787407087
ARG,308,NH1,ILE,304,O,258,0.00859971334288857
GLU,226,N,LYS,223,O,256,0.008533048898370055
ALA,232,N,ASP,229,OD1,255,0.008499716676110797
ARG,45,NH2,GLU,359,OE1,254,0.008466384453851538
GLN,211,NE2,TYR,207,O,254,0.008466384453851538
SER,332,OG,THR,278,OG1,253,0.00843305223159228
LYS,376,NZ,ASP,378,OD2,252,0.008399720009333022
ASN,149,N,ILE,146,O,251,0.008366387787073765
CM1,408,N,SER,402,OG,251,0.008366387787073765
PHE,419,N,ARG,415,O,251,0.008366387787073765
ARG,105,NH2,GLU,116,OE1,249,0.008299723342555248
ARG,112,NH1,GLY,110,O,248,0.00826639112029599
LYS,133,N,LYS,131,O,247,0.008233058898036731
ARG,204,NH2,LYS,197,O,245,0.008166394453518216
LEU,334,N,SER,332,O,244,0.008133062231258958
ARG,7,NH2,GLY,5,O,243,0.0080997300089997
LYS,197,NZ,TYR,198,OH,243,0.0080997300089997
ARG,81,NH2,PRO,78,O,242,0.008066397786740441
GLN,119,N,GLN,119,OE1,242,0.008066397786740441
SER,182,N,SER,179,O,241,0.008033065564481185
ASN,381,ND2,ALA,379,O,240,0.007999733342221926
LYS,72,NZ,ASP,77,OD2,233,0.0077664077864071195
HIE,161,NE2,GLN,163,OE1,232,0.007733075564147862
GLN,302,NE2,GLU,299,OE1,232,0.007733075564147862
ASP,333,N,PHE,331,O,232,0.007733075564147862
GLU,411,N,GLU,411,OE2,232,0.007733075564147862
ARG,81,NH1,ASP,77,OD1,231,0.007699743341888604
HIE,257,NE2,GLU,222,OE2,231,0.007699743341888604
ARG,105,NH1,GLU,411,OE2,230,0.007666411119629346
ARG,415,NH2,SER,402,OG,230,0.007666411119629346
LYS,405,N,LEU,60,O,227,0.007566414452851572
SER,183,OG,SER,179,O,225,0.007499750008333056
ASN,214,ND2,ASN,261,OD1,224,0.0074664177860737976
ARG,7,NH1,PRO,8,O,223,0.007433085563814539
PHE,143,N,THR,140,O,223,0.007433085563814539
LYS,234,NZ,PHE,107,O,223,0.007433085563814539
LYS,33,NZ,TYR,34,OH,221,0.007366421119296023
VAL,53,N,TYR,373,OH,221,0.007366421119296023
LYS,72,NZ,ASP,357,OD2,221,0.007366421119296023
GLN,258,N,HIE,257,ND1,221,0.007366421119296023
ARG,97,NH2,GLU,411,OE2,220,0.007333088897036766
THR,344,OG1,GLU,65,O,220,0.007333088897036766
ARG,415,NH2,GLU,411,O,220,0.007333088897036766
ARG,204,NH2,TYR,198,O,219,0.0072997566747775074
LYS,234,N,ASP,238,OD1,219,0.0072997566747775074
HIE,257,NE2,GLU,222,OE1,218,0.007266424452518249
ASN,261,ND2,ASN,261,O,218,0.007266424452518249
GLN,345,NE2,ALA,66,O,218,0.007266424452518249
MET,75,N,GLU,190,OE1,217,0.0072330922302589916
SER,182,OG,SER,179,O,216,0.007199760007999733
LEU,24,N,CYS,447,O,215,0.007166427785740476
LYS,72,NZ,ASP,357,OD1,214,0.007133095563481217
GLN,144,N,PHE,141,O,212,0.007066431118962701
ARG,308,N,GLN,427,NE2,211,0.007033098896703443
VAL,435,N,SER,433,O,210,0.0069997666744441855
GLN,119,NE2,GLN,119,O,208,0.006933102229925669
GLN,165,NE2,GLU,166,OE1,207,0.006899770007666411
ASN,261,ND2,GLY,218,N,207,0.006899770007666411
ARG,105,NH2,GLU,116,OE2,205,0.006833105563147895
ARG,159,NH1,GLU,120,OE1,205,0.006833105563147895
ARG,159,NH2,GLU,120,OE2,202,0.006733108896370121
LYS,376,NZ,ASP,378,OD1,202,0.006733108896370121
ARG,31,NH1,ASP,36,OD2,201,0.006699776674110863
ARG,105,NE,MET,104,O,201,0.006699776674110863
ILE,237,N,ASP,235,OD2,201,0.006699776674110863
ARG,280,NE,THR,140,OG1,201,0.006699776674110863
ARG,415,NH2,SER,402,O,200,0.006666444451851605
TYR,162,N,HIE,161,ND1,199,0.006633112229592347
ARG,308,N,HIE,307,ND1,198,0.0065997800073330885
TYR,83,OH,GLU,254,OE2,197,0.006566447785073831
LYS,317,NZ,HIE,313,ND1,197,0.006566447785073831
SER,249,OG,ASN,250,OD1,196,0.006533115562814573
ARG,159,NH1,GLU,120,OE2,194,0.006466451118296057
GLN,17,N,GLN,17,OE1,193,0.006433118896036798
THR,147,N,GLN,144,O,193,0.006433118896036798
TYR,326,OH,ARG,415,O,192,0.006399786673777541
GLU,411,N,GLU,411,OE1,192,0.006399786673777541
LYS,158,NZ,GLU,166,OE2,191,0.0063664544515182825
GLU,128,N,LEU,125,O,190,0.006333122229259025
ARG,350,NH1,GLU,54,OE1,189,0.006299790006999767
ARG,159,NH2,GLU,120,OE1,187,0.006233125562481251
GLN,302,NE2,GLU,301,OE2,187,0.006233125562481251
LYS,405,NZ,LEU,60,O,187,0.006233125562481251
LYS,405,NZ,ALA,64,O,185,0.006166461117962735
ARG,45,NH1,LYS,72,O,184,0.0061331288957034765
ARG,204,NE,PHE,199,O,184,0.0061331288957034765
ARG,225,NH1,GLU,245,OE1,184,0.0061331288957034765
ARG,315,NH2,ALA,416,O,184,0.0061331288957034765
ARG,81,NH1,TYR,207,OH,183,0.006099796673444218
GLN,119,NE2,GLN,123,OE1,182,0.006066464451184961
HIE,291,N,HIE,291,ND1,182,0.006066464451184961
HIE,313,NE2,GLU,311,OE1,182,0.006066464451184961
SER,68,OG,GLU,65,OE2,181,0.006033132228925702
ARG,350,NH2,GLU,54,OE1,181,0.006033132228925702
GLN,123,NE2,GLN,123,O,180,0.005999800006666445
ALA,391,N,ASP,387,OD2,180,0.005999800006666445
ARG,406,NH2,ASN,89,OD1,180,0.005999800006666445
GLY,90,N,SER,68,O,179,0.005966467784407186
GLN,119,NE2,PRO,310,O,179,0.005966467784407186
ARG,330,N,GLU,327,O,179,0.005966467784407186
THR,147,OG1,GLY,271,O,178,0.005933135562147928
SER,430,OG,LEU,461,O,178,0.005933135562147928
LYS,25,NZ,ARG,21,O,177,0.0058998033398886705
ARG,70,NE,HID,341,ND1,177,0.0058998033398886705
ARG,225,NH1,GLU,245,OE2,177,0.0058998033398886705
ILE,73,N,GLU,359,OE2,175,0.005833138895370155
ALA,367,N,ILE,363,O,175,0.005833138895370155
LYS,405,NZ,HID,341,NE2,175,0.005833138895370155
ARG,29,NH1,GLU,32,OE1,174,0.005799806673110896
ARG,315,NE,LEU,312,O,174,0.005799806673110896
LYS,405,NZ,SER,68,OG,174,0.005799806673110896
ARG,45,N,GLY,43,O,173,0.005766474450851638
ARG,308,NH2,ILE,304,O,173,0.005766474450851638
SER,193,OG,PHE,189,O,172,0.00573314222859238
GLU,127,N,CYS,124,O,170,0.0056664777840738645
GLY,271,N,PHE,268,O,170,0.0056664777840738645
SER,68,OG,GLU,65,OE1,169,0.005633145561814606
SER,256,OG,GLU,254,O,169,0.005633145561814606
ARG,308,NH2,GLU,311,OE2,169,0.005633145561814606
ARG,112,N,GLY,110,O,167,0.00556648111729609
GLN,302,NE2,GLU,301,OE1,167,0.00556648111729609
THR,395,OG1,LYS,393,O,166,0.005533148895036832
ARG,45,NE,GLU,190,OE2,162,0.0053998200059998
ARG,315,NH2,ARG,415,O,162,0.0053998200059998
ARG,350,NH2,GLU,54,OE2,162,0.0053998200059998
GLN,445,NE2,GLU,446,OE2,162,0.0053998200059998
LYS,158,NZ,GLU,166,OE1,161,0.005366487783740542
CYS,124,N,GLU,121,O,160,0.005333155561481284
ARG,406,NH1,HM1,464,O1D,160,0.005333155561481284
ASN,89,ND2,ARG,70,O,159,0.005299823339222026
LYS,234,NZ,ASP,238,OD2,158,0.0052664911169627675
LEU,312,N,PRO,310,O,158,0.0052664911169627675
TYR,373,N,ASP,370,OD1,158,0.0052664911169627675
ARG,415,NH2,GLU,115,OE1,157,0.00523315889470351
SER,68,N,ALA,64,O,156,0.005199826672444252
ARG,415,NH2,GLU,115,OE2,156,0.005199826672444252
ASP,229,N,THR,227,O,155,0.005166494450184994
GLY,90,N,ASN,89,OD1,154,0.005133162227925736
GLN,457,NE2,THR,455,O,154,0.005133162227925736
TYR,34,N,ARG,31,O,153,0.005099830005666478
THR,395,OG1,TYR,373,O,153,0.005099830005666478
ILE,237,N,ASP,235,OD1,152,0.00506649778340722
ARG,406,NH2,SER,68,O,151,0.0050331655611479615
ARG,20,NH2,LEU,15,O,150,0.004999833338888704
ARG,130,NH1,ASN,428,OD1,150,0.004999833338888704
HIE,203,NE2,PHE,199,O,150,0.004999833338888704
ARG,315,NE,GLU,311,O,150,0.004999833338888704
LYS,394,NZ,LEU,392,O,150,0.004999833338888704
ARG,117,NH2,SER,153,O,149,0.004966501116629446
LYS,197,NZ,SER,193,O,148,0.004933168894370188
THR,395,OG1,HIP,384,O,147,0.00489983667211093
TRP,93,N,GLY,90,O,146,0.004866504449851671
ARG,415,NH1,GLU,322,OE1,143,0.004766507783073898
ASN,209,N,VAL,206,O,142,0.00473317556081464
GLY,134,N,LEU,129,O,141,0.004699843338555381
GLN,205,NE2,GLN,205,O,141,0.004699843338555381
LYS,234,NZ,LYS,111,O,141,0.004699843338555381
PHE,460,N,GLY,134,O,141,0.004699843338555381
ARG,308,NH1,GLU,311,OE1,138,0.004599846671777608
LYS,223,NZ,HIE,219,ND1,137,0.0045665144495183494
TYR,83,OH,GLU,254,OE1,136,0.004533182227259091
LYS,317,NZ,ASP,314,OD1,135,0.0044998500049998336
LEU,284,N,TYR,281,O,133,0.004433185560481318
THR,358,OG1,LYS,356,O,132,0.004399853338222059
SER,145,OG,THR,140,O,131,0.004366521115962801
LYS,169,NZ,GLN,165,OE1,131,0.004366521115962801
ASN,172,ND2,GLN,176,NE2,131,0.004366521115962801
SER,220,OG,ILE,217,O,131,0.004366521115962801
HIE,313,NE2,GLU,311,OE2,131,0.004366521115962801
THR,358,N,VAL,343,O,131,0.004366521115962801
THR,321,N,MET,318,O,130,0.004333188893703543
THR,344,OG1,ILE,342,O,130,0.004333188893703543
ARG,81,NH1,GLN,258,NE2,129,0.004299856671444285
ASN,381,ND2,GLU,375,OE1,129,0.004299856671444285
ASP,235,N,PRO,233,O,128,0.0042665244491850276
ASN,259,N,SER,256,O,128,0.0042665244491850276
ASN,89,ND2,PHE,87,O,127,0.004233192226925769
LYS,208,NZ,ASN,209,OD1,126,0.004199860004666511
GLN,302,NE2,GLN,302,O,126,0.004199860004666511
PHE,429,N,LEU,426,O,125,0.004166527782407253
LYS,169,NZ,GLN,165,O,124,0.004133195560147995
ARG,97,NH2,GLU,411,OE1,123,0.004099863337888737
GLN,119,NE2,GLU,116,OE2,122,0.004066531115629479
GLN,163,NE2,HIE,161,ND1,122,0.004066531115629479
TYR,240,N,ILE,237,O,121,0.004033198893370221
ARG,97,NE,ILE,407,O,120,0.003999866671110963
ARG,57,NH1,GLU,54,OE1,119,0.003966534448851705
GLN,163,NE2,ASP,164,OD1,118,0.003933202226592447
GLN,445,NE2,GLN,445,O,117,0.003899870004333189
ARG,31,NH1,ASP,36,OD1,116,0.003866537782073931
HIE,252,N,ASN,250,ND2,116,0.003866537782073931
THR,366,OG1,CYS,51,O,116,0.003866537782073931
GLN,457,NE2,MET,137,O,116,0.003866537782073931
ARG,105,N,SER,100,O,115,0.003833205559814673
LYS,111,NZ,MET,109,O,115,0.003833205559814673
TYR,240,OH,GLU,254,O,114,0.0037998733375554147
THR,395,OG1,LYS,394,O,114,0.0037998733375554147
LYS,169,NZ,ASN,172,OD1,113,0.0037665411152961567
LYS,223,NZ,HIE,219,O,113,0.0037665411152961567
LYS,158,NZ,PHE,156,O,112,0.0037332088930368988
LYS,288,NZ,GLU,438,OE1,112,0.0037332088930368988
GLN,123,NE2,GLN,119,OE1,111,0.003699876670777641
TYR,373,N,ASP,370,OD2,111,0.003699876670777641
ARG,57,NH2,GLU,58,OE2,110,0.003666544448518383
ARG,81,NH2,TYR,207,OH,110,0.003666544448518383
LYS,94,NZ,ASN,91,OD1,110,0.003666544448518383
SER,179,OG,GLN,176,O,109,0.0036332122262591245
LYS,223,NZ,THR,227,OG1,109,0.0036332122262591245
ARG,225,NH1,GLU,222,OE2,109,0.0036332122262591245
ARG,70,NH1,HM1,464,O2D,108,0.0035998800039998666
TYR,162,OH,CYS,124,O,108,0.0035998800039998666
LYS,234,NZ,THR,239,OG1,108,0.0035998800039998666
LYS,393,NZ,HIP,384,O,108,0.0035998800039998666
LYS,111,NZ,PHE,107,O,107,0.0035665477817406087
ARG,330,NE,GLU,327,OE1,106,0.0035332155594813507
ASN,381,ND2,GLU,375,OE2,106,0.0035332155594813507
ARG,112,NH2,GLU,116,O,105,0.0034998833372220928
SER,145,N,THR,140,O,104,0.0034665511149628344
ASN,172,ND2,GLN,176,OE1,104,0.0034665511149628344
LYS,394,NZ,GLU,396,OE2,104,0.0034665511149628344
ARG,406,NE,HID,341,NE2,104,0.0034665511149628344
GLY,108,N,ASP,235,OD2,103,0.0034332188927035765
ARG,225,N,GLU,222,O,103,0.0034332188927035765
SER,26,N,LEU,23,O,102,0.0033998866704443185
THR,278,OG1,SER,332,OG,102,0.0033998866704443185
CM1,408,N,PHE,401,O,101,0.0033665544481850606
ALA,64,N,ASP,62,O,100,0.0033332222259258026
TYR,207,OH,PRO,78,O,100,0.0033332222259258026
ASN,209,ND2,GLN,205,NE2,100,0.0033332222259258026
THR,347,OG1,SER,348,O,100,0.0033332222259258026
GLN,258,NE2,HIE,257,ND1,99,0.0032998900036665443
LYS,356,NZ,GLN,345,OE1,99,0.0032998900036665443
ARG,98,NH1,THR,102,OG1,98,0.0032665577814072863
THR,103,OG1,SER,100,O,98,0.0032665577814072863
LYS,356,N,HIE,346,NE2,98,0.0032665577814072863
ARG,415,NH1,ARG,415,O,97,0.0032332255591480284
ASN,214,ND2,GLN,211,O,96,0.0031998933368887704
ARG,308,NH1,GLU,311,OE2,96,0.0031998933368887704
LYS,33,NZ,ARG,29,O,95,0.0031665611146295125
ARG,98,NE,ARG,98,O,94,0.003133228892370254
ARG,105,NH1,SER,113,OG,94,0.003133228892370254
SER,253,OG,GLU,247,O,92,0.0030665644478517383
ARG,308,NH2,GLU,311,OE1,92,0.0030665644478517383
ARG,350,NH2,GLU,54,O,92,0.0030665644478517383
GLN,258,NE2,ASN,214,ND2,91,0.0030332322255924803
LYS,288,NZ,GLU,438,OE2,91,0.0030332322255924803
LYS,25,NZ,ASP,19,OD2,90,0.0029999000033332224
LYS,72,NZ,GLU,359,OE1,89,0.002966567781073964
ILE,126,N,GLN,123,O,89,0.002966567781073964
GLY,134,N,SER,132,O,89,0.002966567781073964
HID,341,ND1,SER,68,O,88,0.002933235558814706
GLN,345,NE2,THR,344,O,88,0.002933235558814706
LYS,111,NZ,SER,153,OG,87,0.002899903336555448
CM1,408,N,SER,402,O,87,0.002899903336555448
GLY,412,N,GLU,411,OE1,87,0.002899903336555448
ARG,20,NH1,ASP,19,OD1,84,0.002799906669777674
ASN,261,ND2,ASN,214,ND2,84,0.002799906669777674
THR,395,OG1,GLU,396,OE2,84,0.002799906669777674
ALA,59,N,ILE,56,O,82,0.002733242225259158
LYS,248,NZ,MET,244,O,82,0.002733242225259158
THR,102,N,PHE,99,O,81,0.0026999100029999
GLY,108,N,LYS,111,O,81,0.0026999100029999
LYS,288,NZ,GLU,438,O,81,0.0026999100029999
GLN,205,N,ALA,202,O,80,0.002666577780740642
ARG,81,NE,GLN,258,OE1,79,0.0026332455584813837
ARG,117,NH1,ARG,112,O,79,0.0026332455584813837
THR,455,N,GLN,445,NE2,79,0.0026332455584813837
ARG,225,NH1,GLU,222,OE1,78,0.002599913336222126
HID,243,ND1,GLU,247,OE1,78,0.002599913336222126
GLN,187,NE2,VAL,184,N,77,0.002566581113962868
ARG,204,NH1,PHE,199,O,77,0.002566581113962868
LYS,394,NZ,GLU,396,OE1,77,0.002566581113962868
GLU,58,N,ALA,55,O,76,0.00253324889170361
ARG,81,NE,ASP,77,OD1,76,0.00253324889170361
ARG,117,NE,ILE,150,O,76,0.00253324889170361
ARG,159,NH2,TYR,162,OH,76,0.00253324889170361
HIE,307,N,HIE,307,ND1,76,0.00253324889170361
ARG,350,NE,CYS,51,O,76,0.00253324889170361
ASN,89,ND2,ARG,70,N,75,0.002499916669444352
PHE,107,N,ASP,106,OD1,75,0.002499916669444352
GLN,345,NE2,GLU,65,OE1,75,0.002499916669444352
ARG,406,NE,SER,68,O,75,0.002499916669444352
ILE,86,N,SER,266,OG,74,0.002466584447185094
ILE,151,N,ALA,148,O,74,0.002466584447185094
GLY,390,N,ALA,388,O,74,0.002466584447185094
ARG,280,NH2,PRO,454,O,73,0.0024332522249258357
THR,300,OG1,TYR,297,O,73,0.0024332522249258357
LYS,394,NZ,GLU,322,OE2,73,0.0024332522249258357
THR,423,N,LEU,420,O,73,0.0024332522249258357
ARG,105,NH2,LEU,409,O,72,0.0023999200026665777
GLN,176,NE2,ASN,209,ND2,72,0.0023999200026665777
GLN,345,NE2,GLU,65,OE2,72,0.0023999200026665777
LYS,33,NZ,GLU,32,OE2,71,0.00236658778040732
ILE,213,N,LEU,210,O,70,0.002333255558148062
ARG,315,NE,ALA,416,O,70,0.002333255558148062
ASN,381,ND2,LYS,376,O,70,0.002333255558148062
SER,256,OG,SER,253,O,69,0.002299923335888804
LYS,288,NZ,TYR,289,OH,69,0.002299923335888804
GLY,412,N,GLU,411,OE2,69,0.002299923335888804
ARG,112,NE,GLY,110,O,68,0.0022665911136295455
ALA,232,N,PRO,230,O,68,0.0022665911136295455
ARG,350,NE,ASP,36,O,68,0.0022665911136295455
ALA,379,N,PRO,377,O,67,0.0022332588913702876
GLY,410,N,CM1,408,O,67,0.0022332588913702876
GLN,123,NE2,GLU,127,OE2,66,0.0021999266691110297
HIE,313,N,ASP,314,OD1,66,0.0021999266691110297
LYS,111,NZ,THR,103,O,65,0.0021665944468517717
LYS,317,NZ,HIE,313,NE2,65,0.0021665944468517717
PHE,374,N,PRO,371,O,65,0.0021665944468517717
HIP,384,NE2,LYS,376,O,65,0.0021665944468517717
GLN,123,NE2,GLU,120,O,64,0.0021332622245925138
THR,275,OG1,THR,274,OG1,64,0.0021332622245925138
ASN,389,N,ASP,387,O,64,0.0021332622245925138
LYS,33,NZ,GLU,32,OE1,63,0.0020999300023332554
GLN,119,NE2,GLU,116,OE1,63,0.0020999300023332554
LYS,405,NZ,PHE,67,O,63,0.0020999300023332554
LYS,133,NZ,LYS,131,O,62,0.0020665977800739975
ARG,308,NH2,VAL,303,O,62,0.0020665977800739975
GLN,427,N,THR,424,O,62,0.0020665977800739975
ARG,45,NH2,GLU,190,O,61,0.0020332655578147395
GLU,121,N,ILE,118,O,61,0.0020332655578147395
ARG,330,NH2,ASP,378,O,61,0.0020332655578147395
LYS,393,NZ,LYS,394,O,61,0.0020332655578147395
ARG,112,NH2,GLY,110,O,60,0.0019999333355554816
ARG,350,NH1,GLU,54,OE2,60,0.0019999333355554816
LEU,368,N,SER,365,O,60,0.0019999333355554816
THR,395,OG1,GLU,396,OE1,60,0.0019999333355554816
VAL,206,N,HIE,203,O,59,0.0019666011132962236
ARG,308,N,GLY,305,O,59,0.0019666011132962236
HID,369,ND1,PRO,377,O,59,0.0019666011132962236
TYR,83,OH,GLN,258,OE1,58,0.0019332688910369655
ARG,112,NH1,MET,109,O,58,0.0019332688910369655
THR,272,OG1,LEU,267,O,58,0.0019332688910369655
THR,177,N,PHE,174,O,57,0.0018999366687777073
LYS,72,NZ,ARG,70,O,56,0.0018666044465184494
ARG,112,NH1,GLN,119,OE1,56,0.0018666044465184494
PHE,160,N,ASN,149,ND2,56,0.0018666044465184494
ASN,214,ND2,GLN,211,NE2,56,0.0018666044465184494
GLN,345,NE2,GLN,345,O,56,0.0018666044465184494
LYS,394,N,LEU,392,O,55,0.0018332722242591915
ARG,415,NH1,SER,402,OG,55,0.0018332722242591915
ARG,7,NH1,GLY,5,O,54,0.0017999400019999333
ARG,57,NH2,GLU,58,OE1,54,0.0017999400019999333
ARG,105,NH1,VAL,101,O,54,0.0017999400019999333
LYS,234,NZ,MET,109,O,54,0.0017999400019999333
HIE,313,N,HIE,313,ND1,54,0.0017999400019999333
PHE,80,N,ASP,77,O,53,0.0017666077797406754
GLN,144,N,PRO,139,O,52,0.0017332755574814172
THR,147,OG1,GLN,144,O,51,0.0016999433352221593
ASN,172,ND2,ASN,172,O,51,0.0016999433352221593
GLN,205,NE2,ASN,209,ND2,51,0.0016999433352221593
ARG,298,NH1,GLU,294,O,51,0.0016999433352221593
ARG,315,NH2,GLU,115,OE1,51,0.0016999433352221593
TYR,352,N,ARG,350,O,51,0.0016999433352221593
GLY,108,N,ASP,106,O,50,0.0016666111129629013
THR,227,OG1,HIP,224,O,50,0.0016666111129629013
LYS,393,NZ,ASP,383,OD1,50,0.0016666111129629013
PHE,30,N,PHE,27,O,49,0.0016332788907036432
TYR,289,N,MET,286,O,49,0.0016332788907036432
VAL,292,N,HIE,291,ND1,49,0.0016332788907036432
ARG,295,NH1,TYR,320,OH,49,0.0016332788907036432
ARG,81,NH2,GLN,211,OE1,48,0.0015999466684443852
LYS,234,NZ,THR,227,OG1,48,0.0015999466684443852
SER,253,OG,PHE,255,O,48,0.0015999466684443852
ASN,259,ND2,SER,256,OG,48,0.0015999466684443852
SER,276,OG,GLN,144,N,48,0.0015999466684443852
TYR,297,OH,PRO,306,O,48,0.0015999466684443852
ILE,118,N,GLU,115,O,47,0.001566614446185127
LYS,63,NZ,SER,348,OG,46,0.0015332822239258691
ARG,81,NH2,GLN,258,NE2,46,0.0015332822239258691
ARG,92,N,ASN,89,OD1,46,0.0015332822239258691
GLN,211,NE2,GLU,212,OE2,46,0.0015332822239258691
ASN,259,ND2,GLU,254,OE2,46,0.0015332822239258691
LYS,63,N,ALA,59,O,45,0.0014999500016666112
ARG,130,N,GLU,127,O,45,0.0014999500016666112
THR,147,OG1,SER,276,OG,45,0.0014999500016666112
GLN,211,NE2,GLN,211,O,45,0.0014999500016666112
ARG,415,NH1,GLU,115,OE2,45,0.0014999500016666112
ARG,112,NE,GLU,116,O,44,0.001466617779407353
MET,337,N,VAL,449,O,44,0.001466617779407353
HID,369,ND1,LEU,368,O,44,0.001466617779407353
ARG,415,NH1,SER,402,O,44,0.001466617779407353
ARG,1,NH2,LEU,2,O,43,0.001433285557148095
ARG,31,NH1,GLU,32,OE1,43,0.001433285557148095
HIE,161,NE2,GLU,128,OE1,43,0.001433285557148095
ARG,204,NH2,PHE,199,O,43,0.001433285557148095
GLN,205,NE2,GLY,201,O,43,0.001433285557148095
GLN,258,NE2,ARG,81,NH1,43,0.001433285557148095
HIE,307,N,GLY,305,O,43,0.001433285557148095
ARG,415,NH1,GLU,322,OE2,43,0.001433285557148095
ARG,159,NH1,HIE,161,ND1,42,0.001399953334888837
LYS,234,NZ,ASP,229,OD2,42,0.001399953334888837
ARG,315,NH1,ALA,414,O,42,0.001399953334888837
ASN,381,ND2,PHE,380,O,42,0.001399953334888837
ASN,428,ND2,GLN,427,OE1,42,0.001399953334888837
ARG,20,NH1,ASP,19,OD2,41,0.001366621112629579
HIP,224,N,VAL,221,O,41,0.001366621112629579
LYS,234,NZ,PRO,230,O,41,0.001366621112629579
ARG,295,NE,HIE,291,O,41,0.001366621112629579
ARG,81,NH1,PHE,79,O,40,0.001333288890370321
LEU,173,N,MET,170,O,40,0.001333288890370321
ARG,298,NH1,GLN,302,OE1,40,0.001333288890370321
THR,424,OG1,PHE,421,O,40,0.001333288890370321
ASN,89,ND2,ASN,89,O,39,0.001299956668111063
LYS,158,NZ,TYR,216,OH,39,0.001299956668111063
LEU,242,N,THR,239,O,39,0.001299956668111063
ARG,330,NH1,HID,369,ND1,39,0.001299956668111063
LYS,393,NZ,GLU,375,OE1,39,0.001299956668111063
LYS,25,NZ,GLU,446,OE1,38,0.001266624445851805
LYS,72,NZ,GLU,359,OE2,38,0.001266624445851805
GLN,123,NE2,GLU,127,OE1,38,0.001266624445851805
LYS,158,NZ,ASP,164,OD1,38,0.001266624445851805
ARG,159,NE,ASN,149,ND2,38,0.001266624445851805
GLN,176,NE2,GLN,205,NE2,38,0.001266624445851805
ARG,280,NH2,GLN,445,OE1,38,0.001266624445851805
MET,318,N,ASP,314,O,38,0.001266624445851805
PHE,107,N,ASP,106,OD2,37,0.001233292223592547
ARG,112,NH2,GLN,119,OE1,37,0.001233292223592547
TYR,207,OH,GLN,211,OE1,37,0.001233292223592547
GLN,258,NE2,SER,256,OG,37,0.001233292223592547
ARG,415,NH1,GLU,115,OE1,37,0.001233292223592547
LYS,25,N,GLY,22,O,36,0.0011999600013332889
ARG,70,N,ASN,89,ND2,36,0.0011999600013332889
GLN,163,N,HIE,161,NE2,36,0.0011999600013332889
ASP,235,N,THR,239,OG1,36,0.0011999600013332889
ARG,330,NH2,GLU,327,OE2,36,0.0011999600013332889
THR,347,OG1,HIE,346,O,36,0.0011999600013332889
LYS,393,NZ,THR,395,OG1,36,0.0011999600013332889
HID,243,ND1,GLU,247,OE2,35,0.001166627779074031
LYS,394,NZ,GLU,322,OE1,35,0.001166627779074031
GLN,445,NE2,GLU,446,OE1,35,0.001166627779074031
THR,455,OG1,GLN,445,NE2,35,0.001166627779074031
ARG,20,NE,ARG,20,O,34,0.0011332955568147728
ILE,73,N,GLY,71,O,34,0.0011332955568147728
SER,153,OG,GLY,157,O,34,0.0011332955568147728
ALA,293,N,PRO,290,O,34,0.0011332955568147728
ASP,383,N,ASN,381,ND2,34,0.0011332955568147728
ARG,463,NH2,SER,430,OG,34,0.0011332955568147728
ARG,81,NE,ASP,77,OD2,33,0.0010999633345555148
LYS,111,N,PHE,107,O,33,0.0010999633345555148
LYS,246,NZ,GLU,245,OE1,33,0.0010999633345555148
THR,274,OG1,HM1,464,NC,33,0.0010999633345555148
ARG,406,NE,SER,68,OG,33,0.0010999633345555148
THR,455,OG1,THR,455,O,33,0.0010999633345555148
GLN,457,NE2,ASP,138,N,33,0.0010999633345555148
ARG,98,NH1,HID,243,NE2,32,0.0010666311122962569
GLY,108,N,ASP,106,OD2,32,0.0010666311122962569
THR,275,OG1,GLU,417,OE1,32,0.0010666311122962569
ARG,280,NH2,THR,140,OG1,32,0.0010666311122962569
HIE,346,N,HIE,346,ND1,32,0.0010666311122962569
ALA,391,N,ASN,389,O,32,0.0010666311122962569
LEU,442,N,ASP,441,OD2,32,0.0010666311122962569
SER,26,OG,GLN,17,O,31,0.0010332988900369987
LYS,33,N,ARG,31,O,31,0.0010332988900369987
ASN,91,ND2,ASN,91,O,31,0.0010332988900369987
GLN,119,NE2,GLU,311,OE2,31,0.0010332988900369987
GLN,163,NE2,ASP,164,OD2,31,0.0010332988900369987
ASN,214,ND2,ASN,261,ND2,31,0.0010332988900369987
HIE,257,NE2,GLY,218,O,31,0.0010332988900369987
THR,344,OG1,GLN,345,NE2,31,0.0010332988900369987
ARG,406,NH1,ALA,88,O,31,0.0010332988900369987
ARG,406,NH1,HM1,464,O1A,31,0.0010332988900369987
LEU,23,N,GLN,187,NE2,30,0.0009999666677777408
ARG,29,NH1,LYS,25,O,30,0.0009999666677777408
GLU,166,N,GLN,165,OE1,30,0.0009999666677777408
GLN,211,NE2,GLU,212,OE1,30,0.0009999666677777408
ARG,225,NH1,HIE,257,ND1,30,0.0009999666677777408
LYS,288,N,LEU,285,O,30,0.0009999666677777408
HIE,313,N,GLU,311,OE1,30,0.0009999666677777408
ASP,441,N,ASP,439,O,30,0.0009999666677777408
THR,455,OG1,ASP,138,OD2,30,0.0009999666677777408
GLY,35,N,PHE,30,O,29,0.0009666344455184827
ARG,57,NH1,TYR,373,OH,29,0.0009666344455184827
ARG,57,NH2,TYR,373,OH,29,0.0009666344455184827
LYS,63,NZ,GLU,65,OE1,29,0.0009666344455184827
ARG,159,NH2,HIE,161,ND1,29,0.0009666344455184827
ALA,251,N,ASN,250,OD1,29,0.0009666344455184827
ASN,261,N,GLN,258,O,29,0.0009666344455184827
LYS,393,NZ,ASP,383,OD2,29,0.0009666344455184827
THR,395,N,LYS,393,O,29,0.0009666344455184827
ARG,29,NH2,SER,26,OG,28,0.0009333022232592247
ARG,31,NH1,GLU,32,OE2,28,0.0009333022232592247
ARG,70,NH1,HM1,464,O2A,28,0.0009333022232592247
ARG,98,NE,THR,102,OG1,28,0.0009333022232592247
LEU,125,N,ALA,122,O,28,0.0009333022232592247
GLN,165,NE2,GLN,163,OE1,28,0.0009333022232592247
GLN,176,NE2,GLN,205,OE1,28,0.0009333022232592247
LYS,246,NZ,GLU,245,OE2,28,0.0009333022232592247
ALA,367,N,SER,365,O,28,0.0009333022232592247
THR,39,OG1,PHE,38,O,27,0.0008999700009999666
ARG,98,NH2,HID,243,NE2,27,0.0008999700009999666
GLN,119,NE2,GLU,120,OE2,27,0.0008999700009999666
GLN,163,N,GLN,163,OE1,27,0.0008999700009999666
ARG,225,NH2,HIE,257,ND1,27,0.0008999700009999666
HIE,252,NE2,ASN,91,ND2,27,0.0008999700009999666
HIE,307,NE2,ARG,463,OXT,27,0.0008999700009999666
GLY,448,N,GLU,446,OE1,27,0.0008999700009999666
LYS,63,NZ,GLU,58,O,26,0.0008666377787407086
ARG,105,N,ASP,106,OD1,26,0.0008666377787407086
GLN,119,NE2,GLN,123,NE2,26,0.0008666377787407086
ARG,204,NE,LYS,197,O,26,0.0008666377787407086
PHE,268,N,LEU,265,O,26,0.0008666377787407086
HIP,384,NE2,GLU,375,OE1,26,0.0008666377787407086
ARG,406,NH1,ILE,86,O,26,0.0008666377787407086
GLY,448,N,GLU,446,OE2,26,0.0008666377787407086
LYS,72,NZ,GLY,71,O,25,0.0008333055564814507
ASP,106,N,MET,104,O,25,0.0008333055564814507
LYS,111,NZ,GLY,108,O,25,0.0008333055564814507
HIE,161,NE2,GLU,128,OE2,25,0.0008333055564814507
GLN,165,N,GLN,163,O,25,0.0008333055564814507
GLN,165,N,GLN,165,NE2,25,0.0008333055564814507
ASN,209,ND2,GLN,176,NE2,25,0.0008333055564814507
ASN,209,ND2,ASN,209,O,25,0.0008333055564814507
LYS,223,N,SER,220,O,25,0.0008333055564814507
ARG,330,NH1,ASP,378,O,25,0.0008333055564814507
LYS,356,NZ,HIE,346,ND1,25,0.0008333055564814507
PHE,422,N,PHE,419,O,25,0.0008333055564814507
HIE,203,N,HIE,203,ND1,24,0.0007999733342221926
ASN,209,ND2,GLN,205,OE1,24,0.0007999733342221926
ARG,105,N,THR,103,O,23,0.0007666411119629346
ARG,112,NE,LYS,111,O,23,0.0007666411119629346
GLN,119,NE2,GLU,116,O,23,0.0007666411119629346
ARG,159,NH2,PHE,160,O,23,0.0007666411119629346
LYS,197,NZ,ASP,77,OD1,23,0.0007666411119629346
LYS,234,NZ,MET,104,O,23,0.0007666411119629346
THR,239,OG1,LEU,236,O,23,0.0007666411119629346
ASN,250,ND2,HIE,252,ND1,23,0.0007666411119629346
THR,274,N,GLY,271,O,23,0.0007666411119629346
THR,278,OG1,GLN,329,OE1,23,0.0007666411119629346
ILE,325,N,GLU,322,O,23,0.0007666411119629346
LYS,111,NZ,ASP,106,O,22,0.0007333088897036765
HIE,161,NE2,GLN,163,NE2,22,0.0007333088897036765
ASN,250,N,LYS,248,O,22,0.0007333088897036765
ASN,259,ND2,GLU,254,OE1,22,0.0007333088897036765
THR,264,OG1,ASN,261,O,22,0.0007333088897036765
ALA,270,N,LEU,267,O,22,0.0007333088897036765
TYR,281,OH,LYS,451,O,22,0.0007333088897036765
GLU,294,N,HIE,291,O,22,0.0007333088897036765
ARG,350,NH1,GLU,54,O,22,0.0007333088897036765
LYS,376,NZ,ASP,383,OD2,22,0.0007333088897036765
ARG,81,NH2,TYR,198,OH,21,0.0006999766674444185
ASN,89,ND2,ALA,88,O,21,0.0006999766674444185
GLY,108,N,ASP,235,OD1,21,0.0006999766674444185
LYS,169,N,GLU,166,O,21,0.0006999766674444185
TYR,198,OH,GLY,194,O,21,0.0006999766674444185
LYS,223,NZ,GLU,166,OE2,21,0.0006999766674444185
SER,253,N,ASN,250,OD1,21,0.0006999766674444185
ARG,295,NH1,GLN,302,OE1,21,0.0006999766674444185
ARG,298,NH2,GLN,302,OE1,21,0.0006999766674444185
SER,348,OG,GLY,351,O,21,0.0006999766674444185
GLY,351,N,SER,348,O,21,0.0006999766674444185
ARG,21,N,ASP,19,O,20,0.0006666444451851605
GLY,90,N,SER,68,OG,20,0.0006666444451851605
LYS,111,NZ,THR,102,O,20,0.0006666444451851605
ARG,117,NE,GLU,120,OE2,20,0.0006666444451851605
ARG,117,NH2,GLU,120,OE2,20,0.0006666444451851605
GLN,119,NE2,GLU,311,OE1,20,0.0006666444451851605
LEU,228,N,GLU,226,O,20,0.0006666444451851605
THR,239,N,LEU,236,O,20,0.0006666444451851605
TYR,240,OH,ASN,259,O,20,0.0006666444451851605
HIE,307,NE2,ARG,463,O,20,0.0006666444451851605
LEU,312,N,ASP,314,OD1,20,0.0006666444451851605
GLN,329,NE2,ARG,415,O,20,0.0006666444451851605
ASP,370,N,THR,366,O,20,0.0006666444451851605
GLN,445,NE2,PRO,454,O,20,0.0006666444451851605
ARG,97,NE,LYS,405,O,19,0.0006333122229259025
LYS,131,NZ,SER,132,OG,19,0.0006333122229259025
GLY,157,N,SER,153,O,19,0.0006333122229259025
GLN,163,NE2,GLN,163,O,19,0.0006333122229259025
ASN,172,N,LYS,169,O,19,0.0006333122229259025
ARG,225,NE,GLU,226,OE1,19,0.0006333122229259025
TYR,240,OH,SER,256,N,19,0.0006333122229259025
TYR,240,OH,LEU,260,N,19,0.0006333122229259025
ARG,295,NH2,GLN,302,OE1,19,0.0006333122229259025
GLN,345,NE2,HIE,346,ND1,19,0.0006333122229259025
THR,347,OG1,ILE,354,O,19,0.0006333122229259025
LYS,376,NZ,ASP,383,OD1,19,0.0006333122229259025
LYS,393,NZ,GLU,375,OE2,19,0.0006333122229259025
ARG,406,NH2,ASN,89,ND2,19,0.0006333122229259025
ALA,64,N,ALA,59,O,18,0.0005999800006666444
VAL,85,N,SER,266,OG,18,0.0005999800006666444
ARG,98,NH2,ASP,106,OD1,18,0.0005999800006666444
ARG,105,NE,SER,113,OG,18,0.0005999800006666444
ALA,122,N,GLN,119,O,18,0.0005999800006666444
GLN,144,NE2,THR,272,O,18,0.0005999800006666444
LYS,234,NZ,ASP,229,OD1,18,0.0005999800006666444
ASP,238,N,ASP,235,O,18,0.0005999800006666444
LEU,267,N,THR,264,O,18,0.0005999800006666444
ARG,280,NE,PRO,454,O,18,0.0005999800006666444
ARG,295,N,VAL,292,O,18,0.0005999800006666444
ARG,315,NH2,ALA,414,O,18,0.0005999800006666444
GLU,322,N,PRO,319,O,18,0.0005999800006666444
GLN,329,NE2,GLN,329,O,18,0.0005999800006666444
THR,347,OG1,GLN,345,OE1,18,0.0005999800006666444
ASN,14,ND2,GLN,17,NE2,17,0.0005666477784073864
ARG,20,NH2,MET,18,O,17,0.0005666477784073864
TYR,162,OH,SER,145,OG,17,0.0005666477784073864
SER,231,N,ASP,229,O,17,0.0005666477784073864
SER,276,N,GLU,273,O,17,0.0005666477784073864
GLN,345,NE2,SER,68,OG,17,0.0005666477784073864
GLU,396,N,TYR,373,OH,17,0.0005666477784073864
LYS,25,NZ,ASP,19,OD1,16,0.0005333155561481284
LEU,28,N,LYS,25,O,16,0.0005333155561481284
LYS,33,NZ,LYS,33,O,16,0.0005333155561481284
ASN,89,ND2,GLY,69,O,16,0.0005333155561481284
ARG,112,NH1,GLY,108,O,16,0.0005333155561481284
LYS,234,NZ,GLY,110,O,16,0.0005333155561481284
GLU,254,N,GLU,254,OE1,16,0.0005333155561481284
THR,278,N,THR,275,O,16,0.0005333155561481284
ARG,295,NH1,HIE,291,ND1,16,0.0005333155561481284
TYR,320,OH,VAL,292,O,16,0.0005333155561481284
GLN,345,NE2,HIE,346,NE2,16,0.0005333155561481284
HIP,384,NE2,GLU,375,OE2,16,0.0005333155561481284
LYS,451,NZ,ASP,333,N,16,0.0005333155561481284
SER,68,OG,PHE,67,O,15,0.0004999833338888704
ARG,92,N,ASN,89,O,15,0.0004999833338888704
VAL,101,N,ARG,98,O,15,0.0004999833338888704
ARG,117,NE,GLU,120,OE1,15,0.0004999833338888704
GLN,123,NE2,GLN,119,NE2,15,0.0004999833338888704
GLN,123,NE2,GLU,120,OE1,15,0.0004999833338888704
ARG,130,NH1,ASN,428,O,15,0.0004999833338888704
SER,145,N,LEU,142,O,15,0.0004999833338888704
GLY,194,N,LEU,191,O,15,0.0004999833338888704
HIE,219,NE2,GLU,166,OE2,15,0.0004999833338888704
GLN,258,N,GLN,258,NE2,15,0.0004999833338888704
GLY,305,N,GLU,301,O,15,0.0004999833338888704
ARG,315,NH2,TYR,326,OH,15,0.0004999833338888704
LYS,405,NZ,VAL,61,O,15,0.0004999833338888704
ALA,414,N,GLU,411,O,15,0.0004999833338888704
GLN,457,NE2,LEU,136,O,15,0.0004999833338888704
ARG,463,NH1,GLN,427,O,15,0.0004999833338888704
ARG,7,NE,ARG,7,O,14,0.00046665111162961235
ARG,29,NH2,ARG,21,NH2,14,0.00046665111162961235
ARG,31,NH1,THR,366,O,14,0.00046665111162961235
ASP,36,N,ARG,350,NH1,14,0.00046665111162961235
ILE,56,N,VAL,53,O,14,0.00046665111162961235
ASN,89,ND2,PHE,67,O,14,0.00046665111162961235
THR,227,OG1,GLU,226,OE1,14,0.00046665111162961235
LYS,234,N,ALA,232,O,14,0.00046665111162961235
HID,243,ND1,HID,243,O,14,0.00046665111162961235
HIE,252,NE2,ASN,91,OD1,14,0.00046665111162961235
ARG,308,N,ILE,304,O,14,0.00046665111162961235
ARG,308,NE,ASP,314,OD1,14,0.00046665111162961235
PHE,398,N,THR,395,OG1,14,0.00046665111162961235
SER,402,N,PRO,400,O,14,0.00046665111162961235
ARG,415,N,ILE,413,O,14,0.00046665111162961235
THR,443,N,ASP,441,O,14,0.00046665111162961235
ARG,463,NH1,SER,430,OG,14,0.00046665111162961235
ARG,45,NH1,PRO,46,O,13,0.0004333188893703543
ASN,91,ND2,HIE,252,O,13,0.0004333188893703543
LYS,94,NZ,GLY,90,O,13,0.0004333188893703543
ARG,98,NH1,LYS,94,O,13,0.0004333188893703543
LYS,111,NZ,ARG,105,O,13,0.0004333188893703543
ARG,130,NH2,ASN,428,O,13,0.0004333188893703543
LYS,208,NZ,LYS,208,O,13,0.0004333188893703543
LYS,248,N,LYS,246,O,13,0.0004333188893703543
SER,249,OG,GLU,245,O,13,0.0004333188893703543
GLN,258,NE2,ARG,81,NH2,13,0.0004333188893703543
GLU,273,N,ALA,270,O,13,0.0004333188893703543
THR,275,N,THR,272,O,13,0.0004333188893703543
ARG,280,NH2,ASP,138,OD2,13,0.0004333188893703543
MET,286,N,PHE,283,O,13,0.0004333188893703543
ARG,315,NH2,GLU,115,OE2,13,0.0004333188893703543
ASN,389,ND2,ALA,388,O,13,0.0004333188893703543
ARG,7,NE,PRO,8,O,12,0.0003999866671110963
ALA,55,N,ARG,350,NH2,12,0.0003999866671110963
LYS,63,NZ,ASP,62,O,12,0.0003999866671110963
ARG,70,NE,VAL,339,O,12,0.0003999866671110963
ARG,105,NE,GLU,411,OE2,12,0.0003999866671110963
PHE,107,N,MET,104,O,12,0.0003999866671110963
ARG,117,NH2,GLU,120,OE1,12,0.0003999866671110963
GLN,176,NE2,ASN,172,ND2,12,0.0003999866671110963
SER,179,N,GLN,176,O,12,0.0003999866671110963
SER,179,OG,GLN,176,OE1,12,0.0003999866671110963
ARG,204,NE,TYR,198,O,12,0.0003999866671110963
ARG,204,NH2,LEU,196,O,12,0.0003999866671110963
TYR,216,OH,GLU,212,OE1,12,0.0003999866671110963
TYR,240,OH,ASN,259,ND2,12,0.0003999866671110963
SER,249,N,GLU,247,O,12,0.0003999866671110963
SER,256,OG,TYR,83,OH,12,0.0003999866671110963
HIE,257,N,HIE,257,ND1,12,0.0003999866671110963
ARG,295,NH1,GLU,299,OE2,12,0.0003999866671110963
ARG,298,NE,GLN,302,OE1,12,0.0003999866671110963
HIE,313,NE2,GLU,115,OE2,12,0.0003999866671110963
THR,347,N,GLN,345,O,12,0.0003999866671110963
GLY,351,N,PHE,349,O,12,0.0003999866671110963
SER,402,OG,LEU,403,O,12,0.0003999866671110963
GLY,450,N,GLY,448,O,12,0.0003999866671110963
ARG,31,N,LEU,28,O,11,0.00036665444485183826
ARG,81,N,VAL,76,O,11,0.00036665444485183826
GLY,82,N,PHE,80,O,11,0.00036665444485183826
VAL,155,N,CYS,152,O,11,0.00036665444485183826
TYR,207,OH,GLN,211,NE2,11,0.00036665444485183826
LYS,208,NZ,GLN,205,NE2,11,0.00036665444485183826
THR,227,OG1,GLU,226,OE2,11,0.00036665444485183826
LYS,246,NZ,ASN,250,OD1,11,0.00036665444485183826
GLN,258,NE2,HIE,257,NE2,11,0.00036665444485183826
LEU,279,N,SER,276,O,11,0.00036665444485183826
HIE,313,N,GLU,311,OE2,11,0.00036665444485183826
ARG,315,NH1,HIE,313,ND1,11,0.00036665444485183826
GLN,329,NE2,PRO,400,O,11,0.00036665444485183826
ASP,333,N,ASP,333,OD1,11,0.00036665444485183826
ASP,357,N,THR,344,O,11,0.00036665444485183826
THR,358,N,LYS,356,O,11,0.00036665444485183826
ARG,415,NH2,GLU,417,OE1,11,0.00036665444485183826
SER,430,OG,GLU,294,OE1,11,0.00036665444485183826
LEU,442,N,ASP,441,OD1,11,0.00036665444485183826
GLN,457,NE2,SER,433,OG,11,0.00036665444485183826
LYS,25,NZ,GLU,446,OE2,10,0.00033332222259258026
LYS,63,NZ,GLU,65,OE2,10,0.00033332222259258026
GLU,65,N,ASP,62,O,10,0.00033332222259258026
ARG,81,NH1,ASP,77,O,10,0.00033332222259258026
ARG,98,NE,LYS,94,O,10,0.00033332222259258026
ARG,117,NH1,ARG,117,O,10,0.00033332222259258026
ARG,159,NE,ARG,117,NH2,10,0.00033332222259258026
LYS,169,NZ,LYS,169,O,10,0.00033332222259258026
PHE,174,N,LEU,171,O,10,0.00033332222259258026
TYR,198,N,LEU,196,O,10,0.00033332222259258026
LYS,234,NZ,ASP,235,OD1,10,0.00033332222259258026
LYS,248,NZ,HIE,257,ND1,10,0.00033332222259258026
ARG,295,NH2,HIE,291,ND1,10,0.00033332222259258026
ASN,381,ND2,HIP,384,NE2,10,0.00033332222259258026
ASN,389,ND2,ASN,389,O,10,0.00033332222259258026
SER,430,N,PRO,462,O,10,0.00033332222259258026
SER,433,OG,ALA,432,O,10,0.00033332222259258026
LYS,25,NZ,CYS,447,O,9,0.0002999900003333222
ARG,92,NH1,ARG,81,O,9,0.0002999900003333222
ARG,92,NH2,TYR,83,OH,9,0.0002999900003333222
ARG,105,NE,VAL,101,O,9,0.0002999900003333222
ARG,105,NH1,MET,104,O,9,0.0002999900003333222
GLY,108,N,ASP,106,OD1,9,0.0002999900003333222
SER,113,OG,ARG,105,NH1,9,0.0002999900003333222
ARG,117,NE,SER,153,O,9,0.0002999900003333222
GLU,120,N,GLU,120,OE1,9,0.0002999900003333222
LYS,131,NZ,GLN,163,OE1,9,0.0002999900003333222
ASN,149,ND2,ILE,146,O,9,0.0002999900003333222
ASN,149,ND2,ARG,159,NE,9,0.0002999900003333222
LYS,197,NZ,SER,193,OG,9,0.0002999900003333222
PHE,199,N,LYS,197,O,9,0.0002999900003333222
ASN,209,ND2,GLN,176,O,9,0.0002999900003333222
GLN,211,N,LYS,208,O,9,0.0002999900003333222
LYS,223,NZ,GLU,166,OE1,9,0.0002999900003333222
LYS,223,NZ,HIE,219,NE2,9,0.0002999900003333222
THR,239,OG1,PRO,233,O,9,0.0002999900003333222
MET,244,N,LEU,241,O,9,0.0002999900003333222
ASN,250,ND2,SER,249,OG,9,0.0002999900003333222
SER,253,OG,ASN,250,O,9,0.0002999900003333222
GLN,258,NE2,PHE,79,O,9,0.0002999900003333222
SER,266,N,ASN,263,O,9,0.0002999900003333222
THR,300,N,TYR,297,O,9,0.0002999900003333222
THR,321,OG1,MET,318,O,9,0.0002999900003333222
ILE,342,N,PHE,67,O,9,0.0002999900003333222
ARG,350,NH2,ALA,55,N,9,0.0002999900003333222
LYS,376,NZ,ASN,381,OD1,9,0.0002999900003333222
SER,402,OG,SER,402,O,9,0.0002999900003333222
SER,402,OG,HM1,464,O2A,9,0.0002999900003333222
ARG,463,NE,SER,430,OG,9,0.0002999900003333222
ASN,14,ND2,ARG,7,O,8,0.0002666577780740642
GLY,22,N,ARG,20,O,8,0.0002666577780740642
LEU,23,N,CYS,447,O,8,0.0002666577780740642
ARG,70,NH2,HID,341,ND1,8,0.0002666577780740642
ILE,73,N,ASP,77,OD2,8,0.0002666577780740642
LYS,94,NZ,GLU,65,OE2,8,0.0002666577780740642
ARG,98,NH1,GLU,247,OE2,8,0.0002666577780740642
GLY,110,N,PHE,107,O,8,0.0002666577780740642
GLY,110,N,GLY,108,O,8,0.0002666577780740642
GLU,116,N,GLU,116,OE2,8,0.0002666577780740642
GLN,119,NE2,GLU,115,OE2,8,0.0002666577780740642
GLN,165,NE2,ASP,164,OD1,8,0.0002666577780740642
TYR,175,OH,GLN,445,NE2,8,0.0002666577780740642
ASN,214,ND2,GLN,258,NE2,8,0.0002666577780740642
GLU,222,N,HIE,219,O,8,0.0002666577780740642
ARG,225,NE,GLU,226,OE2,8,0.0002666577780740642
THR,227,OG1,THR,227,O,8,0.0002666577780740642
LYS,234,NZ,HIP,224,O,8,0.0002666577780740642
LYS,234,NZ,ASP,235,OD2,8,0.0002666577780740642
ASN,250,ND2,SER,253,OG,8,0.0002666577780740642
ASN,263,N,LEU,260,O,8,0.0002666577780740642
ARG,295,NE,TYR,320,OH,8,0.0002666577780740642
ARG,295,NH1,HIE,291,O,8,0.0002666577780740642
ARG,308,NH2,PRO,309,O,8,0.0002666577780740642
HIE,313,NE2,GLU,115,OE1,8,0.0002666577780740642
TYR,326,N,ALA,323,O,8,0.0002666577780740642
VAL,339,N,HM1,464,O1A,8,0.0002666577780740642
HIE,346,N,GLN,345,NE2,8,0.0002666577780740642
PHE,349,N,THR,347,O,8,0.0002666577780740642
ARG,415,NH2,GLU,322,OE1,8,0.0002666577780740642
ASN,428,ND2,ASN,428,O,8,0.0002666577780740642
LYS,451,NZ,SER,332,O,8,0.0002666577780740642
THR,455,OG1,THR,140,OG1,8,0.0002666577780740642
ARG,7,NE,GLY,5,O,7,0.00023332555581480617
GLY,13,N,LEU,11,O,7,0.00023332555581480617
ALA,64,N,GLU,65,OE2,7,0.00023332555581480617
SER,68,OG,SER,68,O,7,0.00023332555581480617
ARG,117,NH1,SER,153,OG,7,0.00023332555581480617
GLN,119,NE2,GLU,120,OE1,7,0.00023332555581480617
GLN,119,NE2,PHE,421,N,7,0.00023332555581480617
GLN,123,NE2,GLU,120,OE2,7,0.00023332555581480617
ARG,130,NH2,GLN,123,OE1,7,0.00023332555581480617
SER,153,OG,ARG,159,N,7,0.00023332555581480617
ARG,159,NE,PHE,160,O,7,0.00023332555581480617
TYR,162,OH,LEU,125,N,7,0.00023332555581480617
GLY,194,N,GLU,190,O,7,0.00023332555581480617
ARG,204,NE,HIE,203,NE2,7,0.00023332555581480617
GLN,211,NE2,LYS,208,O,7,0.00023332555581480617
ASN,214,ND2,ASN,261,O,7,0.00023332555581480617
HIE,219,NE2,GLU,166,OE1,7,0.00023332555581480617
LYS,246,NZ,SER,249,OG,7,0.00023332555581480617
PHE,255,N,GLU,247,OE1,7,0.00023332555581480617
LYS,288,NZ,LYS,288,O,7,0.00023332555581480617
THR,344,OG1,SER,68,O,7,0.00023332555581480617
ARG,350,NH1,ARG,350,O,7,0.00023332555581480617
GLY,351,N,SER,348,OG,7,0.00023332555581480617
GLY,404,N,SER,402,O,7,0.00023332555581480617
GLN,445,NE2,SER,179,OG,7,0.00023332555581480617
THR,455,OG1,ASP,138,OD1,7,0.00023332555581480617
GLN,457,N,GLN,457,OE1,7,0.00023332555581480617
GLN,457,NE2,THR,455,OG1,7,0.00023332555581480617
ARG,463,NH1,ALA,293,O,7,0.00023332555581480617
ARG,1,NH2,PRO,3,O,6,0.00019999333355554815
ARG,1,NH2,HIE,346,ND1,6,0.00019999333355554815
ARG,20,NE,MET,18,O,6,0.00019999333355554815
LYS,25,NZ,ARG,21,NH1,6,0.00019999333355554815
ARG,29,NH2,MET,18,O,6,0.00019999333355554815
ARG,31,NE,LEU,28,O,6,0.00019999333355554815
ARG,31,NE,ARG,31,O,6,0.00019999333355554815
LEU,96,N,TRP,93,O,6,0.00019999333355554815
ARG,98,NH2,GLU,247,OE2,6,0.00019999333355554815
GLU,116,N,GLU,115,OE1,6,0.00019999333355554815
ARG,130,NE,ASN,428,OD1,6,0.00019999333355554815
SER,132,OG,PHE,460,O,6,0.00019999333355554815
GLN,144,NE2,ARG,280,NH1,6,0.00019999333355554815
LYS,158,NZ,GLY,157,O,6,0.00019999333355554815
ARG,159,NE,ASN,149,OD1,6,0.00019999333355554815
GLN,165,NE2,TYR,162,O,6,0.00019999333355554815
LEU,171,N,LEU,168,O,6,0.00019999333355554815
ASN,172,ND2,LYS,169,O,6,0.00019999333355554815
PHE,178,N,TYR,175,O,6,0.00019999333355554815
THR,227,OG1,ASP,238,OD1,6,0.00019999333355554815
ASN,250,ND2,SER,249,O,6,0.00019999333355554815
HIE,252,NE2,TYR,83,OH,6,0.00019999333355554815
SER,253,N,ALA,251,O,6,0.00019999333355554815
GLU,254,N,GLU,247,OE2,6,0.00019999333355554815
SER,256,OG,GLN,258,NE2,6,0.00019999333355554815
THR,264,N,ASN,261,O,6,0.00019999333355554815
ARG,280,NH1,SER,276,O,6,0.00019999333355554815
ARG,280,NH1,GLN,445,OE1,6,0.00019999333355554815
ARG,280,NH2,PRO,453,O,6,0.00019999333355554815
VAL,296,N,ALA,293,O,6,0.00019999333355554815
TYR,297,N,GLU,294,O,6,0.00019999333355554815
HIE,307,NE2,ILE,304,O,6,0.00019999333355554815
ARG,315,NE,GLU,417,OE2,6,0.00019999333355554815
ARG,315,NH2,LEU,312,O,6,0.00019999333355554815
LYS,317,NZ,GLN,302,OE1,6,0.00019999333355554815
GLY,338,N,VAL,449,O,6,0.00019999333355554815
HID,341,ND1,VAL,360,O,6,0.00019999333355554815
LYS,356,NZ,GLN,345,NE2,6,0.00019999333355554815
ALA,391,N,ASN,389,ND2,6,0.00019999333355554815
LYS,394,NZ,THR,395,O,6,0.00019999333355554815
ARG,415,NH1,TYR,326,OH,6,0.00019999333355554815
ARG,415,NH2,GLU,322,OE2,6,0.00019999333355554815
SER,430,OG,ARG,463,NH2,6,0.00019999333355554815
ARG,463,NH2,ALA,293,O,6,0.00019999333355554815
ARG,463,NH2,ARG,463,O,6,0.00019999333355554815
ARG,1,NH2,ARG,350,O,5,0.00016666111129629013
ASN,14,ND2,GLY,13,O,5,0.00016666111129629013
ARG,29,NH1,SER,26,OG,5,0.00016666111129629013
LYS,94,NZ,GLU,65,OE1,5,0.00016666111129629013
ARG,97,NH1,GLU,411,OE2,5,0.00016666111129629013
ARG,98,NH2,ASP,106,OD2,5,0.00016666111129629013
ARG,98,NH2,GLU,247,OE1,5,0.00016666111129629013
SER,100,N,ARG,97,O,5,0.00016666111129629013
ARG,105,NH1,ARG,105,O,5,0.00016666111129629013
ARG,112,NH2,MET,109,O,5,0.00016666111129629013
SER,145,OG,TYR,162,O,5,0.00016666111129629013
ARG,159,NH1,PHE,160,O,5,0.00016666111129629013
GLN,176,NE2,THR,177,OG1,5,0.00016666111129629013
ILE,181,N,PHE,178,O,5,0.00016666111129629013
LYS,197,NZ,LYS,197,O,5,0.00016666111129629013
ASN,209,ND2,VAL,206,O,5,0.00016666111129629013
ILE,217,N,ASN,214,O,5,0.00016666111129629013
VAL,221,N,GLY,218,O,5,0.00016666111129629013
LYS,234,NZ,PRO,233,O,5,0.00016666111129629013
LEU,241,N,ASP,238,O,5,0.00016666111129629013
SER,249,OG,SER,249,O,5,0.00016666111129629013
ASN,250,N,LYS,246,O,5,0.00016666111129629013
ALA,251,N,SER,249,O,5,0.00016666111129629013
GLU,254,N,GLU,247,OE1,5,0.00016666111129629013
PHE,255,N,GLU,247,OE2,5,0.00016666111129629013
SER,276,OG,GLU,273,O,5,0.00016666111129629013
ARG,280,NH1,GLN,445,NE2,5,0.00016666111129629013
TYR,281,N,THR,278,O,5,0.00016666111129629013
TYR,297,OH,ARG,463,OXT,5,0.00016666111129629013
ARG,308,NE,GLU,311,OE2,5,0.00016666111129629013
ALA,316,N,ASP,314,O,5,0.00016666111129629013
GLN,329,NE2,SER,332,OG,5,0.00016666111129629013
ASP,333,N,ASP,333,OD2,5,0.00016666111129629013
MET,337,N,GLY,448,O,5,0.00016666111129629013
THR,344,N,ILE,342,O,5,0.00016666111129629013
THR,347,OG1,THR,347,O,5,0.00016666111129629013
TYR,373,OH,GLU,54,OE1,5,0.00016666111129629013
TYR,373,OH,GLU,54,OE2,5,0.00016666111129629013
ASP,378,N,ASP,378,OD1,5,0.00016666111129629013
LYS,393,N,ALA,391,O,5,0.00016666111129629013
SER,402,OG,CM1,408,N,5,0.00016666111129629013
LEU,403,N,HM1,464,O1A,5,0.00016666111129629013
LEU,418,N,ARG,415,O,5,0.00016666111129629013
THR,424,N,PHE,421,O,5,0.00016666111129629013
SER,430,OG,GLU,294,OE2,5,0.00016666111129629013
SER,430,OG,ARG,463,OXT,5,0.00016666111129629013
CYS,447,N,SER,182,O,5,0.00016666111129629013
VAL,449,N,GLY,450,O,5,0.00016666111129629013
PHE,460,N,ALA,135,O,5,0.00016666111129629013
ARG,463,NH2,ARG,463,OXT,5,0.00016666111129629013
ARG,1,NH2,TYR,352,OH,4,0.0001333288890370321
GLY,22,N,ASP,19,OD1,4,0.0001333288890370321
ARG,29,NH1,ARG,29,O,4,0.0001333288890370321
LYS,33,NZ,GLU,32,O,4,0.0001333288890370321
THR,39,N,PRO,3,O,4,0.0001333288890370321
ARG,57,NE,GLU,58,OE1,4,0.0001333288890370321
GLU,65,N,LYS,63,O,4,0.0001333288890370321
SER,68,OG,ALA,66,O,4,0.0001333288890370321
ASP,77,N,ALA,74,O,4,0.0001333288890370321
ARG,81,NE,ARG,81,O,4,0.0001333288890370321
GLY,90,N,ASN,89,ND2,4,0.0001333288890370321
VAL,95,N,ARG,92,O,4,0.0001333288890370321
ARG,97,NH1,SER,100,OG,4,0.0001333288890370321
ARG,98,NH1,ASN,91,OD1,4,0.0001333288890370321
ARG,105,N,ASP,106,OD2,4,0.0001333288890370321
GLU,120,N,GLU,120,OE2,4,0.0001333288890370321
GLN,123,N,GLN,123,NE2,4,0.0001333288890370321
ARG,130,NH2,GLN,123,NE2,4,0.0001333288890370321
LYS,131,NZ,GLN,163,NE2,4,0.0001333288890370321
SER,132,OG,SER,132,O,4,0.0001333288890370321
LYS,133,NZ,LYS,133,O,4,0.0001333288890370321
ARG,159,NE,ARG,117,NH1,4,0.0001333288890370321
ARG,159,NH1,GLU,120,O,4,0.0001333288890370321
TYR,162,N,HIE,161,NE2,4,0.0001333288890370321
TYR,162,OH,GLU,128,OE2,4,0.0001333288890370321
TYR,162,OH,SER,145,O,4,0.0001333288890370321
GLN,163,NE2,HIE,161,NE2,4,0.0001333288890370321
GLN,163,NE2,GLN,165,OE1,4,0.0001333288890370321
LYS,169,NZ,TYR,216,OH,4,0.0001333288890370321
GLN,176,NE2,LEU,173,O,4,0.0001333288890370321
GLN,187,NE2,GLU,446,OE1,4,0.0001333288890370321
GLY,201,N,GLN,205,OE1,4,0.0001333288890370321
TYR,207,N,ARG,204,O,4,0.0001333288890370321
LYS,208,N,GLN,205,O,4,0.0001333288890370321
LYS,208,NZ,ARG,204,O,4,0.0001333288890370321
ASN,209,ND2,THR,177,N,4,0.0001333288890370321
LEU,210,N,TYR,207,O,4,0.0001333288890370321
TYR,216,OH,GLU,212,OE2,4,0.0001333288890370321
LYS,246,NZ,HID,243,ND1,4,0.0001333288890370321
LYS,246,NZ,LYS,246,O,4,0.0001333288890370321
SER,249,N,GLU,245,O,4,0.0001333288890370321
ASN,250,ND2,HIE,252,NE2,4,0.0001333288890370321
ASN,259,ND2,ARG,92,NH2,4,0.0001333288890370321
ASN,263,ND2,ASN,263,O,4,0.0001333288890370321
THR,274,OG1,GLY,271,O,4,0.0001333288890370321
THR,277,N,THR,274,O,4,0.0001333288890370321
ARG,280,NH1,PRO,453,O,4,0.0001333288890370321
GLN,302,NE2,GLU,299,O,4,0.0001333288890370321
ARG,308,N,GLN,427,OE1,4,0.0001333288890370321
ARG,308,NE,PRO,309,O,4,0.0001333288890370321
HIE,313,NE2,ARG,308,NH2,4,0.0001333288890370321
VAL,324,N,THR,321,O,4,0.0001333288890370321
GLN,329,N,TYR,326,O,4,0.0001333288890370321
GLN,345,NE2,ALA,66,N,4,0.0001333288890370321
GLU,359,N,GLU,359,OE1,4,0.0001333288890370321
ASP,378,N,ASP,378,OD2,4,0.0001333288890370321
ALA,379,N,ASP,378,OD1,4,0.0001333288890370321
ASN,381,ND2,GLU,375,O,4,0.0001333288890370321
ASP,387,N,LEU,392,N,4,0.0001333288890370321
SER,402,OG,ILE,407,N,4,0.0001333288890370321
THR,423,OG1,LEU,420,O,4,0.0001333288890370321
SER,430,OG,MET,431,O,4,0.0001333288890370321
ARG,459,NH2,SER,433,O,4,0.0001333288890370321
ASP,19,N,GLN,17,O,3,9.999666677777408e-05
ARG,20,NE,LEU,15,O,3,9.999666677777408e-05
ARG,20,NH1,LEU,16,O,3,9.999666677777408e-05
GLY,22,N,ASP,19,OD2,3,9.999666677777408e-05
SER,26,OG,SER,26,O,3,9.999666677777408e-05
PHE,27,N,LEU,24,O,3,9.999666677777408e-05
ASP,36,N,ARG,350,NH2,3,9.999666677777408e-05
ARG,45,NE,LEU,42,O,3,9.999666677777408e-05
ARG,57,N,GLU,54,O,3,9.999666677777408e-05
ARG,57,NE,VAL,53,O,3,9.999666677777408e-05
ARG,57,NH1,GLU,54,OE2,3,9.999666677777408e-05
SER,68,OG,GLN,345,OE1,3,9.999666677777408e-05
GLY,69,N,ASN,89,OD1,3,9.999666677777408e-05
TYR,83,OH,GLN,258,NE2,3,9.999666677777408e-05
ARG,92,NE,GLY,82,O,3,9.999666677777408e-05
ARG,98,NH1,ARG,98,O,3,9.999666677777408e-05
ARG,98,NH1,GLU,247,OE1,3,9.999666677777408e-05
ARG,105,NE,GLU,411,OE1,3,9.999666677777408e-05
PHE,107,N,THR,102,O,3,9.999666677777408e-05
GLU,116,N,GLU,116,OE1,3,9.999666677777408e-05
GLN,119,NE2,GLU,115,OE1,3,9.999666677777408e-05
LEU,129,N,ILE,126,O,3,9.999666677777408e-05
TYR,162,OH,ARG,159,NH2,3,9.999666677777408e-05
GLN,165,N,ASP,164,OD1,3,9.999666677777408e-05
GLN,165,NE2,ASP,164,OD2,3,9.999666677777408e-05
GLU,166,N,GLN,165,NE2,3,9.999666677777408e-05
LYS,169,N,ASP,164,O,3,9.999666677777408e-05
LYS,169,NZ,GLU,212,O,3,9.999666677777408e-05
SER,179,OG,GLN,445,OE1,3,9.999666677777408e-05
SER,193,N,LEU,191,O,3,9.999666677777408e-05
LYS,197,NZ,PHE,195,O,3,9.999666677777408e-05
GLY,201,N,HIE,203,ND1,3,9.999666677777408e-05
GLN,205,NE2,GLN,176,NE2,3,9.999666677777408e-05
LYS,208,NZ,TYR,207,OH,3,9.999666677777408e-05
LYS,208,NZ,GLN,211,NE2,3,9.999666677777408e-05
TYR,216,OH,ASP,164,OD1,3,9.999666677777408e-05
GLY,218,N,ALA,215,O,3,9.999666677777408e-05
HIE,219,N,ASN,214,O,3,9.999666677777408e-05
LYS,223,NZ,LYS,223,O,3,9.999666677777408e-05
ARG,225,NH1,HIE,257,NE2,3,9.999666677777408e-05
ARG,225,NH2,HIE,257,NE2,3,9.999666677777408e-05
ASP,229,N,ASP,238,OD2,3,9.999666677777408e-05
LYS,234,N,PHE,107,O,3,9.999666677777408e-05
THR,239,OG1,LYS,234,O,3,9.999666677777408e-05
SER,249,OG,ASN,250,ND2,3,9.999666677777408e-05
PHE,255,N,SER,253,O,3,9.999666677777408e-05
HIE,257,NE2,ASN,261,OD1,3,9.999666677777408e-05
ASN,261,ND2,GLN,258,O,3,9.999666677777408e-05
PHE,269,N,SER,266,O,3,9.999666677777408e-05
ARG,280,NH1,THR,140,OG1,3,9.999666677777408e-05
LEU,285,N,GLY,282,O,3,9.999666677777408e-05
TYR,289,OH,PHE,380,O,3,9.999666677777408e-05
ARG,295,NE,HIE,291,ND1,3,9.999666677777408e-05
ARG,295,NH2,HIE,291,O,3,9.999666677777408e-05
ARG,298,N,ARG,295,O,3,9.999666677777408e-05
GLN,302,NE2,ARG,298,NH1,3,9.999666677777408e-05
ARG,308,NE,GLU,311,OE1,3,9.999666677777408e-05
ILE,328,N,ILE,325,O,3,9.999666677777408e-05
ARG,350,N,ARG,350,NH2,3,9.999666677777408e-05
HID,369,ND1,SER,365,OG,3,9.999666677777408e-05
HIE,372,N,HIE,372,ND1,3,9.999666677777408e-05
LYS,393,NZ,ALA,391,O,3,9.999666677777408e-05
LYS,394,NZ,LYS,394,O,3,9.999666677777408e-05
PHE,398,N,GLU,396,O,3,9.999666677777408e-05
GLN,427,NE2,PRO,306,O,3,9.999666677777408e-05
ASN,428,ND2,GLN,427,O,3,9.999666677777408e-05
TYR,456,OH,LEU,284,N,3,9.999666677777408e-05
ARG,459,NE,ALA,135,O,3,9.999666677777408e-05
ARG,459,NE,SER,433,O,3,9.999666677777408e-05
GLN,17,NE2,ARG,7,N,2,6.666444451851606e-05
ARG,20,NH2,LEU,16,O,2,6.666444451851606e-05
ARG,21,NE,ARG,21,O,2,6.666444451851606e-05
ARG,21,NH2,THR,443,OG1,2,6.666444451851606e-05
ARG,29,NE,ARG,21,NH2,2,6.666444451851606e-05
ARG,29,NE,LEU,28,O,2,6.666444451851606e-05
ARG,29,NH2,ASP,19,N,2,6.666444451851606e-05
ARG,31,NE,ASP,36,N,2,6.666444451851606e-05
VAL,37,N,GLY,35,O,2,6.666444451851606e-05
GLY,52,N,ILE,363,O,2,6.666444451851606e-05
GLU,54,N,GLU,54,OE1,2,6.666444451851606e-05
GLU,54,N,GLU,54,OE2,2,6.666444451851606e-05
ARG,57,NH1,GLU,58,OE2,2,6.666444451851606e-05
ASP,62,N,ALA,59,O,2,6.666444451851606e-05
ALA,64,N,LEU,60,O,2,6.666444451851606e-05
ALA,64,N,GLU,65,OE1,2,6.666444451851606e-05
ALA,66,N,ALA,64,O,2,6.666444451851606e-05
GLY,69,N,ALA,66,O,2,6.666444451851606e-05
ASP,77,N,GLY,71,O,2,6.666444451851606e-05
ARG,81,NE,GLN,258,NE2,2,6.666444451851606e-05
ARG,81,NH1,TYR,198,OH,2,6.666444451851606e-05
TYR,83,OH,SER,253,O,2,6.666444451851606e-05
ARG,92,N,ASN,89,ND2,2,6.666444451851606e-05
ARG,92,NH2,GLY,82,O,2,6.666444451851606e-05
ARG,97,NE,LYS,94,O,2,6.666444451851606e-05
ARG,98,N,VAL,95,O,2,6.666444451851606e-05
THR,102,OG1,ASP,106,O,2,6.666444451851606e-05
ARG,105,NH2,THR,102,OG1,2,6.666444451851606e-05
MET,109,N,PRO,233,O,2,6.666444451851606e-05
GLY,110,N,ARG,112,NH2,2,6.666444451851606e-05
LYS,111,NZ,GLY,110,O,2,6.666444451851606e-05
ARG,112,NE,MET,109,O,2,6.666444451851606e-05
VAL,114,N,ARG,105,NH2,2,6.666444451851606e-05
GLU,116,N,GLU,115,OE2,2,6.666444451851606e-05
ARG,117,NH2,ASN,149,ND2,2,6.666444451851606e-05
GLN,123,N,GLN,123,OE1,2,6.666444451851606e-05
ARG,130,NH1,GLN,123,OE1,2,6.666444451851606e-05
SER,132,OG,LYS,131,O,2,6.666444451851606e-05
MET,137,N,ALA,135,O,2,6.666444451851606e-05
THR,140,OG1,GLN,144,OE1,2,6.666444451851606e-05
GLN,144,NE2,GLN,144,O,2,6.666444451851606e-05
CYS,152,N,ASN,149,O,2,6.666444451851606e-05
LYS,158,NZ,SER,220,OG,2,6.666444451851606e-05
THR,177,OG1,PHE,174,O,2,6.666444451851606e-05
SER,193,OG,LEU,42,O,2,6.666444451851606e-05
TYR,198,OH,PRO,78,O,2,6.666444451851606e-05
TYR,198,OH,PHE,195,O,2,6.666444451851606e-05
PHE,199,N,PHE,195,O,2,6.666444451851606e-05
ARG,204,NH1,ARG,204,O,2,6.666444451851606e-05
SER,220,OG,PHE,156,O,2,6.666444451851606e-05
SER,220,OG,TYR,216,OH,2,6.666444451851606e-05
ARG,225,NH1,ARG,225,O,2,6.666444451851606e-05
LYS,234,NZ,LEU,228,N,2,6.666444451851606e-05
LEU,236,N,LYS,111,NZ,2,6.666444451851606e-05
LYS,248,NZ,LYS,248,O,2,6.666444451851606e-05
LYS,248,NZ,SER,249,OG,2,6.666444451851606e-05
SER,249,N,ASN,250,OD1,2,6.666444451851606e-05
SER,249,OG,LYS,248,O,2,6.666444451851606e-05
HIE,252,N,HIE,252,ND1,2,6.666444451851606e-05
SER,253,OG,HIE,252,O,2,6.666444451851606e-05
SER,256,N,SER,253,O,2,6.666444451851606e-05
HIE,257,NE2,VAL,221,O,2,6.666444451851606e-05
ASN,261,ND2,GLN,258,NE2,2,6.666444451851606e-05
ASN,263,N,GLN,258,O,2,6.666444451851606e-05
THR,272,OG1,THR,147,OG1,2,6.666444451851606e-05
ARG,280,NH1,PRO,139,O,2,6.666444451851606e-05
ARG,280,NH1,GLN,144,OE1,2,6.666444451851606e-05
ARG,280,NH2,THR,277,OG1,2,6.666444451851606e-05
LEU,284,N,TYR,456,OH,2,6.666444451851606e-05
ARG,295,NH2,VAL,292,N,2,6.666444451851606e-05
ARG,295,NH2,TYR,320,OH,2,6.666444451851606e-05
ARG,298,NE,GLU,294,O,2,6.666444451851606e-05
ARG,298,NH1,TYR,297,OH,2,6.666444451851606e-05
GLN,302,NE2,GLU,301,O,2,6.666444451851606e-05
GLU,311,N,GLU,311,OE2,2,6.666444451851606e-05
ASP,314,N,ASP,314,OD1,2,6.666444451851606e-05
ARG,315,NH1,GLU,115,OE1,2,6.666444451851606e-05
LYS,317,N,ARG,315,O,2,6.666444451851606e-05
TYR,326,OH,LYS,393,O,2,6.666444451851606e-05
GLU,327,N,VAL,324,O,2,6.666444451851606e-05
ARG,330,NH2,ALA,379,O,2,6.666444451851606e-05
ASP,333,N,GLN,329,O,2,6.666444451851606e-05
ARG,350,NH2,TYR,352,OH,2,6.666444451851606e-05
GLU,359,N,GLU,359,OE2,2,6.666444451851606e-05
HID,369,N,ALA,367,O,2,6.666444451851606e-05
HID,369,ND1,ARG,330,NH1,2,6.666444451851606e-05
HIE,372,NE2,ASP,36,OD2,2,6.666444451851606e-05
HIE,372,NE2,TYR,373,OH,2,6.666444451851606e-05
GLU,375,N,TYR,373,O,2,6.666444451851606e-05
HIP,384,N,ASN,381,OD1,2,6.666444451851606e-05
LYS,393,NZ,PHE,385,O,2,6.666444451851606e-05
LYS,394,NZ,LYS,393,O,2,6.666444451851606e-05
ALA,397,N,GLU,396,OE2,2,6.666444451851606e-05
LEU,403,N,SER,402,OG,2,6.666444451851606e-05
LEU,403,N,ARG,406,O,2,6.666444451851606e-05
LEU,403,N,HM1,464,O2A,2,6.666444451851606e-05
ARG,406,NH2,HID,341,NE2,2,6.666444451851606e-05
ASN,428,ND2,HIE,307,O,2,6.666444451851606e-05
SER,430,OG,PHE,429,O,2,6.666444451851606e-05
SER,430,OG,ARG,463,NH1,2,6.666444451851606e-05
SER,433,OG,GLN,457,OE1,2,6.666444451851606e-05
GLN,445,NE2,THR,455,N,2,6.666444451851606e-05
GLY,450,N,GLN,187,NE2,2,6.666444451851606e-05
ILE,458,N,TYR,456,O,2,6.666444451851606e-05
ARG,459,NH1,SER,433,O,2,6.666444451851606e-05
ARG,1,N,GLY,351,O,1,3.333222225925803e-05
ARG,1,NE,TYR,352,OH,1,3.333222225925803e-05
ARG,7,NH1,ARG,7,O,1,3.333222225925803e-05
LEU,11,N,LEU,9,O,1,3.333222225925803e-05
ASN,14,ND2,PRO,8,N,1,3.333222225925803e-05
LEU,16,N,ASN,14,O,1,3.333222225925803e-05
ASP,19,N,GLY,22,O,1,3.333222225925803e-05
ARG,20,N,ASP,19,OD1,1,3.333222225925803e-05
ARG,20,N,ASP,19,OD2,1,3.333222225925803e-05
ARG,20,N,ARG,21,NH2,1,3.333222225925803e-05
ARG,20,NE,ASP,19,OD1,1,3.333222225925803e-05
ARG,21,NH2,ARG,29,NH1,1,3.333222225925803e-05
ARG,21,NH2,ARG,29,NH2,1,3.333222225925803e-05
ARG,21,NH2,PRO,444,O,1,3.333222225925803e-05
SER,26,OG,ASP,19,N,1,3.333222225925803e-05
ARG,29,N,PHE,27,O,1,3.333222225925803e-05
ARG,29,NE,GLN,17,O,1,3.333222225925803e-05
ARG,29,NE,LYS,25,O,1,3.333222225925803e-05
ARG,29,NH1,ARG,21,NH2,1,3.333222225925803e-05
ARG,29,NH1,LEU,28,O,1,3.333222225925803e-05
ARG,29,NH2,LEU,28,O,1,3.333222225925803e-05
ARG,31,NH2,HIE,372,ND1,1,3.333222225925803e-05
THR,39,OG1,PRO,3,N,1,3.333222225925803e-05
ARG,45,NH2,LYS,72,O,1,3.333222225925803e-05
GLY,52,N,ASP,36,O,1,3.333222225925803e-05
VAL,53,N,THR,366,O,1,3.333222225925803e-05
ARG,57,NE,ASP,62,OD2,1,3.333222225925803e-05
ARG,57,NH1,GLU,58,OE1,1,3.333222225925803e-05
VAL,61,N,ALA,59,O,1,3.333222225925803e-05
LYS,63,NZ,GLN,345,OE1,1,3.333222225925803e-05
ALA,66,N,GLU,65,OE1,1,3.333222225925803e-05
ALA,66,N,GLU,65,OE2,1,3.333222225925803e-05
GLY,69,N,ASN,89,ND2,1,3.333222225925803e-05
ARG,70,NH1,ARG,406,NH1,1,3.333222225925803e-05
ARG,70,NH2,PRO,340,O,1,3.333222225925803e-05
LYS,72,NZ,LYS,72,O,1,3.333222225925803e-05
PHE,79,N,ASP,77,O,1,3.333222225925803e-05
ARG,81,NE,TYR,83,OH,1,3.333222225925803e-05
ARG,81,NH1,GLN,211,OE1,1,3.333222225925803e-05
ARG,81,NH2,ASP,77,O,1,3.333222225925803e-05
ARG,81,NH2,GLN,211,NE2,1,3.333222225925803e-05
GLY,82,N,ASP,77,OD2,1,3.333222225925803e-05
TYR,83,OH,ARG,81,NH1,1,3.333222225925803e-05
ASN,89,ND2,ARG,70,NE,1,3.333222225925803e-05
ASN,89,ND2,HID,341,NE2,1,3.333222225925803e-05
ASN,91,N,ASN,89,OD1,1,3.333222225925803e-05
ASN,91,N,ASN,89,ND2,1,3.333222225925803e-05
LYS,94,N,ASN,91,O,1,3.333222225925803e-05
ARG,97,N,LYS,94,O,1,3.333222225925803e-05
ARG,97,NH1,ARG,97,O,1,3.333222225925803e-05
ARG,97,NH1,ILE,407,N,1,3.333222225925803e-05
ARG,97,NH1,GLU,411,OE1,1,3.333222225925803e-05
ARG,98,NH2,ARG,98,O,1,3.333222225925803e-05
THR,102,OG1,ARG,105,NH2,1,3.333222225925803e-05
THR,102,OG1,ASP,106,OD2,1,3.333222225925803e-05
ARG,105,NH1,LEU,409,O,1,3.333222225925803e-05
GLY,108,N,LYS,234,N,1,3.333222225925803e-05
GLY,110,N,ARG,112,NH1,1,3.333222225925803e-05
LYS,111,NZ,LYS,111,O,1,3.333222225925803e-05
SER,113,OG,SER,113,O,1,3.333222225925803e-05
VAL,114,N,ARG,105,NH1,1,3.333222225925803e-05
VAL,114,N,SER,113,OG,1,3.333222225925803e-05
VAL,114,N,GLU,115,OE1,1,3.333222225925803e-05
ARG,117,NE,GLU,121,OE2,1,3.333222225925803e-05
ARG,117,NE,ASN,149,O,1,3.333222225925803e-05
ARG,117,NH1,ARG,112,NH2,1,3.333222225925803e-05
ARG,117,NH2,ASN,149,OD1,1,3.333222225925803e-05
GLN,123,NE2,ARG,130,NH1,1,3.333222225925803e-05
GLN,123,NE2,THR,424,OG1,1,3.333222225925803e-05
ARG,130,NE,GLU,127,O,1,3.333222225925803e-05
ARG,130,NH1,ILE,126,O,1,3.333222225925803e-05
SER,132,N,ARG,130,O,1,3.333222225925803e-05
THR,140,N,ASP,138,O,1,3.333222225925803e-05
THR,140,OG1,TYR,175,OH,1,3.333222225925803e-05
GLN,144,N,LEU,142,O,1,3.333222225925803e-05
GLN,144,NE2,SER,276,OG,1,3.333222225925803e-05
ALA,148,N,SER,145,O,1,3.333222225925803e-05
ASN,149,ND2,ARG,159,NH1,1,3.333222225925803e-05
ASN,149,ND2,ARG,159,NH2,1,3.333222225925803e-05
ASN,149,ND2,HIE,161,O,1,3.333222225925803e-05
ILE,154,N,CYS,152,O,1,3.333222225925803e-05
GLY,157,N,VAL,155,N,1,3.333222225925803e-05
LYS,158,NZ,GLY,110,O,1,3.333222225925803e-05
ARG,159,NH1,HIE,161,NE2,1,3.333222225925803e-05
ARG,159,NH2,GLU,120,O,1,3.333222225925803e-05
TYR,162,OH,LEU,142,O,1,3.333222225925803e-05
GLN,163,NE2,GLN,165,NE2,1,3.333222225925803e-05
GLN,165,N,ASP,164,OD2,1,3.333222225925803e-05
GLN,165,NE2,GLN,163,NE2,1,3.333222225925803e-05
PHE,167,N,GLN,165,O,1,3.333222225925803e-05
PHE,167,N,GLU,166,OE2,1,3.333222225925803e-05
LEU,168,N,GLN,165,O,1,3.333222225925803e-05
LYS,169,NZ,ASN,172,ND2,1,3.333222225925803e-05
ASN,172,ND2,ASN,172,N,1,3.333222225925803e-05
LEU,173,N,LEU,168,O,1,3.333222225925803e-05
TYR,175,N,ASN,172,O,1,3.333222225925803e-05
TYR,175,OH,ASP,138,OD2,1,3.333222225925803e-05
TYR,175,OH,ARG,280,NH2,1,3.333222225925803e-05
GLN,176,NE2,LEU,173,N,1,3.333222225925803e-05
GLN,176,NE2,TYR,175,OH,1,3.333222225925803e-05
THR,177,N,TYR,175,O,1,3.333222225925803e-05
THR,177,OG1,GLN,176,OE1,1,3.333222225925803e-05
SER,179,OG,TYR,175,OH,1,3.333222225925803e-05
SER,183,N,ILE,181,O,1,3.333222225925803e-05
GLN,187,NE2,SER,183,N,1,3.333222225925803e-05
GLN,187,NE2,VAL,184,O,1,3.333222225925803e-05
GLN,187,NE2,GLY,448,N,1,3.333222225925803e-05
GLU,190,N,LEU,188,O,1,3.333222225925803e-05
GLY,194,N,PHE,192,O,1,3.333222225925803e-05
GLY,201,N,HIE,203,NE2,1,3.333222225925803e-05
GLY,201,N,ARG,204,NE,1,3.333222225925803e-05
HIE,203,NE2,PHE,199,N,1,3.333222225925803e-05
HIE,203,NE2,ARG,204,NH2,1,3.333222225925803e-05
ARG,204,NH1,HIE,203,O,1,3.333222225925803e-05
ARG,204,NH1,TYR,207,OH,1,3.333222225925803e-05
ARG,204,NH2,GLN,211,OE1,1,3.333222225925803e-05
GLN,205,N,GLN,205,OE1,1,3.333222225925803e-05
GLN,205,N,GLN,205,NE2,1,3.333222225925803e-05
GLN,205,NE2,ALA,202,N,1,3.333222225925803e-05
GLN,205,NE2,ALA,202,O,1,3.333222225925803e-05
LYS,208,NZ,GLN,205,O,1,3.333222225925803e-05
GLN,211,NE2,ASN,214,OD1,1,3.333222225925803e-05
GLN,211,NE2,ASN,214,ND2,1,3.333222225925803e-05
GLN,211,NE2,GLN,258,NE2,1,3.333222225925803e-05
TYR,216,OH,ASP,164,OD2,1,3.333222225925803e-05
TYR,216,OH,PHE,167,N,1,3.333222225925803e-05
HIP,224,NE2,GLY,157,N,1,3.333222225925803e-05
HIP,224,NE2,SER,220,OG,1,3.333222225925803e-05
ARG,225,NE,GLU,245,OE1,1,3.333222225925803e-05
ARG,225,NH2,GLU,245,OE1,1,3.333222225925803e-05
ARG,225,NH2,GLU,245,OE2,1,3.333222225925803e-05
THR,227,N,ARG,225,O,1,3.333222225925803e-05
THR,227,OG1,GLU,226,O,1,3.333222225925803e-05
THR,227,OG1,ASP,238,OD2,1,3.333222225925803e-05
ASP,229,N,ASP,238,OD1,1,3.333222225925803e-05
SER,231,OG,PRO,230,O,1,3.333222225925803e-05
SER,231,OG,SER,231,O,1,3.333222225925803e-05
LYS,234,NZ,GLY,108,O,1,3.333222225925803e-05
ASP,238,N,ASP,238,OD1,1,3.333222225925803e-05
TYR,240,OH,ASN,259,OD1,1,3.333222225925803e-05
LYS,246,N,MET,244,O,1,3.333222225925803e-05
LYS,246,NZ,HID,243,O,1,3.333222225925803e-05
LYS,248,N,HID,243,O,1,3.333222225925803e-05
ASN,250,ND2,LYS,246,O,1,3.333222225925803e-05
ASN,250,ND2,ASN,250,O,1,3.333222225925803e-05
HIE,252,N,ASN,250,O,1,3.333222225925803e-05
SER,253,OG,HID,243,NE2,1,3.333222225925803e-05
GLU,254,N,GLU,254,OE2,1,3.333222225925803e-05
SER,256,OG,PHE,255,O,1,3.333222225925803e-05
HIE,257,NE2,GLU,245,OE1,1,3.333222225925803e-05
HIE,257,NE2,GLN,258,NE2,1,3.333222225925803e-05
HIE,257,NE2,ASN,261,ND2,1,3.333222225925803e-05
GLN,258,NE2,GLN,211,OE1,1,3.333222225925803e-05
GLN,258,NE2,ASN,261,ND2,1,3.333222225925803e-05
ASN,259,ND2,ARG,92,NH1,1,3.333222225925803e-05
ASN,261,ND2,GLU,222,OE2,1,3.333222225925803e-05
LEU,262,N,ASN,259,O,1,3.333222225925803e-05
ASN,263,ND2,LEU,96,O,1,3.333222225925803e-05
THR,272,OG1,GLY,271,O,1,3.333222225925803e-05
THR,272,OG1,GLU,273,OE2,1,3.333222225925803e-05
THR,275,N,THR,274,OG1,1,3.333222225925803e-05
THR,275,OG1,GLU,417,OE2,1,3.333222225925803e-05
SER,276,N,THR,147,OG1,1,3.333222225925803e-05
SER,276,OG,GLN,144,NE2,1,3.333222225925803e-05
SER,276,OG,THR,147,OG1,1,3.333222225925803e-05
ARG,280,NH1,THR,277,N,1,3.333222225925803e-05
ARG,280,NH2,GLN,445,NE2,1,3.333222225925803e-05
TYR,281,OH,ASP,333,OD1,1,3.333222225925803e-05
TYR,281,OH,ASP,333,O,1,3.333222225925803e-05
LYS,288,NZ,ASP,441,O,1,3.333222225925803e-05
HIE,291,NE2,TYR,320,OH,1,3.333222225925803e-05
ARG,295,NH2,GLN,302,NE2,1,3.333222225925803e-05
TYR,297,OH,ARG,298,NH1,1,3.333222225925803e-05
TYR,297,OH,ARG,463,O,1,3.333222225925803e-05
ARG,298,NE,GLN,302,NE2,1,3.333222225925803e-05
ARG,308,N,HIE,307,NE2,1,3.333222225925803e-05
LEU,312,N,GLU,115,OE1,1,3.333222225925803e-05
LEU,312,N,GLU,115,OE2,1,3.333222225925803e-05
LEU,312,N,GLN,119,OE1,1,3.333222225925803e-05
ARG,315,N,HIE,313,O,1,3.333222225925803e-05
ARG,315,NE,GLU,417,OE1,1,3.333222225925803e-05
ARG,315,NH2,GLN,119,NE2,1,3.333222225925803e-05
ARG,315,NH2,LEU,312,N,1,3.333222225925803e-05
ARG,315,NH2,HIE,313,ND1,1,3.333222225925803e-05
LYS,317,NZ,LYS,317,O,1,3.333222225925803e-05
TYR,326,OH,ALA,414,O,1,3.333222225925803e-05
SER,332,OG,GLN,329,O,1,3.333222225925803e-05
ASP,333,N,ARG,330,O,1,3.333222225925803e-05
VAL,339,N,HID,341,NE2,1,3.333222225925803e-05
ILE,342,N,ARG,70,N,1,3.333222225925803e-05
THR,344,OG1,GLU,65,OE1,1,3.333222225925803e-05
THR,344,OG1,GLU,65,OE2,1,3.333222225925803e-05
GLN,345,N,GLN,345,OE1,1,3.333222225925803e-05
SER,348,OG,THR,347,O,1,3.333222225925803e-05
SER,348,OG,ILE,353,N,1,3.333222225925803e-05
ARG,350,N,ARG,350,NH1,1,3.333222225925803e-05
ARG,350,NH1,ALA,55,N,1,3.333222225925803e-05
TYR,352,OH,ARG,1,NH2,1,3.333222225925803e-05
ILE,353,N,ARG,1,NH1,1,3.333222225925803e-05
LYS,356,NZ,VAL,343,O,1,3.333222225925803e-05
THR,358,OG1,PRO,355,N,1,3.333222225925803e-05
LEU,362,N,HID,341,NE2,1,3.333222225925803e-05
ILE,363,N,PHE,361,O,1,3.333222225925803e-05
THR,366,OG1,ALA,367,N,1,3.333222225925803e-05
HIE,372,NE2,ASP,370,OD1,1,3.333222225925803e-05
TYR,373,OH,HIE,372,ND1,1,3.333222225925803e-05
LYS,376,NZ,ASN,381,ND2,1,3.333222225925803e-05
ASP,383,N,ASP,383,OD1,1,3.333222225925803e-05
ASP,383,N,ASP,383,OD2,1,3.333222225925803e-05
ASP,387,N,GLY,390,O,1,3.333222225925803e-05
ASN,389,ND2,ASP,387,O,1,3.333222225925803e-05
GLY,390,N,ASN,389,OD1,1,3.333222225925803e-05
LYS,393,N,LEU,386,N,1,3.333222225925803e-05
LYS,393,NZ,LEU,392,O,1,3.333222225925803e-05
THR,395,N,TYR,326,OH,1,3.333222225925803e-05
THR,395,N,HIP,384,O,1,3.333222225925803e-05
THR,395,OG1,TYR,373,OH,1,3.333222225925803e-05
ALA,397,N,GLU,396,OE1,1,3.333222225925803e-05
ARG,406,N,GLY,404,O,1,3.333222225925803e-05
ARG,406,NH2,VAL,85,O,1,3.333222225925803e-05
ARG,406,NH2,ILE,86,O,1,3.333222225925803e-05
ILE,407,N,ARG,97,NH1,1,3.333222225925803e-05
ARG,415,NH2,ARG,105,NH2,1,3.333222225925803e-05
ALA,416,N,GLU,417,OE2,1,3.333222225925803e-05
GLU,417,N,ALA,414,O,1,3.333222225925803e-05
GLU,417,N,GLU,417,OE1,1,3.333222225925803e-05
GLU,417,N,GLU,417,OE2,1,3.333222225925803e-05
ILE,425,N,LEU,420,O,1,3.333222225925803e-05
LEU,426,N,THR,423,O,1,3.333222225925803e-05
GLN,427,NE2,THR,300,OG1,1,3.333222225925803e-05
GLN,427,NE2,ARG,308,N,1,3.333222225925803e-05
GLN,427,NE2,THR,423,O,1,3.333222225925803e-05
ASN,428,ND2,HIE,307,ND1,1,3.333222225925803e-05
SER,430,OG,SER,430,O,1,3.333222225925803e-05
MET,431,N,SER,430,OG,1,3.333222225925803e-05
ILE,440,N,GLU,438,O,1,3.333222225925803e-05
THR,443,OG1,THR,443,O,1,3.333222225925803e-05
GLN,445,NE2,THR,140,OG1,1,3.333222225925803e-05
GLY,450,N,CYS,447,O,1,3.333222225925803e-05
LYS,451,NZ,SER,365,OG,1,3.333222225925803e-05
TYR,456,N,ASP,138,OD2,1,3.333222225925803e-05
TYR,456,OH,THR,140,OG1,1,3.333222225925803e-05
TYR,456,OH,PHE,283,O,1,3.333222225925803e-05
GLN,457,N,GLN,457,NE2,1,3.333222225925803e-05
ILE,458,N,GLN,457,OE1,1,3.333222225925803e-05
ARG,459,NE,PHE,460,O,1,3.333222225925803e-05
LEU,461,N,ARG,459,O,1,3.333222225925803e-05
ARG,463,NE,GLU,294,OE1,1,3.333222225925803e-05
ARG,463,NH2,ARG,298,NH2,1,3.333222225925803e-05
