donor_resname,donor_resid,donor_atom,acceptor_resname,acceptor_resid,acceptor_atom,count,frequency
THR,321,OG1,GLU,299,OE1,29273,0.9757341421952601
ARG,330,NH2,GLU,327,OE1,29053,0.9684010532982233
ASN,381,N,GLU,327,OE1,28886,0.9628345721809273
THR,424,OG1,LEU,420,O,28511,0.9503349888337056
SER,100,OG,LEU,96,O,28499,0.9499350021665944
ARG,330,NE,GLU,327,OE2,28226,0.940835305489817
PHE,99,N,VAL,95,O,28057,0.9352021599280024
PHE,283,N,LEU,279,O,27893,0.929735675477484
LEU,168,N,ASP,164,O,27880,0.9293023565881138
THR,103,OG1,PHE,99,O,27771,0.9256691443618547
THR,177,OG1,LEU,173,O,27744,0.9247691743608546
GLN,176,N,ASN,172,O,27658,0.9219026032465585
ARG,330,NH1,LEU,368,O,27640,0.9213026232458918
MET,49,N,PHE,38,O,27588,0.9195693476884104
THR,423,N,PHE,419,O,27584,0.9194360187993733
TYR,456,OH,ARG,280,O,27542,0.9180360654644845
ILE,217,N,ILE,213,O,27530,0.9176360787973734
GLU,301,N,TYR,297,O,27454,0.9151028299056698
ILE,458,N,MET,137,O,27343,0.9114029532348922
PHE,349,N,TYR,352,O,27268,0.9089030365654478
PHE,421,N,GLU,417,O,27243,0.9080697310089664
PHE,361,N,VAL,48,O,27183,0.9060697976734109
LEU,196,N,PHE,192,O,27175,0.9058031398953368
SER,365,N,PRO,336,O,27010,0.9003033232225592
ASP,77,N,ILE,73,O,27008,0.9002366587780407
LEU,262,N,GLN,258,O,26979,0.8992700243325222
VAL,48,N,GLU,359,O,26955,0.8984700509983
VAL,343,N,THR,358,O,26943,0.898070064331189
HIP,384,N,ASN,381,O,26892,0.8963701209959668
VAL,40,N,VAL,47,O,26882,0.8960367987733742
SER,26,OG,GLY,22,O,26861,0.8953368221059298
ASN,428,ND2,THR,424,O,26841,0.8946701776607446
VAL,155,N,ILE,151,O,26833,0.8944035198826705
PHE,385,N,PRO,382,O,26666,0.8888370387653745
PHE,160,N,ASN,149,OD1,26613,0.8870704309856338
PHE,178,N,PHE,174,O,26544,0.884770507649745
THR,423,OG1,PHE,419,O,26446,0.8815039498683377
SER,183,OG,LEU,180,O,26438,0.8812372920902637
ASP,106,N,VAL,101,O,26406,0.8801706609779674
THR,239,OG1,ASP,235,O,26339,0.8779374020865971
VAL,360,N,HID,341,O,26287,0.8762041265291157
LEU,210,N,VAL,206,O,26249,0.8749375020832639
GLN,427,NE2,ARG,308,O,26200,0.8733042231925603
LEU,420,N,ALA,416,O,26178,0.8725709143028566
ILE,452,N,GLU,446,O,26119,0.8706043131895603
LEU,265,N,ASN,261,O,26030,0.8676377454084864
ASP,164,N,HIE,161,O,26027,0.8675377487417086
TYR,175,N,LEU,171,O,26000,0.8666377787407087
THR,278,OG1,THR,274,O,25978,0.865904469851005
THR,264,OG1,LEU,260,O,25891,0.8630045665144496
GLY,305,N,ILE,300,O,25890,0.8629712342921902
THR,366,OG1,ILE,363,O,25878,0.8625712476250792
GLN,329,N,ILE,325,O,25853,0.8617379420685977
ARG,415,NH2,GLU,322,OE2,25784,0.8594380187327089
SER,430,N,LEU,461,O,25780,0.8593046898436719
THR,264,N,LEU,260,O,25740,0.8579714009533016
HIE,41,N,ASN,14,OD1,25727,0.8575380820639312
ILE,300,N,VAL,296,O,25694,0.8564381187293757
PHE,331,N,GLU,327,O,25687,0.8562047931735609
GLU,417,N,ILE,413,O,25663,0.8554048198393387
LEU,96,N,ARG,92,O,25588,0.8529049031698943
SER,182,OG,PHE,178,O,25585,0.8528049065031166
TYR,326,N,GLU,322,O,25507,0.8502049931668945
PHE,269,N,LEU,265,O,25455,0.848471717609413
VAL,221,N,ILE,217,O,25451,0.848338388720376
ALA,148,N,GLN,144,O,25429,0.8476050798306723
THR,347,OG1,GLN,345,O,25421,0.8473384220525982
THR,347,N,ILE,354,O,25318,0.8439052031598947
HID,341,N,VAL,360,O,25194,0.8397720075997467
ILE,363,N,LEU,50,O,25102,0.836705443151895
ASP,387,N,ALA,391,O,25049,0.8349388353721543
LEU,28,N,LEU,24,O,25022,0.8340388653711543
THR,277,OG1,GLU,273,O,25015,0.8338055398153394
THR,344,N,ALA,66,O,24984,0.8327722409253024
ARG,97,N,TRP,93,O,24894,0.8297723409219693
LYS,208,N,ARG,204,O,24844,0.8281057298090063
THR,102,N,ARG,98,O,24680,0.8226392453584881
GLN,119,N,GLU,115,O,24656,0.8218392720242659
ILE,354,N,THR,347,O,24529,0.8176060797973401
ALA,122,N,ILE,118,O,24518,0.8172394253524883
GLU,273,N,PHE,269,O,24388,0.8129062364587847
GLU,322,N,MET,318,O,24337,0.8112062931235625
ARG,57,N,VAL,53,O,24303,0.8100729975667478
ASN,214,N,LEU,210,O,24221,0.8073397553414886
SER,276,OG,THR,272,O,24197,0.8065397820072664
GLH,71,N,PRO,340,O,24194,0.8064397853404887
ASN,261,ND2,ASN,214,O,24180,0.8059731342288591
VAL,206,N,ALA,202,O,24134,0.8044398520049332
LEU,129,N,LEU,125,O,24074,0.8024399186693777
LEU,9,N,GLY,13,O,23962,0.7987067097763408
LEU,418,N,ALA,414,O,23928,0.797573414219526
GLY,52,N,THR,366,OG1,23865,0.7954734842171928
ILE,181,N,THR,177,O,23850,0.7949735008833039
GLN,427,NE2,GLY,305,O,23839,0.794606846438452
ASN,14,N,HIE,41,O,23833,0.7944068531048964
VAL,303,N,GLU,299,O,23819,0.7939402019932669
ASN,263,ND2,SER,100,OG,23793,0.7930735642145261
THR,39,N,PRO,4,O,23722,0.7907069764341189
VAL,85,N,ASN,263,OD1,23696,0.7898403386553782
THR,272,OG1,PHE,268,O,23687,0.7895403486550449
LEU,461,N,SER,430,O,23620,0.7873070897636746
LEU,279,N,THR,275,O,23571,0.785673810872971
VAL,76,N,ILE,73,O,23514,0.7837738742041932
THR,321,N,GLU,299,OE1,23495,0.7831405619812672
LYS,393,N,PHE,385,O,23438,0.7812406253124896
ILE,325,N,THR,321,O,23429,0.7809406353121563
THR,424,N,LEU,420,O,23397,0.77987400419986
ARG,415,NH1,GLU,322,OE1,23288,0.7762407919736009
VAL,101,N,ARG,97,O,23265,0.775474150861638
THR,358,OG1,PRO,355,O,23217,0.7738742041931935
TYR,297,N,ALA,293,O,23170,0.7723075897470084
LEU,171,N,PHE,167,O,23159,0.7719409353021566
VAL,95,N,ASN,91,O,23117,0.7705409819672677
ALA,414,N,GLY,410,O,23088,0.7695743475217492
SER,145,N,PHE,141,O,23086,0.7695076830772307
LEU,426,N,PHE,422,O,22981,0.7660077997400087
PHE,27,N,LEU,23,O,22825,0.7608079730675644
TYR,34,N,PHE,30,O,22743,0.7580747308423053
PHE,268,N,THR,264,O,22728,0.7575747475084164
ASP,383,N,ASN,381,OD1,22723,0.7574080863971201
GLY,271,N,LEU,267,O,22693,0.7564081197293424
ARG,280,N,SER,276,O,22653,0.7550748308389721
LYS,356,N,HIE,346,ND1,22585,0.7528082397253425
ALA,66,N,LYS,63,O,22411,0.7470084330522316
LEU,50,N,PHE,361,O,22383,0.7460751308289724
LEU,368,N,LEU,364,O,22351,0.7450084997166762
ASN,263,N,ASN,259,O,22328,0.7442418586047131
LEU,125,N,GLU,121,O,22243,0.7414086197126762
THR,274,OG1,ALA,270,O,22194,0.7397753408219726
ALA,323,N,PRO,319,O,22118,0.737242091930269
VAL,324,N,TYR,320,O,22092,0.7363754541515283
LEU,260,N,SER,256,O,22018,0.7339088697043432
TYR,83,N,PHE,80,O,21993,0.7330755641478618
MET,137,N,ILE,458,O,21962,0.7320422652578248
TYR,281,N,THR,277,O,21949,0.7316089463684544
ASN,14,ND2,GLN,17,OE1,21885,0.7294756841438619
ARG,31,N,PHE,27,O,21872,0.7290423652544915
LYS,317,N,ASP,314,O,21841,0.7280090663644545
ILE,56,N,GLY,52,O,21816,0.7271757608079731
LEU,285,N,TYR,281,O,21749,0.7249425019166028
CYS,152,N,ALA,148,O,21661,0.7220092663577881
ARG,298,N,GLU,294,O,21643,0.7214092863571214
ASN,209,N,GLN,205,O,21569,0.7189427019099364
LEU,267,N,ASN,263,O,21533,0.7177427419086031
GLU,222,N,GLY,218,O,21461,0.7153428219059365
GLY,22,N,ASP,19,O,21386,0.7128429052364921
ILE,126,N,ALA,122,O,21265,0.7088097063431219
GLU,327,N,ALA,323,O,21221,0.7073430885637145
PHE,30,N,SER,26,O,21205,0.7068097730075664
LEU,173,N,LYS,169,O,21178,0.7059098030065665
THR,274,N,ALA,270,O,21116,0.7038432052264925
ALA,270,N,SER,266,O,21106,0.7035098830038998
GLN,211,N,TYR,207,O,21036,0.7011766274457518
LYS,63,N,GLU,58,O,21030,0.7009766341121962
SER,433,OG,GLN,457,O,20912,0.6970434318856038
PHE,38,N,MET,49,O,20616,0.6871770940968635
HID,224,ND1,SER,220,O,20552,0.6850438318722709
MET,318,N,ARG,315,O,20424,0.6807773074230858
CYS,51,N,ASP,36,O,20400,0.6799773340888637
GLY,282,N,THR,278,O,20216,0.6738442051931602
ARG,308,NH1,ASP,314,OD2,19983,0.6660777974067531
LEU,241,N,ILE,237,O,19915,0.6638112062931235
ILE,328,N,VAL,324,O,19881,0.6626779107363088
SER,179,N,TYR,175,O,19836,0.6611779607346422
HID,224,N,SER,220,O,19649,0.654944835172161
THR,277,N,GLU,273,O,19613,0.6537448751708277
ALA,432,N,ARG,459,O,19604,0.6534448851704944
TYR,352,N,PHE,349,O,19523,0.6507449751674944
PHE,143,N,PRO,139,O,19405,0.646811772940902
ASN,261,N,HIE,257,O,19385,0.6461451284957168
SER,100,N,LEU,96,O,19322,0.6440451984933836
SER,179,OG,TYR,175,O,19175,0.6391453618212726
ASN,149,ND2,PHE,160,O,19167,0.6388787040431986
ARG,159,NH2,GLU,121,OE1,19163,0.6387453751541615
SER,266,OG,ASN,263,O,19149,0.6382787240425319
VAL,296,N,VAL,292,O,19038,0.6345788473717543
LYS,94,N,GLY,90,O,19003,0.6334122195926802
ARG,459,N,ALA,432,O,18990,0.6329789007033099
ASN,172,N,LEU,168,O,18972,0.6323789207026432
SER,365,OG,ASP,333,OD2,18955,0.6318122729242358
PHE,87,N,GLY,84,O,18951,0.6316789440351989
LEU,242,N,ASP,238,O,18815,0.6271457618079397
ASN,14,ND2,PRO,6,O,18771,0.6256791440285324
LEU,180,N,GLN,176,O,18722,0.6240458651378288
GLU,226,N,GLU,222,O,18708,0.6235792140261991
ASN,214,ND2,GLN,258,OE1,18615,0.6204793173560881
GLN,205,N,GLY,201,O,18599,0.61994600179994
PHE,199,N,LEU,196,O,18356,0.6118462717909403
ARG,308,NH2,ASP,314,OD1,18324,0.6107796406786441
ARG,308,NH1,PRO,309,O,18307,0.6102129929002367
ALA,215,N,GLN,211,O,18302,0.6100463317889404
ARG,225,N,VAL,221,O,18249,0.6082797240091997
HID,243,N,THR,239,O,18234,0.6077797406753108
THR,227,OG1,LYS,223,O,18219,0.6072797573414219
LYS,288,NZ,ILE,440,O,18201,0.6066797773407553
GLU,294,N,PRO,290,O,18187,0.6062131262291257
SER,276,N,THR,272,O,18167,0.6055464817839405
PHE,374,N,ASP,370,O,18136,0.6045131828939035
ASP,19,N,SER,26,OG,18112,0.6037132095596813
GLN,144,NE2,GLU,273,OE2,17951,0.5983467217759408
PHE,398,N,THR,395,O,17903,0.5967467751074964
TYR,373,N,ASP,370,O,17855,0.595146828439052
ARG,98,N,LYS,94,O,17797,0.593213559548015
MET,286,N,GLY,282,O,17722,0.5907136428785708
LEU,188,N,VAL,184,O,17644,0.5881137295423486
SER,332,OG,ILE,328,O,17609,0.5869471017632746
SER,182,N,PHE,178,O,17566,0.5855138162061264
TYR,207,N,HIE,203,O,17541,0.584680510649645
THR,278,N,THR,274,O,17403,0.5800806639778674
PHE,189,N,PHE,185,O,17312,0.5770474317522749
ARG,159,NE,GLU,121,OE2,17179,0.5726142461917936
ASN,89,ND2,ARG,70,O,17127,0.5708809706343122
TYR,162,OH,GLU,121,OE1,16912,0.5637145428485717
ARG,415,N,GLU,411,O,16901,0.5633478884037199
ARG,97,NH1,ILE,407,O,16697,0.5565481150628312
ASN,149,ND2,GLU,121,OE1,16612,0.5537148761707943
ASN,250,N,GLU,247,O,16512,0.5503816539448685
SER,266,N,LEU,262,O,16502,0.550048331722276
ASN,259,ND2,GLU,254,O,16470,0.5489817006099796
GLY,448,N,GLY,450,O,16291,0.5430152328255725
LYS,246,N,LEU,242,O,16129,0.5376154128195727
SER,68,N,ILE,342,O,16086,0.5361821272624245
ARG,130,N,ILE,126,O,16076,0.535848805039832
ASP,370,N,ALA,367,O,15992,0.5330488983700543
PHE,174,N,MET,170,O,15925,0.530815639478684
THR,102,OG1,ARG,98,O,15910,0.5303156561447951
TYR,320,N,GLU,299,OE2,15890,0.52964901169961
TYR,198,N,PHE,195,O,15775,0.5258158061397954
GLN,119,NE2,PRO,310,O,15689,0.5229492350254992
ALA,59,N,ALA,55,O,15677,0.522549248358388
THR,103,N,PHE,99,O,15672,0.5223825872470917
THR,140,OG1,ASP,138,OD2,15659,0.5219492683577214
GLU,127,N,GLN,123,O,15634,0.52111596280124
LYS,288,N,LEU,284,O,15305,0.5101496616779441
ARG,117,N,SER,113,O,15303,0.5100829972334255
PHE,195,N,PHE,192,O,15255,0.5084830505649812
TYR,240,N,LEU,236,O,15169,0.505616479450685
HIP,384,NE2,GLU,375,O,15063,0.5020832638912036
THR,239,N,ASP,235,O,15034,0.5011166294456851
GLN,123,N,GLN,119,O,15026,0.500849971667611
GLN,17,NE2,ARG,7,O,14960,0.4986500449985001
HIP,384,ND1,GLU,327,OE2,14920,0.49731675610812975
GLY,390,N,ASP,387,O,14917,0.49721675944135196
LYS,223,N,HIE,219,O,14909,0.4969501016632779
THR,177,N,LEU,173,O,14892,0.4963834538848705
PHE,429,N,ILE,425,O,14888,0.4962501249958335
ARG,45,NH1,LEU,42,O,14803,0.4934168861037965
ARG,295,N,HIE,291,O,14700,0.489983667211093
ARG,29,N,LYS,25,O,14656,0.4885170494316856
THR,443,OG1,ASP,441,OD2,14626,0.48751708276390787
ARG,45,NH2,GLU,359,OE2,14600,0.4866504449851672
PHE,419,N,ARG,415,O,14503,0.4834172194260191
GLN,258,NE2,ASN,214,OD1,14480,0.4826505783140562
THR,39,OG1,PRO,3,O,14475,0.4824839172027599
ILE,353,N,ARG,1,O,14454,0.4817839405353155
ALA,397,N,THR,395,OG1,14424,0.48078397386753774
ARG,98,NH1,ASN,250,OD1,14390,0.479650678310723
ARG,45,NE,GLU,359,OE1,14375,0.4791506949768341
PHE,79,N,VAL,76,O,14300,0.4766507783073898
TRP,93,N,ASN,89,O,14274,0.47578414052864904
ASN,250,ND2,HID,243,NE2,14199,0.4732842238592047
SER,256,N,TYR,240,OH,14156,0.4718509383020566
GLY,186,N,SER,183,OG,14123,0.47075097496750107
GLN,427,N,THR,423,O,14079,0.46928435718809375
GLY,338,N,LEU,335,O,14066,0.4688510382987234
LYS,288,NZ,PRO,437,O,14041,0.4680177327422419
TYR,289,N,LEU,285,O,13973,0.46575114162861236
ILE,118,N,VAL,114,O,13966,0.4655178160727976
GLN,144,NE2,LEU,171,O,13954,0.46511782940568647
TRP,93,NE1,HM1,464,O1D,13910,0.46365121162627915
ARG,350,N,GLU,58,OE1,13853,0.4617512749575014
ARG,21,N,ASP,19,OD1,13816,0.46051798273390887
MET,244,N,TYR,240,O,13800,0.45998466717776076
SER,231,OG,ASP,229,OD1,13750,0.45831805606479786
SER,145,OG,PHE,141,O,13654,0.45511816272790906
THR,140,N,ASP,138,OD2,13592,0.45305156494783505
LEU,60,N,ILE,56,O,13560,0.45198493383553884
ARG,45,NH2,GLU,190,OE2,13533,0.45108496383453883
LYS,169,N,GLN,165,O,13526,0.45085163827872404
ARG,21,N,ASP,19,OD2,13462,0.4487183760541315
HIE,219,N,ALA,215,O,13452,0.4483850538315389
THR,443,OG1,ASP,441,OD1,13428,0.44758508049731677
ARG,45,NH1,GLU,190,O,13330,0.4443185227159095
SER,332,N,ILE,328,O,13240,0.44131862271257627
HID,369,ND1,SER,365,O,13214,0.4404519849338355
SER,153,N,ASN,149,O,13195,0.43981867271090963
MET,170,N,GLU,166,O,13156,0.4385187160427986
THR,366,N,ILE,363,O,13025,0.43415219492683577
ALA,135,N,SER,132,O,13022,0.434052198260058
LYS,197,N,SER,193,O,12967,0.4322189260357988
LYS,131,N,GLU,127,O,12878,0.42925235825472485
THR,443,N,ASP,441,OD2,12809,0.42695243491883605
ARG,81,N,ASP,77,O,12761,0.4253524882503917
GLY,134,N,PHE,460,O,12755,0.4251524949168361
SER,183,N,LEU,180,O,12734,0.4244525182493917
GLY,218,N,ASN,214,O,12678,0.42258591380287325
SER,231,OG,ASP,229,OD2,12562,0.4187193760207993
ARG,463,NH2,GLU,294,OE1,12529,0.4176194126862438
GLU,32,N,LEU,28,O,12527,0.4175527482417253
THR,275,OG1,GLY,271,O,12515,0.4171527615746142
ARG,70,NH2,HM1,464,O2A,12511,0.4170194326855772
GLU,58,N,GLU,54,O,12447,0.41488617046098464
GLU,245,N,LEU,241,O,12442,0.4147195093496883
GLU,120,N,GLU,116,O,12407,0.4135528815706143
SER,402,N,ILE,399,O,12376,0.4125195826805773
PHE,156,N,CYS,152,O,12354,0.4117862737908736
PHE,422,N,LEU,418,O,12346,0.41151961601279957
SER,231,N,ASP,229,OD1,12274,0.409119696010133
ARG,21,NE,ASP,19,OD2,12271,0.40901969934335525
TYR,216,N,GLU,212,O,12215,0.40715309489683676
ARG,330,N,TYR,326,O,12110,0.4036532115596147
LYS,451,NZ,ASP,333,OD1,12040,0.40131995600146664
ALA,293,N,TYR,289,O,11930,0.39765341155294825
ASN,149,N,SER,145,O,11929,0.397620079330689
ARG,21,NE,ASP,19,OD1,11922,0.39738675377487415
THR,443,N,ASP,441,OD1,11907,0.3968867704409853
LEU,191,N,LEU,188,O,11902,0.396720109329689
GLU,311,N,ASP,314,OD2,11819,0.3939535348821706
THR,272,N,PHE,268,O,11705,0.39015366154461517
THR,140,OG1,ASP,138,OD1,11688,0.3895870137662078
LYS,111,N,GLY,108,O,11681,0.389353688210393
GLN,445,N,ILE,452,O,11619,0.387287090430319
SER,26,N,GLY,22,O,11529,0.3842871904269858
ARG,406,N,LEU,403,O,11527,0.38422052598246725
ILE,304,N,ILE,300,O,11375,0.37915402819906
ARG,97,NH1,HM1,464,O1D,11366,0.3788540381987267
SER,132,OG,GLU,128,O,11338,0.3779207359754675
SER,231,N,ASP,229,OD2,11295,0.3764874504183194
PHE,192,N,LEU,188,O,11277,0.37588747041765275
ARG,21,NH2,ASP,19,OD1,11188,0.3729209026365788
LEU,23,N,GLN,187,OE1,11181,0.372687577080764
ARG,45,NH2,GLU,359,OE1,11174,0.37245425152494915
TYR,281,OH,LEU,442,O,11109,0.3702876570780974
ILE,342,N,GLY,69,O,11090,0.3696543448551715
ARG,45,NE,GLU,359,OE2,11083,0.36942101929935667
LEU,287,N,PHE,283,O,11060,0.36865437818739377
ARG,21,NH2,ASP,19,OD2,10980,0.36598780040665313
ARG,463,NH1,GLU,294,OE2,10846,0.36152128262391253
GLU,121,N,ARG,117,O,10819,0.3606213126229126
ALA,251,N,LYS,248,O,10778,0.359254691510283
GLH,71,OE2,GLU,359,OE2,10696,0.35652144928502383
ARG,31,NH2,ASP,36,OD1,10682,0.3560547981733942
ARG,463,NH1,GLU,294,OE1,10664,0.35545481817272756
SER,249,OG,GLU,247,OE2,10653,0.3550881637278757
GLU,128,N,CYS,124,O,10632,0.3543881870604313
ASN,209,ND2,THR,177,OG1,10591,0.35302156594780176
ARG,225,NH2,GLU,222,OE2,10496,0.3498550048331722
TYR,83,OH,GLU,254,OE1,10471,0.3490216992766908
ASP,314,N,GLU,311,O,10382,0.3460551314956168
ARG,225,NH2,GLU,222,OE1,10369,0.34562181260624647
ARG,70,NH1,ILE,86,O,10282,0.342721909269691
ILE,213,N,ASN,209,O,10240,0.3413219559348022
ARG,70,NE,PRO,340,O,10184,0.3394553514882837
GLN,144,N,THR,140,O,10163,0.3387553748208393
SER,132,N,GLU,128,O,10079,0.33595546815106164
LEU,386,N,ASP,383,O,9982,0.33272224259191363
ARG,463,NH2,GLU,294,OE2,9979,0.33262224592513584
LEU,15,N,LEU,12,O,9966,0.33218892703576547
PHE,80,N,VAL,76,O,9941,0.33135562147928405
ARG,112,NH2,GLU,120,OE2,9912,0.33038898703376557
ARG,112,NE,GLU,116,OE1,9896,0.3298556714776174
TRP,93,NE1,HM1,464,O2D,9868,0.3289223692543582
THR,140,N,ASP,138,OD1,9828,0.3275890803639879
GLU,212,N,LYS,208,O,9827,0.3275557481417286
SER,253,N,ASN,250,O,9822,0.32738908703043235
ASP,357,N,VAL,343,O,9797,0.32655578147395087
MET,104,N,SER,100,O,9716,0.32385587147095096
ALA,379,N,LYS,376,O,9688,0.32292256924769175
GLN,163,N,HIE,161,ND1,9685,0.32282257258091396
ARG,112,NH2,GLU,120,OE1,9644,0.3214559514682844
THR,275,N,GLY,271,O,9568,0.3189227025765808
ARG,70,NH1,HM1,464,O1A,9537,0.3178894036865438
ARG,463,N,ASN,428,O,9523,0.31742275257491415
VAL,53,N,ASP,370,OD1,9471,0.3156894770174328
SER,249,OG,GLU,247,OE1,9468,0.315589480350655
VAL,61,N,ARG,57,O,9442,0.3147228425719143
GLU,247,N,HID,243,O,9378,0.31258958034732176
ARG,105,NE,ASP,106,OD1,9361,0.3120229325689144
LYS,356,NZ,ASP,357,OD1,9346,0.3115229492350255
HIE,372,N,ASP,370,OD2,9334,0.3111229625679144
ARG,112,NH2,GLU,116,OE2,9235,0.30782307256424785
ARG,225,NE,GLU,222,OE2,9167,0.3055564814506183
ARG,350,NE,GLU,58,OE1,9028,0.30092330255658145
ASN,214,ND2,ASN,261,OD1,9014,0.3004566514449518
GLN,17,N,ASN,14,O,8918,0.29725675810806307
ASP,439,N,ALA,436,O,8878,0.29592346921769275
THR,147,OG1,GLU,417,OE1,8860,0.2953234892170261
ARG,45,NH2,GLU,190,OE1,8836,0.2945235158828039
LYS,63,NZ,GLU,58,OE2,8652,0.28839038698710046
ARG,350,NH2,GLU,58,OE1,8582,0.2860571314289524
VAL,47,N,VAL,40,O,8580,0.28599046698443387
SER,249,N,GLU,247,OE2,8570,0.2856571447618413
ARG,92,NH2,GLU,254,OE2,8509,0.28362387920402654
ARG,81,NE,PHE,79,O,8276,0.2758574714176194
ARG,105,NH2,ASP,106,OD2,8256,0.27519082697243424
ARG,112,NE,GLU,116,OE2,8238,0.2745908469717676
SER,220,N,TYR,216,O,8222,0.2740575314156195
ARG,105,NH1,LEU,409,O,8190,0.27299090030332324
VAL,292,N,TYR,289,O,8127,0.27089097030098996
THR,147,N,PHE,143,O,8126,0.2708576380787307
ALA,88,N,VAL,85,O,8055,0.2684910502983234
ARG,112,NH1,GLU,120,OE2,8039,0.26795773474217527
ARG,225,NE,GLU,222,OE1,8014,0.2671244291856938
ARG,159,NH2,GLU,121,OE2,7979,0.2659578014066198
GLN,258,N,SER,256,OG,7978,0.2659244691843605
ARG,97,NH2,ILE,407,O,7976,0.265857804739842
ARG,315,N,GLU,311,O,7938,0.2645911802939902
ARG,70,N,ASN,89,OD1,7917,0.2638912036265458
ARG,57,NH2,GLU,54,OE2,7914,0.263791206959768
TYR,162,OH,GLU,121,OE2,7907,0.2635578814039532
ILE,154,N,ILE,151,O,7844,0.2614579514016199
ARG,112,NH1,GLU,120,OE1,7831,0.2610246325122496
SER,249,N,GLU,247,OE1,7809,0.2602913236225459
GLN,187,NE2,CYS,447,O,7802,0.26005799806673113
GLN,144,NE2,GLU,273,OE1,7702,0.25672477584080533
HIE,252,N,SER,249,O,7632,0.25439152028265727
LYS,356,NZ,ASP,357,OD2,7556,0.2518582713909536
ARG,459,NH1,GLY,134,O,7507,0.25022499250025
ALA,416,N,GLY,412,O,7480,0.24932502249925004
CYS,124,N,GLU,120,O,7460,0.24865837805406488
THR,147,OG1,GLU,417,OE2,7449,0.24829172360921303
ARG,92,NH1,GLU,254,OE1,7436,0.24785840471984266
ILE,425,N,PHE,421,O,7435,0.24782507249758343
LEU,284,N,ARG,280,O,7398,0.24659178027399087
GLH,71,OE2,GLU,359,OE1,7397,0.2465584480517316
ARG,105,N,SER,100,O,7361,0.2453584880503983
ARG,406,NE,HM1,464,O1A,7332,0.24439185360487983
LYS,63,NZ,SER,348,O,7243,0.24142528582380587
ARG,112,NH2,GLU,116,OE1,7189,0.23962534582180595
ARG,57,NH2,GLU,54,OE1,7117,0.23722542581913936
ARG,308,NH2,ASP,314,OD2,7109,0.2369587680410653
SER,153,OG,ASN,149,O,7053,0.23509216359454685
THR,455,OG1,GLN,445,OE1,7028,0.2342588580380654
ASP,62,N,ARG,57,O,6977,0.23255891470284323
ARG,31,NE,ASP,36,OD1,6976,0.23252558248058397
ARG,70,NH2,HM1,464,O1A,6945,0.231492283590547
GLY,90,N,SER,68,O,6945,0.231492283590547
ARG,350,NH2,GLU,58,OE2,6945,0.231492283590547
ARG,92,NH2,GLU,254,OE1,6909,0.2302923235892137
GLN,187,N,SER,183,O,6892,0.2297256758108063
GLN,302,N,ARG,298,O,6790,0.226325789140362
LYS,451,NZ,ASP,333,OD2,6716,0.22385920469317688
LEU,334,N,SER,332,O,6707,0.22355921469284357
MET,18,N,LEU,15,O,6670,0.22232592246925104
VAL,53,N,ASP,370,OD2,6651,0.2216926102463251
GLU,299,N,ARG,295,O,6633,0.22109263024565848
ARG,350,N,GLU,58,OE2,6611,0.2203593213559548
ILE,151,N,THR,147,O,6555,0.21849271690943636
ASN,389,N,ASP,387,OD1,6527,0.21755941468617712
LYS,72,NZ,ASP,77,OD1,6494,0.21645945135162162
PHE,67,N,ALA,64,O,6480,0.215992800239992
ARG,330,NH1,PRO,377,O,6471,0.21569281023965867
ASN,389,ND2,ASP,387,OD1,6418,0.213926202459918
ARG,308,NH1,ASP,314,OD1,6414,0.21379287357088098
SER,153,OG,ILE,150,O,6406,0.2135262157928069
ARG,130,NH2,GLU,127,OE1,6381,0.21269291023632544
HIE,372,N,ASP,370,OD1,6352,0.21172627579080697
ARG,406,NH2,HM1,464,O1D,6334,0.21112629579014033
GLY,35,N,ARG,31,O,6317,0.21055964801173294
ASN,149,ND2,SER,145,O,6296,0.2098596713442885
LEU,386,N,PRO,382,O,6249,0.2082930568981034
ARG,130,NH2,GLU,127,OE2,6245,0.20815972800906637
ASN,250,ND2,HID,243,O,6238,0.20792640245325156
ARG,92,NH1,GLY,82,O,6236,0.20785973800873303
ASN,389,ND2,ASP,387,OD2,6220,0.20732642245258492
TYR,83,OH,GLU,254,OE2,6186,0.20619312689577013
ARG,105,NH2,ASP,106,OD1,6169,0.20562647911736276
SER,132,OG,LEU,129,O,6154,0.2051264957834739
ASN,389,N,ASP,387,OD2,6138,0.20459318022732575
ARG,97,NH1,HM1,464,O2D,6134,0.20445985133828873
SER,145,OG,LEU,142,O,6116,0.20385987133762207
PHE,192,N,PHE,189,O,6113,0.2037598746708443
HIP,384,ND1,GLU,327,OE1,6095,0.20315989467017767
HIE,161,N,ASP,164,OD1,6092,0.20305989800339988
LEU,24,N,GLN,187,OE1,6048,0.20159328022399253
LEU,42,N,ARG,45,O,6000,0.19999333355554816
THR,227,N,LYS,223,O,5903,0.19676010799640012
ARG,57,NH2,GLU,396,OE2,5861,0.19536015466151127
GLU,116,N,SER,113,OG,5854,0.19512682910569648
THR,39,OG1,VAL,47,O,5836,0.19452684910502982
VAL,435,N,SER,433,OG,5793,0.19309356354788174
ILE,146,N,LEU,142,O,5786,0.19286023799206692
ARG,406,NH2,HM1,464,O1A,5743,0.19142695243491883
ARG,105,NE,ASP,106,OD2,5717,0.19056031465617812
ASN,259,N,SER,256,OG,5712,0.19039365354488183
GLN,187,NE2,SER,183,O,5679,0.18929369021032633
LYS,405,NZ,GLU,65,OE1,5610,0.18699376687443753
LYS,63,NZ,GLU,58,OE1,5602,0.18672710909636345
ASN,428,N,THR,424,O,5601,0.18669377687410418
LYS,405,NZ,GLU,65,OE2,5577,0.185893803539882
SER,365,OG,ASP,333,OD1,5560,0.18532715576147463
THR,358,N,PRO,355,O,5495,0.18316056131462286
LYS,33,N,ARG,29,O,5492,0.18306056464784506
HIE,161,N,ASP,164,OD2,5435,0.18116062797906737
THR,147,OG1,PHE,143,O,5427,0.1808939702009933
LYS,133,N,ARG,130,O,5393,0.17976067464417853
VAL,339,N,HM1,464,O2A,5318,0.17726075797473417
LYS,234,NZ,ASP,235,OD1,5305,0.17682743908536383
ARG,92,NH1,GLU,254,OE2,5251,0.17502749908336387
TYR,373,OH,GLU,396,OE2,5206,0.17352754908169726
ALA,367,N,LEU,364,O,5122,0.1707276424119196
LEU,228,N,ARG,225,O,5092,0.16972767574414185
ARG,459,NE,GLY,134,O,5046,0.16819439352021598
ILE,440,N,PRO,437,O,5029,0.1676277457418086
ARG,57,NH2,GLU,396,OE1,5016,0.16719442685243824
MET,18,N,ASN,14,O,5014,0.16712776240791974
ARG,298,NH1,GLU,301,OE1,4988,0.16626112462917902
ASN,263,ND2,TYR,240,OH,4965,0.1654944835172161
ARG,295,NH1,ARG,295,O,4962,0.1653944868504383
ASN,91,ND2,HIE,252,ND1,4908,0.16359454684843838
GLN,205,NE2,ASN,209,OD1,4900,0.16332788907036433
ASN,209,ND2,GLN,176,OE1,4804,0.16012799573347555
ARG,31,NH2,ASP,36,OD2,4786,0.15952801573280892
LYS,234,NZ,ASP,235,OD2,4781,0.15936135462151263
THR,227,N,HID,224,O,4745,0.15816139462017934
GLU,311,N,ASP,314,OD1,4743,0.1580947301756608
GLN,123,NE2,GLN,119,OE1,4724,0.1574614179527349
ASN,381,ND2,ASP,383,OD2,4706,0.15686143795206828
ARG,31,NH2,ASP,370,OD2,4695,0.15649478350721643
TYR,297,OH,GLU,301,OE2,4680,0.15599480017332756
GLY,13,N,LEU,9,O,4679,0.1559614679510683
ARG,159,NE,GLU,121,OE1,4676,0.15586147128429054
ARG,31,NH2,ASP,370,OD1,4619,0.15396153461551282
ARG,298,NH1,GLU,301,OE2,4615,0.1538282057264758
SER,113,OG,GLU,115,OE2,4606,0.15352821572614248
ARG,57,NE,GLU,396,OE1,4591,0.1530282323922536
ARG,330,NH2,PRO,377,O,4565,0.1521615946135129
SER,266,OG,LEU,262,O,4500,0.14999500016666112
TYR,373,OH,GLU,54,OE2,4494,0.14979500683310557
ARG,57,NH1,GLU,54,OE1,4492,0.14972834238858704
ARG,463,NE,ARG,463,O,4456,0.14852838238725377
GLU,190,N,GLN,187,O,4455,0.1484950501649945
LYS,33,N,PHE,30,O,4409,0.14696176794106863
TYR,373,OH,GLU,396,OE1,4346,0.1448618379387354
LYS,158,N,CYS,152,O,4323,0.14409519682677244
LEU,142,N,ASP,138,O,4309,0.14362854571514283
ILE,73,N,GLH,71,O,4281,0.14269524349188362
ARG,350,NE,GLU,58,OE2,4270,0.14232858904703177
ARG,117,NE,ARG,112,O,4260,0.1419952668244392
LYS,72,NZ,ASP,77,OD2,4258,0.14192860237992067
GLN,445,NE2,PRO,453,O,4258,0.14192860237992067
ASN,381,ND2,ASP,383,OD1,4209,0.14029532348921703
ARG,29,NH1,ASP,19,OD1,4157,0.1385620479317356
ALA,391,N,ASN,389,OD1,4141,0.1380287323755875
TYR,297,OH,GLU,301,OE1,4093,0.1364287857071431
ARG,97,NH2,CM1,408,O,4058,0.13526215792806906
LYS,451,N,LEU,334,O,4051,0.13502883237225427
ILE,440,N,ALA,436,O,4045,0.13482883903869872
ILE,150,N,ILE,146,O,4007,0.1335622145928469
ARG,130,NH1,GLU,127,OE2,3981,0.1326955768141062
SER,113,OG,GLU,115,OE1,3977,0.13256224792506915
GLU,446,N,ILE,452,O,3976,0.13252891570280992
ARG,70,N,ALA,88,O,3944,0.13146228459051365
ARG,105,NH1,GLU,411,OE2,3926,0.13086230458984702
ARG,57,NH1,GLU,54,OE2,3900,0.1299956668111063
GLY,110,N,PHE,107,O,3876,0.12919569347688412
LYS,63,NZ,ASP,62,OD2,3861,0.12869571014299525
LYS,169,NZ,GLU,212,OE1,3855,0.1284957168094397
LYS,169,NZ,GLU,212,OE2,3824,0.1274624179194027
ARG,130,NH1,GLU,127,OE1,3821,0.12736242125262492
GLU,190,N,GLY,186,O,3821,0.12736242125262492
HID,369,N,THR,366,O,3800,0.1266624445851805
ASN,428,N,ILE,425,O,3797,0.1265624479184027
ARG,130,NE,GLU,127,OE2,3736,0.12452918236058798
ASP,235,N,ASP,238,OD2,3734,0.12446251791606947
ARG,31,NH1,ASP,370,OD1,3701,0.12336255458151395
GLN,176,NE2,ASN,172,OD1,3692,0.12306256458118063
ARG,463,NE,ARG,463,OXT,3685,0.12282923902536583
GLN,119,NE2,GLU,311,OE1,3598,0.11992933568881037
ARG,31,NH1,ASP,370,OD2,3540,0.11799606679777341
ARG,130,NE,GLU,127,OE1,3532,0.11772940901969935
LEU,228,N,HID,224,O,3528,0.1175960801306623
TYR,216,OH,GLU,166,OE1,3497,0.11656278124062532
ILE,407,N,GLY,404,O,3471,0.1156961434618846
LYS,63,NZ,ASP,62,OD1,3461,0.11536282123929202
LYS,234,N,ASP,238,OD2,3445,0.1148295056831439
PHE,255,N,SER,253,OG,3442,0.11472950901636612
TYR,373,OH,GLU,54,OE1,3439,0.11462951234958835
ARG,70,NH2,VAL,339,O,3414,0.1137962067931069
ARG,105,NH1,GLU,411,OE1,3377,0.11256291456951435
GLN,165,NE2,GLN,163,O,3367,0.11222959234692177
GLN,119,NE2,GLU,311,OE2,3361,0.11202959901336622
ARG,406,NH1,HM1,464,O2D,3360,0.11199626679110697
LYS,248,NZ,GLU,245,O,3359,0.1119629345688477
ARG,204,N,GLY,201,O,3330,0.11099630012332923
LYS,169,NZ,GLU,166,OE2,3324,0.11079630678977367
LYS,393,NZ,ASP,383,O,3313,0.11042965234492183
ARG,29,NH1,ASP,19,OD2,3302,0.11006299790007
LYS,169,NZ,GLU,166,OE1,3265,0.10882970567647746
GLU,115,N,GLU,115,OE2,3171,0.1056964767841072
ALA,64,N,VAL,61,O,3130,0.10432985567147762
ARG,57,NE,GLU,396,OE2,3111,0.10369654344855171
LYS,317,NZ,HIE,313,O,3087,0.10289657011432952
TYR,216,OH,GLU,166,OE2,3047,0.1015632812239592
HID,341,ND1,GLY,69,O,3034,0.10112996233458885
ARG,295,NH1,GLU,299,OE2,3015,0.10049665011166295
ARG,105,NH2,GLU,411,OE1,3005,0.10016332788907037
SER,132,N,LEU,129,O,3001,0.10002999900003333
LYS,131,NZ,GLU,128,OE2,2991,0.09969667677744075
THR,344,OG1,SER,68,OG,2986,0.09953001566614446
LYS,451,NZ,SER,332,O,2980,0.09933002233258892
GLU,166,N,ASP,164,OD2,2942,0.09806339788673711
MET,244,N,LEU,241,O,2892,0.09639678677377421
GLU,115,N,GLU,115,OE1,2861,0.0953634878837372
HID,243,ND1,THR,239,O,2825,0.09416352788240392
LYS,234,NZ,ASP,229,OD2,2799,0.09329689010366321
ARG,57,NH1,GLU,396,OE2,2790,0.0929969001033299
LEU,312,N,GLU,115,OE1,2760,0.09199693343555215
PHE,107,N,MET,104,O,2727,0.09089697010099664
ARG,105,NH2,GLU,411,OE2,2703,0.09009699676677443
ALA,232,N,ASP,229,O,2674,0.08913036232125596
GLU,254,N,GLU,254,OE1,2666,0.08886370454318189
GLN,163,NE2,GLU,128,OE1,2662,0.08873037565414486
SER,430,OG,PRO,462,O,2639,0.08796373454218193
LYS,131,NZ,GLU,128,OE1,2636,0.08786373787540415
MET,337,N,GLY,448,O,2636,0.08786373787540415
ALA,316,N,HIE,313,O,2625,0.08749708343055232
ALA,391,N,ASP,387,O,2621,0.08736375454151528
ARG,81,NH2,PHE,79,O,2600,0.08666377787407087
ILE,154,N,ILE,150,O,2597,0.08656378120729309
ARG,57,NH1,GLU,396,OE1,2596,0.08653044898503383
GLU,166,N,ASP,164,OD1,2516,0.08386387120429319
ILE,413,N,GLY,410,O,2492,0.083063897870071
ARG,57,NE,GLU,54,OE1,2434,0.08113062897903403
ARG,406,NH2,HM1,464,O2D,2434,0.08113062897903403
ASP,333,N,ARG,330,O,2384,0.07946401786607113
ARG,31,NE,ASP,36,OD2,2370,0.07899736675444152
ARG,204,NH2,LYS,197,O,2319,0.07729742341921936
ASP,235,N,ASP,238,OD1,2314,0.07713076230792307
THR,344,OG1,ALA,66,O,2288,0.07626412452918237
LYS,234,NZ,ASP,229,OD1,2277,0.07589747008433052
LYS,111,NZ,ASP,235,OD1,2269,0.07563081230625646
THR,344,OG1,GLN,345,OE1,2258,0.07526415786140463
ALA,316,N,LEU,312,O,2249,0.0749641678610713
GLN,163,NE2,GLU,128,OE2,2247,0.07489750341655278
LEU,312,N,GLU,115,OE2,2232,0.07439752008266391
SER,253,OG,ASN,250,O,2221,0.07403086563781207
ARG,45,N,LEU,42,O,2219,0.07396420119329356
ASN,89,ND2,SER,68,OG,2200,0.07333088897036766
PHE,141,N,ASP,138,OD1,2154,0.07179760674644178
LYS,234,N,ASP,238,OD1,2136,0.07119762674577514
ARG,57,NE,GLU,54,OE2,2133,0.07109763007899737
SER,365,OG,PRO,336,O,2096,0.06986433785540482
ALA,251,N,GLU,247,O,2071,0.06903103229892336
GLN,187,N,VAL,184,O,2064,0.06879770674310856
GLY,157,N,ILE,154,O,2044,0.0681310622979234
HIE,203,NE2,LYS,197,O,2044,0.0681310622979234
LYS,405,NZ,ALA,64,O,2028,0.06759774674177528
ARG,105,N,VAL,101,O,2026,0.06753108229725675
ARG,159,NH1,GLU,121,OE1,2001,0.0666977767407753
ASP,333,N,PHE,331,O,1997,0.06656444785173828
ARG,298,NE,GLU,294,OE2,1994,0.0664644511849605
ARG,29,NH2,GLN,17,O,1965,0.06549781673944202
ARG,225,NH2,GLU,226,OE2,1964,0.06546448451718276
GLU,245,N,LEU,242,O,1951,0.0650311656278124
LYS,133,N,LEU,129,O,1945,0.06483117229425686
SER,68,OG,THR,344,OG1,1938,0.06459784673844206
LEU,60,N,ARG,57,O,1923,0.06409786340455319
GLN,123,NE2,GLN,119,O,1921,0.06403119896003466
ARG,117,NH1,ILE,150,O,1917,0.06389787007099763
HIE,346,N,GLN,345,OE1,1897,0.06323122562581247
ARG,415,NH2,GLU,322,OE1,1892,0.06306456451451618
ARG,406,NH1,HM1,464,O1A,1885,0.06283123895870138
GLU,254,N,GLU,254,OE2,1854,0.061797940068664375
ASN,149,ND2,GLU,121,OE2,1845,0.06149795006833106
THR,275,OG1,GLU,417,OE1,1836,0.061197960067997735
ARG,81,NH1,PRO,78,O,1828,0.06093130228992367
ARG,225,NH2,GLU,226,OE1,1816,0.060531315622812575
SER,193,OG,GLU,190,OE1,1776,0.059198026732442253
LYS,248,NZ,GLU,245,OE2,1752,0.05839805339822006
GLN,302,NE2,ARG,298,O,1730,0.057664744508516386
ASN,209,ND2,GLN,205,O,1725,0.057498083397220096
MET,109,N,ASP,106,O,1705,0.056831438952034935
PHE,167,N,ASP,164,O,1700,0.056664777840738645
GLU,116,N,SER,113,O,1683,0.056098130062331254
THR,102,OG1,HID,243,NE2,1682,0.056064797840072
SER,220,OG,VAL,155,O,1673,0.055764807839738674
ASN,250,ND2,PHE,255,O,1665,0.055498150061664614
SER,113,N,GLU,116,OE1,1659,0.05529815672810906
ARG,298,NH2,GLU,294,OE2,1652,0.05506483117229426
HIE,203,NE2,PHE,199,O,1636,0.05453151561614613
LYS,248,NZ,GLU,245,OE1,1632,0.054398186727109096
ARG,315,NH1,ARG,415,O,1629,0.05429819006033132
LYS,111,NZ,LYS,234,O,1607,0.053564881170627646
GLN,345,NE2,GLU,65,O,1580,0.05266491116962768
ARG,225,NH1,HIE,257,ND1,1569,0.05229825672477584
PHE,141,N,ASP,138,OD2,1565,0.05216492783573881
ARG,415,NH1,GLU,322,OE2,1554,0.05179827339088697
ARG,406,NH2,ALA,88,O,1539,0.0512982900569981
ARG,70,NE,HM1,464,O2A,1533,0.05109829672344255
ALA,88,N,GLY,84,O,1524,0.05079830672310923
GLH,71,OE2,HID,341,O,1509,0.050298323389220356
THR,275,OG1,GLU,417,OE2,1501,0.050031665611146296
ARG,298,NH2,GLU,301,OE2,1493,0.04976500783307223
LYS,111,NZ,ASP,235,OD2,1489,0.049631678944035196
HID,243,N,TYR,240,O,1479,0.049298356721442615
ARG,92,NE,GLU,254,OE2,1458,0.0485983800539982
GLU,411,N,GLU,411,OE2,1436,0.047865071164294525
ARG,298,NH2,GLU,301,OE1,1432,0.04773174227525749
LYS,72,NZ,PHE,87,O,1431,0.047698410052998234
LYS,131,NZ,GLU,127,O,1429,0.047631745608479714
GLU,396,N,GLU,396,OE2,1424,0.047465084497183424
ARG,92,NE,GLU,254,OE1,1402,0.04673177560747975
ILE,150,N,THR,147,O,1391,0.04636512116262791
GLN,445,NE2,THR,455,OG1,1389,0.04629845671810939
THR,103,N,SER,100,O,1383,0.046098463384553846
LYS,158,NZ,ARG,159,O,1377,0.0458984700509983
LYS,376,NZ,GLU,375,OE1,1366,0.04553181560614646
HIE,252,N,LYS,248,O,1363,0.045431818939368686
ARG,92,NE,GLY,82,O,1352,0.04506516449451685
ARG,45,NH1,GLU,190,OE1,1340,0.044665177827405755
LYS,234,NZ,ALA,232,O,1328,0.044265191160294655
GLU,166,N,GLU,166,OE2,1323,0.044098530048998365
LYS,131,N,GLU,128,O,1319,0.04396520115996133
GLY,412,N,GLU,411,OE1,1311,0.04369854338188727
ILE,146,N,PHE,143,O,1305,0.043498550048331724
GLU,121,N,ILE,118,O,1301,0.04336522115929469
ARG,31,NH1,ASP,36,OD2,1282,0.04273190893636879
GLN,205,NE2,GLN,176,OE1,1275,0.042498583380553984
TYR,240,OH,SER,256,O,1269,0.04229859004699843
GLY,412,N,GLU,411,OE2,1267,0.04223192560247992
TYR,281,OH,LYS,451,O,1256,0.04186527115762808
SER,153,N,ILE,150,O,1252,0.041731942268591046
LYS,376,NZ,GLU,375,OE2,1250,0.04166527782407253
LYS,356,NZ,THR,344,O,1243,0.04143195226825772
GLU,411,N,GLU,411,OE1,1229,0.040965301156628116
SER,193,OG,GLU,190,OE2,1225,0.04083197226759108
ARG,298,NH1,GLU,294,OE2,1225,0.04083197226759108
ALA,436,N,ASP,439,OD1,1224,0.040798640045331826
LEU,364,N,LEU,362,O,1195,0.03983200559981334
ARG,57,NH1,ASP,62,OD1,1179,0.039298690043665215
GLU,166,N,GLU,166,OE1,1177,0.039232025599146694
SER,256,OG,ASN,259,OD1,1177,0.039232025599146694
ARG,330,NH1,HID,369,NE2,1166,0.03886537115429486
SER,113,N,GLU,116,OE2,1163,0.03876537448751708
SER,193,OG,PHE,189,O,1162,0.038732042265257824
ARG,117,NH2,ARG,112,O,1161,0.03869871004299857
GLU,438,N,GLU,438,OE1,1159,0.038632045598480054
ARG,45,NH1,GLU,190,OE2,1157,0.038565381153961534
LYS,131,NZ,GLU,127,OE1,1145,0.03816539448685044
SER,220,OG,TYR,216,O,1144,0.038132062264591184
ARG,81,NH1,PHE,79,O,1143,0.03809873004233192
ASN,172,ND2,LEU,168,O,1141,0.03803206559781341
ASN,261,ND2,HIE,257,O,1136,0.03786540448651712
ARG,280,NH1,TYR,175,OH,1126,0.037532082263924536
GLN,163,NE2,TYR,162,O,1123,0.03743208559714676
GLU,299,N,VAL,296,O,1108,0.03693210226325789
GLU,212,N,ASN,209,O,1099,0.03663211226292457
PHE,167,N,ASP,164,OD1,1097,0.03656544781840605
THR,227,OG1,HID,224,O,1084,0.0361321289290357
ARG,298,NE,GLU,294,OE1,1079,0.03596546781773941
GLN,345,N,ALA,66,O,1076,0.035865471150961635
SER,132,OG,GLU,128,OE2,1065,0.0354988167061098
ARG,29,NH1,GLN,17,O,1047,0.03489883670544315
PHE,167,N,ASP,164,OD2,1047,0.03489883670544315
SER,68,OG,ASN,89,OD1,1046,0.034865504483183894
ARG,117,NH1,SER,153,OG,1042,0.03473217559414686
ARG,225,NH1,GLU,245,OE1,1028,0.03426552448251725
LYS,405,N,LEU,60,O,1025,0.03416552781573948
LYS,246,N,HID,243,O,1011,0.03369887670410986
ARG,1,N,ILE,353,O,1006,0.03353221559281357
SER,256,N,ASN,259,OD1,1006,0.03353221559281357
ARG,92,NE,HIE,252,O,999,0.03329889003699877
ARG,225,NH1,GLU,245,OE2,996,0.03319889337022099
CM1,408,N,PHE,401,O,996,0.03319889337022099
ALA,416,N,ILE,413,O,996,0.03319889337022099
GLU,411,N,CM1,408,O,988,0.032932235592146926
LYS,376,NZ,ASP,378,OD2,985,0.032832238925369156
THR,455,N,GLN,445,OE1,978,0.032598913369554346
ALA,436,N,ASP,439,OD2,973,0.032432252258258056
THR,147,OG1,THR,272,O,954,0.03179894003533216
GLN,187,NE2,SER,182,O,952,0.03173227559081364
LYS,131,NZ,GLU,127,OE2,950,0.031665611146295125
LYS,223,NZ,GLU,226,OE2,944,0.03146561781273958
ARG,298,NE,GLU,301,OE1,944,0.03146561781273958
LYS,72,NZ,ASN,89,OD1,943,0.031432285590480315
LYS,223,NZ,GLU,226,OE1,943,0.031432285590480315
ARG,57,NH1,ASP,62,OD2,933,0.031098963367887738
TYR,175,OH,GLN,445,OE1,933,0.031098963367887738
MET,170,N,PHE,167,O,928,0.030932302256591448
PHE,107,N,ARG,105,O,925,0.030832305589813674
GLU,396,N,GLU,396,OE1,917,0.030565647811739607
GLN,302,N,GLU,299,O,907,0.030232325589147027
LEU,191,N,GLN,187,O,890,0.029665677810739643
GLU,438,N,GLU,438,OE2,889,0.029632345588480383
GLN,165,N,GLN,165,OE1,886,0.02953234892170261
LYS,376,NZ,ASP,378,OD1,886,0.02953234892170261
LEU,15,N,GLY,13,O,882,0.029399020032665577
GLN,211,NE2,GLN,211,O,872,0.029065697810072996
ARG,1,NE,GLY,351,O,864,0.028799040031998933
SER,132,OG,GLU,128,OE1,854,0.028465717809406352
ASN,214,ND2,GLN,211,OE1,846,0.02819906003133229
VAL,61,N,GLU,58,O,840,0.027999066697776742
THR,39,OG1,PRO,4,O,839,0.027965734475517482
LYS,208,NZ,GLN,211,OE1,838,0.027932402253258225
LEU,312,N,GLU,311,OE1,836,0.02786573780873971
LEU,142,N,PRO,139,O,831,0.02769907669744342
GLU,247,N,MET,244,O,829,0.027632412252924902
ARG,57,NH2,ASP,62,OD2,825,0.027499083363887872
HIE,161,NE2,GLU,128,OE2,822,0.027399086697110095
ARG,92,NH2,GLU,254,O,818,0.027265757808073065
ARG,315,N,LEU,312,O,814,0.02713242891903603
MET,104,N,VAL,101,O,811,0.027032432252258258
LYS,72,N,ARG,70,O,802,0.026732442251924934
TYR,326,OH,GLU,322,OE2,799,0.02663244558514716
HID,369,N,SER,365,O,798,0.026599113362887904
ARG,406,NE,HM1,464,O2A,798,0.026599113362887904
ARG,225,NH1,GLU,222,OE1,795,0.02649911669611013
GLN,187,NE2,ASP,19,O,785,0.02616579447351755
SER,402,OG,ARG,406,O,780,0.02599913336222126
ARG,298,NH2,GLU,294,OE1,779,0.025965801139962
LEU,12,N,LEU,9,O,776,0.025865804473184227
ASN,250,ND2,GLU,247,OE1,776,0.025865804473184227
ARG,31,NH1,GLY,35,O,775,0.02583247225092497
ARG,350,NH1,ASP,36,OD1,766,0.025532482250591647
LYS,208,NZ,GLN,205,OE1,761,0.025365821139295357
ASN,259,N,SER,256,O,752,0.025065831138962033
ARG,350,NH1,ASP,36,OD2,741,0.024699176694110196
ALA,135,N,LYS,133,O,735,0.02449918336055465
ASN,259,ND2,ASN,259,O,731,0.024365854471517616
LYS,234,NZ,SER,231,OG,729,0.0242991900269991
GLN,445,NE2,TYR,175,OH,726,0.024199193360221326
GLU,115,N,SER,113,OG,722,0.024065864471184292
THR,147,OG1,GLY,271,O,718,0.023932535582147262
ARG,81,NE,PRO,78,O,716,0.023865871137628746
HIE,252,NE2,GLU,254,OE1,712,0.023732542248591712
GLY,84,N,ASN,259,OD1,711,0.023699210026332455
ARG,225,NH1,GLU,222,OE2,708,0.023599213359554682
GLN,345,NE2,THR,347,OG1,704,0.02346588447051765
ARG,1,NE,LEU,2,O,693,0.02309923002566581
LEU,188,N,PHE,185,O,690,0.022999233358888038
GLU,65,N,GLU,65,OE1,687,0.02289923669211026
SER,193,N,PHE,189,O,685,0.022832572247591748
ARG,29,NH2,ASP,19,OD2,684,0.022799240025332488
THR,102,OG1,HID,243,ND1,682,0.02273257558081397
VAL,339,N,HID,341,NE2,668,0.02226592446918436
ARG,29,NE,ASP,19,OD2,667,0.0222325922469251
SER,113,OG,GLU,116,OE1,664,0.022132595580147327
HIE,219,N,TYR,216,O,662,0.02206593113562881
GLY,157,N,CYS,152,O,656,0.021865937802073264
ARG,1,NH2,GLY,351,O,654,0.021799273357554747
HIE,257,NE2,GLU,222,OE2,650,0.021665944468517717
ARG,29,NH1,GLU,32,OE1,648,0.0215992800239992
TYR,216,OH,GLU,166,O,645,0.021499283357221427
GLU,32,N,ARG,29,O,641,0.021365954468184394
GLN,302,NE2,GLU,301,OE1,638,0.02126595780140662
GLU,65,N,GLU,65,OE2,637,0.02123262557914736
LEU,312,N,GLU,311,OE2,633,0.02109929669011033
ALA,64,N,ASP,62,O,630,0.020999300023332557
GLU,226,N,LYS,223,O,629,0.020965967801073297
GLY,134,N,SER,132,OG,615,0.020499316689443686
ARG,117,NE,SER,153,OG,609,0.020299323355888136
GLY,69,N,ILE,342,O,608,0.02026599113362888
ASN,250,ND2,GLU,247,OE2,608,0.02026599113362888
GLN,176,NE2,ASN,172,O,607,0.020232658911369623
LYS,94,NZ,ASN,91,OD1,604,0.020132662244591846
SER,332,OG,THR,278,OG1,595,0.019832672244258526
ALA,388,N,ASP,387,OD1,594,0.019799340021999266
THR,272,N,PHE,269,O,583,0.01943268557714743
ARG,92,NE,HIE,252,ND1,582,0.019399353354888172
GLN,302,NE2,GLU,301,OE2,582,0.019399353354888172
GLN,457,NE2,ASP,138,OD2,572,0.019066031132295592
ARG,57,NH2,ASP,62,OD1,571,0.01903269891003633
CYS,124,N,GLU,121,O,567,0.0188993700209993
ARG,98,NH1,SER,249,O,564,0.018799373354221525
ARG,98,NH1,SER,249,OG,561,0.01869937668744375
SER,433,OG,VAL,435,O,561,0.01869937668744375
ARG,225,N,GLU,222,O,558,0.018599380020665978
ARG,295,NH1,HIE,291,O,551,0.01836605446485117
ASN,250,ND2,GLU,247,O,549,0.018299390020332654
TRP,93,N,GLY,90,O,548,0.018266057798073398
ARG,298,NE,GLU,301,OE2,542,0.01806606446451785
THR,358,OG1,LYS,356,O,538,0.017932735575480818
ARG,92,NH2,HIE,252,O,537,0.01789940335322156
ASN,14,ND2,ARG,7,O,533,0.017766074464184527
LYS,393,NZ,ASP,387,OD1,528,0.017599413352888237
HIE,252,N,ASN,250,OD1,524,0.017466084463851204
ALA,388,N,ASP,387,OD2,516,0.01719942668577714
ARG,29,NH2,ASP,19,OD1,507,0.01689943668544382
ASN,172,ND2,GLN,176,NE2,504,0.016799440018666043
LYS,208,NZ,GLU,212,OE1,501,0.01669944335188827
ARG,463,NH1,LEU,426,O,500,0.016666111129629013
SER,348,OG,TYR,352,O,492,0.01639945335155495
ALA,74,N,GLU,190,OE2,489,0.016299456684777173
LYS,208,NZ,GLU,212,OE2,487,0.01623279224025866
ARG,350,NH1,GLU,54,OE2,483,0.016099463351221626
GLN,176,NE2,ASN,209,OD1,482,0.01606613112896237
GLN,165,NE2,GLU,166,OE2,479,0.015966134462184593
LEU,173,N,MET,170,O,478,0.015932802239925336
ARG,350,NH1,GLU,54,OE1,478,0.015932802239925336
ARG,298,NH1,GLU,294,OE1,476,0.01586613779540682
ASN,428,ND2,GLN,427,OE1,475,0.015832805573147563
ASN,89,ND2,SER,68,O,471,0.01569947668411053
ASP,238,N,ASP,235,O,470,0.015666144461851272
PHE,80,N,ASP,77,O,468,0.015599480017332756
GLU,375,N,GLU,375,OE1,468,0.015599480017332756
SER,113,OG,GLU,116,OE2,466,0.015532815572814239
LYS,394,NZ,TYR,326,OH,465,0.015499483350554982
ARG,130,NH2,ASN,428,OD1,464,0.015466151128295724
ARG,81,NH2,GLN,258,OE1,462,0.015399486683777207
GLN,457,NE2,ASP,138,OD1,460,0.015332822239258692
HIE,203,NE2,LEU,196,O,458,0.015266157794740175
TYR,240,OH,ASN,259,OD1,451,0.015032832238925369
LYS,393,NZ,ASP,387,OD2,450,0.014999500016666112
TYR,456,N,PRO,454,O,448,0.014932835572147595
ALA,251,N,SER,249,OG,447,0.014899503349888337
GLY,69,N,HM1,464,O2A,445,0.014832838905369822
ASP,62,N,GLU,58,O,444,0.014799506683110563
LYS,451,NZ,PHE,331,O,444,0.014799506683110563
ARG,29,NH1,GLU,32,OE2,437,0.014566181127295756
LYS,393,NZ,LEU,386,O,431,0.014366187793740208
HIE,257,NE2,GLU,222,OE1,429,0.014299523349221693
GLN,123,N,GLU,120,O,427,0.014232858904703176
GLU,375,N,GLU,375,OE2,424,0.014132862237925403
GLN,457,NE2,TYR,456,O,424,0.014132862237925403
ARG,1,NH1,LEU,2,O,422,0.014066197793406886
ARG,204,NH2,TYR,198,O,420,0.013999533348888371
LYS,317,NZ,ASP,314,OD1,420,0.013999533348888371
GLN,165,NE2,GLU,166,OE1,415,0.013832872237592081
PHE,174,N,LEU,171,O,415,0.013832872237592081
VAL,449,N,ILE,181,O,414,0.013799540015332823
LYS,376,N,GLU,375,OE1,413,0.013766207793073564
LYS,133,NZ,ARG,130,O,410,0.01366621112629579
ARG,29,NH2,GLU,32,OE2,409,0.013632878904036532
LYS,376,N,GLU,375,OE2,407,0.013566214459518016
LYS,111,NZ,PHE,107,O,402,0.013399553348221726
VAL,303,N,ILE,300,O,402,0.013399553348221726
LYS,451,NZ,ASP,333,O,402,0.013399553348221726
SER,220,N,ILE,217,O,398,0.013266224459184694
LYS,197,N,GLY,194,O,397,0.013232892236925435
GLU,116,N,GLU,115,OE2,393,0.013099563347888404
ASN,259,ND2,TYR,83,O,390,0.01299956668111063
ARG,20,NH1,ASP,19,OD1,388,0.012932902236592114
ARG,29,NE,ASP,19,OD1,388,0.012932902236592114
ARG,204,NE,PHE,199,O,387,0.012899570014332855
HIE,161,NE2,GLU,128,OE1,384,0.012799573347555082
ILE,118,N,GLU,115,O,382,0.012732908903036565
GLN,211,NE2,ASN,214,OD1,382,0.012732908903036565
ARG,81,NH2,TYR,207,OH,379,0.012632912236258792
ASN,209,ND2,LEU,173,O,379,0.012632912236258792
ARG,31,NH1,ASP,36,OD1,378,0.012599580013999533
MET,337,N,VAL,449,O,378,0.012599580013999533
HIE,161,NE2,GLN,163,OE1,376,0.012532915569481017
ARG,204,N,HIE,203,ND1,375,0.01249958334722176
GLN,211,NE2,LYS,208,O,373,0.012432918902703243
ARG,92,NH1,ASN,259,OD1,372,0.012399586680443985
LYS,111,NZ,SER,153,O,370,0.01233292223592547
HID,224,N,VAL,221,O,370,0.01233292223592547
ARG,459,NH2,GLY,134,O,368,0.012266257791406953
ARG,29,NH2,GLU,32,OE1,367,0.012232925569147695
GLU,116,N,GLU,115,OE1,366,0.012199593346888436
ASN,259,ND2,GLU,254,OE2,358,0.011932935568814373
ARG,81,NH2,GLN,211,OE1,357,0.011899603346555114
GLY,43,N,HIE,41,O,350,0.01166627779074031
ARG,117,NH2,SER,153,OG,349,0.01163294556848105
HID,341,ND1,HM1,464,O2A,348,0.011599613346221792
GLY,186,N,SER,183,O,347,0.011566281123962534
ASN,91,ND2,HIE,252,NE2,344,0.01146628445718476
GLY,43,N,LEU,12,O,343,0.011432952234925502
ARG,225,NH2,HIE,257,ND1,334,0.01113296223459218
LYS,248,N,GLU,245,O,334,0.01113296223459218
PHE,189,N,GLY,186,O,333,0.011099630012332922
ASN,149,N,ILE,146,O,331,0.011032965567814405
ARG,45,NH1,GLU,359,OE2,329,0.01096630112329589
THR,358,N,VAL,343,O,328,0.010932968901036632
SER,68,OG,ALA,64,O,327,0.010899636678777374
LYS,246,NZ,GLU,247,OE2,326,0.010866304456518115
ARG,29,NE,GLU,32,OE1,324,0.0107996400119996
ARG,350,NH2,GLU,54,OE1,324,0.0107996400119996
PHE,401,N,ILE,399,O,322,0.010732975567481083
TYR,373,N,ASP,370,OD2,321,0.010699643345221825
ARG,29,NE,GLU,32,OE2,320,0.010666311122962568
SER,253,OG,GLU,254,O,320,0.010666311122962568
SER,253,N,SER,249,O,319,0.01063297890070331
SER,249,N,LYS,246,O,317,0.010566314456184793
LYS,234,NZ,GLY,110,O,311,0.010366321122629247
ILE,213,N,LEU,210,O,308,0.010266324455851471
GLU,254,N,TYR,83,OH,307,0.010232992233592213
THR,147,N,GLN,144,O,305,0.010166327789073698
LYS,158,N,PHE,156,O,301,0.010032998900036666
ARG,1,NH1,GLY,351,O,300,0.009999666677777408
ARG,350,NH2,GLU,54,OE2,299,0.00996633445551815
LYS,451,NZ,TYR,281,OH,298,0.009933002233258891
GLN,211,NE2,GLU,212,OE2,297,0.009899670010999633
GLN,119,NE2,GLU,115,OE1,295,0.009833005566481118
GLN,123,NE2,GLN,123,O,294,0.00979967334422186
ILE,342,N,SER,68,O,293,0.009766341121962601
LYS,111,NZ,GLY,108,O,292,0.009733008899703343
ARG,117,NH2,ILE,150,O,291,0.009699676677444086
ARG,31,NH2,GLU,32,OE2,290,0.009666344455184828
LYS,158,NZ,PHE,156,O,289,0.00963301223292557
ARG,117,NH2,SER,153,O,288,0.009599680010666311
GLY,84,N,GLY,82,O,287,0.009566347788407053
ARG,81,NH2,ASN,259,OD1,281,0.009366354454851506
SER,68,N,ALA,64,O,280,0.009333022232592247
LYS,197,NZ,GLY,194,O,280,0.009333022232592247
THR,272,OG1,THR,147,OG1,278,0.00926635778807373
GLN,165,NE2,GLN,165,O,275,0.009166361121295957
VAL,435,N,SER,433,O,275,0.009166361121295957
ARG,31,NH2,GLU,32,OE1,274,0.009133028899036699
ARG,92,N,ASN,89,O,273,0.00909969667677744
LYS,248,N,MET,244,O,273,0.00909969667677744
PHE,419,N,ALA,416,O,273,0.00909969667677744
LYS,405,NZ,PHE,67,O,271,0.009033032232258926
PHE,141,N,ASP,138,O,268,0.00893303556548115
GLN,345,NE2,ALA,66,O,268,0.00893303556548115
TYR,281,OH,PHE,331,O,267,0.008899703343221892
VAL,184,N,GLU,446,OE2,266,0.008866371120962635
GLN,445,NE2,GLU,446,OE1,265,0.008833038898703377
SER,220,OG,ILE,217,O,264,0.008799706676444119
LYS,223,NZ,THR,227,OG1,264,0.008799706676444119
ASN,261,ND2,ASN,214,OD1,264,0.008799706676444119
ARG,29,N,SER,26,O,263,0.00876637445418486
GLY,338,N,VAL,449,O,263,0.00876637445418486
GLY,450,N,GLY,448,O,263,0.00876637445418486
ARG,92,NH2,GLY,82,O,260,0.008666377787407087
ARG,117,NH1,ARG,112,O,258,0.00859971334288857
HID,341,ND1,VAL,339,O,257,0.008566381120629312
SER,193,N,GLU,190,O,256,0.008533048898370055
SER,256,N,GLU,254,O,256,0.008533048898370055
LEU,287,N,LEU,284,O,256,0.008533048898370055
ALA,379,N,PRO,377,O,256,0.008533048898370055
ARG,81,N,PRO,78,O,255,0.008499716676110797
ARG,204,NH1,LYS,197,O,253,0.00843305223159228
HIE,252,NE2,ASN,91,OD1,253,0.00843305223159228
ARG,81,NH1,GLN,258,OE1,252,0.008399720009333022
LYS,111,NZ,MET,109,O,252,0.008399720009333022
SER,253,N,ALA,251,O,250,0.008333055564814507
ASP,333,N,GLN,329,O,250,0.008333055564814507
ALA,74,N,GLU,190,OE1,246,0.008199726675777475
SER,253,OG,PHE,255,O,246,0.008199726675777475
ARG,7,NH1,PRO,8,O,245,0.008166394453518216
HID,224,ND1,ASP,235,OD2,245,0.008166394453518216
ARG,81,NH1,TYR,207,OH,242,0.008066397786740441
ARG,280,NH1,THR,277,OG1,238,0.00793306889770341
ARG,20,NH1,ASP,19,OD2,237,0.007899736675444151
PHE,185,N,SER,183,OG,237,0.007899736675444151
LYS,72,N,GLH,71,OE1,234,0.007799740008666378
ASN,91,N,ASN,89,OD1,233,0.0077664077864071195
HIE,313,N,GLU,311,OE1,233,0.0077664077864071195
ARG,92,N,ASN,89,OD1,232,0.007733075564147862
LYS,246,NZ,PRO,230,O,232,0.007733075564147862
LYS,246,NZ,GLU,247,OE1,232,0.007733075564147862
ALA,391,N,ASP,387,OD1,232,0.007733075564147862
ARG,70,NE,VAL,339,O,231,0.007699743341888604
ALA,55,N,GLY,52,O,228,0.007599746675110829
ARG,105,N,ASP,106,O,228,0.007599746675110829
ARG,70,N,ASN,89,ND2,227,0.007566414452851572
SER,249,OG,LYS,246,O,226,0.0075330822305923134
ARG,117,NH1,SER,113,O,224,0.0074664177860737976
ARG,159,NH1,GLU,120,OE1,224,0.0074664177860737976
ASP,357,N,THR,344,O,222,0.007399753341555282
THR,264,OG1,ASN,261,O,221,0.007366421119296023
GLU,120,N,ARG,117,O,220,0.007333088897036766
GLY,84,N,PHE,80,O,219,0.0072997566747775074
ARG,20,NH1,ARG,20,O,218,0.007266424452518249
ARG,225,NE,GLU,226,OE2,216,0.007199760007999733
THR,147,OG1,THR,275,OG1,214,0.007133095563481217
PHE,422,N,PHE,419,O,214,0.007133095563481217
LYS,158,NZ,HID,224,NE2,213,0.007099763341221959
ARG,92,NH1,GLU,254,O,212,0.007066431118962701
ARG,57,NH2,GLU,396,O,211,0.007033098896703443
PHE,67,N,LYS,63,O,209,0.006966434452184927
ARG,70,NE,HM1,464,O1A,209,0.006966434452184927
GLN,187,NE2,ILE,181,O,207,0.006899770007666411
LEU,9,N,HIE,41,ND1,205,0.006833105563147895
TYR,162,N,HIE,161,ND1,205,0.006833105563147895
TYR,216,N,ILE,213,O,204,0.006799773340888637
ARG,406,NH2,ALA,64,O,202,0.006733108896370121
ARG,295,NH2,GLU,299,OE2,198,0.0065997800073330885
GLY,201,N,PHE,199,O,197,0.006566447785073831
TYR,240,N,ILE,237,O,197,0.006566447785073831
ARG,225,NH1,GLU,226,OE2,195,0.006499783340555315
LYS,111,N,PHE,107,O,194,0.006466451118296057
THR,147,OG1,SER,276,OG,194,0.006466451118296057
GLU,127,N,CYS,124,O,193,0.006433118896036798
ARG,159,NH1,GLU,120,OE2,193,0.006433118896036798
GLN,163,N,HIE,161,O,193,0.006433118896036798
SER,402,OG,HM1,464,O2A,193,0.006433118896036798
ILE,425,N,PHE,422,O,193,0.006433118896036798
THR,344,OG1,GLU,65,O,191,0.0063664544515182825
HIE,313,N,GLU,311,OE2,189,0.006299790006999767
ILE,86,N,SER,266,OG,188,0.006266457784740508
THR,227,OG1,ASP,238,OD2,188,0.006266457784740508
ALA,367,N,ILE,363,O,188,0.006266457784740508
LYS,248,N,GLU,247,OE1,187,0.006233125562481251
ARG,117,N,VAL,114,O,186,0.006199793340221992
GLU,128,N,LEU,125,O,186,0.006199793340221992
SER,430,OG,LEU,461,O,185,0.006166461117962735
ARG,31,NE,GLU,32,OE1,182,0.006066464451184961
ARG,31,NH1,ARG,31,O,182,0.006066464451184961
ASN,89,N,GLY,82,O,181,0.006033132228925702
GLN,119,NE2,GLU,115,O,180,0.005999800006666445
SER,68,OG,ILE,342,O,179,0.005966467784407186
ARG,204,NH1,PHE,199,O,179,0.005966467784407186
LYS,248,N,GLU,247,OE2,179,0.005966467784407186
LYS,72,NZ,GLU,359,OE2,177,0.0058998033398886705
HIE,291,N,HIE,291,ND1,177,0.0058998033398886705
LYS,25,NZ,ASP,19,OD1,175,0.005833138895370155
GLN,345,NE2,HIE,346,O,174,0.005799806673110896
ARG,406,NH1,VAL,85,O,174,0.005799806673110896
LYS,394,N,LEU,392,O,173,0.005766474450851638
ARG,45,NH1,GLU,359,OE1,172,0.00573314222859238
LYS,133,N,LYS,131,O,170,0.0056664777840738645
GLU,359,N,GLU,359,OE1,169,0.005633145561814606
GLN,211,NE2,GLU,212,OE1,168,0.005599813339555348
ARG,350,NH2,ASP,36,OD1,168,0.005599813339555348
TYR,373,N,ASP,370,OD1,167,0.00556648111729609
ARG,406,NH2,GLU,65,OE1,167,0.00556648111729609
GLN,457,NE2,MET,137,O,167,0.00556648111729609
ARG,98,NH2,GLU,247,OE1,165,0.005499816672777574
ARG,112,NH1,GLU,116,OE2,165,0.005499816672777574
LYS,248,NZ,MET,244,O,165,0.005499816672777574
LYS,33,NZ,TYR,34,OH,164,0.005466484450518316
GLN,119,NE2,GLU,115,OE2,163,0.005433152228259058
THR,274,OG1,HM1,464,NB,163,0.005433152228259058
ARG,57,NH1,ARG,57,O,162,0.0053998200059998
GLY,450,N,ILE,181,O,162,0.0053998200059998
ARG,20,NH1,MET,18,O,161,0.005366487783740542
ARG,31,NE,GLU,32,OE2,161,0.005366487783740542
LYS,133,NZ,LYS,131,O,161,0.005366487783740542
LYS,111,N,MET,109,O,160,0.005333155561481284
HIE,203,N,HIE,203,ND1,160,0.005333155561481284
HIE,313,NE2,GLU,311,OE2,160,0.005333155561481284
GLN,187,NE2,ARG,21,O,159,0.005299823339222026
ASN,259,ND2,GLU,254,OE1,159,0.005299823339222026
LEU,260,N,HIE,257,O,159,0.005299823339222026
ALA,391,N,ASP,387,OD2,159,0.005299823339222026
GLN,123,NE2,GLU,120,O,157,0.00523315889470351
ARG,406,NH1,GLU,65,OE2,157,0.00523315889470351
ARG,20,NH1,LEU,16,O,156,0.005199826672444252
ARG,98,NH2,GLU,247,OE2,155,0.005166494450184994
ILE,151,N,ALA,148,O,155,0.005166494450184994
SER,183,N,SER,179,O,155,0.005166494450184994
GLN,211,NE2,TYR,207,OH,154,0.005133162227925736
ARG,92,NH2,ARG,81,O,153,0.005099830005666478
SER,179,OG,GLN,176,O,153,0.005099830005666478
ASP,229,N,ASP,238,OD1,153,0.005099830005666478
ARG,57,NH2,TYR,373,OH,152,0.00506649778340722
ILE,407,N,LYS,405,O,151,0.0050331655611479615
LYS,63,NZ,SER,348,OG,149,0.004966501116629446
ARG,112,NH1,GLU,116,OE1,149,0.004966501116629446
ARG,225,NH1,GLU,226,OE1,149,0.004966501116629446
ASN,250,ND2,VAL,95,O,149,0.004966501116629446
THR,347,OG1,HIE,346,O,149,0.004966501116629446
HIE,313,NE2,GLU,311,OE1,147,0.00489983667211093
TYR,207,OH,PRO,78,O,146,0.004866504449851671
LYS,208,N,GLN,205,O,146,0.004866504449851671
ARG,70,NH1,HM1,464,O2A,144,0.0047998400053331555
ARG,350,NH1,GLU,58,OE2,144,0.0047998400053331555
GLY,390,N,ASP,387,OD1,143,0.004766507783073898
VAL,449,N,GLN,187,NE2,143,0.004766507783073898
ARG,117,NE,SER,113,O,141,0.004699843338555381
ASN,172,ND2,GLN,176,OE1,141,0.004699843338555381
GLN,258,N,GLN,258,OE1,140,0.004666511116296124
GLN,345,NE2,THR,344,O,139,0.004633178894036865
ARG,225,NH2,HIE,257,NE2,138,0.004599846671777608
LYS,246,NZ,GLU,245,OE2,138,0.004599846671777608
GLN,302,NE2,GLN,302,O,137,0.0045665144495183494
SER,253,OG,SER,249,O,136,0.004533182227259091
PHE,460,N,GLY,134,O,136,0.004533182227259091
ARG,92,NH1,SER,253,OG,135,0.0044998500049998336
ASP,106,N,THR,102,O,135,0.0044998500049998336
GLN,445,NE2,GLU,446,OE2,135,0.0044998500049998336
GLN,123,NE2,GLU,127,OE2,132,0.004399853338222059
GLY,110,N,ASP,106,O,131,0.004366521115962801
ASN,263,ND2,LEU,96,O,131,0.004366521115962801
LYS,111,NZ,THR,239,OG1,130,0.004333188893703543
ARG,225,NE,GLU,226,OE1,130,0.004333188893703543
LYS,234,NZ,ASP,238,OD2,130,0.004333188893703543
SER,332,N,GLN,329,O,130,0.004333188893703543
ARG,57,NH1,GLU,396,O,129,0.004299856671444285
ASN,250,ND2,MET,244,O,128,0.0042665244491850276
LYS,131,NZ,SER,132,OG,127,0.004233192226925769
LYS,33,NZ,GLU,32,OE2,126,0.004199860004666511
LYS,111,NZ,PRO,233,O,126,0.004199860004666511
GLN,345,NE2,THR,344,OG1,126,0.004199860004666511
ARG,45,NH2,GLU,190,O,125,0.004166527782407253
ARG,98,NH1,GLU,247,OE1,125,0.004166527782407253
VAL,101,N,ARG,98,O,125,0.004166527782407253
ARG,330,NE,GLU,327,OE1,125,0.004166527782407253
GLY,390,N,ASP,387,OD2,125,0.004166527782407253
ILE,399,N,ALA,397,O,124,0.004133195560147995
ARG,117,NE,SER,153,O,123,0.004099863337888737
ARG,204,NE,LYS,197,O,123,0.004099863337888737
TYR,34,N,ARG,31,O,122,0.004066531115629479
LYS,169,NZ,ASN,172,OD1,122,0.004066531115629479
LYS,234,NZ,MET,109,O,121,0.004033198893370221
PHE,374,N,PRO,371,O,121,0.004033198893370221
PHE,199,N,PHE,195,O,120,0.003999866671110963
ILE,73,N,GLH,71,OE1,119,0.003966534448851705
VAL,155,N,CYS,152,O,118,0.003933202226592447
GLY,108,N,MET,104,O,117,0.003899870004333189
TYR,198,OH,GLY,194,O,117,0.003899870004333189
ARG,280,NH2,TYR,175,OH,117,0.003899870004333189
LYS,356,NZ,GLN,345,OE1,117,0.003899870004333189
ASN,214,ND2,ASN,214,O,116,0.003866537782073931
ARG,92,NH1,ARG,81,O,115,0.003833205559814673
ARG,159,NH2,GLU,120,OE1,114,0.0037998733375554147
GLN,144,N,PHE,141,O,113,0.0037665411152961567
ASN,214,ND2,GLN,258,NE2,113,0.0037665411152961567
TYR,320,N,GLU,299,OE1,113,0.0037665411152961567
ARG,45,N,GLY,43,O,112,0.0037332088930368988
LYS,288,NZ,GLU,438,O,112,0.0037332088930368988
ARG,295,NE,HIE,291,O,112,0.0037332088930368988
LYS,393,NZ,LYS,394,O,112,0.0037332088930368988
GLN,123,NE2,GLU,120,OE1,111,0.003699876670777641
ASN,172,ND2,ASN,172,O,111,0.003699876670777641
SER,253,OG,GLU,247,OE2,111,0.003699876670777641
LEU,180,N,THR,177,O,110,0.003666544448518383
ALA,215,N,GLU,212,O,109,0.0036332122262591245
LYS,246,NZ,LEU,242,O,109,0.0036332122262591245
ARG,350,NH2,ASP,36,OD2,109,0.0036332122262591245
ARG,98,NH1,GLU,247,OE2,108,0.0035998800039998666
SER,26,N,LEU,23,O,107,0.0035665477817406087
ASN,91,ND2,ASN,91,O,107,0.0035665477817406087
LYS,223,N,SER,220,O,107,0.0035665477817406087
HIE,372,NE2,ASP,36,OD1,107,0.0035665477817406087
GLN,123,NE2,GLU,127,OE1,106,0.0035332155594813507
VAL,95,N,ARG,92,O,105,0.0034998833372220928
GLU,58,N,ALA,55,O,103,0.0034332188927035765
ASN,389,N,ASP,387,O,103,0.0034332188927035765
ILE,73,N,ASP,77,OD2,102,0.0033998866704443185
LYS,94,N,ASN,91,O,102,0.0033998866704443185
LYS,111,NZ,SER,153,OG,102,0.0033998866704443185
LYS,234,NZ,ASP,238,OD1,102,0.0033998866704443185
SER,256,OG,GLN,258,OE1,102,0.0033998866704443185
LEU,362,N,MET,337,O,102,0.0033998866704443185
ASN,381,ND2,ALA,379,O,100,0.0033332222259258026
THR,455,N,GLN,445,NE2,100,0.0033332222259258026
LEU,196,N,SER,193,O,99,0.0032998900036665443
GLY,134,N,LEU,129,O,98,0.0032665577814072863
GLN,163,NE2,HIE,161,ND1,98,0.0032665577814072863
LYS,223,NZ,HIE,219,O,98,0.0032665577814072863
ARG,298,NH1,GLN,302,OE1,98,0.0032665577814072863
LEU,236,N,ILE,154,O,97,0.0032332255591480284
TYR,326,OH,GLU,322,OE1,97,0.0032332255591480284
ALA,232,N,ASP,229,OD2,96,0.0031998933368887704
ARG,295,NH1,HIE,291,ND1,94,0.003133228892370254
ARG,105,NH1,ASP,106,OD1,93,0.003099896670110996
LYS,197,NZ,TYR,198,OH,93,0.003099896670110996
GLN,445,N,PRO,453,O,93,0.003099896670110996
LYS,33,NZ,GLU,32,OE1,92,0.0030665644478517383
GLY,35,N,PHE,30,O,92,0.0030665644478517383
GLY,69,N,PHE,67,O,92,0.0030665644478517383
HIE,372,NE2,ASP,36,OD2,92,0.0030665644478517383
ARG,463,NH1,PHE,429,O,92,0.0030665644478517383
ARG,92,NH1,ASN,89,OD1,91,0.0030332322255924803
HID,341,ND1,VAL,360,O,90,0.0029999000033332224
LEU,362,N,HID,341,NE2,90,0.0029999000033332224
HIP,384,NE2,LYS,376,O,90,0.0029999000033332224
ARG,159,NH1,HIE,161,ND1,89,0.002966567781073964
ILE,237,N,VAL,155,O,89,0.002966567781073964
SER,193,OG,GLU,190,O,88,0.002933235558814706
THR,239,N,LEU,236,O,88,0.002933235558814706
ALA,59,N,ILE,56,O,87,0.002899903336555448
ARG,92,NH2,ASN,259,OD1,86,0.00286657111429619
ARG,112,N,GLY,108,O,86,0.00286657111429619
ASN,209,N,VAL,206,O,86,0.00286657111429619
ARG,315,NH2,ARG,415,O,85,0.0028332388920369322
LYS,317,NZ,HIE,313,ND1,84,0.002799906669777674
SER,231,OG,ALA,232,O,83,0.002766574447518416
LEU,241,N,ASP,238,O,83,0.002766574447518416
ARG,280,NH2,PRO,454,O,83,0.002766574447518416
HIE,307,NE2,ARG,463,OXT,83,0.002766574447518416
ALA,391,N,ASN,389,O,83,0.002766574447518416
ARG,98,NH2,THR,102,OG1,82,0.002733242225259158
ARG,105,N,THR,102,O,82,0.002733242225259158
LYS,246,NZ,GLU,245,OE1,82,0.002733242225259158
ARG,406,NH1,ALA,88,O,82,0.002733242225259158
ARG,406,NH1,HM1,464,O1D,81,0.0026999100029999
GLN,17,N,GLN,17,OE1,80,0.002666577780740642
LEU,403,N,SER,402,OG,80,0.002666577780740642
GLY,108,N,ASP,106,OD2,79,0.0026332455584813837
ILE,126,N,GLN,123,O,79,0.0026332455584813837
ARG,159,NH2,GLU,120,OE2,79,0.0026332455584813837
LYS,248,NZ,LYS,246,O,79,0.0026332455584813837
HIE,372,N,HIE,372,ND1,79,0.0026332455584813837
LYS,394,NZ,GLU,396,OE1,79,0.0026332455584813837
TYR,83,OH,SER,253,OG,78,0.002599913336222126
ARG,130,NH1,ASN,428,OD1,78,0.002599913336222126
ARG,159,NH1,GLU,121,OE2,78,0.002599913336222126
GLN,163,NE2,ASP,164,OD1,78,0.002599913336222126
ARG,97,NH1,CM1,408,O,77,0.002566581113962868
LYS,288,NZ,GLU,438,OE2,77,0.002566581113962868
ASN,89,ND2,ALA,88,O,76,0.00253324889170361
THR,147,OG1,GLN,144,O,76,0.00253324889170361
SER,253,OG,ASN,250,OD1,76,0.00253324889170361
PHE,255,N,SER,253,O,76,0.00253324889170361
ARG,295,NH1,TYR,320,OH,76,0.00253324889170361
HIE,257,NE2,GLU,245,OE2,75,0.002499916669444352
LEU,284,N,TYR,281,O,75,0.002499916669444352
GLY,108,N,ARG,105,O,74,0.002466584447185094
ALA,135,N,SER,132,OG,74,0.002466584447185094
ARG,204,NH1,TYR,198,O,74,0.002466584447185094
LYS,288,NZ,GLU,438,OE1,74,0.002466584447185094
LYS,208,NZ,ASN,209,OD1,73,0.0024332522249258357
ARG,406,NH1,LYS,405,O,73,0.0024332522249258357
ARG,81,NH2,PRO,78,O,72,0.0023999200026665777
THR,239,OG1,LEU,236,O,72,0.0023999200026665777
SER,253,OG,GLU,247,OE1,72,0.0023999200026665777
ARG,406,N,GLY,404,O,72,0.0023999200026665777
LEU,23,N,GLN,187,O,71,0.00236658778040732
LEU,228,N,GLU,226,O,71,0.00236658778040732
ARG,20,NH1,LEU,15,O,70,0.002333255558148062
ARG,98,NH2,ASN,250,OD1,70,0.002333255558148062
GLN,123,NE2,GLU,120,OE2,70,0.002333255558148062
GLN,165,NE2,GLN,163,OE1,70,0.002333255558148062
LYS,169,N,GLU,166,O,70,0.002333255558148062
SER,266,N,ASN,263,O,70,0.002333255558148062
ARG,308,N,HIE,307,ND1,70,0.002333255558148062
ASN,261,ND2,HIE,257,NE2,69,0.002299923335888804
ARG,298,NH2,GLN,302,OE1,69,0.002299923335888804
ARG,112,N,GLY,110,O,68,0.0022665911136295455
ASP,238,N,ASP,235,OD1,68,0.0022665911136295455
LEU,242,N,THR,239,O,68,0.0022665911136295455
ASN,261,ND2,GLN,258,OE1,68,0.0022665911136295455
LYS,288,N,LEU,285,O,68,0.0022665911136295455
ARG,315,NE,LEU,312,O,68,0.0022665911136295455
ARG,92,NE,SER,253,OG,67,0.0022332588913702876
HIE,252,NE2,TYR,83,OH,67,0.0022332588913702876
THR,395,OG1,GLU,396,OE2,67,0.0022332588913702876
ARG,81,NH1,ASP,77,OD2,66,0.0021999266691110297
ASN,259,ND2,SER,256,OG,66,0.0021999266691110297
LYS,317,NZ,HIE,313,NE2,66,0.0021999266691110297
LYS,356,N,HIE,346,NE2,66,0.0021999266691110297
CYS,447,N,GLU,446,OE2,66,0.0021999266691110297
SER,68,N,GLU,65,O,65,0.0021665944468517717
SER,68,OG,ALA,59,O,65,0.0021665944468517717
GLN,176,NE2,GLN,176,O,65,0.0021665944468517717
HID,243,ND1,THR,102,OG1,65,0.0021665944468517717
HIE,252,N,ASN,250,O,65,0.0021665944468517717
ARG,225,NH1,HIE,257,NE2,64,0.0021332622245925138
PHE,255,N,GLU,254,OE2,64,0.0021332622245925138
SER,276,OG,PHE,143,O,64,0.0021332622245925138
ASP,383,N,ASN,381,ND2,64,0.0021332622245925138
ARG,20,NH2,LEU,15,O,63,0.0020999300023332554
HID,224,ND1,ASP,235,OD1,63,0.0020999300023332554
ARG,295,N,VAL,292,O,63,0.0020999300023332554
ARG,463,NH1,SER,430,OG,63,0.0020999300023332554
SER,68,N,THR,344,OG1,62,0.0020665977800739975
ARG,70,NH1,HM1,464,O2D,62,0.0020665977800739975
THR,272,N,LEU,267,O,62,0.0020665977800739975
THR,344,OG1,ASP,357,OD1,62,0.0020665977800739975
GLY,351,N,PHE,349,O,62,0.0020665977800739975
THR,395,OG1,TYR,373,O,62,0.0020665977800739975
SER,183,OG,GLU,446,OE1,61,0.0020332655578147395
SER,256,OG,ASN,259,ND2,61,0.0020332655578147395
GLN,205,NE2,GLN,205,O,60,0.0019999333355554816
LYS,234,NZ,SER,231,O,60,0.0019999333355554816
LYS,131,NZ,GLN,163,OE1,59,0.0019666011132962236
GLN,205,NE2,PRO,200,O,59,0.0019666011132962236
LYS,234,N,ALA,232,O,59,0.0019666011132962236
GLU,359,N,PRO,46,O,59,0.0019666011132962236
VAL,184,N,GLU,446,OE1,58,0.0019332688910369655
GLU,254,N,GLU,247,OE1,58,0.0019332688910369655
ARG,406,NE,SER,68,OG,58,0.0019332688910369655
GLY,412,N,LEU,409,O,58,0.0019332688910369655
LYS,25,NZ,ASP,19,OD2,57,0.0018999366687777073
LYS,317,NZ,ASP,314,OD2,57,0.0018999366687777073
VAL,360,N,GLH,71,OE2,57,0.0018999366687777073
ARG,415,N,GLY,412,O,57,0.0018999366687777073
GLN,457,NE2,THR,455,O,57,0.0018999366687777073
LYS,169,NZ,GLN,165,O,56,0.0018666044465184494
GLN,187,NE2,ARG,20,O,56,0.0018666044465184494
LYS,394,NZ,LEU,392,O,56,0.0018666044465184494
PHE,255,N,GLU,254,OE1,55,0.0018332722242591915
LYS,288,NZ,TYR,289,OH,55,0.0018332722242591915
ARG,406,NH2,TRP,93,NE1,55,0.0018332722242591915
LYS,197,NZ,SER,193,O,54,0.0017999400019999333
ASN,214,ND2,GLN,211,O,54,0.0017999400019999333
ASP,229,N,THR,227,OG1,54,0.0017999400019999333
GLU,273,N,ALA,270,O,54,0.0017999400019999333
HIE,372,NE2,GLU,54,OE1,54,0.0017999400019999333
LYS,393,NZ,HIP,384,O,54,0.0017999400019999333
LYS,72,NZ,GLU,359,OE1,53,0.0017666077797406754
ARG,98,NH1,HID,243,NE2,53,0.0017666077797406754
ARG,159,NH2,HIE,161,ND1,53,0.0017666077797406754
HIE,372,NE2,GLU,54,OE2,53,0.0017666077797406754
ARG,81,NH1,ASP,77,OD1,52,0.0017332755574814172
ARG,105,NE,LEU,409,O,52,0.0017332755574814172
THR,177,N,PHE,174,O,52,0.0017332755574814172
THR,227,OG1,ASP,238,OD1,52,0.0017332755574814172
GLN,445,NE2,GLN,445,O,52,0.0017332755574814172
ASN,172,ND2,LYS,169,O,51,0.0016999433352221593
ARG,308,NH1,ILE,304,O,51,0.0016999433352221593
ARG,350,NH2,GLU,54,O,51,0.0016999433352221593
ARG,1,NH2,LEU,2,O,50,0.0016666111129629013
ARG,7,NH1,GLY,5,O,50,0.0016666111129629013
ASN,91,ND2,HIE,252,O,50,0.0016666111129629013
LYS,111,NZ,ILE,154,O,50,0.0016666111129629013
SER,276,OG,GLU,273,OE2,50,0.0016666111129629013
PHE,380,N,TYR,289,OH,50,0.0016666111129629013
ARG,70,NH2,ILE,86,O,49,0.0016332788907036432
ARG,98,NH2,HID,243,NE2,49,0.0016332788907036432
GLY,108,N,ASP,106,OD1,49,0.0016332788907036432
GLY,108,N,ASP,106,O,49,0.0016332788907036432
GLN,205,NE2,GLY,201,O,49,0.0016332788907036432
PHE,255,N,GLU,247,OE1,49,0.0016332788907036432
SER,402,N,PRO,400,O,49,0.0016332788907036432
SER,231,OG,ASP,229,O,48,0.0015999466684443852
THR,275,OG1,THR,147,OG1,48,0.0015999466684443852
ALA,293,N,PRO,290,O,48,0.0015999466684443852
GLN,329,NE2,ILE,325,O,48,0.0015999466684443852
ASN,14,ND2,GLY,13,O,47,0.001566614446185127
LYS,25,NZ,ARG,21,O,47,0.001566614446185127
THR,39,OG1,PHE,38,O,47,0.001566614446185127
PHE,67,N,GLU,65,O,47,0.001566614446185127
ARG,130,NH2,GLN,123,OE1,47,0.001566614446185127
LYS,223,NZ,HIE,219,ND1,47,0.001566614446185127
HID,341,ND1,PRO,340,O,47,0.001566614446185127
GLN,427,N,THR,424,O,47,0.001566614446185127
ARG,57,NH1,TYR,373,OH,46,0.0015332822239258691
SER,179,OG,GLU,446,OE1,46,0.0015332822239258691
TYR,240,OH,THR,103,OG1,46,0.0015332822239258691
HIE,252,NE2,ASN,91,O,46,0.0015332822239258691
SER,253,OG,TYR,83,OH,46,0.0015332822239258691
LEU,267,N,THR,264,O,46,0.0015332822239258691
SER,26,OG,LEU,23,O,45,0.0014999500016666112
SER,145,N,LEU,142,O,45,0.0014999500016666112
GLN,205,N,ALA,202,O,45,0.0014999500016666112
ALA,232,N,ASP,229,OD1,45,0.0014999500016666112
ASN,261,ND2,GLY,218,N,45,0.0014999500016666112
ASN,261,ND2,ASN,261,O,45,0.0014999500016666112
TYR,289,N,MET,286,O,45,0.0014999500016666112
LYS,405,NZ,VAL,61,O,45,0.0014999500016666112
ASN,250,ND2,HIE,252,O,44,0.001466617779407353
HIE,252,NE2,TYR,240,OH,44,0.001466617779407353
GLN,258,NE2,HIE,257,ND1,44,0.001466617779407353
ARG,7,NH2,GLY,5,O,43,0.001433285557148095
HIE,41,NE2,PRO,10,O,43,0.001433285557148095
GLN,119,NE2,GLN,123,OE1,43,0.001433285557148095
ARG,159,NH2,PHE,160,O,43,0.001433285557148095
ASN,263,N,GLN,258,O,43,0.001433285557148095
ARG,92,NH1,HIE,252,O,42,0.001399953334888837
PHE,107,N,THR,102,O,42,0.001399953334888837
GLN,187,NE2,SER,26,OG,42,0.001399953334888837
ASP,229,N,ASP,238,OD2,42,0.001399953334888837
GLN,258,N,HIE,257,ND1,42,0.001399953334888837
GLN,345,NE2,GLU,65,OE1,42,0.001399953334888837
LYS,169,NZ,GLN,165,OE1,41,0.001366621112629579
TYR,207,OH,GLN,211,OE1,41,0.001366621112629579
GLY,218,N,ILE,213,O,41,0.001366621112629579
GLN,258,NE2,ARG,81,NH1,41,0.001366621112629579
SER,256,OG,GLU,254,O,40,0.001333288890370321
HIE,257,NE2,ILE,237,O,40,0.001333288890370321
LYS,317,NZ,VAL,303,O,40,0.001333288890370321
LYS,394,NZ,GLU,396,OE2,40,0.001333288890370321
LEU,23,N,GLN,187,NE2,39,0.001299956668111063
PHE,30,N,PHE,27,O,38,0.001266624445851805
ARG,57,NE,GLU,396,O,38,0.001266624445851805
PHE,107,N,ASP,106,OD1,38,0.001266624445851805
GLY,134,N,SER,132,O,38,0.001266624445851805
GLN,176,NE2,ASN,172,ND2,38,0.001266624445851805
ARG,330,N,GLU,327,O,38,0.001266624445851805
ARG,350,NH1,GLU,54,O,38,0.001266624445851805
ARG,406,NH2,LEU,60,O,38,0.001266624445851805
ASN,91,ND2,ASN,89,OD1,37,0.001233292223592547
MET,109,N,ARG,105,O,37,0.001233292223592547
ARG,112,NE,GLU,120,OE2,37,0.001233292223592547
HIE,219,N,ASN,214,O,37,0.001233292223592547
LYS,223,NZ,HID,224,NE2,37,0.001233292223592547
LEU,236,N,VAL,155,O,37,0.001233292223592547
SER,253,N,HIE,252,ND1,37,0.001233292223592547
SER,253,OG,GLU,247,O,37,0.001233292223592547
ARG,350,NH1,GLU,58,OE1,37,0.001233292223592547
VAL,449,N,GLN,187,OE1,37,0.001233292223592547
HIE,252,NE2,GLU,254,OE2,36,0.0011999600013332889
GLN,258,NE2,SER,256,OG,36,0.0011999600013332889
GLU,247,N,ASN,250,OD1,35,0.001166627779074031
GLN,258,NE2,GLN,258,O,35,0.001166627779074031
ASN,381,ND2,GLU,375,OE1,35,0.001166627779074031
ASN,381,ND2,LYS,376,O,35,0.001166627779074031
ARG,57,NE,ASP,62,OD1,34,0.0011332955568147728
LYS,248,NZ,GLU,247,OE1,34,0.0011332955568147728
SER,249,OG,HIE,252,ND1,34,0.0011332955568147728
ALA,251,N,SER,249,O,34,0.0011332955568147728
ASN,263,ND2,ASN,259,O,34,0.0011332955568147728
GLY,390,N,ALA,388,O,34,0.0011332955568147728
LYS,33,NZ,ARG,29,O,33,0.0010999633345555148
ARG,70,NE,HID,341,NE2,33,0.0010999633345555148
GLN,187,NE2,VAL,184,O,33,0.0010999633345555148
SER,231,N,ASP,229,O,33,0.0010999633345555148
SER,253,OG,HIE,252,O,33,0.0010999633345555148
HIE,257,N,HIE,257,ND1,33,0.0010999633345555148
ASN,259,ND2,TYR,240,OH,33,0.0010999633345555148
THR,344,OG1,ASP,357,OD2,33,0.0010999633345555148
THR,455,OG1,GLN,445,NE2,33,0.0010999633345555148
ARG,57,NE,ASP,62,OD2,32,0.0010666311122962569
ARG,130,N,GLU,127,O,32,0.0010666311122962569
GLN,165,N,GLN,165,NE2,32,0.0010666311122962569
PHE,199,N,LYS,197,O,32,0.0010666311122962569
HID,224,ND1,ASP,238,OD1,32,0.0010666311122962569
HIE,252,N,ASN,250,ND2,32,0.0010666311122962569
SER,253,OG,HIE,252,ND1,32,0.0010666311122962569
HIE,307,N,HIE,307,ND1,32,0.0010666311122962569
ARG,459,NH1,ARG,459,O,32,0.0010666311122962569
ARG,20,NE,ARG,20,O,31,0.0010332988900369987
ARG,117,NE,VAL,114,O,31,0.0010332988900369987
ARG,298,NH1,GLU,294,O,31,0.0010332988900369987
SER,348,OG,GLY,351,O,31,0.0010332988900369987
ARG,81,NH1,ASN,259,OD1,30,0.0009999666677777408
ARG,204,NH2,PHE,199,O,30,0.0009999666677777408
ASN,209,ND2,GLN,176,NE2,30,0.0009999666677777408
ASN,209,ND2,GLN,205,OE1,30,0.0009999666677777408
GLN,258,NE2,TYR,83,OH,30,0.0009999666677777408
ARG,308,NE,ILE,304,O,30,0.0009999666677777408
LYS,393,NZ,ASP,383,OD2,30,0.0009999666677777408
ARG,415,NH2,GLU,411,OE2,30,0.0009999666677777408
ARG,29,NH1,ARG,29,O,29,0.0009666344455184827
LYS,158,NZ,SER,220,OG,29,0.0009666344455184827
SER,182,OG,GLY,450,O,29,0.0009666344455184827
ASN,214,N,GLN,211,O,29,0.0009666344455184827
ASN,250,N,GLU,247,OE1,29,0.0009666344455184827
ALA,414,N,GLU,411,O,29,0.0009666344455184827
GLN,457,NE2,ASP,138,N,29,0.0009666344455184827
GLU,54,N,GLU,54,OE2,28,0.0009333022232592247
ARG,98,NH1,THR,102,OG1,28,0.0009333022232592247
SER,132,OG,PHE,460,O,28,0.0009333022232592247
HID,243,ND1,TYR,240,O,28,0.0009333022232592247
LYS,246,NZ,HID,243,NE2,28,0.0009333022232592247
SER,256,N,ASN,259,ND2,28,0.0009333022232592247
VAL,292,N,HIE,291,ND1,28,0.0009333022232592247
LYS,393,NZ,GLU,375,OE1,28,0.0009333022232592247
THR,395,OG1,GLU,396,OE1,28,0.0009333022232592247
LYS,63,NZ,THR,347,OG1,27,0.0008999700009999666
ARG,105,NH1,ASP,106,OD2,27,0.0008999700009999666
LYS,234,NZ,HID,224,O,27,0.0008999700009999666
GLU,247,N,GLU,245,O,27,0.0008999700009999666
ARG,308,N,GLY,305,O,27,0.0008999700009999666
ARG,415,NE,GLU,411,O,27,0.0008999700009999666
THR,455,OG1,THR,455,O,27,0.0008999700009999666
LYS,94,NZ,GLU,65,OE2,26,0.0008666377787407086
GLN,211,N,LYS,208,O,26,0.0008666377787407086
THR,227,OG1,GLU,226,OE1,26,0.0008666377787407086
LEU,442,N,ASP,441,OD1,26,0.0008666377787407086
ARG,31,NH1,THR,366,O,25,0.0008333055564814507
SER,68,OG,PHE,67,O,25,0.0008333055564814507
ILE,73,N,ASP,77,OD1,25,0.0008333055564814507
ARG,81,NE,ASN,259,OD1,25,0.0008333055564814507
ARG,112,NH2,GLU,116,O,25,0.0008333055564814507
GLN,119,N,GLU,116,O,25,0.0008333055564814507
GLN,119,NE2,GLN,119,O,25,0.0008333055564814507
ARG,130,NH1,GLN,123,OE1,25,0.0008333055564814507
GLN,205,NE2,ASN,209,ND2,25,0.0008333055564814507
SER,253,OG,HID,243,NE2,25,0.0008333055564814507
HIE,257,NE2,VAL,221,O,25,0.0008333055564814507
ASN,261,N,GLN,258,O,25,0.0008333055564814507
HIE,307,NE2,ARG,463,O,25,0.0008333055564814507
LEU,312,N,GLN,119,OE1,25,0.0008333055564814507
PHE,27,N,LEU,24,O,24,0.0007999733342221926
GLU,54,N,GLU,54,OE1,24,0.0007999733342221926
ARG,98,N,VAL,95,O,24,0.0007999733342221926
LYS,111,NZ,GLY,157,O,24,0.0007999733342221926
THR,227,OG1,GLU,226,OE2,24,0.0007999733342221926
ASP,229,N,THR,227,O,24,0.0007999733342221926
ARG,298,NH1,ARG,298,O,24,0.0007999733342221926
ASN,381,ND2,GLU,375,OE2,24,0.0007999733342221926
GLY,412,N,ARG,105,NH1,24,0.0007999733342221926
GLN,445,NE2,SER,179,OG,24,0.0007999733342221926
GLN,457,NE2,LEU,136,O,24,0.0007999733342221926
ARG,20,NH2,MET,18,O,23,0.0007666411119629346
LYS,33,N,ARG,31,O,23,0.0007666411119629346
HIE,252,N,HIE,252,ND1,23,0.0007666411119629346
ARG,295,NE,TYR,320,OH,23,0.0007666411119629346
GLN,345,NE2,GLN,345,O,23,0.0007666411119629346
LYS,405,NZ,LEU,60,O,23,0.0007666411119629346
GLU,417,N,ALA,414,O,23,0.0007666411119629346
ARG,92,NH1,TYR,83,OH,22,0.0007333088897036765
ARG,117,NH1,VAL,114,O,22,0.0007333088897036765
PHE,143,N,THR,140,O,22,0.0007333088897036765
LYS,158,NZ,GLU,166,OE1,22,0.0007333088897036765
GLN,163,NE2,GLN,163,O,22,0.0007333088897036765
GLN,176,NE2,GLN,205,OE1,22,0.0007333088897036765
SER,220,OG,PHE,156,O,22,0.0007333088897036765
HIE,257,NE2,GLY,218,O,22,0.0007333088897036765
GLY,271,N,SER,266,O,22,0.0007333088897036765
SER,276,OG,GLU,273,OE1,22,0.0007333088897036765
VAL,296,N,ALA,293,O,22,0.0007333088897036765
THR,344,OG1,ILE,342,O,22,0.0007333088897036765
LYS,393,NZ,GLU,375,OE2,22,0.0007333088897036765
LEU,11,N,LEU,9,O,21,0.0006999766674444185
ASN,89,ND2,ASN,91,OD1,21,0.0006999766674444185
HIE,161,NE2,GLN,163,NE2,21,0.0006999766674444185
GLN,176,NE2,GLN,205,NE2,21,0.0006999766674444185
LYS,246,N,LEU,241,O,21,0.0006999766674444185
PHE,269,N,SER,266,O,21,0.0006999766674444185
GLN,345,NE2,GLU,65,OE2,21,0.0006999766674444185
TYR,352,N,ARG,350,O,21,0.0006999766674444185
ASN,381,ND2,PHE,380,O,21,0.0006999766674444185
ARG,21,N,ASP,19,O,20,0.0006666444451851605
ARG,21,NH1,ASP,19,OD2,20,0.0006666444451851605
LYS,72,NZ,LYS,72,O,20,0.0006666444451851605
ARG,112,NH2,GLY,110,O,20,0.0006666444451851605
GLN,163,N,HIE,161,NE2,20,0.0006666444451851605
ASN,172,N,LYS,169,O,20,0.0006666444451851605
SER,253,OG,GLU,254,OE1,20,0.0006666444451851605
LEU,368,N,SER,365,O,20,0.0006666444451851605
ASP,441,N,ASP,439,O,20,0.0006666444451851605
GLY,43,N,HIE,41,ND1,19,0.0006333122229259025
ALA,64,N,ALA,59,O,19,0.0006333122229259025
LYS,72,NZ,GLH,71,OE1,19,0.0006333122229259025
GLY,90,N,ASN,89,OD1,19,0.0006333122229259025
ARG,98,NE,GLU,247,OE2,19,0.0006333122229259025
THR,102,OG1,PHE,99,O,19,0.0006333122229259025
ARG,112,NH1,GLY,157,O,19,0.0006333122229259025
ARG,112,NH2,SER,113,O,19,0.0006333122229259025
LYS,131,NZ,GLN,163,NE2,19,0.0006333122229259025
SER,153,OG,GLY,157,O,19,0.0006333122229259025
SER,182,N,SER,179,O,19,0.0006333122229259025
ASN,259,ND2,ARG,92,NH2,19,0.0006333122229259025
GLU,294,N,HIE,291,O,19,0.0006333122229259025
HIE,346,N,GLN,345,NE2,19,0.0006333122229259025
ARG,415,NH2,GLU,411,OE1,19,0.0006333122229259025
ARG,7,NH2,PRO,3,O,18,0.0005999800006666444
ARG,98,NH2,SER,249,OG,18,0.0005999800006666444
ARG,159,NH2,TYR,162,OH,18,0.0005999800006666444
ARG,204,NH1,GLN,205,OE1,18,0.0005999800006666444
ASN,209,ND2,GLN,205,NE2,18,0.0005999800006666444
LYS,248,NZ,SER,249,OG,18,0.0005999800006666444
ARG,295,NH2,HIE,291,ND1,18,0.0005999800006666444
GLY,390,N,ASN,389,OD1,18,0.0005999800006666444
ARG,406,NE,LYS,405,O,18,0.0005999800006666444
LEU,442,N,ASP,441,OD2,18,0.0005999800006666444
ILE,56,N,VAL,53,O,17,0.0005666477784073864
ARG,81,NH1,GLN,211,OE1,17,0.0005666477784073864
GLY,90,N,SER,68,OG,17,0.0005666477784073864
GLN,144,NE2,THR,272,O,17,0.0005666477784073864
TYR,162,OH,CYS,124,O,17,0.0005666477784073864
TYR,207,N,ARG,204,O,17,0.0005666477784073864
GLU,247,N,GLU,247,OE1,17,0.0005666477784073864
ASN,250,ND2,ARG,98,NE,17,0.0005666477784073864
THR,264,N,ASN,261,O,17,0.0005666477784073864
THR,275,OG1,THR,274,OG1,17,0.0005666477784073864
ARG,330,NH2,GLU,327,OE2,17,0.0005666477784073864
GLY,351,N,SER,348,O,17,0.0005666477784073864
HID,369,ND1,ASP,333,OD1,17,0.0005666477784073864
HIP,384,NE2,GLU,375,OE1,17,0.0005666477784073864
ARG,406,NH2,PHE,67,O,17,0.0005666477784073864
ARG,406,NH2,SER,68,O,17,0.0005666477784073864
LYS,451,NZ,SER,365,OG,17,0.0005666477784073864
ARG,463,NE,SER,430,OG,17,0.0005666477784073864
LEU,28,N,LYS,25,O,16,0.0005333155561481284
ARG,70,NH2,HID,341,NE2,16,0.0005333155561481284
LYS,72,NZ,GLH,71,OE2,16,0.0005333155561481284
GLY,82,N,PHE,80,O,16,0.0005333155561481284
ARG,92,NH2,HIE,252,ND1,16,0.0005333155561481284
ARG,92,NH2,SER,253,OG,16,0.0005333155561481284
LYS,111,NZ,GLY,110,O,16,0.0005333155561481284
ARG,117,NH1,PHE,107,O,16,0.0005333155561481284
LEU,125,N,ALA,122,O,16,0.0005333155561481284
LYS,158,NZ,GLY,157,O,16,0.0005333155561481284
SER,183,OG,GLU,446,OE2,16,0.0005333155561481284
LYS,208,NZ,LYS,208,O,16,0.0005333155561481284
ASN,209,ND2,GLN,176,O,16,0.0005333155561481284
THR,227,OG1,ASP,235,OD1,16,0.0005333155561481284
HIE,252,NE2,SER,249,OG,16,0.0005333155561481284
SER,253,OG,HID,243,O,16,0.0005333155561481284
HIE,257,NE2,GLU,222,N,16,0.0005333155561481284
ARG,308,NH2,VAL,303,O,16,0.0005333155561481284
TYR,326,OH,ARG,415,NH1,16,0.0005333155561481284
HID,369,ND1,SER,365,OG,16,0.0005333155561481284
LYS,393,NZ,ASP,383,OD1,16,0.0005333155561481284
ARG,20,NH2,LEU,16,O,15,0.0004999833338888704
SER,26,OG,GLN,187,OE1,15,0.0004999833338888704
HIE,41,NE2,PRO,44,O,15,0.0004999833338888704
LYS,63,NZ,ASP,62,O,15,0.0004999833338888704
ASP,77,N,ALA,74,O,15,0.0004999833338888704
ARG,92,NH2,TYR,83,OH,15,0.0004999833338888704
ARG,98,NE,ARG,98,O,15,0.0004999833338888704
GLU,166,N,GLN,165,OE1,15,0.0004999833338888704
HID,224,ND1,ASP,238,OD2,15,0.0004999833338888704
GLU,247,N,LEU,242,O,15,0.0004999833338888704
LYS,248,N,LYS,246,O,15,0.0004999833338888704
THR,278,N,THR,275,O,15,0.0004999833338888704
MET,286,N,PHE,283,O,15,0.0004999833338888704
ASP,378,N,ASP,378,OD1,15,0.0004999833338888704
ASN,389,ND2,ASN,389,O,15,0.0004999833338888704
THR,395,OG1,HIP,384,O,15,0.0004999833338888704
ARG,406,NH2,HM1,464,O2A,15,0.0004999833338888704
ARG,415,NE,GLU,411,OE2,15,0.0004999833338888704
GLY,22,N,ARG,20,O,14,0.00046665111162961235
ARG,31,NH1,GLU,32,OE1,14,0.00046665111162961235
LYS,33,NZ,LYS,33,O,14,0.00046665111162961235
ARG,70,NH1,ASN,89,OD1,14,0.00046665111162961235
ARG,81,NH1,GLN,258,NE2,14,0.00046665111162961235
ARG,81,NH2,GLN,258,NE2,14,0.00046665111162961235
TYR,83,OH,GLU,254,O,14,0.00046665111162961235
ASN,91,ND2,GLU,254,OE2,14,0.00046665111162961235
ARG,98,NH1,ASP,106,OD1,14,0.00046665111162961235
THR,102,N,PHE,99,O,14,0.00046665111162961235
GLN,123,NE2,ALA,122,O,14,0.00046665111162961235
LYS,158,NZ,TYR,216,OH,14,0.00046665111162961235
LYS,246,NZ,LYS,246,O,14,0.00046665111162961235
SER,249,N,GLU,247,O,14,0.00046665111162961235
GLN,258,NE2,ARG,81,NH2,14,0.00046665111162961235
ASN,263,ND2,ASN,263,O,14,0.00046665111162961235
GLU,273,N,PHE,268,O,14,0.00046665111162961235
ARG,280,NE,THR,140,OG1,14,0.00046665111162961235
ARG,308,N,GLN,427,NE2,14,0.00046665111162961235
THR,344,OG1,SER,68,O,14,0.00046665111162961235
THR,344,OG1,GLN,345,NE2,14,0.00046665111162961235
HIP,384,NE2,GLU,375,OE2,14,0.00046665111162961235
THR,395,N,LYS,393,O,14,0.00046665111162961235
ARG,7,NE,PRO,8,O,13,0.0004333188893703543
ARG,29,NE,GLN,17,O,13,0.0004333188893703543
GLY,82,N,ASP,77,OD2,13,0.0004333188893703543
ARG,105,NH2,LEU,409,O,13,0.0004333188893703543
ARG,117,NH1,GLY,108,O,13,0.0004333188893703543
GLN,163,N,GLN,163,OE1,13,0.0004333188893703543
LYS,197,N,PHE,195,O,13,0.0004333188893703543
LEU,210,N,TYR,207,O,13,0.0004333188893703543
LYS,223,NZ,PHE,156,O,13,0.0004333188893703543
ASN,250,ND2,ASN,250,O,13,0.0004333188893703543
ALA,251,N,ASN,250,OD1,13,0.0004333188893703543
SER,253,OG,GLU,254,OE2,13,0.0004333188893703543
HIE,257,NE2,GLU,245,OE1,13,0.0004333188893703543
ARG,298,NE,GLN,302,OE1,13,0.0004333188893703543
LYS,376,NZ,ASP,383,OD1,13,0.0004333188893703543
GLN,457,NE2,THR,455,OG1,13,0.0004333188893703543
ARG,1,NH1,TYR,352,OH,12,0.0003999866671110963
SER,68,OG,GLU,65,O,12,0.0003999866671110963
LYS,94,NZ,GLU,65,OE1,12,0.0003999866671110963
PHE,107,N,ASP,106,OD2,12,0.0003999866671110963
ARG,117,NH2,ASP,235,OD2,12,0.0003999866671110963
GLY,157,N,SER,153,O,12,0.0003999866671110963
ARG,159,NE,PHE,160,O,12,0.0003999866671110963
TYR,175,OH,GLN,445,NE2,12,0.0003999866671110963
GLN,187,NE2,GLN,187,O,12,0.0003999866671110963
ARG,204,NE,GLN,205,OE1,12,0.0003999866671110963
LEU,236,N,ASP,235,OD1,12,0.0003999866671110963
ILE,237,N,HID,224,NE2,12,0.0003999866671110963
TYR,240,OH,GLU,254,O,12,0.0003999866671110963
HIE,252,NE2,SER,249,O,12,0.0003999866671110963
HIE,257,NE2,HID,224,NE2,12,0.0003999866671110963
GLN,258,NE2,ASN,259,OD1,12,0.0003999866671110963
ALA,270,N,LEU,267,O,12,0.0003999866671110963
TYR,297,OH,GLN,427,O,12,0.0003999866671110963
SER,332,N,ARG,330,O,12,0.0003999866671110963
LEU,364,N,MET,337,O,12,0.0003999866671110963
ASN,389,ND2,ALA,388,O,12,0.0003999866671110963
THR,395,OG1,TYR,373,OH,12,0.0003999866671110963
PHE,398,N,THR,395,OG1,12,0.0003999866671110963
ARG,406,NH1,TRP,93,NE1,12,0.0003999866671110963
SER,430,OG,GLU,294,OE2,12,0.0003999866671110963
GLY,450,N,SER,182,OG,12,0.0003999866671110963
THR,455,OG1,ASP,138,OD2,12,0.0003999866671110963
GLN,457,N,GLN,457,OE1,12,0.0003999866671110963
ARG,1,NH2,TYR,352,OH,11,0.00036665444485183826
ARG,31,NH1,GLU,32,OE2,11,0.00036665444485183826
ARG,70,N,PHE,87,O,11,0.00036665444485183826
ASN,91,ND2,ALA,251,O,11,0.00036665444485183826
ARG,130,NH2,ASN,428,O,11,0.00036665444485183826
ARG,159,NH2,GLU,120,O,11,0.00036665444485183826
GLN,163,NE2,ASP,164,OD2,11,0.00036665444485183826
LYS,169,NZ,GLU,166,O,11,0.00036665444485183826
SER,179,OG,GLN,445,OE1,11,0.00036665444485183826
SER,183,OG,SER,179,O,11,0.00036665444485183826
GLU,222,N,HIE,219,O,11,0.00036665444485183826
GLU,247,N,GLU,247,OE2,11,0.00036665444485183826
ARG,280,NH2,THR,455,OG1,11,0.00036665444485183826
MET,318,N,ASP,314,O,11,0.00036665444485183826
PHE,331,N,ILE,328,O,11,0.00036665444485183826
SER,332,OG,SER,332,O,11,0.00036665444485183826
GLN,345,N,GLN,345,NE2,11,0.00036665444485183826
ARG,350,NE,ARG,350,N,11,0.00036665444485183826
LYS,393,NZ,THR,395,OG1,11,0.00036665444485183826
ALA,397,N,GLU,396,OE2,11,0.00036665444485183826
ARG,406,NE,HID,341,NE2,11,0.00036665444485183826
GLY,410,N,GLU,411,OE2,11,0.00036665444485183826
LEU,418,N,ARG,415,O,11,0.00036665444485183826
ARG,463,NH2,SER,430,OG,11,0.00036665444485183826
ASN,14,ND2,HIE,41,ND1,10,0.00033332222259258026
LYS,25,N,GLY,22,O,10,0.00033332222259258026
LYS,72,NZ,ARG,70,O,10,0.00033332222259258026
LYS,72,NZ,ARG,81,O,10,0.00033332222259258026
ARG,81,NE,GLN,258,OE1,10,0.00033332222259258026
ARG,98,NE,HID,243,NE2,10,0.00033332222259258026
ARG,98,NH1,ASN,250,ND2,10,0.00033332222259258026
ALA,122,N,GLN,119,O,10,0.00033332222259258026
PHE,195,N,SER,193,O,10,0.00033332222259258026
ASN,209,ND2,THR,177,N,10,0.00033332222259258026
LYS,234,NZ,THR,227,O,10,0.00033332222259258026
TYR,240,OH,ASN,259,O,10,0.00033332222259258026
GLN,258,NE2,HIE,257,NE2,10,0.00033332222259258026
ASN,259,ND2,TYR,83,OH,10,0.00033332222259258026
ARG,280,NH1,PRO,453,O,10,0.00033332222259258026
TYR,297,OH,PRO,306,O,10,0.00033332222259258026
GLN,302,NE2,ARG,298,NH2,10,0.00033332222259258026
GLU,359,N,GLU,359,OE2,10,0.00033332222259258026
THR,395,OG1,LYS,394,O,10,0.00033332222259258026
ARG,459,NH2,SER,433,O,10,0.00033332222259258026
ARG,1,NH2,PRO,3,O,9,0.0002999900003333222
ASN,14,ND2,GLN,17,NE2,9,0.0002999900003333222
HIE,41,NE2,GLY,43,O,9,0.0002999900003333222
TYR,83,OH,GLN,258,OE1,9,0.0002999900003333222
ARG,92,N,ASN,89,ND2,9,0.0002999900003333222
LYS,94,NZ,GLY,90,O,9,0.0002999900003333222
ARG,112,NE,SER,113,O,9,0.0002999900003333222
ARG,130,NE,ASN,428,OD1,9,0.0002999900003333222
THR,140,N,ASP,138,O,9,0.0002999900003333222
CYS,152,N,ASN,149,O,9,0.0002999900003333222
PHE,160,N,ASN,149,ND2,9,0.0002999900003333222
LEU,171,N,LEU,168,O,9,0.0002999900003333222
LYS,197,NZ,SER,193,OG,9,0.0002999900003333222
GLN,211,NE2,TYR,207,O,9,0.0002999900003333222
THR,227,OG1,ASP,235,OD2,9,0.0002999900003333222
LYS,246,N,GLU,247,OE2,9,0.0002999900003333222
LYS,246,NZ,ASN,250,OD1,9,0.0002999900003333222
GLN,258,NE2,ASN,214,ND2,9,0.0002999900003333222
THR,274,N,GLY,271,O,9,0.0002999900003333222
ILE,342,N,PHE,67,O,9,0.0002999900003333222
PHE,349,N,THR,347,O,9,0.0002999900003333222
HID,369,ND1,ASP,333,OD2,9,0.0002999900003333222
ARG,406,NH1,ALA,64,O,9,0.0002999900003333222
ARG,406,NH1,HM1,464,O2A,9,0.0002999900003333222
GLY,412,N,ARG,105,NH2,9,0.0002999900003333222
LEU,420,N,GLU,417,O,9,0.0002999900003333222
ARG,7,NH1,PRO,3,O,8,0.0002666577780740642
ARG,20,NE,MET,18,O,8,0.0002666577780740642
ARG,21,NH1,ASP,19,OD1,8,0.0002666577780740642
ARG,29,NH1,LYS,25,O,8,0.0002666577780740642
ARG,29,NH2,MET,18,O,8,0.0002666577780740642
ARG,29,NH2,ARG,21,NH2,8,0.0002666577780740642
ARG,31,N,LEU,28,O,8,0.0002666577780740642
SER,68,OG,HM1,464,O2A,8,0.0002666577780740642
ARG,81,NH2,ASP,77,OD1,8,0.0002666577780740642
ARG,81,NH2,ASP,77,OD2,8,0.0002666577780740642
GLY,82,N,ASP,77,OD1,8,0.0002666577780740642
ASN,89,N,ARG,92,NH2,8,0.0002666577780740642
ARG,98,NH2,ASP,106,OD1,8,0.0002666577780740642
THR,103,N,VAL,101,O,8,0.0002666577780740642
GLY,108,N,THR,102,O,8,0.0002666577780740642
MET,109,N,PHE,107,O,8,0.0002666577780740642
LYS,111,NZ,THR,103,O,8,0.0002666577780740642
ARG,117,NH2,MET,104,O,8,0.0002666577780740642
ARG,117,NH2,PHE,107,O,8,0.0002666577780740642
LYS,131,NZ,GLU,128,O,8,0.0002666577780740642
GLN,163,NE2,GLN,165,OE1,8,0.0002666577780740642
ASN,214,ND2,ASN,261,ND2,8,0.0002666577780740642
SER,220,OG,HID,224,NE2,8,0.0002666577780740642
LYS,223,NZ,HIE,219,NE2,8,0.0002666577780740642
HID,224,ND1,VAL,221,O,8,0.0002666577780740642
LYS,248,NZ,GLU,247,OE2,8,0.0002666577780740642
HIE,252,NE2,GLU,247,OE1,8,0.0002666577780740642
HIE,252,NE2,GLU,247,OE2,8,0.0002666577780740642
GLU,254,N,ARG,92,NH1,8,0.0002666577780740642
ASN,259,ND2,SER,256,O,8,0.0002666577780740642
LEU,262,N,ASN,259,O,8,0.0002666577780740642
THR,275,N,ALA,270,O,8,0.0002666577780740642
TYR,281,N,THR,278,O,8,0.0002666577780740642
LYS,288,NZ,LYS,288,O,8,0.0002666577780740642
GLN,302,NE2,ARG,298,NH1,8,0.0002666577780740642
LYS,356,NZ,GLN,345,NE2,8,0.0002666577780740642
LYS,376,NZ,ASP,383,OD2,8,0.0002666577780740642
ASP,378,N,ASP,378,OD2,8,0.0002666577780740642
ARG,406,NH1,GLU,65,OE1,8,0.0002666577780740642
PHE,429,N,LEU,426,O,8,0.0002666577780740642
CYS,447,N,SER,182,O,8,0.0002666577780740642
GLN,17,NE2,GLN,17,O,7,0.00023332555581480617
GLN,17,NE2,TYR,34,OH,7,0.00023332555581480617
ARG,81,N,VAL,76,O,7,0.00023332555581480617
ARG,98,NH2,SER,249,O,7,0.00023332555581480617
ARG,105,NE,GLU,411,OE2,7,0.00023332555581480617
GLY,110,N,GLY,108,O,7,0.00023332555581480617
ARG,117,NH1,ARG,105,O,7,0.00023332555581480617
ARG,130,NH1,ASN,428,O,7,0.00023332555581480617
LYS,133,NZ,LYS,133,O,7,0.00023332555581480617
SER,145,OG,TYR,162,O,7,0.00023332555581480617
ASN,149,ND2,TYR,162,OH,7,0.00023332555581480617
SER,182,OG,SER,179,O,7,0.00023332555581480617
LYS,208,NZ,ARG,204,O,7,0.00023332555581480617
LYS,208,NZ,GLN,211,NE2,7,0.00023332555581480617
VAL,221,N,GLY,218,O,7,0.00023332555581480617
LYS,246,NZ,SER,231,O,7,0.00023332555581480617
HIE,307,NE2,ASN,428,OD1,7,0.00023332555581480617
TYR,326,OH,ARG,415,NH2,7,0.00023332555581480617
ARG,350,NE,ASP,36,OD2,7,0.00023332555581480617
ILE,407,N,LEU,403,O,7,0.00023332555581480617
GLY,410,N,GLU,411,OE1,7,0.00023332555581480617
LYS,451,NZ,ASP,333,N,7,0.00023332555581480617
GLY,13,N,PRO,10,O,6,0.00019999333355554815
GLN,17,NE2,LEU,16,O,6,0.00019999333355554815
ALA,74,N,LYS,72,O,6,0.00019999333355554815
ASN,89,N,ARG,92,NH1,6,0.00019999333355554815
ARG,98,NE,THR,102,OG1,6,0.00019999333355554815
ARG,98,NH1,LYS,94,O,6,0.00019999333355554815
ARG,98,NH1,ASP,106,OD2,6,0.00019999333355554815
ARG,98,NH2,ASP,106,OD2,6,0.00019999333355554815
GLU,116,N,GLU,116,OE1,6,0.00019999333355554815
ARG,225,NE,HIE,257,ND1,6,0.00019999333355554815
THR,227,OG1,GLU,226,O,6,0.00019999333355554815
MET,244,N,LEU,242,O,6,0.00019999333355554815
ASN,261,ND2,HIE,257,ND1,6,0.00019999333355554815
ASN,263,N,LEU,260,O,6,0.00019999333355554815
SER,276,OG,THR,147,OG1,6,0.00019999333355554815
HIE,307,N,GLY,305,O,6,0.00019999333355554815
ARG,308,NH2,GLU,311,OE1,6,0.00019999333355554815
HID,341,ND1,PHE,67,O,6,0.00019999333355554815
ARG,350,NH2,ALA,55,N,6,0.00019999333355554815
ASP,370,N,THR,366,O,6,0.00019999333355554815
LYS,376,NZ,ASN,381,OD1,6,0.00019999333355554815
ALA,391,N,ASN,389,ND2,6,0.00019999333355554815
LYS,394,NZ,THR,395,O,6,0.00019999333355554815
ARG,406,NH2,ARG,70,NH2,6,0.00019999333355554815
ARG,406,NH2,ASN,89,OD1,6,0.00019999333355554815
GLY,410,N,CM1,408,O,6,0.00019999333355554815
SER,430,OG,GLU,294,OE1,6,0.00019999333355554815
THR,443,N,ASP,441,O,6,0.00019999333355554815
THR,455,OG1,ASP,138,OD1,6,0.00019999333355554815
ARG,7,NH1,ARG,7,O,5,0.00016666111129629013
ASN,14,ND2,PRO,8,N,5,0.00016666111129629013
SER,26,OG,ASP,19,O,5,0.00016666111129629013
ARG,45,NH1,GLH,71,OE1,5,0.00016666111129629013
ARG,57,NH1,GLU,58,OE1,5,0.00016666111129629013
LYS,63,N,ALA,59,O,5,0.00016666111129629013
SER,68,OG,VAL,343,O,5,0.00016666111129629013
ARG,70,NH2,PRO,340,O,5,0.00016666111129629013
ASN,91,ND2,SER,253,OG,5,0.00016666111129629013
THR,103,OG1,SER,100,O,5,0.00016666111129629013
ARG,105,NH1,ARG,105,O,5,0.00016666111129629013
GLN,123,NE2,ARG,130,NH1,5,0.00016666111129629013
MET,137,N,ALA,135,O,5,0.00016666111129629013
ARG,159,NE,ASN,149,ND2,5,0.00016666111129629013
TYR,175,OH,ASN,172,OD1,5,0.00016666111129629013
SER,179,OG,TYR,175,OH,5,0.00016666111129629013
SER,179,OG,GLN,176,OE1,5,0.00016666111129629013
SER,183,N,ILE,181,O,5,0.00016666111129629013
ARG,204,NH2,GLN,205,OE1,5,0.00016666111129629013
LYS,208,NZ,GLN,205,NE2,5,0.00016666111129629013
ARG,225,NE,HIE,257,NE2,5,0.00016666111129629013
LYS,246,N,GLU,247,OE1,5,0.00016666111129629013
ASN,250,ND2,GLU,254,OE1,5,0.00016666111129629013
GLU,254,N,GLU,247,OE2,5,0.00016666111129629013
GLY,271,N,PHE,268,O,5,0.00016666111129629013
LEU,285,N,GLY,282,O,5,0.00016666111129629013
HIE,313,NE2,ARG,308,NH2,5,0.00016666111129629013
ARG,315,NH1,GLU,322,OE2,5,0.00016666111129629013
GLN,329,NE2,ALA,414,O,5,0.00016666111129629013
HIE,346,N,HIE,346,ND1,5,0.00016666111129629013
THR,358,N,LYS,356,O,5,0.00016666111129629013
PHE,398,N,GLU,396,O,5,0.00016666111129629013
SER,402,OG,PHE,401,O,5,0.00016666111129629013
ARG,415,N,GLY,410,O,5,0.00016666111129629013
ARG,415,N,ILE,413,O,5,0.00016666111129629013
ARG,415,NH1,TYR,326,OH,5,0.00016666111129629013
ALA,416,N,ALA,414,O,5,0.00016666111129629013
THR,424,N,PHE,421,O,5,0.00016666111129629013
SER,430,N,PRO,462,O,5,0.00016666111129629013
GLN,445,NE2,THR,443,O,5,0.00016666111129629013
ARG,20,NE,LEU,15,O,4,0.0001333288890370321
ASP,62,N,ALA,59,O,4,0.0001333288890370321
GLU,65,N,LYS,63,O,4,0.0001333288890370321
GLY,69,N,HM1,464,O1A,4,0.0001333288890370321
ARG,81,NH2,GLU,254,OE1,4,0.0001333288890370321
ASN,91,ND2,SER,249,O,4,0.0001333288890370321
ARG,92,NE,TYR,83,OH,4,0.0001333288890370321
ARG,92,NH1,ASN,91,OD1,4,0.0001333288890370321
ARG,98,NE,GLU,247,OE1,4,0.0001333288890370321
SER,100,OG,ASN,263,OD1,4,0.0001333288890370321
MET,109,N,LYS,234,O,4,0.0001333288890370321
ARG,112,NE,GLU,116,O,4,0.0001333288890370321
LYS,131,NZ,LYS,131,O,4,0.0001333288890370321
SER,132,OG,SER,132,O,4,0.0001333288890370321
ASN,149,ND2,ILE,146,O,4,0.0001333288890370321
ARG,159,NH1,PHE,160,O,4,0.0001333288890370321
GLN,165,N,ASP,164,OD1,4,0.0001333288890370321
GLN,187,NE2,VAL,184,N,4,0.0001333288890370321
TYR,198,N,GLY,194,O,4,0.0001333288890370321
HIE,219,NE2,GLU,166,OE1,4,0.0001333288890370321
ARG,225,NH1,ARG,225,O,4,0.0001333288890370321
THR,227,N,ARG,225,O,4,0.0001333288890370321
LEU,236,N,ASP,235,OD2,4,0.0001333288890370321
THR,239,OG1,PRO,233,O,4,0.0001333288890370321
TYR,240,OH,ASN,259,ND2,4,0.0001333288890370321
SER,249,OG,LYS,248,O,4,0.0001333288890370321
ASN,250,N,LYS,248,O,4,0.0001333288890370321
SER,256,OG,TYR,83,OH,4,0.0001333288890370321
SER,266,OG,SER,266,O,4,0.0001333288890370321
THR,277,OG1,GLU,273,OE1,4,0.0001333288890370321
ARG,280,NE,PRO,454,O,4,0.0001333288890370321
TYR,297,OH,ARG,463,OXT,4,0.0001333288890370321
ARG,298,N,ARG,295,O,4,0.0001333288890370321
GLN,302,NE2,GLU,301,O,4,0.0001333288890370321
ARG,308,NH2,ILE,304,O,4,0.0001333288890370321
HIE,313,NE2,GLU,115,OE1,4,0.0001333288890370321
ARG,315,NE,GLU,322,OE1,4,0.0001333288890370321
GLU,322,N,PRO,319,O,4,0.0001333288890370321
ILE,325,N,GLU,322,O,4,0.0001333288890370321
ARG,330,NH2,ALA,379,O,4,0.0001333288890370321
LYS,356,NZ,THR,344,OG1,4,0.0001333288890370321
HIE,372,NE2,ASP,370,OD1,4,0.0001333288890370321
ALA,379,N,ASP,378,OD2,4,0.0001333288890370321
ASN,381,ND2,HIP,384,NE2,4,0.0001333288890370321
ASP,383,N,ASP,383,OD2,4,0.0001333288890370321
ARG,406,NE,SER,68,O,4,0.0001333288890370321
ARG,406,NH1,HID,341,NE2,4,0.0001333288890370321
ARG,406,NH2,HID,341,NE2,4,0.0001333288890370321
GLY,448,N,SER,182,O,4,0.0001333288890370321
ARG,459,NE,SER,433,O,4,0.0001333288890370321
LEU,461,N,ARG,459,O,4,0.0001333288890370321
ARG,20,N,ARG,20,NE,3,9.999666677777408e-05
LEU,24,N,GLN,187,NE2,3,9.999666677777408e-05
LYS,25,NZ,ARG,21,NH1,3,9.999666677777408e-05
ARG,29,NH2,ARG,21,NE,3,9.999666677777408e-05
ARG,31,NE,GLY,35,O,3,9.999666677777408e-05
VAL,37,N,TYR,34,O,3,9.999666677777408e-05
ARG,45,NH1,SER,193,OG,3,9.999666677777408e-05
ARG,45,NH2,GLH,71,OE2,3,9.999666677777408e-05
ARG,57,NE,VAL,53,O,3,9.999666677777408e-05
GLU,65,N,ASP,62,O,3,9.999666677777408e-05
PHE,67,N,ALA,59,O,3,9.999666677777408e-05
SER,68,OG,GLY,69,O,3,9.999666677777408e-05
ARG,70,NE,HID,341,ND1,3,9.999666677777408e-05
ARG,70,NH1,HID,341,NE2,3,9.999666677777408e-05
ARG,81,NH2,ASN,259,ND2,3,9.999666677777408e-05
ALA,88,N,ILE,86,O,3,9.999666677777408e-05
ARG,92,N,ASN,91,OD1,3,9.999666677777408e-05
ARG,92,NH1,PHE,255,N,3,9.999666677777408e-05
SER,100,N,ARG,97,O,3,9.999666677777408e-05
THR,102,OG1,ASP,106,OD2,3,9.999666677777408e-05
THR,102,OG1,ASP,106,O,3,9.999666677777408e-05
ARG,105,N,THR,103,O,3,9.999666677777408e-05
MET,109,N,PRO,233,O,3,9.999666677777408e-05
LYS,111,NZ,ASP,106,O,3,9.999666677777408e-05
GLN,119,NE2,GLN,123,NE2,3,9.999666677777408e-05
SER,132,N,ARG,130,O,3,9.999666677777408e-05
PHE,141,N,THR,140,OG1,3,9.999666677777408e-05
ASN,149,ND2,ARG,159,NH1,3,9.999666677777408e-05
SER,153,OG,LYS,158,O,3,9.999666677777408e-05
ILE,154,N,CYS,152,O,3,9.999666677777408e-05
LYS,158,N,SER,153,O,3,9.999666677777408e-05
TYR,162,N,HIE,161,NE2,3,9.999666677777408e-05
TYR,162,OH,GLU,121,O,3,9.999666677777408e-05
GLN,165,NE2,ASP,164,OD2,3,9.999666677777408e-05
TYR,175,N,GLN,144,NE2,3,9.999666677777408e-05
SER,179,OG,GLU,446,OE2,3,9.999666677777408e-05
SER,182,OG,VAL,449,O,3,9.999666677777408e-05
SER,193,N,LEU,191,O,3,9.999666677777408e-05
VAL,206,N,HIE,203,O,3,9.999666677777408e-05
ASN,209,ND2,ASN,209,O,3,9.999666677777408e-05
LEU,210,N,ASN,209,OD1,3,9.999666677777408e-05
ASN,214,ND2,GLN,211,NE2,3,9.999666677777408e-05
LYS,223,NZ,LYS,223,O,3,9.999666677777408e-05
ARG,225,NH1,VAL,221,O,3,9.999666677777408e-05
SER,231,OG,PRO,230,O,3,9.999666677777408e-05
ILE,237,N,ASP,235,OD1,3,9.999666677777408e-05
THR,239,OG1,ASP,238,OD2,3,9.999666677777408e-05
LYS,248,NZ,LYS,248,O,3,9.999666677777408e-05
LYS,248,NZ,HIE,252,ND1,3,9.999666677777408e-05
SER,249,OG,ASN,250,OD1,3,9.999666677777408e-05
ASN,250,ND2,ARG,98,NH1,3,9.999666677777408e-05
ASN,250,ND2,ARG,98,NH2,3,9.999666677777408e-05
ASN,250,ND2,HIE,252,NE2,3,9.999666677777408e-05
ASN,250,ND2,SER,253,OG,3,9.999666677777408e-05
SER,253,OG,ARG,92,NH1,3,9.999666677777408e-05
ASN,259,ND2,GLN,258,OE1,3,9.999666677777408e-05
ASN,263,ND2,TYR,83,O,3,9.999666677777408e-05
THR,275,OG1,ALA,270,O,3,9.999666677777408e-05
THR,277,N,THR,274,O,3,9.999666677777408e-05
TYR,281,OH,ASP,333,O,3,9.999666677777408e-05
ARG,295,NE,HIE,291,ND1,3,9.999666677777408e-05
TYR,297,OH,ARG,463,O,3,9.999666677777408e-05
ARG,298,NE,GLU,294,O,3,9.999666677777408e-05
ARG,298,NE,GLN,302,NE2,3,9.999666677777408e-05
HIE,313,N,GLU,311,O,3,9.999666677777408e-05
ARG,315,NE,GLU,322,OE2,3,9.999666677777408e-05
THR,321,N,MET,318,O,3,9.999666677777408e-05
SER,332,OG,GLN,329,O,3,9.999666677777408e-05
LYS,356,NZ,HIE,346,ND1,3,9.999666677777408e-05
THR,358,OG1,ASP,357,O,3,9.999666677777408e-05
HIE,372,NE2,ASP,370,OD2,3,9.999666677777408e-05
LYS,394,NZ,LYS,394,O,3,9.999666677777408e-05
THR,395,OG1,LYS,393,O,3,9.999666677777408e-05
LYS,405,NZ,SER,68,OG,3,9.999666677777408e-05
ARG,406,NH1,ILE,86,O,3,9.999666677777408e-05
GLU,411,N,LEU,409,O,3,9.999666677777408e-05
PHE,419,N,GLU,417,O,3,9.999666677777408e-05
PHE,421,N,LEU,418,O,3,9.999666677777408e-05
SER,430,OG,ARG,463,NH1,3,9.999666677777408e-05
TYR,456,OH,LEU,284,N,3,9.999666677777408e-05
ARG,459,NH1,SER,433,O,3,9.999666677777408e-05
ARG,1,NH2,ARG,350,O,2,6.666444451851606e-05
ARG,7,NE,GLY,5,O,2,6.666444451851606e-05
ARG,7,NH2,GLN,17,OE1,2,6.666444451851606e-05
GLN,17,N,LEU,15,O,2,6.666444451851606e-05
GLN,17,NE2,ARG,7,N,2,6.666444451851606e-05
LEU,24,N,CYS,447,O,2,6.666444451851606e-05
LYS,25,NZ,LYS,25,O,2,6.666444451851606e-05
ARG,29,NH1,MET,18,O,2,6.666444451851606e-05
ARG,29,NH2,SER,26,OG,2,6.666444451851606e-05
ARG,31,NE,ASP,36,N,2,6.666444451851606e-05
TYR,34,OH,GLY,5,O,2,6.666444451851606e-05
THR,39,N,PRO,3,O,2,6.666444451851606e-05
ARG,45,NH2,SER,193,OG,2,6.666444451851606e-05
GLY,52,N,ILE,363,O,2,6.666444451851606e-05
ALA,66,N,ALA,64,O,2,6.666444451851606e-05
SER,68,N,ALA,66,O,2,6.666444451851606e-05
GLY,69,N,SER,68,OG,2,6.666444451851606e-05
ARG,70,NH2,HID,341,ND1,2,6.666444451851606e-05
LYS,72,NZ,ASN,89,ND2,2,6.666444451851606e-05
ILE,73,N,GLH,71,OE2,2,6.666444451851606e-05
TYR,83,N,ARG,81,O,2,6.666444451851606e-05
TYR,83,OH,ARG,92,NH1,2,6.666444451851606e-05
ASN,89,ND2,PHE,87,O,2,6.666444451851606e-05
ASN,91,N,ASN,89,ND2,2,6.666444451851606e-05
ASN,91,ND2,GLU,254,OE1,2,6.666444451851606e-05
ARG,92,NE,HIE,252,NE2,2,6.666444451851606e-05
ARG,92,NH1,HIE,252,ND1,2,6.666444451851606e-05
ARG,92,NH1,SER,253,O,2,6.666444451851606e-05
LYS,94,NZ,ASN,91,O,2,6.666444451851606e-05
ARG,97,NH1,ARG,406,O,2,6.666444451851606e-05
ARG,97,NH2,HM1,464,O1D,2,6.666444451851606e-05
GLY,110,N,ARG,112,O,2,6.666444451851606e-05
LYS,111,NZ,LYS,111,O,2,6.666444451851606e-05
ARG,112,NE,GLU,120,OE1,2,6.666444451851606e-05
ARG,112,NH1,GLU,116,O,2,6.666444451851606e-05
VAL,114,N,GLU,115,OE1,2,6.666444451851606e-05
GLU,116,N,GLU,116,OE2,2,6.666444451851606e-05
ARG,117,NH1,GLY,110,O,2,6.666444451851606e-05
GLN,119,NE2,GLU,116,OE1,2,6.666444451851606e-05
LEU,129,N,ILE,126,O,2,6.666444451851606e-05
ASN,149,ND2,ARG,159,NH2,2,6.666444451851606e-05
SER,153,OG,ARG,117,NH1,2,6.666444451851606e-05
GLY,157,N,VAL,155,N,2,6.666444451851606e-05
LYS,158,NZ,GLU,166,OE2,2,6.666444451851606e-05
HIE,161,NE2,TYR,162,OH,2,6.666444451851606e-05
GLN,163,NE2,HIE,161,NE2,2,6.666444451851606e-05
GLN,165,NE2,GLN,163,NE2,2,6.666444451851606e-05
GLN,165,NE2,ASP,164,OD1,2,6.666444451851606e-05
GLN,165,NE2,ASN,172,OD1,2,6.666444451851606e-05
SER,179,N,GLN,176,O,2,6.666444451851606e-05
SER,179,OG,SER,179,O,2,6.666444451851606e-05
GLN,205,NE2,GLN,176,NE2,2,6.666444451851606e-05
TYR,207,OH,GLN,211,NE2,2,6.666444451851606e-05
ASN,209,ND2,GLU,212,OE1,2,6.666444451851606e-05
ASN,214,ND2,ASN,261,O,2,6.666444451851606e-05
TYR,216,N,ASN,214,O,2,6.666444451851606e-05
GLY,218,N,ALA,215,O,2,6.666444451851606e-05
HIE,219,NE2,GLU,166,OE2,2,6.666444451851606e-05
SER,220,OG,HIE,219,ND1,2,6.666444451851606e-05
ARG,225,NE,VAL,221,O,2,6.666444451851606e-05
ILE,237,N,ASP,235,OD2,2,6.666444451851606e-05
ASP,238,N,ASP,235,OD2,2,6.666444451851606e-05
THR,239,OG1,LYS,234,O,2,6.666444451851606e-05
TYR,240,OH,HIE,257,ND1,2,6.666444451851606e-05
HID,243,ND1,GLU,247,OE2,2,6.666444451851606e-05
GLU,245,N,HID,243,O,2,6.666444451851606e-05
LYS,246,N,MET,244,O,2,6.666444451851606e-05
LYS,246,NZ,GLU,245,O,2,6.666444451851606e-05
LYS,248,NZ,HIE,257,ND1,2,6.666444451851606e-05
ASN,250,N,GLU,247,OE2,2,6.666444451851606e-05
ASN,250,ND2,HID,243,ND1,2,6.666444451851606e-05
ASN,250,ND2,SER,249,O,2,6.666444451851606e-05
GLU,254,N,ARG,92,NH2,2,6.666444451851606e-05
GLU,254,N,HIE,252,O,2,6.666444451851606e-05
GLU,254,N,SER,253,OG,2,6.666444451851606e-05
SER,256,OG,SER,253,O,2,6.666444451851606e-05
SER,256,OG,GLU,254,OE2,2,6.666444451851606e-05
SER,256,OG,HIE,257,ND1,2,6.666444451851606e-05
ASN,259,ND2,ARG,92,NH1,2,6.666444451851606e-05
PHE,268,N,LEU,265,O,2,6.666444451851606e-05
PHE,269,N,LEU,267,O,2,6.666444451851606e-05
SER,276,OG,GLU,273,O,2,6.666444451851606e-05
ARG,280,NH1,THR,140,O,2,6.666444451851606e-05
ARG,280,NH1,GLU,273,OE1,2,6.666444451851606e-05
ARG,280,NH1,GLU,273,OE2,2,6.666444451851606e-05
ARG,280,NH2,ASP,138,OD1,2,6.666444451851606e-05
ARG,280,NH2,ASP,138,OD2,2,6.666444451851606e-05
ARG,280,NH2,THR,277,OG1,2,6.666444451851606e-05
ARG,280,NH2,GLN,445,NE2,2,6.666444451851606e-05
ARG,280,NH2,PRO,453,O,2,6.666444451851606e-05
ARG,295,NH2,GLN,302,OE1,2,6.666444451851606e-05
ARG,298,NH1,TYR,297,OH,2,6.666444451851606e-05
ARG,298,NH1,GLN,302,NE2,2,6.666444451851606e-05
ARG,298,NH2,GLN,302,NE2,2,6.666444451851606e-05
HIE,307,NE2,ARG,130,NH1,2,6.666444451851606e-05
ARG,308,NE,GLU,311,OE2,2,6.666444451851606e-05
ARG,308,NH1,GLU,311,OE1,2,6.666444451851606e-05
ARG,308,NH2,PRO,309,O,2,6.666444451851606e-05
ARG,308,NH2,GLU,311,OE2,2,6.666444451851606e-05
HIE,313,N,HIE,313,ND1,2,6.666444451851606e-05
ARG,315,NH2,LEU,312,O,2,6.666444451851606e-05
LYS,317,N,HIE,313,O,2,6.666444451851606e-05
TYR,320,OH,VAL,292,O,2,6.666444451851606e-05
TYR,320,OH,ARG,295,NH1,2,6.666444451851606e-05
GLN,329,NE2,PRO,400,O,2,6.666444451851606e-05
ARG,330,NH2,ASP,378,O,2,6.666444451851606e-05
THR,344,N,PHE,67,O,2,6.666444451851606e-05
THR,344,OG1,PHE,67,O,2,6.666444451851606e-05
THR,344,OG1,THR,344,O,2,6.666444451851606e-05
GLY,351,N,SER,348,OG,2,6.666444451851606e-05
TYR,352,OH,ARG,1,NH1,2,6.666444451851606e-05
TYR,352,OH,ARG,1,NH2,2,6.666444451851606e-05
LEU,364,N,PRO,336,O,2,6.666444451851606e-05
LYS,393,NZ,LYS,393,O,2,6.666444451851606e-05
LYS,394,NZ,GLU,322,OE2,2,6.666444451851606e-05
GLN,427,NE2,PRO,306,O,2,6.666444451851606e-05
GLN,445,NE2,THR,455,N,2,6.666444451851606e-05
LYS,451,NZ,LYS,451,O,2,6.666444451851606e-05
TYR,456,N,ASP,138,OD2,2,6.666444451851606e-05
ILE,458,N,GLN,457,OE1,2,6.666444451851606e-05
ARG,1,NE,TYR,352,OH,1,3.333222225925803e-05
ARG,7,N,GLN,17,OE1,1,3.333222225925803e-05
ARG,7,NE,ARG,7,O,1,3.333222225925803e-05
ARG,7,NE,GLN,17,NE2,1,3.333222225925803e-05
ARG,7,NH2,PRO,8,O,1,3.333222225925803e-05
ARG,7,NH2,LEU,9,N,1,3.333222225925803e-05
GLY,13,N,LEU,11,O,1,3.333222225925803e-05
GLN,17,NE2,GLY,13,O,1,3.333222225925803e-05
GLN,17,NE2,GLN,17,N,1,3.333222225925803e-05
MET,18,N,LEU,16,O,1,3.333222225925803e-05
ARG,20,N,ASP,19,OD1,1,3.333222225925803e-05
ARG,20,NE,LEU,16,O,1,3.333222225925803e-05
ARG,20,NE,GLN,187,OE1,1,3.333222225925803e-05
GLY,22,N,ASP,19,OD2,1,3.333222225925803e-05
GLY,22,N,GLN,187,OE1,1,3.333222225925803e-05
SER,26,OG,GLN,17,O,1,3.333222225925803e-05
SER,26,OG,ASP,19,N,1,3.333222225925803e-05
ARG,29,N,PHE,27,O,1,3.333222225925803e-05
ARG,29,NE,LYS,25,O,1,3.333222225925803e-05
ARG,29,NE,ARG,29,O,1,3.333222225925803e-05
ARG,29,NH1,ARG,20,NH1,1,3.333222225925803e-05
ARG,29,NH1,ARG,21,NH2,1,3.333222225925803e-05
ARG,31,NH2,LEU,28,O,1,3.333222225925803e-05
TYR,34,OH,ARG,7,NH1,1,3.333222225925803e-05
GLY,35,N,GLU,32,O,1,3.333222225925803e-05
ASP,36,N,ASP,36,OD2,1,3.333222225925803e-05
VAL,37,N,GLY,35,O,1,3.333222225925803e-05
THR,39,OG1,PRO,3,N,1,3.333222225925803e-05
THR,39,OG1,VAL,48,N,1,3.333222225925803e-05
HIE,41,NE2,LEU,11,O,1,3.333222225925803e-05
LEU,42,N,VAL,40,O,1,3.333222225925803e-05
ARG,45,NH2,LEU,42,O,1,3.333222225925803e-05
ARG,45,NH2,GLH,71,OE1,1,3.333222225925803e-05
VAL,53,N,TYR,373,OH,1,3.333222225925803e-05
ARG,57,N,GLU,54,O,1,3.333222225925803e-05
ARG,57,NH1,VAL,53,O,1,3.333222225925803e-05
ARG,57,NH1,GLU,58,N,1,3.333222225925803e-05
LEU,60,N,GLU,58,O,1,3.333222225925803e-05
ALA,64,N,GLU,58,O,1,3.333222225925803e-05
ALA,64,N,LEU,60,O,1,3.333222225925803e-05
ALA,64,N,VAL,61,N,1,3.333222225925803e-05
SER,68,N,LYS,63,O,1,3.333222225925803e-05
SER,68,OG,GLU,65,OE2,1,3.333222225925803e-05
SER,68,OG,SER,68,O,1,3.333222225925803e-05
SER,68,OG,ASN,89,ND2,1,3.333222225925803e-05
ARG,70,NE,ARG,406,NH2,1,3.333222225925803e-05
ARG,70,NH1,ALA,88,O,1,3.333222225925803e-05
ARG,70,NH1,ARG,406,NH1,1,3.333222225925803e-05
LYS,72,NZ,ARG,45,NE,1,3.333222225925803e-05
ARG,81,NE,ARG,81,O,1,3.333222225925803e-05
ARG,81,NE,TYR,207,OH,1,3.333222225925803e-05
ARG,81,NH1,TYR,83,OH,1,3.333222225925803e-05
GLY,82,N,ASP,77,O,1,3.333222225925803e-05
ASN,89,ND2,GLY,69,N,1,3.333222225925803e-05
ASN,89,ND2,ARG,70,N,1,3.333222225925803e-05
ASN,89,ND2,ASN,89,O,1,3.333222225925803e-05
ASN,89,ND2,ARG,92,NE,1,3.333222225925803e-05
ARG,92,NE,ASN,91,OD1,1,3.333222225925803e-05
ARG,92,NE,ASN,91,ND2,1,3.333222225925803e-05
ARG,92,NH2,ASN,91,ND2,1,3.333222225925803e-05
ARG,92,NH2,HIE,252,NE2,1,3.333222225925803e-05
ARG,92,NH2,SER,253,O,1,3.333222225925803e-05
VAL,95,N,TRP,93,O,1,3.333222225925803e-05
LEU,96,N,TRP,93,O,1,3.333222225925803e-05
ARG,97,N,LYS,94,O,1,3.333222225925803e-05
ARG,97,NH1,LYS,405,O,1,3.333222225925803e-05
ARG,98,NE,LYS,94,O,1,3.333222225925803e-05
ARG,98,NH1,ASN,91,OD1,1,3.333222225925803e-05
ARG,105,NE,ARG,105,O,1,3.333222225925803e-05
LYS,111,NZ,THR,102,O,1,3.333222225925803e-05
ARG,112,NE,GLY,110,O,1,3.333222225925803e-05
ARG,112,NH1,SER,153,OG,1,3.333222225925803e-05
ARG,117,NE,ILE,154,N,1,3.333222225925803e-05
ARG,117,NH1,MET,104,O,1,3.333222225925803e-05
ARG,117,NH2,VAL,114,O,1,3.333222225925803e-05
GLN,119,NE2,GLU,116,O,1,3.333222225925803e-05
GLN,119,NE2,PRO,310,N,1,3.333222225925803e-05
GLN,123,NE2,GLU,120,N,1,3.333222225925803e-05
GLN,123,NE2,CYS,124,N,1,3.333222225925803e-05
GLN,123,NE2,HIE,307,O,1,3.333222225925803e-05
GLN,123,NE2,ASN,428,OD1,1,3.333222225925803e-05
GLN,123,NE2,ASN,428,ND2,1,3.333222225925803e-05
ARG,130,NH1,GLN,123,NE2,1,3.333222225925803e-05
ARG,130,NH2,HIE,307,ND1,1,3.333222225925803e-05
SER,132,OG,ALA,135,O,1,3.333222225925803e-05
LEU,136,N,ARG,459,NH1,1,3.333222225925803e-05
GLN,144,N,LEU,142,O,1,3.333222225925803e-05
ASN,149,ND2,ARG,159,NE,1,3.333222225925803e-05
SER,153,OG,SER,153,O,1,3.333222225925803e-05
PHE,156,N,ILE,151,O,1,3.333222225925803e-05
PHE,156,N,SER,153,O,1,3.333222225925803e-05
ARG,159,NH2,ASN,149,ND2,1,3.333222225925803e-05
HIE,161,NE2,ASP,164,OD2,1,3.333222225925803e-05
GLN,163,NE2,GLN,165,NE2,1,3.333222225925803e-05
GLN,165,NE2,ASP,164,O,1,3.333222225925803e-05
PHE,167,N,GLU,166,OE2,1,3.333222225925803e-05
LEU,168,N,GLN,165,O,1,3.333222225925803e-05
LYS,169,NZ,GLN,165,NE2,1,3.333222225925803e-05
TYR,175,N,ASN,172,O,1,3.333222225925803e-05
TYR,175,OH,THR,140,OG1,1,3.333222225925803e-05
TYR,175,OH,SER,179,OG,1,3.333222225925803e-05
GLN,176,NE2,ASN,209,ND2,1,3.333222225925803e-05
THR,177,OG1,ASN,209,OD1,1,3.333222225925803e-05
ILE,181,N,PHE,178,O,1,3.333222225925803e-05
GLN,187,NE2,ASP,19,N,1,3.333222225925803e-05
GLN,187,NE2,LEU,23,N,1,3.333222225925803e-05
GLN,187,NE2,GLY,448,N,1,3.333222225925803e-05
GLN,187,NE2,GLY,448,O,1,3.333222225925803e-05
LYS,197,NZ,LYS,197,O,1,3.333222225925803e-05
LYS,197,NZ,TYR,207,OH,1,3.333222225925803e-05
TYR,198,N,LEU,196,O,1,3.333222225925803e-05
GLY,201,N,HIE,203,NE2,1,3.333222225925803e-05
GLY,201,N,GLN,205,OE1,1,3.333222225925803e-05
ARG,204,NE,TYR,198,O,1,3.333222225925803e-05
ARG,204,NH1,HIE,203,O,1,3.333222225925803e-05
ARG,204,NH2,LEU,196,O,1,3.333222225925803e-05
ARG,204,NH2,PHE,199,N,1,3.333222225925803e-05
ARG,204,NH2,GLN,211,OE1,1,3.333222225925803e-05
GLN,205,N,GLN,205,OE1,1,3.333222225925803e-05
TYR,207,OH,ARG,81,NH2,1,3.333222225925803e-05
LYS,208,NZ,TYR,207,OH,1,3.333222225925803e-05
GLN,211,NE2,GLU,212,N,1,3.333222225925803e-05
TYR,216,OH,ASP,164,OD2,1,3.333222225925803e-05
TYR,216,OH,PHE,167,N,1,3.333222225925803e-05
LYS,223,NZ,SER,220,O,1,3.333222225925803e-05
LYS,223,NZ,GLU,222,OE1,1,3.333222225925803e-05
LYS,223,NZ,GLU,226,O,1,3.333222225925803e-05
LYS,234,NZ,THR,227,OG1,1,3.333222225925803e-05
LYS,234,NZ,PRO,233,O,1,3.333222225925803e-05
ASP,235,N,PRO,233,O,1,3.333222225925803e-05
TYR,240,OH,PHE,99,O,1,3.333222225925803e-05
TYR,240,OH,LEU,260,N,1,3.333222225925803e-05
LYS,246,N,ASN,250,OD1,1,3.333222225925803e-05
LYS,246,NZ,SER,231,OG,1,3.333222225925803e-05
GLU,247,N,ASN,250,ND2,1,3.333222225925803e-05
SER,249,N,ASN,250,OD1,1,3.333222225925803e-05
ASN,250,ND2,LEU,242,O,1,3.333222225925803e-05
ASN,250,ND2,MET,244,N,1,3.333222225925803e-05
ASN,250,ND2,SER,249,OG,1,3.333222225925803e-05
HIE,252,NE2,HID,243,O,1,3.333222225925803e-05
SER,253,OG,ASN,91,OD1,1,3.333222225925803e-05
SER,253,OG,ASN,91,O,1,3.333222225925803e-05
SER,253,OG,ARG,92,NH2,1,3.333222225925803e-05
SER,253,OG,ALA,251,O,1,3.333222225925803e-05
SER,253,OG,HIE,252,NE2,1,3.333222225925803e-05
PHE,255,N,HID,243,O,1,3.333222225925803e-05
SER,256,OG,GLU,254,OE1,1,3.333222225925803e-05
HIE,257,N,SER,256,OG,1,3.333222225925803e-05
HIE,257,NE2,ARG,225,NH1,1,3.333222225925803e-05
HIE,257,NE2,MET,244,O,1,3.333222225925803e-05
GLN,258,N,GLN,258,NE2,1,3.333222225925803e-05
ASN,261,ND2,ASN,214,ND2,1,3.333222225925803e-05
THR,272,OG1,THR,147,O,1,3.333222225925803e-05
THR,274,OG1,GLY,271,O,1,3.333222225925803e-05
THR,277,OG1,GLU,273,OE2,1,3.333222225925803e-05
THR,278,OG1,THR,275,O,1,3.333222225925803e-05
THR,278,OG1,SER,332,OG,1,3.333222225925803e-05
LEU,279,N,SER,276,O,1,3.333222225925803e-05
ARG,280,N,THR,277,O,1,3.333222225925803e-05
ARG,280,NE,ASP,138,OD1,1,3.333222225925803e-05
ARG,280,NH1,THR,140,OG1,1,3.333222225925803e-05
ARG,280,NH1,PRO,454,O,1,3.333222225925803e-05
ARG,280,NH2,GLN,445,OE1,1,3.333222225925803e-05
ARG,280,NH2,THR,455,N,1,3.333222225925803e-05
TYR,281,OH,ILE,452,N,1,3.333222225925803e-05
TYR,281,OH,ILE,452,O,1,3.333222225925803e-05
ARG,295,NE,ARG,298,NH2,1,3.333222225925803e-05
ARG,295,NH1,GLU,299,OE1,1,3.333222225925803e-05
ARG,295,NH2,HIE,291,O,1,3.333222225925803e-05
ARG,295,NH2,VAL,292,N,1,3.333222225925803e-05
ARG,295,NH2,TYR,320,OH,1,3.333222225925803e-05
TYR,297,N,GLU,294,O,1,3.333222225925803e-05
TYR,297,OH,ARG,298,NH1,1,3.333222225925803e-05
ARG,298,NE,ARG,298,O,1,3.333222225925803e-05
ARG,298,NH1,ARG,295,NH1,1,3.333222225925803e-05
ARG,298,NH2,ARG,295,N,1,3.333222225925803e-05
ARG,298,NH2,ARG,295,NH1,1,3.333222225925803e-05
ARG,298,NH2,ARG,295,NH2,1,3.333222225925803e-05
ARG,298,NH2,GLU,299,OE2,1,3.333222225925803e-05
GLN,302,NE2,ARG,298,NE,1,3.333222225925803e-05
HIE,307,N,ILE,304,O,1,3.333222225925803e-05
HIE,307,NE2,ARG,130,NH2,1,3.333222225925803e-05
ARG,308,N,HIE,307,NE2,1,3.333222225925803e-05
HIE,313,N,GLU,115,OE1,1,3.333222225925803e-05
HIE,313,NE2,ARG,308,NH1,1,3.333222225925803e-05
MET,318,N,ALA,316,O,1,3.333222225925803e-05
VAL,324,N,THR,321,O,1,3.333222225925803e-05
TYR,326,OH,ARG,415,NE,1,3.333222225925803e-05
GLU,327,N,VAL,324,O,1,3.333222225925803e-05
GLN,329,N,TYR,326,O,1,3.333222225925803e-05
GLN,329,NE2,THR,278,OG1,1,3.333222225925803e-05
ASP,333,N,ASP,333,OD2,1,3.333222225925803e-05
GLY,338,N,PRO,336,O,1,3.333222225925803e-05
VAL,339,N,ARG,70,NH2,1,3.333222225925803e-05
HID,341,ND1,SER,68,O,1,3.333222225925803e-05
HID,341,ND1,ARG,70,NH2,1,3.333222225925803e-05
ILE,342,N,SER,68,OG,1,3.333222225925803e-05
THR,344,OG1,PHE,67,N,1,3.333222225925803e-05
GLN,345,NE2,ALA,66,N,1,3.333222225925803e-05
THR,347,N,GLN,345,O,1,3.333222225925803e-05
THR,347,OG1,THR,347,O,1,3.333222225925803e-05
THR,347,OG1,SER,348,O,1,3.333222225925803e-05
THR,347,OG1,ILE,354,O,1,3.333222225925803e-05
SER,348,OG,THR,347,O,1,3.333222225925803e-05
ARG,350,NE,GLU,54,O,1,3.333222225925803e-05
ARG,350,NH1,ALA,55,N,1,3.333222225925803e-05
ILE,354,N,TYR,352,O,1,3.333222225925803e-05
LEU,364,N,GLY,338,N,1,3.333222225925803e-05
HID,369,N,ALA,367,O,1,3.333222225925803e-05
TYR,373,N,PRO,371,O,1,3.333222225925803e-05
GLU,375,N,TYR,373,O,1,3.333222225925803e-05
LYS,376,NZ,LYS,376,O,1,3.333222225925803e-05
ALA,379,N,ASP,378,OD1,1,3.333222225925803e-05
HIP,384,N,ASN,381,OD1,1,3.333222225925803e-05
ASN,389,ND2,ALA,391,O,1,3.333222225925803e-05
GLY,390,N,ASN,389,ND2,1,3.333222225925803e-05
ALA,397,N,THR,395,O,1,3.333222225925803e-05
SER,402,N,HM1,464,NB,1,3.333222225925803e-05
LEU,403,N,ARG,406,O,1,3.333222225925803e-05
LYS,405,NZ,HID,341,NE2,1,3.333222225925803e-05
LYS,405,NZ,LYS,405,O,1,3.333222225925803e-05
ARG,406,NH1,SER,68,O,1,3.333222225925803e-05
ARG,406,NH2,ALA,59,O,1,3.333222225925803e-05
ARG,406,NH2,SER,68,OG,1,3.333222225925803e-05
ARG,406,NH2,GLY,69,O,1,3.333222225925803e-05
ARG,406,NH2,ARG,70,NH1,1,3.333222225925803e-05
GLY,410,N,ARG,105,NH1,1,3.333222225925803e-05
GLU,411,N,ARG,105,NH2,1,3.333222225925803e-05
ARG,415,NE,ARG,315,NH1,1,3.333222225925803e-05
PHE,422,N,LEU,420,O,1,3.333222225925803e-05
THR,423,N,LEU,420,O,1,3.333222225925803e-05
THR,424,OG1,ALA,122,O,1,3.333222225925803e-05
SER,430,OG,MET,431,O,1,3.333222225925803e-05
SER,433,OG,ALA,432,O,1,3.333222225925803e-05
LYS,451,NZ,LEU,334,O,1,3.333222225925803e-05
TYR,456,OH,PHE,283,O,1,3.333222225925803e-05
GLN,457,N,SER,433,OG,1,3.333222225925803e-05
GLN,457,NE2,GLN,457,N,1,3.333222225925803e-05
ARG,459,NE,ALA,135,O,1,3.333222225925803e-05
ARG,459,NE,LEU,136,N,1,3.333222225925803e-05
ARG,459,NH1,SER,430,OG,1,3.333222225925803e-05
ARG,459,NH2,LYS,133,O,1,3.333222225925803e-05
PHE,460,N,SER,132,OG,1,3.333222225925803e-05
ARG,463,NE,GLU,294,OE1,1,3.333222225925803e-05
ARG,463,NE,SER,430,N,1,3.333222225925803e-05
ARG,463,NH2,ALA,293,O,1,3.333222225925803e-05
ARG,463,NH2,ARG,463,OXT,1,3.333222225925803e-05
