donor_resname,donor_resid,donor_atom,acceptor_resname,acceptor_resid,acceptor_atom,count,frequency
ARG,330,NH2,GLU,327,OE1,29197,0.9732008933035565
ASN,381,N,GLU,327,OE1,28790,0.9596346788440385
THR,321,OG1,GLU,299,OE2,28467,0.9488683710542982
THR,424,OG1,LEU,420,O,28418,0.9472350921635946
ARG,330,NE,GLU,327,OE2,28331,0.9443351888270392
THR,239,OG1,ASP,235,O,28326,0.9441685277157428
PHE,331,N,GLU,327,O,28111,0.9370020999300024
GLU,417,N,ILE,413,O,27991,0.9330022332588914
THR,278,OG1,THR,274,O,27927,0.9308689710342989
VAL,40,N,VAL,47,O,27858,0.9285690476984101
PHE,349,N,TYR,352,O,27737,0.9245358488050398
PHE,178,N,PHE,174,O,27653,0.9217359421352621
PHE,143,N,PRO,139,O,27639,0.9212692910236325
ARG,330,NH1,LEU,368,O,27588,0.9195693476884104
LEU,210,N,VAL,206,O,27570,0.9189693676877437
ILE,458,N,MET,137,O,27570,0.9189693676877437
LEU,168,N,ASP,164,O,27533,0.9177360754641511
SER,145,OG,PHE,141,O,27461,0.9153361554614846
ASP,77,N,ILE,73,O,27354,0.911769607679744
MET,49,N,PHE,38,O,27243,0.9080697310089664
THR,423,N,PHE,419,O,27199,0.906603113229559
ARG,280,N,SER,276,O,27149,0.9049365021165962
PHE,361,N,VAL,48,O,27138,0.9045698476717443
GLU,301,N,TYR,297,O,27125,0.9041365287823739
VAL,343,N,THR,358,O,27117,0.9038698710042998
TYR,456,OH,ARG,280,O,27084,0.9027699076697443
THR,275,N,GLY,271,O,27053,0.9017366087797073
PHE,385,N,PRO,382,O,26955,0.8984700509983
ILE,452,N,GLU,446,O,26895,0.8964701176627445
VAL,48,N,GLU,359,O,26869,0.8956034798840039
VAL,95,N,ASN,91,O,26753,0.8917369421019299
ARG,98,N,LYS,94,O,26717,0.8905369821005966
VAL,101,N,ARG,97,O,26712,0.8903703209893004
VAL,76,N,ILE,73,O,26711,0.8903369887670411
HIP,384,N,ASN,381,O,26636,0.8878370720975968
HID,341,N,VAL,360,O,26624,0.8874370854304856
THR,423,OG1,PHE,419,O,26601,0.8866704443185227
LYS,94,N,GLY,90,O,26535,0.8844705176494116
LEU,171,N,PHE,167,O,26535,0.8844705176494116
LEU,241,N,ILE,237,O,26471,0.8823372554248192
LEU,196,N,PHE,192,O,26404,0.8801039965334488
ASN,428,ND2,THR,424,O,26401,0.8800039998666711
PHE,160,N,ASN,149,OD1,26275,0.8758041398620046
ASP,387,N,ALA,391,O,26239,0.8746041798606713
SER,100,OG,LEU,96,O,26191,0.873004233192227
ASN,14,N,HIE,41,O,26066,0.8688377054098196
THR,366,OG1,ILE,363,O,26016,0.8671710942968568
THR,277,OG1,GLU,273,O,25970,0.8656378120729309
SER,430,N,LEU,461,O,25828,0.8609046365121162
ARG,57,N,VAL,53,O,25822,0.8607046431785608
THR,264,OG1,LEU,260,O,25738,0.8579047365087831
MET,137,N,ILE,458,O,25585,0.8528049065031166
SER,266,OG,LEU,262,O,25567,0.8522049265024499
VAL,360,N,HID,341,O,25546,0.8515049498350055
THR,347,N,ILE,354,O,25511,0.8503383220559315
TYR,240,OH,SER,256,O,25431,0.8476717442751909
LEU,420,N,ALA,416,O,25420,0.847305089830339
THR,347,OG1,GLN,345,O,25341,0.8446718442718576
GLY,71,N,PRO,340,O,25340,0.8446385120495984
SER,332,OG,ILE,328,O,25296,0.843171894270191
CYS,152,N,ALA,148,O,25269,0.8422719242691911
ASP,164,N,HIE,161,O,25265,0.842138595380154
THR,39,N,PRO,4,O,25188,0.8395720142661911
PHE,99,N,VAL,95,O,25085,0.8361387953734876
ILE,363,N,LEU,50,O,25072,0.8357054764841172
GLY,52,N,THR,366,OG1,25014,0.8337722075930802
LEU,426,N,PHE,422,O,25006,0.8335055498150061
ALA,148,N,GLN,144,O,25005,0.8334722175927469
TYR,326,N,GLU,322,O,24995,0.8331388953701543
GLN,176,N,ASN,172,O,24944,0.8314389520349321
ILE,354,N,THR,347,O,24897,0.829872337588747
HIE,41,N,ASN,14,OD1,24883,0.8294056864771174
ILE,146,N,LEU,142,O,24782,0.8260391320289324
ILE,300,N,VAL,296,O,24771,0.8256724775840806
THR,274,OG1,ALA,270,O,24734,0.824439185360488
TYR,281,N,THR,277,O,24643,0.8214059531348955
LEU,265,N,ASN,261,O,24514,0.8171060964634512
THR,177,OG1,LEU,173,O,24493,0.8164061197960067
LEU,9,N,GLY,13,O,24336,0.8111729609013033
GLN,427,NE2,ARG,308,O,24330,0.8109729675677477
ILE,181,N,THR,177,O,24290,0.8096396786773774
MET,244,N,TYR,240,O,24202,0.8067064431185628
VAL,155,N,ILE,151,O,24190,0.8063064564514516
SER,276,OG,PHE,143,O,24154,0.8051064964501183
LEU,50,N,PHE,361,O,23967,0.7988733708876371
SER,365,N,PRO,336,O,23959,0.798606713109563
ASN,214,N,LEU,210,O,23956,0.7985067164427853
SER,182,OG,PHE,178,O,23945,0.7981400619979334
GLY,218,N,ASN,214,O,23932,0.797706743108563
LYS,393,N,PHE,385,O,23821,0.7940068664377854
VAL,221,N,ILE,217,O,23700,0.7899736675444152
GLU,322,N,MET,318,O,23653,0.78840705309823
SER,68,N,ILE,342,O,23649,0.7882737242091931
LEU,125,N,GLU,121,O,23649,0.7882737242091931
THR,344,N,ALA,66,O,23643,0.7880737308756375
ALA,414,N,GLY,410,O,23641,0.788007066431119
PHE,421,N,GLU,417,O,23626,0.78750708309723
ARG,280,NH1,SER,276,OG,23302,0.7767074430852305
ARG,280,NH2,GLU,273,OE1,23258,0.7752408253058232
LEU,28,N,LEU,24,O,23227,0.7742075264157862
THR,358,OG1,PRO,355,O,23195,0.7731408953034898
THR,424,N,LEU,420,O,23188,0.772907569747675
ALA,323,N,PRO,319,O,23145,0.771474284190527
PHE,283,N,LEU,279,O,23022,0.7673744208526383
GLN,205,N,GLY,201,O,23018,0.7672410919636012
GLN,329,N,ILE,325,O,23013,0.767074430852305
THR,277,N,GLU,273,O,22984,0.7661077964067864
ARG,415,NH2,GLU,322,OE2,22932,0.764374520849305
TYR,297,N,ALA,293,O,22897,0.763207893070231
ARG,97,N,TRP,93,O,22852,0.7617079430685644
LYS,223,N,HIE,219,O,22818,0.7605746475117496
ARG,81,N,ASP,77,O,22803,0.7600746641778607
ILE,325,N,THR,321,O,22782,0.7593746875104164
PHE,38,N,MET,49,O,22759,0.7586080463984534
LYS,356,N,HIE,346,ND1,22642,0.7547081763941202
ILE,126,N,ALA,122,O,22627,0.7542081930602313
VAL,206,N,ALA,202,O,22600,0.7533082230592314
TYR,83,N,PHE,80,O,22551,0.7516749441685278
GLN,119,N,GLU,115,O,22525,0.750808306389787
ILE,217,N,ILE,213,O,22470,0.7489750341655278
LEU,279,N,THR,275,O,22433,0.7477417419419353
GLU,222,N,GLY,218,O,22428,0.747575080830639
LEU,129,N,LEU,125,O,22369,0.7456084797173428
ASP,383,N,ASN,381,OD1,22329,0.7442751908269725
CYS,51,N,ASP,36,O,22312,0.743708543048565
LYS,317,N,ASP,314,O,22296,0.7431752274924169
TYR,34,N,PHE,30,O,22257,0.7418752708243058
LEU,285,N,TYR,281,O,22254,0.7417752741575281
ALA,122,N,ILE,118,O,22247,0.7415419486017133
THR,321,N,GLU,299,OE2,22187,0.7395420152661578
LYS,208,N,ARG,204,O,21843,0.728075730808973
LYS,63,N,GLU,58,O,21741,0.7246758441385287
VAL,324,N,TYR,320,O,21574,0.7191093630212326
GLU,411,N,CM1,408,O,21536,0.7178427385753808
LEU,418,N,ALA,414,O,21445,0.7148095063497883
ASN,149,ND2,PHE,160,O,21418,0.7139095363487884
GLU,327,N,ALA,323,O,21298,0.7099096696776774
LEU,368,N,LEU,364,O,21189,0.7062764574514183
ILE,328,N,VAL,324,O,21164,0.7054431518949368
ALA,66,N,LYS,63,O,21161,0.705343155228159
LEU,461,N,SER,430,O,21099,0.703276557448085
TYR,352,N,PHE,349,O,21088,0.7029099030032332
SER,276,N,THR,272,O,21086,0.7028432385587147
ASP,19,N,SER,26,OG,20930,0.6976434118862704
SER,100,N,LEU,96,O,20857,0.6952101596613446
MET,318,N,ARG,315,O,20850,0.6949768341055298
ASN,14,ND2,GLN,17,OE1,20759,0.6919436018799373
ARG,31,N,PHE,27,O,20720,0.6906436452118263
GLN,144,NE2,GLU,273,OE2,20710,0.6903103229892337
VAL,296,N,VAL,292,O,20643,0.6880770640978634
GLN,211,N,TYR,207,O,20588,0.6862437918736042
VAL,303,N,GLU,299,O,20549,0.6849438352054932
ARG,415,NH1,GLU,322,OE1,20491,0.6830105663144562
ARG,97,NH1,HM1,464,O1D,20407,0.6802106596446785
SER,179,N,TYR,175,O,20347,0.678210726309123
ARG,225,N,VAL,221,O,20317,0.6772107596413453
ILE,56,N,GLY,52,O,20124,0.6707776407453084
LEU,236,N,ILE,154,O,20071,0.6690110329655679
ARG,70,NH1,ILE,86,O,20007,0.6668777707409753
ASN,263,N,ASN,259,O,19866,0.6621779274024199
HID,243,ND1,THR,239,O,19835,0.6611446285123829
ARG,298,N,GLU,294,O,19776,0.6591780273990867
ASN,209,N,GLN,205,O,19711,0.657011432952235
SER,145,N,PHE,141,O,19700,0.6566447785073831
LEU,188,N,VAL,184,O,19644,0.6547781740608647
PHE,30,N,SER,26,O,19464,0.6487783740541982
ILE,213,N,ASN,209,O,19416,0.6471784273857538
GLN,17,NE2,ARG,7,O,19398,0.6465784473850872
PHE,27,N,LEU,23,O,19346,0.6448451718276057
ASN,14,ND2,PRO,6,O,19307,0.6435452151594947
ILE,118,N,VAL,114,O,19293,0.6430785640478651
GLY,305,N,ILE,300,O,19086,0.6361787940401986
MET,104,N,SER,100,O,19083,0.6360787973734209
PHE,398,N,THR,395,O,19050,0.6349788340388653
SER,26,OG,GLY,22,O,18830,0.6276457451418286
HIE,219,N,ALA,215,O,18761,0.6253458218059398
THR,102,OG1,ARG,98,O,18735,0.624479184027199
LYS,288,NZ,ILE,440,O,18720,0.6239792006933103
ARG,280,NH1,GLU,273,OE2,18631,0.6210126329122363
ASN,250,N,GLU,247,O,18478,0.6159128029065698
GLY,448,N,GLY,450,O,18426,0.6141795273490883
MET,286,N,GLY,282,O,18166,0.6055131495616812
ARG,459,N,ALA,432,O,18086,0.6028465717809406
SER,179,OG,TYR,175,O,18040,0.6013132895570148
ASP,238,N,ASP,235,OD2,17975,0.5991466951101629
PHE,79,N,VAL,76,O,17686,0.5895136828772374
THR,102,N,ARG,98,O,17684,0.589447018432719
TYR,373,N,ASP,370,O,17664,0.5887803739875338
ARG,70,NE,PRO,340,O,17365,0.5788140395320156
ILE,151,N,THR,147,O,17357,0.5785473817539415
PHE,199,N,LEU,196,O,17338,0.5779140695310157
ASP,106,N,VAL,101,O,17337,0.5778807373087563
ALA,432,N,ARG,459,O,17333,0.5777474084197194
ASN,172,N,LEU,168,O,17241,0.5746808439718676
SER,183,OG,LEU,180,O,17208,0.573580880637312
GLU,294,N,PRO,290,O,17187,0.5728809039698677
TYR,207,N,HIE,203,O,17082,0.5693810206326456
LEU,262,N,GLN,258,O,17016,0.5671810939635346
PHE,374,N,ASP,370,O,17014,0.567114429519016
ASN,149,N,SER,145,O,17003,0.5667477750741642
HIP,224,N,SER,220,O,16965,0.5654811506283124
ILE,353,N,ARG,1,O,16832,0.5610479650678311
LEU,267,N,THR,264,O,16821,0.5606813106229792
GLN,427,N,THR,423,O,16748,0.5582480583980534
THR,177,N,LEU,173,O,16730,0.5576480783973867
THR,227,OG1,LYS,223,O,16680,0.5559814672844239
ARG,308,NH1,ASP,314,OD2,16575,0.5524815839472018
ALA,59,N,ALA,55,O,16559,0.5519482683910536
TYR,162,OH,GLU,121,OE2,16527,0.5508816372787574
ARG,330,N,TYR,326,O,16523,0.5507483083897203
ALA,397,N,THR,395,OG1,16389,0.5462817906069798
GLY,390,N,ASP,387,O,16378,0.545915136162128
GLU,247,N,HID,243,O,16372,0.5457151428285724
LEU,60,N,ILE,56,O,16347,0.5448818372720909
THR,239,N,ASP,235,O,16269,0.5422819239358688
THR,103,OG1,PHE,99,O,15984,0.5327822405919803
ARG,130,N,ILE,126,O,15967,0.5322155928135729
PHE,429,N,ILE,425,O,15790,0.5263157894736842
GLU,121,N,ARG,117,O,15694,0.5231158961367954
THR,140,OG1,ASP,138,OD2,15487,0.516216126129129
GLN,427,NE2,GLY,305,O,15411,0.5136828772374255
LYS,288,N,LEU,284,O,15404,0.5134495516816107
TYR,320,N,GLU,299,OE1,15394,0.513116229459018
ASP,370,N,ALA,367,O,15360,0.5119829339022033
SER,365,OG,ASP,333,OD1,15338,0.5112496250124996
LYS,169,N,GLN,165,O,15297,0.50988300389987
GLU,226,N,GLU,222,O,15245,0.5081497283423886
ASN,259,N,SER,256,OG,15161,0.5053498216726109
SER,153,N,ASN,149,O,15039,0.5012832905569814
GLY,22,N,ASP,19,O,15032,0.5010499650011666
THR,443,OG1,ASP,441,OD1,14967,0.49888337055431486
ARG,97,NH2,ILE,407,O,14905,0.49681677277424086
TRP,93,NE1,HM1,464,O1D,14901,0.4966834438852038
ARG,45,NH1,GLU,359,OE2,14871,0.49568347721742606
ASP,314,N,GLU,311,O,14765,0.49215026165794473
ARG,295,N,HIE,291,O,14734,0.4911169627679077
ARG,308,NH2,ASP,314,OD1,14723,0.4907503083230559
LEU,96,N,ARG,92,O,14679,0.48928369054364856
ARG,463,N,ASN,428,O,14659,0.4886170460984634
ARG,159,NH2,GLU,121,OE2,14591,0.4863504549848338
ALA,88,N,GLY,84,O,14586,0.48618379387353755
THR,264,N,LEU,260,O,14561,0.4853504883170561
GLU,127,N,GLN,123,O,14527,0.48421719276024133
LEU,386,N,ASP,383,O,14458,0.48191726942435253
GLN,445,N,ILE,452,O,14439,0.48128395720142664
HIP,384,ND1,GLU,327,OE2,14362,0.47871737608746373
SER,220,N,TYR,216,O,14325,0.4774840838638712
LYS,131,N,GLU,127,O,14282,0.4760507983067231
SER,132,OG,GLU,128,O,14112,0.4703843205226492
SER,253,N,ASN,250,O,14109,0.4702843238558715
ASN,261,ND2,ASN,214,OD1,14080,0.469317689410353
ASN,149,ND2,GLU,121,OE2,14058,0.4685843805206493
SER,433,OG,GLN,457,O,14037,0.4678844038532049
ARG,308,NH1,PRO,309,O,14036,0.46785107163094564
TYR,198,N,PHE,195,O,13985,0.46615112829572347
HID,369,ND1,SER,365,O,13912,0.4637178760707976
THR,140,N,ASP,138,OD2,13858,0.4619179360687977
ILE,304,N,ILE,300,O,13826,0.46085130495650145
LYS,246,N,LEU,242,O,13616,0.45385153828205727
ARG,70,NH2,HM1,464,O2A,13565,0.4521515949468351
SER,183,N,LEU,180,O,13562,0.4520515982800573
GLY,282,N,THR,278,O,13493,0.4497516749441685
ARG,117,NH1,SER,153,OG,13426,0.44751841605279824
THR,140,OG1,ASP,138,OD1,13415,0.4471517616079464
PHE,195,N,PHE,192,O,13400,0.44665177827405755
ASN,261,N,HIE,257,O,13393,0.4464184527182427
GLU,245,N,LEU,241,O,13356,0.4451851604946502
LEU,180,N,GLN,176,O,13353,0.4450851638278724
ASN,259,ND2,GLU,254,O,13344,0.44478517382753907
THR,147,OG1,GLU,417,OE2,13336,0.444518516049465
GLY,108,N,THR,102,O,13298,0.4432518916036132
TYR,289,N,LEU,285,O,13287,0.4428852371587614
ILE,154,N,ILE,150,O,13283,0.4427519082697243
THR,443,OG1,ASP,441,OD2,13164,0.4387853738208726
LYS,111,N,GLY,108,O,13150,0.43831872270924305
THR,147,OG1,GLU,417,OE1,13134,0.4377854071530949
GLN,119,NE2,PRO,310,O,13108,0.4369187693743542
LEU,242,N,ASP,238,O,13084,0.436118796040132
TYR,240,N,LEU,236,O,13080,0.435985467151095
THR,443,N,ASP,441,OD1,13010,0.4336522115929469
TYR,175,N,LEU,171,O,12987,0.43288557048098397
LYS,288,NZ,PRO,437,O,12969,0.43228559048031734
THR,366,N,ILE,363,O,12942,0.43138562047931733
ILE,425,N,PHE,421,O,12908,0.4302523249225026
PHE,80,N,VAL,76,O,12879,0.4292856904769841
LEU,191,N,LEU,188,O,12828,0.42758574714176195
ALA,135,N,SER,132,O,12789,0.4262857904736509
LYS,72,N,GLU,359,OE2,12781,0.42601913269557684
GLU,32,N,LEU,28,O,12779,0.4259524682510583
ARG,29,N,LYS,25,O,12775,0.42581913936202126
THR,39,OG1,PRO,3,O,12667,0.4222192593580214
VAL,53,N,ASP,370,OD1,12666,0.42218592713576214
THR,278,N,THR,274,O,12539,0.4179527349088364
LEU,284,N,ARG,280,O,12399,0.41328622379254026
PHE,189,N,PHE,185,O,12369,0.4122862571247625
VAL,85,N,ASN,263,OD1,12356,0.41185293823539215
LEU,260,N,SER,256,O,12302,0.4100529982333922
SER,249,N,MET,244,O,12272,0.40905303156561446
PHE,87,N,GLY,84,O,12253,0.40841971934268856
HIP,224,NE2,ASP,235,OD1,12114,0.4037865404486517
GLU,128,N,CYS,124,O,12036,0.4011866271124296
LYS,234,N,ASP,238,OD1,12016,0.4005199826672444
SER,182,N,PHE,178,O,12001,0.4000199993333556
PHE,255,N,SER,253,OG,11988,0.3995866804439852
THR,140,N,ASP,138,OD1,11980,0.39932002266591116
VAL,339,N,HM1,464,O1A,11932,0.3977200759974667
VAL,435,N,SER,433,OG,11840,0.39465351154961503
GLU,120,N,GLU,116,O,11713,0.3904203193226892
LYS,158,N,CYS,152,O,11695,0.3898203393220226
GLU,58,N,GLU,54,O,11692,0.3897203426552448
HIP,384,NE2,GLU,375,O,11655,0.38848705043165227
THR,103,N,PHE,99,O,11589,0.38628712376254126
LEU,15,N,LEU,12,O,11577,0.38588713709543015
ARG,70,NH1,HM1,464,O2A,11573,0.3857538082063931
ARG,45,NH2,GLU,190,OE2,11563,0.3854204859838005
ARG,45,NH2,GLU,190,OE1,11553,0.38508716376120794
HID,243,N,THR,239,O,11553,0.38508716376120794
ARG,21,N,ASP,19,OD2,11548,0.3849205026499117
SER,365,OG,ASP,333,OD2,11523,0.3840871970934302
ARG,315,NH1,ARG,415,O,11518,0.38392053598213394
THR,443,N,ASP,441,OD2,11429,0.38095396820106
GLN,163,N,HIE,161,ND1,11416,0.3805206493116896
ALA,215,N,GLN,211,O,11359,0.3786207126429119
ARG,459,NE,GLY,134,O,11323,0.3774207526415786
GLY,84,N,ASN,259,OD1,11228,0.3742541915269491
MET,18,N,ASN,14,O,11139,0.37128762374587515
TYR,216,N,GLU,212,O,11071,0.3690210326322456
ARG,415,N,GLU,411,O,11063,0.3687543748541715
GLU,311,N,ASP,314,OD2,11044,0.3681210626312456
ASN,209,ND2,GLN,205,O,11003,0.366754441518616
ARG,159,NH2,GLU,121,OE1,10953,0.3650878304056531
TYR,162,OH,GLU,121,OE1,10948,0.36492116929435686
PHE,67,N,ALA,64,O,10927,0.36422119262691244
VAL,47,N,VAL,40,O,10896,0.36318789373687543
ASN,149,ND2,GLU,121,OE1,10858,0.36192126929102364
ASN,214,ND2,GLN,211,OE1,10846,0.36152128262391253
ALA,293,N,TYR,289,O,10796,0.35985467151094963
THR,272,N,LEU,267,O,10776,0.35918802706576447
GLY,134,N,PHE,460,O,10748,0.35825472484250526
HIE,372,N,ASP,370,OD2,10718,0.3572547581747275
GLU,212,N,LYS,208,O,10625,0.3541548615046165
ARG,350,N,GLU,58,OE1,10621,0.3540215326155795
THR,275,OG1,GLU,417,OE1,10609,0.3536215459484684
THR,275,OG1,GLU,417,OE2,10566,0.3521882603913203
LEU,287,N,PHE,283,O,10434,0.3477884070530982
THR,274,N,ALA,270,O,10356,0.3451884937168761
ASP,238,N,ASP,235,OD1,10351,0.34502183260557984
TRP,93,N,ASN,89,O,10345,0.34482183927202426
PHE,192,N,PHE,189,O,10286,0.34285523815872804
ARG,45,NH1,GLU,359,OE1,10255,0.34182193926869103
ASN,89,ND2,SER,68,OG,10233,0.34108863037898735
GLN,17,N,ASN,14,O,10143,0.3380887303756541
ASP,439,N,ALA,436,O,10069,0.33562214592846906
ARG,92,NE,GLU,254,OE1,10057,0.33522215926135795
ARG,45,NH2,GLU,359,OE1,9993,0.3330888970367654
SER,402,N,ILE,399,O,9823,0.32742241925269155
ILE,342,N,GLY,69,O,9808,0.3269224359188027
ARG,159,NE,GLU,121,OE1,9794,0.3264557848071731
VAL,53,N,ASP,370,OD2,9761,0.3253558214726176
TYR,373,OH,GLU,54,OE1,9713,0.32375587480417317
ILE,407,N,GLY,404,O,9689,0.322955901469951
ARG,92,NE,GLU,254,OE2,9518,0.3172560914636179
ARG,92,NH1,GLY,82,O,9464,0.31545615146161793
ARG,350,N,GLU,58,OE2,9455,0.3151561614612846
HIP,224,ND1,SER,220,O,9445,0.31482283923869203
HIE,372,N,ASP,370,OD1,9436,0.3145228492383587
ARG,70,NH1,HM1,464,O1A,9386,0.3128562381253958
ARG,231,NH2,ASP,229,OD1,9343,0.3114229525682477
GLY,186,N,SER,183,OG,9331,0.31102296590113665
ARG,21,N,ASP,19,OD1,9328,0.31092296923435886
VAL,61,N,ARG,57,O,9291,0.30968967701076633
LYS,356,NZ,ASP,357,OD1,9220,0.307323089230359
VAL,292,N,TYR,289,O,9211,0.3070230992300257
LYS,451,NZ,SER,332,O,9210,0.3069897670077664
ARG,463,NE,LEU,426,O,9207,0.30688977034098863
ARG,112,NH2,GLU,120,OE2,8816,0.29385687143761874
ARG,231,NH2,ASP,229,OD2,8814,0.2937902069931002
ARG,112,NH2,GLU,120,OE1,8790,0.29299023365887805
PHE,174,N,MET,170,O,8775,0.29249025032498915
LEU,173,N,MET,170,O,8738,0.2912569581013966
LYS,63,NZ,SER,348,O,8733,0.2910902969901003
CYS,124,N,GLU,120,O,8693,0.28975700809973
LYS,72,N,GLU,359,OE1,8677,0.2892236925435819
LYS,197,N,SER,193,O,8674,0.2891236958768041
ARG,105,NH2,GLU,411,OE2,8635,0.28782373920869303
ARG,231,N,ASP,229,OD2,8534,0.28445718476050796
ASP,357,N,VAL,343,O,8501,0.2833572214259525
ARG,231,N,ASP,229,OD1,8465,0.28215726142461917
GLN,123,N,GLN,119,O,8453,0.28175727475750806
ARG,159,NE,GLU,121,OE2,8451,0.2816906103129896
ARG,70,NH2,HM1,464,O1A,8352,0.27839072030932305
HIP,224,NE2,ASP,235,OD2,8324,0.2774574180860638
LYS,63,NZ,GLU,58,OE2,8303,0.27675744141861935
ARG,231,NE,ASP,229,OD2,8262,0.2753908203059898
TYR,281,OH,PHE,331,O,8234,0.27445751808273056
ARG,231,NE,ASP,229,OD1,8163,0.27209093030232323
SER,132,N,GLU,128,O,8130,0.27099096696776775
ARG,105,N,VAL,101,O,8091,0.2696910102996567
SER,153,OG,ASN,149,O,8070,0.2689910336322123
ARG,225,NH2,GLU,222,OE1,8011,0.26702443251891606
ARG,112,NH1,GLU,120,OE2,7879,0.262624579180694
THR,227,N,LYS,223,O,7851,0.26169127695743477
ARG,112,NH1,GLU,120,OE1,7832,0.2610579647345089
LEU,228,N,HIP,224,O,7818,0.26059131362287924
ARG,225,NH2,GLU,222,OE2,7801,0.26002466584447187
ARG,308,NH2,ASP,314,OD2,7776,0.2591913602879904
SER,253,OG,GLU,247,OE2,7738,0.2579247358421386
ARG,97,NH1,ILE,407,O,7727,0.25755808139728675
GLY,338,N,LEU,335,O,7634,0.25445818472717574
TYR,373,OH,GLU,54,OE2,7631,0.254358188060398
ARG,117,NE,SER,113,O,7574,0.25245825139162026
SER,253,OG,GLU,247,OE1,7562,0.2520582647245092
ASN,263,ND2,ASN,259,O,7552,0.2517249425019166
ARG,21,NE,ASP,19,OD2,7516,0.2505249825005833
LYS,133,N,ARG,130,O,7483,0.2494250191660278
LYS,63,NZ,GLU,58,OE1,7413,0.24709176360787974
PHE,174,N,LEU,171,O,7392,0.24639178694043531
ARG,308,NH1,ASP,314,OD1,7304,0.24345855138162062
PHE,268,N,LEU,265,O,7286,0.24285857138095396
LYS,248,N,GLU,245,O,7272,0.24239192026932435
ASN,428,N,THR,424,O,7236,0.24119196026799106
HIE,252,N,ASN,250,OD1,7197,0.23989200359988
SER,113,OG,GLU,115,OE2,7186,0.23952534915502816
SER,26,N,GLY,22,O,7120,0.23732542248591715
ARG,130,NH2,GLU,127,OE1,7119,0.23729209026365788
MET,170,N,GLU,166,O,7080,0.23599213359554683
ARG,112,NE,GLU,116,OE2,7003,0.23342555248158395
ARG,21,NE,ASP,19,OD1,6924,0.23079230692310257
LYS,356,NZ,ASP,357,OD2,6898,0.22992566914436185
GLU,299,N,ARG,295,O,6877,0.22922569247691743
ARG,105,NH1,GLU,411,OE2,6854,0.2284590513649545
ALA,64,N,VAL,61,O,6738,0.22459251358288057
ARG,330,NH1,PRO,377,O,6731,0.22435918802706575
ARG,45,NH2,GLU,359,OE2,6727,0.22422585913802873
GLN,302,N,ARG,298,O,6718,0.2239258691376954
ARG,112,NE,GLU,116,OE1,6664,0.22212592913569548
ARG,21,NH2,ASP,19,OD1,6663,0.22209259691343622
ARG,406,NH1,HID,341,NE2,6636,0.22119262691243624
GLN,144,N,THR,140,O,6626,0.22085930468984366
LYS,33,N,ARG,29,O,6583,0.21942601913269558
CM1,408,N,PHE,401,O,6581,0.21935935468817705
SER,113,OG,GLU,115,OE1,6562,0.21872604246525115
ALA,416,N,ILE,413,O,6555,0.21849271690943636
ARG,130,NH2,GLU,127,OE2,6489,0.21629279024032533
ASN,389,ND2,ASP,387,OD1,6393,0.21309289690343655
HIP,384,ND1,GLU,327,OE1,6366,0.21219292690243657
PHE,269,N,LEU,265,O,6359,0.21195960134662178
ARG,330,NH2,PRO,377,O,6341,0.21135962134595512
GLU,116,N,SER,113,OG,6274,0.20912636245458485
ARG,112,NH2,GLU,116,OE2,6244,0.2081263957868071
ARG,350,NH2,GLU,58,OE1,6237,0.2078930702309923
ARG,117,NH2,ARG,112,O,6218,0.2072597580080664
GLU,190,N,GLN,187,O,6193,0.20642645245158495
GLY,35,N,ARG,31,O,6142,0.20472650911636278
ARG,350,NE,GLU,58,OE1,6089,0.20295990133662212
ARG,105,NH2,GLU,411,OE1,6081,0.20269324355854804
ARG,117,N,SER,113,O,6071,0.20235992133595546
PHE,156,N,CYS,152,O,5997,0.19989333688877037
ASN,389,ND2,ASP,387,OD2,5976,0.19919336022132594
ARG,225,NE,GLU,222,OE2,5969,0.19896003466551115
LYS,248,NZ,GLU,245,OE1,5929,0.19762674577514083
ARG,21,NH2,ASP,19,OD2,5856,0.19519349355021498
ASN,389,N,ASP,387,OD2,5763,0.192093596880104
ILE,440,N,PRO,437,O,5763,0.192093596880104
LEU,24,N,GLN,187,OE1,5751,0.1916936102129929
ARG,350,NH2,GLU,58,OE2,5697,0.18989367021099296
ARG,112,NH2,GLU,116,OE1,5664,0.18879370687643746
ASN,389,N,ASP,387,OD1,5661,0.18869371020965967
ALA,316,N,HIE,313,O,5654,0.18846038465384488
ARG,81,NH1,PRO,78,O,5596,0.1865271157628079
LYS,169,NZ,GLU,166,OE2,5567,0.18556048131728942
GLU,166,N,ASP,164,OD2,5539,0.1846271790940302
LEU,173,N,LYS,169,O,5538,0.18459384687177094
LYS,248,NZ,GLU,245,OE2,5520,0.1839938668711043
ARG,31,NH2,ASP,36,OD2,5518,0.18392720242658578
ALA,379,N,LYS,376,O,5507,0.18356054798173393
ARG,225,NE,GLU,222,OE1,5471,0.18236058798040064
LYS,451,NZ,ASP,333,OD2,5470,0.1823272557581414
ILE,237,N,VAL,155,O,5457,0.18189393686877103
SER,132,OG,LEU,129,O,5441,0.1813606213126229
ARG,350,NE,GLU,58,OE2,5439,0.1812939568681044
LEU,42,N,ARG,45,O,5426,0.18086063797873403
ARG,280,NH1,GLU,273,OE1,5347,0.17822739242025265
LYS,169,NZ,GLU,166,OE1,5343,0.17809406353121562
ALA,391,N,ASN,389,OD1,5335,0.17782740575314157
GLN,187,N,SER,183,O,5324,0.17746075130828973
ARG,463,NH1,GLU,294,OE1,5301,0.17669411019632678
ASP,62,N,ARG,57,O,5292,0.17639412019599346
ARG,31,NH2,ASP,36,OD1,5237,0.17456084797173427
ALA,367,N,LEU,364,O,5106,0.17019432685577146
PHE,422,N,LEU,418,O,5103,0.1700943301889937
SER,253,OG,ASN,250,O,5092,0.16972767574414185
ARG,308,N,GLY,305,O,5089,0.1696276790773641
GLU,446,N,ILE,452,O,5075,0.16916102796573448
LYS,111,NZ,GLY,108,O,5061,0.16869437685410485
TYR,216,OH,GLU,166,O,5047,0.16822772574247524
ASP,106,N,THR,102,O,5038,0.16792773574214193
GLN,176,NE2,ASN,172,OD1,5029,0.1676277457418086
ARG,92,NH2,GLU,254,OE1,5010,0.1669944335188827
GLU,166,N,ASP,164,OD1,4972,0.1657278090730309
ARG,463,NH1,GLU,294,OE2,4884,0.1627945735142162
SER,256,N,GLU,254,O,4841,0.1613612879570681
THR,227,N,HIP,224,O,4833,0.16109463017899403
ARG,31,NH1,ASP,36,OD2,4811,0.16036132128929037
LYS,451,NZ,ASP,333,OD1,4808,0.16026132462251258
THR,358,N,PRO,355,O,4786,0.15952801573280892
ASN,381,ND2,ASP,383,OD1,4744,0.15812806239792007
GLN,187,N,VAL,184,O,4708,0.15692810239658678
GLU,115,N,GLU,115,OE2,4706,0.15686143795206828
TRP,93,NE1,HM1,464,O2D,4641,0.1546948435052165
LYS,63,NZ,ASP,62,OD1,4617,0.1538948701709943
ARG,315,N,LEU,312,O,4610,0.1536615446151795
SER,193,OG,PHE,189,O,4599,0.15329489017032766
ALA,232,N,ASP,229,O,4585,0.15282823905869805
ARG,92,NH2,GLU,254,OE2,4510,0.1503283223892537
ARG,463,NH2,GLU,294,OE2,4491,0.1496950101663278
ARG,463,NH2,GLU,294,OE1,4480,0.14932835572147596
ASN,261,ND2,HIE,257,O,4475,0.14916169461017967
GLU,311,N,ASP,314,OD1,4455,0.1484950501649945
ASN,263,ND2,SER,100,OG,4453,0.14842838572047598
ARG,57,NH1,GLU,396,O,4444,0.14812839572014266
GLN,445,NE2,PRO,453,O,4423,0.14742841905269824
LYS,33,N,PHE,30,O,4392,0.14639512016266124
TYR,207,OH,ALA,74,O,4348,0.1449285023832539
ASP,333,N,ARG,330,O,4318,0.14392853571547615
LYS,111,NZ,PRO,233,O,4273,0.14242858571380954
ARG,298,NH1,GLU,301,OE2,4273,0.14242858571380954
PHE,192,N,LEU,188,O,4269,0.1422952568247725
LYS,131,NZ,GLU,128,OE1,4255,0.1418286057131429
PHE,419,N,ALA,416,O,4222,0.14072864237858737
ILE,150,N,ILE,146,O,4215,0.14049531682277258
ARG,298,NH2,GLU,294,OE1,4192,0.13972867571080963
GLN,163,NE2,GLU,128,OE2,4177,0.13922869237692076
ARG,31,NH1,GLY,35,O,4174,0.139128695710143
ARG,105,N,THR,102,O,4172,0.13906203126562447
ARG,298,NH1,GLU,301,OE1,4141,0.1380287323755875
ARG,406,N,LEU,403,O,4104,0.13679544015199493
GLY,13,N,LEU,9,O,4082,0.13606213126229125
ARG,130,NE,GLU,127,OE1,4055,0.1351621612612913
ASN,381,ND2,ASP,383,OD2,4043,0.1347621745941802
GLY,338,N,VAL,449,O,4036,0.1345288490383654
GLN,144,NE2,LEU,171,O,4032,0.13439552014932835
GLY,450,N,ILE,181,O,4029,0.13429552348255058
ILE,413,N,LEU,409,O,4022,0.13406219792673577
TYR,216,OH,GLU,166,OE1,3989,0.13296223459218026
GLU,115,N,GLU,115,OE1,3978,0.13259558014732842
LYS,234,NZ,ASP,238,OD1,3928,0.13092896903436552
LYS,111,NZ,THR,239,OG1,3906,0.13019566014466186
ASN,250,ND2,GLU,247,O,3899,0.12996233458884704
ARG,57,NH2,GLU,54,OE1,3803,0.12676244125195826
MET,18,N,LEU,15,O,3801,0.12669577680743976
LYS,131,NZ,GLU,128,OE2,3785,0.12616246125129163
GLN,163,NE2,GLU,128,OE1,3774,0.12579580680643979
LEU,23,N,GLN,187,OE1,3773,0.12576247458418052
LYS,63,NZ,ASP,62,OD2,3758,0.12526249125029165
ARG,29,NH1,ASP,19,OD2,3749,0.12496250124995834
ARG,130,NE,GLU,127,OE2,3729,0.12429585680477317
SER,266,N,LEU,262,O,3708,0.12359588013732875
ARG,57,NH2,GLU,54,OE2,3707,0.1235625479150695
ARG,415,N,GLY,410,O,3639,0.12129595680143995
ASN,250,ND2,GLU,247,OE2,3623,0.12076264124529182
ASN,259,ND2,TYR,240,OH,3577,0.11922935902136596
PHE,185,N,SER,183,OG,3557,0.1185627145761808
GLN,165,NE2,GLN,163,O,3546,0.11819606013132895
SER,332,N,ILE,328,O,3509,0.11696276790773641
TYR,297,OH,GLU,301,OE1,3439,0.11462951234958835
HID,369,N,THR,366,O,3400,0.11332955568147729
SER,132,N,LEU,129,O,3361,0.11202959901336622
ILE,413,N,GLY,410,O,3351,0.11169627679077364
ARG,298,NE,GLU,294,OE1,3303,0.11009633012232925
ARG,298,NE,GLU,294,OE2,3295,0.1098296723442552
ARG,105,NH1,GLU,411,OE1,3289,0.10962967901069964
ARG,159,NH1,GLU,121,OE1,3248,0.10826305789807006
ARG,463,NH2,LEU,426,O,3218,0.10726309123029232
TYR,297,OH,GLU,301,OE2,3199,0.10662977900736642
ARG,31,NE,ASP,36,OD2,3177,0.10589647011766275
ASN,250,ND2,GLU,247,OE1,3175,0.10582980567314423
ARG,406,NH2,HID,341,NE2,3128,0.1042631912269591
ILE,440,N,ALA,436,O,3101,0.10336322122595913
LEU,386,N,PRO,382,O,3066,0.1021965934468851
ARG,98,NH2,THR,102,OG1,3050,0.10166327789073698
GLY,412,N,LEU,409,O,3010,0.10032998900036666
ARG,130,NH1,GLU,127,OE1,2995,0.09983000566647779
ASN,428,N,ILE,425,O,2979,0.09929669011032966
SER,153,OG,ILE,150,O,2976,0.09919669344355188
TYR,216,OH,GLU,166,OE2,2971,0.09903003233225559
ARG,204,NH2,LYS,197,O,2970,0.09899670010999634
ARG,45,NE,GLU,190,OE1,2948,0.09826339122029265
ARG,31,NH1,ASP,36,OD1,2801,0.09336355454818172
ARG,315,NH2,ARG,415,O,2785,0.0928302389920336
THR,39,OG1,PRO,4,O,2771,0.09236358788040398
VAL,184,N,GLU,446,OE2,2767,0.09223025899136696
ARG,31,NE,ASP,36,OD1,2758,0.09193026899103363
ARG,31,NH1,ASP,370,OD2,2715,0.09049698343388554
ILE,73,N,GLY,71,O,2705,0.09016366121129296
GLN,119,NE2,GLU,311,OE1,2656,0.08853038232058931
ASN,209,ND2,GLN,176,OE1,2639,0.08796373454218193
ARG,29,NH1,ASP,19,OD1,2587,0.08623045898470051
GLU,116,N,SER,113,O,2562,0.08539715342821906
LYS,234,NZ,ASP,235,OD2,2559,0.08529715676144128
ARG,130,NH1,GLU,127,OE2,2554,0.085130495650145
GLN,119,NE2,GLU,311,OE2,2550,0.08499716676110797
THR,344,OG1,ALA,66,O,2549,0.0849638345388487
PHE,167,N,ASP,164,OD2,2536,0.08453051564947835
MET,337,N,GLY,448,O,2524,0.08413052898236725
LEU,228,N,ARG,225,O,2517,0.08389720342655245
ASN,172,ND2,LEU,168,O,2516,0.08386387120429319
ARG,406,NH2,HM1,464,O2A,2510,0.08366387787073765
MET,337,N,VAL,449,O,2503,0.08343055231492283
ARG,57,NE,GLU,54,OE2,2502,0.08339722009266358
GLU,190,N,GLY,186,O,2488,0.08293056898103397
GLN,329,NE2,ILE,325,O,2426,0.08086397120095996
SER,193,OG,GLU,190,O,2418,0.08059731342288591
GLN,187,NE2,ASP,19,O,2395,0.07983067231092297
TYR,281,OH,LEU,442,O,2392,0.0797306756441452
VAL,184,N,GLU,446,OE1,2390,0.07966401119962668
ILE,150,N,THR,147,O,2380,0.0793306889770341
GLN,302,NE2,ARG,298,O,2379,0.07929735675477484
ARG,45,NE,GLU,190,OE2,2349,0.0782973900869971
HIE,346,N,GLN,345,OE1,2340,0.07799740008666378
ASN,209,ND2,THR,177,OG1,2337,0.077897403419886
ARG,57,NH1,GLU,396,OE2,2322,0.07739742008599713
ARG,315,NE,LEU,312,O,2312,0.07706409786340455
ARG,350,NH2,ASP,36,OD1,2290,0.07633078897370088
PHE,167,N,ASP,164,OD1,2289,0.07629745675144162
GLY,108,N,ASP,106,OD1,2266,0.07553081563947868
ARG,298,NH2,GLU,301,OE1,2260,0.07533082230592314
ARG,57,NE,GLU,54,OE1,2248,0.07493083563881205
ARG,57,NH1,GLU,396,OE1,2231,0.07436418786040465
ARG,295,NE,GLU,294,OE2,2220,0.07399753341555282
LYS,405,NZ,GLU,65,OE1,2218,0.0739308689710343
GLN,187,NE2,SER,183,O,2216,0.07386420452651578
LYS,234,N,ASP,238,OD2,2202,0.07339755341488617
GLY,186,N,SER,183,O,2200,0.07333088897036766
GLY,69,N,ASN,89,OD1,2179,0.07263091230292323
LYS,111,N,PHE,107,O,2170,0.07233092230258992
ARG,31,NH1,ARG,31,O,2116,0.07053098230058998
ARG,204,N,GLY,201,O,2080,0.0693310222992567
THR,344,OG1,SER,68,OG,2079,0.06929769007699743
ARG,298,NH2,GLU,301,OE2,2078,0.06926435785473818
ARG,45,NH2,GLU,190,O,2030,0.0676644111862938
SER,249,N,LYS,246,O,2022,0.06739775340821973
ARG,315,N,GLU,311,O,2013,0.06709776340788641
ALA,416,N,GLY,412,O,2003,0.06676444118529383
SER,430,OG,GLU,294,OE1,2002,0.06673110896303457
ASN,209,ND2,LEU,173,O,1994,0.0664644511849605
GLN,187,NE2,CYS,447,O,1991,0.06636445451818272
LYS,405,NZ,GLU,65,OE2,1987,0.0662311256291457
ARG,29,NH2,ASP,19,OD1,1975,0.0658311389620346
HIE,203,NE2,LEU,196,O,1972,0.06573114229525683
GLN,123,NE2,GLN,119,O,1961,0.06536448785040498
THR,272,OG1,LEU,267,O,1960,0.06533115562814573
ARG,415,NH2,GLU,322,OE1,1960,0.06533115562814573
GLY,157,N,CYS,152,O,1948,0.06493116896103464
TYR,326,OH,GLU,322,OE2,1940,0.06466451118296057
LEU,364,N,LEU,362,O,1928,0.06426452451584948
ASN,261,ND2,ASN,214,O,1922,0.06406453118229392
ALA,391,N,ASP,387,O,1909,0.06363121229292357
ARG,31,NH2,ASP,370,OD2,1899,0.06329789007033099
ARG,29,NH2,GLN,17,O,1898,0.06326455784807174
PHE,460,N,GLY,134,O,1881,0.06269791006966434
ARG,231,NH1,ASP,238,OD1,1875,0.0624979167361088
ARG,295,NH2,GLU,294,OE1,1875,0.0624979167361088
GLN,176,NE2,ASN,209,OD1,1847,0.06156461451284957
ARG,406,NH2,HM1,464,O2D,1847,0.06156461451284957
LYS,451,N,LEU,334,O,1846,0.061531282290590315
ARG,406,NH1,HM1,464,O2D,1830,0.06099796673444219
GLY,108,N,ASP,106,OD2,1829,0.060964634512182925
LYS,72,NZ,GLU,359,OE1,1826,0.060864637845405155
ARG,31,NH2,ASP,370,OD1,1825,0.0608313056231459
ARG,459,NH1,GLY,134,O,1822,0.06073130895636812
LYS,393,NZ,ASP,383,O,1813,0.0604313189560348
LYS,197,N,GLY,194,O,1802,0.06006466451118296
LYS,234,NZ,MET,109,O,1801,0.060031332288923704
LYS,72,NZ,GLU,190,OE1,1796,0.059864671177627414
THR,272,OG1,THR,147,OG1,1791,0.059698010066331124
SER,193,N,GLU,190,O,1785,0.05949801673277558
ARG,298,NH2,GLU,294,OE2,1784,0.059464684510516314
ARG,415,NH1,GLN,329,OE1,1730,0.057664744508516386
HIE,203,NE2,LYS,197,O,1725,0.057498083397220096
SER,249,OG,LYS,246,O,1723,0.057431418952701575
ARG,98,NH2,ASP,106,OD1,1722,0.05739808673044232
ARG,92,NH2,HIE,252,O,1720,0.057331422285923805
LYS,25,N,GLY,22,O,1709,0.05696476784107196
ALA,74,N,GLU,190,OE1,1699,0.05663144561847938
THR,103,N,SER,100,O,1698,0.056598113396220125
MET,170,N,PHE,167,O,1697,0.05656478117396087
GLN,123,N,GLU,120,O,1686,0.05619812672910903
SER,430,OG,GLU,294,OE2,1684,0.05613146228459051
ARG,81,NE,PRO,78,O,1683,0.056098130062331254
PHE,167,N,ASP,164,O,1683,0.056098130062331254
ARG,45,N,LEU,42,O,1682,0.056064797840072
LYS,72,NZ,GLU,190,OE2,1671,0.05569814339522016
VAL,449,N,ILE,181,O,1671,0.05569814339522016
GLY,43,N,HIE,41,O,1636,0.05453151561614613
GLU,115,N,SER,113,OG,1631,0.05436485450484984
LYS,72,NZ,SER,193,OG,1630,0.05433152228259058
ARG,70,NH2,VAL,339,O,1616,0.05386487117096097
VAL,303,N,ILE,300,O,1586,0.05286490450318323
ASP,333,N,GLN,329,O,1584,0.05279824005866471
LYS,356,NZ,THR,344,O,1582,0.052731575614146195
LYS,72,NZ,GLU,190,O,1575,0.05249825005833139
TRP,93,N,GLY,90,O,1568,0.05226492450251658
ARG,298,NH1,GLU,294,OE2,1554,0.05179827339088697
ARG,231,NH1,ASP,238,OD2,1553,0.05176494116862771
GLN,187,NE2,GLY,448,O,1538,0.05126495783473884
ARG,406,NH1,HM1,464,O1A,1536,0.05119829339022033
GLY,134,N,LEU,129,O,1526,0.05086497116762775
ARG,70,N,ASN,89,OD1,1520,0.0506649778340722
ARG,406,NH2,ALA,88,O,1520,0.0506649778340722
SER,193,OG,GLU,190,OE1,1497,0.04989833672210926
ARG,225,NH1,GLU,222,OE2,1496,0.049865004499850006
PHE,419,N,ARG,415,O,1478,0.04926502449918336
HIE,203,NE2,PHE,199,O,1476,0.049198360054664846
ARG,81,NE,PHE,79,O,1452,0.04839838672044265
ARG,298,NE,GLU,301,OE2,1447,0.04823172560914636
ARG,117,NE,ARG,112,O,1445,0.04816506116462785
LYS,223,NZ,GLU,226,OE2,1431,0.047698410052998234
GLU,438,N,GLU,438,OE2,1430,0.04766507783073898
LYS,234,NZ,ALA,232,O,1425,0.04749841671944269
ARG,20,NH1,ARG,20,O,1421,0.047365087830405654
GLN,302,N,GLU,299,O,1405,0.04683177227425753
LYS,376,NZ,ASP,378,OD2,1396,0.0465317822739242
ARG,1,NE,GLY,351,O,1381,0.04603179894003533
ALA,74,N,GLU,190,OE2,1380,0.045998466717776076
ASN,149,ND2,SER,145,O,1371,0.04569847671744275
ARG,29,NH2,ASP,19,OD2,1370,0.045665144495183496
GLU,226,N,LYS,223,O,1353,0.045098496716776106
ARG,225,NH1,GLU,222,OE1,1351,0.04503183227225759
LYS,223,NZ,GLU,226,OE1,1346,0.0448651711609613
ARG,350,NE,ASP,36,OD1,1343,0.044765174494183525
ARG,406,NH2,HM1,464,O1A,1341,0.04469851004966501
LEU,180,N,THR,177,O,1340,0.044665177827405755
GLN,258,N,GLN,258,OE1,1330,0.044331855604813175
ASN,259,N,SER,256,O,1301,0.04336522115929469
LYS,208,NZ,GLU,212,OE2,1293,0.043098563381220624
ARG,97,NH1,ARG,406,O,1278,0.042598580047331754
HIE,252,NE2,GLU,254,OE1,1269,0.04229859004699843
LEU,312,N,GLU,311,OE1,1264,0.04213192893570214
ARG,81,NH2,GLN,258,OE1,1261,0.04203193226892437
LYS,111,NZ,MET,109,O,1251,0.04169861004633179
SER,182,OG,SER,179,O,1228,0.04093196893436885
GLU,65,N,GLU,65,OE2,1213,0.04043198560047998
ARG,20,NH2,GLU,446,OE2,1210,0.04033198893370221
PHE,268,N,THR,264,O,1207,0.040231992266924435
LYS,376,NZ,ASP,378,OD1,1203,0.0400986633778874
ARG,298,NE,GLU,301,OE1,1202,0.040065331155628145
LYS,248,N,MET,244,O,1197,0.039898670044331855
LYS,376,NZ,GLU,375,OE1,1189,0.039632012266257795
GLU,299,N,VAL,296,O,1187,0.039565347821739275
LYS,72,NZ,GLU,359,OE2,1186,0.03953201559948002
LYS,131,N,GLU,128,O,1181,0.03936535448818373
LYS,208,NZ,GLU,212,OE1,1173,0.03909869671010966
SER,256,N,TYR,240,OH,1166,0.03886537115429486
SER,433,OG,VAL,435,O,1152,0.038398720042665244
GLN,205,NE2,ASN,209,OD1,1143,0.03809873004233192
LYS,376,NZ,GLU,375,OE2,1142,0.03806539782007266
ARG,20,NH1,GLU,446,OE1,1141,0.03803206559781341
SER,113,N,GLU,116,OE1,1134,0.0377987400419986
LYS,131,NZ,GLU,127,O,1109,0.03696543448551715
VAL,61,N,GLU,58,O,1101,0.036698776707443086
GLU,438,N,GLU,438,OE1,1092,0.03639878670710976
GLN,144,NE2,GLU,273,OE1,1084,0.0361321289290357
ARG,31,NH1,ASP,370,OD1,1081,0.036032132262257925
VAL,339,N,HM1,464,O2A,1061,0.035365487817072765
ASN,259,ND2,GLU,254,OE1,1057,0.03523215892803573
SER,113,N,GLU,116,OE2,1042,0.03473217559414686
LYS,234,NZ,ASP,235,OD1,1038,0.03459884670510983
ASN,214,ND2,ASN,261,OD1,1033,0.03443218559381354
GLU,32,N,ARG,29,O,1023,0.03409886337122096
ARG,350,NH1,GLU,58,OE2,1022,0.0340655311489617
ARG,350,NH2,ASP,36,OD2,1022,0.0340655311489617
LYS,246,N,HID,243,O,1020,0.03399886670444319
ASN,259,ND2,GLU,254,OE2,1017,0.03389887003766541
SER,26,N,LEU,23,O,1013,0.03376554114862838
LYS,317,NZ,HIE,313,O,1011,0.03369887670410986
ARG,350,NH1,GLU,58,OE1,1010,0.03366554448185061
ARG,204,N,HIE,203,ND1,1006,0.03353221559281357
ARG,98,NH2,ASP,106,OD2,1005,0.033498883370554317
LEU,312,N,GLU,311,OE2,1000,0.033332222259258026
PHE,269,N,SER,266,O,998,0.033265557814739506
LEU,188,N,PHE,185,O,995,0.033165561147961736
ALA,135,N,LYS,133,O,994,0.03313222892570248
SER,266,N,ASN,263,O,990,0.032998900036665446
ARG,81,NH1,GLN,258,OE1,989,0.03296556781440619
GLN,258,N,SER,256,OG,988,0.032932235592146926
GLN,345,N,ALA,66,O,985,0.032832238925369156
GLU,65,N,GLU,65,OE1,979,0.03263224559181361
ARG,298,NH1,GLU,294,OE1,977,0.03256558114729509
LEU,260,N,HIE,257,O,958,0.031932268924369185
THR,455,N,GLN,445,NE2,950,0.031665611146295125
ARG,57,NH2,GLU,396,OE2,943,0.031432285590480315
GLU,396,N,GLU,396,OE1,938,0.031265624479184025
SER,193,OG,GLU,190,OE2,933,0.031098963367887738
SER,332,N,GLN,329,O,932,0.031065631145628478
ARG,20,NH1,MET,18,O,926,0.03086563781207293
ASN,259,ND2,ARG,92,NE,921,0.03069897670077664
GLN,176,NE2,ASN,172,O,918,0.030598980033998868
THR,455,N,GLN,445,OE1,913,0.030432318922702577
SER,183,OG,GLU,446,OE1,891,0.0296990100329989
ARG,105,NE,GLU,411,OE2,888,0.029599013366221127
GLN,165,N,GLN,165,OE1,888,0.029599013366221127
ARG,204,NH1,LYS,197,O,888,0.029599013366221127
GLU,396,N,GLU,396,OE2,887,0.029565681143961867
ARG,57,NH2,GLU,396,OE1,884,0.029465684477184093
SER,365,OG,PRO,336,O,882,0.029399020032665577
SER,249,OG,PHE,255,O,877,0.029232358921369286
LYS,317,NZ,ASP,314,OD1,868,0.028932368921035966
ARG,1,NH2,GLY,351,O,850,0.028332388920369322
ARG,45,NE,LEU,42,O,848,0.028265724475850806
GLU,247,N,MET,244,O,848,0.028265724475850806
ARG,57,NH1,GLU,54,OE1,843,0.028099063364554516
ARG,330,NH1,HID,369,NE2,837,0.027899070030998965
PHE,189,N,GLY,186,O,834,0.027799073364221192
LYS,248,NZ,GLU,245,O,833,0.027765741141961935
GLN,258,NE2,ALA,251,O,831,0.02769907669744342
HIE,313,N,GLU,311,OE2,827,0.027565747808406385
ARG,57,NH1,GLU,54,OE2,819,0.02729909003033232
ARG,57,NE,GLU,396,OE2,812,0.027065764474517515
SER,193,N,PHE,189,O,812,0.027065764474517515
ARG,463,NH2,PHE,429,O,811,0.027032432252258258
LYS,131,NZ,GLU,127,OE1,803,0.026765774474184195
ASN,91,ND2,GLU,254,OE1,801,0.026699110029665678
LYS,451,NZ,ASP,333,O,796,0.026532448918369388
ARG,350,NH1,GLU,54,OE1,786,0.026199126695776807
LYS,111,NZ,LYS,234,O,782,0.026065797806739774
HIE,313,N,GLU,311,OE1,780,0.02599913336222126
THR,344,OG1,GLN,345,OE1,777,0.025899136695443484
ARG,225,NH2,GLU,226,OE2,770,0.02566581113962868
ARG,350,NH2,GLU,54,OE2,765,0.02549915002833239
ARG,29,NH1,GLN,17,O,757,0.025232492250258323
LYS,158,NZ,ARG,159,O,757,0.025232492250258323
GLN,205,NE2,GLN,176,OE1,754,0.02513249558348055
ASN,214,ND2,ASN,214,O,754,0.02513249558348055
THR,227,OG1,HIP,224,O,754,0.02513249558348055
ILE,86,N,SER,266,OG,749,0.02496583447218426
LEU,60,N,ARG,57,O,746,0.024865837805406486
LYS,131,NZ,GLU,127,OE2,741,0.024699176694110196
ASN,89,ND2,SER,68,O,734,0.02446585113829539
ARG,415,NH1,GLU,322,OE2,729,0.0242991900269991
GLY,134,N,SER,132,OG,728,0.024265857804739843
PHE,67,N,LYS,63,O,727,0.024232525582480582
ARG,225,NH2,GLU,226,OE1,723,0.024099196693443552
GLN,445,NE2,THR,455,OG1,719,0.02396586780440652
LYS,111,NZ,ASP,106,OD2,717,0.023899203359888002
TYR,326,OH,GLU,322,OE1,714,0.02379920669311023
ALA,388,N,ASP,387,OD2,714,0.02379920669311023
LYS,234,NZ,ASP,229,OD1,711,0.023699210026332455
ARG,57,NE,GLU,396,OE1,710,0.0236658778040732
ARG,406,NE,HM1,464,O2D,710,0.0236658778040732
ARG,20,NH2,LEU,15,O,709,0.02363254558181394
ASN,209,ND2,GLN,176,O,708,0.023599213359554682
GLN,163,NE2,TYR,162,O,707,0.023565881137295422
CYS,447,N,GLU,446,OE1,705,0.02349921669277691
GLY,90,N,ASN,89,OD1,703,0.023432552248258392
ARG,231,NH2,THR,227,O,700,0.02333255558148062
GLN,258,NE2,TYR,83,OH,698,0.0232658911369621
ASN,91,ND2,GLU,254,OE2,696,0.023199226692443585
GLN,302,NE2,GLU,301,OE2,693,0.02309923002566581
ILE,73,N,ASP,77,OD2,687,0.02289923669211026
ASN,261,ND2,HIE,257,NE2,685,0.022832572247591748
THR,147,N,GLN,144,O,678,0.02259924669177694
ARG,117,N,VAL,114,O,677,0.02256591446951768
LYS,111,NZ,ASP,106,OD1,674,0.022465917802739908
ARG,295,NH1,HIE,291,O,674,0.022465917802739908
ARG,350,NH1,GLU,54,OE2,674,0.022465917802739908
ARG,21,NH1,GLU,446,OE2,672,0.02239925335822139
THR,39,OG1,VAL,47,O,669,0.022299256691443618
LYS,72,NZ,ASP,77,OD1,664,0.022132595580147327
ARG,105,NH2,GLU,115,OE2,664,0.022132595580147327
ARG,21,NH2,GLU,446,OE2,660,0.021999266691110297
ARG,21,NH1,GLU,446,OE1,659,0.021965934468851037
SER,253,N,ASN,250,OD1,655,0.021832605579814007
LYS,133,N,LEU,129,O,654,0.021799273357554747
ALA,388,N,ASP,387,OD1,653,0.02176594113529549
TYR,216,N,ILE,213,O,651,0.021699276690776974
ARG,21,NH2,GLU,446,OE1,650,0.021665944468517717
GLY,22,N,ARG,20,O,648,0.0215992800239992
VAL,449,N,SER,183,O,648,0.0215992800239992
LYS,111,NZ,ASP,106,O,643,0.02143261891270291
LEU,267,N,ASN,263,O,632,0.02106596446785107
CYS,124,N,GLU,121,O,628,0.02093263557881404
ARG,98,NE,ARG,98,O,627,0.02089930335655478
LYS,208,NZ,GLN,205,OE1,619,0.020632645578480716
HID,369,N,SER,365,O,619,0.020632645578480716
LYS,72,NZ,ASP,77,OD2,618,0.02059931335622146
ALA,88,N,VAL,85,O,617,0.020565981133962203
THR,455,OG1,GLN,445,OE1,617,0.020565981133962203
ILE,73,N,ASP,77,OD1,615,0.020499316689443686
HID,341,ND1,VAL,360,O,615,0.020499316689443686
ALA,379,N,PRO,377,O,608,0.02026599113362888
HIE,252,NE2,GLU,247,OE2,592,0.019732675577480752
ARG,225,N,GLU,222,O,589,0.019632678910702975
LYS,393,NZ,ASP,387,OD2,583,0.01943268557714743
SER,113,OG,GLU,116,OE2,581,0.019366021132628912
ARG,350,NH2,GLU,54,OE1,574,0.019132695576814105
GLN,176,NE2,GLN,176,O,572,0.019066031132295592
LYS,393,NZ,ASP,387,OD1,571,0.01903269891003633
ARG,406,NH1,VAL,85,O,571,0.01903269891003633
HIE,161,N,ASP,164,OD1,568,0.01893270224325856
SER,256,OG,ALA,251,O,568,0.01893270224325856
ARG,350,NE,ASP,36,OD2,564,0.018799373354221525
ASN,250,ND2,HIE,252,ND1,563,0.018766041131962268
ARG,70,NH2,HID,341,NE2,562,0.01873270890970301
SER,113,OG,GLU,116,OE1,561,0.01869937668744375
THR,358,N,VAL,343,O,558,0.018599380020665978
ARG,1,N,ILE,353,O,555,0.018499383353888205
ARG,231,NH1,ASP,229,OD1,552,0.01839938668711043
ALA,436,N,ASP,439,OD2,552,0.01839938668711043
ARG,7,NH1,PRO,8,O,550,0.018332722242591915
ARG,350,NH2,CYS,51,O,549,0.018299390020332654
ASN,259,ND2,SER,256,OG,546,0.01819939335355488
LYS,246,NZ,HID,243,NE2,540,0.017999400019999334
GLN,165,NE2,GLU,166,OE2,537,0.01789940335322156
SER,402,N,PRO,400,O,537,0.01789940335322156
ALA,270,N,SER,266,O,535,0.017832738908703044
SER,402,OG,PHE,401,O,534,0.017799406686443784
GLN,345,NE2,THR,347,OG1,533,0.017766074464184527
HIE,252,NE2,GLU,254,OE2,532,0.01773274224192527
ARG,130,NH2,ASN,428,OD1,529,0.017632745575147494
ARG,105,NH1,GLU,115,OE1,525,0.017499416686110464
HIE,252,NE2,GLU,247,OE1,525,0.017499416686110464
PHE,80,N,ASP,77,O,521,0.01736608779707343
ARG,81,NH2,ASP,77,OD1,516,0.01719942668577714
SER,220,OG,TYR,216,O,514,0.017132762241258623
SER,348,OG,TYR,352,O,511,0.01703276557448085
SER,183,OG,GLU,446,OE2,509,0.016966101129962333
GLN,345,NE2,GLU,65,O,506,0.01686610446318456
SER,68,OG,THR,344,OG1,501,0.01669944335188827
ARG,295,NH2,GLU,294,OE2,497,0.01656611446285124
HID,341,ND1,GLY,69,O,496,0.01653278224059198
GLU,254,N,GLU,254,OE2,494,0.016466117796073463
ARG,459,NH2,GLY,134,O,494,0.016466117796073463
SER,183,N,SER,179,O,493,0.016432785573814206
HIE,161,N,ASP,164,OD2,484,0.016132795573480883
LEU,191,N,GLN,187,O,481,0.01603279890670311
ARG,406,NE,ARG,406,O,476,0.01586613779540682
LYS,208,NZ,GLN,211,OE1,475,0.015832805573147563
ARG,130,NH2,GLN,123,OE1,470,0.015666144461851272
ARG,105,NH1,GLU,115,OE2,465,0.015499483350554982
ALA,436,N,ASP,439,OD1,463,0.015432818906036466
LYS,405,NZ,ALA,64,O,461,0.015366154461517949
CYS,447,N,GLU,446,OE2,459,0.015299490016999434
THR,358,OG1,LYS,356,O,455,0.015166161127962402
ILE,154,N,ILE,151,O,453,0.015099496683443885
ARG,81,NH1,ASP,77,OD2,451,0.015032832238925369
ARG,92,NH1,HIE,252,O,442,0.014732842238592047
ARG,463,NH1,LEU,426,O,440,0.014666177794073532
LYS,25,NZ,ASP,19,OD2,437,0.014566181127295756
GLU,254,N,GLU,254,OE1,435,0.014499516682777241
ASN,172,ND2,GLN,176,OE1,434,0.014466184460517983
SER,256,OG,SER,253,O,432,0.014399520015999466
GLN,302,NE2,GLU,301,OE1,431,0.014366187793740208
LEU,15,N,GLY,13,O,429,0.014299523349221693
GLY,22,N,ASP,19,OD1,429,0.014299523349221693
GLY,271,N,SER,266,O,429,0.014299523349221693
LYS,223,NZ,HIE,219,ND1,426,0.014199526682443918
THR,102,OG1,ASP,106,OD2,425,0.014166194460184661
GLN,165,NE2,GLU,166,OE1,425,0.014166194460184661
LYS,234,NZ,ASP,238,OD2,418,0.013932868904369854
GLN,123,NE2,GLN,119,OE1,415,0.013832872237592081
LYS,234,NZ,ASP,229,OD2,413,0.013766207793073564
ARG,1,NE,LEU,2,O,405,0.0134995500149995
ASP,62,N,GLU,58,O,404,0.013466217792740242
LYS,111,NZ,THR,103,O,403,0.013432885570480984
LYS,169,NZ,GLU,212,OE2,402,0.013399553348221726
LYS,376,N,GLU,375,OE2,399,0.013299556681443952
ARG,81,NH2,PHE,79,O,398,0.013266224459184694
THR,321,OG1,GLU,299,OE1,396,0.013199560014666177
TYR,373,OH,GLU,396,OE2,396,0.013199560014666177
ALA,215,N,GLU,212,O,395,0.01316622779240692
ARG,105,NE,GLU,411,OE1,387,0.012899570014332855
TYR,373,N,ASP,370,OD2,384,0.012799573347555082
HID,243,N,TYR,240,O,383,0.012766241125295823
ALA,391,N,ASP,387,OD1,382,0.012732908903036565
LEU,12,N,LEU,9,O,379,0.012632912236258792
LEU,142,N,PRO,139,O,379,0.012632912236258792
GLN,445,NE2,TYR,175,OH,379,0.012632912236258792
GLY,22,N,ASP,19,OD2,377,0.012566247791740275
SER,256,N,SER,253,O,376,0.012532915569481017
THR,177,N,PHE,174,O,373,0.012432918902703243
LYS,234,NZ,THR,227,O,372,0.012399586680443985
LYS,158,NZ,PHE,156,O,369,0.012299590013666211
ARG,463,NE,ARG,463,O,367,0.012232925569147695
GLN,165,NE2,GLN,165,O,364,0.012132928902369921
TYR,83,OH,GLN,258,OE1,356,0.011866271124295856
THR,102,OG1,PHE,99,O,354,0.011799606679777341
ARG,105,NH2,GLU,115,OE1,350,0.01166627779074031
ARG,231,NH1,ASP,229,OD2,347,0.011566281123962534
LYS,376,N,GLU,375,OE1,347,0.011566281123962534
GLU,120,N,ARG,117,O,346,0.011532948901703276
ARG,29,NH2,SER,26,OG,341,0.011366287790406986
LEU,287,N,LEU,284,O,340,0.011332955568147729
ARG,204,NH1,PHE,199,O,336,0.011199626679110695
ARG,204,NH1,TYR,198,O,334,0.01113296223459218
SER,256,OG,GLN,258,OE1,334,0.01113296223459218
SER,276,OG,THR,272,O,334,0.01113296223459218
ARG,70,NH2,PRO,340,O,333,0.011099630012332922
LYS,317,NZ,ASP,314,OD2,331,0.011032965567814405
SER,332,OG,GLN,329,O,330,0.010999633345555149
TYR,373,OH,GLU,396,OE1,329,0.01096630112329589
ARG,406,NH1,LEU,60,O,327,0.010899636678777374
THR,102,N,PHE,99,O,325,0.010832972234258859
GLU,212,N,ASN,209,O,325,0.010832972234258859
ARG,231,NE,ASP,229,O,323,0.010766307789740342
GLY,43,N,LEU,12,O,319,0.01063297890070331
LYS,246,NZ,GLU,247,OE2,316,0.010532982233925535
ARG,1,NH1,GLY,351,O,313,0.010432985567147762
SER,332,N,ARG,330,O,313,0.010432985567147762
LYS,234,NZ,GLY,110,O,312,0.010399653344888503
SER,276,OG,GLU,273,OE2,312,0.010399653344888503
LYS,25,NZ,ASP,19,OD1,311,0.010366321122629247
LEU,228,N,LYS,223,O,311,0.010366321122629247
GLU,245,N,LEU,242,O,311,0.010366321122629247
TYR,320,N,GLU,299,OE2,310,0.010332988900369988
SER,402,OG,ARG,406,O,310,0.010332988900369988
ASP,106,N,THR,103,O,309,0.01029965667811073
ARG,308,N,HIE,307,ND1,308,0.010266324455851471
LYS,246,NZ,GLU,247,OE1,307,0.010232992233592213
LYS,197,NZ,GLY,194,O,306,0.010199660011332956
HIE,257,N,SER,249,O,304,0.01013299556681444
LYS,393,NZ,LEU,386,O,303,0.010099663344555181
SER,430,OG,LEU,461,O,303,0.010099663344555181
ARG,350,NH1,ASP,36,OD2,300,0.009999666677777408
LYS,169,NZ,GLU,212,OE1,299,0.00996633445551815
THR,227,OG1,GLU,226,OE1,299,0.00996633445551815
TYR,373,N,ASP,370,OD1,298,0.009933002233258891
ARG,204,NH2,TYR,198,O,296,0.009866337788740376
ARG,308,NE,ILE,304,O,293,0.009766341121962601
THR,321,N,GLU,299,OE1,292,0.009733008899703343
ARG,117,NH1,ARG,112,O,291,0.009699676677444086
SER,132,OG,GLU,128,OE1,287,0.009566347788407053
SER,26,OG,LEU,23,O,285,0.009499683343888538
THR,147,N,PHE,143,O,283,0.00943301889937002
ILE,342,N,SER,68,O,282,0.009399686677110762
ARG,29,N,SER,26,O,281,0.009366354454851506
GLY,201,N,PHE,199,O,274,0.009133028899036699
ARG,81,NH1,PHE,79,O,273,0.00909969667677744
SER,182,N,SER,179,O,273,0.00909969667677744
SER,253,OG,ASN,250,OD1,271,0.009033032232258926
GLN,205,NE2,PRO,200,O,270,0.008999700009999667
GLN,163,N,HIE,161,O,265,0.008833038898703377
GLY,108,N,LYS,111,O,263,0.00876637445418486
LYS,246,NZ,LEU,242,O,263,0.00876637445418486
ASN,428,ND2,GLN,427,OE1,263,0.00876637445418486
LYS,111,NZ,THR,102,O,262,0.008733042231925602
ALA,391,N,ASP,387,OD2,261,0.008699710009666345
GLN,258,NE2,GLN,258,O,260,0.008666377787407087
ARG,1,NH1,LEU,2,O,259,0.008633045565147828
LYS,111,NZ,THR,103,OG1,259,0.008633045565147828
SER,132,OG,GLU,128,OE2,255,0.008499716676110797
THR,102,OG1,ASP,106,OD1,254,0.008466384453851538
ARG,81,NH1,ASP,77,OD1,253,0.00843305223159228
MET,104,N,VAL,101,O,251,0.008366387787073765
LEU,23,N,ARG,21,O,248,0.00826639112029599
THR,227,OG1,GLU,226,OE2,248,0.00826639112029599
GLN,119,NE2,GLU,115,O,244,0.008133062231258958
ARG,29,NH2,GLU,32,OE2,242,0.008066397786740441
ALA,55,N,GLY,52,O,242,0.008066397786740441
ARG,20,NH1,LEU,15,O,240,0.007999733342221926
ARG,231,N,ASP,229,O,238,0.00793306889770341
LYS,394,NZ,TYR,326,OH,237,0.007899736675444151
ARG,21,NH1,ARG,21,O,234,0.007799740008666378
HIE,313,NE2,GLU,311,OE1,234,0.007799740008666378
SER,182,OG,GLU,446,OE2,233,0.0077664077864071195
GLN,119,NE2,GLU,115,OE2,231,0.007699743341888604
ASN,89,ND2,ARG,70,O,230,0.007666411119629346
GLN,119,NE2,GLU,116,O,227,0.007566414452851572
ASN,214,ND2,GLN,211,O,226,0.0075330822305923134
GLU,54,N,GLU,54,OE2,223,0.007433085563814539
ARG,29,NH1,GLU,32,OE2,222,0.007399753341555282
LYS,169,NZ,TYR,216,OH,222,0.007399753341555282
HIE,257,N,SER,249,OG,222,0.007399753341555282
ARG,308,NH2,VAL,303,O,221,0.007366421119296023
ARG,92,NH2,GLY,82,O,220,0.007333088897036766
PHE,160,N,ASN,149,ND2,219,0.0072997566747775074
ARG,463,NE,PHE,429,O,215,0.007166427785740476
LYS,197,NZ,TYR,198,OH,213,0.007099763341221959
SER,179,OG,GLN,176,O,212,0.007066431118962701
TYR,207,OH,PRO,78,O,211,0.007033098896703443
LYS,133,NZ,LYS,131,O,210,0.0069997666744441855
ARG,159,NH1,GLU,120,OE1,209,0.006966434452184927
ILE,399,N,ALA,397,O,209,0.006966434452184927
LYS,33,NZ,TYR,34,OH,208,0.006933102229925669
ARG,45,N,GLY,43,O,207,0.006899770007666411
LYS,94,NZ,ASN,91,OD1,207,0.006899770007666411
ARG,295,NH1,TYR,320,OH,206,0.006866437785407153
SER,430,OG,PRO,462,O,205,0.006833105563147895
GLU,54,N,GLU,54,OE1,202,0.006733108896370121
ARG,315,NH1,LEU,312,O,202,0.006733108896370121
ARG,105,NH1,ARG,105,O,201,0.006699776674110863
HIE,313,NE2,GLU,311,OE2,201,0.006699776674110863
VAL,435,N,SER,433,O,201,0.006699776674110863
PHE,107,N,THR,102,O,200,0.006666444451851605
ARG,159,NH1,GLU,120,OE2,200,0.006666444451851605
GLN,123,NE2,GLU,120,O,198,0.0065997800073330885
LYS,169,NZ,GLN,165,O,198,0.0065997800073330885
GLY,35,N,PHE,30,O,197,0.006566447785073831
ARG,315,NH1,GLU,322,OE1,196,0.006533115562814573
LYS,393,NZ,LYS,394,O,196,0.006533115562814573
ARG,45,NH1,PRO,46,O,195,0.006499783340555315
GLY,108,N,ASP,106,O,195,0.006499783340555315
SER,253,OG,LYS,248,O,195,0.006499783340555315
ARG,57,NH2,GLU,396,O,193,0.006433118896036798
THR,227,OG1,GLU,226,O,193,0.006433118896036798
GLN,123,NE2,GLN,123,O,192,0.006399786673777541
ARG,112,NH1,GLU,116,OE2,191,0.0063664544515182825
HIE,257,N,ASN,250,O,191,0.0063664544515182825
ARG,406,NH1,HM1,464,O2A,189,0.006299790006999767
LYS,248,NZ,LYS,246,O,188,0.006266457784740508
ARG,105,NH2,CM1,408,O,187,0.006233125562481251
ARG,29,NE,GLU,32,OE1,185,0.006166461117962735
ARG,204,NE,LYS,197,O,185,0.006166461117962735
GLY,450,N,GLY,448,O,185,0.006166461117962735
GLN,144,N,PHE,141,O,184,0.0061331288957034765
LYS,356,NZ,GLN,345,OE1,184,0.0061331288957034765
ASN,381,ND2,ALA,379,O,184,0.0061331288957034765
GLN,211,NE2,TYR,207,OH,183,0.006099796673444218
HIE,291,N,HIE,291,ND1,183,0.006099796673444218
ASN,263,ND2,ASN,263,O,182,0.006066464451184961
GLN,211,NE2,GLN,211,O,181,0.006033132228925702
PHE,107,N,ARG,105,O,180,0.005999800006666445
GLN,123,NE2,GLU,120,OE2,180,0.005999800006666445
SER,402,OG,HM1,464,O2A,180,0.005999800006666445
ASP,229,N,ARG,231,NH2,179,0.005966467784407186
GLN,258,NE2,HIE,257,ND1,179,0.005966467784407186
GLN,345,NE2,HIE,346,O,179,0.005966467784407186
ARG,415,NH2,GLU,411,OE1,179,0.005966467784407186
GLN,211,NE2,GLU,212,OE1,177,0.0058998033398886705
ARG,31,NH2,GLU,32,OE1,174,0.005799806673110896
ASN,172,ND2,ASN,172,O,174,0.005799806673110896
ARG,29,NH1,GLU,32,OE1,173,0.005766474450851638
SER,256,OG,ASN,250,O,172,0.00573314222859238
LYS,158,N,PHE,156,O,170,0.0056664777840738645
ASN,261,ND2,GLN,258,OE1,166,0.005533148895036832
PHE,374,N,PRO,371,O,164,0.005466484450518316
ARG,159,NH2,GLU,120,OE2,163,0.005433152228259058
ARG,308,NH1,GLU,311,OE1,163,0.005433152228259058
GLN,445,NE2,GLU,446,OE1,163,0.005433152228259058
ARG,31,NH2,GLU,32,OE2,162,0.0053998200059998
SER,249,OG,ASN,250,OD1,161,0.005366487783740542
HIE,161,NE2,GLN,163,OE1,160,0.005333155561481284
SER,182,OG,GLY,450,O,159,0.005299823339222026
GLN,17,N,GLN,17,OE1,158,0.0052664911169627675
THR,147,OG1,SER,276,OG,157,0.00523315889470351
LYS,405,NZ,LEU,60,O,156,0.005199826672444252
ALA,64,N,ASP,62,O,155,0.005166494450184994
ARG,105,NH1,LEU,409,O,155,0.005166494450184994
GLN,187,NE2,SER,182,O,155,0.005166494450184994
LYS,246,NZ,GLU,245,OE1,155,0.005166494450184994
LYS,25,NZ,ARG,21,O,154,0.005133162227925736
SER,249,OG,LYS,248,O,153,0.005099830005666478
ASN,263,ND2,TYR,83,O,153,0.005099830005666478
ARG,159,NH2,PHE,160,O,151,0.0050331655611479615
ALA,316,N,LEU,312,O,150,0.004999833338888704
GLY,69,N,ILE,342,O,148,0.004933168894370188
ARG,117,NH2,SER,153,OG,148,0.004933168894370188
LYS,169,NZ,GLN,165,OE1,148,0.004933168894370188
THR,274,N,GLY,271,O,148,0.004933168894370188
ARG,105,NE,ASP,106,OD1,147,0.00489983667211093
ARG,57,NE,GLU,396,O,146,0.004866504449851671
ARG,159,NH1,GLU,121,OE2,146,0.004866504449851671
HIE,372,NE2,GLU,54,OE1,146,0.004866504449851671
SER,68,OG,GLU,65,O,145,0.004833172227592414
HIE,372,NE2,GLU,54,OE2,144,0.0047998400053331555
ARG,21,NE,GLU,446,OE1,143,0.004766507783073898
LYS,169,N,GLU,166,O,143,0.004766507783073898
ARG,105,NH2,ASP,106,OD2,142,0.00473317556081464
ARG,308,NH1,ILE,304,O,142,0.00473317556081464
GLY,450,N,SER,182,O,142,0.00473317556081464
GLN,123,NE2,GLU,120,OE1,141,0.004699843338555381
ASN,172,ND2,GLN,176,NE2,141,0.004699843338555381
GLN,211,NE2,GLU,212,OE2,141,0.004699843338555381
HIE,307,N,HIE,307,ND1,141,0.004699843338555381
ARG,21,NH1,ARG,20,O,140,0.004666511116296124
LYS,33,NZ,GLU,32,OE2,140,0.004666511116296124
ARG,81,NH2,ASP,77,OD2,139,0.004633178894036865
GLU,128,N,LEU,125,O,139,0.004633178894036865
ARG,350,NH1,ASP,36,OD1,139,0.004633178894036865
ASP,357,N,THR,344,O,139,0.004633178894036865
ALA,74,N,LYS,72,O,138,0.004599846671777608
ARG,112,NH1,GLU,116,OE1,138,0.004599846671777608
GLN,345,NE2,THR,344,O,138,0.004599846671777608
ARG,20,NH1,GLU,446,OE2,137,0.0045665144495183494
HIE,41,NE2,PRO,10,O,137,0.0045665144495183494
GLU,116,N,GLU,115,OE1,137,0.0045665144495183494
ARG,204,NE,PHE,199,O,137,0.0045665144495183494
ARG,225,NH2,GLU,245,OE1,137,0.0045665144495183494
ALA,251,N,SER,249,O,137,0.0045665144495183494
PHE,422,N,PHE,419,O,133,0.004433185560481318
TYR,34,N,ARG,31,O,132,0.004399853338222059
GLY,69,N,ASN,89,ND2,132,0.004399853338222059
LYS,133,NZ,ARG,130,O,130,0.004333188893703543
GLN,302,NE2,GLN,302,O,130,0.004333188893703543
ARG,117,NE,SER,153,OG,129,0.004299856671444285
THR,147,OG1,PHE,143,O,129,0.004299856671444285
GLU,375,N,GLU,375,OE2,129,0.004299856671444285
ARG,105,NH2,ASP,106,OD1,128,0.0042665244491850276
ALA,367,N,ILE,363,O,128,0.0042665244491850276
LYS,111,NZ,ALA,232,O,126,0.004199860004666511
GLN,258,N,HIE,257,ND1,126,0.004199860004666511
ARG,57,NH1,ASP,62,OD2,124,0.004133195560147995
SER,68,OG,ASN,89,OD1,124,0.004133195560147995
ASN,261,ND2,HIE,257,ND1,123,0.004099863337888737
ARG,31,NE,GLU,32,OE1,122,0.004066531115629479
SER,68,OG,ALA,64,O,122,0.004066531115629479
GLN,163,NE2,HIE,161,ND1,122,0.004066531115629479
GLN,345,NE2,THR,344,OG1,122,0.004066531115629479
ARG,98,NH1,ASP,106,OD1,121,0.004033198893370221
LYS,158,NZ,GLU,166,OE1,120,0.003999866671110963
ASN,250,ND2,HIE,252,O,120,0.003999866671110963
THR,347,OG1,HIE,346,O,120,0.003999866671110963
GLN,445,NE2,THR,443,O,120,0.003999866671110963
GLN,119,NE2,GLU,115,OE1,118,0.003933202226592447
ARG,31,NE,GLU,32,OE2,117,0.003899870004333189
SER,68,OG,PHE,67,O,117,0.003899870004333189
ARG,105,NE,ASP,106,OD2,117,0.003899870004333189
LEU,196,N,SER,193,O,117,0.003899870004333189
ARG,98,NH1,ASP,106,OD2,116,0.003866537782073931
ASN,214,ND2,ASN,261,ND2,116,0.003866537782073931
ASN,261,N,GLN,258,O,115,0.003833205559814673
ARG,225,NH1,GLU,226,OE2,114,0.0037998733375554147
ALA,232,N,ASP,229,OD2,114,0.0037998733375554147
ARG,406,N,GLY,404,O,113,0.0037665411152961567
SER,26,OG,GLN,187,OE1,112,0.0037332088930368988
ARG,81,NH1,GLN,258,NE2,112,0.0037332088930368988
TYR,175,OH,GLN,445,OE1,111,0.003699876670777641
LYS,234,NZ,GLY,157,O,111,0.003699876670777641
GLY,412,N,ARG,105,NH1,111,0.003699876670777641
LEU,228,N,GLU,226,O,110,0.003666544448518383
ARG,225,NH2,HIE,257,ND1,109,0.0036332122262591245
ARG,295,NE,GLU,294,OE1,109,0.0036332122262591245
ARG,57,NH2,ASP,62,OD1,108,0.0035998800039998666
ARG,98,NE,THR,102,OG1,108,0.0035998800039998666
LYS,158,NZ,GLU,166,OE2,108,0.0035998800039998666
SER,256,OG,GLU,254,O,108,0.0035998800039998666
LEU,312,N,GLN,119,OE1,107,0.0035665477817406087
ARG,330,NE,GLU,327,OE1,107,0.0035665477817406087
ARG,406,NH1,SER,402,OG,107,0.0035665477817406087
PHE,27,N,LEU,24,O,106,0.0035332155594813507
GLU,121,N,ILE,118,O,106,0.0035332155594813507
HIE,203,N,HIE,203,ND1,106,0.0035332155594813507
ARG,225,NH1,HIE,257,ND1,106,0.0035332155594813507
HIE,252,N,ASN,250,ND2,106,0.0035332155594813507
GLN,345,NE2,ALA,66,O,106,0.0035332155594813507
ARG,29,NH2,GLU,32,OE1,105,0.0034998833372220928
GLU,116,N,GLU,115,OE2,105,0.0034998833372220928
ASN,172,ND2,LYS,169,O,105,0.0034998833372220928
LYS,223,NZ,THR,227,OG1,105,0.0034998833372220928
LEU,242,N,THR,239,O,105,0.0034998833372220928
PHE,107,N,ASP,106,OD2,102,0.0033998866704443185
SER,220,N,ILE,217,O,102,0.0033998866704443185
HID,341,ND1,SER,68,O,102,0.0033998866704443185
LYS,394,NZ,GLU,396,OE2,102,0.0033998866704443185
GLN,445,NE2,GLU,446,OE2,102,0.0033998866704443185
LYS,33,NZ,GLU,32,OE1,101,0.0033665544481850606
GLN,123,NE2,GLU,127,OE1,101,0.0033665544481850606
SER,68,N,GLU,65,O,100,0.0033332222259258026
ASN,209,N,VAL,206,O,100,0.0033332222259258026
LEU,403,N,SER,402,OG,100,0.0033332222259258026
ARG,7,NH2,GLY,5,O,98,0.0032665577814072863
ARG,225,NH1,GLU,226,OE1,97,0.0032332255591480284
ASN,259,ND2,ASN,263,OD1,97,0.0032332255591480284
MET,75,N,GLU,190,OE1,96,0.0031998933368887704
SER,266,OG,ASN,263,O,96,0.0031998933368887704
GLY,305,N,ARG,308,NH2,96,0.0031998933368887704
ARG,112,NH2,GLU,116,O,95,0.0031665611146295125
LYS,405,NZ,PHE,67,O,95,0.0031665611146295125
GLY,69,N,PHE,67,O,94,0.003133228892370254
TYR,162,N,HIE,161,ND1,94,0.003133228892370254
ARG,415,NH2,GLU,411,OE2,94,0.003133228892370254
ASN,209,ND2,ASN,209,O,93,0.003099896670110996
GLU,375,N,GLU,375,OE1,93,0.003099896670110996
ARG,159,NE,PHE,160,O,91,0.0030332322255924803
GLN,211,NE2,LYS,208,O,91,0.0030332322255924803
ASN,261,ND2,ASN,214,ND2,91,0.0030332322255924803
ARG,308,NH2,ILE,304,O,90,0.0029999000033332224
ARG,308,NH2,GLU,311,OE2,90,0.0029999000033332224
GLY,390,N,ASP,387,OD1,88,0.002933235558814706
ARG,20,NH2,GLU,446,OE1,87,0.002899903336555448
ARG,298,NH1,GLN,302,OE1,87,0.002899903336555448
LYS,356,N,HIE,346,NE2,87,0.002899903336555448
ASP,441,N,ASP,439,O,87,0.002899903336555448
THR,264,OG1,ASN,261,O,86,0.00286657111429619
TYR,456,N,PRO,454,O,86,0.00286657111429619
SER,253,N,HIE,252,ND1,85,0.0028332388920369322
GLU,273,N,PHE,268,O,85,0.0028332388920369322
THR,344,OG1,GLU,65,O,85,0.0028332388920369322
THR,344,OG1,ASP,357,OD1,85,0.0028332388920369322
ARG,415,NE,GLU,411,OE1,85,0.0028332388920369322
ARG,92,NH2,SER,253,O,84,0.002799906669777674
SER,253,OG,GLU,247,O,83,0.002766574447518416
ALA,135,N,SER,132,OG,82,0.002733242225259158
SER,26,OG,ASP,19,OD1,81,0.0026999100029999
LYS,394,NZ,GLU,396,OE1,81,0.0026999100029999
ARG,225,NH2,GLU,245,OE2,80,0.002666577780740642
ARG,231,NE,ASP,238,OD1,80,0.002666577780740642
ARG,81,NH2,TYR,207,OH,79,0.0026332455584813837
LYS,288,NZ,TYR,289,OH,79,0.0026332455584813837
ASN,389,N,ASP,387,O,79,0.0026332455584813837
ARG,20,NH1,ASP,19,OD2,78,0.002599913336222126
LYS,111,N,MET,109,O,78,0.002599913336222126
ASP,235,N,ASP,238,OD1,78,0.002599913336222126
THR,395,OG1,TYR,373,O,78,0.002599913336222126
ARG,21,NH2,GLN,445,O,77,0.002566581113962868
LYS,169,NZ,ASN,172,OD1,77,0.002566581113962868
GLN,205,NE2,GLY,201,O,77,0.002566581113962868
ARG,231,NH2,ASP,238,OD1,77,0.002566581113962868
ASN,250,ND2,HIE,252,NE2,77,0.002566581113962868
ASN,381,ND2,GLU,375,OE2,77,0.002566581113962868
ARG,315,NH1,GLU,322,OE2,76,0.00253324889170361
SER,26,OG,ASP,19,OD2,75,0.002499916669444352
GLU,65,N,ASP,62,O,75,0.002499916669444352
HIP,384,NE2,LYS,376,O,75,0.002499916669444352
ARG,81,NE,ASP,77,O,74,0.002466584447185094
ARG,81,NH1,TYR,207,OH,74,0.002466584447185094
ARG,280,NE,THR,140,OG1,74,0.002466584447185094
ARG,308,NH2,PRO,309,O,74,0.002466584447185094
VAL,85,N,SER,266,OG,73,0.0024332522249258357
LYS,133,N,LYS,131,O,73,0.0024332522249258357
ARG,308,NH2,GLU,311,OE1,73,0.0024332522249258357
ARG,57,NH1,ASP,62,OD1,72,0.0023999200026665777
LYS,197,NZ,SER,193,O,72,0.0023999200026665777
HIP,224,N,VAL,221,O,72,0.0023999200026665777
ARG,29,NE,GLU,32,OE2,71,0.00236658778040732
LYS,33,NZ,ARG,29,O,71,0.00236658778040732
PHE,107,N,ASP,106,OD1,71,0.00236658778040732
ARG,117,NH2,SER,113,O,71,0.00236658778040732
ARG,159,NH2,GLU,120,OE1,71,0.00236658778040732
SER,256,OG,SER,249,O,71,0.00236658778040732
LYS,288,NZ,GLU,438,OE2,70,0.002333255558148062
PHE,141,N,ASP,138,OD2,69,0.002299923335888804
ALA,232,N,ASP,229,OD1,69,0.002299923335888804
LYS,288,N,LEU,285,O,69,0.002299923335888804
ARG,415,NE,GLU,411,O,69,0.002299923335888804
ALA,59,N,ILE,56,O,68,0.0022665911136295455
LYS,223,NZ,HIE,219,O,68,0.0022665911136295455
LYS,405,N,LEU,60,O,68,0.0022665911136295455
ARG,92,N,ASN,89,OD1,67,0.0022332588913702876
VAL,101,N,ARG,98,O,67,0.0022332588913702876
ARG,117,NH1,GLU,116,OE2,67,0.0022332588913702876
ARG,130,NH1,ASN,428,OD1,67,0.0022332588913702876
ASN,172,N,LYS,169,O,67,0.0022332588913702876
ASN,261,ND2,GLY,218,N,67,0.0022332588913702876
GLU,273,N,ALA,270,O,67,0.0022332588913702876
GLY,84,N,PHE,80,O,66,0.0021999266691110297
ASN,214,ND2,GLN,211,NE2,66,0.0021999266691110297
ASP,229,N,THR,227,O,66,0.0021999266691110297
ARG,225,NH1,GLU,245,OE1,65,0.0021665944468517717
GLN,457,NE2,ASP,138,N,65,0.0021665944468517717
ARG,57,NH2,ASP,62,OD2,64,0.0021332622245925138
PHE,141,N,ASP,138,OD1,64,0.0021332622245925138
TYR,207,OH,MET,75,O,64,0.0021332622245925138
ILE,425,N,PHE,422,O,64,0.0021332622245925138
GLN,302,NE2,GLU,299,OE2,63,0.0020999300023332554
ARG,81,NH2,GLN,258,NE2,62,0.0020665977800739975
LYS,131,NZ,GLN,163,OE1,62,0.0020665977800739975
SER,249,N,GLU,247,O,62,0.0020665977800739975
LYS,288,NZ,GLU,438,OE1,62,0.0020665977800739975
ARG,315,NE,GLU,322,OE1,62,0.0020665977800739975
PHE,30,N,PHE,27,O,61,0.0020332655578147395
GLN,119,NE2,GLN,119,O,61,0.0020332655578147395
ASN,250,ND2,LYS,248,O,61,0.0020332655578147395
ARG,295,N,VAL,292,O,61,0.0020332655578147395
GLN,258,NE2,SER,256,OG,60,0.0019999333355554816
ARG,225,NE,GLU,245,OE1,59,0.0019666011132962236
LYS,111,NZ,PHE,107,O,58,0.0019332688910369655
LEU,236,N,VAL,155,O,58,0.0019332688910369655
ILE,237,N,ASP,235,OD2,57,0.0018999366687777073
GLU,127,N,CYS,124,O,56,0.0018666044465184494
THR,147,OG1,THR,272,O,56,0.0018666044465184494
LYS,208,NZ,ASN,209,OD1,56,0.0018666044465184494
ARG,308,NH1,GLU,311,OE2,56,0.0018666044465184494
SER,100,OG,ARG,97,O,55,0.0018332722242591915
TYR,198,OH,GLY,194,O,55,0.0018332722242591915
ALA,270,N,LEU,267,O,55,0.0018332722242591915
GLY,390,N,ASP,387,OD2,55,0.0018332722242591915
ARG,57,NH2,TYR,373,OH,54,0.0017999400019999333
HIE,219,N,TYR,216,O,54,0.0017999400019999333
TYR,240,OH,GLU,254,O,54,0.0017999400019999333
HIE,257,NE2,GLU,222,OE2,54,0.0017999400019999333
GLN,445,NE2,GLN,445,O,54,0.0017999400019999333
ASN,89,ND2,ALA,88,O,53,0.0017666077797406754
LYS,131,NZ,SER,132,OG,53,0.0017666077797406754
LYS,131,NZ,GLN,163,NE2,53,0.0017666077797406754
SER,179,OG,TYR,175,OH,53,0.0017666077797406754
VAL,292,N,HIE,291,ND1,53,0.0017666077797406754
ASP,229,N,THR,227,OG1,52,0.0017332755574814172
SER,132,OG,PHE,460,O,51,0.0016999433352221593
ILE,237,N,ASP,235,OD1,51,0.0016999433352221593
ARG,280,NH2,TYR,175,OH,51,0.0016999433352221593
GLY,351,N,PHE,349,O,51,0.0016999433352221593
GLN,123,NE2,GLU,127,OE2,50,0.0016666111129629013
ARG,225,NE,GLU,245,OE2,50,0.0016666111129629013
ASN,259,N,GLN,258,OE1,50,0.0016666111129629013
ARG,298,NH2,GLN,302,OE1,50,0.0016666111129629013
GLN,345,NE2,GLU,65,OE1,50,0.0016666111129629013
ARG,45,NH1,LYS,72,O,49,0.0016332788907036432
THR,103,OG1,SER,100,O,49,0.0016332788907036432
PHE,199,N,PHE,195,O,49,0.0016332788907036432
TYR,289,N,MET,286,O,49,0.0016332788907036432
ALA,293,N,PRO,290,O,49,0.0016332788907036432
ASN,14,ND2,ARG,7,O,48,0.0015999466684443852
SER,253,N,ALA,251,O,48,0.0015999466684443852
LEU,284,N,TYR,281,O,48,0.0015999466684443852
LYS,288,NZ,GLU,438,O,48,0.0015999466684443852
GLU,359,N,PRO,46,O,48,0.0015999466684443852
ARG,21,NH1,ASP,19,OD2,47,0.001566614446185127
LYS,63,NZ,SER,348,OG,47,0.001566614446185127
ARG,81,NH2,PRO,78,O,47,0.001566614446185127
ASN,89,ND2,PHE,67,O,47,0.001566614446185127
TYR,175,OH,THR,455,OG1,47,0.001566614446185127
LYS,223,NZ,GLU,222,OE1,47,0.001566614446185127
LEU,312,N,GLU,115,OE1,47,0.001566614446185127
LYS,317,NZ,VAL,303,O,47,0.001566614446185127
ASN,14,ND2,GLY,13,O,46,0.0015332822239258691
LYS,63,NZ,THR,347,OG1,46,0.0015332822239258691
HID,341,ND1,VAL,339,O,46,0.0015332822239258691
SER,402,OG,ARG,406,NE,46,0.0015332822239258691
ARG,20,NE,MET,18,O,45,0.0014999500016666112
LYS,246,NZ,GLU,245,OE2,45,0.0014999500016666112
HIE,257,NE2,SER,249,OG,45,0.0014999500016666112
ARG,295,NE,HIE,291,O,45,0.0014999500016666112
ARG,308,NE,PRO,309,O,45,0.0014999500016666112
GLU,58,N,ALA,55,O,44,0.001466617779407353
GLY,90,N,SER,68,OG,44,0.001466617779407353
ARG,92,N,ASN,89,O,44,0.001466617779407353
ARG,231,NH1,THR,227,O,44,0.001466617779407353
HIE,252,N,HIE,252,ND1,44,0.001466617779407353
ARG,298,NE,ARG,295,NH2,44,0.001466617779407353
ASN,381,ND2,GLU,375,OE1,44,0.001466617779407353
VAL,155,N,CYS,152,O,43,0.001433285557148095
GLN,187,NE2,LEU,24,N,43,0.001433285557148095
ASN,381,ND2,LYS,376,O,43,0.001433285557148095
GLN,457,NE2,LEU,136,O,43,0.001433285557148095
ARG,130,NH1,GLN,123,OE1,42,0.001399953334888837
GLN,211,NE2,ASN,214,OD1,42,0.001399953334888837
TYR,352,OH,ARG,1,O,42,0.001399953334888837
ILE,213,N,LEU,210,O,41,0.001366621112629579
ARG,406,NE,SER,402,OG,41,0.001366621112629579
ARG,57,NE,ASP,62,OD2,40,0.001333288890370321
ARG,117,NH1,GLU,120,OE1,40,0.001333288890370321
ARG,117,NH1,GLU,120,OE2,40,0.001333288890370321
ARG,159,NH1,HIE,161,ND1,40,0.001333288890370321
ARG,225,NH1,GLU,245,OE2,40,0.001333288890370321
MET,318,N,ASP,314,O,40,0.001333288890370321
ASN,381,ND2,PHE,380,O,40,0.001333288890370321
GLN,457,NE2,TYR,456,O,40,0.001333288890370321
ASN,89,N,ARG,92,NH2,39,0.001299956668111063
ARG,97,NH2,CM1,408,O,39,0.001299956668111063
GLN,205,NE2,GLN,205,O,39,0.001299956668111063
ARG,225,NE,GLU,226,OE1,39,0.001299956668111063
SER,249,OG,MET,244,O,39,0.001299956668111063
THR,344,OG1,ASP,357,OD2,39,0.001299956668111063
ARG,21,NH1,ASP,19,OD1,38,0.001266624445851805
ASN,149,N,ILE,146,O,38,0.001266624445851805
SER,153,N,ILE,150,O,38,0.001266624445851805
SER,253,OG,PHE,255,O,38,0.001266624445851805
GLY,305,N,ARG,308,NE,38,0.001266624445851805
SER,348,OG,GLY,351,O,38,0.001266624445851805
ARG,21,NE,ARG,20,O,37,0.001233292223592547
ARG,29,NE,ASP,19,OD2,37,0.001233292223592547
ALA,64,N,ALA,59,O,37,0.001233292223592547
ILE,126,N,GLN,123,O,37,0.001233292223592547
ARG,130,N,GLU,127,O,37,0.001233292223592547
GLN,345,NE2,GLU,65,OE2,37,0.001233292223592547
PHE,398,N,THR,395,OG1,37,0.001233292223592547
ARG,463,NH1,PHE,429,O,37,0.001233292223592547
ASN,91,ND2,ASN,91,O,36,0.0011999600013332889
GLN,119,NE2,GLN,123,OE1,36,0.0011999600013332889
ASN,214,ND2,LEU,210,O,36,0.0011999600013332889
GLN,258,NE2,HIE,257,NE2,36,0.0011999600013332889
ARG,330,N,GLU,327,O,36,0.0011999600013332889
LYS,158,NZ,TYR,216,OH,35,0.001166627779074031
ASP,383,N,ASN,381,ND2,35,0.001166627779074031
GLN,457,NE2,ASP,138,OD1,35,0.001166627779074031
HIE,161,NE2,GLU,128,OE1,34,0.0011332955568147728
GLN,211,NE2,TYR,207,O,34,0.0011332955568147728
SER,256,OG,SER,249,OG,34,0.0011332955568147728
ARG,20,NH1,GLN,187,OE1,33,0.0010999633345555148
GLY,71,N,HID,341,N,33,0.0010999633345555148
HIE,257,NE2,GLU,222,OE1,33,0.0010999633345555148
ARG,298,NH1,GLU,294,O,33,0.0010999633345555148
GLN,457,NE2,ASP,138,OD2,33,0.0010999633345555148
ARG,463,NE,GLN,427,O,33,0.0010999633345555148
ARG,20,NH2,MET,18,O,32,0.0010666311122962569
ALA,55,N,ARG,350,NH2,32,0.0010666311122962569
PHE,67,N,GLU,65,O,32,0.0010666311122962569
SER,100,N,ARG,97,O,32,0.0010666311122962569
VAL,206,N,HIE,203,O,32,0.0010666311122962569
ILE,217,N,ASN,214,O,32,0.0010666311122962569
ALA,251,N,ASN,250,OD1,32,0.0010666311122962569
THR,264,N,ASN,261,O,32,0.0010666311122962569
LEU,312,N,GLU,115,OE2,32,0.0010666311122962569
THR,455,OG1,THR,455,O,32,0.0010666311122962569
LEU,16,N,GLY,13,O,31,0.0010332988900369987
ARG,29,NH1,SER,26,OG,31,0.0010332988900369987
ARG,31,NH1,GLU,32,OE1,31,0.0010332988900369987
LEU,96,N,TRP,93,O,31,0.0010332988900369987
ARG,117,NH2,VAL,114,N,31,0.0010332988900369987
GLU,166,N,GLU,166,OE1,31,0.0010332988900369987
TYR,240,N,ILE,237,O,31,0.0010332988900369987
GLU,294,N,HIE,291,O,31,0.0010332988900369987
ARG,298,NE,GLN,302,OE1,31,0.0010332988900369987
LEU,442,N,ASP,441,OD1,31,0.0010332988900369987
ARG,20,NH1,LEU,16,O,30,0.0009999666677777408
ARG,57,NE,ASP,62,OD1,30,0.0009999666677777408
SER,68,OG,ILE,342,O,30,0.0009999666677777408
GLY,90,N,SER,68,O,30,0.0009999666677777408
GLN,176,NE2,GLN,205,OE1,30,0.0009999666677777408
SER,182,OG,SER,182,O,30,0.0009999666677777408
ARG,204,NH2,PHE,199,O,30,0.0009999666677777408
ASN,250,N,LYS,248,O,30,0.0009999666677777408
GLN,258,N,GLN,258,NE2,30,0.0009999666677777408
GLN,258,NE2,ASN,214,OD1,30,0.0009999666677777408
PHE,283,N,ARG,280,O,30,0.0009999666677777408
LYS,394,NZ,LEU,392,O,30,0.0009999666677777408
ARG,463,NE,ARG,463,OXT,30,0.0009999666677777408
ARG,70,NE,HID,341,ND1,29,0.0009666344455184827
ARG,81,NE,GLN,258,OE1,29,0.0009666344455184827
ARG,98,NH1,THR,102,OG1,29,0.0009666344455184827
ARG,98,NH2,HID,243,NE2,29,0.0009666344455184827
HIE,161,NE2,GLU,128,OE2,29,0.0009666344455184827
GLN,176,NE2,ASN,172,ND2,29,0.0009666344455184827
GLY,194,N,LEU,191,O,29,0.0009666344455184827
GLN,205,NE2,ASN,209,ND2,29,0.0009666344455184827
PHE,422,N,GLU,417,O,29,0.0009666344455184827
GLN,427,NE2,PRO,306,O,29,0.0009666344455184827
ARG,1,NH2,PRO,3,O,28,0.0009333022232592247
ARG,7,NH1,GLY,5,O,28,0.0009333022232592247
GLN,144,NE2,ARG,280,NH1,28,0.0009333022232592247
HIE,161,NE2,GLN,163,NE2,28,0.0009333022232592247
ASN,209,ND2,GLN,176,NE2,28,0.0009333022232592247
ARG,225,NE,GLU,226,OE2,28,0.0009333022232592247
SER,266,OG,SER,266,O,28,0.0009333022232592247
SER,276,OG,GLN,144,N,28,0.0009333022232592247
ARG,280,NH2,PRO,454,O,28,0.0009333022232592247
ARG,92,NH1,SER,253,O,27,0.0008999700009999666
ARG,204,NE,GLN,205,OE1,27,0.0008999700009999666
ARG,231,NH2,THR,227,OG1,27,0.0008999700009999666
HIE,307,N,GLY,305,O,27,0.0008999700009999666
ARG,315,NE,GLU,322,OE2,27,0.0008999700009999666
GLN,445,N,PRO,453,O,27,0.0008999700009999666
ARG,29,NH1,LYS,25,O,26,0.0008666377787407086
SER,145,N,LEU,142,O,26,0.0008666377787407086
ILE,146,N,PHE,143,O,26,0.0008666377787407086
LYS,208,N,GLN,205,O,26,0.0008666377787407086
ARG,57,NH1,TYR,373,OH,25,0.0008333055564814507
ARG,81,NH1,ASP,77,O,25,0.0008333055564814507
PHE,107,N,THR,103,O,25,0.0008333055564814507
ILE,118,N,GLU,115,O,25,0.0008333055564814507
GLN,119,N,GLU,116,O,25,0.0008333055564814507
GLN,187,NE2,ARG,20,O,25,0.0008333055564814507
LYS,197,N,PHE,195,O,25,0.0008333055564814507
LYS,223,NZ,GLU,222,OE2,25,0.0008333055564814507
LYS,248,NZ,MET,244,O,25,0.0008333055564814507
THR,278,N,THR,275,O,25,0.0008333055564814507
THR,321,N,MET,318,O,25,0.0008333055564814507
GLY,390,N,ALA,388,O,25,0.0008333055564814507
THR,395,OG1,GLU,396,OE2,25,0.0008333055564814507
ARG,1,NH2,LEU,2,O,24,0.0007999733342221926
TYR,240,OH,SER,256,N,24,0.0007999733342221926
ARG,280,NH1,PRO,453,O,24,0.0007999733342221926
LEU,362,N,MET,337,O,24,0.0007999733342221926
LYS,405,NZ,SER,68,O,24,0.0007999733342221926
ARG,21,N,ASP,19,O,23,0.0007666411119629346
ARG,21,NE,GLU,446,OE2,23,0.0007666411119629346
ARG,70,NH2,HID,341,ND1,23,0.0007666411119629346
LYS,72,NZ,ARG,70,O,23,0.0007666411119629346
TYR,83,OH,ALA,251,O,23,0.0007666411119629346
ARG,97,NH1,CM1,408,O,23,0.0007666411119629346
GLN,165,N,GLN,165,NE2,23,0.0007666411119629346
GLU,166,N,GLU,166,OE2,23,0.0007666411119629346
ARG,231,NH1,PRO,230,O,23,0.0007666411119629346
ARG,308,N,ILE,304,O,23,0.0007666411119629346
GLU,359,N,GLU,359,OE2,23,0.0007666411119629346
SER,402,OG,ARG,406,NH2,23,0.0007666411119629346
ARG,415,N,GLY,412,O,23,0.0007666411119629346
GLN,427,N,THR,424,O,23,0.0007666411119629346
THR,455,OG1,ASP,138,OD1,23,0.0007666411119629346
ARG,112,NE,GLU,120,OE2,22,0.0007333088897036765
GLN,187,NE2,VAL,184,O,22,0.0007333088897036765
GLN,302,NE2,GLU,299,OE1,22,0.0007333088897036765
LYS,405,NZ,ASN,89,OD1,22,0.0007333088897036765
ILE,407,N,LYS,405,O,22,0.0007333088897036765
PHE,429,N,LEU,426,O,22,0.0007333088897036765
ARG,31,NH1,TYR,34,O,21,0.0006999766674444185
LYS,33,N,ARG,31,O,21,0.0006999766674444185
ARG,45,NH1,GLU,190,OE2,21,0.0006999766674444185
ASP,106,N,MET,104,O,21,0.0006999766674444185
ARG,117,NH1,SER,113,O,21,0.0006999766674444185
GLN,187,NE2,ARG,21,O,21,0.0006999766674444185
PHE,199,N,LYS,197,O,21,0.0006999766674444185
SER,249,OG,GLU,245,OE2,21,0.0006999766674444185
ARG,406,NH2,ASN,89,OD1,21,0.0006999766674444185
ILE,407,N,LEU,403,O,21,0.0006999766674444185
LEU,442,N,ASP,441,OD2,21,0.0006999766674444185
ASN,91,ND2,HIE,252,O,20,0.0006666444451851605
GLN,165,NE2,GLN,163,OE1,20,0.0006666444451851605
GLN,205,N,ALA,202,O,20,0.0006666444451851605
TYR,207,N,ARG,204,O,20,0.0006666444451851605
GLN,211,N,LYS,208,O,20,0.0006666444451851605
ARG,295,NH1,HIE,291,ND1,20,0.0006666444451851605
ARG,308,NH1,VAL,303,O,20,0.0006666444451851605
ARG,1,NH2,TYR,352,OH,19,0.0006333122229259025
ARG,20,NE,LEU,15,O,19,0.0006333122229259025
THR,39,OG1,PHE,38,O,19,0.0006333122229259025
ARG,105,NH2,GLY,412,O,19,0.0006333122229259025
ARG,112,NE,GLU,120,OE1,19,0.0006333122229259025
ARG,112,NH1,ARG,117,NH1,19,0.0006333122229259025
GLN,176,NE2,GLN,205,NE2,19,0.0006333122229259025
GLN,187,NE2,GLN,187,O,19,0.0006333122229259025
THR,227,OG1,ASP,229,OD1,19,0.0006333122229259025
LYS,248,N,LYS,246,O,19,0.0006333122229259025
ARG,315,NH2,GLU,322,OE2,19,0.0006333122229259025
TYR,352,N,ARG,350,O,19,0.0006333122229259025
ASP,378,N,ASP,378,OD1,19,0.0006333122229259025
LYS,394,N,LEU,392,O,19,0.0006333122229259025
ASN,14,ND2,GLN,17,NE2,18,0.0005999800006666444
LEU,23,N,GLN,187,NE2,18,0.0005999800006666444
ARG,31,N,LEU,28,O,18,0.0005999800006666444
GLY,110,N,PHE,107,O,18,0.0005999800006666444
GLY,134,N,SER,132,O,18,0.0005999800006666444
SER,183,N,ILE,181,O,18,0.0005999800006666444
ARG,280,NH1,TYR,175,OH,18,0.0005999800006666444
SER,402,OG,ARG,406,NH1,18,0.0005999800006666444
GLY,412,N,ARG,105,NH2,18,0.0005999800006666444
GLY,35,N,GLU,32,O,17,0.0005666477784073864
ASN,91,N,ASN,89,OD1,17,0.0005666477784073864
LYS,94,NZ,GLY,90,O,17,0.0005666477784073864
GLN,163,NE2,GLN,163,O,17,0.0005666477784073864
LYS,234,NZ,THR,227,OG1,17,0.0005666477784073864
SER,249,OG,SER,249,O,17,0.0005666477784073864
ASN,261,ND2,ASN,261,O,17,0.0005666477784073864
LEU,262,N,ASN,259,O,17,0.0005666477784073864
ARG,298,N,ARG,295,O,17,0.0005666477784073864
SER,332,OG,THR,278,OG1,17,0.0005666477784073864
HIE,372,N,HIE,372,ND1,17,0.0005666477784073864
THR,395,OG1,GLU,396,OE1,17,0.0005666477784073864
ARG,406,NH1,ILE,86,O,17,0.0005666477784073864
HIE,41,NE2,PRO,44,O,16,0.0005333155561481284
ARG,112,NH1,GLU,116,O,16,0.0005333155561481284
GLY,157,N,ILE,154,O,16,0.0005333155561481284
THR,264,N,ASN,259,O,16,0.0005333155561481284
LEU,279,N,SER,276,O,16,0.0005333155561481284
MET,286,N,PHE,283,O,16,0.0005333155561481284
GLN,345,NE2,GLN,345,O,16,0.0005333155561481284
ARG,350,NH1,ARG,350,O,16,0.0005333155561481284
LEU,368,N,SER,365,O,16,0.0005333155561481284
LYS,393,NZ,HIP,384,O,16,0.0005333155561481284
LYS,393,NZ,LYS,393,O,16,0.0005333155561481284
GLN,457,NE2,MET,137,O,16,0.0005333155561481284
ILE,56,N,VAL,53,O,15,0.0004999833338888704
SER,68,OG,ARG,70,O,15,0.0004999833338888704
ARG,92,NE,GLY,82,O,15,0.0004999833338888704
ARG,92,NH2,ALA,251,O,15,0.0004999833338888704
ARG,97,NE,LYS,405,O,15,0.0004999833338888704
ARG,117,NH2,SER,153,O,15,0.0004999833338888704
ARG,130,NE,GLU,127,O,15,0.0004999833338888704
SER,132,OG,LYS,133,O,15,0.0004999833338888704
THR,177,OG1,ASN,209,OD1,15,0.0004999833338888704
THR,227,N,ARG,225,O,15,0.0004999833338888704
LYS,234,NZ,ARG,231,O,15,0.0004999833338888704
ASN,250,ND2,SER,249,OG,15,0.0004999833338888704
VAL,296,N,ALA,293,O,15,0.0004999833338888704
TYR,352,OH,LEU,2,O,15,0.0004999833338888704
THR,395,OG1,HIP,384,O,15,0.0004999833338888704
LYS,451,NZ,TYR,281,OH,15,0.0004999833338888704
LYS,451,NZ,LYS,451,O,15,0.0004999833338888704
ARG,7,NH1,ARG,7,O,14,0.00046665111162961235
ARG,57,NH1,ARG,57,O,14,0.00046665111162961235
ARG,70,N,ASN,89,ND2,14,0.00046665111162961235
GLY,90,N,ASN,89,ND2,14,0.00046665111162961235
ARG,92,NH2,ASN,89,OD1,14,0.00046665111162961235
ARG,105,N,SER,100,O,14,0.00046665111162961235
ARG,105,NE,GLU,115,OE2,14,0.00046665111162961235
GLN,119,NE2,GLU,116,OE1,14,0.00046665111162961235
GLN,163,N,HIE,161,NE2,14,0.00046665111162961235
HIE,257,N,HIE,257,ND1,14,0.00046665111162961235
GLN,258,NE2,ASN,259,OD1,14,0.00046665111162961235
THR,274,OG1,GLY,271,O,14,0.00046665111162961235
HIE,346,N,GLN,345,NE2,14,0.00046665111162961235
LYS,356,NZ,GLN,345,NE2,14,0.00046665111162961235
ARG,7,NE,PRO,8,O,13,0.0004333188893703543
SER,68,N,ALA,66,O,13,0.0004333188893703543
ARG,105,NE,GLU,115,OE1,13,0.0004333188893703543
ARG,105,NH1,MET,104,O,13,0.0004333188893703543
ARG,130,NE,ASN,428,OD1,13,0.0004333188893703543
GLY,157,N,SER,153,O,13,0.0004333188893703543
GLN,176,N,LEU,173,O,13,0.0004333188893703543
SER,183,OG,SER,179,O,13,0.0004333188893703543
TYR,207,OH,GLN,211,OE1,13,0.0004333188893703543
HID,243,ND1,GLU,247,OE2,13,0.0004333188893703543
LEU,262,N,ASN,261,OD1,13,0.0004333188893703543
ARG,295,NH2,HIE,291,ND1,13,0.0004333188893703543
LEU,335,N,ASP,333,O,13,0.0004333188893703543
LYS,394,NZ,THR,395,O,13,0.0004333188893703543
THR,395,N,LYS,393,O,13,0.0004333188893703543
GLY,448,N,SER,182,O,13,0.0004333188893703543
VAL,449,N,GLN,187,OE1,13,0.0004333188893703543
ASN,14,ND2,HIE,41,ND1,12,0.0003999866671110963
ASP,19,N,GLN,17,O,12,0.0003999866671110963
ARG,20,NH1,ASP,19,O,12,0.0003999866671110963
ARG,29,NE,GLN,17,O,12,0.0003999866671110963
ASP,62,N,ALA,59,O,12,0.0003999866671110963
ARG,117,NH2,LYS,111,O,12,0.0003999866671110963
SER,249,OG,HIE,257,ND1,12,0.0003999866671110963
GLN,258,NE2,ARG,81,NH2,12,0.0003999866671110963
THR,347,N,GLN,345,O,12,0.0003999866671110963
ASP,378,N,ASP,378,OD2,12,0.0003999866671110963
LYS,394,NZ,GLU,322,OE2,12,0.0003999866671110963
GLN,457,NE2,THR,455,OG1,12,0.0003999866671110963
ARG,20,NE,GLN,187,OE1,11,0.00036665444485183826
LEU,28,N,LYS,25,O,11,0.00036665444485183826
ARG,29,NE,ASP,19,OD1,11,0.00036665444485183826
ASN,89,ND2,ASN,89,O,11,0.00036665444485183826
ARG,92,NH1,GLU,254,OE1,11,0.00036665444485183826
ARG,98,NH1,HID,243,NE2,11,0.00036665444485183826
ARG,105,NH1,ASP,106,OD1,11,0.00036665444485183826
ARG,112,NE,GLU,116,O,11,0.00036665444485183826
TYR,175,OH,ASN,172,OD1,11,0.00036665444485183826
ARG,231,NH2,ASP,235,OD2,11,0.00036665444485183826
LYS,234,N,ALA,232,O,11,0.00036665444485183826
TYR,240,OH,PHE,255,O,11,0.00036665444485183826
TYR,240,OH,ASN,259,OD1,11,0.00036665444485183826
HIE,252,N,ASN,250,O,11,0.00036665444485183826
GLN,302,NE2,GLU,301,O,11,0.00036665444485183826
TYR,326,OH,ARG,415,NH1,11,0.00036665444485183826
GLN,329,N,TYR,326,O,11,0.00036665444485183826
ALA,391,N,ASN,389,O,11,0.00036665444485183826
PHE,419,N,GLU,417,O,11,0.00036665444485183826
ARG,1,NH2,ARG,350,O,10,0.00033332222259258026
ARG,31,NH1,GLU,32,OE2,10,0.00033332222259258026
ARG,45,NH2,LEU,42,O,10,0.00033332222259258026
ALA,55,N,GLU,54,OE2,10,0.00033332222259258026
ASN,89,ND2,GLY,69,N,10,0.00033332222259258026
ARG,98,NH2,ASN,91,OD1,10,0.00033332222259258026
THR,103,N,VAL,101,O,10,0.00033332222259258026
ARG,105,NH1,GLY,412,O,10,0.00033332222259258026
LYS,111,NZ,GLY,110,O,10,0.00033332222259258026
VAL,114,N,GLU,115,OE2,10,0.00033332222259258026
SER,153,OG,LYS,158,O,10,0.00033332222259258026
ARG,159,NH2,HIE,161,ND1,10,0.00033332222259258026
LYS,208,NZ,GLN,205,NE2,10,0.00033332222259258026
ARG,231,NH1,ASP,229,O,10,0.00033332222259258026
LYS,246,NZ,HID,243,O,10,0.00033332222259258026
SER,249,OG,SER,256,OG,10,0.00033332222259258026
ASN,263,N,LEU,260,O,10,0.00033332222259258026
THR,344,OG1,ILE,342,O,10,0.00033332222259258026
PHE,380,N,TYR,289,OH,10,0.00033332222259258026
ARG,406,NE,SER,68,O,10,0.00033332222259258026
ARG,406,NH1,ALA,88,O,10,0.00033332222259258026
THR,455,OG1,ASP,138,OD2,10,0.00033332222259258026
ARG,20,NE,ARG,20,O,9,0.0002999900003333222
ARG,57,NH1,VAL,53,O,9,0.0002999900003333222
TYR,83,OH,GLN,258,NE2,9,0.0002999900003333222
ASN,89,ND2,PHE,87,O,9,0.0002999900003333222
GLN,119,NE2,GLU,120,OE2,9,0.0002999900003333222
MET,137,N,ALA,135,O,9,0.0002999900003333222
PHE,141,N,ASP,138,O,9,0.0002999900003333222
GLN,163,N,GLN,163,OE1,9,0.0002999900003333222
ASN,214,ND2,GLN,258,OE1,9,0.0002999900003333222
VAL,221,N,GLY,218,O,9,0.0002999900003333222
LYS,223,NZ,HIE,219,NE2,9,0.0002999900003333222
SER,256,OG,GLN,258,NE2,9,0.0002999900003333222
HIE,257,NE2,SER,249,O,9,0.0002999900003333222
HIE,313,NE2,GLU,115,OE1,9,0.0002999900003333222
HIE,313,NE2,GLU,115,OE2,9,0.0002999900003333222
ARG,315,NH2,LEU,312,O,9,0.0002999900003333222
GLY,351,N,SER,348,O,9,0.0002999900003333222
LYS,356,NZ,HIE,346,ND1,9,0.0002999900003333222
ARG,415,NE,GLU,411,OE2,9,0.0002999900003333222
SER,430,OG,ARG,463,NH1,9,0.0002999900003333222
THR,455,OG1,GLN,445,NE2,9,0.0002999900003333222
ARG,7,NH2,PRO,8,O,8,0.0002666577780740642
ARG,31,NE,GLY,35,O,8,0.0002666577780740642
VAL,37,N,TYR,34,O,8,0.0002666577780740642
ARG,57,NE,VAL,53,O,8,0.0002666577780740642
ARG,98,NH1,ARG,98,O,8,0.0002666577780740642
THR,102,OG1,ASP,106,O,8,0.0002666577780740642
ARG,105,N,ASP,106,O,8,0.0002666577780740642
ARG,112,NH2,GLY,110,O,8,0.0002666577780740642
GLN,119,NE2,GLN,123,NE2,8,0.0002666577780740642
LEU,129,N,ILE,126,O,8,0.0002666577780740642
SER,179,OG,GLN,176,OE1,8,0.0002666577780740642
ARG,204,NH2,GLN,205,OE1,8,0.0002666577780740642
HIE,219,NE2,GLU,166,OE2,8,0.0002666577780740642
ARG,225,NH2,SER,249,OG,8,0.0002666577780740642
SER,249,OG,GLU,245,OE1,8,0.0002666577780740642
SER,249,OG,GLU,245,O,8,0.0002666577780740642
ASN,261,ND2,GLN,258,O,8,0.0002666577780740642
HIE,313,N,HIE,313,ND1,8,0.0002666577780740642
ARG,315,NH2,GLU,322,OE1,8,0.0002666577780740642
TYR,320,OH,VAL,292,O,8,0.0002666577780740642
LEU,334,N,SER,332,OG,8,0.0002666577780740642
LYS,376,NZ,ASN,381,OD1,8,0.0002666577780740642
ASN,389,ND2,ALA,388,O,8,0.0002666577780740642
LYS,393,NZ,ASP,383,OD1,8,0.0002666577780740642
LYS,393,NZ,THR,395,OG1,8,0.0002666577780740642
ARG,406,NH1,ARG,70,NH2,8,0.0002666577780740642
THR,424,OG1,ALA,122,O,8,0.0002666577780740642
ARG,1,NH1,TYR,352,OH,7,0.00023332555581480617
SER,26,OG,GLN,17,O,7,0.00023332555581480617
ALA,66,N,GLU,65,OE1,7,0.00023332555581480617
ARG,81,NE,ASP,77,OD1,7,0.00023332555581480617
TYR,83,OH,SER,253,O,7,0.00023332555581480617
ASN,91,ND2,ASN,89,OD1,7,0.00023332555581480617
ARG,98,NE,LYS,94,O,7,0.00023332555581480617
ARG,98,NH1,LYS,94,O,7,0.00023332555581480617
ARG,105,NH2,LEU,409,O,7,0.00023332555581480617
MET,109,N,ASP,106,O,7,0.00023332555581480617
ARG,159,NH2,TYR,162,OH,7,0.00023332555581480617
LYS,169,NZ,GLU,166,O,7,0.00023332555581480617
ILE,181,N,PHE,178,O,7,0.00023332555581480617
LYS,208,NZ,LYS,208,O,7,0.00023332555581480617
ARG,225,NH2,HIE,257,NE2,7,0.00023332555581480617
LYS,234,NZ,PHE,156,O,7,0.00023332555581480617
TYR,240,OH,ASN,263,OD1,7,0.00023332555581480617
HID,243,ND1,HID,243,O,7,0.00023332555581480617
HID,243,ND1,GLU,247,OE1,7,0.00023332555581480617
GLN,258,NE2,ARG,81,NH1,7,0.00023332555581480617
SER,276,OG,GLU,273,OE1,7,0.00023332555581480617
ARG,308,N,GLN,427,NE2,7,0.00023332555581480617
LYS,317,NZ,HIE,313,ND1,7,0.00023332555581480617
LYS,317,NZ,HIE,313,NE2,7,0.00023332555581480617
THR,344,OG1,THR,344,O,7,0.00023332555581480617
LEU,403,N,ARG,406,O,7,0.00023332555581480617
LYS,405,N,LEU,403,O,7,0.00023332555581480617
ARG,406,NH2,SER,68,O,7,0.00023332555581480617
ILE,407,N,ARG,97,NH2,7,0.00023332555581480617
LEU,420,N,GLU,417,O,7,0.00023332555581480617
LEU,16,N,ASN,14,O,6,0.00019999333355554815
ARG,70,N,SER,68,OG,6,0.00019999333355554815
ARG,70,NE,VAL,339,O,6,0.00019999333355554815
ASN,89,ND2,ARG,70,N,6,0.00019999333355554815
ARG,92,N,ASN,91,OD1,6,0.00019999333355554815
ARG,105,NE,VAL,101,O,6,0.00019999333355554815
GLN,119,NE2,GLU,116,OE2,6,0.00019999333355554815
GLN,123,NE2,ALA,122,O,6,0.00019999333355554815
LEU,125,N,ALA,122,O,6,0.00019999333355554815
ARG,130,NH2,GLN,123,NE2,6,0.00019999333355554815
LYS,131,NZ,GLU,128,O,6,0.00019999333355554815
GLN,165,NE2,ASP,164,OD1,6,0.00019999333355554815
TYR,175,N,ASN,172,O,6,0.00019999333355554815
GLN,176,NE2,ASN,209,ND2,6,0.00019999333355554815
LYS,208,NZ,ARG,204,O,6,0.00019999333355554815
LYS,208,NZ,GLN,211,NE2,6,0.00019999333355554815
THR,227,OG1,THR,227,O,6,0.00019999333355554815
TYR,240,OH,ASN,259,O,6,0.00019999333355554815
ASN,250,ND2,SER,249,O,6,0.00019999333355554815
ARG,280,NH2,THR,140,OG1,6,0.00019999333355554815
GLY,305,N,ARG,308,NH1,6,0.00019999333355554815
TYR,326,OH,ARG,415,NH2,6,0.00019999333355554815
ILE,342,N,SER,68,OG,6,0.00019999333355554815
LYS,394,NZ,LYS,394,O,6,0.00019999333355554815
GLY,412,N,GLU,411,OE2,6,0.00019999333355554815
THR,443,N,ASP,441,O,6,0.00019999333355554815
CYS,447,N,SER,182,O,6,0.00019999333355554815
ARG,463,NH2,ALA,293,O,6,0.00019999333355554815
GLN,17,NE2,ARG,7,N,5,0.00016666111129629013
GLN,17,NE2,LEU,16,O,5,0.00016666111129629013
ARG,20,N,ARG,20,NE,5,0.00016666111129629013
SER,26,OG,ASP,19,O,5,0.00016666111129629013
ARG,29,NH1,ARG,29,O,5,0.00016666111129629013
ARG,29,NH2,ARG,21,NH2,5,0.00016666111129629013
LYS,33,NZ,LYS,33,O,5,0.00016666111129629013
TYR,34,OH,GLY,5,O,5,0.00016666111129629013
ALA,66,N,GLU,65,OE2,5,0.00016666111129629013
SER,68,OG,SER,68,O,5,0.00016666111129629013
ILE,73,N,GLU,359,OE1,5,0.00016666111129629013
ILE,73,N,GLU,359,OE2,5,0.00016666111129629013
ARG,92,NH1,HIE,252,ND1,5,0.00016666111129629013
VAL,95,N,ARG,92,O,5,0.00016666111129629013
ARG,97,NH2,ILE,407,N,5,0.00016666111129629013
ARG,105,NH1,CM1,408,O,5,0.00016666111129629013
GLY,108,N,ARG,112,O,5,0.00016666111129629013
LYS,131,NZ,LYS,131,O,5,0.00016666111129629013
THR,147,OG1,GLN,144,O,5,0.00016666111129629013
SER,153,OG,GLY,157,O,5,0.00016666111129629013
LYS,158,NZ,GLY,157,O,5,0.00016666111129629013
ARG,159,NE,GLU,120,OE2,5,0.00016666111129629013
GLN,165,NE2,ASP,164,OD2,5,0.00016666111129629013
GLN,176,NE2,TYR,175,OH,5,0.00016666111129629013
PHE,195,N,SER,193,O,5,0.00016666111129629013
GLY,201,N,GLN,205,OE1,5,0.00016666111129629013
ASN,209,ND2,GLN,205,NE2,5,0.00016666111129629013
TYR,216,OH,GLU,212,OE2,5,0.00016666111129629013
GLU,222,N,HIE,219,O,5,0.00016666111129629013
LYS,223,N,SER,220,O,5,0.00016666111129629013
THR,227,OG1,ASP,229,OD2,5,0.00016666111129629013
ARG,231,NE,ALA,232,O,5,0.00016666111129629013
ARG,231,NH2,ASP,229,O,5,0.00016666111129629013
ASN,250,ND2,SER,253,OG,5,0.00016666111129629013
GLU,254,N,GLU,247,OE2,5,0.00016666111129629013
ASN,259,ND2,ARG,92,O,5,0.00016666111129629013
THR,275,OG1,GLY,271,O,5,0.00016666111129629013
GLY,282,N,LEU,279,O,5,0.00016666111129629013
GLN,302,NE2,ARG,298,NH2,5,0.00016666111129629013
HIE,313,NE2,ARG,308,NH2,5,0.00016666111129629013
ILE,325,N,GLU,322,O,5,0.00016666111129629013
ARG,330,NH2,GLU,327,OE2,5,0.00016666111129629013
HID,341,ND1,PHE,67,O,5,0.00016666111129629013
LYS,376,NZ,ASP,383,OD1,5,0.00016666111129629013
ASP,383,N,ASP,383,OD1,5,0.00016666111129629013
THR,395,OG1,LYS,393,O,5,0.00016666111129629013
ARG,415,NH2,TYR,326,OH,5,0.00016666111129629013
GLU,417,N,ALA,414,O,5,0.00016666111129629013
THR,424,OG1,PHE,421,O,5,0.00016666111129629013
SER,430,OG,MET,431,O,5,0.00016666111129629013
ARG,459,NE,PHE,460,O,5,0.00016666111129629013
ARG,7,NE,ARG,7,O,4,0.0001333288890370321
ARG,21,NE,ARG,21,O,4,0.0001333288890370321
ARG,21,NH1,GLN,445,O,4,0.0001333288890370321
GLY,22,N,GLN,187,OE1,4,0.0001333288890370321
ARG,29,NE,LYS,25,O,4,0.0001333288890370321
ARG,45,NH2,LYS,72,O,4,0.0001333288890370321
LYS,63,NZ,ASP,62,O,4,0.0001333288890370321
SER,68,N,ALA,64,O,4,0.0001333288890370321
ARG,81,NE,ARG,81,O,4,0.0001333288890370321
ARG,81,NH1,PHE,80,O,4,0.0001333288890370321
GLY,82,N,PHE,80,O,4,0.0001333288890370321
ARG,92,NH1,ASN,89,OD1,4,0.0001333288890370321
ARG,97,N,LYS,94,O,4,0.0001333288890370321
ARG,97,NH2,LYS,405,O,4,0.0001333288890370321
ARG,98,NH2,THR,102,N,4,0.0001333288890370321
THR,103,OG1,THR,102,OG1,4,0.0001333288890370321
ARG,112,N,ARG,117,NH2,4,0.0001333288890370321
VAL,114,N,GLU,115,OE1,4,0.0001333288890370321
ARG,117,NH1,SER,153,O,4,0.0001333288890370321
ARG,117,NH2,GLU,116,OE2,4,0.0001333288890370321
ILE,151,N,ALA,148,O,4,0.0001333288890370321
ARG,159,NE,ASN,149,ND2,4,0.0001333288890370321
ARG,159,NH1,ARG,159,O,4,0.0001333288890370321
GLN,163,NE2,HIE,161,NE2,4,0.0001333288890370321
ASP,164,N,HIE,161,ND1,4,0.0001333288890370321
LEU,171,N,LEU,168,O,4,0.0001333288890370321
ASN,172,ND2,TYR,175,OH,4,0.0001333288890370321
SER,179,N,GLN,176,O,4,0.0001333288890370321
ARG,204,NE,TYR,198,O,4,0.0001333288890370321
ARG,204,NE,HIE,203,NE2,4,0.0001333288890370321
ARG,204,NH1,ARG,204,O,4,0.0001333288890370321
ASN,209,ND2,THR,177,N,4,0.0001333288890370321
ASN,209,ND2,GLN,205,OE1,4,0.0001333288890370321
TYR,216,OH,GLU,212,OE1,4,0.0001333288890370321
GLU,226,N,GLU,226,OE1,4,0.0001333288890370321
ARG,231,NE,ASP,238,OD2,4,0.0001333288890370321
LYS,246,NZ,SER,249,OG,4,0.0001333288890370321
SER,256,OG,TYR,83,OH,4,0.0001333288890370321
HIE,257,NE2,ASN,261,OD1,4,0.0001333288890370321
SER,276,OG,THR,147,OG1,4,0.0001333288890370321
TYR,297,OH,PRO,306,O,4,0.0001333288890370321
GLN,302,NE2,ARG,298,NH1,4,0.0001333288890370321
GLN,302,NE2,GLU,299,O,4,0.0001333288890370321
HIE,307,N,ILE,304,O,4,0.0001333288890370321
HIE,313,N,GLU,311,O,4,0.0001333288890370321
VAL,324,N,THR,321,O,4,0.0001333288890370321
ILE,328,N,ILE,325,O,4,0.0001333288890370321
ARG,330,NH2,ALA,379,O,4,0.0001333288890370321
HIE,346,N,HIE,346,ND1,4,0.0001333288890370321
ARG,350,NE,ARG,350,N,4,0.0001333288890370321
HID,369,ND1,ASP,333,OD1,4,0.0001333288890370321
HID,369,ND1,SER,365,OG,4,0.0001333288890370321
HIE,372,NE2,ASP,370,OD1,4,0.0001333288890370321
ASP,383,N,ASP,383,OD2,4,0.0001333288890370321
ASN,389,ND2,ASN,389,O,4,0.0001333288890370321
LYS,393,NZ,GLU,375,OE2,4,0.0001333288890370321
PHE,398,N,GLU,396,O,4,0.0001333288890370321
ARG,406,NH2,ARG,70,NH2,4,0.0001333288890370321
ALA,416,N,ALA,414,O,4,0.0001333288890370321
GLN,445,N,GLN,445,OE1,4,0.0001333288890370321
VAL,449,N,SER,182,O,4,0.0001333288890370321
LYS,451,NZ,PHE,331,O,4,0.0001333288890370321
LEU,461,N,ARG,459,O,4,0.0001333288890370321
ARG,1,N,GLY,351,O,3,9.999666677777408e-05
ARG,1,NE,TYR,352,OH,3,9.999666677777408e-05
ARG,1,NH1,ARG,350,O,3,9.999666677777408e-05
ARG,7,NE,GLY,5,O,3,9.999666677777408e-05
ASN,14,ND2,PRO,8,N,3,9.999666677777408e-05
LYS,25,NZ,PRO,444,O,3,9.999666677777408e-05
SER,26,OG,ARG,29,NH2,3,9.999666677777408e-05
ARG,31,NE,ASP,36,N,3,9.999666677777408e-05
THR,39,N,PRO,3,O,3,9.999666677777408e-05
ARG,57,NE,TYR,373,OH,3,9.999666677777408e-05
LYS,63,N,ALA,59,O,3,9.999666677777408e-05
SER,68,N,THR,344,OG1,3,9.999666677777408e-05
ARG,70,NH2,HID,341,N,3,9.999666677777408e-05
ASP,77,N,ALA,74,O,3,9.999666677777408e-05
GLY,84,N,GLY,82,O,3,9.999666677777408e-05
ASN,89,N,ARG,92,NH1,3,9.999666677777408e-05
ARG,92,NH2,TYR,83,OH,3,9.999666677777408e-05
ARG,98,NH1,ASN,91,OD1,3,9.999666677777408e-05
PHE,99,N,LEU,96,O,3,9.999666677777408e-05
GLY,110,N,GLY,108,O,3,9.999666677777408e-05
SER,132,N,ARG,130,O,3,9.999666677777408e-05
LEU,142,N,ASP,138,O,3,9.999666677777408e-05
PHE,143,N,THR,140,O,3,9.999666677777408e-05
LYS,169,NZ,GLN,165,NE2,3,9.999666677777408e-05
LYS,169,NZ,LYS,169,O,3,9.999666677777408e-05
GLN,176,NE2,LEU,173,N,3,9.999666677777408e-05
SER,182,N,LEU,180,O,3,9.999666677777408e-05
GLN,187,NE2,SER,26,OG,3,9.999666677777408e-05
ARG,204,N,HIE,203,NE2,3,9.999666677777408e-05
GLN,205,NE2,GLN,176,NE2,3,9.999666677777408e-05
THR,227,N,GLU,222,O,3,9.999666677777408e-05
ARG,231,NH1,THR,227,OG1,3,9.999666677777408e-05
ARG,231,NH2,ASP,235,OD1,3,9.999666677777408e-05
THR,239,N,LEU,236,O,3,9.999666677777408e-05
THR,239,OG1,LEU,236,O,3,9.999666677777408e-05
LYS,248,N,HID,243,O,3,9.999666677777408e-05
LYS,248,NZ,LYS,248,O,3,9.999666677777408e-05
SER,249,N,GLU,245,O,3,9.999666677777408e-05
SER,249,OG,ASN,250,ND2,3,9.999666677777408e-05
SER,249,OG,SER,253,OG,3,9.999666677777408e-05
ASN,250,N,LYS,246,O,3,9.999666677777408e-05
HIE,252,NE2,ASN,250,OD1,3,9.999666677777408e-05
GLU,254,N,GLU,247,OE1,3,9.999666677777408e-05
PHE,255,N,GLU,247,OE1,3,9.999666677777408e-05
SER,256,OG,PHE,255,O,3,9.999666677777408e-05
GLN,258,NE2,ASN,261,OD1,3,9.999666677777408e-05
ASN,261,ND2,GLN,258,NE2,3,9.999666677777408e-05
ARG,280,NE,PRO,454,O,3,9.999666677777408e-05
ARG,295,NE,TYR,320,OH,3,9.999666677777408e-05
ARG,298,NH1,ARG,298,O,3,9.999666677777408e-05
HIE,307,NE2,ARG,463,OXT,3,9.999666677777408e-05
ARG,315,NH2,HIE,313,ND1,3,9.999666677777408e-05
LYS,317,NZ,GLN,302,OE1,3,9.999666677777408e-05
GLU,322,N,PRO,319,O,3,9.999666677777408e-05
LEU,334,N,SER,332,O,3,9.999666677777408e-05
VAL,339,N,HID,341,NE2,3,9.999666677777408e-05
ARG,350,NH2,GLU,54,O,3,9.999666677777408e-05
TYR,352,OH,ARG,1,NH2,3,9.999666677777408e-05
LYS,356,NZ,THR,344,OG1,3,9.999666677777408e-05
GLU,359,N,GLU,359,OE1,3,9.999666677777408e-05
TYR,373,OH,ARG,57,NH2,3,9.999666677777408e-05
LYS,393,NZ,ASP,383,OD2,3,9.999666677777408e-05
ARG,406,NH1,ARG,70,NH1,3,9.999666677777408e-05
ILE,407,N,ARG,97,NH1,3,9.999666677777408e-05
GLY,410,N,HM1,464,NC,3,9.999666677777408e-05
ARG,415,NH1,GLU,411,OE1,3,9.999666677777408e-05
THR,424,N,PHE,421,O,3,9.999666677777408e-05
GLN,427,NE2,ILE,304,O,3,9.999666677777408e-05
SER,430,OG,SER,430,O,3,9.999666677777408e-05
SER,430,OG,ARG,463,NH2,3,9.999666677777408e-05
THR,455,OG1,THR,140,OG1,3,9.999666677777408e-05
LEU,9,N,GLY,13,N,2,6.666444451851606e-05
ARG,20,NH2,LEU,16,O,2,6.666444451851606e-05
ARG,21,NH1,GLY,22,O,2,6.666444451851606e-05
ARG,21,NH2,ARG,29,NH1,2,6.666444451851606e-05
LEU,23,N,ARG,20,O,2,6.666444451851606e-05
LYS,25,NZ,LYS,25,O,2,6.666444451851606e-05
ARG,29,NH1,ARG,21,NH2,2,6.666444451851606e-05
ARG,29,NH2,ASP,19,N,2,6.666444451851606e-05
VAL,37,N,GLY,35,O,2,6.666444451851606e-05
THR,39,OG1,THR,39,O,2,6.666444451851606e-05
GLY,43,N,GLY,13,N,2,6.666444451851606e-05
ARG,45,NH1,GLU,190,OE1,2,6.666444451851606e-05
GLU,58,N,VAL,53,O,2,6.666444451851606e-05
GLU,65,N,LYS,63,O,2,6.666444451851606e-05
ARG,81,N,PRO,78,O,2,6.666444451851606e-05
ARG,81,NE,ASP,77,OD2,2,6.666444451851606e-05
ARG,92,NH1,GLU,254,OE2,2,6.666444451851606e-05
LEU,96,N,ASN,91,O,2,6.666444451851606e-05
SER,100,OG,ASN,263,OD1,2,6.666444451851606e-05
THR,103,OG1,THR,102,O,2,6.666444451851606e-05
LYS,111,NZ,MET,104,O,2,6.666444451851606e-05
LYS,111,NZ,ARG,112,O,2,6.666444451851606e-05
ARG,117,NH2,GLY,157,O,2,6.666444451851606e-05
ALA,122,N,GLN,119,O,2,6.666444451851606e-05
GLN,123,NE2,GLN,119,NE2,2,6.666444451851606e-05
GLN,123,NE2,CYS,124,N,2,6.666444451851606e-05
ARG,130,NH1,ASN,428,O,2,6.666444451851606e-05
SER,132,OG,SER,132,O,2,6.666444451851606e-05
ARG,159,NH2,GLU,120,O,2,6.666444451851606e-05
HIE,161,NE2,ASP,164,OD2,2,6.666444451851606e-05
GLN,163,NE2,GLN,165,NE2,2,6.666444451851606e-05
TYR,175,OH,GLN,445,NE2,2,6.666444451851606e-05
GLN,176,NE2,SER,179,OG,2,6.666444451851606e-05
THR,177,OG1,PHE,269,O,2,6.666444451851606e-05
GLN,187,N,GLN,187,NE2,2,6.666444451851606e-05
GLN,187,NE2,MET,18,O,2,6.666444451851606e-05
SER,193,N,LEU,191,O,2,6.666444451851606e-05
TYR,198,N,LEU,196,O,2,6.666444451851606e-05
HIE,203,NE2,ARG,204,NH2,2,6.666444451851606e-05
ARG,204,NH1,HIE,203,NE2,2,6.666444451851606e-05
TYR,207,OH,GLN,211,NE2,2,6.666444451851606e-05
ASN,209,ND2,VAL,206,O,2,6.666444451851606e-05
ASN,214,ND2,ASN,261,O,2,6.666444451851606e-05
ASP,229,N,ASP,238,OD1,2,6.666444451851606e-05
ARG,231,NE,ARG,231,O,2,6.666444451851606e-05
ARG,231,NH1,HIP,224,O,2,6.666444451851606e-05
LYS,234,NZ,ASP,229,O,2,6.666444451851606e-05
LYS,234,NZ,ARG,231,NH1,2,6.666444451851606e-05
LYS,234,NZ,ARG,231,NH2,2,6.666444451851606e-05
TYR,240,OH,LEU,260,N,2,6.666444451851606e-05
MET,244,N,LEU,241,O,2,6.666444451851606e-05
HIE,252,NE2,ASN,91,ND2,2,6.666444451851606e-05
SER,253,OG,ASN,250,ND2,2,6.666444451851606e-05
SER,253,OG,HIE,252,ND1,2,6.666444451851606e-05
SER,256,OG,ASN,259,OD1,2,6.666444451851606e-05
HIE,257,NE2,ARG,225,NH1,2,6.666444451851606e-05
HIE,257,NE2,ASN,261,ND2,2,6.666444451851606e-05
LEU,267,N,LEU,265,O,2,6.666444451851606e-05
ARG,280,NH1,THR,140,OG1,2,6.666444451851606e-05
ARG,280,NH2,GLU,273,OE2,2,6.666444451851606e-05
TYR,281,N,THR,278,O,2,6.666444451851606e-05
LEU,285,N,GLY,282,O,2,6.666444451851606e-05
LYS,288,NZ,LYS,288,O,2,6.666444451851606e-05
ARG,295,NH1,GLU,294,OE1,2,6.666444451851606e-05
ARG,295,NH1,ARG,295,O,2,6.666444451851606e-05
ARG,295,NH1,GLU,299,OE1,2,6.666444451851606e-05
ARG,295,NH1,ASP,383,OD1,2,6.666444451851606e-05
ARG,295,NH1,ASP,383,OD2,2,6.666444451851606e-05
ARG,295,NH2,HIE,291,O,2,6.666444451851606e-05
ARG,295,NH2,VAL,292,N,2,6.666444451851606e-05
ARG,295,NH2,GLU,299,OE1,2,6.666444451851606e-05
ARG,295,NH2,ASP,383,OD2,2,6.666444451851606e-05
ILE,304,N,GLU,299,O,2,6.666444451851606e-05
HIE,307,NE2,ASN,428,OD1,2,6.666444451851606e-05
ARG,308,NH1,GLU,311,N,2,6.666444451851606e-05
LEU,312,N,GLN,119,NE2,2,6.666444451851606e-05
ARG,315,NH1,GLU,115,OE1,2,6.666444451851606e-05
ARG,315,NH2,GLU,115,OE2,2,6.666444451851606e-05
THR,344,OG1,GLN,345,NE2,2,6.666444451851606e-05
GLN,345,NE2,HIE,346,NE2,2,6.666444451851606e-05
THR,347,OG1,GLN,345,OE1,2,6.666444451851606e-05
PHE,349,N,THR,347,O,2,6.666444451851606e-05
ARG,350,NE,ASP,36,O,2,6.666444451851606e-05
THR,358,N,LYS,356,O,2,6.666444451851606e-05
THR,358,OG1,ASP,357,O,2,6.666444451851606e-05
LEU,362,N,HID,341,NE2,2,6.666444451851606e-05
HID,369,ND1,ASP,333,OD2,2,6.666444451851606e-05
ASP,370,N,THR,366,O,2,6.666444451851606e-05
HIP,384,NE2,GLU,375,OE1,2,6.666444451851606e-05
LYS,394,NZ,GLU,322,OE1,2,6.666444451851606e-05
THR,395,OG1,LYS,394,O,2,6.666444451851606e-05
GLU,396,N,TYR,373,OH,2,6.666444451851606e-05
ALA,397,N,GLU,396,OE2,2,6.666444451851606e-05
SER,402,OG,LEU,403,O,2,6.666444451851606e-05
ARG,415,N,ILE,413,O,2,6.666444451851606e-05
ARG,415,NH2,GLU,411,O,2,6.666444451851606e-05
LEU,418,N,GLU,417,OE2,2,6.666444451851606e-05
GLN,427,NE2,HIE,307,O,2,6.666444451851606e-05
ASN,428,ND2,GLN,427,O,2,6.666444451851606e-05
SER,430,N,PRO,462,O,2,6.666444451851606e-05
GLN,445,NE2,ILE,452,O,2,6.666444451851606e-05
THR,455,OG1,TYR,175,OH,2,6.666444451851606e-05
ARG,459,NE,ALA,135,O,2,6.666444451851606e-05
ARG,463,NH1,SER,430,OG,2,6.666444451851606e-05
ARG,1,N,ILE,353,N,1,3.333222225925803e-05
ARG,7,N,GLN,17,OE1,1,3.333222225925803e-05
GLY,13,N,PRO,10,O,1,3.333222225925803e-05
GLY,13,N,GLY,43,O,1,3.333222225925803e-05
ASN,14,ND2,ARG,7,N,1,3.333222225925803e-05
GLN,17,N,LEU,15,O,1,3.333222225925803e-05
GLN,17,NE2,TYR,34,OH,1,3.333222225925803e-05
ASP,19,N,ARG,29,NH2,1,3.333222225925803e-05
ARG,20,N,ASP,19,OD1,1,3.333222225925803e-05
GLY,22,N,GLN,187,NE2,1,3.333222225925803e-05
LYS,25,NZ,ARG,21,NH2,1,3.333222225925803e-05
LYS,25,NZ,ARG,29,NH1,1,3.333222225925803e-05
SER,26,OG,ARG,29,NH1,1,3.333222225925803e-05
ARG,29,NH2,GLN,17,OE1,1,3.333222225925803e-05
ARG,31,NE,ARG,31,O,1,3.333222225925803e-05
ARG,31,NH1,ASP,36,N,1,3.333222225925803e-05
LYS,33,NZ,GLU,32,O,1,3.333222225925803e-05
ASP,36,N,ASP,36,OD1,1,3.333222225925803e-05
ASP,36,N,ASP,36,OD2,1,3.333222225925803e-05
VAL,37,N,ASP,36,OD2,1,3.333222225925803e-05
GLU,54,N,ASP,370,OD1,1,3.333222225925803e-05
ALA,55,N,CYS,51,O,1,3.333222225925803e-05
LYS,63,NZ,GLU,65,OE1,1,3.333222225925803e-05
ALA,66,N,ALA,64,O,1,3.333222225925803e-05
SER,68,OG,ALA,66,O,1,3.333222225925803e-05
SER,68,OG,ASN,89,ND2,1,3.333222225925803e-05
SER,68,OG,VAL,343,O,1,3.333222225925803e-05
SER,68,OG,THR,344,N,1,3.333222225925803e-05
GLY,69,N,ALA,66,O,1,3.333222225925803e-05
ARG,70,N,ALA,88,O,1,3.333222225925803e-05
ARG,70,NE,HID,341,NE2,1,3.333222225925803e-05
ARG,70,NH1,ARG,406,NH2,1,3.333222225925803e-05
LYS,72,NZ,ARG,45,NE,1,3.333222225925803e-05
LYS,72,NZ,LYS,72,O,1,3.333222225925803e-05
LYS,72,NZ,ARG,81,NH1,1,3.333222225925803e-05
PHE,79,N,ASP,77,O,1,3.333222225925803e-05
ASN,89,ND2,ASN,91,OD1,1,3.333222225925803e-05
ASN,91,N,ASN,89,ND2,1,3.333222225925803e-05
ARG,92,N,ASN,89,ND2,1,3.333222225925803e-05
ARG,92,NE,ASN,89,OD1,1,3.333222225925803e-05
ARG,92,NE,GLU,254,N,1,3.333222225925803e-05
ARG,92,NH1,HIE,252,NE2,1,3.333222225925803e-05
ARG,92,NH2,HIE,252,ND1,1,3.333222225925803e-05
ARG,92,NH2,SER,256,OG,1,3.333222225925803e-05
TRP,93,NE1,VAL,85,O,1,3.333222225925803e-05
LYS,94,N,ASN,91,O,1,3.333222225925803e-05
LYS,94,NZ,GLU,65,OE1,1,3.333222225925803e-05
LYS,94,NZ,GLU,65,OE2,1,3.333222225925803e-05
LYS,94,NZ,LYS,94,O,1,3.333222225925803e-05
ARG,98,N,VAL,95,O,1,3.333222225925803e-05
THR,103,OG1,LYS,234,O,1,3.333222225925803e-05
THR,103,OG1,THR,239,OG1,1,3.333222225925803e-05
ARG,105,N,THR,103,O,1,3.333222225925803e-05
ARG,105,NE,ARG,105,O,1,3.333222225925803e-05
ARG,105,NH1,ASP,106,OD2,1,3.333222225925803e-05
ARG,105,NH1,SER,113,OG,1,3.333222225925803e-05
MET,109,N,ASP,106,OD1,1,3.333222225925803e-05
LYS,111,NZ,THR,102,OG1,1,3.333222225925803e-05
LYS,111,NZ,LYS,111,N,1,3.333222225925803e-05
LYS,111,NZ,SER,153,O,1,3.333222225925803e-05
LYS,111,NZ,GLY,157,O,1,3.333222225925803e-05
ARG,112,N,GLY,110,O,1,3.333222225925803e-05
ARG,112,NH2,SER,153,OG,1,3.333222225925803e-05
SER,113,OG,ARG,105,O,1,3.333222225925803e-05
GLU,116,N,GLU,116,OE2,1,3.333222225925803e-05
ARG,117,NH2,LYS,234,O,1,3.333222225925803e-05
GLN,119,NE2,GLU,120,OE1,1,3.333222225925803e-05
GLN,123,NE2,GLU,120,N,1,3.333222225925803e-05
GLN,123,NE2,ARG,130,NH1,1,3.333222225925803e-05
GLN,123,NE2,ARG,130,NH2,1,3.333222225925803e-05
ARG,130,NE,ILE,126,O,1,3.333222225925803e-05
ARG,130,NH2,HIE,307,O,1,3.333222225925803e-05
LYS,133,NZ,LYS,133,O,1,3.333222225925803e-05
LYS,133,NZ,LEU,136,O,1,3.333222225925803e-05
LEU,136,N,ARG,459,NH1,1,3.333222225925803e-05
GLN,144,NE2,ARG,280,NH2,1,3.333222225925803e-05
ASN,149,ND2,ARG,159,NH2,1,3.333222225925803e-05
GLY,157,N,VAL,155,N,1,3.333222225925803e-05
ARG,159,NE,GLU,120,OE1,1,3.333222225925803e-05
ARG,159,NH1,PHE,160,O,1,3.333222225925803e-05
HIE,161,N,HIE,161,ND1,1,3.333222225925803e-05
GLN,163,NE2,GLN,165,OE1,1,3.333222225925803e-05
ASP,164,N,TYR,162,O,1,3.333222225925803e-05
GLN,165,N,GLN,163,O,1,3.333222225925803e-05
GLN,165,NE2,GLN,163,NE2,1,3.333222225925803e-05
GLN,165,NE2,ASP,164,O,1,3.333222225925803e-05
GLN,165,NE2,GLN,165,N,1,3.333222225925803e-05
GLN,165,NE2,LYS,169,NZ,1,3.333222225925803e-05
LEU,168,N,GLN,165,O,1,3.333222225925803e-05
TYR,175,OH,SER,179,OG,1,3.333222225925803e-05
THR,177,OG1,ASN,209,ND2,1,3.333222225925803e-05
THR,177,OG1,PHE,268,O,1,3.333222225925803e-05
PHE,178,N,TYR,175,O,1,3.333222225925803e-05
SER,179,OG,SER,179,O,1,3.333222225925803e-05
SER,182,N,LEU,180,N,1,3.333222225925803e-05
SER,182,OG,GLU,446,O,1,3.333222225925803e-05
PHE,185,N,SER,183,O,1,3.333222225925803e-05
PHE,185,N,GLU,446,OE1,1,3.333222225925803e-05
GLN,187,NE2,ASP,19,N,1,3.333222225925803e-05
GLN,187,NE2,LEU,23,O,1,3.333222225925803e-05
LEU,188,N,GLY,186,O,1,3.333222225925803e-05
TYR,198,N,GLY,194,O,1,3.333222225925803e-05
ARG,204,NH1,LEU,196,O,1,3.333222225925803e-05
ARG,204,NH2,LEU,196,O,1,3.333222225925803e-05
GLN,205,N,GLN,205,OE1,1,3.333222225925803e-05
TYR,207,OH,PHE,79,N,1,3.333222225925803e-05
LYS,208,NZ,TYR,207,OH,1,3.333222225925803e-05
TYR,216,OH,LYS,169,O,1,3.333222225925803e-05
LYS,223,NZ,GLU,226,O,1,3.333222225925803e-05
HIP,224,ND1,ASP,238,OD2,1,3.333222225925803e-05
HIP,224,NE2,VAL,155,O,1,3.333222225925803e-05
ARG,225,NE,GLU,222,O,1,3.333222225925803e-05
ARG,225,NH1,VAL,221,O,1,3.333222225925803e-05
ARG,225,NH1,HIE,257,NE2,1,3.333222225925803e-05
GLU,226,N,HIP,224,O,1,3.333222225925803e-05
ASP,229,N,ARG,231,NH1,1,3.333222225925803e-05
ARG,231,NH1,ARG,231,O,1,3.333222225925803e-05
ASP,235,N,ASP,238,OD2,1,3.333222225925803e-05
TYR,240,OH,ASN,259,ND2,1,3.333222225925803e-05
TYR,240,OH,ASN,263,ND2,1,3.333222225925803e-05
LYS,246,NZ,HID,243,ND1,1,3.333222225925803e-05
LYS,246,NZ,GLU,245,O,1,3.333222225925803e-05
LYS,246,NZ,LYS,246,O,1,3.333222225925803e-05
LYS,248,N,LYS,246,N,1,3.333222225925803e-05
LYS,248,NZ,ASN,250,OD1,1,3.333222225925803e-05
ASN,250,ND2,LYS,246,O,1,3.333222225925803e-05
ASN,250,ND2,ASN,250,O,1,3.333222225925803e-05
ALA,251,N,ASN,250,ND2,1,3.333222225925803e-05
HIE,252,NE2,ASN,91,OD1,1,3.333222225925803e-05
SER,253,N,ASN,250,ND2,1,3.333222225925803e-05
SER,253,OG,HIE,252,NE2,1,3.333222225925803e-05
PHE,255,N,GLU,247,OE2,1,3.333222225925803e-05
GLN,258,NE2,ASN,214,ND2,1,3.333222225925803e-05
ASN,259,N,HIE,257,O,1,3.333222225925803e-05
ASN,259,ND2,ARG,92,NH1,1,3.333222225925803e-05
ASN,263,ND2,TYR,240,OH,1,3.333222225925803e-05
ASN,263,ND2,ASN,259,OD1,1,3.333222225925803e-05
ASN,263,ND2,ASN,259,ND2,1,3.333222225925803e-05
ASN,263,ND2,LEU,260,O,1,3.333222225925803e-05
ASN,263,ND2,THR,264,OG1,1,3.333222225925803e-05
THR,264,OG1,ASN,263,ND2,1,3.333222225925803e-05
GLY,271,N,LEU,267,O,1,3.333222225925803e-05
THR,272,N,PHE,268,O,1,3.333222225925803e-05
THR,272,OG1,THR,147,O,1,3.333222225925803e-05
THR,275,N,THR,272,O,1,3.333222225925803e-05
THR,275,OG1,THR,147,OG1,1,3.333222225925803e-05
THR,277,OG1,GLU,273,OE1,1,3.333222225925803e-05
THR,278,OG1,THR,275,O,1,3.333222225925803e-05
ARG,280,NH1,PRO,454,O,1,3.333222225925803e-05
ARG,280,NH2,PRO,453,O,1,3.333222225925803e-05
ARG,295,NE,ARG,295,O,1,3.333222225925803e-05
ARG,295,NH1,GLU,294,OE2,1,3.333222225925803e-05
TYR,297,OH,ARG,298,NH1,1,3.333222225925803e-05
ARG,298,NE,ARG,298,O,1,3.333222225925803e-05
ARG,298,NE,GLN,302,NE2,1,3.333222225925803e-05
ARG,298,NH1,GLN,302,NE2,1,3.333222225925803e-05
ARG,298,NH2,TYR,297,OH,1,3.333222225925803e-05
ARG,298,NH2,TYR,297,O,1,3.333222225925803e-05
ILE,300,N,TYR,297,O,1,3.333222225925803e-05
GLN,302,N,ILE,300,O,1,3.333222225925803e-05
GLN,302,NE2,LYS,317,O,1,3.333222225925803e-05
HIE,307,NE2,ARG,130,NH1,1,3.333222225925803e-05
HIE,307,NE2,ARG,130,NH2,1,3.333222225925803e-05
HIE,307,NE2,ARG,308,NE,1,3.333222225925803e-05
HIE,307,NE2,ARG,463,O,1,3.333222225925803e-05
ARG,308,NE,VAL,303,O,1,3.333222225925803e-05
ARG,308,NE,HIE,307,ND1,1,3.333222225925803e-05
ARG,315,NE,HIE,313,ND1,1,3.333222225925803e-05
ARG,315,NH2,GLU,115,OE1,1,3.333222225925803e-05
LYS,317,NZ,ASP,314,O,1,3.333222225925803e-05
LYS,317,NZ,LYS,317,O,1,3.333222225925803e-05
ALA,323,N,TYR,320,O,1,3.333222225925803e-05
TYR,326,N,ALA,323,O,1,3.333222225925803e-05
GLU,327,N,VAL,324,O,1,3.333222225925803e-05
HID,341,ND1,HID,341,O,1,3.333222225925803e-05
HID,341,ND1,ARG,406,NH2,1,3.333222225925803e-05
ILE,342,N,ARG,70,N,1,3.333222225925803e-05
THR,344,OG1,PHE,67,N,1,3.333222225925803e-05
THR,344,OG1,PHE,67,O,1,3.333222225925803e-05
THR,344,OG1,SER,68,N,1,3.333222225925803e-05
GLN,345,N,GLN,345,OE1,1,3.333222225925803e-05
GLN,345,N,GLN,345,NE2,1,3.333222225925803e-05
GLN,345,NE2,ALA,66,N,1,3.333222225925803e-05
ARG,350,NE,GLU,54,OE2,1,3.333222225925803e-05
ARG,350,NH1,GLU,54,O,1,3.333222225925803e-05
THR,358,OG1,PRO,46,O,1,3.333222225925803e-05
LEU,364,N,PRO,336,O,1,3.333222225925803e-05
LEU,364,N,GLY,338,N,1,3.333222225925803e-05
HIE,372,N,ASP,370,O,1,3.333222225925803e-05
HIE,372,NE2,ASP,36,OD2,1,3.333222225925803e-05
HIE,372,NE2,ASP,370,OD2,1,3.333222225925803e-05
TYR,373,N,HIE,372,ND1,1,3.333222225925803e-05
GLU,375,N,TYR,373,O,1,3.333222225925803e-05
LYS,376,NZ,ASP,378,O,1,3.333222225925803e-05
LYS,376,NZ,ASP,383,OD2,1,3.333222225925803e-05
ASN,381,N,ALA,379,O,1,3.333222225925803e-05
ASN,381,ND2,GLU,375,O,1,3.333222225925803e-05
ALA,391,N,ASN,389,ND2,1,3.333222225925803e-05
LYS,393,NZ,LEU,392,O,1,3.333222225925803e-05
ALA,397,N,GLU,396,OE1,1,3.333222225925803e-05
LYS,405,NZ,VAL,61,O,1,3.333222225925803e-05
LYS,405,NZ,SER,68,OG,1,3.333222225925803e-05
ARG,406,NE,LEU,60,O,1,3.333222225925803e-05
ARG,406,NH1,ALA,64,O,1,3.333222225925803e-05
ARG,406,NH1,PHE,67,O,1,3.333222225925803e-05
ARG,406,NH2,ARG,70,NH1,1,3.333222225925803e-05
GLU,411,N,LEU,409,O,1,3.333222225925803e-05
GLY,412,N,GLU,411,OE1,1,3.333222225925803e-05
ARG,415,NH1,TYR,326,OH,1,3.333222225925803e-05
ARG,415,NH2,ARG,315,NH2,1,3.333222225925803e-05
GLN,427,NE2,GLN,427,O,1,3.333222225925803e-05
VAL,449,N,GLN,187,NE2,1,3.333222225925803e-05
TYR,456,N,ASP,138,OD1,1,3.333222225925803e-05
TYR,456,OH,THR,140,OG1,1,3.333222225925803e-05
GLN,457,N,GLN,457,OE1,1,3.333222225925803e-05
GLN,457,NE2,SER,433,OG,1,3.333222225925803e-05
ARG,459,NE,ALA,135,N,1,3.333222225925803e-05
ARG,459,NH1,ALA,135,O,1,3.333222225925803e-05
ARG,463,NE,PHE,429,N,1,3.333222225925803e-05
ARG,463,NE,SER,430,OG,1,3.333222225925803e-05
ARG,463,NH1,TYR,297,OH,1,3.333222225925803e-05
ARG,463,NH2,SER,430,OG,1,3.333222225925803e-05
ARG,463,NH2,ARG,463,O,1,3.333222225925803e-05
