donor_resname,donor_resid,donor_atom,acceptor_resname,acceptor_resid,acceptor_atom,count,frequency
THR,321,OG1,GLU,299,OE1,29522,0.9840338655378154
ARG,330,NH2,GLU,327,OE1,29417,0.9805339822005933
ASN,381,N,GLU,327,OE1,28803,0.9600679977334089
ARG,330,NE,GLU,327,OE2,28761,0.95866804439852
LEU,168,N,ASP,164,O,28637,0.954534848838372
PHE,178,N,PHE,174,O,28451,0.9483350554981501
THR,424,OG1,LEU,420,O,28305,0.9434685510482984
VAL,343,N,THR,358,O,28213,0.9404019866004466
PHE,283,N,LEU,279,O,28113,0.9370687643745208
THR,239,OG1,ASP,235,O,28014,0.9337688743708543
ILE,146,N,LEU,142,O,27861,0.9286690443651878
SER,365,N,PRO,336,O,27859,0.9286023799206693
ARG,330,NH1,LEU,368,O,27824,0.9274357521415952
VAL,40,N,VAL,47,O,27747,0.9248691710276324
GLU,301,N,TYR,297,O,27711,0.9236692110262992
THR,177,OG1,LEU,173,O,27568,0.9189027032432252
PHE,143,N,PRO,139,O,27553,0.9184027199093363
GLN,176,N,ASN,172,O,27514,0.9171027632412253
TYR,326,N,GLU,322,O,27440,0.9146361787940402
PHE,331,N,GLU,327,O,27298,0.9099030032332256
VAL,48,N,GLU,359,O,27245,0.9081363954534849
TYR,456,OH,ARG,280,O,27211,0.9070030998966702
HIP,384,N,ASN,381,O,27080,0.9026365787807074
ILE,458,N,MET,137,O,27076,0.9025032498916703
SER,145,OG,PHE,141,O,27012,0.9003699876670778
PHE,385,N,PRO,382,O,26998,0.8999033365554482
PHE,349,N,TYR,352,O,26949,0.8982700576647445
THR,423,N,PHE,419,O,26726,0.8908369721009299
LEU,210,N,VAL,206,O,26666,0.8888370387653745
SER,182,OG,PHE,178,O,26607,0.8868704376520783
MET,49,N,PHE,38,O,26573,0.8857371420952634
PHE,160,N,ASN,149,OD1,26500,0.8833038898703377
ASN,428,ND2,THR,424,O,26499,0.8832705576480784
PHE,361,N,VAL,48,O,26483,0.8827372420919303
LEU,241,N,ILE,237,O,26355,0.8784707176427452
SER,100,OG,LEU,96,O,26344,0.8781040631978934
THR,264,OG1,LEU,260,O,26321,0.8773374220859305
ASP,387,N,ALA,391,O,26311,0.8770040998633379
CYS,152,N,ALA,148,O,26148,0.8715709476350788
THR,347,N,ILE,354,O,26089,0.8696043465217826
THR,358,OG1,PRO,355,O,26007,0.8668711042965235
ALA,414,N,GLY,410,O,25949,0.8649378354054865
ILE,363,N,LEU,50,O,25893,0.863071230958968
THR,264,N,LEU,260,O,25741,0.8580047331755608
ASP,164,N,HIE,161,O,25722,0.857371420952635
TYR,281,N,THR,277,O,25668,0.855571480950635
ILE,452,N,GLU,446,O,25640,0.8546381787273758
GLY,305,N,ILE,300,O,25635,0.8544715176160794
THR,423,OG1,PHE,419,O,25604,0.8534382187260424
GLN,427,NE2,ARG,308,O,25567,0.8522049265024499
SER,430,N,LEU,461,O,25537,0.8512049598346721
ILE,354,N,THR,347,O,25495,0.8498050064997833
GLN,329,N,ILE,325,O,25425,0.8474717509416353
HID,341,N,VAL,360,O,25409,0.8469384353854872
ILE,217,N,ILE,213,O,25394,0.8464384520515983
ASN,14,N,HIE,41,O,25380,0.8459718009399687
VAL,101,N,ARG,97,O,25321,0.8440051998266724
LEU,28,N,LEU,24,O,25235,0.8411386287123762
TYR,175,N,LEU,171,O,25226,0.8408386387120429
THR,278,OG1,THR,274,O,25218,0.8405719809339689
LEU,368,N,LEU,364,O,25203,0.84007199760008
LEU,9,N,GLY,13,O,25094,0.8364387853738209
LEU,196,N,PHE,192,O,25051,0.8350054998166728
LEU,265,N,ASN,261,O,24932,0.8310389653678211
ARG,280,N,SER,276,O,24920,0.83063897870071
ASP,106,N,VAL,101,O,24882,0.8293723542548582
ALA,148,N,GLN,144,O,24806,0.8268391053631545
THR,366,OG1,ILE,363,O,24668,0.8222392586913769
MET,137,N,ILE,458,O,24666,0.8221725942468584
ILE,181,N,THR,177,O,24590,0.8196393453551548
LEU,125,N,GLU,121,O,24589,0.8196060131328956
ALA,323,N,PRO,319,O,24521,0.817339422019266
ARG,98,N,LYS,94,O,24380,0.8126395786807107
LEU,60,N,ILE,56,O,24305,0.8101396620112663
LYS,393,N,PHE,385,O,24233,0.8077397420085997
VAL,95,N,ASN,91,O,24231,0.8076730775640812
THR,39,N,PRO,4,O,24228,0.8075730808973034
VAL,155,N,ILE,151,O,24215,0.807139762007933
ILE,300,N,VAL,296,O,24147,0.8048731708943035
HIE,41,N,ASN,14,OD1,24143,0.8047398420052665
ARG,406,NH1,HM1,464,O2D,24069,0.8022732575580814
THR,347,OG1,GLN,345,O,23929,0.7976067464417853
LYS,208,N,ARG,204,O,23756,0.7918402719909337
LEU,426,N,PHE,422,O,23680,0.7893070230992301
THR,424,N,LEU,420,O,23636,0.7878404053198227
ARG,406,NH2,ALA,88,O,23626,0.78750708309723
SER,179,OG,TYR,175,O,23623,0.7874070864304523
MET,244,N,TYR,240,O,23618,0.7872404253191561
PHE,27,N,LEU,23,O,23615,0.7871404286523782
ALA,122,N,ILE,118,O,23441,0.7813406219792673
VAL,303,N,GLU,299,O,23439,0.7812739575347488
VAL,221,N,ILE,217,O,23357,0.7785407153094897
SER,182,N,PHE,178,O,23354,0.7784407186427119
ARG,308,NH1,ASP,314,OD2,23351,0.7783407219759342
ARG,57,N,VAL,53,O,23313,0.7770740975300824
GLY,52,N,THR,366,OG1,23311,0.7770074330855639
LEU,285,N,TYR,281,O,23291,0.7763407886403787
GLU,222,N,GLY,218,O,23278,0.7759074697510083
GLN,119,N,GLU,115,O,23244,0.7747741741941935
LEU,461,N,SER,430,O,23236,0.7745075164161195
ARG,97,N,TRP,93,O,23232,0.7743741875270824
PHE,269,N,LEU,265,O,23171,0.7723409219692677
SER,332,OG,ILE,328,O,23158,0.7719076030798974
LYS,356,N,HIE,346,ND1,23101,0.7700076664111196
LEU,96,N,ARG,92,O,23100,0.7699743341888604
THR,321,N,GLU,299,OE1,23032,0.7677077430752308
LEU,279,N,THR,275,O,23003,0.7667411086297123
THR,344,N,ALA,66,O,22987,0.7662077930735642
THR,277,OG1,GLU,273,O,22955,0.7651411619612679
ASN,149,N,SER,145,O,22949,0.7649411686277124
LEU,129,N,LEU,125,O,22930,0.7643078564047865
SER,183,OG,LEU,180,O,22891,0.7630078997366755
VAL,360,N,HID,341,O,22878,0.7625745808473051
SER,26,OG,GLY,22,O,22871,0.7623412552914903
LEU,171,N,PHE,167,O,22851,0.7616746108463052
MET,286,N,GLY,282,O,22833,0.7610746308456385
SER,256,N,TYR,240,OH,22810,0.7603079897336755
PHE,38,N,MET,49,O,22592,0.7530415652811573
VAL,206,N,ALA,202,O,22516,0.7505083163894537
ASN,263,N,ASN,259,O,22469,0.7489417019432686
GLU,327,N,ALA,323,O,22463,0.748741708609713
TYR,34,N,PHE,30,O,22417,0.7472084263857871
GLN,427,NE2,GLY,305,O,22396,0.7465084497183427
ARG,31,N,PHE,27,O,22387,0.7462084597180094
ILE,126,N,ALA,122,O,22237,0.7412086263791207
ASP,383,N,ASN,381,OD1,22215,0.740475317489417
GLU,322,N,MET,318,O,22142,0.7380420652644912
ASN,214,N,LEU,210,O,22041,0.7346755108163061
LYS,223,N,HIE,219,O,21884,0.7294423519216026
ASN,209,N,GLN,205,O,21794,0.7264424519182694
LEU,173,N,LYS,169,O,21779,0.7259424685843805
ARG,308,NH2,ASP,314,OD1,21743,0.7247425085830472
PHE,419,N,ALA,416,O,21741,0.7246758441385287
PHE,422,N,LEU,418,O,21650,0.7216426119129362
GLN,119,NE2,PRO,310,O,21609,0.7202759908003067
GLY,22,N,ASP,19,O,21502,0.7167094430185661
ARG,70,NH1,ILE,86,O,21501,0.7166761107963068
ILE,328,N,VAL,324,O,21461,0.7153428219059365
LYS,94,N,GLY,90,O,21387,0.7128762374587514
PHE,174,N,MET,170,O,21327,0.7108763041231959
GLN,211,N,TYR,207,O,21222,0.7073764207859738
TYR,297,N,ALA,293,O,21140,0.7046431785607147
ASN,14,ND2,GLN,17,OE1,21134,0.7044431852271591
LEU,262,N,GLN,258,O,20843,0.694743508549715
LEU,260,N,SER,256,O,20825,0.6941435285490484
GLN,329,NE2,ALA,414,O,20811,0.6936768774374188
ASP,77,N,ILE,73,O,20719,0.690610312989567
SER,276,N,THR,272,O,20573,0.6857438085397154
THR,39,OG1,PRO,3,O,20525,0.684143861871271
PHE,99,N,VAL,95,O,20450,0.6816439452018266
ARG,308,NH1,PRO,309,O,20334,0.6777774074197527
VAL,296,N,VAL,292,O,20203,0.6734108863037899
TYR,320,N,GLU,299,OE2,20184,0.6727775740808639
SER,153,N,ASN,149,O,20008,0.6669111029632345
PHE,398,N,THR,395,O,19894,0.6631112296256791
PHE,67,N,LYS,63,O,19886,0.662844571847605
TYR,207,N,HIE,203,O,19760,0.6586447118429386
PHE,30,N,SER,26,O,19726,0.6575114162861238
LEU,50,N,PHE,361,O,19654,0.6551114962834572
ARG,298,N,GLU,294,O,19421,0.6473450884970501
ASN,250,N,GLU,247,O,19355,0.645145161827939
GLY,448,N,GLY,450,O,19346,0.6448451718276057
SER,132,OG,GLU,128,O,19337,0.6445451818272724
LEU,420,N,GLU,417,O,19337,0.6445451818272724
GLY,134,N,PHE,460,O,19117,0.6372120929302356
HID,243,ND1,THR,239,O,19105,0.6368121062631246
TYR,198,N,PHE,195,O,19099,0.636612112929569
SER,266,OG,ASN,263,O,19042,0.6347121762607913
CYS,51,N,ASP,36,O,18906,0.6301789940335322
THR,275,OG1,GLY,271,O,18855,0.62847905069831
VAL,324,N,TYR,320,O,18826,0.6275124162527915
VAL,76,N,ILE,73,O,18822,0.6273790873637546
ASN,149,ND2,PHE,160,O,18770,0.6256458118062731
ARG,70,NH1,HM1,464,O1A,18672,0.6223792540248658
SER,145,N,PHE,141,O,18659,0.6219459351354955
LYS,288,NZ,ILE,440,O,18649,0.6216126129129029
ASN,172,N,LEU,168,O,18618,0.6205793140228659
LYS,317,N,ASP,314,O,18600,0.6199793340221993
TYR,281,OH,LEU,442,O,18598,0.6199126695776808
GLY,218,N,ASN,214,O,18532,0.6177127429085697
LYS,63,N,GLU,58,O,18520,0.6173127562414586
ARG,295,N,HIE,291,O,18481,0.6160127995733475
LYS,288,N,LEU,284,O,18428,0.6142461917936068
ILE,56,N,GLY,52,O,18257,0.6085463817872737
ILE,353,N,ARG,1,O,18249,0.6082797240091997
ASN,14,ND2,PRO,6,O,18174,0.6057798073397553
TYR,83,N,PHE,80,O,18157,0.6052131595613479
ASN,259,ND2,GLU,254,O,18127,0.6042131928935702
GLU,58,N,GLU,54,O,17992,0.5997133428885704
PHE,268,N,THR,264,O,17959,0.5986133795540148
ALA,59,N,ALA,55,O,17882,0.596046798440052
MET,318,N,ARG,315,O,17686,0.5895136828772374
CYS,459,N,ALA,432,O,17600,0.5866471117629413
PHE,195,N,PHE,192,O,17573,0.5857471417619413
ARG,130,N,ILE,126,O,17485,0.5828139062031266
ARG,225,N,VAL,221,O,17430,0.5809806339788673
ASP,370,N,ALA,367,O,17394,0.5797806739775341
SER,266,N,LEU,262,O,17322,0.5773807539748675
GLY,282,N,THR,278,O,17315,0.5771474284190526
ASP,314,N,GLU,311,O,17312,0.5770474317522749
ALA,432,N,CYS,459,O,17166,0.5721809273024232
GLN,144,N,THR,140,O,17111,0.5703476550781641
SER,100,N,LEU,96,O,17062,0.5687143761874605
PHE,255,N,SER,253,OG,16930,0.5643145228492383
THR,140,OG1,ASP,138,OD1,16851,0.561681277290757
SER,68,OG,GLU,65,O,16815,0.5604813172894236
SER,332,N,ILE,328,O,16699,0.5566147795073497
ARG,81,N,ASP,77,O,16640,0.5546481783940536
THR,239,N,ASP,235,O,16581,0.5526815772807573
TRP,93,NE1,HM1,464,O1D,16519,0.5506149795006833
HIP,224,N,SER,220,O,16515,0.5504816506116463
ARG,280,NH2,SER,276,OG,16380,0.5459818006066465
ASP,19,N,SER,26,OG,16349,0.5449485017166095
TYR,373,N,ASP,370,O,16323,0.5440818639378687
PHE,374,N,ASP,370,O,16302,0.5433818872704244
GLY,390,N,ASP,387,O,16151,0.5383487217092764
ARG,21,N,ASP,19,OD2,16046,0.5348488383720542
TYR,162,OH,GLU,121,OE2,16001,0.5333488883703876
ASN,261,ND2,ASN,214,O,15978,0.5325822472584247
LEU,236,N,ILE,154,O,15896,0.5298490050331656
SER,179,N,TYR,175,O,15847,0.5282157261424619
GLU,311,N,ASP,314,OD2,15734,0.5244491850271658
GLN,17,NE2,ARG,7,O,15690,0.5229825672477584
GLN,427,N,THR,423,O,15684,0.5227825739142029
PHE,80,N,VAL,76,O,15639,0.5212826239125362
GLU,226,N,GLU,222,O,15620,0.5206493116896104
LEU,242,N,ASP,238,O,15540,0.5179827339088697
TYR,240,N,LEU,236,O,15444,0.514782840571981
ILE,213,N,ASN,209,O,15346,0.5115162827905736
GLU,120,N,GLU,116,O,15308,0.5102496583447218
THR,140,N,ASP,138,OD1,15304,0.5101163294556849
ARG,29,N,LYS,25,O,15255,0.5084830505649812
ASN,149,ND2,GLU,121,OE2,15252,0.5083830538982034
ARG,97,NH1,ILE,407,O,15145,0.5048165061164628
PHE,199,N,LEU,196,O,14995,0.4998166727775741
ILE,325,N,THR,321,O,14940,0.4979834005533149
GLU,247,N,HID,243,O,14810,0.49365021165961137
TYR,352,N,PHE,349,O,14782,0.4927169094363521
TRP,93,N,ASN,89,O,14765,0.49215026165794473
THR,177,N,LEU,173,O,14585,0.4861504616512783
LYS,288,NZ,PRO,437,O,14557,0.4852171594280191
GLU,294,N,PRO,290,O,14439,0.48128395720142664
THR,443,OG1,ASP,441,OD1,14377,0.47921735942135263
GLY,71,N,PRO,340,O,14371,0.47901736608779705
ILE,118,N,VAL,114,O,14282,0.4760507983067231
SER,26,N,GLY,22,O,14260,0.47531748941701946
ALA,215,N,GLN,211,O,14226,0.47418419386020466
THR,275,N,GLY,271,O,14204,0.473450884970501
GLU,127,N,GLN,123,O,14163,0.4720842638578714
ASP,238,N,ASP,235,OD2,14163,0.4720842638578714
ARG,70,NH2,HM1,464,O2A,14146,0.471517616079464
PHE,429,N,ILE,425,O,14075,0.4691510282990567
ARG,97,NH1,HM1,464,O1D,14061,0.46868437718742706
THR,103,OG1,PHE,99,O,14048,0.46825105829805674
ARG,159,NH1,GLU,121,OE1,14046,0.4681843938535382
TYR,289,N,LEU,285,O,14022,0.467384420519316
THR,278,N,THR,274,O,14000,0.46665111162961237
ILE,342,N,GLY,69,O,13994,0.4664511182960568
VAL,435,N,SER,433,OG,13961,0.46535115496150126
THR,277,N,GLU,273,O,13931,0.4643511882937235
SER,276,OG,PHE,143,O,13925,0.464151194960168
LEU,386,N,ASP,383,O,13811,0.46035132162261255
GLN,205,N,GLY,201,O,13760,0.45865137828739044
THR,443,OG1,ASP,441,OD2,13742,0.45805139828672375
SER,365,OG,ASP,333,OD2,13628,0.4542515249491684
ILE,413,N,GLY,410,O,13536,0.4511849605013166
ARG,463,N,ASN,428,O,13462,0.4487183760541315
ASN,261,N,HIE,257,O,13448,0.44825172494250193
PHE,79,N,VAL,76,O,13320,0.4439852004933169
THR,227,OG1,LYS,223,O,13279,0.4426185793806873
PHE,189,N,PHE,185,O,13217,0.4405519816006133
LEU,180,N,GLN,176,O,13149,0.4382853904869838
ASP,62,N,ARG,57,O,13094,0.43645211826272456
ARG,105,NE,ASP,106,OD2,13065,0.4354854838172061
SER,365,OG,ASP,333,OD1,13013,0.43375220825972466
VAL,85,N,ASN,263,OD1,12983,0.4327522415919469
ARG,21,NE,ASP,19,OD2,12955,0.4318189393686877
GLU,32,N,LEU,28,O,12946,0.4315189493683544
THR,443,N,ASP,441,OD1,12905,0.4301523282557248
ALA,397,N,THR,395,OG1,12898,0.42991900269991
THR,102,OG1,ARG,98,O,12810,0.4269857671410953
GLU,128,N,CYS,124,O,12803,0.4267524415852805
ARG,415,NH1,GLU,322,OE1,12788,0.42625245825139163
ARG,21,NH2,ASP,19,OD1,12765,0.4254858171394287
ARG,45,NH2,GLU,190,OE2,12757,0.4252191593613546
SER,231,OG,ASP,229,OD1,12715,0.4238192060264658
GLU,245,N,LEU,241,O,12669,0.42228592380253993
ARG,105,NH2,ASP,106,OD1,12624,0.4207859738008733
GLY,338,N,LEU,335,O,12599,0.41995266824439187
SER,231,OG,ASP,229,OD2,12455,0.4151528282390587
ARG,315,NH1,GLU,322,OE2,12426,0.4141861937935402
THR,443,N,ASP,441,OD2,12406,0.41351954934835505
TYR,162,OH,GLU,121,OE1,12405,0.4134862171260958
THR,147,OG1,PHE,143,O,12367,0.412219592680244
HID,369,ND1,SER,365,O,12366,0.41218626045798473
GLN,144,NE2,GLU,273,OE2,12231,0.4076864104529849
SER,132,N,GLU,128,O,12202,0.4067197760074664
ARG,105,NH1,GLU,411,OE2,12157,0.4052198260057998
MET,170,N,GLU,166,O,12149,0.40495316822772576
LYS,451,NZ,SER,332,O,11991,0.399686677110763
THR,366,N,ILE,363,O,11959,0.39862004599846673
LYS,234,N,ASP,238,OD2,11950,0.3983200559981334
THR,140,OG1,ASP,138,OD2,11940,0.39798673377554084
TYR,83,OH,GLU,254,OE2,11930,0.39765341155294825
ARG,57,NH2,GLU,54,OE1,11925,0.39748675044165194
HIP,384,ND1,GLU,327,OE2,11825,0.39415352821572613
ARG,280,NH2,GLU,273,OE2,11795,0.3931535615479484
ARG,31,NH2,ASP,36,OD1,11767,0.3922202593246892
ARG,45,NH1,GLU,359,OE2,11753,0.39175360821305955
ARG,105,NE,ASP,106,OD1,11728,0.3909203026565781
LEU,188,N,VAL,184,O,11719,0.3906203126562448
ARG,105,NH2,ASP,106,OD2,11696,0.38985367154428185
LYS,131,N,GLU,127,O,11557,0.385220492650245
ARG,105,NH1,GLU,411,OE1,11553,0.38508716376120794
TYR,216,N,GLU,212,O,11521,0.3840205326489117
HIE,219,N,ALA,215,O,11457,0.3818872704243192
PHE,192,N,LEU,188,O,11430,0.38098730042331924
HID,243,N,THR,239,O,11419,0.3806206459784674
ASN,149,ND2,GLU,121,OE1,11411,0.38035398820039334
GLN,187,N,SER,183,O,11374,0.37912069597680076
ARG,159,NH1,GLU,121,OE2,11321,0.3773540881970601
ARG,105,N,VAL,101,O,11255,0.37515416152794906
LYS,169,N,GLN,165,O,11233,0.37442085263824537
HIP,384,NE2,GLU,375,O,11205,0.37348755041498616
VAL,47,N,VAL,40,O,11125,0.3708209726342455
HIE,372,N,ASP,370,OD2,11106,0.3701876604113196
LYS,72,N,GLU,359,OE1,11105,0.37015432818906036
HIP,224,ND1,SER,220,O,11048,0.36825439152028266
ASP,238,N,ASP,235,OD1,11032,0.3677210759641345
LEU,191,N,LEU,188,O,11005,0.36682110596313455
LEU,267,N,ASN,263,O,10963,0.3654211526282457
THR,140,N,ASP,138,OD2,10753,0.3584213859538015
ARG,159,NH1,GLU,120,O,10699,0.3566214459518016
GLU,116,N,SER,113,OG,10688,0.3562547915069498
ARG,225,NH2,GLU,222,OE1,10683,0.35608813039565346
GLN,17,N,ASN,14,O,10671,0.3556881437285424
LEU,284,N,ARG,280,O,10532,0.3510549648345055
ARG,415,NH2,GLU,322,OE1,10468,0.348921702609913
ARG,415,NH2,GLU,322,OE2,10452,0.34838838705376485
ASP,333,N,ARG,330,O,10425,0.3474884170527649
ASN,259,N,SER,256,OG,10422,0.3473884203859871
SER,231,N,ASP,229,OD2,10354,0.34512182927235757
SER,231,N,ASP,229,OD1,10347,0.3448885037165428
ALA,270,N,SER,266,O,10320,0.34398853371554283
VAL,292,N,TYR,289,O,10299,0.3432885570480984
HIP,224,NE2,ASP,235,OD2,10283,0.34275524149195025
ARG,112,NH2,GLU,120,OE1,10249,0.3416219459351355
HIE,372,N,ASP,370,OD1,10235,0.3411552948235059
GLN,445,N,ILE,452,O,10200,0.33998866704443187
GLN,144,NE2,GLU,273,OE1,10118,0.3372554248191727
ARG,330,N,TYR,326,O,10006,0.3335222159261358
GLU,121,N,ARG,117,O,9983,0.33275557481417284
GLN,187,NE2,ASP,19,O,9981,0.33268891036965437
THR,102,N,ARG,98,O,9959,0.3319556014799507
SER,433,OG,GLN,457,O,9918,0.3305889803673211
ARG,70,N,ASN,89,OD1,9835,0.32782240591980266
ARG,225,NH2,GLU,222,OE2,9780,0.3259891336955435
ASP,439,N,ALA,436,O,9767,0.3255558148061731
ARG,295,NE,GLU,294,OE2,9761,0.3253558214726176
ARG,112,NH2,GLU,120,OE2,9682,0.3227225759141362
ARG,45,NH2,GLU,190,OE1,9618,0.3205893136895437
GLU,212,N,LYS,208,O,9591,0.31968934368854374
LYS,248,NZ,GLU,245,OE1,9567,0.3188893703543215
GLN,123,N,GLN,119,O,9565,0.318822705909803
LYS,246,N,LEU,242,O,9470,0.3156561447951735
ARG,92,NE,GLU,254,OE1,9382,0.3127229092363588
ALA,88,N,GLY,84,O,9349,0.3116229459018033
SER,183,N,LEU,180,O,9300,0.30998966701109965
ARG,21,N,ASP,19,OD1,9289,0.3096230125662478
SER,402,N,ILE,399,O,9264,0.3087897070097663
LYS,197,N,SER,193,O,9263,0.30875637478750706
ARG,315,NH1,GLU,322,OE1,9227,0.3075564147861738
ARG,92,NE,GLU,254,OE2,9200,0.30665644478517384
GLY,186,N,SER,183,OG,9193,0.306423119229359
ILE,425,N,PHE,421,O,9177,0.3058898036732109
ASP,357,N,VAL,343,O,9125,0.30415652811572946
LYS,111,N,GLY,108,O,9093,0.3030898970034332
ARG,45,NH1,GLU,359,OE1,9091,0.3030232325589147
LYS,248,NZ,GLU,245,OE2,9087,0.30288990366987767
ASN,214,ND2,GLN,258,OE1,9077,0.3025565814472851
ILE,154,N,ILE,150,O,9024,0.3007899736675444
LYS,72,N,GLU,359,OE2,8994,0.29979000699976666
ARG,57,NE,GLU,54,OE2,8809,0.29362354588180395
ARG,21,NE,ASP,19,OD1,8792,0.2930568981033966
ARG,92,NH2,GLU,254,OE2,8726,0.2908569714342855
LYS,356,NZ,ASP,357,OD2,8725,0.29082363921202625
THR,103,N,SER,100,O,8713,0.29042365254491515
ARG,225,NE,GLU,222,OE2,8693,0.28975700809973
ARG,295,NH2,GLU,294,OE1,8691,0.2896903436552115
ARG,117,NH1,SER,153,OG,8659,0.28862371254291525
HIP,224,NE2,ASP,235,OD1,8652,0.28839038698710046
GLY,338,N,VAL,449,O,8632,0.2877237425419153
SER,220,N,TYR,216,O,8586,0.2861904603179894
LYS,356,NZ,ASP,357,OD1,8537,0.28455718142728575
PHE,87,N,GLY,84,O,8517,0.2838905369821006
VAL,53,N,ASP,370,OD2,8484,0.28279057364754506
SER,193,OG,GLU,190,O,8468,0.28225725809139696
ALA,135,N,SER,132,O,8457,0.2818906036465451
VAL,53,N,ASP,370,OD1,8451,0.2816906103129896
LEU,191,N,GLN,187,O,8423,0.2807573080897303
ALA,379,N,LYS,376,O,8374,0.2791240291990267
ARG,130,NH2,GLU,127,OE2,8256,0.27519082697243424
ARG,57,NH2,GLU,54,OE2,8206,0.27352421585947134
ARG,330,NH2,PRO,377,O,8135,0.271157628079064
ARG,112,NH1,GLU,120,OE2,8126,0.2708576380787307
ARG,92,NH2,GLU,254,OE1,8055,0.2684910502983234
LYS,234,N,ASP,238,OD1,8012,0.2670577647411753
HIP,384,ND1,GLU,327,OE1,7923,0.2640911969601013
ARG,225,NE,GLU,222,OE1,7922,0.2640578647378421
ARG,280,NH2,GLU,273,OE1,7896,0.26319122695910135
ARG,280,NE,SER,276,O,7873,0.2624245858471384
ARG,415,NH1,GLU,322,OE2,7754,0.2584580513982867
MET,18,N,ASN,14,O,7728,0.257591413619546
ARG,31,NE,ASP,36,OD1,7721,0.2573580880637312
ASN,209,ND2,THR,177,OG1,7613,0.2537582080597313
ARG,130,NH2,GLU,127,OE1,7595,0.2531582280590647
TRP,93,NE1,HM1,464,O2D,7591,0.2530248991700277
ALA,293,N,TYR,289,O,7574,0.25245825139162026
GLU,299,N,ARG,295,O,7563,0.2520915969467684
ARG,70,NH2,HM1,464,O1A,7546,0.25152494916836104
LEU,15,N,LEU,12,O,7497,0.2498916702776574
ILE,237,N,VAL,155,O,7478,0.2492583580547315
ARG,112,NH1,GLU,120,OE1,7468,0.24892503583213893
SER,253,OG,GLU,247,OE2,7457,0.2485583813872871
THR,344,OG1,ALA,66,O,7427,0.24755841471950935
ARG,21,NH2,ASP,19,OD2,7368,0.24559181360621313
LYS,158,N,CYS,152,O,7367,0.24555848138395386
HID,341,ND1,PHE,67,O,7350,0.2449918336055465
GLN,302,N,ARG,298,O,7307,0.24355854804839838
ASN,428,N,THR,424,O,7268,0.24225859138028732
PHE,192,N,PHE,189,O,7265,0.24215859471350956
MET,104,N,SER,100,O,7217,0.24055864804506516
THR,227,N,LYS,223,O,7171,0.23902536582113929
SER,253,OG,GLU,247,OE1,7162,0.23872537582080597
ILE,304,N,ILE,300,O,7136,0.23785873804206525
LEU,287,N,PHE,283,O,7107,0.23689210359654678
ALA,66,N,LYS,63,O,7103,0.23675877470750975
GLY,35,N,ARG,31,O,7012,0.23372554248191726
CYS,124,N,GLU,120,O,6988,0.23292556914769508
LEU,42,N,ARG,45,O,6945,0.231492283590547
THR,272,N,PHE,268,O,6879,0.22929235692143596
ARG,112,NE,GLU,116,OE2,6863,0.22875904136528782
MET,104,N,VAL,101,O,6817,0.22722575914136195
ARG,112,NE,GLU,116,OE1,6746,0.22485917136095462
ARG,298,NH1,GLU,294,OE1,6711,0.2236925435818806
SER,153,OG,ASN,149,O,6578,0.2192593580213993
GLY,186,N,SER,183,O,6573,0.219092696910103
ASN,89,ND2,ARG,70,O,6521,0.21735942135262157
GLN,163,N,HIE,161,ND1,6426,0.21419286023799206
SER,266,OG,LEU,262,O,6383,0.21275957468084397
ASN,389,ND2,ASP,387,OD1,6375,0.21249291690276992
ASN,389,ND2,ASP,387,OD2,6305,0.21015966134462186
GLN,144,NE2,LEU,171,O,6299,0.2099596680110663
VAL,61,N,ARG,57,O,6247,0.20822639245358487
HIE,252,N,ASN,250,OD1,6247,0.20822639245358487
THR,272,OG1,PHE,268,O,6192,0.20639312022932568
SER,193,N,GLU,190,O,6181,0.20602646578447384
PHE,156,N,CYS,152,O,6127,0.2042265257824739
ASN,263,ND2,SER,100,OG,6046,0.201526615779474
ASN,250,ND2,GLU,247,OE2,5991,0.19969334355521481
ARG,350,NE,GLU,58,OE1,5978,0.19926002466584447
ASN,389,N,ASP,387,OD2,5958,0.1985933802206593
ARG,70,NE,PRO,340,O,5931,0.19769341021965933
ARG,130,NE,GLU,127,OE1,5894,0.1964601179960668
ARG,298,NH2,GLU,301,OE2,5803,0.19342688577047432
ARG,204,N,GLY,201,O,5766,0.19219359354688176
ASN,389,N,ASP,387,OD1,5760,0.19199360021332623
ARG,350,NH2,GLU,58,OE1,5721,0.19069364354521515
LYS,33,N,PHE,30,O,5669,0.18896036798773375
TYR,83,OH,GLU,254,OE1,5636,0.18786040465317821
THR,227,N,HIP,224,O,5613,0.1870937635412153
SER,249,N,LYS,246,O,5610,0.18699376687443753
THR,274,N,ALA,270,O,5542,0.18472717576080797
GLU,411,N,CM1,408,O,5524,0.18412719576014133
ARG,298,NH2,GLU,301,OE1,5502,0.18339388687043764
GLU,417,N,GLU,417,OE2,5482,0.18272724242525248
LYS,63,NZ,GLU,58,OE2,5477,0.1825605813139562
ARG,350,NE,GLU,58,OE2,5449,0.18162727909069698
ARG,463,NH1,LEU,426,O,5448,0.18159394686843772
PHE,199,N,PHE,195,O,5441,0.1813606213126229
ARG,130,NE,GLU,127,OE2,5392,0.17972734242191926
ILE,440,N,PRO,437,O,5365,0.1788273724209193
LYS,63,NZ,SER,348,O,5350,0.17832738908703044
ASN,250,ND2,GLU,247,OE1,5296,0.17652744908503049
ALA,316,N,HIE,313,O,5250,0.17499416686110464
LEU,23,N,GLN,187,OE1,5240,0.17466084463851206
LYS,72,NZ,ASP,77,OD2,5142,0.17139428685710476
MET,18,N,LEU,15,O,5088,0.16959434685510483
GLU,273,N,PHE,269,O,5074,0.16912769574347522
MET,337,N,VAL,449,O,5025,0.16749441685277158
GLN,165,NE2,GLN,163,O,4987,0.16622779240691976
THR,147,OG1,THR,272,O,4929,0.1642945235158828
ALA,391,N,ASN,389,OD1,4906,0.16352788240391988
ARG,315,N,LEU,312,O,4834,0.1611279624012533
ILE,151,N,THR,147,O,4831,0.16102796573447553
LEU,334,N,SER,332,O,4817,0.1605613146228459
GLN,163,NE2,GLU,128,OE2,4800,0.15999466684443853
LYS,248,N,MET,244,O,4795,0.15982800573314224
LYS,248,N,GLU,245,O,4792,0.15972800906636445
SER,113,N,GLU,116,OE2,4776,0.15919469351021634
SER,249,OG,LYS,246,O,4742,0.15806139795340154
ARG,57,NE,GLU,54,OE1,4731,0.15769474350854973
ARG,29,NH1,ASP,19,OD1,4724,0.1574614179527349
ARG,117,NH1,SER,113,O,4649,0.15496150128329056
ARG,350,NH2,GLU,58,OE2,4632,0.15439485350488316
ALA,232,N,ASP,229,O,4625,0.15416152794906837
ARG,117,N,SER,113,O,4569,0.15229492350254992
ARG,57,NH2,GLU,396,OE2,4565,0.1521615946135129
ARG,463,NE,LEU,426,O,4551,0.15169494350188328
ASN,381,ND2,ASP,383,OD2,4544,0.15146161794606847
GLY,271,N,LEU,267,O,4526,0.15086163794540183
ARG,45,NH2,GLU,359,OE2,4511,0.15036165461151296
SER,253,N,ASN,250,O,4499,0.14996166794440186
GLN,258,N,SER,256,OG,4496,0.1498616712776241
LYS,169,NZ,GLU,166,OE2,4440,0.14799506683110564
LYS,234,NZ,ALA,232,O,4430,0.14766174460851306
THR,358,N,PRO,355,O,4418,0.14726175794140195
ARG,45,NH2,GLU,359,OE1,4414,0.14712842905236492
ARG,298,NE,GLU,301,OE1,4381,0.14602846571780942
ARG,330,NH1,PRO,377,O,4324,0.1441285290490317
GLN,187,NE2,CYS,447,O,4320,0.14399520015999467
ASN,209,ND2,GLN,176,OE1,4274,0.1424619179360688
GLY,13,N,LEU,9,O,4251,0.14169527682410588
PHE,185,N,SER,183,OG,4127,0.13756208126395786
ARG,57,NH1,GLU,396,OE1,4113,0.13709543015232825
LYS,169,NZ,GLU,166,OE1,4096,0.13652878237392088
SER,113,OG,GLU,115,OE2,4066,0.13552881570614314
ARG,298,NE,GLU,301,OE2,4045,0.13482883903869872
SER,113,N,GLU,116,OE1,4033,0.1344288523715876
GLN,205,NE2,ASN,209,OD1,4012,0.13372887570414319
ARG,112,NH2,GLU,116,OE1,3998,0.13326222459251358
GLN,329,NE2,THR,278,OG1,3991,0.1330288990366988
LYS,72,NZ,ASP,77,OD1,3975,0.13249558348055065
ASN,381,ND2,ASP,383,OD1,3946,0.13152894903503218
TYR,373,OH,GLU,396,OE2,3930,0.13099563347888404
ALA,367,N,LEU,364,O,3908,0.13026232458918036
ARG,31,NH2,ASP,36,OD2,3865,0.12882903903203227
LYS,451,NZ,ASP,333,OD1,3858,0.12859571347621745
ARG,57,NH2,GLU,396,OE1,3839,0.12796240125329156
LYS,133,N,ARG,130,O,3827,0.12756241458618045
ARG,57,NH2,ASP,62,OD1,3800,0.1266624445851805
LYS,33,N,ARG,29,O,3790,0.12632912236258792
ARG,57,NH1,ASP,62,OD2,3790,0.12632912236258792
GLN,187,NE2,SER,183,O,3733,0.1244291856938102
ARG,295,NH2,GLU,294,OE2,3730,0.12432918902703244
LYS,63,NZ,GLU,58,OE1,3725,0.12416252791573615
ARG,308,NH2,ASP,314,OD2,3703,0.12342921902603246
LYS,131,NZ,GLU,128,OE2,3686,0.12286257124762508
TYR,373,OH,GLU,54,OE1,3674,0.12246258458051398
SER,68,N,GLU,65,O,3597,0.11989600346655112
ARG,112,NH2,GLU,116,OE2,3593,0.11976267457751408
GLU,446,N,ILE,452,O,3566,0.11886270457651411
SER,113,OG,GLU,116,OE2,3536,0.11786273790873637
LYS,63,NZ,ASP,62,OD2,3535,0.11782940568647712
SER,113,OG,GLU,115,OE1,3505,0.11682943901869938
PHE,167,N,ASP,164,OD1,3503,0.11676277457418086
LYS,131,NZ,GLU,128,OE1,3501,0.11669611012966234
ARG,298,NH2,GLU,294,OE1,3500,0.11666277790740309
GLN,163,NE2,GLU,128,OE1,3499,0.11662944568514383
ARG,463,NH2,GLU,294,OE1,3492,0.11639612012932903
ARG,298,NH1,GLU,301,OE1,3485,0.11616279457351422
ARG,463,NH1,GLU,294,OE2,3479,0.11596280123995867
ILE,440,N,ALA,436,O,3456,0.11519616012799573
ARG,350,NH1,ASP,36,OD2,3453,0.11509616346121795
ARG,45,N,LEU,42,O,3426,0.11419619346021799
TYR,373,OH,GLU,54,OE2,3423,0.11409619679344021
LYS,246,N,HID,243,O,3422,0.11406286457118096
ASN,209,ND2,GLN,205,O,3404,0.11346288457051432
GLU,166,N,ASP,164,OD1,3388,0.11292956901436618
ARG,298,NH1,GLU,301,OE2,3387,0.11289623679210693
LYS,111,NZ,PRO,233,O,3375,0.11249625012499584
GLN,176,NE2,ASN,172,OD1,3375,0.11249625012499584
ASN,214,ND2,GLN,211,OE1,3355,0.11182960567981068
LYS,169,NZ,GLU,212,OE1,3301,0.11002966567781074
PHE,167,N,ASP,164,OD2,3296,0.10986300456651445
GLY,271,N,PHE,268,O,3290,0.1096630112329589
ARG,57,NH1,GLU,396,OE2,3262,0.10872970900969968
SER,276,OG,THR,272,O,3232,0.10772974234192194
GLY,69,N,ILE,342,O,3205,0.10682977234092197
THR,147,N,PHE,143,O,3181,0.10602979900669977
SER,193,OG,GLU,190,OE2,3168,0.10559648011732942
LYS,234,NZ,ASP,238,OD2,3156,0.10519649345021832
ASN,261,ND2,ASN,214,OD1,3146,0.10486317122762574
SER,113,OG,GLU,116,OE1,3141,0.10469651011632945
ARG,57,NH1,ASP,62,OD1,3137,0.10456318122729243
TYR,373,OH,GLU,396,OE1,3123,0.1040965301156628
LEU,228,N,ARG,225,O,3114,0.10379654011532949
THR,274,OG1,ALA,270,O,3084,0.10279657344755175
ALA,64,N,VAL,61,O,3052,0.1017299423352555
GLU,166,N,ASP,164,OD2,3027,0.10089663677877404
LEU,386,N,PRO,382,O,3021,0.10069664344521849
LYS,63,NZ,ASP,62,OD1,2997,0.0998966701109963
ILE,150,N,ILE,146,O,2982,0.09939668677710743
ARG,57,NH1,GLU,54,OE1,2959,0.0986300456651445
LYS,169,NZ,GLU,212,OE2,2958,0.09859671344288523
TYR,297,OH,GLU,301,OE2,2946,0.09819672677577414
LYS,451,NZ,ASP,333,OD2,2934,0.09779674010866304
ARG,117,NE,SER,153,OG,2931,0.09769674344188527
ARG,57,NH2,ASP,62,OD2,2918,0.09726342455251491
THR,344,OG1,GLN,345,OE1,2910,0.09699676677444086
ALA,88,N,VAL,85,O,2891,0.09636345455151495
ARG,81,NH1,PRO,78,O,2867,0.09556348121729276
ARG,117,NH2,ARG,112,O,2847,0.0948968367721076
GLN,187,NE2,SER,182,O,2801,0.09336355454818172
ARG,463,NH1,GLU,294,OE1,2778,0.09259691343621879
ASN,428,N,ILE,425,O,2773,0.0924302523249225
PHE,107,N,ARG,105,O,2767,0.09223025899136696
PHE,189,N,GLY,186,O,2735,0.0911636278790707
ARG,29,NH1,ASP,19,OD2,2720,0.09066364454518183
HIE,161,N,ASP,164,OD2,2720,0.09066364454518183
HID,369,N,THR,366,O,2719,0.09063031232292257
ARG,308,NH1,ASP,314,OD1,2709,0.09029699010032999
LEU,24,N,GLN,187,OE1,2695,0.08983033898870038
ARG,57,NH1,GLU,54,OE2,2676,0.08919702676577447
THR,455,OG1,GLN,445,OE1,2662,0.08873037565414486
GLN,187,N,VAL,184,O,2625,0.08749708343055232
GLU,190,N,GLY,186,O,2624,0.08746375120829306
ARG,298,NE,GLU,294,OE1,2615,0.08716376120795974
ARG,70,NH1,HM1,464,O2A,2613,0.08709709676344121
TYR,297,OH,GLU,301,OE1,2612,0.08706376454118196
THR,344,OG1,SER,68,OG,2609,0.08696376787440419
SER,100,N,ARG,97,O,2579,0.08596380120662644
GLU,247,N,MET,244,O,2533,0.08443051898270057
ARG,463,NH2,GLU,294,OE2,2533,0.08443051898270057
ALA,74,N,GLU,190,OE2,2530,0.0843305223159228
ASN,261,ND2,HIE,257,O,2520,0.08399720009333023
ARG,70,NH2,PRO,340,O,2517,0.08389720342655245
ARG,463,NE,ARG,463,OXT,2509,0.08363054564847838
ARG,92,NH1,GLY,82,O,2486,0.08286390453651545
ASN,89,ND2,SER,68,O,2446,0.08153061564614512
GLN,302,NE2,ARG,298,O,2422,0.08073064231192294
SER,132,OG,LEU,129,O,2416,0.08053064897836738
LYS,223,NZ,GLU,226,OE2,2403,0.08009733008899704
GLN,445,NE2,PRO,453,O,2387,0.0795640145328489
TYR,175,OH,GLN,445,OE1,2309,0.07696410119662678
SER,193,OG,GLU,190,OE1,2291,0.07636412119596013
ARG,130,NH1,GLU,127,OE1,2279,0.07596413452884904
LYS,223,NZ,GLU,226,OE1,2279,0.07596413452884904
ARG,70,NH2,HM1,464,O2D,2259,0.07529749008366388
LYS,111,NZ,THR,239,OG1,2256,0.0751974934168861
GLN,123,NE2,GLN,119,O,2239,0.07463084563847872
SER,430,OG,PRO,462,O,2238,0.07459751341621947
ARG,350,NH2,ASP,36,OD1,2233,0.07443085230492318
LYS,405,NZ,GLU,65,OE1,2224,0.07413086230458985
ARG,159,NH2,GLU,121,OE2,2191,0.07303089897003433
ILE,154,N,ILE,151,O,2150,0.07166427785740476
TYR,207,OH,MET,75,O,2140,0.07133095563481218
MET,75,N,GLU,190,OE1,2121,0.07069764341188627
SER,132,N,LEU,129,O,2103,0.07009766341121963
LYS,405,NZ,GLU,65,OE2,2097,0.06989767007766408
ARG,117,NE,SER,113,O,2057,0.06856438118729376
ARG,45,NE,GLU,190,OE1,2052,0.06839772007599747
SER,68,N,ALA,66,O,2042,0.06806439785340489
PHE,460,N,GLY,134,O,2040,0.06799773340888637
SER,193,N,PHE,189,O,2034,0.06779774007533082
ARG,204,NH2,LYS,197,O,2011,0.06703109896336788
ARG,70,NH2,HID,341,NE2,2000,0.06666444451851605
LYS,234,NZ,ASP,229,OD1,1976,0.06586447118429385
ARG,81,NE,PRO,78,O,1934,0.06446451784940502
ASN,259,N,SER,256,O,1922,0.06406453118229392
ALA,391,N,ASP,387,O,1918,0.0639312022932569
LYS,234,NZ,ASP,229,OD2,1915,0.06383120562647912
GLN,258,NE2,ASN,214,OD1,1912,0.06373120895970134
ARG,406,NH1,VAL,85,O,1911,0.06369787673744208
ARG,463,NH2,PHE,429,O,1906,0.06353121562614579
SER,433,OG,VAL,435,O,1881,0.06269791006966434
ASN,172,ND2,LEU,168,O,1877,0.06256458118062731
GLU,190,N,GLN,187,O,1862,0.06206459784673844
ARG,29,NH2,GLN,17,O,1860,0.06199793340221993
THR,147,N,GLN,144,O,1847,0.06156461451284957
GLN,445,NE2,THR,455,OG1,1829,0.060964634512182925
GLU,116,N,SER,113,O,1825,0.0608313056231459
THR,103,N,PHE,99,O,1805,0.06016466117796074
GLU,226,N,LYS,223,O,1794,0.059798006733108894
HIE,203,NE2,PHE,199,O,1791,0.059698010066331124
ARG,81,NE,PHE,79,O,1782,0.0593980200659978
GLU,311,N,ASP,314,OD1,1776,0.059198026732442253
HIE,252,NE2,GLU,254,OE1,1771,0.05903136562114596
ARG,31,NE,ASP,36,OD2,1769,0.05896470117662744
TYR,240,OH,SER,256,O,1751,0.0583647211759608
ARG,280,NE,SER,276,OG,1717,0.05723142561914603
ARG,29,NH1,GLN,17,O,1705,0.056831438952034935
ARG,45,NH2,GLU,190,O,1702,0.05673144228525716
ARG,117,NH2,SER,153,O,1699,0.05663144561847938
ARG,130,NH1,GLU,127,OE2,1684,0.05613146228459051
ASN,214,ND2,ASN,261,OD1,1677,0.05589813672877571
THR,102,OG1,PHE,99,O,1667,0.05556481450618313
ARG,295,NH1,ARG,295,O,1661,0.05536482117262758
ARG,463,NE,ARG,463,O,1645,0.05483150561647945
ARG,159,NH2,GLU,121,OE1,1643,0.05476484117196093
SER,26,OG,GLN,187,OE1,1636,0.05453151561614613
LYS,131,NZ,GLU,127,O,1626,0.05419819339355355
ARG,225,NH2,GLU,226,OE2,1611,0.05369821005966468
GLN,187,NE2,VAL,184,O,1607,0.053564881170627646
ARG,45,NH1,LYS,72,O,1604,0.05346488450384987
ILE,150,N,THR,147,O,1599,0.05329822339255358
ARG,45,NE,LEU,42,O,1596,0.05319822672577581
ARG,29,NE,ASP,19,OD1,1594,0.05313156228125729
LYS,356,NZ,THR,344,O,1564,0.05213159561347955
LEU,188,N,GLN,187,OE1,1555,0.05183160561314623
LEU,364,N,LEU,362,O,1546,0.05153161561281291
ARG,330,NH1,HID,369,NE2,1524,0.05079830672310923
HIE,161,N,ASP,164,OD1,1513,0.05043165227825739
ARG,225,NH2,GLU,226,OE1,1510,0.05033165561147962
ARG,295,NE,GLU,294,OE1,1499,0.049965001166627776
GLU,115,N,GLU,115,OE2,1497,0.04989833672210926
GLU,115,N,GLU,115,OE1,1466,0.048865037832072265
GLY,110,N,PHE,107,O,1457,0.04856504783173894
ARG,463,NH2,LEU,426,O,1456,0.048531715609479685
HIE,346,N,GLN,345,OE1,1442,0.04806506449785007
ARG,57,NE,GLU,396,OE1,1437,0.04789840338655378
ASN,250,ND2,GLU,247,O,1436,0.047865071164294525
LYS,317,NZ,HIE,313,O,1429,0.047631745608479714
LYS,133,N,LEU,129,O,1423,0.04743175227492417
GLN,205,NE2,GLN,176,OE1,1412,0.04706509783007233
GLU,115,N,SER,113,OG,1373,0.045765141161961266
ASN,263,ND2,TYR,83,OH,1360,0.045331822272590916
ARG,298,NH1,GLU,294,OE2,1351,0.04503183227225759
GLY,43,N,HIE,41,O,1349,0.04496516782773907
ALA,270,N,LEU,267,O,1332,0.04439852004933169
GLY,134,N,LEU,129,O,1325,0.044165194493516885
GLU,396,N,GLU,396,OE1,1321,0.04403186560447985
ARG,57,NE,GLU,396,OE2,1305,0.043498550048331724
LYS,72,NZ,GLU,359,OE1,1296,0.0431985600479984
LEU,188,N,PHE,185,O,1286,0.04286523782540582
LYS,131,N,GLU,128,O,1277,0.0425652478250725
ASN,263,ND2,ASN,259,O,1270,0.042331922269257694
LYS,72,NZ,GLU,359,OE2,1265,0.0421652611579614
LEU,15,N,GLY,13,O,1262,0.04206526449118363
GLY,157,N,CYS,152,O,1256,0.04186527115762808
LYS,111,NZ,THR,103,OG1,1249,0.041631945601813276
LEU,418,N,ARG,415,O,1239,0.041298623379220696
ARG,29,NH2,ASP,19,OD1,1224,0.040798640045331826
ASP,235,N,ASP,238,OD1,1210,0.04033198893370221
LYS,376,NZ,GLU,375,OE2,1197,0.039898670044331855
HIE,203,NE2,LEU,196,O,1186,0.03953201559948002
ARG,225,NH1,GLU,222,OE2,1183,0.03943201893270224
GLU,396,N,GLU,396,OE2,1179,0.039298690043665215
LYS,376,NZ,GLU,375,OE1,1178,0.03926535782140595
LYS,234,NZ,ASP,238,OD1,1174,0.039132028932368924
SER,253,OG,GLU,247,O,1172,0.039065364487850404
LYS,376,NZ,ASP,378,OD2,1152,0.038398720042665244
ARG,298,NH2,GLU,294,OE2,1147,0.038232058931368954
SER,365,OG,PRO,336,O,1145,0.03816539448685044
LEU,335,N,ASP,333,O,1141,0.03803206559781341
GLN,163,NE2,TYR,162,O,1139,0.03796540115329489
GLN,187,NE2,ARG,20,O,1137,0.03789873670877637
ARG,225,NH1,GLU,222,OE1,1131,0.037698743375220826
LYS,317,NZ,ASP,314,OD1,1120,0.03733208893036899
LEU,23,N,GLY,448,O,1103,0.0367654411519616
LYS,451,N,LEU,334,O,1096,0.036532115596146796
ARG,117,NE,ARG,112,O,1094,0.03646545115162828
LYS,234,NZ,SER,231,OG,1093,0.03643211892936902
ARG,29,NH2,GLU,32,OE1,1088,0.03626545781807273
LYS,376,NZ,ASP,378,OD1,1087,0.03623212559581347
ARG,225,N,GLU,222,O,1083,0.03609879670677644
LYS,158,NZ,ARG,159,O,1059,0.03529882337255425
HID,369,N,SER,365,O,1042,0.03473217559414686
GLN,345,NE2,GLU,65,O,1038,0.03459884670510983
LEU,142,N,PRO,139,O,1027,0.03423219226025799
ARG,117,N,VAL,114,O,1018,0.03393220225992467
ARG,45,NE,GLU,190,OE2,1012,0.03373220892636912
TYR,456,N,PRO,454,O,1009,0.03363221225959135
ARG,29,NE,GLU,32,OE2,1002,0.03339888670377654
ARG,159,NH1,GLU,120,OE1,999,0.03329889003699877
LYS,131,NZ,GLU,127,OE2,981,0.03269891003633212
LYS,393,NZ,ASP,383,O,972,0.0323989200359988
HIE,252,NE2,GLU,254,OE2,958,0.031932268924369185
ARG,159,NH1,GLU,120,OE2,957,0.03189893670210993
PHE,167,N,ASP,164,O,952,0.03173227559081364
LEU,267,N,THR,264,O,923,0.030765641145295158
ARG,29,NH2,GLU,32,OE2,914,0.030465651144961834
GLU,299,N,VAL,296,O,912,0.030398986700443317
GLN,302,N,GLU,299,O,908,0.030265657811406287
LEU,180,N,THR,177,O,907,0.030232325589147027
GLN,345,NE2,THR,344,OG1,903,0.030098996700109997
ARG,31,NH2,ASP,370,OD1,888,0.029599013366221127
ARG,280,NH1,GLU,273,OE2,884,0.029465684477184093
GLN,165,N,GLN,165,OE1,872,0.029065697810072996
LYS,131,NZ,GLU,127,OE1,868,0.028932368921035966
THR,103,OG1,SER,100,O,866,0.02886570447651745
ARG,29,NE,GLU,32,OE1,856,0.02853238225392487
THR,39,OG1,VAL,47,O,847,0.028232392253591546
ARG,295,NH1,GLU,299,OE2,846,0.02819906003133229
ARG,97,NH2,ILE,407,O,840,0.027999066697776742
HIE,219,N,TYR,216,O,838,0.027932402253258225
LEU,312,N,GLU,311,OE2,831,0.02769907669744342
GLN,123,N,GLU,120,O,830,0.027665744475184162
LYS,208,NZ,GLU,212,OE1,830,0.027665744475184162
ARG,298,NE,GLU,294,OE2,827,0.027565747808406385
THR,227,OG1,HIP,224,O,826,0.02753241558614713
GLU,212,N,ASN,209,O,820,0.02733242225259158
ARG,225,NH1,HIE,257,ND1,818,0.027265757808073065
ARG,315,N,GLU,311,O,818,0.027265757808073065
THR,39,OG1,PHE,38,O,815,0.02716576114129529
GLY,108,N,THR,102,O,807,0.026899103363221225
PHE,421,N,LEU,418,O,803,0.026765774474184195
ALA,74,N,GLU,190,OE1,796,0.026532448918369388
SER,430,OG,GLU,294,OE1,784,0.02613246225125829
ARG,70,NE,ILE,86,O,783,0.026099130028999034
ARG,29,NH2,ASP,19,OD2,780,0.02599913336222126
GLU,245,N,LEU,242,O,769,0.02563247891736942
GLY,90,N,ASN,89,OD1,765,0.02549915002833239
ARG,280,NH1,GLU,273,OE1,759,0.02529915669477684
ARG,81,NH1,ASP,77,OD2,753,0.025099163361221293
ARG,31,NH1,ASP,370,OD1,752,0.025065831138962033
ARG,1,NE,LEU,2,O,723,0.024099196693443552
LYS,208,NZ,GLU,212,OE2,721,0.024032532248925036
ASN,214,ND2,GLN,211,O,720,0.02399920002666578
LYS,451,NZ,ASP,333,O,715,0.02383253891536949
GLN,119,NE2,GLU,311,OE2,712,0.023732542248591712
ARG,70,NH1,PRO,340,O,702,0.023399220025999132
LEU,312,N,GLU,311,OE1,690,0.022999233358888038
GLN,119,NE2,GLU,311,OE1,685,0.022832572247591748
GLU,438,N,GLU,438,OE1,680,0.022665911136295458
THR,147,OG1,THR,275,OG1,679,0.022632578914036198
HID,341,ND1,VAL,339,O,678,0.02259924669177694
ARG,1,N,ILE,353,O,677,0.02256591446951768
ARG,31,NH2,ASP,370,OD2,671,0.022365921135962134
ARG,406,NH1,ALA,88,O,666,0.022199260024665844
CYS,124,N,GLU,121,O,665,0.022165927802406588
ALA,388,N,ASP,387,OD1,662,0.02206593113562881
SER,68,OG,THR,344,OG1,659,0.021965934468851037
GLU,438,N,GLU,438,OE2,659,0.021965934468851037
GLN,445,NE2,TYR,175,OH,646,0.021532615579480684
ARG,280,NH2,GLN,445,OE1,642,0.02139928669044365
ARG,117,NE,GLU,120,OE2,626,0.020865971134295523
SER,132,OG,GLU,128,OE2,624,0.020799306689777006
TYR,216,OH,GLU,166,OE1,624,0.020799306689777006
GLU,417,N,GLU,417,OE1,624,0.020799306689777006
SER,132,OG,GLU,128,OE1,623,0.02076597446751775
TYR,216,OH,GLU,166,OE2,615,0.020499316689443686
LYS,111,NZ,MET,109,O,614,0.020465984467184426
ARG,130,NH2,ASN,428,OD1,606,0.020199326689110363
ARG,81,NH2,PHE,79,O,604,0.020132662244591846
ALA,388,N,ASP,387,OD2,603,0.02009933002233259
PHE,67,N,ALA,64,O,602,0.020065997800073333
ARG,57,NH2,TYR,373,OH,589,0.019632678910702975
GLY,84,N,GLY,82,O,587,0.019566014466184462
ARG,70,NE,GLY,71,O,582,0.019399353354888172
GLN,302,NE2,GLU,301,OE1,578,0.01926602446585114
SER,68,OG,ALA,64,O,575,0.019166027799073365
LYS,94,NZ,ASN,91,OD1,571,0.01903269891003633
ARG,350,NH1,ASP,36,OD1,570,0.018999366687777075
GLU,411,N,LEU,409,O,569,0.018966034465517815
THR,455,N,GLN,445,OE1,560,0.018666044465184495
ARG,29,NE,ASP,19,OD2,556,0.01853271557614746
ASN,209,ND2,LEU,173,O,556,0.01853271557614746
GLN,119,NE2,GLU,115,OE2,552,0.01839938668711043
LEU,260,N,HIE,257,O,552,0.01839938668711043
LEU,287,N,LEU,284,O,550,0.018332722242591915
GLN,211,NE2,TYR,207,OH,548,0.018266057798073398
ARG,117,NE,GLU,120,OE1,545,0.018166061131295624
LYS,208,NZ,GLN,205,OE1,541,0.01803273224225859
LYS,208,NZ,GLN,211,OE1,534,0.017799406686443784
ASP,235,N,ASP,238,OD2,533,0.017766074464184527
GLY,404,N,SER,402,OG,533,0.017766074464184527
TRP,93,N,GLY,90,O,526,0.01753274890836972
ALA,379,N,PRO,377,O,525,0.017499416686110464
MET,170,N,PHE,167,O,524,0.017466084463851204
GLN,165,NE2,GLU,166,OE1,519,0.017299423352554914
GLN,163,N,HIE,161,O,516,0.01719942668577714
THR,344,OG1,GLU,65,O,515,0.017166094463517884
ARG,406,N,GLY,404,O,512,0.01706609779674011
LYS,72,NZ,GLU,190,OE2,508,0.016932768907703077
VAL,339,N,HM1,464,O2A,500,0.016666111129629013
GLN,302,NE2,GLU,301,OE2,497,0.01656611446285124
GLN,176,NE2,ASN,209,OD1,496,0.01653278224059198
GLN,165,NE2,GLU,166,OE2,495,0.016499450018332723
LYS,111,N,MET,109,O,493,0.016432785573814206
GLU,273,N,ALA,270,O,493,0.016432785573814206
LYS,393,NZ,ASP,387,OD1,491,0.01636612112929569
HID,243,N,TYR,240,O,485,0.016166127795740143
ALA,316,N,LEU,312,O,482,0.01606613112896237
TYR,216,OH,GLU,166,O,480,0.015999466684443853
LEU,228,N,HIP,224,O,480,0.015999466684443853
GLN,345,NE2,THR,347,OG1,479,0.015966134462184593
PHE,80,N,ASP,77,O,478,0.015932802239925336
GLU,32,N,ARG,29,O,475,0.015832805573147563
LYS,393,NZ,ASP,387,OD2,473,0.015766141128629046
GLN,176,NE2,ASN,172,O,469,0.015632812239592012
HIE,203,NE2,LYS,197,O,469,0.015632812239592012
ARG,81,NH1,ASP,77,OD1,468,0.015599480017332756
GLN,258,N,GLN,258,OE1,467,0.015566147795073497
ASN,250,ND2,HIE,252,O,466,0.015532815572814239
LYS,197,N,GLY,194,O,461,0.015366154461517949
ARG,117,NH1,ARG,112,O,458,0.015266157794740175
GLN,119,NE2,GLU,115,OE1,457,0.015232825572480917
SER,402,OG,HM1,464,O1A,448,0.014932835572147595
TYR,240,OH,ASN,263,OD1,447,0.014899503349888337
LYS,72,NZ,GLU,190,OE1,444,0.014799506683110563
SER,220,OG,TYR,216,O,438,0.014599513349555015
ASN,261,ND2,GLN,258,OE1,436,0.014532848905036498
LYS,317,NZ,ASP,314,OD2,432,0.014399520015999466
THR,358,N,VAL,343,O,432,0.014399520015999466
ALA,391,N,ASP,387,OD2,427,0.014232858904703176
ALA,367,N,ILE,363,O,424,0.014132862237925403
ASN,214,ND2,ASN,214,O,420,0.013999533348888371
ARG,415,NH1,ARG,415,O,417,0.013899536682110596
SER,430,OG,GLU,294,OE2,417,0.013899536682110596
SER,348,OG,TYR,352,O,413,0.013766207793073564
ARG,350,NH1,GLU,58,OE1,412,0.013732875570814306
ARG,81,NH2,ASN,259,OD1,410,0.01366621112629579
GLY,134,N,SER,132,OG,410,0.01366621112629579
LYS,111,NZ,LYS,234,O,409,0.013632878904036532
ARG,117,NH2,GLU,120,OE2,409,0.013632878904036532
LYS,246,NZ,HID,243,NE2,409,0.013632878904036532
VAL,303,N,ILE,300,O,409,0.013632878904036532
SER,220,N,ILE,217,O,404,0.013466217792740242
ARG,7,NH1,PRO,8,O,403,0.013432885570480984
LEU,12,N,LEU,9,O,402,0.013399553348221726
SER,193,OG,PHE,189,O,402,0.013399553348221726
ALA,55,N,GLY,52,O,397,0.013232892236925435
LYS,63,NZ,GLU,58,O,397,0.013232892236925435
SER,253,N,HIE,252,ND1,397,0.013232892236925435
SER,276,OG,GLN,144,N,397,0.013232892236925435
GLN,211,NE2,ASN,214,OD1,396,0.013199560014666177
ALA,391,N,ASP,387,OD1,396,0.013199560014666177
SER,183,N,SER,179,O,386,0.012866237792073597
ALA,64,N,ASP,62,O,382,0.012732908903036565
LYS,111,NZ,THR,102,O,382,0.012732908903036565
LYS,451,NZ,PHE,331,O,381,0.012699576680777307
ARG,204,NH2,TYR,198,O,378,0.012599580013999533
THR,272,N,PHE,269,O,371,0.012366254458184726
THR,264,OG1,ASN,261,O,370,0.01233292223592547
ARG,81,NH2,ASP,77,OD2,367,0.012232925569147695
LYS,376,N,GLU,375,OE2,367,0.012232925569147695
GLY,108,N,LYS,111,O,364,0.012132928902369921
VAL,85,N,SER,266,OG,361,0.012032932235592146
THR,102,N,PHE,99,O,361,0.012032932235592146
LYS,234,NZ,THR,227,O,360,0.01199960001333289
ARG,308,N,GLY,305,O,359,0.011966267791073631
ALA,232,N,ASP,229,OD2,355,0.0118329389020366
ARG,117,NE,SER,153,O,354,0.011799606679777341
LYS,133,NZ,ARG,130,O,352,0.011732942235258824
ASN,263,ND2,TYR,83,O,351,0.011699610012999566
ALA,436,N,ASP,439,OD1,349,0.01163294556848105
ARG,117,NH2,GLU,120,OE1,346,0.011532948901703276
LYS,25,NZ,ASP,19,OD2,342,0.011399620012666244
LEU,196,N,SER,193,O,341,0.011366287790406986
ARG,81,NH2,ASP,77,OD1,340,0.011332955568147729
SER,332,OG,GLN,329,O,338,0.011266291123629212
ARG,92,NH1,GLU,254,OE2,334,0.01113296223459218
SER,153,OG,ILE,150,O,331,0.011032965567814405
ARG,1,NH1,LEU,2,O,328,0.010932968901036632
ARG,112,NH1,GLU,116,OE2,327,0.010899636678777374
LYS,248,NZ,GLU,245,O,327,0.010899636678777374
ARG,112,NH1,GLU,116,OE1,324,0.0107996400119996
SER,430,OG,LEU,461,O,324,0.0107996400119996
ASP,229,N,THR,227,OG1,323,0.010766307789740342
LYS,246,NZ,LEU,242,O,322,0.010732975567481083
ASN,259,ND2,GLU,254,OE2,321,0.010699643345221825
GLN,445,N,PRO,453,O,318,0.010599646678444052
GLU,166,N,GLU,166,OE2,317,0.010566314456184793
ARG,29,NH1,GLU,32,OE2,314,0.01046631778940702
ARG,31,NH1,ASP,370,OD2,314,0.01046631778940702
SER,402,OG,HM1,464,O2A,314,0.01046631778940702
ARG,406,NH2,SER,68,O,314,0.01046631778940702
ARG,1,NH2,GLY,351,O,312,0.010399653344888503
VAL,61,N,GLU,58,O,309,0.01029965667811073
LYS,376,N,GLU,375,OE1,309,0.01029965667811073
ARG,117,NH1,GLU,116,OE2,307,0.010232992233592213
ARG,159,NH2,GLU,120,OE1,306,0.010199660011332956
LYS,246,NZ,GLU,247,OE1,306,0.010199660011332956
ARG,1,NH1,GLY,351,O,304,0.01013299556681444
ARG,57,NH1,TYR,373,OH,300,0.009999666677777408
ARG,159,NH2,GLU,120,OE2,300,0.009999666677777408
GLN,165,NE2,GLN,165,O,300,0.009999666677777408
HIE,161,NE2,GLU,128,OE1,298,0.009933002233258891
ARG,1,NE,GLY,351,O,297,0.009899670010999633
LYS,234,NZ,GLY,110,O,297,0.009899670010999633
ARG,204,N,HIE,203,ND1,293,0.009766341121962601
ARG,45,N,GLY,43,O,292,0.009733008899703343
ARG,406,N,LEU,403,O,292,0.009733008899703343
ARG,92,NH1,GLU,254,OE1,291,0.009699676677444086
ARG,20,NH1,ARG,20,O,289,0.00963301223292557
ALA,135,N,LYS,133,O,288,0.009599680010666311
ARG,280,NH1,PRO,454,O,288,0.009599680010666311
LYS,394,NZ,TYR,326,OH,288,0.009599680010666311
ARG,308,NH2,VAL,303,O,287,0.009566347788407053
ALA,436,N,ASP,439,OD2,287,0.009566347788407053
ARG,98,NH2,THR,102,OG1,286,0.009533015566147796
HIE,313,N,GLU,311,OE1,286,0.009533015566147796
ARG,98,NH2,HID,243,NE2,282,0.009399686677110762
ASN,91,ND2,GLU,254,OE1,279,0.009299690010332989
ASP,333,N,GLN,329,O,278,0.00926635778807373
HIE,257,NE2,GLU,222,OE2,276,0.009199693343555216
ASN,428,ND2,GLN,427,OE1,275,0.009166361121295957
TYR,216,N,ILE,213,O,273,0.00909969667677744
ASN,172,ND2,GLN,176,NE2,272,0.009066364454518182
GLY,450,N,GLY,448,O,272,0.009066364454518182
GLY,82,N,ASP,77,OD1,270,0.008999700009999667
GLN,211,NE2,GLN,211,O,270,0.008999700009999667
ASP,77,N,ALA,74,O,269,0.008966367787740409
ARG,330,N,GLU,327,O,266,0.008866371120962635
SER,253,OG,ASN,250,O,263,0.00876637445418486
ARG,350,NH2,GLU,54,OE1,263,0.00876637445418486
GLY,43,N,LEU,12,O,256,0.008533048898370055
LYS,63,NZ,THR,347,OG1,256,0.008533048898370055
ARG,70,NH2,VAL,339,O,251,0.008366387787073765
ARG,225,NH1,GLU,226,OE2,251,0.008366387787073765
GLU,65,N,GLU,65,OE1,250,0.008333055564814507
VAL,449,N,SER,182,O,250,0.008333055564814507
ARG,81,NH1,PHE,79,O,246,0.008199726675777475
TYR,373,N,ASP,370,OD1,246,0.008199726675777475
ARG,204,NE,PHE,199,O,244,0.008133062231258958
ALA,215,N,GLU,212,O,243,0.0080997300089997
ARG,81,NH1,TYR,207,OH,242,0.008066397786740441
LEU,362,N,MET,337,O,242,0.008066397786740441
ASN,250,ND2,HIE,252,ND1,241,0.008033065564481185
SER,253,OG,PHE,255,O,240,0.007999733342221926
LYS,246,NZ,GLU,247,OE2,239,0.007966401119962668
LYS,111,NZ,GLY,108,O,238,0.00793306889770341
LYS,393,NZ,LEU,386,O,238,0.00793306889770341
ARG,29,NH1,GLU,32,OE1,237,0.007899736675444151
GLU,166,N,GLU,166,OE1,236,0.007866404453184895
ASN,261,ND2,GLY,218,N,236,0.007866404453184895
ARG,81,NE,ASP,77,O,235,0.007833072230925636
GLN,123,NE2,GLN,119,OE1,234,0.007799740008666378
ARG,225,NH1,GLU,226,OE1,232,0.007733075564147862
TYR,373,N,ASP,370,OD2,232,0.007733075564147862
GLU,121,N,ILE,118,O,231,0.007699743341888604
PHE,421,N,GLU,417,O,230,0.007666411119629346
SER,26,OG,LEU,23,O,229,0.007633078897370088
LEU,228,N,GLU,226,O,229,0.007633078897370088
ARG,415,NH2,TYR,326,OH,228,0.007599746675110829
GLU,65,N,GLU,65,OE2,227,0.007566414452851572
ARG,295,NH1,HIE,291,O,227,0.007566414452851572
THR,147,OG1,GLY,271,O,226,0.0075330822305923134
HIE,313,N,GLU,311,OE2,225,0.007499750008333056
LYS,111,NZ,PHE,107,O,222,0.007399753341555282
ARG,204,NH1,PHE,199,O,221,0.007366421119296023
GLN,176,NE2,GLN,176,O,218,0.007266424452518249
GLU,375,N,GLU,375,OE2,218,0.007266424452518249
GLU,375,N,GLU,375,OE1,217,0.0072330922302589916
ASN,261,ND2,HIE,257,NE2,216,0.007199760007999733
LYS,111,N,PHE,107,O,214,0.007133095563481217
LYS,33,NZ,TYR,34,OH,213,0.007099763341221959
THR,147,OG1,GLN,144,O,212,0.007066431118962701
ASN,261,ND2,ASN,214,ND2,211,0.007033098896703443
ARG,463,NE,PHE,429,O,209,0.006966434452184927
GLN,187,N,GLN,187,OE1,207,0.006899770007666411
ARG,81,NH2,TYR,207,OH,205,0.006833105563147895
ASN,261,ND2,ASN,261,O,204,0.006799773340888637
ARG,298,NH1,GLN,302,OE1,204,0.006799773340888637
HIE,203,N,HIE,203,ND1,203,0.006766441118629379
LYS,197,NZ,SER,193,O,202,0.006733108896370121
ARG,350,NH2,GLU,54,O,201,0.006699776674110863
SER,276,OG,GLU,273,OE1,197,0.006566447785073831
LYS,169,NZ,ASN,172,OD1,196,0.006533115562814573
ARG,204,NH1,LYS,197,O,195,0.006499783340555315
THR,274,OG1,HM1,464,NB,195,0.006499783340555315
GLN,345,NE2,GLU,65,OE1,195,0.006499783340555315
ARG,350,N,GLU,58,OE1,194,0.006466451118296057
ARG,21,NH1,ASP,19,OD2,193,0.006433118896036798
PHE,268,N,LEU,265,O,193,0.006433118896036798
ARG,20,NH1,MET,18,O,192,0.006399786673777541
ILE,118,N,GLU,115,O,192,0.006399786673777541
SER,249,OG,ASN,250,OD1,190,0.006333122229259025
LYS,25,NZ,ASP,19,OD1,189,0.006299790006999767
ALA,59,N,ILE,56,O,187,0.006233125562481251
ARG,29,N,SER,26,O,186,0.006199793340221992
LYS,158,N,PHE,156,O,186,0.006199793340221992
GLN,163,NE2,HIE,161,ND1,185,0.006166461117962735
ARG,70,NE,HID,341,NE2,184,0.0061331288957034765
HID,341,ND1,GLY,69,O,183,0.006099796673444218
ASP,106,N,THR,102,O,182,0.006066464451184961
ARG,350,NH1,GLU,54,OE1,182,0.006066464451184961
LYS,405,N,LEU,60,O,182,0.006066464451184961
LYS,197,NZ,GLY,194,O,181,0.006033132228925702
GLY,82,N,ASP,77,OD2,180,0.005999800006666445
GLY,108,N,ASP,106,O,180,0.005999800006666445
GLN,345,NE2,THR,344,O,179,0.005966467784407186
GLU,128,N,LEU,125,O,177,0.0058998033398886705
GLN,258,NE2,ASN,259,OD1,174,0.005799806673110896
ARG,350,NH2,ASP,36,OD2,174,0.005799806673110896
ARG,350,NH2,GLU,54,OE2,173,0.005766474450851638
SER,276,OG,GLU,273,OE2,172,0.00573314222859238
PHE,374,N,PRO,371,O,172,0.00573314222859238
ASP,62,N,GLU,58,O,170,0.0056664777840738645
ARG,280,NH2,PRO,453,O,170,0.0056664777840738645
GLN,445,NE2,GLN,445,O,170,0.0056664777840738645
SER,68,OG,GLU,65,OE1,169,0.005633145561814606
GLN,345,N,ALA,66,O,168,0.005599813339555348
SER,68,OG,GLU,65,OE2,165,0.005499816672777574
ARG,98,NH1,ARG,98,O,165,0.005499816672777574
ILE,213,N,LEU,210,O,163,0.005433152228259058
SER,266,OG,TYR,83,O,160,0.005333155561481284
GLN,345,NE2,GLU,65,OE2,160,0.005333155561481284
LYS,356,NZ,GLN,345,OE1,160,0.005333155561481284
GLN,345,NE2,HIE,346,O,158,0.0052664911169627675
SER,256,N,GLU,254,O,157,0.00523315889470351
ASN,259,ND2,GLU,254,OE1,157,0.00523315889470351
ARG,70,N,ASN,89,ND2,156,0.005199826672444252
LYS,72,NZ,ARG,70,O,156,0.005199826672444252
ARG,20,NH1,LEU,15,O,155,0.005166494450184994
ARG,463,NH1,PHE,429,O,155,0.005166494450184994
LYS,63,N,ALA,59,O,154,0.005133162227925736
HIE,161,NE2,GLU,128,OE2,154,0.005133162227925736
HIE,291,N,HIE,291,ND1,154,0.005133162227925736
ARG,350,N,GLU,58,OE2,154,0.005133162227925736
LEU,418,N,ALA,414,O,154,0.005133162227925736
ILE,399,N,ALA,397,O,152,0.00506649778340722
SER,402,N,PRO,400,O,151,0.0050331655611479615
LYS,25,NZ,ARG,21,O,149,0.004966501116629446
LEU,60,N,ARG,57,O,149,0.004966501116629446
SER,183,OG,GLU,446,OE1,149,0.004966501116629446
LYS,405,NZ,SER,68,O,149,0.004966501116629446
ILE,407,N,ARG,97,NH1,149,0.004966501116629446
TYR,34,N,ARG,31,O,148,0.004933168894370188
LYS,223,NZ,HIE,219,ND1,147,0.00489983667211093
HIP,224,N,VAL,221,O,147,0.00489983667211093
THR,39,OG1,PRO,4,O,145,0.004833172227592414
ARG,92,N,ASN,89,O,144,0.0047998400053331555
ARG,130,NH2,GLN,123,OE1,144,0.0047998400053331555
ASN,259,ND2,SER,256,OG,143,0.004766507783073898
THR,227,OG1,GLU,226,O,142,0.00473317556081464
ASN,259,ND2,ASN,259,O,141,0.004699843338555381
ASN,263,ND2,LEU,96,O,141,0.004699843338555381
GLN,445,NE2,GLU,446,OE1,141,0.004699843338555381
ARG,45,NH2,LEU,42,O,140,0.004666511116296124
SER,68,N,THR,344,OG1,140,0.004666511116296124
ARG,81,NH1,ASN,259,OD1,140,0.004666511116296124
LYS,234,NZ,GLY,157,O,140,0.004666511116296124
ARG,45,NH2,LYS,72,O,139,0.004633178894036865
ASN,149,ND2,SER,145,O,139,0.004633178894036865
LYS,317,NZ,HIE,313,ND1,139,0.004633178894036865
LYS,72,NZ,ASN,89,OD1,138,0.004599846671777608
LYS,169,NZ,GLN,165,OE1,138,0.004599846671777608
THR,275,OG1,THR,272,O,137,0.0045665144495183494
ARG,406,NH2,ASN,89,OD1,137,0.0045665144495183494
GLY,84,N,PHE,80,O,135,0.0044998500049998336
LYS,223,NZ,THR,227,OG1,135,0.0044998500049998336
GLN,123,NE2,GLN,123,O,133,0.004433185560481318
GLN,258,NE2,HIE,257,ND1,133,0.004433185560481318
GLY,90,N,SER,68,O,132,0.004399853338222059
THR,103,OG1,ILE,154,O,132,0.004399853338222059
GLN,205,N,ALA,202,O,132,0.004399853338222059
ARG,225,NH2,HIE,257,ND1,132,0.004399853338222059
LYS,197,NZ,TYR,198,OH,131,0.004366521115962801
SER,253,N,ASN,250,OD1,131,0.004366521115962801
ARG,350,NH1,GLU,58,OE2,131,0.004366521115962801
LYS,393,NZ,LYS,394,O,131,0.004366521115962801
LYS,33,NZ,GLU,32,OE1,130,0.004333188893703543
HIE,313,NE2,GLU,311,OE2,130,0.004333188893703543
ARG,20,NH2,LEU,15,O,128,0.0042665244491850276
TYR,207,OH,PRO,78,O,128,0.0042665244491850276
LYS,288,NZ,GLU,438,OE1,128,0.0042665244491850276
ARG,117,NH2,GLY,157,O,127,0.004233192226925769
ASP,229,N,THR,227,O,127,0.004233192226925769
LYS,234,N,ALA,232,O,127,0.004233192226925769
GLN,17,N,GLN,17,OE1,126,0.004199860004666511
TYR,162,N,HIE,161,ND1,126,0.004199860004666511
LYS,33,NZ,GLU,32,OE2,125,0.004166527782407253
VAL,155,N,CYS,152,O,125,0.004166527782407253
LYS,33,NZ,ARG,29,O,124,0.004133195560147995
SER,183,OG,GLU,446,OE2,123,0.004099863337888737
THR,455,OG1,ASP,138,OD2,123,0.004099863337888737
GLN,211,NE2,GLU,212,OE1,122,0.004066531115629479
ARG,117,NH1,GLU,120,OE2,121,0.004033198893370221
HIE,252,N,ASN,250,ND2,120,0.003999866671110963
ARG,308,N,HIE,307,ND1,120,0.003999866671110963
ARG,31,NH2,GLU,32,OE1,119,0.003966534448851705
ARG,225,NH1,GLU,245,OE1,119,0.003966534448851705
ARG,20,NH1,LEU,16,O,117,0.003899870004333189
ARG,31,NH2,GLU,32,OE2,116,0.003866537782073931
LYS,288,NZ,GLU,438,OE2,116,0.003866537782073931
VAL,435,N,SER,433,O,115,0.003833205559814673
GLN,445,NE2,GLU,446,OE2,115,0.003833205559814673
LYS,133,N,LYS,131,O,114,0.0037998733375554147
SER,68,N,ALA,64,O,113,0.0037665411152961567
THR,177,N,PHE,174,O,113,0.0037665411152961567
GLY,84,N,ASN,259,OD1,112,0.0037332088930368988
GLN,258,NE2,GLN,258,O,111,0.003699876670777641
LEU,312,N,GLU,115,OE2,110,0.003666544448518383
ILE,325,N,GLU,322,O,110,0.003666544448518383
VAL,95,N,ARG,92,O,109,0.0036332122262591245
MET,109,N,PHE,107,O,109,0.0036332122262591245
TYR,240,N,ILE,237,O,109,0.0036332122262591245
ASN,209,N,VAL,206,O,108,0.0035998800039998666
SER,256,OG,GLN,258,OE1,108,0.0035998800039998666
LEU,403,N,SER,402,OG,107,0.0035665477817406087
ASN,261,ND2,HIE,257,ND1,106,0.0035332155594813507
LYS,405,NZ,ALA,64,O,106,0.0035332155594813507
THR,455,N,GLN,445,NE2,106,0.0035332155594813507
ASN,14,ND2,ARG,7,O,105,0.0034998833372220928
GLN,205,NE2,GLN,205,O,105,0.0034998833372220928
GLN,123,NE2,GLU,120,O,103,0.0034332188927035765
GLN,176,NE2,GLN,205,OE1,103,0.0034332188927035765
LYS,234,NZ,ASP,235,OD1,103,0.0034332188927035765
ARG,159,NH1,TYR,162,OH,102,0.0033998866704443185
ILE,407,N,LYS,405,O,102,0.0033998866704443185
GLY,194,N,LEU,191,O,100,0.0033332222259258026
ARG,81,NH2,GLN,258,OE1,99,0.0032998900036665443
GLY,448,N,SER,182,O,98,0.0032665577814072863
ARG,112,NE,GLU,120,OE2,97,0.0032332255591480284
ARG,31,NE,GLU,32,OE2,96,0.0031998933368887704
ALA,293,N,PRO,290,O,96,0.0031998933368887704
ARG,295,NH1,TYR,320,OH,95,0.0031665611146295125
GLN,302,NE2,GLN,302,O,95,0.0031665611146295125
GLY,110,N,GLY,108,O,94,0.003133228892370254
GLY,201,N,PHE,199,O,94,0.003133228892370254
LEU,236,N,VAL,155,O,94,0.003133228892370254
ARG,298,NE,ARG,295,NH2,94,0.003133228892370254
GLY,412,N,LEU,409,O,93,0.003099896670110996
GLY,157,N,ILE,154,O,92,0.0030665644478517383
ARG,97,NH1,CM1,408,O,90,0.0029999000033332224
ARG,117,NH1,GLU,120,OE1,90,0.0029999000033332224
SER,231,N,ASP,229,O,89,0.002966567781073964
HIE,257,NE2,GLU,222,OE1,89,0.002966567781073964
ARG,308,NE,ILE,304,O,89,0.002966567781073964
ARG,45,NH2,SER,193,OG,88,0.002933235558814706
ARG,280,NH1,TYR,175,OH,88,0.002933235558814706
ARG,159,NH1,SER,153,OG,87,0.002899903336555448
ARG,350,NH1,GLU,54,OE2,87,0.002899903336555448
LYS,111,NZ,ALA,232,O,86,0.00286657111429619
ASN,172,ND2,GLN,176,OE1,86,0.00286657111429619
THR,358,OG1,LYS,356,O,86,0.00286657111429619
PHE,30,N,PHE,27,O,84,0.002799906669777674
TYR,198,OH,GLY,194,O,84,0.002799906669777674
GLN,258,N,HIE,257,ND1,84,0.002799906669777674
LYS,405,NZ,SER,68,OG,84,0.002799906669777674
GLN,445,NE2,SER,179,OG,84,0.002799906669777674
SER,183,OG,SER,179,O,83,0.002766574447518416
THR,272,OG1,THR,147,O,83,0.002766574447518416
THR,277,OG1,GLU,273,OE1,83,0.002766574447518416
ARG,20,NH1,ASP,19,OD2,82,0.002733242225259158
ARG,21,NH1,ASP,19,OD1,82,0.002733242225259158
ARG,57,NE,ASP,62,OD1,82,0.002733242225259158
GLN,258,NE2,SER,256,OG,82,0.002733242225259158
HIE,313,NE2,GLU,311,OE1,82,0.002733242225259158
GLU,417,N,ILE,413,O,82,0.002733242225259158
ARG,21,NE,ARG,21,O,81,0.0026999100029999
LYS,246,NZ,GLU,245,OE2,81,0.0026999100029999
MET,318,N,ASP,314,O,81,0.0026999100029999
ARG,7,NH2,GLY,5,O,79,0.0026332455584813837
ILE,73,N,ASP,77,OD1,79,0.0026332455584813837
GLU,120,N,ARG,117,O,79,0.0026332455584813837
ASN,14,ND2,HIE,41,ND1,78,0.002599913336222126
LYS,72,NZ,PHE,87,O,78,0.002599913336222126
THR,103,OG1,THR,239,OG1,78,0.002599913336222126
GLY,351,N,SER,348,O,78,0.002599913336222126
PHE,422,N,PHE,419,O,78,0.002599913336222126
GLN,144,N,PHE,141,O,77,0.002566581113962868
THR,147,OG1,SER,276,OG,77,0.002566581113962868
GLN,211,NE2,GLU,212,OE2,77,0.002566581113962868
THR,347,OG1,SER,348,O,77,0.002566581113962868
ASN,261,N,GLN,258,O,76,0.00253324889170361
GLU,273,N,PHE,268,O,76,0.00253324889170361
LEU,284,N,TYR,281,O,76,0.00253324889170361
ARG,315,NE,LEU,312,O,76,0.00253324889170361
GLN,329,NE2,ARG,415,O,76,0.00253324889170361
ASN,381,ND2,LYS,376,O,76,0.00253324889170361
ILE,407,N,HM1,464,O1D,76,0.00253324889170361
HIP,384,NE2,LYS,376,O,75,0.002499916669444352
ARG,57,NE,ASP,62,OD2,74,0.002466584447185094
ARG,280,NH1,THR,140,OG1,74,0.002466584447185094
ARG,295,NH2,GLU,299,OE2,74,0.002466584447185094
HIE,307,N,GLY,305,O,74,0.002466584447185094
ILE,425,N,PHE,422,O,74,0.002466584447185094
ASN,91,ND2,HIE,252,O,73,0.0024332522249258357
ALA,135,N,SER,132,OG,73,0.0024332522249258357
VAL,184,N,GLU,446,OE2,73,0.0024332522249258357
SER,332,N,GLN,329,O,73,0.0024332522249258357
ARG,406,NE,SER,68,O,73,0.0024332522249258357
LYS,131,NZ,GLN,163,OE1,72,0.0023999200026665777
GLN,205,NE2,PRO,200,O,72,0.0023999200026665777
LEU,242,N,THR,239,O,72,0.0023999200026665777
THR,272,OG1,GLY,271,O,72,0.0023999200026665777
THR,395,OG1,GLU,396,OE2,72,0.0023999200026665777
ARG,31,NH1,ASP,36,OD2,71,0.00236658778040732
PHE,160,N,ASN,149,ND2,71,0.00236658778040732
ARG,204,NE,GLN,205,OE1,71,0.00236658778040732
TYR,207,OH,GLN,211,OE1,71,0.00236658778040732
GLU,359,N,GLU,359,OE1,71,0.00236658778040732
ARG,81,NE,ASP,77,OD1,69,0.002299923335888804
SER,179,OG,GLN,176,O,69,0.002299923335888804
SER,220,OG,ILE,217,O,69,0.002299923335888804
ARG,81,NH2,PRO,78,O,68,0.0022665911136295455
ARG,159,NE,GLU,120,OE2,68,0.0022665911136295455
ARG,204,NH2,PHE,199,O,68,0.0022665911136295455
ARG,280,NH1,GLN,445,NE2,68,0.0022665911136295455
GLU,294,N,HIE,291,O,68,0.0022665911136295455
GLY,390,N,ASP,387,OD2,68,0.0022665911136295455
LYS,131,NZ,GLN,163,NE2,67,0.0022332588913702876
SER,231,OG,ASP,229,O,67,0.0022332588913702876
ASN,259,ND2,ARG,92,NE,67,0.0022332588913702876
ASN,389,N,ASP,387,O,67,0.0022332588913702876
LYS,394,NZ,GLU,396,OE2,67,0.0022332588913702876
ARG,280,NH2,THR,277,N,66,0.0021999266691110297
ARG,406,NH1,HM1,464,O1D,66,0.0021999266691110297
SER,100,N,ARG,98,O,65,0.0021665944468517717
ARG,112,N,GLU,116,OE2,65,0.0021665944468517717
LYS,133,NZ,LYS,131,O,65,0.0021665944468517717
SER,231,OG,ALA,232,O,65,0.0021665944468517717
LYS,288,NZ,GLU,438,O,65,0.0021665944468517717
VAL,449,N,ILE,181,O,65,0.0021665944468517717
GLU,58,N,ALA,55,O,64,0.0021332622245925138
LYS,158,NZ,PHE,156,O,64,0.0021332622245925138
SER,256,OG,SER,253,O,64,0.0021332622245925138
ARG,45,NE,SER,193,OG,63,0.0020999300023332554
ARG,81,NE,ASP,77,OD2,63,0.0020999300023332554
ARG,130,NH1,ASN,428,OD1,63,0.0020999300023332554
ARG,225,NH1,GLU,245,OE2,63,0.0020999300023332554
ASN,261,ND2,GLN,258,O,63,0.0020999300023332554
SER,26,N,LEU,23,O,62,0.0020665977800739975
GLY,84,N,ASN,263,OD1,62,0.0020665977800739975
THR,227,OG1,GLU,226,OE2,62,0.0020665977800739975
LYS,234,NZ,ASP,235,OD2,62,0.0020665977800739975
ILE,237,N,ASP,235,OD2,62,0.0020665977800739975
ARG,330,NE,GLU,327,OE1,62,0.0020665977800739975
ASN,381,ND2,ALA,379,O,62,0.0020665977800739975
SER,26,OG,ASP,19,OD1,60,0.0019999333355554816
ARG,31,NE,GLU,32,OE1,60,0.0019999333355554816
GLU,54,N,GLU,54,OE2,60,0.0019999333355554816
ASP,357,N,THR,344,O,60,0.0019999333355554816
THR,395,OG1,GLU,396,OE1,60,0.0019999333355554816
ARG,204,NE,LYS,197,O,59,0.0019666011132962236
ALA,232,N,ASP,229,OD1,59,0.0019666011132962236
HIE,41,NE2,PRO,10,O,58,0.0019332688910369655
ARG,112,NE,GLU,120,OE1,58,0.0019332688910369655
GLU,116,N,GLU,115,OE1,58,0.0019332688910369655
ASN,209,ND2,GLN,205,OE1,58,0.0019332688910369655
THR,227,OG1,GLU,226,OE1,58,0.0019332688910369655
ARG,298,NH2,GLN,302,OE1,58,0.0019332688910369655
ARG,105,N,THR,102,O,57,0.0018999366687777073
ASN,172,ND2,ASN,172,O,57,0.0018999366687777073
LYS,94,N,ASN,91,O,56,0.0018666044465184494
ARG,112,NH2,GLU,116,O,56,0.0018666044465184494
LYS,131,NZ,SER,132,OG,56,0.0018666044465184494
ILE,237,N,ASP,235,OD1,56,0.0018666044465184494
ARG,298,NH1,ARG,298,O,56,0.0018666044465184494
GLY,390,N,ASP,387,OD1,56,0.0018666044465184494
LYS,234,NZ,SER,231,O,55,0.0018332722242591915
ASP,238,N,ASP,235,O,55,0.0018332722242591915
LYS,246,NZ,GLU,245,OE1,55,0.0018332722242591915
ASN,381,ND2,PHE,380,O,55,0.0018332722242591915
LEU,420,N,ALA,416,O,55,0.0018332722242591915
ARG,98,NE,ARG,98,O,54,0.0017999400019999333
ARG,98,NH2,ASP,106,OD1,54,0.0017999400019999333
ARG,31,NH1,ASP,36,OD1,53,0.0017666077797406754
GLY,69,N,PHE,67,O,53,0.0017666077797406754
SER,256,OG,GLU,254,O,53,0.0017666077797406754
SER,256,OG,ASN,259,ND2,53,0.0017666077797406754
GLN,163,NE2,ASP,164,OD1,52,0.0017332755574814172
LYS,208,NZ,ASN,209,OD1,52,0.0017332755574814172
ASN,214,ND2,GLN,258,NE2,52,0.0017332755574814172
ARG,1,NH2,LEU,2,O,51,0.0016999433352221593
LEU,23,N,CYS,447,O,51,0.0016999433352221593
ARG,57,NE,GLU,54,O,51,0.0016999433352221593
ARG,280,NH1,GLN,445,OE1,51,0.0016999433352221593
ARG,70,NE,HM1,464,O2D,50,0.0016666111129629013
GLU,116,N,GLU,115,OE2,50,0.0016666111129629013
VAL,184,N,GLU,446,OE1,50,0.0016666111129629013
ARG,225,NE,GLU,226,OE2,50,0.0016666111129629013
ARG,295,NE,HIE,291,O,50,0.0016666111129629013
TYR,320,N,GLU,299,OE1,50,0.0016666111129629013
LYS,394,NZ,GLU,396,OE1,50,0.0016666111129629013
GLN,119,N,GLU,116,O,49,0.0016332788907036432
ASN,172,ND2,LYS,169,O,49,0.0016332788907036432
GLN,119,NE2,GLU,115,O,48,0.0015999466684443852
LYS,169,NZ,GLN,165,O,48,0.0015999466684443852
GLN,205,NE2,ASN,209,ND2,48,0.0015999466684443852
VAL,292,N,HIE,291,ND1,48,0.0015999466684443852
ARG,81,NH1,ASP,77,O,47,0.001566614446185127
ARG,112,N,GLU,116,OE1,47,0.001566614446185127
ASN,250,ND2,HIE,252,NE2,47,0.001566614446185127
ASN,14,ND2,GLY,13,O,46,0.0015332822239258691
LYS,25,N,GLY,22,O,46,0.0015332822239258691
GLU,127,N,CYS,124,O,46,0.0015332822239258691
LEU,173,N,MET,170,O,46,0.0015332822239258691
ARG,117,NH2,SER,153,OG,45,0.0014999500016666112
ARG,159,NE,GLU,120,OE1,45,0.0014999500016666112
ASN,263,N,GLN,258,O,45,0.0014999500016666112
ARG,280,NH2,TYR,175,OH,45,0.0014999500016666112
LYS,288,NZ,TYR,289,OH,45,0.0014999500016666112
ARG,1,NH2,PRO,3,O,44,0.001466617779407353
ARG,20,NH1,ASP,19,OD1,44,0.001466617779407353
GLN,176,NE2,GLN,205,NE2,44,0.001466617779407353
HID,341,ND1,PRO,340,O,44,0.001466617779407353
TYR,352,N,ARG,350,O,44,0.001466617779407353
ARG,463,NH2,SER,430,OG,44,0.001466617779407353
ARG,98,NH1,HID,243,NE2,43,0.001433285557148095
GLN,123,NE2,GLU,127,OE1,43,0.001433285557148095
ILE,126,N,GLN,123,O,43,0.001433285557148095
GLN,258,NE2,ASN,214,ND2,43,0.001433285557148095
ARG,204,NH1,ARG,204,O,42,0.001399953334888837
SER,256,N,SER,253,O,42,0.001399953334888837
LYS,394,NZ,LEU,392,O,42,0.001399953334888837
LYS,451,NZ,LEU,334,O,42,0.001399953334888837
ASN,91,ND2,GLU,254,OE2,41,0.001366621112629579
ARG,117,NH1,GLU,116,OE1,41,0.001366621112629579
ARG,225,NH1,HIE,257,NE2,41,0.001366621112629579
LYS,393,NZ,HIP,384,O,41,0.001366621112629579
ASN,91,ND2,ASN,91,O,40,0.001333288890370321
HIE,161,NE2,GLN,163,OE1,40,0.001333288890370321
THR,275,N,THR,272,O,40,0.001333288890370321
THR,344,OG1,ILE,342,O,40,0.001333288890370321
LYS,356,N,HIE,346,NE2,40,0.001333288890370321
ARG,21,N,ASP,19,O,39,0.001299956668111063
PHE,99,N,LEU,96,O,39,0.001299956668111063
LYS,169,N,GLU,166,O,39,0.001299956668111063
ARG,70,NH2,HID,341,ND1,38,0.001266624445851805
ARG,98,NH2,GLU,247,OE2,38,0.001266624445851805
GLN,123,NE2,GLU,120,OE2,38,0.001266624445851805
HIE,219,NE2,GLU,166,OE1,38,0.001266624445851805
LYS,223,NZ,HIE,219,O,38,0.001266624445851805
ASN,259,ND2,TYR,83,OH,38,0.001266624445851805
LYS,405,NZ,ASN,89,OD1,38,0.001266624445851805
ASP,441,N,ASP,439,O,38,0.001266624445851805
GLN,165,NE2,GLN,163,OE1,37,0.001233292223592547
PHE,174,N,LEU,171,O,37,0.001233292223592547
ASN,209,ND2,GLN,205,NE2,37,0.001233292223592547
HIE,307,N,HIE,307,ND1,37,0.001233292223592547
GLN,457,NE2,THR,455,O,37,0.001233292223592547
ILE,151,N,ALA,148,O,36,0.0011999600013332889
VAL,206,N,HIE,203,O,36,0.0011999600013332889
TYR,297,OH,GLN,427,OE1,36,0.0011999600013332889
LYS,451,NZ,TYR,281,OH,36,0.0011999600013332889
GLN,211,NE2,TYR,207,O,35,0.001166627779074031
THR,264,N,ASN,261,O,35,0.001166627779074031
SER,266,N,ASN,263,O,35,0.001166627779074031
LEU,312,N,GLU,115,OE1,35,0.001166627779074031
PHE,398,N,THR,395,OG1,35,0.001166627779074031
ILE,413,N,GLU,411,O,35,0.001166627779074031
GLN,427,N,THR,424,O,35,0.001166627779074031
GLN,457,NE2,ASP,138,N,35,0.001166627779074031
ARG,204,NH2,LEU,196,O,34,0.0011332955568147728
LYS,248,NZ,MET,244,O,34,0.0011332955568147728
GLN,258,NE2,HIE,257,NE2,34,0.0011332955568147728
THR,272,N,LEU,267,O,34,0.0011332955568147728
ARG,295,N,VAL,292,O,34,0.0011332955568147728
THR,347,OG1,HIE,346,O,34,0.0011332955568147728
GLY,35,N,PHE,30,O,33,0.0010999633345555148
GLU,254,N,GLU,247,OE2,33,0.0010999633345555148
HIE,257,NE2,GLY,218,O,33,0.0010999633345555148
ARG,280,NH1,THR,455,OG1,33,0.0010999633345555148
TYR,326,OH,GLU,322,OE2,33,0.0010999633345555148
ARG,29,NH1,ARG,29,O,32,0.0010666311122962569
ARG,81,N,PRO,78,O,32,0.0010666311122962569
ARG,98,NH1,GLU,247,OE1,32,0.0010666311122962569
LYS,111,NZ,THR,102,OG1,32,0.0010666311122962569
SER,253,N,ALA,251,O,32,0.0010666311122962569
ARG,21,NH1,ARG,21,O,31,0.0010332988900369987
ARG,70,NE,GLY,69,O,31,0.0010332988900369987
GLN,123,NE2,GLU,120,OE1,31,0.0010332988900369987
ASN,209,ND2,ASN,209,O,31,0.0010332988900369987
HIE,372,N,HIE,372,ND1,31,0.0010332988900369987
HIE,372,NE2,GLU,54,OE2,31,0.0010332988900369987
ARG,463,NE,SER,430,OG,31,0.0010332988900369987
GLN,123,NE2,GLU,127,OE2,30,0.0009999666677777408
TYR,207,OH,ALA,74,O,30,0.0009999666677777408
ALA,251,N,ASN,250,OD1,30,0.0009999666677777408
HIE,257,N,HIE,257,ND1,30,0.0009999666677777408
LYS,394,N,LEU,392,O,30,0.0009999666677777408
ILE,407,N,GLY,404,O,30,0.0009999666677777408
GLN,457,NE2,LEU,136,O,30,0.0009999666677777408
ARG,57,NH2,GLU,58,OE1,29,0.0009666344455184827
ARG,70,NH2,ILE,86,O,29,0.0009666344455184827
ARG,97,NH2,CM1,408,O,29,0.0009666344455184827
LYS,158,NZ,GLY,157,O,29,0.0009666344455184827
GLN,165,N,GLN,165,NE2,29,0.0009666344455184827
THR,227,N,ARG,225,O,29,0.0009666344455184827
SER,256,OG,ASN,259,OD1,29,0.0009666344455184827
HID,369,ND1,ASP,333,OD2,29,0.0009666344455184827
HIE,372,NE2,GLU,54,OE1,29,0.0009666344455184827
ASP,383,N,ASN,381,ND2,29,0.0009666344455184827
ARG,81,NH1,PHE,80,O,28,0.0009333022232592247
GLN,205,NE2,GLY,201,O,28,0.0009333022232592247
LYS,248,N,LYS,246,O,28,0.0009333022232592247
ASN,250,N,LYS,248,O,28,0.0009333022232592247
THR,277,OG1,GLU,273,OE2,28,0.0009333022232592247
LYS,288,N,LEU,285,O,28,0.0009333022232592247
HIE,307,NE2,ARG,463,O,28,0.0009333022232592247
GLY,450,N,ILE,181,O,28,0.0009333022232592247
ARG,463,NH1,GLN,427,O,28,0.0009333022232592247
ARG,70,NE,GLY,71,N,27,0.0008999700009999666
SER,182,N,SER,179,O,27,0.0008999700009999666
ASN,214,ND2,ASN,261,ND2,27,0.0008999700009999666
HIP,224,NE2,PHE,156,O,27,0.0008999700009999666
PHE,349,N,THR,347,O,27,0.0008999700009999666
ALA,414,N,GLU,411,O,27,0.0008999700009999666
LEU,418,N,ILE,413,O,27,0.0008999700009999666
SER,26,OG,ASP,19,OD2,26,0.0008666377787407086
ARG,204,NE,GLY,201,O,26,0.0008666377787407086
HIE,307,NE2,ARG,463,OXT,26,0.0008666377787407086
GLY,390,N,ALA,388,O,26,0.0008666377787407086
LYS,63,NZ,ASP,62,O,25,0.0008333055564814507
GLY,82,N,ASP,77,O,25,0.0008333055564814507
ARG,112,NH1,GLY,110,O,25,0.0008333055564814507
GLN,187,NE2,GLY,22,O,25,0.0008333055564814507
ARG,204,NH1,TYR,198,O,25,0.0008333055564814507
GLN,205,N,GLN,205,OE1,25,0.0008333055564814507
ASN,250,ND2,SER,249,OG,25,0.0008333055564814507
ASN,250,ND2,ASN,250,O,25,0.0008333055564814507
GLU,359,N,PRO,46,O,25,0.0008333055564814507
ARG,406,NE,HID,341,NE2,25,0.0008333055564814507
CM1,408,N,PHE,401,O,25,0.0008333055564814507
THR,455,OG1,GLN,445,NE2,25,0.0008333055564814507
GLN,457,NE2,TYR,456,O,25,0.0008333055564814507
ARG,97,N,LYS,94,O,24,0.0007999733342221926
ARG,225,NE,GLU,226,OE1,24,0.0007999733342221926
LYS,33,N,ARG,31,O,23,0.0007666411119629346
SER,68,OG,ALA,66,O,23,0.0007666411119629346
ARG,81,NE,ASN,259,OD1,23,0.0007666411119629346
ARG,92,NH1,ARG,81,O,23,0.0007666411119629346
LYS,94,NZ,GLY,90,O,23,0.0007666411119629346
ARG,130,NE,ASN,428,OD1,23,0.0007666411119629346
THR,147,OG1,THR,272,OG1,23,0.0007666411119629346
ASN,172,N,LYS,169,O,23,0.0007666411119629346
GLN,211,NE2,LYS,208,O,23,0.0007666411119629346
SER,220,OG,PHE,156,O,23,0.0007666411119629346
GLN,258,NE2,ALA,251,O,23,0.0007666411119629346
THR,278,N,THR,275,O,23,0.0007666411119629346
LYS,393,NZ,THR,395,OG1,23,0.0007666411119629346
ILE,56,N,VAL,53,O,22,0.0007333088897036765
ARG,70,NE,ARG,406,NH1,22,0.0007333088897036765
ARG,98,NE,LYS,94,O,22,0.0007333088897036765
SER,100,OG,ARG,97,O,22,0.0007333088897036765
THR,103,OG1,THR,103,O,22,0.0007333088897036765
ARG,117,NH1,THR,103,O,22,0.0007333088897036765
SER,145,N,LEU,142,O,22,0.0007333088897036765
SER,249,N,GLU,247,O,22,0.0007333088897036765
LYS,393,NZ,LYS,393,O,22,0.0007333088897036765
ARG,463,NH1,SER,430,OG,22,0.0007333088897036765
GLY,71,N,HID,341,N,21,0.0006999766674444185
ILE,73,N,ASP,77,OD2,21,0.0006999766674444185
GLN,176,NE2,ASN,172,ND2,21,0.0006999766674444185
SER,193,OG,LEU,42,O,21,0.0006999766674444185
THR,274,N,GLY,271,O,21,0.0006999766674444185
ARG,308,NH1,ILE,304,O,21,0.0006999766674444185
ARG,308,NH2,GLU,311,OE2,21,0.0006999766674444185
ARG,315,NH1,ARG,415,O,21,0.0006999766674444185
LYS,317,NZ,HIE,313,NE2,21,0.0006999766674444185
ARG,415,N,GLU,411,O,21,0.0006999766674444185
ARG,70,NH1,HID,341,NE2,20,0.0006666444451851605
ARG,81,NH1,GLN,258,OE1,20,0.0006666444451851605
GLN,119,NE2,GLU,116,O,20,0.0006666444451851605
GLN,119,NE2,GLN,123,OE1,20,0.0006666444451851605
ARG,130,N,GLU,127,O,20,0.0006666444451851605
HID,243,ND1,GLU,247,OE2,20,0.0006666444451851605
ARG,280,NH2,PRO,454,O,20,0.0006666444451851605
THR,344,OG1,GLN,345,NE2,20,0.0006666444451851605
GLU,359,N,GLU,359,OE2,20,0.0006666444451851605
THR,395,OG1,LYS,393,O,20,0.0006666444451851605
ALA,416,N,ILE,413,O,20,0.0006666444451851605
CYS,447,N,SER,182,O,20,0.0006666444451851605
THR,455,OG1,ASP,138,OD1,20,0.0006666444451851605
LEU,24,N,CYS,447,O,19,0.0006333122229259025
SER,68,N,ILE,342,O,19,0.0006333122229259025
ARG,98,NH1,LYS,94,O,19,0.0006333122229259025
VAL,101,N,ARG,98,O,19,0.0006333122229259025
PHE,141,N,ASP,138,OD2,19,0.0006333122229259025
GLN,163,NE2,GLN,163,O,19,0.0006333122229259025
THR,272,OG1,THR,147,OG1,19,0.0006333122229259025
ARG,295,NH2,HIE,291,ND1,19,0.0006333122229259025
LYS,394,NZ,THR,395,O,19,0.0006333122229259025
THR,395,OG1,HIP,384,O,19,0.0006333122229259025
GLY,134,N,SER,132,O,18,0.0005999800006666444
GLN,144,NE2,ASN,172,OD1,18,0.0005999800006666444
LYS,158,NZ,TYR,216,OH,18,0.0005999800006666444
TYR,175,OH,GLN,445,NE2,18,0.0005999800006666444
SER,182,OG,SER,179,O,18,0.0005999800006666444
ASN,209,ND2,GLN,176,NE2,18,0.0005999800006666444
LEU,262,N,ASN,259,O,18,0.0005999800006666444
ARG,280,NE,THR,140,OG1,18,0.0005999800006666444
TYR,289,N,MET,286,O,18,0.0005999800006666444
ARG,298,NE,GLN,302,OE1,18,0.0005999800006666444
LEU,442,N,ASP,441,OD2,18,0.0005999800006666444
HIE,41,NE2,PRO,44,O,17,0.0005666477784073864
ARG,57,NH2,GLU,396,O,17,0.0005666477784073864
GLY,69,N,THR,344,OG1,17,0.0005666477784073864
GLY,90,N,ASN,89,ND2,17,0.0005666477784073864
LYS,111,NZ,GLY,110,O,17,0.0005666477784073864
SER,113,N,GLY,110,O,17,0.0005666477784073864
SER,153,N,ILE,150,O,17,0.0005666477784073864
ARG,159,NH2,PHE,160,O,17,0.0005666477784073864
PHE,27,N,LEU,24,O,16,0.0005333155561481284
ARG,70,NH1,VAL,339,O,16,0.0005333155561481284
ARG,92,NH2,ARG,81,O,16,0.0005333155561481284
GLN,187,NE2,SER,26,OG,16,0.0005333155561481284
ASN,214,ND2,GLN,211,NE2,16,0.0005333155561481284
HID,243,ND1,GLU,247,OE1,16,0.0005333155561481284
ALA,251,N,SER,249,O,16,0.0005333155561481284
HIE,252,N,HIE,252,ND1,16,0.0005333155561481284
ARG,280,NH1,PRO,453,O,16,0.0005333155561481284
TYR,326,OH,GLU,322,OE1,16,0.0005333155561481284
GLY,351,N,PHE,349,O,16,0.0005333155561481284
LYS,376,NZ,ASP,383,OD2,16,0.0005333155561481284
LYS,405,NZ,LEU,60,O,16,0.0005333155561481284
ARG,406,NE,SER,68,OG,16,0.0005333155561481284
ALA,414,N,GLU,417,OE1,16,0.0005333155561481284
ARG,415,NH2,ARG,315,NH1,16,0.0005333155561481284
LEU,442,N,ASP,441,OD1,16,0.0005333155561481284
ARG,57,NH2,GLU,58,OE2,15,0.0004999833338888704
LYS,63,NZ,GLU,65,OE2,15,0.0004999833338888704
ARG,117,NH1,SER,153,O,15,0.0004999833338888704
ILE,181,N,PHE,178,O,15,0.0004999833338888704
ASN,214,ND2,ASN,261,O,15,0.0004999833338888704
ARG,225,NH2,HIE,257,NE2,15,0.0004999833338888704
ARG,308,N,GLN,427,NE2,15,0.0004999833338888704
HIE,313,NE2,GLU,115,OE2,15,0.0004999833338888704
ASP,378,N,ASP,378,OD2,15,0.0004999833338888704
ARG,7,NH1,GLY,5,O,14,0.00046665111162961235
ASN,14,ND2,GLN,17,NE2,14,0.00046665111162961235
ARG,29,NE,ARG,29,O,14,0.00046665111162961235
LYS,33,NZ,LYS,33,O,14,0.00046665111162961235
ASN,89,ND2,PHE,87,O,14,0.00046665111162961235
ASN,149,ND2,TYR,162,OH,14,0.00046665111162961235
ARG,204,NH2,GLN,205,OE1,14,0.00046665111162961235
LYS,208,NZ,LYS,208,O,14,0.00046665111162961235
LYS,234,NZ,ASP,229,O,14,0.00046665111162961235
ASN,250,ND2,SER,253,OG,14,0.00046665111162961235
ARG,295,NH1,HIE,291,ND1,14,0.00046665111162961235
TYR,297,OH,PRO,306,O,14,0.00046665111162961235
ARG,330,NH2,GLU,327,OE2,14,0.00046665111162961235
GLN,345,NE2,ALA,66,O,14,0.00046665111162961235
GLY,351,N,SER,348,OG,14,0.00046665111162961235
ARG,415,N,GLU,417,OE2,14,0.00046665111162961235
ARG,415,NE,TYR,326,OH,14,0.00046665111162961235
THR,455,OG1,THR,455,O,14,0.00046665111162961235
GLN,457,NE2,SER,433,OG,14,0.00046665111162961235
ARG,20,NH2,MET,18,O,13,0.0004333188893703543
ARG,92,NH2,TYR,83,OH,13,0.0004333188893703543
LEU,96,N,TRP,93,O,13,0.0004333188893703543
SER,231,OG,PRO,230,O,13,0.0004333188893703543
VAL,296,N,ALA,293,O,13,0.0004333188893703543
TYR,320,OH,VAL,292,O,13,0.0004333188893703543
SER,348,OG,GLY,351,O,13,0.0004333188893703543
ALA,391,N,ASN,389,O,13,0.0004333188893703543
SER,433,OG,ALA,432,O,13,0.0004333188893703543
LEU,23,N,GLN,187,NE2,12,0.0003999866671110963
ALA,66,N,GLU,65,OE1,12,0.0003999866671110963
ARG,98,NH1,ASP,106,OD1,12,0.0003999866671110963
ARG,112,N,GLY,110,O,12,0.0003999866671110963
PHE,141,N,ASP,138,OD1,12,0.0003999866671110963
GLN,187,NE2,ARG,21,O,12,0.0003999866671110963
GLY,218,N,ALA,215,O,12,0.0003999866671110963
THR,227,N,GLU,226,OE1,12,0.0003999866671110963
HID,243,ND1,HID,243,O,12,0.0003999866671110963
HIE,252,N,ASN,250,O,12,0.0003999866671110963
PHE,269,N,SER,266,O,12,0.0003999866671110963
SER,276,OG,GLU,273,O,12,0.0003999866671110963
HIE,313,NE2,GLU,115,OE1,12,0.0003999866671110963
LEU,334,N,SER,332,OG,12,0.0003999866671110963
ASP,378,N,ASP,378,OD1,12,0.0003999866671110963
ARG,406,NH1,SER,68,O,12,0.0003999866671110963
ARG,406,NH1,ILE,86,O,12,0.0003999866671110963
LEU,461,N,CYS,459,O,12,0.0003999866671110963
GLY,22,N,ARG,20,O,11,0.00036665444485183826
LYS,63,NZ,GLU,65,OE1,11,0.00036665444485183826
ASN,89,ND2,ASN,89,O,11,0.00036665444485183826
ARG,92,N,ASN,89,OD1,11,0.00036665444485183826
ARG,92,NH2,ASN,259,OD1,11,0.00036665444485183826
ARG,105,N,THR,103,O,11,0.00036665444485183826
GLN,144,NE2,ARG,280,NH2,11,0.00036665444485183826
LYS,169,NZ,GLU,166,O,11,0.00036665444485183826
LEU,171,N,LEU,168,O,11,0.00036665444485183826
SER,193,N,LEU,191,O,11,0.00036665444485183826
HIE,219,NE2,GLU,166,OE2,11,0.00036665444485183826
VAL,221,N,GLY,218,O,11,0.00036665444485183826
THR,227,OG1,ARG,225,O,11,0.00036665444485183826
MET,244,N,LEU,241,O,11,0.00036665444485183826
ASN,250,ND2,SER,249,O,11,0.00036665444485183826
THR,272,OG1,LEU,267,O,11,0.00036665444485183826
THR,275,OG1,GLU,417,OE1,11,0.00036665444485183826
HIE,307,NE2,ASN,428,OD1,11,0.00036665444485183826
LYS,317,N,HIE,313,O,11,0.00036665444485183826
GLU,322,N,PRO,319,O,11,0.00036665444485183826
VAL,324,N,THR,321,O,11,0.00036665444485183826
LYS,393,NZ,GLU,375,OE2,11,0.00036665444485183826
SER,402,OG,ARG,406,O,11,0.00036665444485183826
ARG,31,NE,CYS,51,O,10,0.00033332222259258026
ARG,70,NH2,GLY,71,O,10,0.00033332222259258026
ARG,98,NH1,ASN,91,OD1,10,0.00033332222259258026
ARG,98,NH2,ASP,106,OD2,10,0.00033332222259258026
SER,113,OG,GLY,110,O,10,0.00033332222259258026
ARG,117,NH2,SER,113,O,10,0.00033332222259258026
ARG,130,NH1,GLN,123,OE1,10,0.00033332222259258026
SER,153,OG,GLY,157,O,10,0.00033332222259258026
LYS,158,NZ,GLU,166,OE2,10,0.00033332222259258026
ARG,159,NH2,GLU,120,O,10,0.00033332222259258026
ARG,204,NE,HIE,203,NE2,10,0.00033332222259258026
THR,227,N,GLU,226,OE2,10,0.00033332222259258026
THR,227,OG1,ASP,238,OD2,10,0.00033332222259258026
THR,239,OG1,ASP,238,OD2,10,0.00033332222259258026
TYR,240,OH,TYR,83,OH,10,0.00033332222259258026
TYR,240,OH,GLU,254,O,10,0.00033332222259258026
TYR,240,OH,ASN,259,OD1,10,0.00033332222259258026
SER,332,N,ARG,330,O,10,0.00033332222259258026
SER,332,OG,THR,278,OG1,10,0.00033332222259258026
LEU,368,N,SER,365,O,10,0.00033332222259258026
LYS,376,NZ,ASN,381,OD1,10,0.00033332222259258026
PHE,380,N,TYR,289,OH,10,0.00033332222259258026
LYS,394,NZ,GLU,322,OE1,10,0.00033332222259258026
SER,430,OG,ARG,463,O,10,0.00033332222259258026
GLY,13,N,PRO,10,O,9,0.0002999900003333222
ALA,66,N,GLU,65,OE2,9,0.0002999900003333222
ARG,70,NH1,ARG,406,NH1,9,0.0002999900003333222
ILE,86,N,SER,266,OG,9,0.0002999900003333222
ASN,89,ND2,ASN,91,OD1,9,0.0002999900003333222
SER,100,OG,PHE,99,O,9,0.0002999900003333222
THR,103,OG1,LYS,234,O,9,0.0002999900003333222
SER,113,N,LYS,111,O,9,0.0002999900003333222
ARG,117,NH1,GLY,157,O,9,0.0002999900003333222
HIE,161,NE2,GLN,163,NE2,9,0.0002999900003333222
GLN,163,NE2,ASP,164,OD2,9,0.0002999900003333222
SER,179,N,GLN,176,O,9,0.0002999900003333222
GLN,205,NE2,GLN,176,NE2,9,0.0002999900003333222
LYS,246,NZ,PRO,230,O,9,0.0002999900003333222
SER,256,OG,PHE,255,O,9,0.0002999900003333222
GLN,258,N,GLN,258,NE2,9,0.0002999900003333222
GLN,258,NE2,TYR,83,OH,9,0.0002999900003333222
ASN,259,ND2,TYR,240,OH,9,0.0002999900003333222
ASN,263,ND2,ASN,263,O,9,0.0002999900003333222
ARG,280,NH2,THR,455,OG1,9,0.0002999900003333222
ARG,298,N,ARG,295,O,9,0.0002999900003333222
GLN,302,NE2,GLU,301,O,9,0.0002999900003333222
ARG,308,NH2,PRO,309,O,9,0.0002999900003333222
LYS,317,NZ,VAL,303,O,9,0.0002999900003333222
GLN,345,NE2,ALA,66,N,9,0.0002999900003333222
HIE,346,N,GLN,345,NE2,9,0.0002999900003333222
ARG,415,NH1,GLN,329,OE1,9,0.0002999900003333222
SER,430,OG,ARG,463,NH2,9,0.0002999900003333222
ARG,463,NE,GLN,427,O,9,0.0002999900003333222
ARG,7,NE,ARG,7,O,8,0.0002666577780740642
ARG,20,NE,ARG,20,O,8,0.0002666577780740642
ARG,20,NH2,LEU,16,O,8,0.0002666577780740642
ARG,31,NH1,GLU,32,OE1,8,0.0002666577780740642
LYS,72,NZ,LYS,72,O,8,0.0002666577780740642
ARG,81,NH2,TYR,83,OH,8,0.0002666577780740642
ASN,91,N,ASN,89,OD1,8,0.0002666577780740642
ARG,92,NE,TYR,83,OH,8,0.0002666577780740642
THR,103,N,VAL,101,O,8,0.0002666577780740642
ASN,149,N,ILE,146,O,8,0.0002666577780740642
GLY,157,N,SER,153,O,8,0.0002666577780740642
GLN,176,NE2,ASN,209,ND2,8,0.0002666577780740642
GLN,187,N,GLN,187,NE2,8,0.0002666577780740642
LYS,197,N,PHE,195,O,8,0.0002666577780740642
LYS,197,NZ,ASP,77,OD1,8,0.0002666577780740642
LYS,208,NZ,ARG,204,O,8,0.0002666577780740642
THR,227,OG1,THR,227,O,8,0.0002666577780740642
LYS,234,NZ,THR,227,OG1,8,0.0002666577780740642
THR,239,N,LEU,236,O,8,0.0002666577780740642
THR,275,OG1,THR,274,OG1,8,0.0002666577780740642
ARG,298,NE,GLN,302,NE2,8,0.0002666577780740642
ARG,315,NH2,GLU,417,OE1,8,0.0002666577780740642
MET,337,N,GLY,448,O,8,0.0002666577780740642
ILE,342,N,PHE,67,O,8,0.0002666577780740642
THR,347,N,GLN,345,O,8,0.0002666577780740642
LYS,393,NZ,ASP,383,OD2,8,0.0002666577780740642
THR,395,OG1,TYR,373,O,8,0.0002666577780740642
ILE,407,N,ARG,97,NH2,8,0.0002666577780740642
GLN,427,NE2,PRO,306,O,8,0.0002666577780740642
PHE,429,N,LEU,426,O,8,0.0002666577780740642
GLN,445,NE2,THR,455,N,8,0.0002666577780740642
GLY,450,N,SER,182,O,8,0.0002666577780740642
GLN,457,NE2,THR,455,OG1,8,0.0002666577780740642
GLN,17,NE2,ARG,7,N,7,0.00023332555581480617
ASP,19,N,GLN,17,O,7,0.00023332555581480617
ARG,29,NE,GLN,17,O,7,0.00023332555581480617
ARG,29,NH2,GLU,32,O,7,0.00023332555581480617
ARG,45,NH1,GLU,190,OE1,7,0.00023332555581480617
ARG,57,NH1,GLU,396,O,7,0.00023332555581480617
ARG,70,NH1,HM1,464,O2D,7,0.00023332555581480617
GLY,71,N,GLY,69,O,7,0.00023332555581480617
ARG,81,NH2,GLN,211,OE1,7,0.00023332555581480617
ARG,98,N,VAL,95,O,7,0.00023332555581480617
ARG,98,NE,THR,102,OG1,7,0.00023332555581480617
ARG,98,NH1,ASP,106,OD2,7,0.00023332555581480617
THR,103,OG1,THR,102,OG1,7,0.00023332555581480617
SER,132,OG,LYS,133,O,7,0.00023332555581480617
ALA,148,N,SER,145,O,7,0.00023332555581480617
THR,177,OG1,ASN,209,OD1,7,0.00023332555581480617
GLY,201,N,ARG,204,NE,7,0.00023332555581480617
LYS,208,N,GLN,205,O,7,0.00023332555581480617
LEU,210,N,TYR,207,O,7,0.00023332555581480617
GLN,211,N,LYS,208,O,7,0.00023332555581480617
ARG,225,NE,GLU,222,O,7,0.00023332555581480617
TYR,240,OH,ASN,259,O,7,0.00023332555581480617
THR,272,N,ALA,270,O,7,0.00023332555581480617
ARG,298,NH1,GLU,294,O,7,0.00023332555581480617
LYS,356,NZ,GLN,345,NE2,7,0.00023332555581480617
LYS,376,NZ,ASP,383,OD1,7,0.00023332555581480617
ASN,389,ND2,ALA,388,O,7,0.00023332555581480617
LYS,405,NZ,VAL,61,O,7,0.00023332555581480617
PHE,419,N,ARG,415,O,7,0.00023332555581480617
VAL,449,N,GLY,450,O,7,0.00023332555581480617
ARG,20,NE,LEU,15,O,6,0.00019999333355554815
ARG,20,NE,MET,18,O,6,0.00019999333355554815
LEU,28,N,LYS,25,O,6,0.00019999333355554815
ARG,31,N,LEU,28,O,6,0.00019999333355554815
THR,39,N,PRO,3,O,6,0.00019999333355554815
LYS,72,NZ,SER,193,OG,6,0.00019999333355554815
ASN,89,ND2,ARG,70,N,6,0.00019999333355554815
ASN,89,ND2,ALA,88,O,6,0.00019999333355554815
ARG,112,NH1,LYS,111,O,6,0.00019999333355554815
LYS,133,NZ,LYS,133,O,6,0.00019999333355554815
ARG,159,NH2,HIE,161,ND1,6,0.00019999333355554815
GLN,165,NE2,GLN,163,NE2,6,0.00019999333355554815
GLU,166,N,GLN,165,OE1,6,0.00019999333355554815
SER,179,OG,GLN,445,OE1,6,0.00019999333355554815
GLN,187,NE2,VAL,184,N,6,0.00019999333355554815
LYS,208,NZ,GLN,211,NE2,6,0.00019999333355554815
ASN,209,ND2,GLN,176,O,6,0.00019999333355554815
ILE,217,N,ASN,214,O,6,0.00019999333355554815
GLU,222,N,HIE,219,O,6,0.00019999333355554815
GLU,226,N,HIP,224,O,6,0.00019999333355554815
THR,239,OG1,LEU,236,O,6,0.00019999333355554815
LYS,246,NZ,LYS,246,O,6,0.00019999333355554815
LYS,246,NZ,SER,249,OG,6,0.00019999333355554815
PHE,255,N,SER,253,O,6,0.00019999333355554815
GLN,258,NE2,ARG,81,NH2,6,0.00019999333355554815
ASN,259,ND2,TYR,83,O,6,0.00019999333355554815
SER,266,OG,SER,266,O,6,0.00019999333355554815
ARG,280,NH2,THR,277,OG1,6,0.00019999333355554815
ILE,304,N,GLU,299,O,6,0.00019999333355554815
HIE,307,N,ILE,304,O,6,0.00019999333355554815
ALA,391,N,ASN,389,ND2,6,0.00019999333355554815
THR,423,N,LEU,420,O,6,0.00019999333355554815
SER,430,OG,MET,431,O,6,0.00019999333355554815
SER,433,OG,GLN,457,OE1,6,0.00019999333355554815
GLY,450,N,CYS,447,O,6,0.00019999333355554815
ARG,7,NE,PRO,8,O,5,0.00016666111129629013
GLN,17,NE2,LEU,16,O,5,0.00016666111129629013
SER,26,OG,GLN,17,O,5,0.00016666111129629013
ARG,31,NE,ASP,36,N,5,0.00016666111129629013
LEU,42,N,VAL,40,O,5,0.00016666111129629013
LYS,63,NZ,SER,348,OG,5,0.00016666111129629013
ARG,81,NH2,GLN,258,NE2,5,0.00016666111129629013
ARG,92,NH1,TYR,83,OH,5,0.00016666111129629013
ARG,98,NH1,THR,102,OG1,5,0.00016666111129629013
ARG,112,NE,GLU,116,O,5,0.00016666111129629013
VAL,114,N,GLU,115,OE1,5,0.00016666111129629013
GLU,116,N,GLU,116,OE1,5,0.00016666111129629013
GLN,119,NE2,GLN,119,O,5,0.00016666111129629013
LEU,129,N,ILE,126,O,5,0.00016666111129629013
ASN,149,ND2,ARG,159,NH1,5,0.00016666111129629013
LYS,158,NZ,GLU,166,OE1,5,0.00016666111129629013
ARG,159,NH2,TYR,162,OH,5,0.00016666111129629013
TYR,162,N,HIE,161,NE2,5,0.00016666111129629013
SER,179,OG,GLU,446,OE1,5,0.00016666111129629013
LYS,197,NZ,SER,193,OG,5,0.00016666111129629013
TYR,207,OH,GLN,211,NE2,5,0.00016666111129629013
LYS,208,NZ,GLN,205,NE2,5,0.00016666111129629013
ASN,209,ND2,THR,177,N,5,0.00016666111129629013
SER,220,OG,TYR,216,OH,5,0.00016666111129629013
LYS,223,NZ,LYS,223,O,5,0.00016666111129629013
GLU,254,N,GLU,247,OE1,5,0.00016666111129629013
ASN,259,ND2,SER,256,O,5,0.00016666111129629013
ARG,280,NH2,GLN,445,NE2,5,0.00016666111129629013
MET,286,N,PHE,283,O,5,0.00016666111129629013
GLN,302,NE2,ARG,298,NH1,5,0.00016666111129629013
GLN,302,NE2,ARG,298,NH2,5,0.00016666111129629013
ARG,308,NE,PRO,309,O,5,0.00016666111129629013
ARG,315,NE,GLU,417,OE1,5,0.00016666111129629013
ARG,350,NH2,ALA,55,N,5,0.00016666111129629013
ASN,389,ND2,ASN,389,O,5,0.00016666111129629013
LYS,393,NZ,GLU,375,OE1,5,0.00016666111129629013
THR,395,OG1,LYS,394,O,5,0.00016666111129629013
ARG,415,N,GLU,417,OE1,5,0.00016666111129629013
THR,424,OG1,ALA,122,O,5,0.00016666111129629013
THR,443,N,ASP,441,O,5,0.00016666111129629013
GLY,450,N,SER,182,OG,5,0.00016666111129629013
ARG,7,NH1,ARG,7,O,4,0.0001333288890370321
ARG,7,NH2,PRO,8,O,4,0.0001333288890370321
ARG,21,NH2,ARG,29,NH1,4,0.0001333288890370321
LYS,25,NZ,ARG,21,NH1,4,0.0001333288890370321
ARG,29,NH2,MET,18,O,4,0.0001333288890370321
ARG,29,NH2,ARG,21,NH2,4,0.0001333288890370321
ARG,31,NH1,GLU,32,OE2,4,0.0001333288890370321
LYS,33,NZ,GLU,32,O,4,0.0001333288890370321
ARG,45,NH1,PRO,46,O,4,0.0001333288890370321
ALA,64,N,ALA,59,O,4,0.0001333288890370321
GLY,69,N,ALA,66,O,4,0.0001333288890370321
ARG,70,NE,HID,341,ND1,4,0.0001333288890370321
LYS,72,NZ,ARG,45,NH2,4,0.0001333288890370321
ARG,81,NE,GLN,258,OE1,4,0.0001333288890370321
ARG,98,NH2,ASN,91,OD1,4,0.0001333288890370321
ARG,112,NH1,GLU,116,O,4,0.0001333288890370321
VAL,114,N,GLU,115,OE2,4,0.0001333288890370321
ARG,117,NH2,GLU,116,OE1,4,0.0001333288890370321
ARG,117,NH2,GLU,116,OE2,4,0.0001333288890370321
ALA,122,N,GLN,119,O,4,0.0001333288890370321
SER,132,OG,PHE,460,O,4,0.0001333288890370321
GLN,144,NE2,TYR,175,N,4,0.0001333288890370321
ARG,159,NH2,GLN,123,OE1,4,0.0001333288890370321
GLN,163,NE2,GLN,165,OE1,4,0.0001333288890370321
TYR,175,OH,PRO,453,O,4,0.0001333288890370321
SER,179,OG,GLN,176,OE1,4,0.0001333288890370321
SER,183,N,ILE,181,O,4,0.0001333288890370321
ALA,202,N,PRO,200,O,4,0.0001333288890370321
HIE,203,NE2,ARG,204,NH2,4,0.0001333288890370321
ARG,204,NH2,PHE,199,N,4,0.0001333288890370321
TYR,207,N,ARG,204,O,4,0.0001333288890370321
LYS,223,N,SER,220,O,4,0.0001333288890370321
LYS,223,NZ,HIE,219,NE2,4,0.0001333288890370321
GLU,226,N,GLU,226,OE1,4,0.0001333288890370321
GLU,226,N,GLU,226,OE2,4,0.0001333288890370321
ASP,229,N,ASP,238,OD2,4,0.0001333288890370321
LYS,246,NZ,HID,243,O,4,0.0001333288890370321
ASN,250,ND2,LYS,246,O,4,0.0001333288890370321
ASN,261,ND2,GLN,258,NE2,4,0.0001333288890370321
THR,274,OG1,GLY,271,O,4,0.0001333288890370321
LEU,279,N,SER,276,O,4,0.0001333288890370321
ARG,280,NE,THR,277,N,4,0.0001333288890370321
ARG,280,NE,PRO,453,O,4,0.0001333288890370321
TYR,281,N,THR,278,O,4,0.0001333288890370321
LEU,285,N,GLY,282,O,4,0.0001333288890370321
ARG,295,NE,GLU,299,OE2,4,0.0001333288890370321
TYR,297,OH,GLN,427,O,4,0.0001333288890370321
ARG,308,NH2,ILE,304,O,4,0.0001333288890370321
ILE,328,N,ILE,325,O,4,0.0001333288890370321
GLN,329,N,TYR,326,O,4,0.0001333288890370321
THR,344,OG1,ASP,357,OD1,4,0.0001333288890370321
THR,344,OG1,ASP,357,OD2,4,0.0001333288890370321
HID,369,ND1,SER,365,OG,4,0.0001333288890370321
LYS,394,NZ,LYS,394,O,4,0.0001333288890370321
SER,402,OG,HID,341,NE2,4,0.0001333288890370321
ARG,406,NH1,TRP,93,NE1,4,0.0001333288890370321
ILE,407,N,LEU,403,O,4,0.0001333288890370321
SER,430,OG,ARG,463,NH1,4,0.0001333288890370321
PHE,460,N,ALA,135,O,4,0.0001333288890370321
GLY,13,N,LEU,11,O,3,9.999666677777408e-05
ASN,14,ND2,PRO,8,N,3,9.999666677777408e-05
LYS,25,NZ,LYS,25,O,3,9.999666677777408e-05
TYR,34,OH,GLY,5,O,3,9.999666677777408e-05
THR,39,OG1,PRO,3,N,3,9.999666677777408e-05
ARG,45,NE,GLU,190,O,3,9.999666677777408e-05
ARG,57,NE,VAL,53,O,3,9.999666677777408e-05
ASP,62,N,ALA,59,O,3,9.999666677777408e-05
ALA,74,N,LYS,72,O,3,9.999666677777408e-05
TYR,83,OH,GLU,254,O,3,9.999666677777408e-05
ARG,92,NE,GLY,82,O,3,9.999666677777408e-05
ARG,92,NH2,GLY,82,O,3,9.999666677777408e-05
THR,103,OG1,THR,102,O,3,9.999666677777408e-05
ARG,105,N,SER,100,O,3,9.999666677777408e-05
ARG,105,NH2,GLU,411,OE1,3,9.999666677777408e-05
LYS,111,NZ,LYS,111,O,3,9.999666677777408e-05
LYS,111,NZ,GLU,116,OE2,3,9.999666677777408e-05
ARG,112,NH2,GLY,110,O,3,9.999666677777408e-05
ARG,112,NH2,GLY,157,O,3,9.999666677777408e-05
ARG,130,NE,ILE,126,O,3,9.999666677777408e-05
ARG,130,NE,GLU,127,O,3,9.999666677777408e-05
LYS,131,NZ,LYS,131,O,3,9.999666677777408e-05
SER,132,OG,SER,132,O,3,9.999666677777408e-05
MET,137,N,ALA,135,O,3,9.999666677777408e-05
PHE,141,N,ASP,138,O,3,9.999666677777408e-05
LEU,142,N,ASP,138,O,3,9.999666677777408e-05
SER,153,OG,LYS,158,O,3,9.999666677777408e-05
ARG,159,NE,ARG,159,O,3,9.999666677777408e-05
HIE,161,N,HIE,161,ND1,3,9.999666677777408e-05
GLN,176,NE2,GLN,205,O,3,9.999666677777408e-05
GLN,187,NE2,LEU,23,N,3,9.999666677777408e-05
SER,193,OG,ALA,74,O,3,9.999666677777408e-05
ARG,204,NH1,GLN,205,OE1,3,9.999666677777408e-05
ASN,209,ND2,VAL,206,O,3,9.999666677777408e-05
HIP,224,N,GLU,222,O,3,9.999666677777408e-05
ARG,225,NH1,ARG,225,O,3,9.999666677777408e-05
ARG,225,NH2,GLU,245,OE2,3,9.999666677777408e-05
THR,227,OG1,LEU,228,O,3,9.999666677777408e-05
TYR,240,OH,ASN,263,ND2,3,9.999666677777408e-05
SER,249,OG,ASN,250,ND2,3,9.999666677777408e-05
ASN,250,N,LYS,246,O,3,9.999666677777408e-05
ALA,251,N,HIE,252,ND1,3,9.999666677777408e-05
SER,253,OG,ASN,250,OD1,3,9.999666677777408e-05
SER,253,OG,HIE,252,O,3,9.999666677777408e-05
PHE,255,N,GLU,247,OE1,3,9.999666677777408e-05
SER,256,OG,GLN,258,NE2,3,9.999666677777408e-05
HIE,257,NE2,ASN,261,OD1,3,9.999666677777408e-05
ASN,259,ND2,GLN,258,O,3,9.999666677777408e-05
ASN,263,N,LEU,260,O,3,9.999666677777408e-05
ASN,263,ND2,TYR,240,OH,3,9.999666677777408e-05
SER,276,N,GLU,273,O,3,9.999666677777408e-05
GLY,282,N,LEU,279,O,3,9.999666677777408e-05
LYS,288,NZ,LYS,288,O,3,9.999666677777408e-05
ARG,298,NE,ARG,298,O,3,9.999666677777408e-05
LEU,312,N,GLN,119,OE1,3,9.999666677777408e-05
LYS,317,NZ,ALA,316,O,3,9.999666677777408e-05
THR,321,N,MET,318,O,3,9.999666677777408e-05
TYR,326,OH,ARG,415,NH2,3,9.999666677777408e-05
THR,344,OG1,GLU,65,OE2,3,9.999666677777408e-05
GLN,345,NE2,GLN,345,O,3,9.999666677777408e-05
GLN,345,NE2,HIE,346,ND1,3,9.999666677777408e-05
ARG,350,NH1,GLU,54,O,3,9.999666677777408e-05
TYR,373,OH,ARG,57,NH2,3,9.999666677777408e-05
ALA,379,N,ASP,378,OD2,3,9.999666677777408e-05
ASP,383,N,ASP,383,OD2,3,9.999666677777408e-05
LYS,393,NZ,LEU,392,O,3,9.999666677777408e-05
GLY,410,N,CM1,408,O,3,9.999666677777408e-05
GLY,412,N,GLY,410,O,3,9.999666677777408e-05
ARG,415,N,ILE,413,O,3,9.999666677777408e-05
SER,430,N,PRO,462,O,3,9.999666677777408e-05
SER,430,OG,ARG,463,OXT,3,9.999666677777408e-05
TYR,456,OH,PHE,283,O,3,9.999666677777408e-05
GLN,457,N,GLN,457,OE1,3,9.999666677777408e-05
GLN,457,NE2,MET,137,O,3,9.999666677777408e-05
GLN,457,NE2,ASP,138,OD2,3,9.999666677777408e-05
PHE,460,N,SER,132,O,3,9.999666677777408e-05
ARG,7,NE,GLY,5,O,2,6.666444451851606e-05
GLN,17,N,LEU,15,O,2,6.666444451851606e-05
ARG,20,N,ASP,19,OD2,2,6.666444451851606e-05
ARG,29,NH1,LEU,28,O,2,6.666444451851606e-05
ARG,29,NH2,SER,26,OG,2,6.666444451851606e-05
ARG,31,NE,GLY,35,O,2,6.666444451851606e-05
ARG,31,NH2,CYS,51,O,2,6.666444451851606e-05
THR,39,OG1,VAL,48,N,2,6.666444451851606e-05
GLU,54,N,GLU,54,OE1,2,6.666444451851606e-05
GLU,54,N,TYR,373,OH,2,6.666444451851606e-05
ARG,57,NH1,GLU,58,OE1,2,6.666444451851606e-05
SER,68,OG,SER,68,O,2,6.666444451851606e-05
LYS,72,NZ,ARG,45,NH1,2,6.666444451851606e-05
ARG,81,NH2,TYR,198,OH,2,6.666444451851606e-05
ARG,81,NH2,ASN,259,ND2,2,6.666444451851606e-05
GLY,82,N,PHE,80,O,2,6.666444451851606e-05
TYR,83,OH,GLN,258,OE1,2,6.666444451851606e-05
ILE,86,N,GLY,84,O,2,6.666444451851606e-05
ARG,92,N,ASN,91,OD1,2,6.666444451851606e-05
ARG,92,NH2,ASN,89,OD1,2,6.666444451851606e-05
SER,100,OG,ASN,263,OD1,2,6.666444451851606e-05
THR,102,OG1,THR,103,OG1,2,6.666444451851606e-05
ARG,105,N,ASP,106,O,2,6.666444451851606e-05
MET,109,N,ASP,106,O,2,6.666444451851606e-05
ARG,112,NH1,MET,109,O,2,6.666444451851606e-05
GLN,119,NE2,GLU,116,OE2,2,6.666444451851606e-05
ARG,130,NH2,GLN,123,NE2,2,6.666444451851606e-05
LYS,131,NZ,GLU,128,O,2,6.666444451851606e-05
GLN,144,NE2,ARG,280,NH1,2,6.666444451851606e-05
SER,145,OG,TYR,162,O,2,6.666444451851606e-05
PHE,156,N,ILE,151,O,2,6.666444451851606e-05
GLN,163,N,HIE,161,NE2,2,6.666444451851606e-05
LYS,169,NZ,GLN,165,NE2,2,6.666444451851606e-05
LYS,169,NZ,GLN,176,OE1,2,6.666444451851606e-05
TYR,175,OH,THR,455,OG1,2,6.666444451851606e-05
THR,177,OG1,GLN,176,OE1,2,6.666444451851606e-05
SER,179,OG,SER,179,O,2,6.666444451851606e-05
PHE,195,N,SER,193,O,2,6.666444451851606e-05
LYS,197,N,PHE,192,O,2,6.666444451851606e-05
TYR,198,N,GLY,194,O,2,6.666444451851606e-05
TYR,198,N,LEU,196,O,2,6.666444451851606e-05
PHE,199,N,LYS,197,O,2,6.666444451851606e-05
GLY,201,N,ARG,204,NH2,2,6.666444451851606e-05
GLN,205,NE2,ARG,204,NH2,2,6.666444451851606e-05
TYR,207,OH,ARG,81,NH1,2,6.666444451851606e-05
ASN,214,N,GLN,211,O,2,6.666444451851606e-05
ASN,214,ND2,LEU,262,N,2,6.666444451851606e-05
LYS,223,NZ,GLU,222,OE1,2,6.666444451851606e-05
LYS,223,NZ,GLU,226,O,2,6.666444451851606e-05
ALA,232,N,PRO,230,O,2,6.666444451851606e-05
THR,239,OG1,THR,103,OG1,2,6.666444451851606e-05
THR,239,OG1,PRO,233,O,2,6.666444451851606e-05
THR,239,OG1,ASP,238,OD1,2,6.666444451851606e-05
SER,249,N,GLU,245,O,2,6.666444451851606e-05
SER,249,OG,SER,249,O,2,6.666444451851606e-05
HIE,252,NE2,ASN,91,OD1,2,6.666444451851606e-05
SER,253,OG,LYS,248,O,2,6.666444451851606e-05
HIE,257,NE2,GLN,258,NE2,2,6.666444451851606e-05
GLN,258,NE2,ARG,81,NH1,2,6.666444451851606e-05
ASN,259,ND2,ARG,92,NH1,2,6.666444451851606e-05
ASN,259,ND2,ARG,92,NH2,2,6.666444451851606e-05
LEU,265,N,LEU,262,O,2,6.666444451851606e-05
THR,272,OG1,ALA,148,N,2,6.666444451851606e-05
SER,276,OG,THR,147,OG1,2,6.666444451851606e-05
ARG,280,NE,PRO,454,O,2,6.666444451851606e-05
ARG,295,NE,HIE,291,ND1,2,6.666444451851606e-05
ARG,295,NH1,ASP,383,OD1,2,6.666444451851606e-05
TYR,297,OH,ARG,463,O,2,6.666444451851606e-05
TYR,297,OH,ARG,463,OXT,2,6.666444451851606e-05
ARG,298,NH1,GLN,302,NE2,2,6.666444451851606e-05
ARG,298,NH2,GLN,302,NE2,2,6.666444451851606e-05
ILE,300,N,TYR,297,O,2,6.666444451851606e-05
ARG,308,NH1,GLU,311,OE2,2,6.666444451851606e-05
HIE,313,N,GLU,311,O,2,6.666444451851606e-05
HIE,313,NE2,ARG,308,NH2,2,6.666444451851606e-05
ARG,330,NH2,ALA,379,O,2,6.666444451851606e-05
SER,348,OG,SER,348,O,2,6.666444451851606e-05
ARG,350,NE,GLU,54,OE1,2,6.666444451851606e-05
LYS,356,NZ,HIE,346,ND1,2,6.666444451851606e-05
THR,358,N,LYS,356,O,2,6.666444451851606e-05
HID,369,ND1,ASP,333,OD1,2,6.666444451851606e-05
LYS,376,NZ,ASN,381,ND2,2,6.666444451851606e-05
ASN,381,ND2,GLU,375,O,2,6.666444451851606e-05
HIP,384,NE2,GLU,375,OE2,2,6.666444451851606e-05
LYS,394,NZ,ASP,387,OD2,2,6.666444451851606e-05
PHE,398,N,GLU,396,O,2,6.666444451851606e-05
ARG,406,NH1,HM1,464,O1A,2,6.666444451851606e-05
ALA,414,N,GLU,417,OE2,2,6.666444451851606e-05
GLU,417,N,ALA,414,O,2,6.666444451851606e-05
GLN,427,NE2,HIE,307,O,2,6.666444451851606e-05
ASP,439,N,PRO,437,O,2,6.666444451851606e-05
GLN,445,NE2,THR,443,O,2,6.666444451851606e-05
GLN,445,NE2,PRO,454,O,2,6.666444451851606e-05
GLN,457,NE2,ASP,138,OD1,2,6.666444451851606e-05
ARG,463,NH2,ARG,463,O,2,6.666444451851606e-05
ARG,463,NH2,ARG,463,OXT,2,6.666444451851606e-05
ARG,1,NH1,ARG,1,O,1,3.333222225925803e-05
ARG,7,N,GLN,17,OE1,1,3.333222225925803e-05
LEU,9,N,GLY,13,N,1,3.333222225925803e-05
LEU,9,N,GLY,43,O,1,3.333222225925803e-05
LEU,11,N,LEU,9,O,1,3.333222225925803e-05
ARG,20,N,MET,18,O,1,3.333222225925803e-05
ARG,20,NH1,VAL,184,O,1,3.333222225925803e-05
ARG,20,NH1,GLN,187,OE1,1,3.333222225925803e-05
ARG,21,NH2,LYS,25,O,1,3.333222225925803e-05
ARG,21,NH2,PRO,444,O,1,3.333222225925803e-05
LEU,23,N,GLN,187,O,1,3.333222225925803e-05
LEU,24,N,GLY,448,O,1,3.333222225925803e-05
LYS,25,NZ,ARG,29,NH2,1,3.333222225925803e-05
SER,26,OG,ASP,19,O,1,3.333222225925803e-05
SER,26,OG,SER,26,O,1,3.333222225925803e-05
SER,26,OG,GLN,187,NE2,1,3.333222225925803e-05
ARG,29,NH2,ASP,19,N,1,3.333222225925803e-05
ARG,31,NE,ARG,31,O,1,3.333222225925803e-05
ARG,31,NH2,ARG,31,O,1,3.333222225925803e-05
ASP,36,N,ARG,350,NH1,1,3.333222225925803e-05
VAL,37,N,TYR,34,O,1,3.333222225925803e-05
THR,39,OG1,THR,39,O,1,3.333222225925803e-05
HIE,41,NE2,PRO,6,O,1,3.333222225925803e-05
HIE,41,NE2,GLY,43,O,1,3.333222225925803e-05
GLY,43,N,GLY,13,N,1,3.333222225925803e-05
ARG,45,NH1,GLU,190,OE2,1,3.333222225925803e-05
ARG,57,N,GLU,54,O,1,3.333222225925803e-05
ARG,57,NE,TYR,373,OH,1,3.333222225925803e-05
VAL,61,N,ALA,59,O,1,3.333222225925803e-05
ARG,70,NH2,ARG,406,NH1,1,3.333222225925803e-05
GLY,71,N,HID,341,O,1,3.333222225925803e-05
LYS,72,NZ,ARG,81,NH1,1,3.333222225925803e-05
ILE,73,N,GLY,71,O,1,3.333222225925803e-05
ARG,81,NE,ARG,81,O,1,3.333222225925803e-05
ARG,81,NH1,TYR,198,OH,1,3.333222225925803e-05
ARG,81,NH1,GLN,258,NE2,1,3.333222225925803e-05
ARG,81,NH2,ASP,77,O,1,3.333222225925803e-05
TYR,83,OH,ARG,92,NH1,1,3.333222225925803e-05
TYR,83,OH,ARG,92,NH2,1,3.333222225925803e-05
TYR,83,OH,GLN,258,NE2,1,3.333222225925803e-05
TYR,83,OH,ASN,259,OD1,1,3.333222225925803e-05
ASN,89,ND2,SER,68,OG,1,3.333222225925803e-05
ASN,91,ND2,ASN,89,OD1,1,3.333222225925803e-05
ASN,91,ND2,ARG,92,NH2,1,3.333222225925803e-05
ARG,92,NH1,ASN,89,OD1,1,3.333222225925803e-05
ARG,92,NH2,ASN,259,ND2,1,3.333222225925803e-05
LYS,94,NZ,ASN,91,O,1,3.333222225925803e-05
ARG,97,NH2,ARG,105,NH1,1,3.333222225925803e-05
ARG,97,NH2,HM1,464,O1D,1,3.333222225925803e-05
ARG,98,NH2,GLU,247,OE1,1,3.333222225925803e-05
THR,102,OG1,ASP,106,OD1,1,3.333222225925803e-05
THR,102,OG1,ASP,106,O,1,3.333222225925803e-05
PHE,107,N,THR,103,O,1,3.333222225925803e-05
LYS,111,NZ,ASP,106,O,1,3.333222225925803e-05
LYS,111,NZ,GLU,116,OE1,1,3.333222225925803e-05
LYS,111,NZ,SER,153,OG,1,3.333222225925803e-05
LYS,111,NZ,SER,153,O,1,3.333222225925803e-05
LYS,111,NZ,SER,231,OG,1,3.333222225925803e-05
ARG,112,N,ARG,117,NH1,1,3.333222225925803e-05
ARG,112,NH1,ARG,117,NH1,1,3.333222225925803e-05
ARG,112,NH1,LYS,234,O,1,3.333222225925803e-05
ARG,112,NH2,SER,153,OG,1,3.333222225925803e-05
ARG,112,NH2,LYS,234,O,1,3.333222225925803e-05
ARG,117,NH2,VAL,114,N,1,3.333222225925803e-05
ARG,117,NH2,GLU,121,OE1,1,3.333222225925803e-05
GLN,119,NE2,GLN,123,NE2,1,3.333222225925803e-05
GLN,123,N,GLN,123,OE1,1,3.333222225925803e-05
GLN,123,NE2,ARG,130,NH2,1,3.333222225925803e-05
ARG,130,NH2,HIE,307,ND1,1,3.333222225925803e-05
ARG,130,NH2,ASN,428,O,1,3.333222225925803e-05
LYS,131,NZ,ARG,130,NH2,1,3.333222225925803e-05
SER,132,OG,LEU,129,N,1,3.333222225925803e-05
GLY,134,N,LYS,131,O,1,3.333222225925803e-05
ASP,138,N,GLN,457,OE1,1,3.333222225925803e-05
PHE,143,N,THR,140,O,1,3.333222225925803e-05
ILE,146,N,PHE,143,O,1,3.333222225925803e-05
THR,147,OG1,SER,276,N,1,3.333222225925803e-05
SER,153,OG,ARG,112,NH2,1,3.333222225925803e-05
SER,153,OG,ASN,149,OD1,1,3.333222225925803e-05
SER,153,OG,SER,153,O,1,3.333222225925803e-05
ILE,154,N,CYS,152,O,1,3.333222225925803e-05
GLY,157,N,VAL,155,N,1,3.333222225925803e-05
ARG,159,NE,PHE,160,O,1,3.333222225925803e-05
ARG,159,NE,HIE,161,ND1,1,3.333222225925803e-05
ARG,159,NH1,GLU,121,N,1,3.333222225925803e-05
TYR,162,OH,CYS,124,O,1,3.333222225925803e-05
TYR,162,OH,ARG,159,NH2,1,3.333222225925803e-05
GLN,163,N,GLN,163,OE1,1,3.333222225925803e-05
GLN,163,NE2,GLN,165,NE2,1,3.333222225925803e-05
GLN,165,NE2,ASP,164,OD1,1,3.333222225925803e-05
GLN,165,NE2,GLN,165,N,1,3.333222225925803e-05
GLN,165,NE2,GLU,166,N,1,3.333222225925803e-05
GLN,165,NE2,ASN,172,OD1,1,3.333222225925803e-05
PHE,167,N,GLN,165,O,1,3.333222225925803e-05
LYS,169,NZ,GLU,212,O,1,3.333222225925803e-05
ASN,172,ND2,GLN,144,OE1,1,3.333222225925803e-05
TYR,175,OH,ARG,280,NH2,1,3.333222225925803e-05
THR,177,OG1,PHE,174,O,1,3.333222225925803e-05
SER,179,OG,TYR,175,OH,1,3.333222225925803e-05
LEU,180,N,PHE,178,O,1,3.333222225925803e-05
SER,182,OG,GLU,446,O,1,3.333222225925803e-05
SER,182,OG,GLY,450,O,1,3.333222225925803e-05
VAL,184,N,SER,183,OG,1,3.333222225925803e-05
GLN,187,NE2,MET,18,O,1,3.333222225925803e-05
GLN,187,NE2,ILE,181,O,1,3.333222225925803e-05
GLN,187,NE2,LEU,188,N,1,3.333222225925803e-05
LEU,188,N,GLY,186,O,1,3.333222225925803e-05
GLY,201,N,HIE,203,ND1,1,3.333222225925803e-05
ARG,204,NH1,GLN,211,OE1,1,3.333222225925803e-05
ARG,204,NH2,GLY,201,O,1,3.333222225925803e-05
GLN,211,NE2,GLU,212,N,1,3.333222225925803e-05
ASN,214,ND2,ALA,215,N,1,3.333222225925803e-05
TYR,216,OH,PHE,167,N,1,3.333222225925803e-05
HIE,219,NE2,ALA,215,O,1,3.333222225925803e-05
ARG,225,NE,VAL,221,O,1,3.333222225925803e-05
THR,227,OG1,ASP,229,OD1,1,3.333222225925803e-05
THR,227,OG1,ASP,229,O,1,3.333222225925803e-05
THR,227,OG1,ASP,238,OD1,1,3.333222225925803e-05
ALA,232,N,SER,231,OG,1,3.333222225925803e-05
LYS,234,NZ,HIP,224,O,1,3.333222225925803e-05
ASP,235,N,PRO,233,O,1,3.333222225925803e-05
TYR,240,OH,PHE,255,O,1,3.333222225925803e-05
GLU,247,N,GLU,245,O,1,3.333222225925803e-05
LYS,248,NZ,LYS,246,O,1,3.333222225925803e-05
SER,249,N,ASN,250,OD1,1,3.333222225925803e-05
SER,249,OG,LYS,248,O,1,3.333222225925803e-05
HIE,252,NE2,ASN,250,OD1,1,3.333222225925803e-05
SER,253,N,HIE,252,NE2,1,3.333222225925803e-05
SER,253,OG,ASN,250,ND2,1,3.333222225925803e-05
GLU,254,N,SER,253,OG,1,3.333222225925803e-05
GLU,254,N,GLU,254,OE1,1,3.333222225925803e-05
GLU,254,N,GLU,254,OE2,1,3.333222225925803e-05
PHE,255,N,GLU,247,OE2,1,3.333222225925803e-05
SER,256,N,ASN,259,ND2,1,3.333222225925803e-05
SER,256,OG,ALA,251,O,1,3.333222225925803e-05
HIE,257,NE2,ARG,225,NH2,1,3.333222225925803e-05
GLN,258,NE2,ASN,259,N,1,3.333222225925803e-05
GLN,258,NE2,ASN,261,ND2,1,3.333222225925803e-05
ASN,259,N,GLN,258,OE1,1,3.333222225925803e-05
ASN,259,ND2,SER,253,O,1,3.333222225925803e-05
ASN,263,ND2,LEU,260,O,1,3.333222225925803e-05
SER,266,OG,GLY,84,O,1,3.333222225925803e-05
SER,266,OG,VAL,85,N,1,3.333222225925803e-05
ALA,270,N,PHE,268,O,1,3.333222225925803e-05
THR,275,OG1,THR,147,OG1,1,3.333222225925803e-05
THR,277,N,THR,274,O,1,3.333222225925803e-05
THR,277,OG1,ARG,280,NH2,1,3.333222225925803e-05
THR,278,OG1,GLN,329,OE1,1,3.333222225925803e-05
ARG,280,NH1,GLN,144,NE2,1,3.333222225925803e-05
ARG,280,NH2,ASP,138,OD2,1,3.333222225925803e-05
TYR,281,OH,SER,332,O,1,3.333222225925803e-05
TYR,281,OH,LYS,451,O,1,3.333222225925803e-05
PHE,283,N,ARG,280,O,1,3.333222225925803e-05
ARG,295,NE,ARG,295,O,1,3.333222225925803e-05
ARG,295,NE,ARG,298,NH2,1,3.333222225925803e-05
ARG,295,NE,TYR,320,OH,1,3.333222225925803e-05
ARG,295,NH1,ASP,383,OD2,1,3.333222225925803e-05
ARG,295,NH2,GLU,299,N,1,3.333222225925803e-05
ARG,295,NH2,ASP,383,OD1,1,3.333222225925803e-05
ARG,295,NH2,ASP,383,OD2,1,3.333222225925803e-05
TYR,297,N,GLU,294,O,1,3.333222225925803e-05
ARG,298,NE,GLU,294,O,1,3.333222225925803e-05
ARG,298,NH1,ARG,295,NH1,1,3.333222225925803e-05
ARG,298,NH1,GLU,299,OE2,1,3.333222225925803e-05
ARG,298,NH2,TYR,297,OH,1,3.333222225925803e-05
ARG,308,N,ILE,304,O,1,3.333222225925803e-05
ARG,308,NH1,GLU,311,OE1,1,3.333222225925803e-05
LEU,312,N,GLN,119,NE2,1,3.333222225925803e-05
HIE,313,N,HIE,313,ND1,1,3.333222225925803e-05
HIE,313,NE2,ARG,308,NH1,1,3.333222225925803e-05
ALA,316,N,ASP,314,O,1,3.333222225925803e-05
LYS,317,N,ARG,315,O,1,3.333222225925803e-05
LYS,317,NZ,LYS,317,O,1,3.333222225925803e-05
TYR,320,OH,ARG,295,NH1,1,3.333222225925803e-05
TYR,326,N,ALA,323,O,1,3.333222225925803e-05
GLN,329,NE2,ILE,325,O,1,3.333222225925803e-05
GLN,329,NE2,GLN,329,O,1,3.333222225925803e-05
ARG,330,NH2,ASP,378,O,1,3.333222225925803e-05
SER,332,OG,SER,332,O,1,3.333222225925803e-05
ASP,333,N,PHE,331,O,1,3.333222225925803e-05
LEU,334,N,GLN,329,O,1,3.333222225925803e-05
MET,337,N,LEU,335,O,1,3.333222225925803e-05
VAL,339,N,HID,341,NE2,1,3.333222225925803e-05
HID,341,ND1,VAL,360,O,1,3.333222225925803e-05
ILE,342,N,ARG,70,N,1,3.333222225925803e-05
THR,344,N,ILE,342,O,1,3.333222225925803e-05
THR,344,OG1,GLU,65,OE1,1,3.333222225925803e-05
THR,344,OG1,SER,68,O,1,3.333222225925803e-05
THR,344,OG1,GLY,69,N,1,3.333222225925803e-05
GLN,345,NE2,HIE,346,NE2,1,3.333222225925803e-05
HIE,346,N,HIE,346,ND1,1,3.333222225925803e-05
THR,347,OG1,GLN,345,OE1,1,3.333222225925803e-05
ARG,350,NH1,ALA,55,N,1,3.333222225925803e-05
LYS,356,NZ,LYS,356,O,1,3.333222225925803e-05
LEU,364,N,MET,337,O,1,3.333222225925803e-05
HID,369,ND1,PRO,377,O,1,3.333222225925803e-05
HIE,372,NE2,ASP,370,OD2,1,3.333222225925803e-05
GLU,375,N,TYR,373,O,1,3.333222225925803e-05
LYS,376,NZ,ASP,378,O,1,3.333222225925803e-05
ASP,378,N,LYS,376,O,1,3.333222225925803e-05
ALA,379,N,ASP,378,OD1,1,3.333222225925803e-05
ASN,381,ND2,HIP,384,NE2,1,3.333222225925803e-05
ASP,383,N,ASP,383,OD1,1,3.333222225925803e-05
HIP,384,N,ASN,381,OD1,1,3.333222225925803e-05
LYS,393,N,LEU,386,N,1,3.333222225925803e-05
LYS,393,N,ALA,391,O,1,3.333222225925803e-05
LYS,393,NZ,TYR,373,O,1,3.333222225925803e-05
LYS,393,NZ,ASP,383,OD1,1,3.333222225925803e-05
THR,395,N,LYS,393,O,1,3.333222225925803e-05
GLU,396,N,TYR,373,OH,1,3.333222225925803e-05
ALA,397,N,THR,395,O,1,3.333222225925803e-05
SER,402,OG,LEU,403,O,1,3.333222225925803e-05
GLY,404,N,SER,402,O,1,3.333222225925803e-05
LYS,405,NZ,LYS,405,O,1,3.333222225925803e-05
ARG,406,NH2,VAL,85,O,1,3.333222225925803e-05
ARG,406,NH2,HID,341,NE2,1,3.333222225925803e-05
GLU,411,N,GLU,411,OE2,1,3.333222225925803e-05
GLY,412,N,GLU,411,OE2,1,3.333222225925803e-05
LEU,418,N,ALA,416,O,1,3.333222225925803e-05
THR,424,N,PHE,421,O,1,3.333222225925803e-05
THR,424,OG1,PHE,421,O,1,3.333222225925803e-05
LEU,426,N,THR,423,O,1,3.333222225925803e-05
SER,430,OG,PHE,429,O,1,3.333222225925803e-05
SER,430,OG,SER,430,O,1,3.333222225925803e-05
ALA,432,N,SER,430,O,1,3.333222225925803e-05
THR,443,OG1,THR,443,O,1,3.333222225925803e-05
GLN,445,N,PRO,454,N,1,3.333222225925803e-05
CYS,447,N,GLU,446,OE1,1,3.333222225925803e-05
THR,455,OG1,THR,140,OG1,1,3.333222225925803e-05
TYR,456,N,ASP,138,OD2,1,3.333222225925803e-05
TYR,456,OH,LEU,284,N,1,3.333222225925803e-05
ARG,463,NE,SER,430,N,1,3.333222225925803e-05
ARG,463,NH2,ALA,293,O,1,3.333222225925803e-05
