donor_resname,donor_resid,donor_atom,acceptor_resname,acceptor_resid,acceptor_atom,count,frequency
THR,321,OG1,GLU,299,OE1,29381,0.97933402219926
ARG,330,NH2,GLU,327,OE1,28711,0.9570014332855572
THR,424,OG1,LEU,420,O,28688,0.9562347921735942
ASN,381,N,GLU,327,OE1,28479,0.9492683577214093
PHE,178,N,PHE,174,O,28457,0.9485350488317056
ILE,363,N,LEU,50,O,28193,0.9397353421552614
ARG,330,NE,GLU,327,OE2,28064,0.9354354854838172
THR,239,OG1,ASP,235,O,27892,0.9297023432552248
VAL,360,N,HID,341,O,27889,0.9296023465884471
PHE,361,N,VAL,48,O,27793,0.9264024532515582
GLU,301,N,TYR,297,O,27776,0.9258358054731509
VAL,40,N,VAL,47,O,27672,0.9223692543581881
TYR,456,OH,ARG,280,O,27617,0.9205359821339288
LEU,171,N,PHE,167,O,27555,0.9184693843538548
GLN,176,N,ASN,172,O,27515,0.9171360954634845
PHE,283,N,LEU,279,O,27450,0.9149695010166328
THR,177,OG1,LEU,173,O,27369,0.9122695910136329
LEU,210,N,VAL,206,O,27236,0.9078364054531516
ARG,330,NH1,LEU,368,O,27235,0.9078030732308923
PHE,421,N,GLU,417,O,27160,0.905303156561448
THR,423,OG1,PHE,419,O,27137,0.904536515449485
ILE,146,N,LEU,142,O,27108,0.9035698810039665
VAL,48,N,GLU,359,O,27100,0.9033032232258925
ARG,159,NE,GLU,121,OE1,27074,0.9024365854471518
ILE,458,N,MET,137,O,27014,0.9004366521115963
HIP,384,N,ASN,381,O,27007,0.9002033265557815
LEU,168,N,ASP,164,O,26867,0.8955368154394854
PHE,160,N,ASN,149,OD1,26803,0.8934035532148928
MET,49,N,PHE,38,O,26751,0.8916702776574115
TYR,281,N,THR,277,O,26736,0.8911702943235226
ASP,77,N,ILE,73,O,26729,0.8909369687677078
PHE,385,N,PRO,382,O,26716,0.8905036498783374
LEU,265,N,ASN,261,O,26664,0.8887703743208559
ASN,428,ND2,THR,424,O,26615,0.8871370954301523
THR,278,OG1,THR,274,O,26471,0.8823372554248192
LEU,241,N,ILE,237,O,26453,0.8817372754241525
VAL,343,N,THR,358,O,26427,0.8808706376454118
VAL,155,N,ILE,151,O,26377,0.8792040265324489
GLN,427,NE2,ARG,308,O,26351,0.8783373887537083
LYS,393,N,PHE,385,O,26329,0.8776040798640046
GLY,305,N,ILE,300,O,26268,0.8755708143061898
THR,423,N,PHE,419,O,26241,0.8746708443051898
ASP,164,N,HIE,161,O,26240,0.8746375120829306
ARG,280,N,SER,276,O,26200,0.8733042231925603
LEU,50,N,PHE,361,O,26113,0.8704043198560047
LEU,426,N,PHE,422,O,26081,0.8693376887437085
LEU,28,N,LEU,24,O,26074,0.8691043631878937
PHE,143,N,PRO,139,O,26053,0.8684043865204493
ASP,387,N,ALA,391,O,26044,0.868104396520116
PHE,349,N,TYR,352,O,25948,0.8649045031832272
LEU,9,N,GLY,13,O,25465,0.8488050398320056
TYR,326,N,GLU,322,O,25402,0.8467051098296724
ASN,14,N,HIE,41,O,25382,0.8460384653844872
ASN,149,ND2,PHE,160,O,25307,0.8435385487150429
VAL,101,N,ARG,97,O,25245,0.8414719509349688
ARG,159,NH2,GLU,121,OE2,25236,0.8411719609346355
ILE,452,N,GLU,446,O,25200,0.8399720009333023
ILE,126,N,ALA,122,O,25188,0.8395720142661911
SER,430,N,LEU,461,O,25139,0.8379387353754875
GLN,119,N,GLU,115,O,24946,0.8315056164794506
PHE,27,N,LEU,23,O,24937,0.8312056264791173
MET,137,N,ILE,458,O,24828,0.8275724142528582
GLU,417,N,ILE,413,O,24805,0.8268057731408953
THR,277,OG1,GLU,273,O,24781,0.8260057998066731
THR,103,OG1,PHE,99,O,24680,0.8226392453584881
THR,347,N,ILE,354,O,24673,0.8224059198026732
SER,332,OG,ILE,328,O,24659,0.8219392686910436
HIE,41,N,ASN,14,OD1,24650,0.8216392786907103
ILE,300,N,VAL,296,O,24622,0.8207059764674511
ILE,217,N,ILE,213,O,24552,0.818372720909303
SER,179,OG,TYR,175,O,24545,0.8181393953534882
ILE,354,N,THR,347,O,24544,0.8181060631312289
THR,344,N,ALA,66,O,24504,0.8167727742408586
THR,264,OG1,LEU,260,O,24423,0.8140728642378587
TYR,175,N,LEU,171,O,24407,0.8135395486817106
PHE,99,N,VAL,95,O,24403,0.8134062197926736
ARG,415,NH2,GLU,322,OE1,24316,0.8105063164561181
SER,276,N,THR,272,O,24307,0.8102063264557848
LEU,23,N,GLY,448,O,24297,0.8098730042331922
THR,39,N,PRO,4,O,24236,0.8078397386753775
PHE,374,N,ASP,370,O,24220,0.8073064231192294
SER,26,OG,GLY,22,O,24134,0.8044398520049332
GLU,322,N,MET,318,O,24127,0.8042065264491184
PHE,80,N,VAL,76,O,24031,0.8010066331122296
VAL,95,N,ASN,91,O,24013,0.8004066531115629
MET,244,N,TYR,240,O,23997,0.7998733375554148
HIE,372,N,ASP,370,OD2,23956,0.7985067164427853
ALA,122,N,ILE,118,O,23935,0.7978067397753408
LEU,129,N,LEU,125,O,23901,0.796673444218526
LYS,208,N,ARG,204,O,23857,0.7952068264391187
ARG,98,N,LYS,94,O,23842,0.7947068431052299
THR,102,N,ARG,98,O,23833,0.7944068531048964
VAL,206,N,ALA,202,O,23772,0.7923735875470818
ASP,238,N,ASP,235,OD1,23660,0.7886403786540449
VAL,303,N,GLU,299,O,23634,0.7877737408753042
THR,358,OG1,PRO,355,O,23521,0.784007199760008
PHE,192,N,LEU,188,O,23308,0.776907436418786
PHE,38,N,MET,49,O,23209,0.7736075464151195
THR,275,N,GLY,271,O,23156,0.7718409386353788
THR,321,N,GLU,299,OE1,23122,0.7707076430785641
ASN,263,N,ASN,259,O,23083,0.769407686410453
CYS,152,N,ALA,148,O,23064,0.768774374187527
VAL,324,N,TYR,320,O,22998,0.7665744475184161
ILE,325,N,THR,321,O,22911,0.7636745441818606
THR,424,N,LEU,420,O,22875,0.7624745841805273
LYS,94,N,GLY,90,O,22826,0.7608413052898236
LEU,96,N,ARG,92,O,22818,0.7605746475117496
LYS,223,N,HIE,219,O,22803,0.7600746641778607
GLN,329,N,ILE,325,O,22760,0.7586413786207127
ASN,14,ND2,GLN,17,OE1,22740,0.7579747341755275
ILE,56,N,GLY,52,O,22731,0.7576747441751942
GLN,211,N,TYR,207,O,22701,0.7566747775074164
ARG,70,NH1,HM1,464,O1A,22665,0.7554748175060831
LYS,356,N,HIE,346,ND1,22640,0.7546415119496017
SER,402,OG,ARG,406,O,22634,0.7544415186160461
TYR,34,N,PHE,30,O,22524,0.7507749741675277
TYR,207,N,HIE,203,O,22509,0.7502749908336389
PHE,174,N,MET,170,O,22478,0.7492416919436019
LEU,285,N,TYR,281,O,22470,0.7489750341655278
ALA,66,N,LYS,63,O,22468,0.7489083697210093
ARG,97,N,TRP,93,O,22418,0.7472417586080464
GLY,218,N,ASN,214,O,22415,0.7471417619412686
THR,264,N,LEU,260,O,22374,0.745775140828639
SER,179,N,TYR,175,O,22283,0.7427419086030466
GLN,427,NE2,GLY,305,O,22275,0.7424752508249725
LEU,279,N,THR,275,O,22213,0.7404086530448986
ALA,323,N,PRO,319,O,22151,0.7383420552648245
LYS,317,N,ASP,314,O,22092,0.7363754541515283
ARG,415,NH1,GLU,322,OE2,22053,0.7350754974834173
ASP,383,N,ASN,381,OD1,22030,0.7343088563714543
ARG,70,NH2,HM1,464,O2A,21910,0.7303089897003433
LYS,63,N,GLU,58,O,21804,0.7267757741408619
GLY,448,N,GLY,450,O,21791,0.7263424552514917
TYR,297,N,ALA,293,O,21735,0.7244758508049731
MET,286,N,GLY,282,O,21723,0.7240758641378621
VAL,221,N,ILE,217,O,21639,0.7212759574680844
THR,277,N,GLU,273,O,21456,0.7151761607946402
THR,395,OG1,HIP,384,O,21428,0.7142428585713809
THR,39,OG1,PRO,3,O,21408,0.7135762141261958
SER,100,N,LEU,96,O,21371,0.7123429219026033
ASN,14,ND2,PRO,6,O,21274,0.7091096963434552
SER,365,N,PRO,336,O,21245,0.7081430618979367
LEU,173,N,LYS,169,O,21242,0.708043065231159
ARG,31,N,PHE,27,O,21211,0.707009766341122
VAL,76,N,ILE,73,O,21142,0.7047098430052332
ASN,149,ND2,GLU,121,OE2,21074,0.7024432518916036
THR,347,OG1,GLN,345,O,21017,0.7005433152228259
GLU,222,N,GLY,218,O,20981,0.6993433552214926
MET,318,N,ARG,315,O,20978,0.6992433585547149
ARG,298,N,GLU,294,O,20862,0.695376820772641
ASN,209,N,GLN,205,O,20850,0.6949768341055298
GLN,187,NE2,ASP,19,O,20698,0.6899103363221226
THR,366,N,ILE,363,O,20536,0.6845105163161228
PHE,422,N,LEU,418,O,20432,0.68104396520116
ARG,459,N,ALA,432,O,20380,0.6793106896436786
SER,182,N,PHE,178,O,20361,0.6786773774207526
ILE,328,N,VAL,324,O,20322,0.6773774207526416
ASN,214,N,LEU,210,O,20310,0.6769774340855305
HID,341,N,VAL,360,O,20298,0.6765774474184194
ASN,259,ND2,GLU,254,O,20294,0.6764441185293824
PHE,156,N,CYS,152,O,20278,0.6759108029732342
PHE,189,N,PHE,185,O,20203,0.6734108863037899
ASP,19,N,SER,26,OG,20185,0.6728109063031232
ARG,57,N,VAL,53,O,20029,0.667611079630679
LEU,188,N,VAL,184,O,19995,0.6664777840738642
LEU,420,N,ALA,416,O,19991,0.6663444551848272
GLU,327,N,ALA,323,O,19908,0.6635778807373087
SER,193,OG,PHE,189,O,19901,0.6633445551814939
SER,153,N,ASN,149,O,19691,0.6563447885070498
TYR,83,N,PHE,80,O,19678,0.6559114696176794
ASN,250,N,GLU,247,O,19579,0.6526115796140128
ARG,308,NH1,PRO,309,O,19518,0.6505783140561981
SER,433,OG,GLN,457,O,19405,0.646811772940902
PHE,30,N,SER,26,O,19358,0.6452451584947169
ASP,106,N,VAL,101,O,19303,0.6434118862704576
GLN,187,N,SER,183,O,19089,0.6362787907069765
VAL,296,N,VAL,292,O,19067,0.6355454818172728
SER,193,N,PHE,189,O,18956,0.6318456051464951
ARG,21,N,ASP,19,OD1,18894,0.6297790073664211
SER,68,N,ILE,342,O,18887,0.6295456818106063
SER,256,N,TYR,240,OH,18728,0.6242458584713843
ALA,59,N,ALA,55,O,18611,0.6203459884670511
LYS,169,N,GLN,165,O,18434,0.6144461851271624
ARG,463,N,ASN,428,O,18407,0.6135462151261625
ALA,135,N,SER,132,O,18165,0.605479817339422
LEU,386,N,PRO,382,O,18082,0.6027132428919036
GLU,121,N,ARG,117,O,18043,0.6014132862237925
TYR,352,N,PHE,349,O,17988,0.5995800139995333
ARG,70,NE,PRO,340,O,17875,0.5958134728842371
LEU,196,N,PHE,192,O,17867,0.5955468151061631
GLU,58,N,GLU,54,O,17843,0.5947468417719409
THR,102,OG1,ARG,98,O,17812,0.5937135428819039
HID,369,ND1,SER,365,O,17806,0.5935135495483483
LYS,288,NZ,ILE,440,O,17756,0.5918469384353855
LEU,418,N,ALA,414,O,17621,0.5873470884303856
GLN,123,N,GLN,119,O,17476,0.5825139162027932
ARG,81,N,ASP,77,O,17462,0.5820472650911637
TYR,320,N,GLU,299,OE2,17427,0.5808806373120896
GLN,119,NE2,PRO,310,O,17388,0.5795806806439785
LEU,125,N,GLU,121,O,17321,0.5773474217526082
GLY,22,N,ASP,19,O,17163,0.5720809306356455
GLN,205,N,GLY,201,O,17109,0.5702809906336456
ILE,118,N,VAL,114,O,17089,0.5696143461884604
LEU,260,N,SER,256,O,16988,0.5662477917402753
ARG,295,N,HIE,291,O,16973,0.5657478084063865
ARG,415,N,GLY,410,O,16969,0.5656144795173494
ARG,70,NH1,ILE,86,O,16949,0.5649478350721643
LEU,461,N,SER,430,O,16922,0.5640478650711643
ARG,225,N,VAL,221,O,16834,0.5611146295123496
ILE,413,N,LEU,409,O,16811,0.5603479884003867
MET,170,N,GLU,166,O,16735,0.557814739508683
HID,243,ND1,THR,239,O,16662,0.5553814872837572
TRP,93,N,ASN,89,O,16554,0.5517816072797573
THR,147,OG1,GLU,417,OE2,16544,0.5514482850571648
GLU,247,N,HID,243,O,16527,0.5508816372787574
THR,278,N,THR,274,O,16497,0.5498816706109796
ALA,432,N,ARG,459,O,16392,0.5463817872737575
ASN,172,N,LEU,168,O,16367,0.5455484817172761
TYR,281,OH,LEU,442,O,16322,0.5440485317156095
PHE,255,N,SER,253,OG,16297,0.543215226159128
GLU,294,N,PRO,290,O,16286,0.5428485717142761
PHE,195,N,PHE,192,O,16239,0.541281957268091
ARG,308,NH1,ASP,314,OD2,16204,0.5401153294890171
HIP,224,N,SER,220,O,16195,0.5398153394886838
THR,366,OG1,ILE,363,O,16158,0.5385820472650912
GLU,120,N,GLU,116,O,16091,0.5363487883737209
SER,132,OG,LEU,129,O,16024,0.5341155294823506
LYS,288,N,LEU,284,O,16001,0.5333488883703876
LYS,234,N,ASP,238,OD2,15985,0.5328155728142395
ARG,308,NH2,ASP,314,OD1,15973,0.5324155861471285
GLN,427,N,THR,423,O,15963,0.5320822639245358
SER,365,OG,ASP,333,OD2,15873,0.5290823639212027
SER,145,N,PHE,141,O,15872,0.5290490316989434
THR,239,N,ASP,235,O,15848,0.5282490583647211
THR,140,OG1,ASP,138,OD2,15822,0.5273824205859805
ASP,314,N,GLU,311,O,15792,0.5263824539182027
ARG,57,NH1,ASP,370,OD1,15702,0.5233825539148695
GLN,144,N,THR,140,O,15628,0.5209159694676844
GLY,390,N,ASP,387,O,15628,0.5209159694676844
HIP,384,ND1,GLU,327,OE2,15609,0.5202826572447585
ASN,149,N,SER,145,O,15530,0.5176494116862771
ARG,92,NH1,GLY,82,O,15509,0.5169494350188327
PHE,398,N,THR,395,O,15501,0.5166827772407586
GLY,450,N,ILE,181,O,15444,0.514782840571981
ARG,21,NH2,ASP,19,OD2,15382,0.512716242791907
ARG,105,NH1,GLU,411,OE1,15287,0.5095496816772774
LYS,131,N,GLU,127,O,15242,0.5080497316756108
THR,140,N,ASP,138,OD2,15121,0.5040165327822406
ARG,21,NE,ASP,19,OD1,15106,0.5035165494483517
LEU,242,N,ASP,238,O,15066,0.5021832605579813
TYR,373,N,ASP,370,O,15059,0.5019499350021666
LYS,393,NZ,ASP,383,O,14997,0.4998833372220926
HID,243,N,THR,239,O,14969,0.4989500349988334
PHE,269,N,LEU,265,O,14913,0.4970834305523149
ALA,397,N,LYS,394,O,14898,0.49658344721842607
CYS,124,N,GLU,120,O,14861,0.4953501549948335
ILE,181,N,THR,177,O,14759,0.4919502683243892
LYS,246,N,LEU,242,O,14665,0.48881703943201893
ILE,213,N,ASN,209,O,14505,0.48348388387053765
SER,266,OG,LEU,262,O,14423,0.4807506416452785
ASN,261,ND2,ASN,214,OD1,14372,0.4790506983100563
TYR,289,N,LEU,285,O,14359,0.478617379420686
THR,443,OG1,ASP,441,OD2,14351,0.4783507216426119
GLU,396,N,LYS,393,O,14321,0.47735075497483415
ARG,105,NH2,GLU,411,OE2,14316,0.4771840938635379
GLU,226,N,GLU,222,O,14248,0.47491750274990835
HIE,219,N,ALA,215,O,14222,0.4740508649711676
ARG,130,N,ILE,126,O,14212,0.473717542748575
ARG,29,N,LYS,25,O,14155,0.47181760607979734
SER,145,OG,PHE,141,O,14006,0.4668511049631679
ARG,57,NH2,GLU,54,OE1,13874,0.4624512516249458
GLN,17,NE2,ARG,7,O,13846,0.4615179494016866
ASP,357,N,VAL,343,O,13793,0.4597513416219459
SER,26,N,GLY,22,O,13763,0.4587513749541682
ARG,57,NE,GLU,54,OE2,13752,0.45838472050931633
SER,100,OG,LEU,96,O,13615,0.453818206059798
SER,231,OG,ASP,229,OD2,13592,0.45305156494783505
ARG,57,NH2,ASP,370,OD2,13566,0.45218492716909436
ARG,330,N,TYR,326,O,13566,0.45218492716909436
GLY,52,N,ASP,36,O,13559,0.4519516016132796
THR,443,OG1,ASP,441,OD1,13530,0.4509849671677611
LEU,60,N,ILE,56,O,13528,0.45091830272324257
ALA,215,N,GLN,211,O,13420,0.4473184227192427
ARG,45,NH1,GLU,359,OE2,13397,0.44655178160727976
PHE,429,N,ILE,425,O,13375,0.4458184727175761
TYR,240,N,LEU,236,O,13309,0.44361854604846507
ILE,425,N,PHE,421,O,13301,0.443351888270391
SER,220,N,TYR,216,O,13287,0.4428852371587614
HIP,224,NE2,ASP,235,OD2,13278,0.44258524715842806
LYS,133,N,ARG,130,O,13085,0.43615212826239125
GLY,282,N,THR,278,O,13014,0.4337855404819839
LYS,111,N,GLY,108,O,12856,0.42851904936502117
THR,443,N,ASP,441,OD2,12822,0.42738575380820637
GLU,245,N,LEU,241,O,12820,0.4273190893636879
ARG,45,NH2,GLU,190,OE2,12662,0.4220525982467251
ASN,214,ND2,GLN,211,OE1,12614,0.4204526515782807
LEU,236,N,ILE,154,O,12582,0.41938602046598444
LYS,288,NZ,PRO,437,O,12556,0.41851938268724376
GLU,32,N,LEU,28,O,12552,0.4183860537982067
HIE,161,N,ASP,164,OD1,12512,0.4170527649078364
VAL,292,N,TYR,289,O,12508,0.4169194360187994
CYS,51,N,ASP,36,O,12498,0.4165861137962068
LEU,262,N,GLN,258,O,12346,0.41151961601279957
GLU,411,N,CM1,408,O,12222,0.40738642045265155
THR,227,OG1,LYS,223,O,12212,0.407053098230059
THR,275,OG1,THR,147,OG1,12106,0.40351988267057765
TYR,240,OH,ASN,263,OD1,12076,0.4025199160027999
SER,276,OG,THR,272,O,12075,0.40248658378054064
ARG,92,NE,GLU,254,OE2,12032,0.40105329822339253
GLN,445,NE2,PRO,453,O,11990,0.39965334488850374
ARG,57,NH2,GLU,54,OE2,11948,0.3982533915536149
THR,443,N,ASP,441,OD1,11907,0.3968867704409853
LYS,63,NZ,SER,348,O,11886,0.3961867937735409
GLU,128,N,CYS,124,O,11860,0.3953201559948002
GLU,116,N,SER,113,OG,11787,0.39288690376987434
THR,140,OG1,ASP,138,OD1,11761,0.39202026599113365
THR,147,OG1,GLU,417,OE1,11751,0.3916869437685411
ARG,57,NE,GLU,54,OE1,11652,0.3883870537648745
SER,231,OG,ASP,229,OD1,11613,0.3870870970967634
PHE,199,N,LEU,196,O,11573,0.3857538082063931
ASP,370,N,ALA,367,O,11571,0.38568714376187463
VAL,47,N,VAL,40,O,11454,0.3817872737575414
ARG,112,NH2,GLU,120,OE2,11414,0.3804539848671711
VAL,449,N,ILE,181,O,11259,0.3752874904169861
ARG,45,NH2,GLU,190,OE1,11209,0.3736208793040232
THR,140,N,ASP,138,OD1,11179,0.37262091263624547
VAL,61,N,ARG,57,O,11118,0.3705876470784307
SER,231,N,ASP,229,OD2,11056,0.3685210492983567
VAL,85,N,SER,266,OG,10960,0.36532115596146797
PHE,79,N,VAL,76,O,10880,0.3626545781807273
THR,103,N,PHE,99,O,10700,0.3566547781740609
SER,266,OG,ASN,263,O,10603,0.3534215526149128
ALA,379,N,LYS,376,O,10371,0.345688477050765
TRP,93,NE1,HM1,464,O1D,10323,0.34408853038232057
ILE,304,N,ILE,300,O,10189,0.33962201259958
HIE,161,N,ASP,164,OD2,10181,0.339355354821506
ASN,263,ND2,TYR,83,O,10176,0.33918869371020965
ARG,112,NH2,GLU,120,OE1,10080,0.3359888003733209
ASP,439,N,ALA,436,O,10002,0.33338888703709874
ARG,315,NH1,ARG,415,O,9969,0.33228892370254326
GLN,17,N,ASN,14,O,9875,0.329155694810173
SER,253,OG,GLU,247,OE2,9872,0.32905569814339525
MET,104,N,SER,100,O,9848,0.32825572480917303
ARG,45,NH1,GLU,359,OE1,9815,0.3271557614746175
VAL,435,N,SER,433,OG,9808,0.3269224359188027
ILE,353,N,ARG,1,O,9805,0.3268224392520249
GLU,127,N,GLN,123,O,9753,0.3250891636945435
ALA,416,N,ILE,413,O,9651,0.3216892770240992
ARG,308,NH1,ASP,314,OD1,9611,0.3203559881337289
HIP,384,NE2,GLU,375,O,9545,0.31815606146461783
HIP,224,ND1,SER,220,O,9537,0.3178894036865438
PHE,67,N,ALA,64,O,9471,0.3156894770174328
ARG,406,NE,HM1,464,O2D,9417,0.3138895370154328
THR,366,OG1,CYS,51,O,9382,0.3127229092363588
TYR,162,OH,GLU,121,OE2,9333,0.3110896303456551
GLU,311,N,ASP,314,OD2,9313,0.31042298590046996
LYS,248,NZ,GLU,245,OE2,9309,0.31028965701143296
SER,365,OG,ASP,333,OD1,9255,0.308489717009433
LYS,248,NZ,GLU,245,OE1,9245,0.3081563947868404
HIE,252,NE2,GLU,254,OE1,9202,0.30672310922969237
GLN,445,N,ILE,452,O,9175,0.30582313922869236
ARG,308,NH2,ASP,314,OD2,9161,0.3053564881170628
SER,231,N,ASP,229,OD1,9072,0.3023899203359888
THR,275,OG1,GLU,417,OE1,9023,0.30075664144528513
VAL,85,N,ASN,263,OD1,9005,0.3001566614446185
PHE,331,N,GLU,327,O,8992,0.2997233425552482
ARG,406,NH2,HM1,464,O2D,8965,0.2988233725542482
ARG,459,NE,GLY,134,O,8764,0.2921235958801373
LYS,356,NZ,ASP,357,OD2,8737,0.29122362587913736
LYS,63,NZ,GLU,58,OE2,8736,0.2911902936568781
ARG,225,NH2,GLU,222,OE2,8679,0.2892903569881004
ILE,154,N,ILE,150,O,8612,0.28705709809673013
ARG,130,NH2,GLU,127,OE1,8597,0.28655711476284124
ARG,21,NE,ASP,19,OD2,8541,0.2846905103163228
LYS,451,NZ,PHE,331,O,8521,0.28402386587113765
ARG,105,NH2,GLU,411,OE1,8498,0.2832572247591747
THR,272,OG1,PHE,268,O,8449,0.28162394586847106
LYS,356,NZ,ASP,357,OD1,8412,0.28039065364487853
ARG,112,NE,GLU,116,OE1,8377,0.27922402586580447
SER,183,OG,LEU,180,O,8366,0.2788573714209526
GLN,163,N,HIE,161,ND1,8355,0.2784907169761008
LYS,63,NZ,GLU,58,OE1,8280,0.27599080030665646
ARG,130,NH2,GLU,127,OE2,8265,0.27549081697276756
ALA,270,N,SER,266,O,8265,0.27549081697276756
LEU,368,N,LEU,364,O,8224,0.274124195860138
HID,369,N,THR,366,O,8203,0.27342421919269355
ARG,225,NH2,GLU,222,OE1,8016,0.2671910936302123
ASN,259,N,SER,256,OG,7995,0.2664911169627679
GLN,258,N,SER,256,OG,7986,0.2661911269624346
ARG,406,NH2,ALA,88,O,7923,0.2640911969601013
TYR,216,N,GLU,212,O,7888,0.2629245691810273
TRP,93,NE1,HM1,464,O2D,7863,0.2620912636245458
ARG,92,NE,GLU,254,OE1,7694,0.2564581180627312
ALA,232,N,ASP,229,O,7670,0.25565814472850906
ARG,112,NH1,GLU,120,OE2,7664,0.2554581513949535
PHE,87,N,GLY,84,O,7657,0.2552248258391387
GLU,212,N,LYS,208,O,7595,0.2531582280590647
MET,18,N,LEU,15,O,7556,0.2518582713909536
ARG,29,NH1,ASP,19,OD2,7551,0.25169161027965736
ARG,117,NH1,SER,113,O,7528,0.2509249691676944
ARG,21,N,ASP,19,OD2,7475,0.24915836138795375
ARG,330,NH1,PRO,377,O,7474,0.24912502916569448
ARG,112,NE,GLU,116,OE2,7469,0.2489583680543982
HIE,203,NE2,LEU,196,O,7429,0.24762507916402787
ARG,463,NH1,GLU,294,OE2,7409,0.2469584347188427
SER,266,N,LEU,262,O,7357,0.24522515916136128
ALA,148,N,GLN,144,O,7351,0.24502516582780573
GLY,271,N,LEU,267,O,7342,0.2447251758274724
ARG,406,N,LEU,403,O,7268,0.24225859138028732
SER,253,OG,GLU,247,OE1,7266,0.2421919269357688
ILE,150,N,ILE,146,O,7163,0.23875870804306523
ASN,263,ND2,ASN,259,O,7021,0.23402553248225058
ALA,88,N,GLY,84,O,6960,0.23199226692443586
LYS,248,N,GLU,245,O,6932,0.23105896470117662
ARG,112,NH1,GLU,120,OE1,6867,0.22889237025432485
LYS,33,N,PHE,30,O,6857,0.22855904803173227
ARG,463,NH1,GLU,294,OE1,6722,0.22405919802673244
GLN,302,N,ARG,298,O,6613,0.22042598580047332
GLU,299,N,ARG,295,O,6594,0.21979267357754742
GLU,311,N,ASP,314,OD1,6583,0.21942601913269558
GLY,338,N,LEU,335,O,6498,0.21659278024065864
LEU,287,N,PHE,283,O,6495,0.21649278357388088
ILE,73,N,GLY,71,O,6483,0.21609279690676977
ARG,130,NE,GLU,127,OE2,6374,0.21245958468051065
ARG,350,N,GLU,58,OE2,6364,0.21212626245791807
ARG,105,N,VAL,101,O,6357,0.21189293690210326
ARG,21,NH2,ASP,19,OD1,6344,0.21145961801273291
LEU,267,N,THR,264,O,6320,0.21065964467851073
ARG,350,N,GLU,58,OE1,6316,0.21052631578947367
ARG,130,NE,GLU,127,OE1,6314,0.21045965134495517
ARG,463,NE,LEU,426,O,6262,0.20872637578747374
SER,132,OG,GLU,128,O,6255,0.20849305023165896
THR,227,N,LYS,223,O,6249,0.2082930568981034
ARG,117,N,SER,113,O,6226,0.20752641578614045
ARG,20,NH2,GLN,187,OE1,6166,0.20552648245058497
SER,183,N,LEU,180,O,6156,0.2051931602279924
LEU,284,N,ARG,280,O,6154,0.2051264957834739
GLU,190,N,GLY,186,O,6148,0.20492650244991834
TYR,216,OH,GLU,166,OE1,6102,0.20339322022599246
THR,227,N,HIP,224,O,6102,0.20339322022599246
LYS,234,NZ,ASP,238,OD2,6028,0.20092663577880737
ALA,391,N,ASP,387,O,6002,0.20005999800006666
GLY,412,N,LEU,409,O,5979,0.19929335688810373
ASN,389,N,ASP,387,OD2,5973,0.19909336355454818
ALA,391,N,ASN,389,OD1,5972,0.19906003133228892
ILE,440,N,PRO,437,O,5966,0.19886003799873336
ARG,459,NH1,GLY,134,O,5957,0.19856004799840005
HIE,252,N,ASN,250,OD1,5894,0.1964601179960668
ARG,463,NH2,GLU,294,OE1,5884,0.19612679577347422
HIE,252,NE2,GLU,254,OE2,5847,0.19489350354988166
ASN,389,N,ASP,387,OD1,5831,0.19436018799373353
ASN,209,ND2,THR,177,OG1,5826,0.19419352688243724
GLY,108,N,ASP,106,OD2,5769,0.19229359021365955
ARG,70,NH2,PRO,340,O,5731,0.19102696576780773
ASN,389,ND2,ASP,387,OD2,5711,0.19036032132262257
HIP,384,ND1,GLU,327,OE1,5701,0.19002699910003
ASN,389,ND2,ASP,387,OD1,5697,0.18989367021099296
ARG,225,NE,GLU,222,OE1,5662,0.18872704243191893
HIP,224,NE2,ASP,235,OD1,5638,0.18792706909769674
SER,332,N,ILE,328,O,5605,0.18682710576314124
THR,177,N,LEU,173,O,5571,0.18569381020632644
SER,276,OG,PHE,143,O,5509,0.18362721242625246
ARG,45,NE,LEU,42,O,5455,0.18182727242425253
SER,332,N,GLN,329,O,5426,0.18086063797873403
TYR,216,OH,GLU,166,OE2,5417,0.1805606479784007
GLY,35,N,ARG,31,O,5357,0.17856071464284523
ASN,214,ND2,GLN,258,OE1,5337,0.17789407019766007
ASN,428,N,THR,424,O,5307,0.17689410352988233
ARG,117,NE,SER,153,OG,5287,0.17622745908469717
ALA,293,N,TYR,289,O,5277,0.1758941368621046
ASN,250,ND2,GLU,247,OE2,5197,0.17322755908136395
THR,344,OG1,GLN,345,OE1,5140,0.17132762241258626
ARG,112,NH2,GLU,116,OE1,5129,0.1709609679677344
ASN,250,ND2,GLU,247,OE1,5079,0.1692943568547715
LEU,15,N,LEU,12,O,5058,0.1685943801873271
SER,183,OG,GLU,446,OE1,5054,0.16846105129829006
SER,132,N,GLU,128,O,5028,0.16759441351954935
ARG,225,NE,GLU,222,OE2,5024,0.16746108463051232
THR,275,OG1,GLU,417,OE2,5024,0.16746108463051232
GLY,108,N,ASP,106,OD1,5013,0.16709443018566048
ARG,298,NH1,GLU,301,OE2,4989,0.1662944568514383
THR,358,N,PRO,355,O,4942,0.16472784240525315
SER,183,OG,GLU,446,OE2,4928,0.16426119129362354
THR,344,OG1,ALA,66,O,4891,0.163027899070031
LYS,111,NZ,THR,102,O,4886,0.16286123795873472
LYS,234,N,ASP,238,OD1,4835,0.16116129462351256
SER,182,OG,PHE,178,O,4803,0.1600946635112163
LYS,131,NZ,GLU,128,OE2,4799,0.15996133462217926
ARG,97,NH1,HM1,464,O1D,4798,0.15992800239992
ARG,330,NH2,PRO,377,O,4784,0.1594613512882904
SER,249,N,LYS,246,O,4777,0.15922802573247558
ARG,20,NH1,GLU,446,OE2,4738,0.15792806906436452
ARG,463,NH2,GLU,294,OE2,4731,0.15769474350854973
ARG,112,NH2,GLU,116,OE2,4721,0.15736142128595715
ASN,209,ND2,GLN,205,O,4704,0.15679477350754975
GLY,13,N,LEU,9,O,4699,0.15662811239625346
GLY,194,N,LEU,191,O,4693,0.1564281190626979
ASN,259,N,SER,256,O,4599,0.15329489017032766
ASN,261,N,HIE,257,O,4571,0.15236158794706844
ARG,57,NH2,ASP,370,OD1,4530,0.15099496683443886
ARG,20,NH1,GLU,446,OE1,4470,0.14899503349888338
LEU,312,N,GLU,115,OE1,4453,0.14842838572047598
ARG,105,NH1,GLU,411,OE2,4449,0.14829505683143895
MET,18,N,ASN,14,O,4432,0.14772840905303156
ALA,316,N,HIE,313,O,4388,0.1462617912736242
LYS,451,NZ,ASP,333,OD1,4376,0.14586180460651313
SER,132,N,LEU,129,O,4365,0.14549515016166129
LYS,131,NZ,GLU,128,OE1,4363,0.14542848571714276
GLN,144,NE2,LEU,171,O,4341,0.1446951768274391
TYR,297,OH,GLU,301,OE1,4320,0.14399520015999467
LEU,42,N,ARG,45,O,4273,0.14242858571380954
ARG,298,NH1,GLU,301,OE1,4226,0.14086197126762443
ALA,64,N,VAL,61,O,4180,0.13932868904369855
ALA,414,N,GLY,410,O,4161,0.13869537682077265
TYR,297,OH,GLU,301,OE2,4157,0.1385620479317356
GLN,176,NE2,ASN,172,OD1,4152,0.1383953868204393
TYR,240,OH,SER,256,O,4065,0.13549548348388388
LYS,111,NZ,ASP,106,OD1,3996,0.13319556014799508
LEU,191,N,LEU,188,O,3968,0.13226225792473584
CYS,447,N,GLU,446,OE1,3901,0.13002899903336557
VAL,184,N,GLU,446,OE1,3896,0.12986233792206928
ARG,97,NH1,ILE,407,O,3849,0.12829572347588414
ARG,406,NH1,ALA,88,O,3827,0.12756241458618045
CYS,447,N,GLU,446,OE2,3821,0.12736242125262492
ARG,20,NH2,CYS,447,O,3814,0.1271290956968101
VAL,184,N,GLU,446,OE2,3682,0.12272924235858805
ARG,117,NH2,SER,153,O,3680,0.12266257791406954
LYS,234,NZ,ASP,235,OD2,3680,0.12266257791406954
LYS,451,NZ,ASP,333,OD2,3676,0.1225292490250325
GLN,445,NE2,THR,455,OG1,3662,0.12206259791340289
SER,249,OG,LYS,246,O,3645,0.1214959501349955
GLY,43,N,HIE,41,O,3559,0.11862937902069931
ARG,31,NH1,CYS,51,O,3535,0.11782940568647712
ASN,428,N,ILE,425,O,3530,0.11766274457518083
GLY,134,N,PHE,460,O,3483,0.1160961301289957
ILE,151,N,THR,147,O,3444,0.11479617346088464
GLY,84,N,PHE,80,O,3424,0.11412952901569948
LEU,267,N,ASN,263,O,3399,0.11329622345921803
ILE,407,N,GLY,404,O,3395,0.113162894570181
ARG,350,NE,GLU,58,OE2,3379,0.11262957901403287
LYS,111,NZ,ASP,106,OD2,3370,0.11232958901369955
THR,272,N,PHE,268,O,3343,0.11142961901269957
LYS,63,NZ,ASP,62,OD1,3306,0.11019632678910703
PHE,268,N,THR,264,O,3306,0.11019632678910703
LYS,33,N,ARG,29,O,3303,0.11009633012232925
ASN,381,ND2,ASP,383,OD1,3298,0.10992966901103296
ARG,45,NH2,GLU,190,O,3295,0.1098296723442552
SER,183,OG,SER,179,O,3286,0.10952968234392187
LYS,169,NZ,GLU,212,OE1,3245,0.1081630612312923
GLY,84,N,ASN,259,OD1,3208,0.10692976900769974
GLY,186,N,SER,183,OG,3179,0.10596313456218126
ARG,315,N,LEU,312,O,3167,0.10556314789507017
LYS,111,NZ,GLY,108,O,3164,0.10546315122829239
ARG,81,NH1,PRO,78,O,3159,0.1052964901169961
ARG,315,NH2,ARG,415,O,3149,0.10496316789440352
SER,113,N,GLU,116,OE2,3148,0.10492983567214426
ARG,406,NH1,ASN,89,OD1,3134,0.10446318456051465
ARG,105,NH2,CM1,408,O,3113,0.10376320789307023
LYS,405,NZ,GLU,65,OE2,3110,0.10366321122629246
ARG,81,NE,PHE,79,O,3107,0.10356321455951469
ILE,440,N,ALA,436,O,3101,0.10336322122595913
LYS,405,NZ,GLU,65,OE1,3097,0.1032298923369221
ASN,381,ND2,ASP,383,OD2,3088,0.10292990233658877
LEU,196,N,SER,193,O,3087,0.10289657011432952
ARG,350,NH2,GLU,58,OE2,3075,0.10249658344721843
PHE,268,N,LEU,265,O,3045,0.10149661677944069
LYS,234,NZ,ALA,232,O,3015,0.10049665011166295
LYS,169,NZ,GLU,212,OE2,3013,0.10042998566714442
LYS,72,N,GLU,359,OE1,2987,0.09956334788840372
GLY,108,N,LYS,111,O,2980,0.09933002233258892
LEU,180,N,GLN,176,O,2968,0.09893003566547781
GLN,165,NE2,GLN,163,O,2961,0.09869671010966301
LEU,228,N,ARG,225,O,2959,0.0986300456651445
LYS,63,NZ,ASP,62,OD2,2940,0.0979967334422186
ASP,238,N,ASP,235,OD2,2920,0.09733008899703344
ASN,263,ND2,SER,100,OG,2912,0.09706343121895937
PHE,331,N,ILE,328,O,2873,0.0957634745508483
ARG,298,NE,GLU,294,OE2,2861,0.0953634878837372
ASN,89,ND2,SER,68,OG,2856,0.09519682677244092
GLN,211,NE2,TYR,207,OH,2827,0.09423019232692244
ARG,350,NH2,GLU,58,OE1,2820,0.09399686677110763
ALA,88,N,VAL,85,O,2797,0.0932302256591447
ARG,20,NH2,GLU,446,OE1,2788,0.09293023565881137
LEU,364,N,LEU,362,O,2780,0.09266357788073731
ASN,91,ND2,GLU,254,OE1,2759,0.09196360121329289
ARG,295,NH1,ARG,295,O,2750,0.09166361121295957
ASN,91,ND2,GLU,254,OE2,2740,0.09133028899036699
TYR,326,OH,GLU,396,OE2,2693,0.08976367454418185
ARG,225,NH1,GLU,222,OE2,2660,0.08866371120962635
ARG,70,NH2,HM1,464,O1A,2623,0.08743041898603379
ARG,45,N,LEU,42,O,2615,0.08716376120795974
LYS,72,N,GLU,359,OE2,2603,0.08676377454084863
PHE,185,N,SER,183,OG,2586,0.08619712676244125
LEU,312,N,GLU,115,OE2,2571,0.08569714342855238
ARG,298,NE,GLU,294,OE1,2562,0.08539715342821906
THR,272,OG1,THR,147,OG1,2559,0.08529715676144128
ARG,350,NE,GLU,58,OE1,2539,0.08463051231625612
LYS,234,NZ,ASP,229,OD2,2535,0.0844971834272191
SER,348,OG,TYR,352,O,2533,0.08443051898270057
LYS,111,N,PHE,107,O,2502,0.08339722009266358
ARG,20,NH2,GLU,446,OE2,2499,0.0832972234258858
SER,113,N,GLU,116,OE1,2494,0.08313056231458951
ARG,31,NH2,ASP,36,OD1,2462,0.08206393120229326
GLY,404,N,SER,402,OG,2461,0.082030598980034
GLN,258,NE2,ASN,214,OD1,2440,0.08133062231258958
ARG,29,NH1,ASP,19,OD1,2437,0.08123062564581181
SER,113,OG,GLU,115,OE2,2436,0.08119729342355254
ARG,406,NH1,HM1,464,O2D,2436,0.08119729342355254
ARG,97,NH2,ILE,407,O,2435,0.0811639612012933
LYS,451,N,LEU,334,O,2433,0.08109729675677478
LEU,386,N,ASP,383,O,2414,0.08046398453384887
ARG,29,NH2,GLN,17,O,2399,0.07996400119996
ARG,31,NH2,GLU,32,OE1,2395,0.07983067231092297
GLY,157,N,ILE,154,O,2366,0.07886403786540448
ARG,31,NH2,ASP,36,OD2,2363,0.07876404119862672
ARG,130,NH1,GLU,127,OE2,2353,0.07843071897603414
ARG,81,NE,ASP,77,O,2352,0.07839738675377488
THR,274,OG1,ALA,270,O,2338,0.07793073564214527
ARG,463,NH2,PHE,429,O,2336,0.07786407119762674
LEU,180,N,THR,177,O,2322,0.07739742008599713
ARG,57,NH2,ASP,62,OD1,2321,0.07736408786373787
ARG,81,NH2,ASP,77,OD2,2292,0.0763974534182194
SER,113,OG,GLU,116,OE2,2292,0.0763974534182194
GLU,115,N,SER,113,OG,2269,0.07563081230625646
ARG,57,NH1,ASP,62,OD2,2268,0.0755974800839972
ARG,225,NH1,GLU,222,OE1,2268,0.0755974800839972
ASP,62,N,GLU,58,O,2261,0.07536415452818239
SER,220,OG,TYR,216,O,2250,0.07499750008333056
LYS,234,NZ,ASP,229,OD1,2243,0.07476417452751576
GLN,345,NE2,GLU,65,O,2241,0.07469751008299723
GLU,115,N,GLU,115,OE2,2238,0.07459751341621947
ARG,298,NH2,GLU,301,OE1,2222,0.07406419786007133
GLU,226,N,LYS,223,O,2209,0.07363087897070097
ARG,350,NE,ASP,36,OD1,2174,0.07246425119162694
ARG,31,NH2,GLU,32,OE2,2171,0.07236425452484917
LYS,317,NZ,HIE,313,O,2167,0.07223092563581214
VAL,61,N,GLU,58,O,2163,0.07209759674677511
TYR,326,OH,GLU,396,OE1,2160,0.07199760007999734
GLN,123,NE2,GLN,119,OE1,2159,0.07196426785773807
ARG,298,NH2,GLU,294,OE2,2146,0.07153094896836772
GLU,115,N,GLU,115,OE1,2121,0.07069764341188627
ARG,298,NH2,GLU,301,OE2,2120,0.07066431118962702
THR,455,OG1,GLN,445,OE1,2120,0.07066431118962702
ARG,81,NH2,ASP,77,OD1,2090,0.06966434452184928
ARG,298,NH2,GLU,294,OE1,2086,0.06953101563281223
LEU,368,N,SER,365,O,2071,0.06903103229892336
ARG,130,NH1,GLU,127,OE1,2038,0.06793106896436786
GLN,205,NE2,ASN,209,OD1,2028,0.06759774674177528
LYS,248,N,MET,244,O,2012,0.06706443118562715
ARG,295,NH1,GLU,299,OE2,1993,0.06643111896270125
PHE,167,N,ASP,164,O,1985,0.06616446118462718
ARG,463,NH2,LEU,426,O,1983,0.06609779674010867
ARG,350,NH2,ASP,36,OD2,1924,0.06413119562681244
ARG,350,NE,ASP,36,OD2,1919,0.06396453451551615
ARG,315,N,GLU,311,O,1903,0.06343121895936803
ARG,117,NE,SER,153,O,1899,0.06329789007033099
LEU,15,N,GLY,13,O,1891,0.06303123229225692
ARG,130,NH2,ASN,428,OD1,1854,0.061797940068664375
ARG,350,NH2,ASP,36,OD1,1848,0.06159794673510883
SER,113,OG,GLU,116,OE1,1846,0.061531282290590315
LYS,169,NZ,GLU,166,OE2,1842,0.06139795340155328
LYS,169,NZ,GLU,166,OE1,1837,0.06123129229025699
ARG,159,NH1,HIE,161,ND1,1821,0.060697976734108865
ARG,415,NH2,GLU,322,OE2,1816,0.060531315622812575
ILE,413,N,GLY,410,O,1802,0.06006466451118296
TYR,326,OH,GLU,322,OE1,1793,0.05976467451084964
GLN,119,NE2,GLU,311,OE2,1775,0.059164694510183
GLU,166,N,GLU,166,OE2,1768,0.058931368954368187
LEU,142,N,PRO,139,O,1761,0.05869804339855338
ALA,367,N,LEU,364,O,1728,0.057598080063997865
ASN,172,ND2,LEU,168,O,1723,0.057431418952701575
ASN,261,ND2,ASN,214,O,1720,0.057331422285923805
LYS,197,N,PHE,195,O,1719,0.05729809006366454
LYS,72,NZ,ASP,77,OD2,1702,0.05673144228525716
ARG,31,NE,GLU,32,OE1,1698,0.056598113396220125
GLY,110,N,PHE,107,O,1674,0.05579814006199793
GLU,247,N,MET,244,O,1672,0.05573147561747942
SER,113,OG,GLU,115,OE1,1663,0.055431485617146094
SER,253,N,ASN,250,O,1653,0.055098163394553513
ARG,204,N,GLY,201,O,1650,0.054998166727775744
GLN,144,NE2,GLU,273,OE2,1642,0.05473150894970168
ARG,45,N,GLY,43,O,1639,0.0546315122829239
ARG,298,NE,GLU,301,OE2,1627,0.054231525615812806
GLU,166,N,GLU,166,OE1,1618,0.05393153561547948
ARG,92,NH2,GLU,254,OE1,1608,0.0535982133928869
THR,177,N,PHE,174,O,1595,0.05316489450351655
GLN,176,NE2,ASN,209,OD1,1568,0.05226492450251658
THR,103,N,SER,100,O,1567,0.052231592280257325
THR,455,N,GLN,445,OE1,1560,0.05199826672444252
LYS,451,NZ,ASP,333,O,1548,0.05159828005733142
ARG,20,NH1,ARG,20,O,1528,0.05093163561214626
GLN,144,NE2,GLU,273,OE1,1521,0.05069831005633146
GLN,123,NE2,GLN,119,O,1511,0.050364987833738876
ARG,92,NH2,GLU,254,OE2,1509,0.050298323389220356
ARG,225,N,GLU,222,O,1482,0.04939835338822039
ARG,350,NH1,ASP,36,OD1,1468,0.04893170227659078
SER,430,OG,GLU,294,OE2,1462,0.04873170894303523
ARG,31,NE,ASP,36,OD1,1456,0.048531715609479685
ARG,81,NE,PRO,78,O,1440,0.04799840005333156
ARG,31,NE,ASP,36,OD2,1436,0.047865071164294525
GLN,329,NE2,THR,400,OG1,1432,0.04773174227525749
ARG,298,NH1,GLU,294,OE2,1424,0.047465084497183424
ALA,397,N,THR,395,OG1,1416,0.047198426719109364
ARG,1,N,ILE,353,O,1413,0.04709843005233159
LEU,60,N,ARG,57,O,1412,0.04706509783007233
GLN,302,NE2,ARG,298,O,1410,0.04699843338555382
LEU,191,N,GLN,187,O,1408,0.0469317689410353
ARG,31,NE,GLU,32,OE2,1406,0.046865104496516784
LYS,72,NZ,ASP,77,OD1,1406,0.046865104496516784
ILE,237,N,VAL,155,O,1400,0.04666511116296124
ARG,350,NH1,ASP,36,OD2,1397,0.04656511449618346
TYR,216,OH,GLU,166,O,1384,0.0461317956068131
PHE,419,N,ARG,415,O,1380,0.045998466717776076
ARG,117,NH2,GLY,157,O,1374,0.04579847338422052
ASN,261,ND2,GLN,258,OE1,1363,0.045431818939368686
LYS,234,NZ,ASP,238,OD1,1347,0.04489850338322056
ARG,159,NH2,GLU,121,OE1,1340,0.044665177827405755
PHE,460,N,GLY,134,O,1339,0.04463184560514649
THR,272,OG1,LEU,267,O,1336,0.04453184893836872
SER,332,OG,GLN,329,O,1336,0.04453184893836872
ARG,406,NH1,HM1,464,O1A,1335,0.044498516716109465
ARG,45,NE,GLU,190,OE1,1302,0.04339855338155395
LYS,197,N,SER,193,O,1300,0.043331888937035434
GLY,134,N,SER,132,OG,1299,0.04329855671477617
GLY,134,N,LEU,129,O,1270,0.042331922269257694
ARG,31,NH1,ASP,36,OD2,1265,0.0421652611579614
ALA,436,N,ASP,439,OD2,1265,0.0421652611579614
ARG,57,NH1,ASP,62,OD1,1254,0.04179860671310956
ARG,117,NH1,ARG,112,O,1238,0.04126529115696143
LYS,246,N,HID,243,O,1229,0.040965301156628116
GLN,119,NE2,GLU,311,OE1,1225,0.04083197226759108
ARG,298,NE,GLU,301,OE1,1189,0.039632012266257795
SER,430,OG,GLU,294,OE1,1180,0.03933202226592447
LYS,208,NZ,GLN,205,OE1,1176,0.03919869337688744
ARG,415,NH1,GLN,329,OE1,1168,0.03893203559881337
LYS,356,NZ,THR,344,O,1164,0.038798706709776344
ILE,407,N,LYS,405,O,1160,0.03866537782073931
ILE,150,N,THR,147,O,1128,0.03759874670844305
GLU,190,N,GLN,187,O,1125,0.03749875004166528
THR,400,OG1,GLN,329,OE1,1124,0.03746541781940602
THR,274,OG1,GLY,271,O,1123,0.03743208559714676
THR,272,N,LEU,267,O,1122,0.0373987533748875
ASN,209,ND2,GLN,176,OE1,1120,0.03733208893036899
ARG,330,N,GLU,327,O,1112,0.03706543115229492
ARG,57,NH2,ASP,62,OD2,1109,0.03696543448551715
ARG,350,NH1,GLU,58,OE1,1098,0.03659878004066531
GLN,176,NE2,ASN,172,O,1088,0.03626545781807273
MET,104,N,VAL,101,O,1077,0.03589880337322089
ARG,31,NH1,ASP,36,OD1,1075,0.03583213892870238
ARG,225,NH2,GLU,226,OE1,1074,0.03579880670644312
THR,227,OG1,HIP,224,O,1071,0.035698810039665345
GLN,345,N,ALA,66,O,1068,0.03559881337288757
GLY,52,N,THR,366,OG1,1064,0.03546548448385054
PHE,189,N,GLY,186,O,1057,0.03523215892803573
GLY,186,N,SER,183,O,1054,0.03513216226125796
LYS,197,NZ,GLY,194,O,1052,0.03506549781673944
ARG,130,NH1,ASN,428,OD1,1044,0.03479884003866538
LYS,234,NZ,THR,227,O,1043,0.03476550781640612
GLU,65,N,GLU,65,OE2,1032,0.03439885337155428
THR,400,OG1,ILE,399,O,1014,0.03379887337088764
ASN,214,ND2,GLN,211,O,997,0.03323222559248025
HIE,372,N,ASP,370,OD1,996,0.03319889337022099
ARG,81,NH2,PHE,79,O,988,0.032932235592146926
LYS,131,N,GLU,128,O,986,0.03286557114762841
CM1,408,N,SER,402,O,978,0.032598913369554346
GLU,299,N,VAL,296,O,973,0.032432252258258056
ARG,225,NH2,GLU,226,OE2,969,0.03229892336922103
ASN,250,ND2,GLU,247,O,966,0.03219892670244325
ARG,98,NH2,THR,102,OG1,964,0.03213226225792474
SER,256,N,GLU,254,O,951,0.03169894336855438
LYS,376,NZ,GLU,375,OE2,940,0.031332288923702545
LYS,376,NZ,GLU,375,OE1,938,0.031265624479184025
LYS,111,NZ,PRO,233,O,934,0.031132295590146995
GLY,71,N,PRO,340,O,930,0.030998966701109965
GLY,90,N,ASN,89,OD1,930,0.030998966701109965
ALA,367,N,ILE,363,O,930,0.030998966701109965
GLU,446,N,ILE,452,O,923,0.030765641145295158
GLU,65,N,GLU,65,OE1,917,0.030565647811739607
THR,147,N,PHE,143,O,916,0.03053231558948035
GLN,163,NE2,TYR,162,O,913,0.030432318922702577
GLU,212,N,ASN,209,O,912,0.030398986700443317
ILE,342,N,GLY,69,O,912,0.030398986700443317
PHE,398,N,THR,395,OG1,909,0.030298990033665544
ARG,204,NH1,LYS,197,O,899,0.029965667811072964
GLU,375,N,GLU,375,OE2,899,0.029965667811072964
SER,433,OG,VAL,435,O,895,0.029832338922035934
LYS,234,NZ,SER,231,OG,893,0.029765674477517417
ARG,29,NH1,GLN,17,O,887,0.029565681143961867
ARG,298,NH1,GLU,294,OE1,886,0.02953234892170261
GLY,271,N,PHE,268,O,878,0.029265691143628546
GLN,302,N,GLU,299,O,875,0.029165694476850773
GLU,375,N,GLU,375,OE1,865,0.028832372254258193
ARG,92,N,ASN,89,OD1,858,0.028599046698443386
GLN,345,NE2,THR,347,OG1,855,0.028499050031665613
LYS,376,N,GLU,375,OE2,854,0.028465717809406352
ALA,270,N,LEU,267,O,853,0.028432385587147096
HIE,346,N,GLN,345,OE1,851,0.02836572114262858
ARG,117,N,VAL,114,O,848,0.028265724475850806
ALA,55,N,GLY,52,O,833,0.027765741141961935
SER,68,OG,THR,344,OG1,828,0.027599080030665645
ALA,416,N,GLY,412,O,828,0.027599080030665645
LYS,158,NZ,ARG,159,O,807,0.026899103363221225
PHE,269,N,SER,266,O,781,0.026032465584480517
GLN,187,NE2,ARG,20,O,780,0.02599913336222126
ILE,154,N,ILE,151,O,777,0.025899136695443484
SER,430,OG,PRO,462,O,769,0.02563247891736942
LEU,364,N,PRO,336,O,764,0.02546581780607313
LYS,223,NZ,GLU,226,OE2,757,0.025232492250258323
LEU,287,N,LEU,284,O,753,0.025099163361221293
TYR,373,OH,LYS,394,O,753,0.025099163361221293
LYS,223,NZ,GLU,226,OE1,750,0.02499916669444352
HID,369,ND1,ASP,378,OD1,736,0.024532515582813906
LYS,111,NZ,ASP,106,O,732,0.024399186693776873
LEU,228,N,HIP,224,O,726,0.024199193360221326
LYS,376,N,GLU,375,OE1,720,0.02399920002666578
GLN,119,NE2,GLU,115,OE2,719,0.02396586780440652
TYR,162,N,HIE,161,ND1,719,0.02396586780440652
GLU,438,N,GLU,438,OE2,708,0.023599213359554682
ALA,436,N,ASP,439,OD1,703,0.023432552248258392
GLN,123,NE2,GLN,123,O,702,0.023399220025999132
TYR,373,OH,HIP,384,O,700,0.02333255558148062
LYS,158,N,PHE,156,O,699,0.02329922335922136
HIE,161,NE2,GLN,163,OE1,692,0.02306589780340655
GLN,345,NE2,HIE,346,O,682,0.02273257558081397
LYS,376,NZ,ASP,378,OD2,681,0.022699243358554715
ARG,45,NH2,GLU,359,OE1,680,0.022665911136295458
LYS,405,NZ,ALA,64,O,680,0.022665911136295458
LYS,197,N,GLY,194,O,679,0.022632578914036198
ARG,204,N,HIE,203,ND1,674,0.022465917802739908
CM1,408,N,PHE,401,O,656,0.021865937802073264
PHE,192,N,PHE,189,O,654,0.021799273357554747
GLU,116,N,SER,113,O,649,0.021632612246258457
SER,145,OG,LEU,142,O,643,0.02143261891270291
GLN,187,NE2,CYS,447,O,643,0.02143261891270291
PHE,419,N,ALA,416,O,638,0.02126595780140662
ASN,89,ND2,ARG,70,O,633,0.02109929669011033
GLN,119,NE2,GLU,115,OE1,633,0.02109929669011033
ARG,31,NH1,ARG,31,O,627,0.02089930335655478
ARG,70,NH1,HM1,464,O2A,626,0.020865971134295523
ASP,62,N,ARG,57,O,623,0.02076597446751775
ARG,415,N,GLU,411,O,621,0.020699310022999233
ALA,388,N,ASP,387,OD1,617,0.020565981133962203
GLU,32,N,ARG,29,O,614,0.020465984467184426
ARG,315,NE,LEU,312,O,607,0.020232658911369623
ARG,350,NH1,GLU,58,OE2,601,0.020032665577814072
ARG,81,NH1,PHE,79,O,598,0.0199326689110363
ALA,388,N,ASP,387,OD2,598,0.0199326689110363
LYS,376,NZ,ASP,378,OD1,594,0.019799340021999266
PHE,199,N,LYS,197,O,592,0.019732675577480752
PHE,107,N,ARG,105,O,587,0.019566014466184462
LEU,12,N,LEU,9,O,586,0.019532682243925202
SER,68,OG,ASN,89,OD1,585,0.019499350021665945
TYR,216,N,ILE,213,O,585,0.019499350021665945
GLN,165,N,GLN,165,OE1,584,0.019466017799406685
LYS,405,N,LEU,60,O,582,0.019399353354888172
ARG,81,NH2,GLN,258,OE1,580,0.019332688910369655
ASN,89,ND2,SER,68,O,578,0.01926602446585114
ARG,159,NH2,HIE,161,ND1,578,0.01926602446585114
LYS,197,NZ,ASP,77,OD2,575,0.019166027799073365
ARG,295,NH1,HIE,291,O,575,0.019166027799073365
LYS,131,NZ,GLU,127,O,574,0.019132695576814105
LYS,158,N,CYS,152,O,574,0.019132695576814105
ALA,316,N,LEU,312,O,570,0.018999366687777075
ARG,415,NH1,GLU,322,OE1,569,0.018966034465517815
LEU,312,N,GLU,311,OE1,560,0.018666044465184495
ARG,280,NH1,GLN,144,OE1,559,0.018632712242925235
SER,193,OG,GLU,190,O,558,0.018599380020665978
LYS,131,NZ,GLU,127,OE1,557,0.01856604779840672
LYS,393,NZ,LEU,386,O,553,0.018432718909369688
GLN,205,NE2,GLN,176,OE1,547,0.01823272557581414
TYR,373,N,ASP,370,OD2,543,0.018099396686777108
ARG,45,NH2,LEU,42,O,538,0.017932735575480818
ASN,149,ND2,GLU,121,OE1,535,0.017832738908703044
ALA,74,N,LYS,72,O,533,0.017766074464184527
GLN,258,NE2,GLN,258,O,529,0.017632745575147494
ASN,261,ND2,HIE,257,O,529,0.017632745575147494
GLN,345,NE2,THR,344,OG1,527,0.01756608113062898
ARG,1,NE,LEU,2,O,522,0.01739942001933269
LYS,133,N,LEU,129,O,522,0.01739942001933269
LYS,131,NZ,GLU,127,OE2,521,0.01736608779707343
THR,274,N,GLY,271,O,521,0.01736608779707343
ARG,29,NH2,ASP,19,OD2,512,0.01706609779674011
SER,253,N,HIE,252,ND1,510,0.016999433352221593
SER,193,OG,GLU,190,OE2,508,0.016932768907703077
SER,266,N,ASN,263,O,503,0.016766107796406787
GLU,438,N,GLU,438,OE1,503,0.016766107796406787
ALA,215,N,GLU,212,O,502,0.01673277557414753
SER,253,OG,PHE,255,O,499,0.016632778907369753
HIE,203,NE2,LYS,197,O,498,0.016599446685110496
ARG,204,NH1,PHE,199,O,494,0.016466117796073463
LYS,234,NZ,ASP,235,OD1,493,0.016432785573814206
THR,274,N,ALA,270,O,491,0.01636612112929569
ARG,29,NH1,GLU,32,OE1,484,0.016132795573480883
LEU,312,N,GLU,311,OE2,484,0.016132795573480883
ASN,261,ND2,ASN,214,ND2,481,0.01603279890670311
GLU,65,N,ASP,62,O,476,0.01586613779540682
ASN,250,ND2,HIE,252,O,473,0.015766141128629046
SER,276,OG,GLN,144,N,472,0.01573280890636979
HID,369,ND1,ASP,378,OD2,468,0.015599480017332756
THR,400,OG1,PHE,398,O,465,0.015499483350554982
PHE,67,N,LYS,63,O,462,0.015399486683777207
SER,183,N,ILE,181,O,460,0.015332822239258692
ASN,259,ND2,ARG,92,NE,460,0.015332822239258692
ARG,415,N,GLY,412,O,455,0.015166161127962402
GLU,166,N,ASP,164,OD2,454,0.015132828905703144
LYS,246,NZ,HID,243,NE2,452,0.015066164461184627
GLN,329,NE2,THR,400,O,452,0.015066164461184627
LYS,111,NZ,THR,239,OG1,450,0.014999500016666112
ALA,64,N,ALA,59,O,447,0.014899503349888337
ARG,70,NH2,VAL,339,O,444,0.014799506683110563
ARG,105,N,SER,100,O,443,0.014766174460851305
GLY,186,N,LEU,180,O,443,0.014766174460851305
GLU,245,N,LEU,242,O,441,0.014699510016332788
ARG,45,NH2,GLU,359,OE2,437,0.014566181127295756
LYS,317,NZ,ASP,314,OD2,434,0.014466184460517983
ARG,463,NE,ARG,463,OXT,424,0.014132862237925403
SER,26,OG,LEU,23,O,423,0.014099530015666144
ARG,98,NH2,ASP,106,OD1,419,0.013966201126629113
TYR,373,OH,ALA,397,O,415,0.013832872237592081
MET,75,N,GLU,190,OE1,411,0.013699543348555047
GLU,127,N,CYS,124,O,410,0.01366621112629579
HIE,313,N,GLU,311,OE1,408,0.013599546681777274
ARG,308,NH1,ILE,304,O,404,0.013466217792740242
THR,39,OG1,PRO,4,O,403,0.013432885570480984
ASP,106,N,THR,102,O,403,0.013432885570480984
VAL,303,N,ILE,300,O,402,0.013399553348221726
ILE,73,N,ASP,77,OD2,398,0.013266224459184694
ARG,1,NH1,GLY,351,O,396,0.013199560014666177
ARG,45,NE,GLU,190,OE2,389,0.012966234458851372
ARG,70,N,ASN,89,OD1,388,0.012932902236592114
GLY,201,N,PHE,199,O,388,0.012932902236592114
TYR,373,N,ASP,370,OD1,386,0.012866237792073597
ARG,330,NH1,HID,369,NE2,385,0.01283290556981434
THR,395,OG1,TYR,373,OH,384,0.012799573347555082
HID,369,ND1,PRO,377,O,383,0.012766241125295823
GLN,258,NE2,HIE,257,ND1,381,0.012699576680777307
ARG,225,NH1,HIE,257,ND1,378,0.012599580013999533
ASN,209,ND2,GLN,205,OE1,375,0.01249958334722176
ARG,29,NE,ASP,19,OD2,372,0.012399586680443985
TYR,373,OH,THR,395,OG1,371,0.012366254458184726
SER,68,OG,PHE,67,O,370,0.01233292223592547
HIE,313,N,GLU,311,OE2,369,0.012299590013666211
LYS,234,NZ,SER,231,O,368,0.012266257791406953
GLN,165,NE2,GLU,166,OE1,367,0.012232925569147695
ARG,1,NE,GLY,351,O,362,0.012066264457851405
ARG,29,NH1,GLU,32,OE2,361,0.012032932235592146
ARG,112,NH1,GLY,157,O,361,0.012032932235592146
ASN,172,ND2,GLN,176,OE1,361,0.012032932235592146
LYS,208,NZ,GLU,212,OE1,359,0.011966267791073631
ASN,91,N,ASN,89,OD1,356,0.011866271124295856
HID,341,ND1,VAL,339,O,354,0.011799606679777341
ILE,181,N,PHE,178,O,349,0.01163294556848105
HIE,203,NE2,PHE,199,O,346,0.011532948901703276
ARG,81,NH1,GLN,258,OE1,344,0.01146628445718476
ASP,333,N,PHE,331,O,344,0.01146628445718476
GLN,163,N,HIE,161,O,342,0.011399620012666244
ASN,428,ND2,GLN,427,OE1,341,0.011366287790406986
LYS,317,NZ,ASP,314,OD1,339,0.01129962334588847
ARG,21,N,ASP,19,O,338,0.011266291123629212
GLN,165,NE2,GLN,165,O,338,0.011266291123629212
ARG,406,NE,HM1,464,O1A,330,0.010999633345555149
ARG,92,N,ASN,89,O,328,0.010932968901036632
LEU,188,N,PHE,185,O,327,0.010899636678777374
GLN,187,NE2,ILE,181,O,326,0.010866304456518115
ARG,105,N,THR,102,O,325,0.010832972234258859
HID,369,N,SER,365,O,325,0.010832972234258859
GLY,69,N,HM1,464,O2A,324,0.0107996400119996
LYS,111,N,MET,109,O,321,0.010699643345221825
GLN,205,NE2,PRO,200,O,321,0.010699643345221825
TRP,93,N,GLY,90,O,319,0.01063297890070331
GLN,345,NE2,ALA,66,O,319,0.01063297890070331
ASN,89,ND2,GLY,69,N,316,0.010532982233925535
LYS,111,NZ,MET,109,O,316,0.010532982233925535
GLU,166,N,ASP,164,OD1,315,0.010499650011666278
ARG,459,NH2,GLY,134,O,315,0.010499650011666278
ARG,7,NH1,PRO,8,O,314,0.01046631778940702
MET,75,N,GLU,190,OE2,313,0.010432985567147762
ILE,86,N,SER,266,OG,307,0.010232992233592213
GLN,445,N,PRO,453,O,304,0.01013299556681444
SER,430,OG,LEU,461,O,301,0.010032998900036666
GLY,450,N,LEU,334,O,301,0.010032998900036666
ALA,135,N,LYS,133,O,300,0.009999666677777408
GLN,144,N,PHE,141,O,300,0.009999666677777408
ARG,98,NH2,ASP,106,OD2,297,0.009899670010999633
HIP,384,NE2,LYS,376,O,295,0.009833005566481118
ASN,209,ND2,GLN,205,NE2,291,0.009699676677444086
GLY,108,N,ASP,106,O,289,0.00963301223292557
HID,341,ND1,HM1,464,O2A,288,0.009599680010666311
TYR,373,OH,THR,395,O,288,0.009599680010666311
LYS,223,NZ,HIE,219,ND1,286,0.009533015566147796
HIE,219,N,TYR,216,O,285,0.009499683343888538
LYS,208,NZ,GLU,212,OE2,281,0.009366354454851506
LYS,393,NZ,ASP,387,OD2,281,0.009366354454851506
GLN,302,NE2,GLU,301,OE2,275,0.009166361121295957
GLU,396,N,GLU,396,OE2,275,0.009166361121295957
SER,145,N,LEU,142,O,272,0.009066364454518182
LYS,405,N,HM1,464,O2A,271,0.009033032232258926
THR,395,N,TYR,373,OH,270,0.008999700009999667
ARG,29,NE,ASP,19,OD1,269,0.008966367787740409
ARG,29,NH2,ASP,19,OD1,269,0.008966367787740409
ASN,209,ND2,GLN,176,O,269,0.008966367787740409
GLN,163,NE2,ASP,164,OD2,267,0.008899703343221892
GLY,110,N,GLY,108,O,263,0.00876637445418486
GLN,165,NE2,GLU,166,OE2,261,0.008699710009666345
ARG,92,NH1,GLU,254,OE1,259,0.008633045565147828
ARG,1,NH2,GLY,351,O,258,0.00859971334288857
ASN,91,ND2,HIE,252,O,256,0.008533048898370055
SER,402,N,THR,400,O,254,0.008466384453851538
LEU,260,N,HIE,257,O,253,0.00843305223159228
ASN,259,ND2,TYR,240,OH,252,0.008399720009333022
GLU,396,N,GLU,396,OE1,251,0.008366387787073765
LYS,72,NZ,GLU,359,OE2,250,0.008333055564814507
SER,68,OG,ALA,64,O,249,0.008299723342555248
THR,344,OG1,GLU,65,O,247,0.008233058898036731
LYS,394,NZ,GLU,396,OE2,247,0.008233058898036731
THR,400,N,PHE,398,O,247,0.008233058898036731
ARG,330,NE,GLU,327,OE1,246,0.008199726675777475
LYS,248,NZ,GLU,245,O,241,0.008033065564481185
TYR,83,OH,GLU,254,OE2,240,0.007999733342221926
ASN,381,N,GLU,327,OE2,240,0.007999733342221926
GLY,71,N,GLU,359,OE2,239,0.007966401119962668
LYS,394,NZ,GLU,396,OE1,233,0.0077664077864071195
ALA,74,N,GLU,190,OE2,232,0.007733075564147862
SER,193,N,GLU,190,O,230,0.007666411119629346
ARG,29,NH2,GLU,32,OE2,229,0.007633078897370088
ARG,81,NH1,TYR,198,OH,229,0.007633078897370088
ASP,106,N,THR,103,O,229,0.007633078897370088
ARG,225,NH2,HIE,257,ND1,229,0.007633078897370088
LEU,236,N,VAL,155,O,225,0.007499750008333056
ASN,261,ND2,GLY,218,N,225,0.007499750008333056
GLN,302,NE2,GLU,301,OE1,225,0.007499750008333056
ARG,330,NH2,GLU,327,OE2,224,0.0074664177860737976
THR,344,OG1,SER,68,OG,223,0.007433085563814539
VAL,435,N,SER,433,O,223,0.007433085563814539
ASN,214,ND2,ASN,214,O,222,0.007399753341555282
ARG,406,NE,SER,68,OG,221,0.007366421119296023
PHE,419,N,GLU,417,O,221,0.007366421119296023
ASP,235,N,ASP,238,OD2,220,0.007333088897036766
HIE,257,NE2,GLU,222,OE1,217,0.0072330922302589916
ARG,81,NH1,ASP,77,OD2,216,0.007199760007999733
ARG,81,NH2,TYR,207,OH,215,0.007166427785740476
SER,276,OG,GLU,273,OE1,214,0.007133095563481217
ARG,204,NH2,PHE,199,O,213,0.007099763341221959
SER,249,OG,ASN,250,OD1,213,0.007099763341221959
TYR,456,N,PRO,454,O,212,0.007066431118962701
VAL,53,N,ASP,370,OD1,210,0.0069997666744441855
LYS,169,NZ,ASN,172,OD1,210,0.0069997666744441855
ARG,1,NH1,LEU,2,O,209,0.006966434452184927
SER,68,N,ALA,64,O,209,0.006966434452184927
ARG,463,NE,ARG,463,O,207,0.006899770007666411
SER,68,OG,HM1,464,O2A,206,0.006866437785407153
ARG,20,NE,GLN,187,OE1,205,0.006833105563147895
ARG,29,N,SER,26,O,205,0.006833105563147895
HIE,313,NE2,GLU,311,OE2,204,0.006799773340888637
HIE,313,NE2,GLU,311,OE1,203,0.006766441118629379
ASN,172,ND2,GLN,176,NE2,202,0.006733108896370121
GLN,258,N,GLN,258,OE1,202,0.006733108896370121
THR,358,OG1,LYS,356,O,202,0.006733108896370121
LYS,451,NZ,SER,332,O,198,0.0065997800073330885
GLN,163,NE2,HIE,161,ND1,197,0.006566447785073831
ALA,64,N,ASP,62,O,193,0.006433118896036798
VAL,95,N,ARG,92,O,193,0.006433118896036798
ARG,225,NE,GLU,226,OE1,193,0.006433118896036798
LYS,405,NZ,PHE,67,O,193,0.006433118896036798
ARG,225,NE,GLU,226,OE2,191,0.0063664544515182825
ARG,225,NH2,GLU,245,OE1,191,0.0063664544515182825
LYS,94,NZ,ASN,91,OD1,190,0.006333122229259025
SER,182,OG,VAL,449,O,190,0.006333122229259025
LYS,246,NZ,GLU,247,OE1,190,0.006333122229259025
GLN,329,NE2,ALA,414,O,190,0.006333122229259025
LYS,197,NZ,TYR,198,OH,189,0.006299790006999767
THR,275,OG1,GLY,271,O,189,0.006299790006999767
ARG,98,NE,ARG,98,O,188,0.006266457784740508
SER,276,OG,GLN,144,OE1,187,0.006233125562481251
ALA,379,N,PRO,377,O,186,0.006199793340221992
ILE,73,N,ASP,77,OD1,185,0.006166461117962735
ARG,29,NH2,GLU,32,OE1,183,0.006099796673444218
ASN,261,N,GLN,258,O,182,0.006066464451184961
ALA,202,N,SER,193,OG,181,0.006033132228925702
ARG,225,NH1,GLU,226,OE1,179,0.005966467784407186
SER,256,OG,GLN,258,OE1,179,0.005966467784407186
THR,455,OG1,ASP,138,OD1,179,0.005966467784407186
ARG,463,NE,PHE,429,O,179,0.005966467784407186
LYS,33,NZ,TYR,34,OH,177,0.0058998033398886705
CYS,124,N,GLU,121,O,177,0.0058998033398886705
GLN,329,NE2,ILE,325,O,175,0.005833138895370155
VAL,339,N,HID,341,NE2,174,0.005799806673110896
THR,358,N,VAL,343,O,173,0.005766474450851638
ARG,406,NH2,ILE,86,O,173,0.005766474450851638
LYS,158,NZ,PHE,156,O,172,0.00573314222859238
ARG,105,NH1,CM1,408,O,171,0.005699810006333122
LYS,197,NZ,ASP,77,OD1,169,0.005633145561814606
ARG,204,NH1,TYR,198,O,169,0.005633145561814606
ARG,29,NE,GLU,32,OE2,167,0.00556648111729609
THR,455,OG1,ASP,138,OD2,167,0.00556648111729609
ARG,29,NE,GLU,32,OE1,165,0.005499816672777574
THR,227,OG1,GLU,226,OE1,165,0.005499816672777574
HIP,224,N,VAL,221,O,163,0.005433152228259058
SER,231,OG,ALA,232,O,163,0.005433152228259058
LYS,246,NZ,GLU,247,OE2,162,0.0053998200059998
GLU,128,N,LEU,125,O,161,0.005366487783740542
LEU,228,N,GLU,226,O,161,0.005366487783740542
HIE,372,NE2,GLU,396,OE1,161,0.005366487783740542
LYS,394,NZ,THR,395,O,161,0.005366487783740542
ARG,117,NH2,SER,153,OG,160,0.005333155561481284
ASN,259,ND2,ASN,263,OD1,160,0.005333155561481284
GLN,163,NE2,GLU,128,OE2,159,0.005299823339222026
SER,183,N,SER,179,O,159,0.005299823339222026
ASN,209,ND2,LEU,173,O,159,0.005299823339222026
HIE,291,N,HIE,291,ND1,158,0.0052664911169627675
THR,272,OG1,GLY,271,O,156,0.005199826672444252
HIE,252,N,ASN,250,ND2,155,0.005166494450184994
HIP,224,NE2,ASP,238,OD1,153,0.005099830005666478
ALA,293,N,PRO,290,O,152,0.00506649778340722
HID,243,N,TYR,240,O,151,0.0050331655611479615
GLN,163,NE2,GLU,128,OE1,150,0.004999833338888704
THR,227,OG1,GLU,226,O,150,0.004999833338888704
ARG,81,NH1,TYR,207,OH,149,0.004966501116629446
ARG,406,NH2,HM1,464,O2A,149,0.004966501116629446
PHE,107,N,THR,102,O,148,0.004933168894370188
HIP,224,ND1,ASP,238,OD2,148,0.004933168894370188
ARG,225,NH1,GLU,226,OE2,148,0.004933168894370188
SER,365,OG,PRO,336,O,148,0.004933168894370188
GLY,71,N,GLU,359,OE1,146,0.004866504449851671
SER,132,OG,GLU,128,OE1,146,0.004866504449851671
LYS,208,NZ,ASN,209,OD1,146,0.004866504449851671
SER,220,N,ILE,217,O,146,0.004866504449851671
ARG,225,NH2,GLU,245,OE2,146,0.004866504449851671
THR,227,OG1,GLU,226,OE2,146,0.004866504449851671
GLN,123,NE2,GLU,120,O,145,0.004833172227592414
MET,170,N,PHE,167,O,142,0.00473317556081464
ARG,31,NH1,GLY,35,O,141,0.004699843338555381
LYS,246,NZ,LEU,242,O,141,0.004699843338555381
GLN,17,N,GLN,17,OE1,140,0.004666511116296124
SER,153,OG,ILE,150,O,140,0.004666511116296124
ARG,92,NH1,GLU,254,OE2,138,0.004599846671777608
HIP,224,NE2,ASP,238,OD2,138,0.004599846671777608
LYS,356,NZ,GLN,345,OE1,138,0.004599846671777608
ASN,381,ND2,GLU,375,OE1,138,0.004599846671777608
ARG,406,NH2,HM1,464,O1A,137,0.0045665144495183494
GLY,157,N,CYS,152,O,136,0.004533182227259091
HIE,161,NE2,GLU,128,OE2,135,0.0044998500049998336
ILE,213,N,LEU,210,O,135,0.0044998500049998336
LYS,25,NZ,ARG,21,O,134,0.004466517782740575
GLN,123,N,GLU,120,O,134,0.004466517782740575
LEU,23,N,GLN,187,OE1,132,0.004399853338222059
GLN,187,NE2,SER,183,O,132,0.004399853338222059
PHE,167,N,ASP,164,OD2,131,0.004366521115962801
LYS,393,NZ,ASP,387,OD1,131,0.004366521115962801
PHE,195,N,LEU,191,O,130,0.004333188893703543
TYR,326,OH,GLU,322,OE2,130,0.004333188893703543
ARG,81,NH2,TYR,198,OH,129,0.004299856671444285
HID,341,ND1,PHE,67,O,129,0.004299856671444285
GLN,144,NE2,SER,276,OG,127,0.004233192226925769
GLN,205,NE2,GLN,205,O,127,0.004233192226925769
GLN,345,NE2,THR,344,O,127,0.004233192226925769
ARG,105,NH2,ASP,106,OD2,126,0.004199860004666511
LYS,133,NZ,LYS,131,O,126,0.004199860004666511
ARG,7,NH1,GLY,5,O,125,0.004166527782407253
GLN,302,NE2,GLN,302,O,124,0.004133195560147995
LYS,197,NZ,PHE,195,O,123,0.004099863337888737
ARG,105,NE,ASP,106,OD1,122,0.004066531115629479
LYS,288,NZ,TYR,289,OH,121,0.004033198893370221
LYS,94,N,ASN,91,O,120,0.003999866671110963
ARG,20,NH1,LEU,15,O,118,0.003933202226592447
ALA,74,N,GLU,190,OE1,118,0.003933202226592447
ARG,225,NH1,GLU,245,OE1,118,0.003933202226592447
ASP,229,N,THR,227,O,118,0.003933202226592447
SER,100,OG,ARG,97,O,117,0.003899870004333189
MET,109,N,ASP,106,O,116,0.003866537782073931
HIE,257,NE2,GLY,218,O,116,0.003866537782073931
LYS,394,NZ,TYR,326,OH,116,0.003866537782073931
ARG,406,NH1,SER,68,OG,116,0.003866537782073931
GLY,90,N,SER,68,OG,115,0.003833205559814673
ARG,98,NH1,ASP,106,OD1,115,0.003833205559814673
LYS,111,NZ,THR,103,O,115,0.003833205559814673
HIE,161,NE2,GLU,128,OE1,114,0.0037998733375554147
LYS,288,NZ,GLU,438,OE1,114,0.0037998733375554147
SER,253,OG,ASN,250,O,113,0.0037665411152961567
LYS,133,NZ,ARG,130,O,112,0.0037332088930368988
THR,227,OG1,ASP,238,OD1,112,0.0037332088930368988
THR,347,OG1,HIE,346,O,112,0.0037332088930368988
LYS,208,NZ,GLN,211,OE1,111,0.003699876670777641
TYR,34,N,ARG,31,O,110,0.003666544448518383
LYS,63,NZ,SER,348,OG,110,0.003666544448518383
SER,220,OG,ILE,217,O,110,0.003666544448518383
SER,276,OG,GLU,273,OE2,110,0.003666544448518383
ASP,62,N,ALA,59,O,109,0.0036332122262591245
TYR,83,OH,GLU,254,OE1,109,0.0036332122262591245
GLN,123,NE2,GLU,127,OE1,109,0.0036332122262591245
ASN,209,N,VAL,206,O,109,0.0036332122262591245
ARG,225,NH1,ARG,225,O,109,0.0036332122262591245
THR,264,OG1,ASN,261,O,109,0.0036332122262591245
ARG,308,NH2,GLU,311,OE1,109,0.0036332122262591245
LYS,393,NZ,ASP,383,OD1,109,0.0036332122262591245
SER,132,OG,GLU,128,OE2,108,0.0035998800039998666
PHE,167,N,ASP,164,OD1,107,0.0035665477817406087
GLN,258,NE2,ASN,259,OD1,107,0.0035665477817406087
GLU,273,N,GLY,271,O,107,0.0035665477817406087
GLN,345,NE2,GLU,65,OE2,107,0.0035665477817406087
GLY,84,N,GLY,82,O,106,0.0035332155594813507
HIE,257,NE2,GLU,222,OE2,106,0.0035332155594813507
ARG,295,NH2,GLU,299,OE2,106,0.0035332155594813507
ARG,315,NH1,GLU,322,OE2,106,0.0035332155594813507
ARG,406,NH1,VAL,85,O,105,0.0034998833372220928
ARG,20,NH2,LEU,15,O,104,0.0034665511149628344
GLN,163,NE2,ASP,164,OD1,104,0.0034665511149628344
ARG,406,NH1,HM1,464,O2A,104,0.0034665511149628344
VAL,449,N,GLN,187,OE1,103,0.0034332188927035765
GLN,205,NE2,ASN,209,ND2,102,0.0033998866704443185
GLN,258,NE2,SER,256,OG,102,0.0033998866704443185
SER,179,OG,GLN,176,O,101,0.0033665544481850606
THR,395,N,LYS,393,O,101,0.0033665544481850606
ARG,112,NH2,GLU,116,O,100,0.0033332222259258026
SER,253,OG,GLU,247,O,100,0.0033332222259258026
ARG,308,NH2,GLU,311,OE2,100,0.0033332222259258026
GLN,345,NE2,GLU,65,OE1,100,0.0033332222259258026
ASN,261,ND2,HIE,257,NE2,98,0.0032665577814072863
LEU,262,N,ASN,259,O,98,0.0032665577814072863
VAL,339,N,MET,337,O,98,0.0032665577814072863
ARG,117,NH2,LYS,234,O,97,0.0032332255591480284
ASN,381,ND2,ALA,379,O,97,0.0032332255591480284
LYS,72,NZ,GLU,359,OE1,96,0.0031998933368887704
GLN,187,NE2,GLN,187,O,96,0.0031998933368887704
LEU,284,N,TYR,281,O,96,0.0031998933368887704
ASN,91,ND2,ASN,89,OD1,95,0.0031665611146295125
ARG,117,NH2,ASP,235,OD2,95,0.0031665611146295125
LYS,234,NZ,GLY,110,O,95,0.0031665611146295125
ILE,237,N,ASP,235,OD1,95,0.0031665611146295125
ARG,98,NE,THR,102,OG1,94,0.003133228892370254
SER,231,OG,ASP,229,O,94,0.003133228892370254
TYR,373,OH,LYS,393,O,94,0.003133228892370254
LYS,451,NZ,TYR,281,OH,94,0.003133228892370254
LYS,33,NZ,GLU,32,OE2,93,0.003099896670110996
ARG,98,NH2,HID,243,NE2,93,0.003099896670110996
LEU,173,N,MET,170,O,92,0.0030665644478517383
HIE,372,NE2,GLU,396,OE2,92,0.0030665644478517383
VAL,449,N,GLN,187,NE2,92,0.0030665644478517383
ARG,45,NH1,LYS,72,O,91,0.0030332322255924803
GLN,123,NE2,GLU,127,OE2,91,0.0030332322255924803
ARG,130,N,GLU,127,O,91,0.0030332322255924803
SER,231,N,ASP,229,O,90,0.0029999000033332224
ARG,295,NH1,TYR,320,OH,90,0.0029999000033332224
LYS,288,NZ,GLU,438,OE2,88,0.002933235558814706
GLN,329,NE2,ILE,399,O,88,0.002933235558814706
ARG,406,NH2,VAL,85,O,88,0.002933235558814706
ALA,148,N,SER,145,O,87,0.002899903336555448
GLN,187,NE2,SER,182,O,87,0.002899903336555448
ARG,295,NH1,HIE,291,ND1,87,0.002899903336555448
PHE,398,N,GLU,396,O,87,0.002899903336555448
GLY,35,N,PHE,30,O,86,0.00286657111429619
ARG,81,NH2,PRO,78,O,86,0.00286657111429619
SER,153,OG,ASN,149,O,86,0.00286657111429619
SER,182,OG,GLU,273,OE2,86,0.00286657111429619
ARG,105,NE,GLU,411,OE1,85,0.0028332388920369322
GLN,187,N,VAL,184,O,85,0.0028332388920369322
LYS,393,NZ,HIP,384,O,85,0.0028332388920369322
PHE,30,N,PHE,27,O,84,0.002799906669777674
ARG,112,NH2,GLY,157,O,84,0.002799906669777674
ARG,406,NH2,ASN,89,OD1,84,0.002799906669777674
ARG,98,NH1,LYS,94,O,83,0.002766574447518416
LYS,223,NZ,HIE,219,O,83,0.002766574447518416
PHE,255,N,GLU,247,OE1,83,0.002766574447518416
ARG,298,NH2,GLN,302,OE1,83,0.002766574447518416
ARG,308,NH2,VAL,303,O,83,0.002766574447518416
LYS,33,NZ,ARG,29,O,82,0.002733242225259158
LYS,451,NZ,LEU,334,O,82,0.002733242225259158
TYR,207,OH,PRO,78,O,81,0.0026999100029999
ARG,308,NH2,PRO,309,O,81,0.0026999100029999
LYS,393,NZ,ASP,383,OD2,81,0.0026999100029999
GLY,22,N,ARG,20,O,80,0.002666577780740642
LYS,33,NZ,GLU,32,OE1,80,0.002666577780740642
GLU,54,N,GLU,54,OE1,80,0.002666577780740642
LEU,334,N,SER,332,O,80,0.002666577780740642
LYS,356,N,HIE,346,NE2,80,0.002666577780740642
HID,341,ND1,PRO,340,O,79,0.0026332455584813837
GLU,254,N,GLU,247,OE1,78,0.002599913336222126
ARG,31,NH1,GLU,32,OE1,77,0.002566581113962868
ARG,308,N,HIE,307,ND1,77,0.002566581113962868
PHE,422,N,PHE,419,O,77,0.002566581113962868
LYS,197,NZ,SER,193,O,75,0.002499916669444352
ASP,235,N,ASP,238,OD1,75,0.002499916669444352
THR,277,OG1,GLU,273,OE1,75,0.002499916669444352
GLY,390,N,ASP,387,OD1,75,0.002499916669444352
LYS,25,NZ,ASP,19,OD2,74,0.002466584447185094
ARG,98,NH1,HID,243,NE2,74,0.002466584447185094
ALA,391,N,ASP,387,OD1,74,0.002466584447185094
ALA,59,N,ILE,56,O,73,0.0024332522249258357
ILE,118,N,GLU,115,O,73,0.0024332522249258357
ARG,280,NH1,TYR,175,OH,73,0.0024332522249258357
LYS,158,NZ,GLU,120,OE1,72,0.0023999200026665777
ARG,298,NH1,ARG,298,O,72,0.0023999200026665777
GLN,445,NE2,GLN,445,O,72,0.0023999200026665777
GLN,258,N,HIE,257,ND1,71,0.00236658778040732
ARG,298,NH1,GLN,302,OE1,71,0.00236658778040732
GLU,54,N,GLU,54,OE2,70,0.002333255558148062
GLN,258,NE2,ASN,214,ND2,70,0.002333255558148062
THR,400,OG1,THR,400,O,70,0.002333255558148062
ARG,459,NH1,PHE,460,O,70,0.002333255558148062
ARG,45,NH1,GLU,190,OE2,69,0.002299923335888804
GLN,176,NE2,GLN,176,O,69,0.002299923335888804
ASN,214,ND2,GLN,258,NE2,69,0.002299923335888804
ASN,214,ND2,ASN,261,OD1,69,0.002299923335888804
TYR,320,N,GLU,299,OE1,69,0.002299923335888804
THR,395,OG1,PHE,398,O,69,0.002299923335888804
ARG,92,NH2,HIE,252,O,68,0.0022665911136295455
SER,68,N,GLU,65,O,67,0.0022332588913702876
LYS,234,N,ALA,232,O,67,0.0022332588913702876
GLU,359,N,GLU,359,OE1,67,0.0022332588913702876
GLY,69,N,PHE,67,O,66,0.0021999266691110297
LYS,94,NZ,GLY,90,O,66,0.0021999266691110297
HIE,161,NE2,GLN,163,NE2,66,0.0021999266691110297
ARG,225,NH1,GLU,245,OE2,66,0.0021999266691110297
GLU,417,N,ALA,414,O,66,0.0021999266691110297
GLN,445,NE2,GLU,446,OE1,66,0.0021999266691110297
LYS,63,NZ,THR,347,OG1,65,0.0021665944468517717
GLU,116,N,GLU,116,OE1,65,0.0021665944468517717
GLN,119,NE2,GLU,115,O,65,0.0021665944468517717
ARG,130,NH2,GLN,123,OE1,65,0.0021665944468517717
ARG,350,NH2,CYS,51,O,65,0.0021665944468517717
ARG,81,NH1,GLN,258,NE2,64,0.0021332622245925138
ALA,270,N,PHE,268,O,64,0.0021332622245925138
ASN,389,N,ASP,387,O,64,0.0021332622245925138
LYS,25,N,GLY,22,O,63,0.0020999300023332554
LYS,111,NZ,PHE,107,O,62,0.0020665977800739975
ASN,89,ND2,PHE,87,O,61,0.0020332655578147395
LYS,158,NZ,GLU,120,OE2,61,0.0020332655578147395
LYS,223,NZ,THR,227,OG1,61,0.0020332655578147395
THR,455,OG1,GLN,445,NE2,61,0.0020332655578147395
GLY,84,N,ASN,263,OD1,60,0.0019999333355554816
ASN,172,ND2,ASN,172,O,60,0.0019999333355554816
GLN,205,N,ALA,202,O,60,0.0019999333355554816
GLU,58,N,ALA,55,O,59,0.0019666011132962236
ARG,204,NE,PHE,199,O,59,0.0019666011132962236
ARG,204,NH2,LYS,197,O,59,0.0019666011132962236
TYR,207,OH,GLN,211,OE1,59,0.0019666011132962236
ARG,308,NE,ILE,304,O,59,0.0019666011132962236
GLY,450,N,GLY,448,O,59,0.0019666011132962236
GLN,205,NE2,GLN,176,O,58,0.0019332688910369655
TYR,240,OH,GLU,254,O,58,0.0019332688910369655
ALA,251,N,ASN,250,OD1,58,0.0019332688910369655
ARG,406,N,HM1,464,O1A,58,0.0019332688910369655
MET,109,N,PHE,107,O,57,0.0018999366687777073
ARG,159,NH1,GLU,121,OE1,57,0.0018999366687777073
ARG,280,NH2,PRO,454,O,57,0.0018999366687777073
LYS,288,N,LEU,285,O,57,0.0018999366687777073
ILE,425,N,PHE,422,O,57,0.0018999366687777073
GLY,194,N,GLU,190,O,56,0.0018666044465184494
SER,256,OG,GLU,254,O,56,0.0018666044465184494
GLN,258,NE2,HIE,257,NE2,56,0.0018666044465184494
LEU,362,N,MET,337,O,56,0.0018666044465184494
ARG,406,N,HM1,464,O2A,56,0.0018666044465184494
THR,455,N,GLN,445,NE2,56,0.0018666044465184494
SER,256,OG,ASN,259,ND2,55,0.0018332722242591915
GLY,448,N,SER,182,O,55,0.0018332722242591915
ARG,81,NH2,GLN,211,OE1,54,0.0017999400019999333
ARG,105,NH1,ILE,407,O,54,0.0017999400019999333
THR,147,N,GLN,144,O,54,0.0017999400019999333
LYS,234,NZ,MET,109,O,54,0.0017999400019999333
ARG,406,NE,HM1,464,O2A,54,0.0017999400019999333
LYS,63,N,ALA,59,O,53,0.0017666077797406754
LEU,242,N,THR,239,O,53,0.0017666077797406754
ARG,308,N,GLY,305,O,53,0.0017666077797406754
GLN,329,NE2,THR,278,OG1,53,0.0017666077797406754
ARG,92,NH1,ARG,81,O,51,0.0016999433352221593
ASN,259,ND2,SER,256,OG,51,0.0016999433352221593
LYS,25,NZ,ASP,19,OD1,50,0.0016666111129629013
ARG,31,NH1,GLU,32,OE2,50,0.0016666111129629013
ARG,31,NH2,CYS,51,O,50,0.0016666111129629013
GLN,144,NE2,THR,140,O,50,0.0016666111129629013
ASN,214,ND2,GLN,211,NE2,50,0.0016666111129629013
ASN,259,ND2,GLN,258,O,50,0.0016666111129629013
THR,39,N,PRO,3,O,49,0.0016332788907036432
PHE,80,N,ASP,77,O,49,0.0016332788907036432
GLN,211,NE2,GLN,211,O,49,0.0016332788907036432
ARG,308,NE,PRO,309,O,49,0.0016332788907036432
ARG,97,NH1,GLY,404,O,48,0.0015999466684443852
ALA,135,N,SER,132,OG,48,0.0015999466684443852
GLN,205,NE2,GLY,201,O,48,0.0015999466684443852
GLY,351,N,PHE,349,O,48,0.0015999466684443852
SER,26,N,LEU,23,O,47,0.001566614446185127
ARG,204,NH2,TYR,198,O,47,0.001566614446185127
GLN,211,NE2,ASN,214,OD1,47,0.001566614446185127
ARG,98,NH2,GLU,247,OE2,46,0.0015332822239258691
GLN,119,NE2,GLN,119,O,46,0.0015332822239258691
LYS,158,NZ,GLU,166,OE1,46,0.0015332822239258691
SER,193,N,LEU,188,O,46,0.0015332822239258691
LYS,234,NZ,GLY,157,O,46,0.0015332822239258691
ASN,91,ND2,ASN,91,O,45,0.0014999500016666112
ARG,97,N,LYS,94,O,45,0.0014999500016666112
GLN,176,NE2,GLN,205,OE1,45,0.0014999500016666112
LYS,248,NZ,MET,244,O,45,0.0014999500016666112
HIE,257,N,HIE,257,ND1,45,0.0014999500016666112
THR,277,OG1,GLU,273,OE2,45,0.0014999500016666112
ASN,149,N,ILE,146,O,44,0.001466617779407353
LYS,197,NZ,LYS,72,O,44,0.001466617779407353
ASN,259,ND2,GLU,254,OE1,44,0.001466617779407353
ASP,383,N,ASN,381,ND2,44,0.001466617779407353
PHE,107,N,ASP,106,OD2,43,0.001433285557148095
VAL,155,N,CYS,152,O,43,0.001433285557148095
HID,243,ND1,GLU,247,OE2,43,0.001433285557148095
ARG,406,NH2,HM1,464,O1D,43,0.001433285557148095
SER,26,OG,GLN,187,OE1,42,0.001399953334888837
TYR,326,OH,GLU,396,O,42,0.001399953334888837
ARG,81,NE,ASP,77,OD1,41,0.001366621112629579
ARG,159,NE,GLU,121,OE2,41,0.001366621112629579
GLN,163,N,HIE,161,NE2,41,0.001366621112629579
LYS,223,NZ,GLU,166,OE1,41,0.001366621112629579
HIE,307,N,HIE,307,ND1,41,0.001366621112629579
GLY,22,N,GLN,187,OE1,40,0.001333288890370321
LYS,158,NZ,GLU,166,OE2,40,0.001333288890370321
GLN,211,NE2,GLU,212,OE1,40,0.001333288890370321
LYS,317,NZ,VAL,303,O,40,0.001333288890370321
ASN,381,ND2,LYS,376,O,40,0.001333288890370321
LYS,111,NZ,THR,102,OG1,39,0.001299956668111063
THR,147,OG1,PHE,143,O,39,0.001299956668111063
ARG,225,NH1,HIE,257,NE2,39,0.001299956668111063
THR,227,N,ARG,225,O,39,0.001299956668111063
TYR,289,N,MET,286,O,39,0.001299956668111063
GLY,390,N,ALA,388,O,39,0.001299956668111063
ARG,97,NH1,LYS,405,O,38,0.001266624445851805
ARG,98,NH1,THR,102,OG1,38,0.001266624445851805
LYS,111,NZ,LYS,234,O,38,0.001266624445851805
GLU,294,N,HIE,291,O,38,0.001266624445851805
LYS,394,N,LEU,392,O,38,0.001266624445851805
SER,26,OG,GLN,17,O,37,0.001233292223592547
LEU,96,N,TRP,93,O,37,0.001233292223592547
SER,182,N,SER,179,O,37,0.001233292223592547
ASN,261,ND2,GLN,258,O,37,0.001233292223592547
TYR,281,OH,ASP,333,OD2,37,0.001233292223592547
ASP,441,N,ASP,439,O,37,0.001233292223592547
SER,68,OG,GLU,65,O,36,0.0011999600013332889
PHE,160,N,ASN,149,ND2,36,0.0011999600013332889
ARG,204,NE,LYS,197,O,36,0.0011999600013332889
ASN,214,ND2,ASN,261,ND2,36,0.0011999600013332889
ASN,261,ND2,HIE,257,ND1,36,0.0011999600013332889
ARG,295,NE,HIE,291,O,36,0.0011999600013332889
LYS,33,N,ARG,31,O,35,0.001166627779074031
ARG,92,NH2,HIE,252,ND1,35,0.001166627779074031
VAL,101,N,ARG,98,O,35,0.001166627779074031
GLN,176,NE2,ASN,172,ND2,35,0.001166627779074031
SER,193,OG,GLU,190,OE1,35,0.001166627779074031
ARG,20,NH1,ASP,19,OD2,34,0.0011332955568147728
SER,182,OG,LYS,451,O,34,0.0011332955568147728
TYR,198,N,PHE,195,O,34,0.0011332955568147728
ARG,225,NE,GLU,245,OE1,34,0.0011332955568147728
TYR,240,N,ILE,237,O,34,0.0011332955568147728
HID,243,ND1,GLU,247,OE1,34,0.0011332955568147728
TYR,352,N,ARG,350,O,34,0.0011332955568147728
ASN,381,ND2,GLU,375,OE2,34,0.0011332955568147728
THR,400,OG1,GLN,329,NE2,34,0.0011332955568147728
LYS,405,NZ,LEU,60,O,34,0.0011332955568147728
ARG,406,NH2,SER,68,OG,34,0.0011332955568147728
ARG,463,NH1,LEU,426,O,34,0.0011332955568147728
ARG,81,NE,ASP,77,OD2,33,0.0010999633345555148
ARG,97,NH2,GLY,404,O,33,0.0010999633345555148
ARG,159,NH2,GLU,120,OE2,33,0.0010999633345555148
ARG,159,NH2,TYR,162,OH,33,0.0010999633345555148
GLU,254,N,GLU,254,OE1,33,0.0010999633345555148
ARG,330,NH2,ALA,379,O,33,0.0010999633345555148
SER,332,OG,THR,278,OG1,33,0.0010999633345555148
TYR,373,OH,GLU,396,OE2,33,0.0010999633345555148
GLN,457,NE2,ASP,138,N,33,0.0010999633345555148
ARG,92,NH1,HIE,252,O,32,0.0010666311122962569
THR,103,OG1,SER,100,O,32,0.0010666311122962569
GLN,163,N,GLN,163,OE1,32,0.0010666311122962569
ASN,172,N,LYS,169,O,32,0.0010666311122962569
SER,182,OG,GLU,273,OE1,32,0.0010666311122962569
GLN,211,NE2,GLU,212,OE2,32,0.0010666311122962569
GLY,390,N,ASP,387,OD2,32,0.0010666311122962569
LYS,393,NZ,TYR,373,O,32,0.0010666311122962569
ARG,70,N,PHE,87,O,31,0.0010332988900369987
PHE,141,N,ASP,138,OD2,31,0.0010332988900369987
TYR,175,OH,GLN,445,OE1,31,0.0010332988900369987
GLN,187,NE2,GLY,22,O,31,0.0010332988900369987
LYS,317,NZ,HIE,313,NE2,31,0.0010332988900369987
LYS,376,NZ,ASP,383,OD1,31,0.0010332988900369987
PHE,401,N,ILE,399,O,31,0.0010332988900369987
LEU,461,N,ARG,459,O,31,0.0010332988900369987
ARG,1,NH2,LEU,2,O,30,0.0009999666677777408
THR,102,OG1,ASP,106,OD1,30,0.0009999666677777408
PHE,107,N,ASP,106,OD1,30,0.0009999666677777408
GLN,165,N,GLN,165,NE2,30,0.0009999666677777408
ALA,232,N,ASP,229,OD1,30,0.0009999666677777408
GLU,273,N,PHE,268,O,30,0.0009999666677777408
ILE,342,N,PHE,67,O,30,0.0009999666677777408
GLN,445,NE2,GLU,446,OE2,30,0.0009999666677777408
GLN,457,NE2,LEU,136,O,30,0.0009999666677777408
GLU,116,N,GLU,116,OE2,29,0.0009666344455184827
GLU,120,N,ARG,117,O,29,0.0009666344455184827
LYS,169,NZ,GLN,165,OE1,29,0.0009666344455184827
GLY,194,N,PHE,189,O,29,0.0009666344455184827
ARG,295,N,VAL,292,O,29,0.0009666344455184827
ILE,399,N,ALA,397,O,29,0.0009666344455184827
ARG,98,NH2,GLU,247,OE1,28,0.0009333022232592247
ARG,105,NE,VAL,101,O,28,0.0009333022232592247
ARG,315,NE,GLU,322,OE1,28,0.0009333022232592247
LYS,393,NZ,GLU,375,OE2,28,0.0009333022232592247
LYS,394,NZ,LEU,392,O,28,0.0009333022232592247
GLN,457,NE2,TYR,456,O,28,0.0009333022232592247
ARG,20,NE,ARG,20,O,27,0.0008999700009999666
ARG,31,NE,CYS,51,O,27,0.0008999700009999666
ARG,98,NH1,GLU,247,OE1,27,0.0008999700009999666
THR,102,OG1,ASP,106,OD2,27,0.0008999700009999666
GLN,144,NE2,GLN,144,O,27,0.0008999700009999666
GLU,273,N,PHE,269,O,27,0.0008999700009999666
SER,348,OG,GLY,351,O,27,0.0008999700009999666
ARG,463,NH2,SER,430,OG,27,0.0008999700009999666
PHE,67,N,GLU,65,O,26,0.0008666377787407086
ARG,70,N,ASN,89,ND2,26,0.0008666377787407086
LEU,125,N,ALA,122,O,26,0.0008666377787407086
ASN,172,ND2,LYS,169,O,26,0.0008666377787407086
ARG,298,NH1,GLU,294,O,26,0.0008666377787407086
ASN,381,ND2,PHE,380,O,26,0.0008666377787407086
GLN,427,N,THR,424,O,26,0.0008666377787407086
THR,455,OG1,THR,455,O,26,0.0008666377787407086
LEU,23,N,CYS,447,O,25,0.0008333055564814507
GLN,163,NE2,GLN,163,O,25,0.0008333055564814507
GLN,165,NE2,GLN,163,OE1,25,0.0008333055564814507
VAL,221,N,GLY,218,O,25,0.0008333055564814507
LYS,394,NZ,GLU,322,OE1,25,0.0008333055564814507
GLN,457,N,GLN,457,OE1,25,0.0008333055564814507
ARG,463,NE,SER,430,OG,25,0.0008333055564814507
ARG,70,NE,VAL,339,O,24,0.0007999733342221926
LYS,169,NZ,GLN,165,O,24,0.0007999733342221926
LYS,394,N,PHE,385,O,24,0.0007999733342221926
ARG,97,NH1,ARG,97,O,23,0.0007666411119629346
ARG,98,NE,LYS,94,O,23,0.0007666411119629346
LYS,111,NZ,ARG,112,O,23,0.0007666411119629346
ARG,112,N,GLY,110,O,23,0.0007666411119629346
TYR,198,N,LEU,196,O,23,0.0007666411119629346
HIE,252,NE2,ASN,91,ND2,23,0.0007666411119629346
ARG,280,NH1,SER,276,OG,23,0.0007666411119629346
ASP,333,N,GLN,329,O,23,0.0007666411119629346
THR,344,OG1,ASP,357,OD1,23,0.0007666411119629346
LYS,393,NZ,GLU,375,OE1,23,0.0007666411119629346
GLN,457,NE2,THR,455,O,23,0.0007666411119629346
ASN,89,ND2,ALA,88,O,22,0.0007333088897036765
ARG,98,NH1,ASP,106,OD2,22,0.0007333088897036765
ARG,98,NH1,GLU,247,OE2,22,0.0007333088897036765
LYS,111,NZ,ALA,232,O,22,0.0007333088897036765
PHE,141,N,ASP,138,O,22,0.0007333088897036765
ALA,232,N,ASP,229,OD2,22,0.0007333088897036765
SER,256,OG,PHE,255,O,22,0.0007333088897036765
ASN,263,ND2,ASN,263,O,22,0.0007333088897036765
LYS,317,NZ,HIE,313,ND1,22,0.0007333088897036765
HID,341,ND1,VAL,360,O,22,0.0007333088897036765
ASP,357,N,THR,344,O,22,0.0007333088897036765
THR,395,OG1,LYS,393,O,22,0.0007333088897036765
ARG,415,NE,GLU,411,O,22,0.0007333088897036765
ARG,97,NH1,HM1,464,O2D,21,0.0006999766674444185
ARG,97,NH2,LYS,405,O,21,0.0006999766674444185
ARG,159,NH1,GLU,121,OE2,21,0.0006999766674444185
GLN,163,NE2,HIE,161,NE2,21,0.0006999766674444185
THR,227,OG1,ARG,225,O,21,0.0006999766674444185
LYS,246,NZ,GLU,245,OE2,21,0.0006999766674444185
GLN,258,NE2,TYR,83,OH,21,0.0006999766674444185
VAL,292,N,HIE,291,ND1,21,0.0006999766674444185
LYS,376,NZ,ASP,383,OD2,21,0.0006999766674444185
GLY,404,N,SER,402,O,21,0.0006999766674444185
ARG,406,NH2,TRP,93,NE1,21,0.0006999766674444185
THR,39,OG1,PHE,38,O,20,0.0006666444451851605
ARG,70,NH2,HID,341,ND1,20,0.0006666444451851605
LYS,72,NZ,PRO,44,O,20,0.0006666444451851605
ARG,105,NH1,ARG,105,O,20,0.0006666444451851605
LYS,246,NZ,GLU,245,OE1,20,0.0006666444451851605
GLU,254,N,GLU,254,OE2,20,0.0006666444451851605
THR,278,OG1,THR,275,O,20,0.0006666444451851605
GLN,345,NE2,GLN,345,O,20,0.0006666444451851605
LEU,418,N,ARG,415,O,20,0.0006666444451851605
LEU,442,N,ASP,441,OD1,20,0.0006666444451851605
ASN,14,ND2,GLY,13,O,19,0.0006333122229259025
ASN,14,ND2,GLN,17,NE2,19,0.0006333122229259025
ARG,20,NH1,ASP,19,OD1,19,0.0006333122229259025
ARG,29,NH1,ARG,29,O,19,0.0006333122229259025
GLY,69,N,ARG,406,NH2,19,0.0006333122229259025
GLU,116,N,GLU,115,OE2,19,0.0006333122229259025
ARG,130,NH1,ASN,428,O,19,0.0006333122229259025
LYS,158,NZ,TYR,216,OH,19,0.0006333122229259025
ARG,204,NE,TYR,198,O,19,0.0006333122229259025
ASN,259,ND2,GLU,254,OE2,19,0.0006333122229259025
LYS,376,NZ,ASN,381,OD1,19,0.0006333122229259025
LYS,394,NZ,ASP,387,OD1,19,0.0006333122229259025
ARG,463,NH2,GLN,427,O,19,0.0006333122229259025
ARG,20,NE,GLU,446,OE1,18,0.0005999800006666444
ARG,20,NH1,MET,18,O,18,0.0005999800006666444
ALA,74,N,ARG,45,NH2,18,0.0005999800006666444
GLN,119,NE2,GLU,116,OE1,18,0.0005999800006666444
GLU,166,N,GLN,165,OE1,18,0.0005999800006666444
LYS,169,N,GLU,166,O,18,0.0005999800006666444
ARG,225,NE,GLU,245,OE2,18,0.0005999800006666444
THR,275,N,THR,272,O,18,0.0005999800006666444
ARG,406,NH1,TRP,93,NE1,18,0.0005999800006666444
LEU,420,N,GLU,417,O,18,0.0005999800006666444
ARG,459,NH1,LYS,133,O,18,0.0005999800006666444
ASN,14,ND2,ARG,7,O,17,0.0005666477784073864
ASP,36,N,ARG,350,NH1,17,0.0005666477784073864
ILE,126,N,GLN,123,O,17,0.0005666477784073864
ARG,225,NE,ARG,225,O,17,0.0005666477784073864
LYS,234,NZ,ASP,229,O,17,0.0005666477784073864
ASN,250,ND2,HIE,252,ND1,17,0.0005666477784073864
ARG,280,NH2,PRO,453,O,17,0.0005666477784073864
GLN,329,NE2,GLN,329,O,17,0.0005666477784073864
LYS,394,NZ,PHE,398,O,17,0.0005666477784073864
ALA,416,N,ALA,414,O,17,0.0005666477784073864
PHE,429,N,LEU,426,O,17,0.0005666477784073864
LEU,442,N,ASP,441,OD2,17,0.0005666477784073864
ARG,463,NH1,PHE,429,O,17,0.0005666477784073864
ARG,7,NE,PRO,8,O,16,0.0005333155561481284
ARG,57,NH1,GLU,396,O,16,0.0005333155561481284
ARG,81,NH2,ASN,259,OD1,16,0.0005333155561481284
ARG,92,N,ASN,89,ND2,16,0.0005333155561481284
ARG,97,NE,LYS,405,O,16,0.0005333155561481284
VAL,114,N,MET,104,O,16,0.0005333155561481284
ARG,117,NH2,ASP,235,OD1,16,0.0005333155561481284
GLU,121,N,ILE,118,O,16,0.0005333155561481284
LYS,133,N,LYS,131,O,16,0.0005333155561481284
LYS,133,NZ,LYS,133,O,16,0.0005333155561481284
ASN,149,ND2,SER,145,O,16,0.0005333155561481284
ILE,151,N,ALA,148,O,16,0.0005333155561481284
LYS,158,NZ,GLY,157,O,16,0.0005333155561481284
LYS,208,NZ,LYS,208,O,16,0.0005333155561481284
ASN,250,N,LYS,248,O,16,0.0005333155561481284
SER,256,N,SER,253,O,16,0.0005333155561481284
THR,264,N,ASN,261,O,16,0.0005333155561481284
ARG,280,NE,THR,140,OG1,16,0.0005333155561481284
ASP,333,N,ARG,330,O,16,0.0005333155561481284
THR,344,OG1,GLU,65,OE1,16,0.0005333155561481284
THR,347,N,GLN,345,O,16,0.0005333155561481284
GLU,359,N,PRO,46,O,16,0.0005333155561481284
PHE,374,N,PRO,371,O,16,0.0005333155561481284
ALA,397,N,GLU,396,OE1,16,0.0005333155561481284
ARG,415,NH2,GLU,411,OE2,16,0.0005333155561481284
SER,430,OG,ARG,463,NH1,16,0.0005333155561481284
GLN,445,NE2,THR,443,O,16,0.0005333155561481284
ARG,7,NH2,GLY,5,O,15,0.0004999833338888704
TYR,83,OH,ASN,259,OD1,15,0.0004999833338888704
ARG,112,NH1,GLU,116,OE2,15,0.0004999833338888704
LYS,131,NZ,SER,132,OG,15,0.0004999833338888704
GLY,134,N,SER,132,O,15,0.0004999833338888704
GLN,187,NE2,SER,26,OG,15,0.0004999833338888704
LYS,208,NZ,GLN,205,NE2,15,0.0004999833338888704
GLN,211,NE2,TYR,207,O,15,0.0004999833338888704
ARG,225,NH1,GLU,222,O,15,0.0004999833338888704
ASN,263,ND2,TYR,240,OH,15,0.0004999833338888704
VAL,296,N,ALA,293,O,15,0.0004999833338888704
HIE,313,NE2,GLU,115,OE2,15,0.0004999833338888704
GLU,359,N,GLU,359,OE2,15,0.0004999833338888704
ARG,406,N,GLY,404,O,15,0.0004999833338888704
ARG,463,NE,GLN,427,O,15,0.0004999833338888704
ARG,1,NH2,PRO,3,O,14,0.00046665111162961235
ARG,70,NH2,HID,341,NE2,14,0.00046665111162961235
ARG,81,NH1,GLN,211,OE1,14,0.00046665111162961235
TYR,83,OH,GLN,258,OE1,14,0.00046665111162961235
GLN,144,NE2,ARG,280,NH1,14,0.00046665111162961235
THR,147,OG1,SER,276,OG,14,0.00046665111162961235
GLN,165,NE2,ASP,164,OD1,14,0.00046665111162961235
PHE,174,N,LEU,171,O,14,0.00046665111162961235
GLU,222,N,HIE,219,O,14,0.00046665111162961235
SER,231,OG,PRO,230,O,14,0.00046665111162961235
ASN,250,ND2,HIE,252,NE2,14,0.00046665111162961235
LEU,279,N,SER,276,O,14,0.00046665111162961235
LYS,288,NZ,GLU,438,O,14,0.00046665111162961235
THR,344,OG1,ILE,342,O,14,0.00046665111162961235
GLN,345,NE2,HIE,346,NE2,14,0.00046665111162961235
SER,365,OG,LEU,335,O,14,0.00046665111162961235
VAL,53,N,ARG,31,NH2,13,0.0004333188893703543
ARG,57,NH1,TYR,373,OH,13,0.0004333188893703543
ARG,81,NH2,GLN,258,NE2,13,0.0004333188893703543
GLY,82,N,ASP,77,OD2,13,0.0004333188893703543
ARG,92,NE,GLY,82,O,13,0.0004333188893703543
ARG,97,NH1,SER,100,OG,13,0.0004333188893703543
VAL,114,N,GLU,115,OE2,13,0.0004333188893703543
THR,177,N,TYR,175,O,13,0.0004333188893703543
ARG,204,NH1,ARG,204,O,13,0.0004333188893703543
SER,253,N,ASN,250,OD1,13,0.0004333188893703543
SER,256,OG,ASN,259,OD1,13,0.0004333188893703543
ASN,261,ND2,GLN,258,NE2,13,0.0004333188893703543
ARG,330,NH1,HID,369,ND1,13,0.0004333188893703543
ARG,350,NE,ARG,350,N,13,0.0004333188893703543
ARG,350,NH1,ARG,350,O,13,0.0004333188893703543
GLY,13,N,LEU,11,O,12,0.0003999866671110963
LYS,72,NZ,GLY,194,O,12,0.0003999866671110963
ILE,73,N,GLU,359,OE1,12,0.0003999866671110963
ASP,77,N,ALA,74,O,12,0.0003999866671110963
ARG,81,NH1,ASP,77,O,12,0.0003999866671110963
ARG,105,NH1,VAL,101,O,12,0.0003999866671110963
VAL,114,N,GLU,115,OE1,12,0.0003999866671110963
HIE,203,N,HIE,203,ND1,12,0.0003999866671110963
LYS,223,NZ,HIE,219,NE2,12,0.0003999866671110963
HIE,252,NE2,ASN,91,OD1,12,0.0003999866671110963
SER,253,N,ALA,251,O,12,0.0003999866671110963
PHE,255,N,GLU,247,OE2,12,0.0003999866671110963
HIE,346,N,HIE,346,ND1,12,0.0003999866671110963
PHE,380,N,TYR,289,OH,12,0.0003999866671110963
GLY,404,N,ARG,406,O,12,0.0003999866671110963
GLY,450,N,SER,182,O,12,0.0003999866671110963
ARG,92,N,ASN,91,OD1,11,0.00036665444485183826
ARG,97,NH1,CM1,408,O,11,0.00036665444485183826
GLU,116,N,GLU,115,OE1,11,0.00036665444485183826
LYS,131,NZ,GLN,163,OE1,11,0.00036665444485183826
ILE,217,N,ASN,214,O,11,0.00036665444485183826
HIP,224,NE2,PHE,156,O,11,0.00036665444485183826
ASP,229,N,THR,227,OG1,11,0.00036665444485183826
HID,243,ND1,HID,243,O,11,0.00036665444485183826
ARG,280,NH2,THR,140,OG1,11,0.00036665444485183826
ARG,295,NE,HIE,291,ND1,11,0.00036665444485183826
HIE,313,NE2,GLU,115,OE1,11,0.00036665444485183826
HID,369,ND1,LEU,368,O,11,0.00036665444485183826
ALA,391,N,ASN,389,O,11,0.00036665444485183826
ALA,414,N,LEU,409,O,11,0.00036665444485183826
CYS,447,N,ARG,20,NH2,11,0.00036665444485183826
ARG,20,NE,MET,18,O,10,0.00033332222259258026
SER,68,OG,ASN,89,ND2,10,0.00033332222259258026
LYS,72,NZ,PHE,87,O,10,0.00033332222259258026
ARG,81,NE,GLN,258,OE1,10,0.00033332222259258026
ARG,105,NE,ASP,106,OD2,10,0.00033332222259258026
GLN,144,NE2,THR,272,O,10,0.00033332222259258026
SER,153,N,ILE,150,O,10,0.00033332222259258026
ARG,159,NH1,GLU,120,OE2,10,0.00033332222259258026
GLN,187,NE2,ARG,21,O,10,0.00033332222259258026
GLY,201,N,GLN,205,OE1,10,0.00033332222259258026
SER,220,OG,PHE,156,O,10,0.00033332222259258026
SER,249,N,GLU,247,O,10,0.00033332222259258026
GLN,258,NE2,HIE,257,O,10,0.00033332222259258026
ASN,263,N,LEU,260,O,10,0.00033332222259258026
ARG,308,N,GLN,427,NE2,10,0.00033332222259258026
MET,318,N,ASP,314,O,10,0.00033332222259258026
THR,344,OG1,GLN,345,NE2,10,0.00033332222259258026
LYS,393,NZ,LYS,394,O,10,0.00033332222259258026
ARG,406,NE,HM1,464,O1D,10,0.00033332222259258026
ILE,407,N,ARG,97,NH1,10,0.00033332222259258026
GLN,457,NE2,ASP,138,OD1,10,0.00033332222259258026
GLN,17,NE2,LEU,16,O,9,0.0002999900003333222
LEU,24,N,GLN,187,OE1,9,0.0002999900003333222
LYS,33,NZ,LYS,33,O,9,0.0002999900003333222
ARG,57,NH1,GLU,54,OE1,9,0.0002999900003333222
ARG,57,NH1,ASP,370,OD2,9,0.0002999900003333222
ARG,57,NH1,GLU,396,OE2,9,0.0002999900003333222
GLU,65,N,LYS,63,O,9,0.0002999900003333222
GLN,119,NE2,GLU,116,O,9,0.0002999900003333222
GLN,165,N,GLN,163,O,9,0.0002999900003333222
GLN,176,NE2,GLN,205,NE2,9,0.0002999900003333222
SER,179,OG,TYR,175,OH,9,0.0002999900003333222
TYR,207,OH,GLN,211,NE2,9,0.0002999900003333222
ASN,209,ND2,GLN,176,NE2,9,0.0002999900003333222
HIP,224,NE2,VAL,155,O,9,0.0002999900003333222
ASN,250,ND2,SER,249,OG,9,0.0002999900003333222
GLU,254,N,GLU,247,OE2,9,0.0002999900003333222
ASN,259,ND2,TYR,83,OH,9,0.0002999900003333222
SER,266,OG,SER,266,O,9,0.0002999900003333222
THR,278,N,THR,275,O,9,0.0002999900003333222
GLN,302,NE2,GLU,301,O,9,0.0002999900003333222
ARG,308,NH2,ILE,304,O,9,0.0002999900003333222
ARG,315,NH1,GLU,322,OE1,9,0.0002999900003333222
TYR,373,OH,GLU,396,OE1,9,0.0002999900003333222
ASN,389,ND2,ASN,389,O,9,0.0002999900003333222
ALA,391,N,ASP,387,OD2,9,0.0002999900003333222
ALA,391,N,ASN,389,ND2,9,0.0002999900003333222
LYS,394,NZ,LYS,394,O,9,0.0002999900003333222
THR,395,OG1,GLU,396,OE1,9,0.0002999900003333222
ALA,397,N,TYR,373,OH,9,0.0002999900003333222
ALA,397,N,GLU,396,OE2,9,0.0002999900003333222
LYS,405,NZ,SER,68,OG,9,0.0002999900003333222
ARG,406,NE,TRP,93,NE1,9,0.0002999900003333222
GLY,412,N,ARG,105,NH1,9,0.0002999900003333222
LYS,25,N,ARG,21,O,8,0.0002666577780740642
ARG,29,NH2,ARG,21,NH2,8,0.0002666577780740642
LYS,33,NZ,GLN,17,OE1,8,0.0002666577780740642
LEU,42,N,VAL,40,O,8,0.0002666577780740642
GLY,52,N,LEU,50,O,8,0.0002666577780740642
LYS,72,NZ,ASN,89,OD1,8,0.0002666577780740642
ARG,92,NH1,TYR,83,OH,8,0.0002666577780740642
ARG,92,NH1,HIE,252,ND1,8,0.0002666577780740642
ARG,92,NH2,TYR,83,OH,8,0.0002666577780740642
ARG,97,NH1,ARG,406,O,8,0.0002666577780740642
ARG,98,N,VAL,95,O,8,0.0002666577780740642
GLY,108,N,THR,102,O,8,0.0002666577780740642
ARG,112,NH1,GLU,116,O,8,0.0002666577780740642
ARG,117,NH1,GLY,157,O,8,0.0002666577780740642
LYS,131,NZ,GLN,163,NE2,8,0.0002666577780740642
PHE,143,N,THR,140,O,8,0.0002666577780740642
GLN,144,NE2,TYR,175,N,8,0.0002666577780740642
THR,177,OG1,ASN,209,OD1,8,0.0002666577780740642
GLN,187,NE2,VAL,184,O,8,0.0002666577780740642
LYS,208,NZ,ARG,204,O,8,0.0002666577780740642
GLU,226,N,HIP,224,O,8,0.0002666577780740642
LYS,246,NZ,ASN,250,OD1,8,0.0002666577780740642
LYS,248,N,LYS,246,O,8,0.0002666577780740642
SER,276,OG,GLU,273,O,8,0.0002666577780740642
THR,278,OG1,GLN,329,OE1,8,0.0002666577780740642
ARG,295,NE,TYR,320,OH,8,0.0002666577780740642
TYR,297,OH,PRO,306,O,8,0.0002666577780740642
ILE,325,N,GLU,322,O,8,0.0002666577780740642
TYR,326,OH,ARG,415,NH1,8,0.0002666577780740642
ILE,342,N,SER,68,O,8,0.0002666577780740642
ARG,350,NH2,GLU,54,OE1,8,0.0002666577780740642
HIE,372,NE2,TYR,373,OH,8,0.0002666577780740642
HIP,384,NE2,GLU,375,OE1,8,0.0002666577780740642
LYS,405,N,LEU,403,O,8,0.0002666577780740642
ASN,428,ND2,ARG,130,NH1,8,0.0002666577780740642
GLN,457,NE2,ASP,138,OD2,8,0.0002666577780740642
GLN,457,NE2,SER,433,OG,8,0.0002666577780740642
GLN,457,NE2,THR,455,OG1,8,0.0002666577780740642
PHE,27,N,LEU,24,O,7,0.00023332555581480617
ARG,31,N,LEU,28,O,7,0.00023332555581480617
GLY,43,N,LEU,12,O,7,0.00023332555581480617
ARG,45,NH1,GLU,190,OE1,7,0.00023332555581480617
CYS,51,N,MET,49,O,7,0.00023332555581480617
ARG,57,NH1,GLU,396,OE1,7,0.00023332555581480617
ARG,57,NH2,GLU,58,OE2,7,0.00023332555581480617
GLY,69,N,HM1,464,O1A,7,0.00023332555581480617
ARG,81,NH1,ASP,77,OD1,7,0.00023332555581480617
ARG,81,NH2,GLN,258,O,7,0.00023332555581480617
GLY,90,N,ASN,89,ND2,7,0.00023332555581480617
ARG,92,NH1,ASN,91,O,7,0.00023332555581480617
ARG,105,NE,GLU,115,OE2,7,0.00023332555581480617
ARG,105,NE,GLU,411,OE2,7,0.00023332555581480617
ARG,105,NH1,LEU,409,O,7,0.00023332555581480617
PHE,141,N,ASP,138,OD1,7,0.00023332555581480617
SER,153,OG,GLY,157,O,7,0.00023332555581480617
TYR,162,OH,CYS,124,O,7,0.00023332555581480617
ARG,204,NE,GLN,205,OE1,7,0.00023332555581480617
GLN,205,NE2,GLN,176,NE2,7,0.00023332555581480617
ASN,214,N,GLN,211,O,7,0.00023332555581480617
LYS,223,NZ,GLU,222,OE1,7,0.00023332555581480617
ARG,225,NE,HIE,257,ND1,7,0.00023332555581480617
ARG,225,NH2,HIE,257,NE2,7,0.00023332555581480617
SER,231,OG,ASP,238,OD1,7,0.00023332555581480617
LYS,234,NZ,PHE,156,O,7,0.00023332555581480617
SER,256,OG,SER,253,O,7,0.00023332555581480617
ASN,263,ND2,ASN,259,OD1,7,0.00023332555581480617
MET,286,N,PHE,283,O,7,0.00023332555581480617
ARG,298,N,ARG,295,O,7,0.00023332555581480617
ARG,330,NH2,ASP,378,O,7,0.00023332555581480617
HIE,372,NE2,GLU,54,OE2,7,0.00023332555581480617
PHE,398,N,TYR,326,OH,7,0.00023332555581480617
LEU,403,N,SER,402,OG,7,0.00023332555581480617
GLY,412,N,CM1,408,O,7,0.00023332555581480617
ARG,415,NH2,GLU,411,OE1,7,0.00023332555581480617
GLN,427,NE2,PRO,306,O,7,0.00023332555581480617
LYS,451,NZ,ASP,333,N,7,0.00023332555581480617
GLN,457,NE2,MET,137,O,7,0.00023332555581480617
ARG,463,NH2,ALA,293,O,7,0.00023332555581480617
ARG,1,NH2,ARG,350,O,6,0.00019999333355554815
LYS,25,NZ,ARG,21,NH1,6,0.00019999333355554815
ARG,29,NH1,LYS,25,O,6,0.00019999333355554815
ILE,56,N,VAL,53,O,6,0.00019999333355554815
SER,68,N,THR,344,OG1,6,0.00019999333355554815
SER,68,OG,GLU,65,OE1,6,0.00019999333355554815
GLY,69,N,ARG,406,NH1,6,0.00019999333355554815
LYS,72,NZ,ASP,357,O,6,0.00019999333355554815
ARG,92,NH2,GLY,82,O,6,0.00019999333355554815
ARG,105,NH2,ASP,106,OD1,6,0.00019999333355554815
ARG,112,NE,GLU,116,O,6,0.00019999333355554815
GLN,119,NE2,GLN,123,OE1,6,0.00019999333355554815
GLN,119,NE2,GLN,123,NE2,6,0.00019999333355554815
MET,137,N,ALA,135,O,6,0.00019999333355554815
LEU,142,N,ASP,138,O,6,0.00019999333355554815
ARG,159,NH1,HIE,161,NE2,6,0.00019999333355554815
TYR,162,OH,GLU,128,OE1,6,0.00019999333355554815
GLN,163,NE2,GLN,165,OE1,6,0.00019999333355554815
ASN,209,ND2,VAL,206,O,6,0.00019999333355554815
LYS,223,N,SER,220,O,6,0.00019999333355554815
LYS,223,NZ,GLU,222,OE2,6,0.00019999333355554815
GLU,226,N,GLU,226,OE2,6,0.00019999333355554815
TYR,240,OH,SER,256,N,6,0.00019999333355554815
TYR,240,OH,ASN,259,OD1,6,0.00019999333355554815
LYS,246,NZ,LYS,246,O,6,0.00019999333355554815
ALA,251,N,SER,249,O,6,0.00019999333355554815
HIE,257,NE2,LYS,248,O,6,0.00019999333355554815
ASN,263,ND2,ASN,259,ND2,6,0.00019999333355554815
GLU,273,N,ALA,270,O,6,0.00019999333355554815
ARG,295,NH2,HIE,291,ND1,6,0.00019999333355554815
ARG,295,NH2,HIE,291,O,6,0.00019999333355554815
HIE,307,N,ILE,304,O,6,0.00019999333355554815
ILE,328,N,ILE,325,O,6,0.00019999333355554815
HID,369,ND1,ARG,330,NH1,6,0.00019999333355554815
ASP,370,N,THR,366,O,6,0.00019999333355554815
ASP,378,N,ASP,378,OD2,6,0.00019999333355554815
ALA,379,N,ASP,378,OD2,6,0.00019999333355554815
ASN,381,ND2,HIP,384,NE2,6,0.00019999333355554815
LYS,405,NZ,GLU,65,O,6,0.00019999333355554815
SER,430,OG,SER,430,O,6,0.00019999333355554815
ARG,7,NH1,ARG,7,O,5,0.00016666111129629013
ASN,14,ND2,HIE,41,ND1,5,0.00016666111129629013
ARG,31,NE,LEU,28,O,5,0.00016666111129629013
TYR,34,OH,GLY,5,O,5,0.00016666111129629013
ARG,45,NH2,LYS,72,O,5,0.00016666111129629013
LYS,63,NZ,ASP,62,O,5,0.00016666111129629013
SER,68,OG,ALA,66,O,5,0.00016666111129629013
LYS,72,NZ,ARG,70,O,5,0.00016666111129629013
ARG,105,N,ASP,106,O,5,0.00016666111129629013
ARG,105,NE,GLU,115,OE1,5,0.00016666111129629013
ARG,112,NE,GLU,120,OE1,5,0.00016666111129629013
ARG,130,NH1,GLN,123,OE1,5,0.00016666111129629013
SER,179,N,GLN,176,O,5,0.00016666111129629013
GLN,211,NE2,LYS,208,O,5,0.00016666111129629013
LYS,223,NZ,GLU,166,OE2,5,0.00016666111129629013
TYR,240,OH,ASN,263,ND2,5,0.00016666111129629013
LYS,246,NZ,HID,243,O,5,0.00016666111129629013
ASN,250,ND2,SER,249,O,5,0.00016666111129629013
GLY,271,N,SER,266,O,5,0.00016666111129629013
SER,276,OG,GLN,144,NE2,5,0.00016666111129629013
ARG,280,NH2,TYR,175,OH,5,0.00016666111129629013
HIE,291,N,TYR,289,O,5,0.00016666111129629013
ARG,308,NH1,GLU,311,OE1,5,0.00016666111129629013
TYR,320,OH,VAL,292,O,5,0.00016666111129629013
GLN,329,N,TYR,326,O,5,0.00016666111129629013
MET,337,N,LEU,335,O,5,0.00016666111129629013
MET,337,N,GLY,448,O,5,0.00016666111129629013
HID,341,ND1,GLY,69,O,5,0.00016666111129629013
GLN,345,NE2,HIE,346,ND1,5,0.00016666111129629013
HIE,346,N,GLN,345,NE2,5,0.00016666111129629013
THR,347,OG1,GLN,345,OE1,5,0.00016666111129629013
LYS,356,NZ,GLN,345,NE2,5,0.00016666111129629013
ASP,378,N,ASP,378,OD1,5,0.00016666111129629013
SER,402,OG,GLY,404,O,5,0.00016666111129629013
LYS,405,NZ,VAL,61,O,5,0.00016666111129629013
SER,430,OG,MET,431,O,5,0.00016666111129629013
ARG,463,NH1,ALA,293,O,5,0.00016666111129629013
ARG,463,NH1,SER,430,OG,5,0.00016666111129629013
ARG,1,NH2,HIE,346,ND1,4,0.0001333288890370321
ARG,7,NE,ARG,7,O,4,0.0001333288890370321
ARG,21,NH2,ARG,29,NH1,4,0.0001333288890370321
SER,26,OG,SER,26,O,4,0.0001333288890370321
ARG,29,NH2,MET,18,O,4,0.0001333288890370321
ARG,57,N,GLU,54,O,4,0.0001333288890370321
ARG,57,NH1,GLU,54,OE2,4,0.0001333288890370321
ARG,57,NH2,GLU,396,O,4,0.0001333288890370321
SER,68,N,ALA,66,O,4,0.0001333288890370321
ARG,81,N,PRO,78,O,4,0.0001333288890370321
GLY,82,N,PHE,80,O,4,0.0001333288890370321
ALA,88,N,ILE,86,O,4,0.0001333288890370321
ASN,89,ND2,ASN,89,O,4,0.0001333288890370321
ASN,89,ND2,ASN,91,OD1,4,0.0001333288890370321
ARG,98,NE,HID,243,NE2,4,0.0001333288890370321
ARG,105,NH1,GLY,412,O,4,0.0001333288890370321
GLY,108,N,ARG,105,O,4,0.0001333288890370321
ARG,117,NE,ILE,154,N,4,0.0001333288890370321
GLN,119,NE2,GLU,116,OE2,4,0.0001333288890370321
ARG,130,NE,ASN,428,OD1,4,0.0001333288890370321
LYS,208,N,GLN,205,O,4,0.0001333288890370321
ASN,209,ND2,THR,177,N,4,0.0001333288890370321
HIP,224,ND1,THR,227,OG1,4,0.0001333288890370321
THR,227,OG1,THR,227,O,4,0.0001333288890370321
LYS,234,NZ,THR,227,OG1,4,0.0001333288890370321
MET,244,N,LEU,241,O,4,0.0001333288890370321
SER,249,OG,LYS,248,O,4,0.0001333288890370321
ASN,250,N,LYS,246,O,4,0.0001333288890370321
GLN,258,NE2,ARG,81,NH1,4,0.0001333288890370321
THR,272,OG1,THR,147,O,4,0.0001333288890370321
THR,278,OG1,SER,332,O,4,0.0001333288890370321
ARG,280,NH1,PRO,453,O,4,0.0001333288890370321
LEU,285,N,GLY,282,O,4,0.0001333288890370321
ARG,298,NE,GLN,302,OE1,4,0.0001333288890370321
LYS,317,N,HIE,313,O,4,0.0001333288890370321
VAL,324,N,THR,321,O,4,0.0001333288890370321
GLN,345,NE2,ALA,66,N,4,0.0001333288890370321
THR,347,OG1,SER,348,O,4,0.0001333288890370321
LYS,356,NZ,HIE,346,ND1,4,0.0001333288890370321
ASN,389,ND2,LEU,392,O,4,0.0001333288890370321
THR,395,OG1,GLU,396,OE2,4,0.0001333288890370321
GLU,396,N,LYS,394,O,4,0.0001333288890370321
ARG,406,NE,SER,68,O,4,0.0001333288890370321
ARG,406,NH2,PHE,67,O,4,0.0001333288890370321
ARG,406,NH2,SER,68,O,4,0.0001333288890370321
ILE,407,N,ARG,97,NH2,4,0.0001333288890370321
ALA,414,N,GLU,411,O,4,0.0001333288890370321
ARG,415,NH1,TYR,326,OH,4,0.0001333288890370321
THR,424,OG1,PHE,421,O,4,0.0001333288890370321
THR,443,N,ASP,441,O,4,0.0001333288890370321
CYS,447,N,SER,182,O,4,0.0001333288890370321
THR,455,OG1,THR,140,OG1,4,0.0001333288890370321
TYR,456,OH,THR,140,OG1,4,0.0001333288890370321
ARG,1,NH2,TYR,352,OH,3,9.999666677777408e-05
GLN,17,NE2,ARG,7,N,3,9.999666677777408e-05
ARG,20,NH1,ASP,19,O,3,9.999666677777408e-05
LYS,33,NZ,GLU,32,O,3,9.999666677777408e-05
VAL,37,N,TYR,34,O,3,9.999666677777408e-05
ARG,57,NE,ASP,62,OD2,3,9.999666677777408e-05
ARG,57,NH1,HIE,372,ND1,3,9.999666677777408e-05
ARG,57,NH1,ALA,397,O,3,9.999666677777408e-05
ARG,57,NH2,GLU,396,OE1,3,9.999666677777408e-05
SER,68,OG,ILE,342,O,3,9.999666677777408e-05
ARG,92,NH2,ASN,89,OD1,3,9.999666677777408e-05
ARG,97,NH1,ARG,105,NH1,3,9.999666677777408e-05
THR,102,N,PHE,99,O,3,9.999666677777408e-05
THR,102,OG1,THR,102,O,3,9.999666677777408e-05
ARG,112,NH2,SER,153,OG,3,9.999666677777408e-05
ARG,117,NE,GLY,157,O,3,9.999666677777408e-05
ARG,117,NH1,ASP,235,OD2,3,9.999666677777408e-05
GLN,119,NE2,PRO,310,N,3,9.999666677777408e-05
GLN,123,NE2,GLU,120,OE1,3,9.999666677777408e-05
ARG,130,NH2,GLN,123,NE2,3,9.999666677777408e-05
LEU,136,N,ARG,459,NH1,3,9.999666677777408e-05
GLY,157,N,SER,153,O,3,9.999666677777408e-05
LEU,168,N,GLN,165,O,3,9.999666677777408e-05
VAL,184,N,ARG,20,NH1,3,9.999666677777408e-05
GLN,187,NE2,VAL,449,O,3,9.999666677777408e-05
SER,193,OG,MET,75,N,3,9.999666677777408e-05
TYR,198,OH,PRO,78,O,3,9.999666677777408e-05
HIE,203,NE2,LYS,197,N,3,9.999666677777408e-05
ASN,209,ND2,ASN,209,O,3,9.999666677777408e-05
LEU,210,N,TYR,207,O,3,9.999666677777408e-05
LYS,234,NZ,HIP,224,NE2,3,9.999666677777408e-05
TYR,240,OH,ASN,259,O,3,9.999666677777408e-05
LYS,246,NZ,HID,243,ND1,3,9.999666677777408e-05
LYS,246,NZ,SER,249,OG,3,9.999666677777408e-05
SER,249,N,GLU,245,O,3,9.999666677777408e-05
ASN,250,ND2,SER,253,OG,3,9.999666677777408e-05
HIE,252,N,ASN,250,O,3,9.999666677777408e-05
GLN,258,NE2,ARG,81,NH2,3,9.999666677777408e-05
ASN,259,N,GLN,258,OE1,3,9.999666677777408e-05
ARG,280,NH2,GLN,445,OE1,3,9.999666677777408e-05
GLY,282,N,LEU,279,O,3,9.999666677777408e-05
GLN,302,NE2,ARG,298,NH1,3,9.999666677777408e-05
HIE,307,NE2,ASN,428,OD1,3,9.999666677777408e-05
ARG,308,NH1,GLU,311,OE2,3,9.999666677777408e-05
LEU,312,N,GLN,119,OE1,3,9.999666677777408e-05
ARG,350,NH2,GLU,54,O,3,9.999666677777408e-05
GLY,351,N,SER,348,O,3,9.999666677777408e-05
HID,369,ND1,SER,365,OG,3,9.999666677777408e-05
HID,369,ND1,THR,366,O,3,9.999666677777408e-05
HIE,372,NE2,GLU,54,OE1,3,9.999666677777408e-05
ASN,381,ND2,ASN,381,O,3,9.999666677777408e-05
HIP,384,NE2,GLU,375,OE2,3,9.999666677777408e-05
LYS,393,NZ,TYR,373,OH,3,9.999666677777408e-05
PHE,398,N,TYR,373,OH,3,9.999666677777408e-05
SER,402,N,HM1,464,NB,3,9.999666677777408e-05
SER,402,OG,HM1,464,O2A,3,9.999666677777408e-05
ARG,406,NH1,GLY,69,O,3,9.999666677777408e-05
ARG,406,NH1,ILE,86,O,3,9.999666677777408e-05
ARG,415,NH1,ARG,415,O,3,9.999666677777408e-05
SER,430,OG,PHE,429,O,3,9.999666677777408e-05
ALA,432,N,SER,430,O,3,9.999666677777408e-05
ARG,459,NH2,SER,433,O,3,9.999666677777408e-05
PHE,460,N,ALA,135,O,3,9.999666677777408e-05
ARG,1,N,ILE,353,N,2,6.666444451851606e-05
ARG,1,NE,TYR,352,OH,2,6.666444451851606e-05
ARG,1,NH1,ARG,350,O,2,6.666444451851606e-05
ARG,7,NH1,TYR,34,OH,2,6.666444451851606e-05
ASN,14,ND2,PRO,8,N,2,6.666444451851606e-05
ASP,19,N,GLN,187,NE2,2,6.666444451851606e-05
ARG,20,NE,GLU,446,OE2,2,6.666444451851606e-05
ARG,20,NH1,CYS,447,O,2,6.666444451851606e-05
ARG,20,NH2,LEU,16,O,2,6.666444451851606e-05
LEU,28,N,LYS,25,O,2,6.666444451851606e-05
ARG,29,NE,GLN,17,O,2,6.666444451851606e-05
ARG,29,NH1,ARG,21,NH2,2,6.666444451851606e-05
ASP,36,N,ARG,350,NH2,2,6.666444451851606e-05
VAL,47,N,ARG,45,O,2,6.666444451851606e-05
ARG,57,NH2,HIE,372,ND1,2,6.666444451851606e-05
ARG,57,NH2,GLU,396,OE2,2,6.666444451851606e-05
SER,68,OG,SER,68,O,2,6.666444451851606e-05
ARG,70,NE,GLY,69,O,2,6.666444451851606e-05
ARG,70,NH1,HM1,464,O2D,2,6.666444451851606e-05
ARG,81,NH2,ASP,77,O,2,6.666444451851606e-05
TYR,83,N,ARG,81,O,2,6.666444451851606e-05
ARG,97,NH2,GLU,411,OE2,2,6.666444451851606e-05
ARG,98,NH1,ARG,98,O,2,6.666444451851606e-05
ARG,98,NH2,THR,102,N,2,6.666444451851606e-05
LYS,111,NZ,MET,104,O,2,6.666444451851606e-05
LYS,111,NZ,GLY,108,N,2,6.666444451851606e-05
LYS,111,NZ,GLY,110,O,2,6.666444451851606e-05
GLN,123,NE2,GLN,119,NE2,2,6.666444451851606e-05
GLN,123,NE2,GLU,120,OE2,2,6.666444451851606e-05
GLN,123,NE2,ARG,130,NH1,2,6.666444451851606e-05
ARG,130,NH2,ASN,428,O,2,6.666444451851606e-05
LYS,131,NZ,LYS,131,O,2,6.666444451851606e-05
SER,132,OG,LYS,133,O,2,6.666444451851606e-05
GLN,144,N,LEU,142,O,2,6.666444451851606e-05
GLN,144,NE2,THR,272,OG1,2,6.666444451851606e-05
GLN,163,N,GLN,163,NE2,2,6.666444451851606e-05
GLN,176,NE2,ASN,209,ND2,2,6.666444451851606e-05
THR,177,OG1,GLN,176,O,2,6.666444451851606e-05
GLN,187,NE2,GLY,448,O,2,6.666444451851606e-05
LEU,188,N,GLY,186,O,2,6.666444451851606e-05
GLY,194,N,PHE,192,O,2,6.666444451851606e-05
LYS,197,NZ,LEU,196,O,2,6.666444451851606e-05
HIE,203,NE2,ARG,204,NH2,2,6.666444451851606e-05
ARG,204,NH2,GLN,205,OE1,2,6.666444451851606e-05
VAL,206,N,HIE,203,O,2,6.666444451851606e-05
GLN,211,N,LYS,208,O,2,6.666444451851606e-05
HIE,219,NE2,GLU,166,OE1,2,6.666444451851606e-05
HIP,224,ND1,ASP,238,OD1,2,6.666444451851606e-05
ARG,225,NE,HIE,257,NE2,2,6.666444451851606e-05
THR,227,N,GLU,226,OE1,2,6.666444451851606e-05
THR,227,OG1,ASP,238,OD2,2,6.666444451851606e-05
ILE,237,N,ASP,235,OD2,2,6.666444451851606e-05
THR,239,OG1,LEU,236,O,2,6.666444451851606e-05
TYR,240,OH,LEU,260,N,2,6.666444451851606e-05
SER,249,OG,SER,249,O,2,6.666444451851606e-05
SER,256,N,ASN,259,ND2,2,6.666444451851606e-05
GLN,258,N,SER,256,O,2,6.666444451851606e-05
GLN,258,N,GLN,258,NE2,2,6.666444451851606e-05
ASN,259,ND2,ASN,263,ND2,2,6.666444451851606e-05
ASN,261,ND2,ASN,261,O,2,6.666444451851606e-05
GLU,273,N,THR,272,OG1,2,6.666444451851606e-05
THR,278,OG1,SER,332,OG,2,6.666444451851606e-05
TYR,289,OH,PHE,380,O,2,6.666444451851606e-05
HIE,291,NE2,TYR,320,OH,2,6.666444451851606e-05
ARG,298,NE,GLU,294,O,2,6.666444451851606e-05
ARG,298,NH1,ARG,295,NH2,2,6.666444451851606e-05
ILE,300,N,TYR,297,O,2,6.666444451851606e-05
ILE,304,N,GLU,299,O,2,6.666444451851606e-05
HIE,313,NE2,ARG,308,NH2,2,6.666444451851606e-05
LYS,317,N,ARG,315,O,2,6.666444451851606e-05
THR,321,N,MET,318,O,2,6.666444451851606e-05
GLU,322,N,PRO,319,O,2,6.666444451851606e-05
ALA,323,N,TYR,320,O,2,6.666444451851606e-05
GLU,327,N,VAL,324,O,2,6.666444451851606e-05
GLN,329,NE2,SER,332,O,2,6.666444451851606e-05
ASP,333,N,ASP,333,OD1,2,6.666444451851606e-05
ASP,333,N,ASP,333,OD2,2,6.666444451851606e-05
HID,341,ND1,ARG,70,NH2,2,6.666444451851606e-05
THR,344,OG1,GLU,65,OE2,2,6.666444451851606e-05
THR,344,OG1,PHE,67,N,2,6.666444451851606e-05
THR,344,OG1,THR,344,O,2,6.666444451851606e-05
THR,347,OG1,ALA,66,O,2,6.666444451851606e-05
ARG,350,NE,ARG,350,O,2,6.666444451851606e-05
ARG,350,NH1,GLU,54,OE1,2,6.666444451851606e-05
ARG,350,NH2,GLU,54,OE2,2,6.666444451851606e-05
TYR,352,OH,ARG,1,NH2,2,6.666444451851606e-05
LYS,356,NZ,THR,344,OG1,2,6.666444451851606e-05
THR,358,OG1,GLU,359,O,2,6.666444451851606e-05
ALA,379,N,ASP,378,OD1,2,6.666444451851606e-05
ASN,389,ND2,ALA,388,O,2,6.666444451851606e-05
LYS,393,NZ,THR,395,OG1,2,6.666444451851606e-05
LYS,394,N,ASP,387,OD1,2,6.666444451851606e-05
LYS,394,NZ,HIE,372,O,2,6.666444451851606e-05
THR,395,OG1,LYS,394,O,2,6.666444451851606e-05
GLU,396,N,TYR,373,OH,2,6.666444451851606e-05
ALA,397,N,THR,395,O,2,6.666444451851606e-05
THR,400,N,GLN,329,NE2,2,6.666444451851606e-05
ARG,406,NH1,SER,68,O,2,6.666444451851606e-05
CM1,408,N,SER,402,OG,2,6.666444451851606e-05
PHE,421,N,LEU,418,O,2,6.666444451851606e-05
THR,424,N,PHE,421,O,2,6.666444451851606e-05
ASN,428,ND2,PRO,306,O,2,6.666444451851606e-05
SER,430,N,PRO,462,O,2,6.666444451851606e-05
SER,430,OG,ARG,463,NH2,2,6.666444451851606e-05
GLN,445,NE2,THR,455,N,2,6.666444451851606e-05
VAL,449,N,SER,183,O,2,6.666444451851606e-05
VAL,449,N,CYS,447,O,2,6.666444451851606e-05
LYS,451,N,SER,182,OG,2,6.666444451851606e-05
ARG,459,NH2,LYS,133,O,2,6.666444451851606e-05
ARG,1,NH1,TYR,352,OH,1,3.333222225925803e-05
GLY,5,N,ARG,7,NH1,1,3.333222225925803e-05
ARG,7,NE,GLY,5,O,1,3.333222225925803e-05
ARG,7,NH2,PRO,8,O,1,3.333222225925803e-05
ASN,14,ND2,ARG,7,N,1,3.333222225925803e-05
LEU,16,N,ASN,14,O,1,3.333222225925803e-05
GLN,17,N,LEU,15,O,1,3.333222225925803e-05
GLN,17,NE2,GLY,13,O,1,3.333222225925803e-05
ARG,20,NE,LEU,15,O,1,3.333222225925803e-05
ARG,20,NE,GLN,187,NE2,1,3.333222225925803e-05
ARG,21,NH2,LYS,25,O,1,3.333222225925803e-05
ARG,21,NH2,ARG,29,NH2,1,3.333222225925803e-05
LEU,23,N,GLN,187,NE2,1,3.333222225925803e-05
LYS,25,NZ,LYS,25,O,1,3.333222225925803e-05
SER,26,OG,ASP,19,O,1,3.333222225925803e-05
ARG,29,NE,ARG,21,NH2,1,3.333222225925803e-05
ARG,29,NH1,MET,18,O,1,3.333222225925803e-05
ARG,29,NH1,GLU,32,O,1,3.333222225925803e-05
ARG,31,NE,GLY,35,O,1,3.333222225925803e-05
ARG,31,NH1,ASP,370,OD2,1,3.333222225925803e-05
LYS,33,NZ,ARG,29,NH1,1,3.333222225925803e-05
ASP,36,N,ASP,36,OD2,1,3.333222225925803e-05
HIE,41,NE2,PRO,10,O,1,3.333222225925803e-05
ARG,45,NE,LEU,191,O,1,3.333222225925803e-05
ARG,45,NH2,SER,193,OG,1,3.333222225925803e-05
ARG,57,NH1,GLU,58,OE2,1,3.333222225925803e-05
ARG,57,NH1,HIE,372,NE2,1,3.333222225925803e-05
LYS,63,NZ,GLU,58,O,1,3.333222225925803e-05
ALA,64,N,LEU,60,O,1,3.333222225925803e-05
ALA,66,N,ALA,64,O,1,3.333222225925803e-05
SER,68,OG,GLU,65,OE2,1,3.333222225925803e-05
ARG,70,N,ALA,88,O,1,3.333222225925803e-05
LYS,72,NZ,ASP,357,OD2,1,3.333222225925803e-05
PHE,79,N,ASP,77,O,1,3.333222225925803e-05
ARG,81,NE,ARG,81,O,1,3.333222225925803e-05
ARG,81,NE,TYR,83,OH,1,3.333222225925803e-05
ARG,81,NH1,ARG,81,O,1,3.333222225925803e-05
ARG,81,NH1,TYR,83,OH,1,3.333222225925803e-05
ARG,81,NH1,GLN,258,O,1,3.333222225925803e-05
ARG,81,NH2,GLN,211,NE2,1,3.333222225925803e-05
GLY,82,N,ASP,77,OD1,1,3.333222225925803e-05
TYR,83,OH,ARG,81,NH2,1,3.333222225925803e-05
TYR,83,OH,ARG,92,NH2,1,3.333222225925803e-05
TYR,83,OH,SER,253,O,1,3.333222225925803e-05
TYR,83,OH,GLN,258,NE2,1,3.333222225925803e-05
ASN,89,N,PHE,87,O,1,3.333222225925803e-05
ASN,89,N,ARG,92,NH1,1,3.333222225925803e-05
ASN,89,N,ARG,92,NH2,1,3.333222225925803e-05
ASN,89,ND2,ARG,70,N,1,3.333222225925803e-05
ASN,89,ND2,ARG,406,NH1,1,3.333222225925803e-05
ASN,91,N,ASN,89,ND2,1,3.333222225925803e-05
LYS,94,NZ,ASN,91,O,1,3.333222225925803e-05
ARG,97,NH2,ARG,105,NH2,1,3.333222225925803e-05
ARG,97,NH2,CM1,408,O,1,3.333222225925803e-05
ARG,98,NH2,ASN,91,OD1,1,3.333222225925803e-05
ARG,98,NH2,LYS,94,O,1,3.333222225925803e-05
ARG,98,NH2,VAL,95,N,1,3.333222225925803e-05
PHE,99,N,LEU,96,O,1,3.333222225925803e-05
SER,100,N,ARG,97,O,1,3.333222225925803e-05
ARG,105,NE,MET,104,O,1,3.333222225925803e-05
ARG,105,NE,ARG,105,O,1,3.333222225925803e-05
ARG,105,NH2,LEU,409,O,1,3.333222225925803e-05
ARG,105,NH2,GLU,411,O,1,3.333222225925803e-05
GLY,108,N,ARG,112,O,1,3.333222225925803e-05
MET,109,N,ASP,106,OD2,1,3.333222225925803e-05
ARG,112,NE,GLU,120,OE2,1,3.333222225925803e-05
ARG,112,NH1,GLU,116,OE1,1,3.333222225925803e-05
ARG,112,NH1,SER,153,OG,1,3.333222225925803e-05
VAL,114,N,SER,113,OG,1,3.333222225925803e-05
ARG,117,NH1,SER,153,O,1,3.333222225925803e-05
ARG,117,NH1,ASP,235,OD1,1,3.333222225925803e-05
ARG,117,NH2,ARG,112,O,1,3.333222225925803e-05
GLN,119,N,GLU,116,O,1,3.333222225925803e-05
GLN,119,NE2,GLU,120,N,1,3.333222225925803e-05
GLN,119,NE2,GLU,120,OE1,1,3.333222225925803e-05
GLN,119,NE2,GLU,120,OE2,1,3.333222225925803e-05
GLN,123,NE2,GLU,120,N,1,3.333222225925803e-05
LEU,129,N,ILE,126,O,1,3.333222225925803e-05
ARG,130,NH1,GLN,123,NE2,1,3.333222225925803e-05
ARG,130,NH1,ILE,126,O,1,3.333222225925803e-05
ARG,130,NH1,ARG,463,OXT,1,3.333222225925803e-05
ARG,130,NH2,ARG,463,OXT,1,3.333222225925803e-05
LYS,131,NZ,GLU,128,O,1,3.333222225925803e-05
SER,132,N,ARG,130,O,1,3.333222225925803e-05
SER,132,OG,SER,132,O,1,3.333222225925803e-05
SER,132,OG,ALA,135,O,1,3.333222225925803e-05
ILE,146,N,PHE,143,O,1,3.333222225925803e-05
THR,147,OG1,THR,275,OG1,1,3.333222225925803e-05
ASN,149,ND2,PHE,160,N,1,3.333222225925803e-05
CYS,152,N,ASN,149,O,1,3.333222225925803e-05
PHE,156,N,ILE,151,O,1,3.333222225925803e-05
LYS,158,NZ,SER,220,OG,1,3.333222225925803e-05
ARG,159,NH2,GLU,120,OE1,1,3.333222225925803e-05
ARG,159,NH2,ASN,149,ND2,1,3.333222225925803e-05
ARG,159,NH2,HIE,161,NE2,1,3.333222225925803e-05
GLN,165,NE2,GLN,163,NE2,1,3.333222225925803e-05
LYS,169,NZ,GLN,165,NE2,1,3.333222225925803e-05
LYS,169,NZ,GLN,176,OE1,1,3.333222225925803e-05
LYS,169,NZ,GLU,212,O,1,3.333222225925803e-05
TYR,175,OH,ASN,172,OD1,1,3.333222225925803e-05
GLN,176,NE2,LEU,173,N,1,3.333222225925803e-05
GLN,176,NE2,SER,179,OG,1,3.333222225925803e-05
SER,179,OG,GLN,176,OE1,1,3.333222225925803e-05
LEU,180,N,TYR,175,O,1,3.333222225925803e-05
SER,183,N,PHE,178,O,1,3.333222225925803e-05
VAL,184,N,ARG,20,NH2,1,3.333222225925803e-05
GLN,187,NE2,MET,18,O,1,3.333222225925803e-05
PHE,199,N,ARG,204,NH2,1,3.333222225925803e-05
ARG,204,NH1,TYR,207,OH,1,3.333222225925803e-05
ARG,204,NH2,TYR,198,OH,1,3.333222225925803e-05
ARG,204,NH2,TYR,207,OH,1,3.333222225925803e-05
TYR,207,OH,ARG,81,NH1,1,3.333222225925803e-05
TYR,207,OH,ARG,81,NH2,1,3.333222225925803e-05
LYS,208,NZ,TYR,207,OH,1,3.333222225925803e-05
LEU,210,N,ASN,209,OD1,1,3.333222225925803e-05
GLY,218,N,ALA,215,O,1,3.333222225925803e-05
HIE,219,NE2,GLU,166,OE2,1,3.333222225925803e-05
HIP,224,N,GLU,222,O,1,3.333222225925803e-05
HIP,224,ND1,SER,220,OG,1,3.333222225925803e-05
ARG,225,N,LYS,223,O,1,3.333222225925803e-05
ARG,225,NH2,GLU,222,O,1,3.333222225925803e-05
GLU,226,N,GLU,226,OE1,1,3.333222225925803e-05
THR,227,N,GLU,226,OE2,1,3.333222225925803e-05
ASP,229,N,ASP,229,OD1,1,3.333222225925803e-05
SER,231,OG,SER,231,O,1,3.333222225925803e-05
LYS,234,NZ,LEU,228,O,1,3.333222225925803e-05
LYS,234,NZ,PRO,233,O,1,3.333222225925803e-05
THR,239,N,LEU,236,O,1,3.333222225925803e-05
LEU,241,N,ASP,238,O,1,3.333222225925803e-05
LYS,248,NZ,GLU,247,O,1,3.333222225925803e-05
LYS,248,NZ,LYS,248,O,1,3.333222225925803e-05
LYS,248,NZ,SER,249,OG,1,3.333222225925803e-05
HIE,252,NE2,ASN,250,OD1,1,3.333222225925803e-05
SER,253,OG,HIE,252,O,1,3.333222225925803e-05
PHE,255,N,SER,253,O,1,3.333222225925803e-05
HIE,257,N,SER,256,OG,1,3.333222225925803e-05
HIE,257,NE2,GLN,258,NE2,1,3.333222225925803e-05
HIE,257,NE2,ASN,261,OD1,1,3.333222225925803e-05
ASN,259,ND2,ARG,92,NH2,1,3.333222225925803e-05
ASN,259,ND2,GLN,258,NE2,1,3.333222225925803e-05
THR,272,OG1,ALA,148,N,1,3.333222225925803e-05
THR,272,OG1,GLU,273,N,1,3.333222225925803e-05
THR,272,OG1,GLU,273,OE2,1,3.333222225925803e-05
THR,277,N,THR,274,O,1,3.333222225925803e-05
TYR,281,OH,ASP,333,O,1,3.333222225925803e-05
TYR,281,OH,LYS,451,O,1,3.333222225925803e-05
TYR,281,OH,ILE,452,O,1,3.333222225925803e-05
TYR,281,OH,PRO,453,N,1,3.333222225925803e-05
LYS,288,NZ,LYS,288,O,1,3.333222225925803e-05
ARG,295,NE,ARG,295,O,1,3.333222225925803e-05
ARG,295,NH1,GLU,294,OE1,1,3.333222225925803e-05
ARG,295,NH1,ASP,383,OD2,1,3.333222225925803e-05
ARG,298,NH1,GLN,302,NE2,1,3.333222225925803e-05
GLN,302,NE2,ARG,295,NH1,1,3.333222225925803e-05
GLN,302,NE2,ARG,298,NH2,1,3.333222225925803e-05
GLY,305,N,GLU,301,O,1,3.333222225925803e-05
HIE,307,N,GLY,305,O,1,3.333222225925803e-05
HIE,307,NE2,ILE,304,O,1,3.333222225925803e-05
ARG,308,N,HIE,307,NE2,1,3.333222225925803e-05
HIE,313,N,GLU,311,O,1,3.333222225925803e-05
ARG,315,NE,GLU,322,OE2,1,3.333222225925803e-05
ARG,315,NH2,GLU,322,OE1,1,3.333222225925803e-05
LYS,317,NZ,ALA,316,O,1,3.333222225925803e-05
THR,321,OG1,MET,318,O,1,3.333222225925803e-05
TYR,326,OH,PHE,398,O,1,3.333222225925803e-05
PHE,331,N,GLN,329,O,1,3.333222225925803e-05
SER,332,OG,PHE,331,O,1,3.333222225925803e-05
LEU,334,N,SER,332,OG,1,3.333222225925803e-05
THR,344,OG1,SER,68,N,1,3.333222225925803e-05
GLN,345,N,VAL,343,O,1,3.333222225925803e-05
GLN,345,N,THR,347,OG1,1,3.333222225925803e-05
ARG,350,NH1,TYR,34,O,1,3.333222225925803e-05
GLY,351,N,SER,348,OG,1,3.333222225925803e-05
TYR,352,OH,ARG,1,NH1,1,3.333222225925803e-05
ILE,354,N,TYR,352,O,1,3.333222225925803e-05
THR,358,N,LYS,356,O,1,3.333222225925803e-05
THR,358,OG1,PRO,355,N,1,3.333222225925803e-05
LEU,362,N,HID,341,NE2,1,3.333222225925803e-05
HID,369,ND1,ASP,333,OD2,1,3.333222225925803e-05
HID,369,ND1,ASP,378,N,1,3.333222225925803e-05
TYR,373,N,PRO,371,O,1,3.333222225925803e-05
GLU,375,N,TYR,373,O,1,3.333222225925803e-05
GLU,375,N,HIP,384,NE2,1,3.333222225925803e-05
ASN,381,ND2,GLU,375,O,1,3.333222225925803e-05
ASP,383,N,ASP,383,OD1,1,3.333222225925803e-05
ASP,383,N,ASP,383,OD2,1,3.333222225925803e-05
HIP,384,N,ASN,381,OD1,1,3.333222225925803e-05
LYS,393,N,LEU,386,N,1,3.333222225925803e-05
LYS,394,NZ,GLU,322,OE2,1,3.333222225925803e-05
LYS,394,NZ,ASN,389,OD1,1,3.333222225925803e-05
THR,395,N,GLU,396,OE1,1,3.333222225925803e-05
THR,395,OG1,TYR,373,O,1,3.333222225925803e-05
THR,395,OG1,THR,395,O,1,3.333222225925803e-05
THR,395,OG1,GLU,396,O,1,3.333222225925803e-05
ILE,399,N,ALA,367,O,1,3.333222225925803e-05
ILE,399,N,GLU,396,O,1,3.333222225925803e-05
THR,400,OG1,GLN,329,O,1,3.333222225925803e-05
LYS,405,NZ,GLY,404,O,1,3.333222225925803e-05
LYS,405,NZ,LYS,405,O,1,3.333222225925803e-05
ARG,406,NH1,ASN,89,ND2,1,3.333222225925803e-05
ARG,406,NH1,HM1,464,O1D,1,3.333222225925803e-05
ILE,407,N,LEU,403,O,1,3.333222225925803e-05
ARG,415,N,ILE,413,O,1,3.333222225925803e-05
ARG,415,NE,GLU,411,OE1,1,3.333222225925803e-05
ARG,415,NH2,ARG,315,NH2,1,3.333222225925803e-05
ARG,415,NH2,GLU,411,O,1,3.333222225925803e-05
THR,423,N,LEU,420,O,1,3.333222225925803e-05
THR,424,OG1,ALA,122,O,1,3.333222225925803e-05
LEU,426,N,THR,423,O,1,3.333222225925803e-05
ASN,428,ND2,ARG,130,NH2,1,3.333222225925803e-05
ASN,428,ND2,GLN,427,O,1,3.333222225925803e-05
SER,430,OG,ARG,463,OXT,1,3.333222225925803e-05
THR,443,OG1,PRO,444,O,1,3.333222225925803e-05
GLN,445,NE2,TYR,175,OH,1,3.333222225925803e-05
GLN,445,NE2,ASP,441,OD2,1,3.333222225925803e-05
TYR,456,N,ASP,138,OD1,1,3.333222225925803e-05
GLN,457,N,GLN,457,NE2,1,3.333222225925803e-05
GLN,457,NE2,GLN,457,N,1,3.333222225925803e-05
ILE,458,N,MET,137,N,1,3.333222225925803e-05
ARG,463,NH1,TYR,297,OH,1,3.333222225925803e-05
ARG,463,NH1,ARG,463,O,1,3.333222225925803e-05
