donor_resname,donor_resid,donor_atom,acceptor_resname,acceptor_resid,acceptor_atom,count,frequency
THR,321,OG1,GLU,299,OE1,29374,0.9791006966434452
ARG,330,NH2,GLU,327,OE1,29193,0.9730675644145195
ASN,381,N,GLU,327,OE1,28767,0.9588680377320756
THR,424,OG1,LEU,420,O,28604,0.9534348855038165
ARG,330,NE,GLU,327,OE2,28279,0.9426019132695577
PHE,178,N,PHE,174,O,28068,0.9355688143728542
VAL,101,N,ARG,97,O,28051,0.9350021665944469
HID,341,N,VAL,360,O,28037,0.9345355154828172
GLU,301,N,TYR,297,O,27983,0.9327355754808173
VAL,40,N,VAL,47,O,27935,0.9311356288123729
PHE,283,N,LEU,279,O,27834,0.9277690743641879
TYR,456,OH,ARG,280,O,27608,0.9202359921335955
THR,177,OG1,LEU,173,O,27553,0.9184027199093363
VAL,343,N,THR,358,O,27462,0.9153694876837438
LEU,210,N,VAL,206,O,27307,0.9102029932335589
HIP,384,N,ASN,381,O,27055,0.9018032732242258
PHE,385,N,PRO,382,O,27036,0.9011699610013
ARG,330,NH1,LEU,368,O,27034,0.9011032965567815
MET,49,N,PHE,38,O,26995,0.8998033398886703
THR,423,OG1,PHE,419,O,26963,0.8987367087763741
THR,239,OG1,ASP,235,O,26953,0.8984033865537815
ILE,458,N,MET,137,O,26940,0.8979700676644112
VAL,95,N,ASN,91,O,26914,0.8971034298856705
VAL,48,N,GLU,359,O,26812,0.8937035432152262
THR,264,OG1,LEU,260,O,26792,0.893036898770041
ILE,146,N,LEU,142,O,26771,0.8923369221025966
LEU,265,N,ASN,261,O,26770,0.8923035898803373
PHE,361,N,VAL,48,O,26757,0.8918702709909669
PHE,331,N,GLU,327,O,26720,0.8906369787673745
PHE,349,N,TYR,352,O,26709,0.8902703243225226
ASN,428,ND2,THR,424,O,26481,0.8826705776474117
ASP,387,N,ALA,391,O,26442,0.8813706209793007
ILE,354,N,THR,347,O,26421,0.8806706443118563
GLN,176,N,ASN,172,O,26359,0.8786040465317823
ASP,238,N,ASP,235,OD1,26335,0.87780407319756
GLN,427,NE2,ARG,308,O,26311,0.8770040998633379
THR,358,OG1,PRO,355,O,26257,0.8752041598613379
ILE,217,N,ILE,213,O,26129,0.870937635412153
LEU,9,N,GLY,13,O,26115,0.8704709843005233
SER,100,OG,LEU,96,O,25848,0.8615712809573014
ASN,14,N,HIE,41,O,25844,0.8614379520682643
ARG,406,NH1,HM1,464,O2D,25836,0.8611712942901903
THR,423,N,PHE,419,O,25834,0.8611046298456718
HIE,41,N,ASN,14,OD1,25765,0.858804706509783
THR,347,N,ILE,354,O,25743,0.8580713976200793
LEU,241,N,ILE,237,O,25551,0.8516716109463018
THR,277,OG1,GLU,273,O,25500,0.8499716676110797
SER,430,N,LEU,461,O,25399,0.8466051131628946
LEU,196,N,PHE,192,O,25275,0.8424719176027465
LYS,94,N,GLY,90,O,25258,0.8419052698243392
ARG,280,N,SER,276,O,25121,0.8373387553748208
TYR,175,N,LEU,171,O,25070,0.8356388120395987
THR,147,OG1,PHE,143,O,25062,0.8353721542615247
TYR,326,N,GLU,322,O,25008,0.8335722142595247
LEU,420,N,ALA,416,O,25007,0.8335388820372654
LEU,171,N,PHE,167,O,24922,0.8307056431452285
ILE,300,N,VAL,296,O,24876,0.8291723609213026
GLY,71,N,PRO,340,O,24827,0.827539082030599
PHE,421,N,GLU,417,O,24767,0.8255391486950435
PHE,38,N,MET,49,O,24559,0.8186060464651178
THR,321,N,GLU,299,OE1,24461,0.8153394886837105
CYS,152,N,ALA,148,O,24375,0.8124729175694143
LEU,262,N,GLN,258,O,24368,0.8122395920135995
LYS,208,N,ARG,204,O,24353,0.8117396086797106
ARG,57,N,VAL,53,O,24300,0.80997300089997
LYS,223,N,HIE,219,O,24284,0.8094396853438218
TYR,240,OH,GLU,254,O,24200,0.8066397786740442
GLN,329,N,ILE,325,O,24188,0.8062397920069331
VAL,155,N,ILE,151,O,24180,0.8059731342288591
TRP,93,NE1,HM1,464,O1D,24173,0.8057398086730442
GLY,305,N,ILE,300,O,24162,0.8053731542281924
THR,103,OG1,PHE,99,O,24136,0.8045065164494517
LYS,393,N,PHE,385,O,24035,0.8011399620012666
ARG,98,N,LYS,94,O,24000,0.7999733342221926
MET,137,N,ILE,458,O,23995,0.7998066731108963
VAL,206,N,ALA,202,O,23836,0.7945068497716743
PHE,99,N,VAL,95,O,23801,0.7933402219926002
GLN,427,NE2,GLY,305,O,23643,0.7880737308756375
TYR,281,N,THR,277,O,23570,0.7856404786507116
VAL,360,N,HID,341,O,23570,0.7856404786507116
SER,26,OG,GLY,22,O,23528,0.7842405253158228
LEU,60,N,ILE,56,O,23485,0.7828072397586747
ASN,214,N,LEU,210,O,23472,0.7823739208693044
ARG,70,NH1,HM1,464,O1A,23437,0.7812072930902303
VAL,303,N,GLU,299,O,23435,0.7811406286457118
LYS,356,N,HIE,346,ND1,23398,0.7799073364221193
SER,266,OG,LEU,262,O,23384,0.7794406853104896
THR,39,N,PRO,4,O,23381,0.7793406886437119
THR,278,OG1,THR,274,O,23370,0.77897403419886
ALA,148,N,GLN,144,O,23334,0.7777740741975268
ILE,363,N,LEU,50,O,23257,0.7752074930835638
ASN,263,N,ASN,259,O,23240,0.7746408453051565
THR,424,N,LEU,420,O,23223,0.7740741975267491
LEU,173,N,LYS,169,O,23188,0.772907569747675
LEU,285,N,TYR,281,O,23093,0.7697410086330456
LYS,234,NZ,ASP,235,OD2,23018,0.7672410919636012
GLN,119,N,GLU,115,O,22961,0.7653411552948235
LEU,129,N,LEU,125,O,22960,0.7653078230725643
SER,100,N,LEU,96,O,22845,0.7614746175127496
GLU,322,N,MET,318,O,22697,0.7565414486183794
ILE,126,N,ALA,122,O,22657,0.755208159728009
ASP,62,N,ARG,57,O,22441,0.7480083997200093
ILE,181,N,THR,177,O,22397,0.746541781940602
ASN,14,ND2,GLN,17,OE1,22341,0.7446751774940835
ALA,414,N,GLY,410,O,22322,0.7440418652711577
ASP,383,N,ASN,381,OD1,22321,0.7440085330488984
SER,220,OG,TYR,216,O,22245,0.7414752841571948
LEU,279,N,THR,275,O,22216,0.7405086497116763
ILE,151,N,THR,147,O,22176,0.739175360821306
TYR,34,N,PHE,30,O,22169,0.7389420352654912
THR,277,N,GLU,273,O,22143,0.7380753974867504
MET,286,N,GLY,282,O,22126,0.737508749708343
ILE,325,N,THR,321,O,22051,0.7350088330388987
SER,253,N,ASN,250,O,22029,0.7342755241491951
ASN,209,N,GLN,205,O,21983,0.7327422419252692
LYS,234,N,ASP,238,OD2,21944,0.731442285257158
ARG,97,N,TRP,93,O,21797,0.7265424485850471
LEU,426,N,PHE,422,O,21782,0.7260424652511583
MET,104,N,SER,100,O,21767,0.7255424819172694
ARG,31,N,PHE,27,O,21760,0.7253091563614547
LEU,50,N,PHE,361,O,21716,0.7238425385820473
ASP,164,N,HIE,161,O,21712,0.7237092096930102
MET,244,N,TYR,240,O,21698,0.7232425585813806
PHE,27,N,LEU,23,O,21696,0.7231758941368621
THR,39,OG1,PRO,3,O,21663,0.7220759308023066
GLY,218,N,ASN,214,O,21654,0.7217759408019733
GLY,338,N,LEU,335,O,21641,0.7213426219126029
ALA,323,N,PRO,319,O,21607,0.7202093263557882
LEU,461,N,SER,430,O,21589,0.7196093463551215
ARG,330,N,TYR,326,O,21574,0.7191093630212326
LEU,28,N,LEU,24,O,21506,0.716842771907603
GLN,211,N,TYR,207,O,21448,0.7149095030165661
ALA,122,N,ILE,118,O,21420,0.7139762007933069
ILE,328,N,VAL,324,O,21394,0.7131095630145662
PHE,174,N,MET,170,O,21308,0.71024299190027
ARG,298,N,GLU,294,O,21196,0.7065097830072331
TYR,83,N,PHE,80,O,21186,0.7061764607846405
GLU,222,N,GLY,218,O,21181,0.7060097996733442
VAL,324,N,TYR,320,O,21142,0.7047098430052332
GLU,327,N,ALA,323,O,21063,0.7020765974467518
SER,183,OG,LEU,180,O,21000,0.6999766674444186
ILE,213,N,ASN,209,O,20934,0.6977767407753075
ILE,56,N,GLY,52,O,20929,0.6976100796640112
THR,102,OG1,ARG,98,O,20916,0.6971767607746409
THR,344,N,ALA,66,O,20886,0.6961767941068631
PHE,143,N,PRO,139,O,20800,0.693310222992567
TYR,297,N,ALA,293,O,20735,0.6911436285457151
ARG,459,N,ALA,432,O,20711,0.690343655211493
ASN,14,ND2,PRO,6,O,20707,0.6902103263224559
GLY,22,N,ASP,19,O,20703,0.6900769974334189
ARG,97,NH1,ILE,407,O,20488,0.6829105696476784
VAL,221,N,ILE,217,O,20408,0.6802439918669377
THR,239,N,ASP,235,O,20348,0.6782440585313823
LEU,260,N,SER,256,O,20243,0.6747441751941602
SER,276,N,THR,272,O,20184,0.6727775740808639
LEU,242,N,ASP,238,O,20127,0.6708776374120863
SER,433,OG,GLN,457,O,20085,0.6694776840771974
LEU,368,N,LEU,364,O,19974,0.6657778074064198
VAL,296,N,VAL,292,O,19832,0.6610446318456051
GLH,120,N,GLU,116,O,19754,0.658444718509383
MET,170,N,GLU,166,O,19671,0.6556781440618646
ARG,159,NE,GLU,121,OE1,19527,0.6508783040565315
SER,365,N,PRO,336,O,19392,0.6463784540515316
ALA,232,N,ASP,229,O,19354,0.6451118296056798
CYS,51,N,ASP,36,O,19341,0.6446785107163094
HIE,219,N,ALA,215,O,19310,0.6436452118262724
ASN,261,N,HIE,257,O,19229,0.6409453018232726
SER,332,OG,ILE,328,O,19211,0.640345321822606
THR,366,OG1,ILE,363,O,19089,0.6362787907069765
SER,220,N,TYR,216,O,19011,0.6336788773707543
GLN,187,N,SER,183,O,18905,0.630145661811273
PHE,30,N,SER,26,O,18769,0.6256124795840139
ILE,353,N,ARG,1,O,18765,0.6254791506949768
PHE,80,N,VAL,76,O,18753,0.6250791640278658
ARG,97,NH1,HM1,464,O1D,18684,0.622779240691977
LYS,317,N,ASP,314,O,18677,0.6225459151361621
ALA,135,N,SER,132,O,18645,0.6214792840238659
LYS,248,N,MET,244,O,18594,0.6197793406886437
GLN,205,N,GLY,201,O,18593,0.6197460084663845
LYS,131,N,GLU,127,O,18509,0.6169461017966068
THR,264,N,LEU,260,O,18470,0.6156461451284957
ILE,118,N,VAL,114,O,18451,0.6150128329055699
ILE,452,N,GLU,446,O,18439,0.6146128462384587
GLN,163,N,HIE,161,ND1,18431,0.6143461884603847
GLN,123,N,GLN,119,O,18348,0.6115796140128662
ARG,159,NH2,GLU,121,OE2,18277,0.6092130262324589
ARG,81,N,ASP,77,O,18271,0.6090130328989034
PHE,199,N,LEU,196,O,18254,0.608446385120496
MET,318,N,ARG,315,O,18179,0.6059464684510516
GLU,127,N,GLN,123,O,18120,0.6039798673377554
CM1,408,N,PHE,401,O,18059,0.6019466017799406
SER,145,N,PHE,141,O,18042,0.6013799540015333
ALA,432,N,ARG,459,O,17933,0.5977467417752742
GLU,245,N,LEU,241,O,17901,0.5966801106629779
SER,182,N,PHE,178,O,17839,0.5946135128829039
THR,278,N,THR,274,O,17735,0.591146961767941
ARG,70,NE,PRO,340,O,17727,0.590880303989867
TYR,207,N,HIE,203,O,17647,0.5882137262091264
SER,145,OG,PHE,141,O,17592,0.5863804539848672
ARG,70,N,ASN,89,OD1,17515,0.5838138728709042
PHE,87,N,GLY,84,O,17468,0.5822472584247191
PHE,422,N,LEU,418,O,17463,0.5820805973134229
ASN,149,N,SER,145,O,17442,0.5813806206459785
TYR,320,N,GLU,299,OE2,17369,0.5789473684210527
SER,179,N,TYR,175,O,17348,0.5782473917536082
THR,140,OG1,ASP,138,OD1,17347,0.578214059531349
LYS,288,NZ,ILE,440,O,17322,0.5773807539748675
LYS,405,N,LEU,60,O,17225,0.5741475284157195
ASP,19,N,SER,26,OG,17049,0.5682810572980901
GLU,294,N,PRO,290,O,16992,0.5663811206293123
GLY,448,N,GLY,450,O,16963,0.5654144861837939
LEU,96,N,ARG,92,O,16917,0.563881203959868
ASN,89,ND2,ARG,70,O,16835,0.5611479617346088
TYR,373,N,ASP,370,O,16834,0.5611146295123496
GLN,445,N,ILE,452,O,16749,0.5582813906203127
ARG,295,N,HIE,291,O,16712,0.5570480983967201
GLY,390,N,ASP,387,O,16670,0.5556481450618312
GLY,282,N,THR,278,O,16659,0.5552814906169794
TYR,240,N,LEU,236,O,16441,0.5480150661644612
THR,147,N,PHE,143,O,16293,0.543081897270091
GLN,17,NE2,ARG,7,O,16289,0.542948568381054
CYS,124,N,GLH,120,O,16261,0.5420152661577947
LEU,180,N,GLN,176,O,16164,0.5387820405986468
ARG,117,NH1,SER,153,O,16143,0.5380820639312023
GLU,58,N,GLU,54,O,16142,0.5380487317089431
GLU,417,N,ILE,413,O,16115,0.5371487617079431
LYS,288,N,LEU,284,O,16086,0.5361821272624245
ALA,270,N,SER,266,O,16076,0.535848805039832
ASN,172,N,LEU,168,O,16074,0.5357821405953135
TYR,198,N,PHE,195,O,16073,0.5357488083730543
SER,153,N,ASN,149,O,16057,0.5352154928169061
ARG,21,N,ASP,19,OD2,15997,0.5332155594813506
PHE,195,N,PHE,192,O,15996,0.5331822272590914
VAL,76,N,ILE,73,O,15973,0.5324155861471285
LYS,111,N,GLY,108,O,15871,0.5290156994766841
THR,140,N,ASP,138,OD1,15851,0.528349055031499
LEU,191,N,LEU,188,O,15796,0.5265157828072398
GLU,247,N,HID,243,O,15630,0.5209826339122029
THR,347,OG1,GLN,345,O,15596,0.5198493383553882
ARG,130,N,ILE,126,O,15568,0.5189160361321289
PHE,374,N,ASP,370,O,15548,0.5182493916869437
THR,443,OG1,ASP,441,OD2,15380,0.5126495783473884
TYR,352,N,PHE,349,O,15245,0.5081497283423886
ALA,66,N,LYS,63,O,15221,0.5073497550081664
GLU,226,N,GLU,222,O,15212,0.507049765007833
PHE,160,N,ASN,149,OD1,15119,0.503949868337722
SER,182,OG,PHE,178,O,15037,0.5012166261124629
PHE,192,N,PHE,189,O,15001,0.5000166661111296
SER,179,OG,TYR,175,O,14953,0.49841671944268523
HID,243,ND1,THR,239,O,14953,0.49841671944268523
SER,402,OG,HM1,464,O2A,14802,0.49338355388153726
ASP,357,N,VAL,343,O,14791,0.4930168994366854
GLN,144,N,THR,140,O,14561,0.4853504883170561
GLN,427,N,THR,423,O,14479,0.48261724609179696
PHE,269,N,LEU,265,O,14441,0.4813506216459451
GLY,52,N,THR,366,OG1,14377,0.47921735942135263
ARG,117,N,SER,113,O,14317,0.47721742608579715
THR,443,N,ASP,441,OD2,14268,0.4755841471950935
LYS,169,N,GLN,165,O,14159,0.4719509349688344
GLY,271,N,LEU,267,O,14130,0.4709843005233159
LYS,288,NZ,PRO,437,O,14098,0.46991766941101965
TYR,216,OH,ASP,164,OD2,14062,0.4687177094096863
VAL,85,N,ASN,263,OD1,14047,0.4682177260757975
TYR,289,N,LEU,285,O,14008,0.4669177694076864
TYR,281,OH,LEU,442,O,13932,0.4643845205159828
GLU,212,N,LYS,208,O,13912,0.4637178760707976
GLU,121,N,ARG,117,O,13866,0.46218459384687177
HID,243,N,THR,239,O,13861,0.46201793273557545
SER,231,OG,ASP,229,OD1,13856,0.4618512716242792
LYS,234,NZ,ASP,238,OD2,13802,0.46005133162227924
SER,256,OG,SER,253,O,13800,0.45998466717776076
ARG,21,NE,ASP,19,OD2,13789,0.4596180127329089
LEU,188,N,VAL,184,O,13682,0.4560514649511683
PHE,79,N,VAL,76,O,13619,0.45395153494883506
HIP,384,ND1,GLU,327,OE2,13574,0.4524515849471684
TRP,93,N,ASN,89,O,13526,0.45085163827872404
ALA,59,N,ALA,55,O,13514,0.45045165161161294
ARG,308,NH1,ASP,314,OD1,13303,0.4434185527149095
VAL,47,N,VAL,40,O,13223,0.44075197493416884
SER,332,N,ILE,328,O,13129,0.4376187460417986
HIP,224,N,SER,220,O,12998,0.4332522249258358
ARG,463,N,ASN,428,O,12854,0.42845238492050264
HIP,384,NE2,GLU,375,O,12852,0.4283857204759841
ARG,70,NH1,HM1,464,O2D,12777,0.4258858038065398
THR,177,N,LEU,173,O,12660,0.4219859338022066
ARG,117,NH2,GLN,112,O,12586,0.4195193493550215
PHE,398,N,THR,395,O,12568,0.41891936935435486
PHE,429,N,ILE,425,O,12455,0.4151528282390587
ILE,150,N,ILE,146,O,12445,0.4148195060164661
ARG,45,NH2,GLU,190,OE2,12402,0.413386220459318
ARG,21,NH2,ASP,19,OD1,12326,0.4108529715676144
ASP,370,N,ALA,367,O,12312,0.4103863204559848
LEU,386,N,ASP,383,O,12305,0.41015299490017
SER,231,OG,ASP,229,OD2,12277,0.4092196926769108
ILE,342,N,GLY,69,O,12274,0.409119696010133
THR,443,OG1,ASP,441,OD1,12271,0.40901969934335525
ASP,333,N,ARG,330,O,12267,0.4088863704543182
ARG,308,NH1,PRO,309,O,12266,0.40885303823205893
ARG,308,NH2,ASP,314,OD1,12196,0.40651978267391087
THR,103,N,PHE,99,O,12180,0.40598646711776276
SER,266,N,LEU,262,O,12122,0.40405319822672575
GLU,32,N,LEU,28,O,12112,0.40371987600413317
ALA,293,N,TYR,289,O,12035,0.4011532948901703
ARG,29,N,LYS,25,O,11995,0.3998200059998
ALA,397,N,THR,395,OG1,11862,0.39538682043931866
ARG,225,NH2,GLU,222,OE1,11800,0.3933202226592447
ARG,308,NH2,ASP,314,OD2,11710,0.3903203226559115
LYS,197,N,SER,193,O,11672,0.38905369821005964
ASP,77,N,ILE,73,O,11670,0.38898703376554117
ARG,308,NH1,ASP,314,OD2,11601,0.38668711042965237
ILE,304,N,ILE,300,O,11554,0.3851204959834672
TYR,216,N,GLU,212,O,11547,0.3848871704276524
LYS,72,N,GLU,359,OE1,11544,0.3847871737608746
LYS,451,NZ,PHE,331,O,11531,0.3843538548715043
ASN,259,ND2,SER,253,O,11410,0.3803206559781341
LYS,133,N,ARG,130,O,11265,0.37548748375054164
THR,443,N,ASP,441,OD1,11263,0.3754208193060231
GLN,119,NE2,PRO,310,O,11242,0.3747208426385787
THR,272,OG1,PHE,268,O,11211,0.37368754374854174
ASN,259,N,SER,256,OG,11205,0.37348755041498616
ARG,315,N,GLU,311,O,11190,0.3729875670810973
PHE,268,N,THR,264,O,11082,0.3693876870770974
LEU,418,N,ALA,414,O,10993,0.36642111929602345
SER,193,OG,GLU,190,OE1,10958,0.36525449151694944
ARG,225,NE,GLU,222,OE2,10921,0.3640211992933569
THR,140,OG1,ASP,138,OD2,10906,0.363521215959468
ARG,225,N,VAL,221,O,10893,0.36308789707009764
GLU,128,N,CYS,124,O,10849,0.3616212792906903
SER,68,OG,GLU,65,O,10819,0.3606213126229126
HIP,224,NE2,ASP,235,OD1,10785,0.3594880170660978
THR,366,N,ILE,363,O,10763,0.3587547081763941
ARG,45,NH2,GLU,190,OE1,10721,0.3573547548415053
ARG,225,NH2,GLU,222,OE2,10657,0.35522149261691277
ILE,237,N,VAL,155,O,10621,0.3540215326155795
SER,365,OG,ASP,333,OD2,10570,0.35232158928035734
GLN,17,N,ASN,14,O,10494,0.3497883403886537
LYS,451,NZ,ASP,333,OD1,10404,0.3467884403853205
ARG,45,NH1,GLU,359,OE2,10390,0.3463217892736909
PHE,255,N,SER,253,OG,10383,0.34608846371787605
GLU,311,N,ASP,314,OD1,10376,0.34585513816206126
LYS,63,N,GLU,58,O,10342,0.34472184260524646
LEU,228,N,ARG,225,O,10305,0.34348855038165393
ALA,379,N,LYS,376,O,10303,0.3434218859371354
PHE,156,N,CYS,152,O,10266,0.3421885937135429
LEU,168,N,ASP,164,O,10261,0.3420219326022466
ASP,439,N,ALA,436,O,10160,0.33865537815406155
HIE,372,N,ASP,370,OD1,10143,0.3380887303756541
SER,26,N,GLY,22,O,10035,0.33448885037165427
GLN,144,NE2,LEU,171,O,10019,0.33395553481550616
ALA,215,N,GLN,211,O,9968,0.332255591480284
LYS,72,N,GLU,359,OE2,9948,0.33158894703509884
ARG,225,NE,GLU,222,OE1,9840,0.327989067031099
SER,231,N,ASP,229,OD1,9793,0.3264224525849138
LEU,403,N,HM1,464,O2A,9782,0.326055798140062
ARG,21,N,ASP,19,OD1,9716,0.32385587147095096
ILE,413,N,GLY,410,O,9603,0.3200893303556548
ASP,314,N,GLU,311,O,9598,0.3199226692443585
THR,140,N,ASP,138,OD2,9557,0.31855604813172894
VAL,435,N,SER,433,OG,9534,0.317789407019766
SER,132,OG,LEU,129,O,9516,0.31718942701909936
SER,183,N,LEU,180,O,9472,0.31572280923969204
MET,18,N,ASN,14,O,9414,0.313789540348655
LEU,125,N,GLU,121,O,9391,0.31302289923669213
LYS,356,NZ,ASP,357,OD2,9391,0.31302289923669213
ALA,367,N,LEU,364,O,9361,0.3120229325689144
THR,227,N,LYS,223,O,9329,0.3109563014566181
GLY,186,N,SER,183,OG,9316,0.31052298256724775
LEU,287,N,PHE,283,O,9309,0.31028965701143296
THR,102,N,ARG,98,O,9271,0.30902303256558117
SER,193,OG,GLU,190,OE2,9134,0.3044565181160628
ARG,57,NH2,GLU,54,OE1,9129,0.3042898570047665
GLU,411,N,CM1,408,O,9104,0.30345655144828504
LEU,42,N,ARG,45,O,9072,0.3023899203359888
LEU,23,N,GLN,187,OE1,9044,0.30145661811272956
ARG,92,NH1,GLY,82,O,9029,0.3009566347788407
ARG,105,NH2,GLU,115,OE2,8941,0.298023399220026
SER,132,N,GLU,128,O,8835,0.29449018366054464
GLN,187,NE2,ILE,181,O,8822,0.2940568647711743
ARG,45,NH1,GLU,359,OE1,8757,0.2918902703243225
HID,341,ND1,PHE,67,O,8741,0.2913569547681744
LYS,451,NZ,ASP,333,OD2,8730,0.29099030032332257
ILE,425,N,PHE,421,O,8717,0.2905569814339522
ARG,21,NE,ASP,19,OD1,8691,0.2896903436552115
ARG,117,NE,GLN,112,O,8673,0.2890903636545448
SER,256,N,SER,253,O,8640,0.28799040031998935
ARG,57,NH2,GLU,54,OE2,8638,0.2879237358754708
GLU,116,N,SER,113,OG,8583,0.2860904636512116
ARG,315,NH2,GLU,322,OE1,8562,0.28539048698376723
LEU,267,N,ASN,263,O,8525,0.28415719476017465
SER,231,N,ASP,229,OD2,8498,0.2832572247591747
LYS,246,N,LEU,242,O,8446,0.28152394920169327
ASP,106,N,THR,102,O,8360,0.2786573780873971
ILE,154,N,ILE,150,O,8352,0.27839072030932305
ARG,105,NH1,GLU,115,OE1,8327,0.27755741475284157
SER,365,OG,ASP,333,OD1,8291,0.2763574547515083
ARG,463,NH2,GLU,294,OE2,8152,0.27172427585747144
VAL,292,N,TYR,289,O,8142,0.27139095363487886
ARG,463,NH2,GLU,294,OE1,8123,0.2707576414119529
ALA,88,N,GLY,84,O,8093,0.26975767474417517
PHE,189,N,GLY,186,O,8065,0.26882437252091596
GLN,445,NE2,PRO,453,O,7997,0.2665577814072864
ARG,315,NE,GLU,322,OE1,7978,0.2659244691843605
SER,153,OG,ASN,149,O,7971,0.26569114362854573
THR,275,N,GLY,271,O,7929,0.2642911902936569
ARG,463,NH1,GLU,294,OE1,7890,0.26299123362554583
LYS,356,NZ,ASP,357,OD1,7830,0.26099130028999035
ARG,463,NH1,GLU,294,OE2,7760,0.2586580447318423
ARG,350,NH2,GLU,58,OE1,7671,0.2556914769507683
ARG,31,NH1,ASP,370,OD1,7668,0.25559148028399054
GLU,311,N,ASP,314,OD2,7667,0.25555814806173127
LEU,284,N,ARG,280,O,7579,0.2526249125029166
GLN,187,NE2,SER,182,O,7489,0.24962501249958335
ARG,31,NH2,ASP,370,OD2,7469,0.2489583680543982
PHE,67,N,ALA,64,O,7427,0.24755841471950935
ALA,416,N,ILE,413,O,7338,0.2445918469384354
GLU,166,N,ASP,164,OD1,7276,0.24252524915836138
GLY,404,N,HM1,464,O2A,7274,0.24245858471384288
ARG,350,NE,GLU,58,OE2,7252,0.2417252758241392
ARG,21,NH2,ASP,19,OD2,7185,0.23949201693276892
THR,275,OG1,GLU,417,OE1,7100,0.236658778040732
ARG,415,N,GLU,411,O,7058,0.23525882470584314
THR,103,N,SER,100,O,7014,0.2337922069264358
ALA,391,N,ASN,389,OD1,7002,0.23339222025932468
LEU,15,N,LEU,12,O,6947,0.2315589480350655
ASN,261,ND2,HIE,257,O,6933,0.23109229692343589
HIE,372,N,ASP,370,OD2,6901,0.23002566581113962
ARG,315,NE,GLU,322,OE2,6781,0.22602579914002865
HIP,384,ND1,GLU,327,OE1,6761,0.2253591546948435
PHE,67,N,LYS,63,O,6719,0.22395920135995467
ARG,330,NH2,PRO,377,O,6717,0.22389253691543615
GLN,302,N,ARG,298,O,6678,0.2225925802473251
LYS,33,N,PHE,30,O,6645,0.22149261691276959
ARG,415,NH2,GLU,411,OE1,6623,0.2207593080230659
THR,272,OG1,THR,147,OG1,6601,0.2200259991333622
TYR,216,OH,ASP,164,OD1,6564,0.21879270690976968
THR,344,OG1,GLN,345,OE1,6547,0.21822605913136228
GLY,35,N,ARG,31,O,6494,0.21645945135162162
LYS,169,NZ,GLU,166,OE1,6467,0.21555948135062164
ARG,350,NH2,GLU,58,OE2,6464,0.21545948468384388
ARG,415,NH2,GLU,322,OE1,6459,0.2152928235725476
SER,402,N,ILE,399,O,6392,0.2130595646811773
GLN,329,NE2,ILE,325,O,6384,0.21279290690310323
GLN,165,NE2,GLN,163,O,6383,0.21275957468084397
THR,275,OG1,GLY,271,O,6381,0.21269291023632544
THR,227,OG1,LYS,223,O,6284,0.20945968467717743
ARG,350,NE,GLU,58,OE1,6280,0.2093263557881404
GLU,299,N,ARG,295,O,6273,0.2090930302323256
LYS,169,NZ,GLU,166,OE2,6266,0.20885970467651077
SER,276,OG,THR,272,O,6219,0.20729309023032566
ARG,415,NH1,GLU,322,OE2,6202,0.20672644245191826
GLY,404,N,SER,402,OG,6200,0.20665977800739976
ASN,209,ND2,THR,177,OG1,6143,0.20475984133862205
ASN,149,ND2,GLU,121,OE2,6131,0.20435985467151094
ARG,315,NH2,GLU,322,OE2,6113,0.2037598746708443
ARG,298,NH2,GLU,301,OE2,6057,0.20189327022432585
SER,253,OG,GLU,247,OE2,6034,0.20112662911236293
ARG,298,NH2,GLU,301,OE1,6032,0.2010599646678444
ASN,149,ND2,SER,145,O,6006,0.20019332688910368
HID,369,N,THR,366,O,5967,0.19889337022099263
SER,253,OG,GLU,247,OE1,5944,0.1981267291090297
GLN,112,NE2,GLH,120,OE1,5890,0.19632678910702978
ARG,105,N,THR,102,O,5886,0.19619346021799272
ARG,45,N,LEU,42,O,5879,0.19596013466217793
GLN,187,NE2,CYS,447,O,5867,0.19556014799506682
ASN,428,N,THR,424,O,5762,0.19206026465784473
ARG,130,NH2,GLU,127,OE1,5756,0.19186027132428918
LYS,63,NZ,SER,348,O,5736,0.19119362687910402
ARG,459,NH1,GLY,134,O,5679,0.18929369021032633
THR,358,N,PRO,355,O,5673,0.18909369687677077
GLH,120,OE2,GLN,112,OE1,5649,0.18829372354254859
ARG,130,NH2,GLU,127,OE2,5627,0.1875604146528449
ARG,70,NH2,VAL,339,O,5603,0.1867604413186227
ARG,45,NH2,GLU,359,OE2,5563,0.1854271524282524
PHE,460,N,GLY,134,O,5557,0.18522715909469684
ARG,315,NH1,ARG,415,O,5544,0.1847938402053265
THR,272,N,PHE,268,O,5511,0.18369387687077096
ASN,209,ND2,GLN,176,OE1,5510,0.18366054464851173
SER,113,N,GLU,116,OE2,5482,0.18272724242525248
ILE,440,N,PRO,437,O,5474,0.18246058464717843
ASN,389,ND2,ASP,387,OD1,5465,0.18216059464684511
SER,113,OG,GLU,115,OE1,5424,0.18079397353421553
LYS,248,NZ,GLU,245,OE2,5279,0.17596080130662312
SER,113,N,GLU,116,OE1,5274,0.17579414019532683
ARG,105,NH2,GLU,115,OE1,5268,0.17559414686177127
ARG,70,NH2,HM1,464,O1A,5266,0.17552748241725274
ASN,389,ND2,ASP,387,OD2,5255,0.17516082797240093
SER,132,OG,GLU,128,O,5199,0.17329422352588247
LEU,418,N,GLU,417,OE2,5199,0.17329422352588247
SER,253,OG,ASN,250,O,5146,0.17152761574614178
THR,275,OG1,GLU,417,OE2,5127,0.17089430352321588
ARG,415,NH2,GLU,411,OE2,5120,0.1706609779674011
ALA,316,N,LEU,312,O,5053,0.1684277190760308
GLU,254,N,GLU,254,OE1,5019,0.16729442351921603
LYS,248,NZ,GLU,245,OE1,4903,0.1634278857371421
LYS,248,NZ,GLU,245,O,4885,0.16282790573647546
ASN,389,N,ASP,387,OD2,4843,0.1614279524015866
ARG,81,NH1,PRO,78,O,4835,0.16116129462351256
ARG,29,NH2,GLU,32,OE2,4830,0.16099463351221627
GLY,13,N,LEU,9,O,4812,0.1603946535115496
ASN,389,N,ASP,387,OD1,4806,0.16019466017799408
ARG,298,NH1,GLU,294,OE2,4795,0.15982800573314224
ARG,105,NH1,GLU,115,OE2,4776,0.15919469351021634
ARG,45,NH2,GLU,359,OE1,4765,0.1588280390653645
ARG,159,NH1,GLU,121,OE1,4732,0.15772807573080896
SER,113,OG,GLU,116,OE2,4706,0.15686143795206828
MET,18,N,LEU,15,O,4610,0.1536615446151795
ARG,29,NE,GLU,32,OE1,4595,0.15316156128129063
ARG,57,NE,GLU,54,OE2,4543,0.1514282857238092
ARG,298,NE,GLU,301,OE2,4526,0.15086163794540183
GLU,115,N,GLU,115,OE1,4519,0.15062831238958702
ARG,57,NH1,GLU,396,OE2,4480,0.14932835572147596
ASN,172,ND2,LEU,168,O,4448,0.1482617246091797
LYS,72,NZ,ASP,77,OD2,4438,0.1479284023865871
ARG,130,NE,GLU,127,OE2,4438,0.1479284023865871
VAL,61,N,ARG,57,O,4431,0.14769507683077232
GLU,254,N,GLU,254,OE2,4420,0.14732842238592048
ARG,459,NE,GLY,134,O,4409,0.14696176794106863
ARG,117,NH1,SER,153,OG,4405,0.1468284390520316
SER,113,OG,GLU,116,OE1,4384,0.14612846238458718
ASN,259,ND2,ALA,251,O,4342,0.14472850904969833
ASN,214,ND2,GLN,211,OE1,4339,0.14462851238292057
ARG,29,NH2,GLU,32,OE1,4307,0.1435618812706243
ARG,57,NE,GLU,54,OE1,4294,0.14312856238125396
ASN,381,ND2,ASP,383,OD2,4274,0.1424619179360688
SER,113,OG,GLU,115,OE2,4268,0.14226192460251325
ASN,381,ND2,ASP,383,OD1,4158,0.13859538015399486
ARG,97,NH2,ILE,407,O,4149,0.13829539015366155
ARG,92,NH1,ASN,259,OD1,4145,0.13816206126462452
LEU,386,N,PRO,382,O,4129,0.13762874570847639
ARG,298,NE,GLU,301,OE1,4117,0.13722875904136528
ASP,106,N,THR,103,O,4116,0.13719542681910604
ASN,428,N,ILE,425,O,4074,0.1357954734842172
ARG,29,NE,GLU,32,OE2,4065,0.13549548348388388
ARG,92,NH2,HIE,252,O,4018,0.13392886903769874
ASN,263,ND2,ASN,259,O,4002,0.1333955534815506
ARG,298,NH1,GLU,294,OE1,3996,0.13319556014799508
ARG,57,NH1,GLU,396,OE1,3986,0.1328622379254025
ASN,263,ND2,TYR,240,OH,3982,0.13272890903636544
LYS,72,NZ,ASP,77,OD1,3928,0.13092896903436552
HID,369,ND1,SER,365,O,3905,0.1301623279224026
VAL,53,N,ASP,370,OD2,3897,0.1298956701443285
THR,344,OG1,ALA,66,O,3895,0.12982900569981
ARG,31,NH2,ASP,36,OD1,3856,0.12852904903169896
ILE,440,N,ALA,436,O,3856,0.12852904903169896
ARG,330,NH1,PRO,377,O,3846,0.12819572680910638
GLU,115,N,GLU,115,OE2,3788,0.1262624579180694
ASP,77,N,ALA,74,O,3787,0.12622912569581013
HID,369,N,SER,365,O,3729,0.12429585680477317
ARG,130,NE,GLU,127,OE1,3702,0.12339588680377321
ARG,130,NH1,GLU,127,OE1,3694,0.12312922902569914
THR,366,OG1,CYS,51,O,3678,0.12259591346955101
ARG,31,NH2,ASP,36,OD2,3619,0.12062931235625479
PHE,167,N,ASP,164,OD1,3606,0.12019599346688443
ASN,261,ND2,GLN,258,OE1,3597,0.11989600346655112
ARG,57,NH2,GLU,396,OE2,3590,0.11966267791073631
LYS,131,NZ,GLU,128,OE2,3522,0.11739608679710677
ARG,463,NE,ARG,463,OXT,3500,0.11666277790740309
TYR,373,OH,GLU,396,OE1,3497,0.11656278124062532
GLN,205,NE2,ASN,209,OD1,3478,0.1159294690176994
ARG,415,NE,GLU,411,OE2,3470,0.11566281123962535
ARG,57,NH2,GLU,396,OE1,3460,0.11532948901703277
ARG,70,NH1,ILE,86,O,3459,0.11529615679477351
GLY,108,N,LYS,234,O,3455,0.11516282790573648
LYS,33,N,ARG,29,O,3452,0.1150628312389587
GLU,166,N,ASP,164,OD2,3409,0.1136295456818106
GLN,176,NE2,ASN,172,OD1,3409,0.1136295456818106
GLN,144,NE2,GLU,273,OE2,3407,0.1135628812372921
ARG,31,NE,ASP,36,OD1,3375,0.11249625012499584
HIP,224,NE2,ASP,235,OD2,3352,0.1117296090130329
TYR,373,OH,GLU,396,OE2,3351,0.11169627679077364
GLN,258,NE2,ALA,251,O,3343,0.11142961901269957
GLY,52,N,ILE,363,O,3333,0.11109629679010699
ILE,154,N,ILE,151,O,3322,0.11072964234525516
ARG,463,NH1,LEU,426,O,3305,0.11016299456684778
ARG,204,N,GLY,201,O,3304,0.11012966234458851
VAL,449,N,SER,182,OG,3283,0.10942968567714409
ASN,214,ND2,GLN,258,OE1,3281,0.10936302123262558
ARG,130,NH1,GLU,127,OE2,3255,0.10849638345388488
ARG,31,NE,ASP,36,OD2,3239,0.10796306789773674
HIE,252,N,ASN,250,OD1,3191,0.10636312122929235
LYS,63,NZ,ASP,62,OD2,3174,0.10579647345088497
ARG,415,NE,GLU,411,OE1,3161,0.10536315456151461
TYR,162,OH,GLU,121,OE2,3133,0.10442985233825539
SER,68,N,GLU,65,O,3128,0.1042631912269591
LYS,131,NZ,GLU,128,OE1,3121,0.10402986567114429
TYR,281,OH,LYS,451,O,3095,0.10316322789240359
LYS,169,NZ,GLU,212,OE2,3094,0.10312989567014433
SER,402,OG,GLY,404,O,3085,0.10282990566981101
LYS,63,NZ,ASP,62,OD1,3076,0.10252991566947768
ARG,70,NH2,PRO,340,O,3045,0.10149661677944069
ARG,298,NH1,GLU,301,OE2,3040,0.1013299556681444
LYS,169,NZ,GLU,212,OE1,3023,0.100763307889737
LEU,334,N,SER,332,OG,3010,0.10032998900036666
ASN,261,ND2,ASN,214,OD1,2991,0.09969667677744075
ASN,259,ND2,ASN,259,O,2934,0.09779674010866304
LEU,334,N,SER,332,O,2928,0.09759674677510749
ASN,209,ND2,GLN,205,O,2919,0.09729675677477417
ARG,298,NH1,GLU,301,OE1,2917,0.09723009233025566
LYS,63,NZ,GLU,58,OE1,2912,0.09706343121895937
SER,332,OG,GLN,329,O,2904,0.0967967734408853
ARG,406,NH2,ALA,88,O,2897,0.0965634478850705
ARG,92,NE,GLU,254,OE1,2866,0.0955301489950335
SER,68,N,THR,344,OG1,2854,0.0951301623279224
LYS,72,NZ,GLU,359,OE1,2822,0.09406353121562615
LYS,234,NZ,ASP,238,OD1,2801,0.09336355454818172
GLN,345,NE2,GLU,65,O,2759,0.09196360121329289
ASN,250,N,GLU,247,O,2745,0.09149695010166328
ALA,88,N,VAL,85,O,2732,0.09106363121229293
ALA,64,N,VAL,61,O,2725,0.09083030565647812
GLY,412,N,LEU,409,O,2696,0.08986367121095963
VAL,53,N,ASP,370,OD1,2688,0.08959701343288556
SER,193,N,GLU,190,O,2669,0.08896370120995967
GLU,417,N,GLU,417,OE2,2660,0.08866371120962635
ARG,415,N,GLU,417,OE2,2656,0.08853038232058931
ARG,97,NH2,ARG,406,O,2652,0.08839705343155228
ILE,407,N,GLY,404,O,2629,0.08763041231958935
GLY,134,N,LEU,129,O,2626,0.08753041565281157
SER,256,OG,SER,249,O,2626,0.08753041565281157
GLN,119,NE2,GLU,311,OE1,2621,0.08736375454151528
ARG,406,NH2,SER,68,O,2585,0.086163794540182
LYS,317,NZ,HIE,313,O,2546,0.08486383787207093
MET,337,N,GLY,448,O,2526,0.08419719342688577
PHE,419,N,ARG,415,O,2518,0.0839305356488117
ARG,31,NH1,GLY,35,O,2512,0.08373054231525616
SER,249,OG,GLU,247,O,2486,0.08286390453651545
LEU,335,N,ASP,333,O,2465,0.08216392786907104
ARG,92,NH1,HIE,252,O,2459,0.08196393453551548
LYS,234,N,ASP,238,OD1,2451,0.08169727675744141
CYS,447,N,GLU,446,OE2,2423,0.0807639745341822
PHE,167,N,ASP,164,OD2,2422,0.08073064231192294
ALA,416,N,GLU,417,OE2,2417,0.08056398120062665
SER,266,OG,ASN,263,O,2399,0.07996400119996
TRP,93,NE1,HM1,464,O2D,2398,0.07993066897770075
GLN,119,NE2,GLU,311,OE2,2391,0.07969734342188593
ARG,31,NH1,ASP,36,OD2,2385,0.07949735008833039
TYR,297,OH,GLU,301,OE1,2384,0.07946401786607113
LYS,393,NZ,ASP,383,O,2368,0.07893070230992301
PHE,167,N,ASP,164,O,2305,0.07683077230758975
ARG,105,NH1,GLY,412,O,2288,0.07626412452918237
TYR,297,OH,GLU,301,OE2,2277,0.07589747008433052
HIE,203,NE2,LEU,196,O,2269,0.07563081230625646
ARG,105,NH2,GLU,411,OE2,2262,0.07539748675044165
SER,153,OG,ILE,150,O,2256,0.0751974934168861
HIE,203,NE2,PHE,199,O,2255,0.07516416119462685
ARG,81,NE,PHE,79,O,2252,0.07506416452784907
TYR,373,OH,GLU,54,OE1,2240,0.07466417786073798
LYS,63,NZ,GLU,58,OE2,2233,0.07443085230492318
LYS,223,NZ,GLU,226,OE2,2218,0.0739308689710343
ARG,57,NH1,ASP,62,OD2,2206,0.0735308823039232
LYS,72,NZ,GLU,359,OE2,2202,0.07339755341488617
HID,341,ND1,GLY,69,O,2169,0.07229759008033065
GLY,69,N,PHE,67,O,2149,0.0716309456351455
ARG,350,NH1,ASP,36,OD1,2138,0.07126429119029366
ARG,45,NE,GLU,190,OE1,2126,0.07086430452318256
LYS,223,NZ,GLU,226,OE1,2076,0.06919769341021965
CYS,447,N,GLU,446,OE1,2074,0.06913102896570114
ARG,350,NH1,ASP,36,OD2,2053,0.06843105229825673
LYS,63,NZ,GLU,58,O,2042,0.06806439785340489
ARG,463,NE,ARG,463,O,2042,0.06806439785340489
ARG,57,NH1,GLU,54,OE2,2034,0.06779774007533082
GLN,205,NE2,GLN,176,OE1,2024,0.06746441785273824
SER,193,N,PHE,189,O,2010,0.06699776674110863
ARG,315,N,LEU,312,O,1998,0.06659778007399754
SER,430,OG,PRO,462,O,1996,0.06653111562947901
ALA,391,N,ASP,387,O,1991,0.06636445451818272
ASN,261,ND2,ASN,214,O,1982,0.0660644645178494
ASP,370,N,THR,366,O,1979,0.06596446785107163
ARG,295,NH1,ARG,295,O,1973,0.06576447451751609
LEU,418,N,GLU,417,OE1,1969,0.06563114562847905
SER,132,N,LEU,129,O,1947,0.06489783673877537
ARG,29,NH1,ASP,19,OD1,1926,0.06419786007133095
LEU,188,N,PHE,185,O,1916,0.06386453784873837
ARG,31,NH1,ASP,36,OD1,1915,0.06383120562647912
ARG,105,NE,ILE,413,O,1910,0.06366454451518283
ARG,159,NH2,GLU,121,OE1,1910,0.06366454451518283
ARG,57,NH1,ASP,62,OD1,1898,0.06326455784807174
GLY,157,N,ILE,154,O,1896,0.06319789340355321
GLU,116,N,SER,113,O,1885,0.06283123895870138
ALA,416,N,GLY,412,O,1878,0.06259791340288658
ARG,92,NE,GLU,254,OE2,1871,0.062364587847071766
GLN,329,NE2,THR,278,OG1,1864,0.062131262291256956
LEU,368,N,SER,365,O,1861,0.062031265624479186
GLN,187,NE2,SER,183,O,1850,0.06166461117962735
ILE,413,N,LEU,409,O,1843,0.06143128562381254
LYS,63,N,ALA,59,O,1832,0.0610646311789607
THR,274,OG1,ALA,270,O,1830,0.06099796673444219
TYR,373,OH,GLU,54,OE2,1818,0.06059798006733109
ARG,415,NE,GLU,411,O,1811,0.060364654511516284
LYS,111,NZ,MET,109,O,1807,0.06023132562247925
ARG,295,NH1,GLU,299,OE2,1796,0.059864671177627414
ARG,204,NH2,LYS,197,O,1790,0.05966467784407187
ARG,330,NH1,HID,369,NE2,1741,0.05803139895336822
ARG,298,NE,GLU,294,OE2,1735,0.057831405619812676
TYR,240,OH,SER,256,O,1732,0.0577314089530349
ALA,316,N,HIE,313,O,1730,0.057664744508516386
LYS,246,N,HID,243,O,1705,0.056831438952034935
THR,227,N,HIP,224,O,1680,0.055998133395553484
GLN,258,NE2,ASN,214,OD1,1663,0.055431485617146094
SER,68,OG,ALA,64,O,1662,0.05539815339488684
GLY,84,N,ASN,259,OD1,1635,0.05449818339388687
SER,193,OG,GLU,190,O,1632,0.054398186727109096
TYR,83,OH,ALA,251,O,1631,0.05436485450484984
LEU,267,N,THR,264,O,1620,0.053998200059998
SER,256,OG,ALA,251,O,1608,0.0535982133928869
SER,332,OG,THR,278,OG1,1608,0.0535982133928869
ARG,57,NH1,GLU,54,OE1,1607,0.053564881170627646
GLU,65,N,GLU,65,OE1,1588,0.05293156894770174
SER,365,OG,PRO,336,O,1588,0.05293156894770174
GLY,108,N,ASP,106,OD1,1580,0.05266491116962768
PHE,189,N,PHE,185,O,1578,0.05259824672510916
GLU,273,N,GLY,271,O,1576,0.05253158228059065
GLN,144,NE2,GLU,273,OE1,1557,0.051898270057664744
PHE,185,N,SER,183,OG,1554,0.05179827339088697
ARG,45,NE,GLU,190,OE2,1546,0.05153161561281291
LEU,362,N,MET,337,O,1529,0.05096496783440552
GLU,446,N,ILE,452,O,1508,0.0502649911669611
GLY,108,N,ASP,106,OD2,1502,0.05006499783340555
ALA,59,N,ILE,56,O,1492,0.04973167561081297
ARG,350,NH1,GLU,58,OE1,1485,0.04949835005499817
ALA,251,N,ASN,250,OD1,1473,0.04909836338788707
ILE,407,N,SER,402,OG,1473,0.04909836338788707
ARG,415,N,GLY,410,O,1460,0.04866504449851672
GLU,65,N,GLU,65,OE2,1447,0.04823172560914636
LYS,405,NZ,GLU,65,OE2,1441,0.048031732275590815
THR,344,OG1,SER,68,OG,1439,0.047965067831072294
ARG,81,NE,PRO,78,O,1436,0.047865071164294525
GLU,247,N,MET,244,O,1436,0.047865071164294525
LEU,312,N,GLU,115,OE2,1431,0.047698410052998234
ASN,261,ND2,HIE,257,NE2,1425,0.04749841671944269
ARG,350,NH1,GLU,58,OE2,1424,0.047465084497183424
LEU,24,N,GLN,187,OE1,1423,0.04743175227492417
LYS,376,NZ,ASP,378,OD1,1418,0.04726509116362788
PHE,107,N,ARG,105,O,1410,0.04699843338555382
LYS,376,NZ,ASP,378,OD2,1409,0.046965101163294554
SER,348,OG,TYR,352,O,1402,0.04673177560747975
ARG,350,NH2,ASP,36,OD1,1394,0.04646511782940568
ARG,117,NH1,GLY,157,O,1380,0.045998466717776076
ARG,81,NH2,GLN,258,OE1,1378,0.045931802273257556
GLY,69,N,ILE,342,O,1371,0.04569847671744275
GLY,84,N,PHE,80,O,1369,0.04563181227292423
GLN,345,N,ALA,66,O,1349,0.04496516782773907
GLY,134,N,PHE,460,O,1335,0.044498516716109465
SER,249,OG,GLU,247,OE2,1333,0.044431852271590945
ARG,29,NH2,GLN,17,O,1332,0.04439852004933169
LYS,111,NZ,GLY,157,O,1330,0.044331855604813175
LYS,376,NZ,GLU,375,OE2,1316,0.04386520449318356
ARG,29,NH1,GLN,17,O,1314,0.04379854004866504
SER,182,OG,GLU,446,OE2,1313,0.043765207826405784
ARG,298,NE,GLU,294,OE1,1313,0.043765207826405784
ASN,263,ND2,TYR,83,O,1276,0.04253191560281324
ARG,105,NH1,GLU,411,OE1,1264,0.04213192893570214
ARG,298,NH2,GLU,294,OE2,1263,0.04209859671344288
LYS,376,NZ,GLU,375,OE1,1246,0.0415319489350355
ARG,298,NH2,GLU,294,OE1,1242,0.041398620045998466
GLY,134,N,SER,132,OG,1234,0.041131962267924406
LEU,312,N,GLU,115,OE1,1225,0.04083197226759108
LEU,142,N,PRO,139,O,1210,0.04033198893370221
GLU,438,N,GLU,438,OE1,1206,0.04019866004466518
ARG,350,NH2,ASP,36,OD2,1204,0.040131995600146665
SER,276,OG,PHE,143,O,1197,0.039898670044331855
THR,102,N,PHE,99,O,1181,0.03936535448818373
THR,147,OG1,THR,272,O,1179,0.039298690043665215
LYS,208,NZ,GLU,212,OE2,1174,0.039132028932368924
GLN,302,NE2,ARG,298,O,1170,0.03899870004333189
LEU,364,N,PRO,336,O,1155,0.03849871670944302
GLU,396,N,GLU,396,OE1,1143,0.03809873004233192
GLU,438,N,GLU,438,OE2,1143,0.03809873004233192
LYS,208,NZ,GLU,212,OE1,1136,0.03786540448651712
GLN,123,NE2,GLN,119,OE1,1127,0.03756541448618379
ASN,149,ND2,PHE,160,O,1127,0.03756541448618379
ARG,29,NH1,ASP,19,OD2,1125,0.03749875004166528
ARG,225,NH2,GLU,226,OE2,1123,0.03743208559714676
ALA,436,N,ASP,439,OD1,1120,0.03733208893036899
LEU,15,N,GLY,13,O,1107,0.03689877004099863
ASN,259,ND2,GLU,254,O,1101,0.036698776707443086
TYR,83,OH,HIE,252,O,1100,0.03666544448518383
LYS,405,NZ,GLU,65,OE1,1099,0.03663211226292457
SER,402,N,PRO,400,O,1098,0.03659878004066531
ARG,415,N,GLU,417,OE1,1095,0.03649878337388754
ARG,415,N,GLY,412,O,1094,0.03646545115162828
GLN,445,NE2,THR,455,OG1,1092,0.03639878670710976
SER,26,OG,LEU,23,O,1091,0.036365454484850505
GLU,299,N,VAL,296,O,1089,0.03629879004033199
ASN,209,ND2,LEU,173,O,1086,0.036198793373554215
ALA,436,N,ASP,439,OD2,1084,0.0361321289290357
ARG,105,NH1,GLU,411,OE2,1074,0.03579880670644312
GLU,417,N,GLU,417,OE1,1074,0.03579880670644312
ARG,105,NE,ASP,106,OD1,1066,0.035532148928369055
GLN,211,NE2,TYR,207,OH,1066,0.035532148928369055
ARG,81,NH1,GLN,258,OE1,1054,0.03513216226125796
ARG,225,NH2,GLU,226,OE1,1047,0.03489883670544315
ARG,117,NE,SER,113,O,1046,0.034865504483183894
LEU,236,N,ILE,154,O,1046,0.034865504483183894
THR,344,OG1,GLU,65,O,1044,0.03479884003866538
ARG,406,NE,SER,68,O,1044,0.03479884003866538
ASN,250,ND2,GLU,247,OE2,1035,0.03449885003833206
ARG,57,NE,GLU,396,OE1,1034,0.0344655178160728
ARG,204,NH1,LYS,197,O,1028,0.03426552448251725
LYS,356,NZ,THR,344,O,1022,0.0340655311489617
ARG,105,N,VAL,101,O,1019,0.03396553448218393
GLU,396,N,GLU,396,OE2,1012,0.03373220892636912
VAL,449,N,GLN,187,OE1,1010,0.03366554448185061
GLN,112,NE2,GLU,116,OE2,1006,0.03353221559281357
GLY,186,N,SER,183,O,1005,0.033498883370554317
GLN,112,NE2,GLU,116,OE1,1002,0.03339888670377654
LYS,25,N,GLY,22,O,997,0.03323222559248025
ARG,105,NH2,ASP,106,OD2,987,0.03289890336988767
LYS,405,NZ,VAL,61,O,982,0.03273224225859138
ASP,106,N,VAL,101,O,979,0.03263224559181361
ARG,350,NE,ASP,36,OD2,973,0.032432252258258056
LYS,133,N,LEU,129,O,972,0.0323989200359988
THR,455,OG1,GLN,445,OE1,967,0.03223225892470251
ARG,159,NH1,PHE,160,O,962,0.03206559781340622
ARG,92,NE,GLY,82,O,954,0.03179894003533216
GLU,226,N,LYS,223,O,948,0.031598946701776605
GLN,112,NE2,GLY,157,O,945,0.031498950034998835
SER,433,OG,VAL,435,O,942,0.03139895336822106
GLN,144,NE2,THR,272,O,936,0.03119896003466551
ASN,259,ND2,TYR,83,O,933,0.031098963367887738
GLN,445,NE2,THR,443,O,933,0.031098963367887738
SER,182,OG,SER,179,O,931,0.03103229892336922
ALA,416,N,GLU,417,OE1,924,0.030798973367554414
GLN,302,N,GLU,299,O,922,0.030732308923035898
ARG,159,NE,PHE,160,O,915,0.030498983367221094
GLN,176,NE2,ASN,172,O,915,0.030498983367221094
THR,272,OG1,THR,147,O,910,0.030332322255924804
LYS,451,NZ,SER,332,O,891,0.0296990100329989
GLN,123,NE2,GLN,119,O,877,0.029232358921369286
SER,26,N,LEU,23,O,868,0.028932368921035966
ILE,86,N,SER,266,OG,852,0.028399053364887836
ASN,250,ND2,GLU,247,OE1,848,0.028265724475850806
GLN,345,NE2,THR,344,OG1,848,0.028265724475850806
LYS,317,NZ,ASP,314,OD2,844,0.028132395586813772
GLY,84,N,GLY,82,O,843,0.028099063364554516
ARG,57,NE,GLU,396,OE2,834,0.027799073364221192
LYS,72,NZ,GLU,190,OE1,827,0.027565747808406385
ASN,250,ND2,HIE,252,ND1,813,0.027099096696776775
SER,256,OG,GLN,258,OE1,812,0.027065764474517515
GLN,144,NE2,THR,140,O,805,0.02683243891870271
SER,183,N,SER,179,O,788,0.026265791140295324
ASN,263,ND2,SER,100,OG,788,0.026265791140295324
ARG,406,NH2,SER,68,OG,779,0.025965801139962
GLN,112,N,GLN,112,OE1,775,0.02583247225092497
GLU,32,N,ARG,29,O,771,0.025699143361887937
SER,68,OG,THR,344,OG1,767,0.025565814472850903
THR,455,N,GLN,445,OE1,761,0.025365821139295357
ARG,105,NE,ARG,105,O,760,0.0253324889170361
ALA,388,N,ASP,387,OD2,756,0.025199160027999067
ARG,159,NE,GLU,121,OE2,755,0.02516582780573981
GLN,144,NE2,SER,276,OG,746,0.024865837805406486
SER,256,N,TYR,240,OH,746,0.024865837805406486
SER,402,OG,PHE,401,O,744,0.02479917336088797
GLN,187,N,VAL,184,O,743,0.024765841138628713
ALA,388,N,ASP,387,OD1,735,0.02449918336055465
LYS,63,NZ,THR,347,OG1,734,0.02446585113829539
ARG,105,NH2,GLU,411,OE1,734,0.02446585113829539
ARG,415,N,ILE,413,O,734,0.02446585113829539
ARG,31,NH1,ASP,370,OD2,732,0.024399186693776873
LEU,168,N,GLN,165,O,732,0.024399186693776873
SER,249,OG,GLU,247,OE1,721,0.024032532248925036
ARG,29,NH2,ASP,19,OD1,718,0.023932535582147262
TYR,326,OH,GLU,322,OE1,718,0.023932535582147262
HID,369,ND1,ASP,333,OD1,717,0.023899203359888002
ILE,407,N,HM1,464,O2A,714,0.02379920669311023
HIE,346,N,GLN,345,OE1,713,0.023765874470850972
SER,253,N,ASN,250,OD1,705,0.02349921669277691
PHE,419,N,ALA,416,O,697,0.02323255891470284
ARG,31,NH1,ARG,31,O,689,0.022965901136628778
GLN,187,NE2,GLU,446,OE2,687,0.02289923669211026
ASN,259,ND2,TYR,240,OH,687,0.02289923669211026
ASN,263,ND2,ASN,259,OD1,687,0.02289923669211026
LYS,197,N,GLY,194,O,686,0.022865904469851005
ARG,415,NH1,GLU,411,OE2,677,0.02256591446951768
SER,249,N,LYS,246,O,667,0.0222325922469251
LYS,208,NZ,GLN,211,OE1,660,0.021999266691110297
GLY,271,N,PHE,268,O,655,0.021832605579814007
ALA,55,N,GLY,52,O,651,0.021699276690776974
GLU,190,N,GLY,186,O,647,0.02156594780173994
GLN,165,N,GLN,165,OE1,643,0.02143261891270291
ARG,280,NH1,SER,276,OG,640,0.021332622245925137
LYS,72,NZ,GLU,190,OE2,637,0.02123262557914736
LYS,248,N,GLU,245,O,634,0.021132628912369587
LEU,409,N,HM1,464,ND,634,0.021132628912369587
SER,256,N,GLU,254,O,633,0.02109929669011033
LYS,208,NZ,GLN,205,OE1,630,0.020999300023332557
VAL,184,N,GLU,446,OE2,628,0.02093263557881404
LEU,364,N,LEU,362,O,626,0.020865971134295523
HID,369,ND1,ASP,333,OD2,623,0.02076597446751775
GLN,112,NE2,GLH,120,OE2,619,0.020632645578480716
ARG,1,NE,LEU,2,O,617,0.020565981133962203
GLN,258,N,GLN,258,OE1,617,0.020565981133962203
GLN,163,NE2,TYR,162,OH,614,0.020465984467184426
ARG,81,NE,ASP,77,O,607,0.020232658911369623
GLY,450,N,SER,182,OG,607,0.020232658911369623
LYS,246,NZ,HID,243,NE2,606,0.020199326689110363
ARG,308,NH1,ILE,304,O,606,0.020199326689110363
ASN,149,ND2,GLU,121,OE1,602,0.020065997800073333
GLN,163,NE2,TYR,162,O,602,0.020065997800073333
LYS,317,NZ,ASP,314,OD1,601,0.020032665577814072
ARG,159,NH1,GLH,120,O,599,0.019966001133295556
GLY,43,N,HIE,41,O,594,0.019799340021999266
ARG,406,NH1,VAL,85,O,593,0.01976600779974001
LEU,180,N,THR,177,O,591,0.019699343355221492
SER,249,OG,SER,253,OG,591,0.019699343355221492
THR,395,OG1,PHE,398,O,590,0.019666011132962236
ARG,350,NH2,GLU,54,OE2,588,0.01959934668844372
ARG,57,NH2,ASP,62,OD1,587,0.019566014466184462
ARG,225,N,GLU,222,O,586,0.019532682243925202
GLN,258,N,SER,256,OG,586,0.019532682243925202
SER,182,OG,GLU,446,OE1,583,0.01943268557714743
LEU,312,N,GLU,311,OE2,583,0.01943268557714743
ASN,259,ND2,SER,256,OG,580,0.019332688910369655
ARG,350,NE,ASP,36,OD1,572,0.019066031132295592
PHE,192,N,LEU,188,O,571,0.01903269891003633
ARG,463,NE,LEU,426,O,569,0.018966034465517815
PHE,268,N,LEU,265,O,568,0.01893270224325856
ARG,29,N,SER,26,O,563,0.018766041131962268
LYS,376,N,GLU,375,OE1,559,0.018632712242925235
LYS,131,N,GLU,128,O,558,0.018599380020665978
HIE,203,NE2,LYS,197,O,558,0.018599380020665978
TYR,326,OH,GLU,322,OE2,557,0.01856604779840672
ARG,70,NH2,HID,341,NE2,551,0.01836605446485117
TRP,93,N,GLY,90,O,549,0.018299390020332654
SER,430,OG,LEU,461,O,543,0.018099396686777108
SER,68,N,ALA,64,O,541,0.01803273224225859
ARG,81,NH2,ASP,77,OD2,538,0.017932735575480818
LYS,158,NZ,ARG,159,O,538,0.017932735575480818
SER,249,OG,LYS,246,O,536,0.0178660711309623
THR,39,OG1,PHE,38,O,534,0.017799406686443784
SER,182,OG,CYS,447,O,531,0.01769941001966601
ARG,70,NH2,HM1,464,O2A,519,0.017299423352554914
ARG,280,NH1,TYR,175,OH,518,0.017266091130295657
PHE,199,N,PHE,195,O,516,0.01719942668577714
SER,276,OG,GLN,144,OE1,515,0.017166094463517884
ARG,1,NH1,LEU,2,O,514,0.017132762241258623
GLU,190,N,GLN,187,O,511,0.01703276557448085
LEU,142,N,ASP,138,O,510,0.016999433352221593
GLN,119,NE2,GLU,115,O,509,0.016966101129962333
LYS,131,NZ,GLU,127,OE1,505,0.016832772240925303
TYR,83,OH,HIE,252,ND1,504,0.016799440018666043
ARG,92,NH2,GLU,254,OE1,501,0.01669944335188827
LYS,158,N,PHE,156,O,500,0.016666111129629013
LYS,25,NZ,ARG,21,O,496,0.01653278224059198
SER,68,N,ALA,66,O,493,0.016432785573814206
GLN,345,NE2,THR,347,OG1,493,0.016432785573814206
LEU,23,N,GLN,187,O,487,0.01623279224025866
LYS,376,N,GLU,375,OE2,486,0.0161994600179994
ARG,463,NH2,LEU,426,O,485,0.016166127795740143
ARG,1,NH2,GLY,351,O,481,0.01603279890670311
ARG,92,NH2,ASN,259,OD1,481,0.01603279890670311
LYS,393,NZ,ASP,387,OD1,481,0.01603279890670311
VAL,303,N,ILE,300,O,480,0.015999466684443853
LYS,158,N,CYS,152,O,477,0.01589947001766608
GLN,165,NE2,GLU,166,OE2,476,0.01586613779540682
GLU,273,N,PHE,269,O,469,0.015632812239592012
ARG,57,NH1,GLU,58,OE1,468,0.015599480017332756
GLN,187,NE2,GLU,446,OE1,466,0.015532815572814239
ARG,92,NH2,GLU,254,OE2,463,0.015432818906036466
SER,68,OG,GLU,65,OE2,461,0.015366154461517949
PHE,269,N,SER,266,O,461,0.015366154461517949
ASN,428,ND2,GLN,427,OE1,460,0.015332822239258692
PHE,141,N,ASP,138,OD2,458,0.015266157794740175
ARG,81,NH1,ASP,77,OD2,454,0.015132828905703144
SER,68,OG,GLU,65,OE1,453,0.015099496683443885
HIE,313,N,GLU,311,OE1,451,0.015032832238925369
ILE,150,N,THR,147,O,449,0.014966167794406854
ARG,204,NE,PHE,199,O,449,0.014966167794406854
ALA,135,N,SER,132,OG,447,0.014899503349888337
ALA,74,N,GLU,190,OE2,442,0.014732842238592047
LEU,196,N,SER,193,O,442,0.014732842238592047
VAL,155,N,CYS,152,O,441,0.014699510016332788
THR,39,OG1,VAL,47,O,439,0.014632845571814273
ILE,73,N,GLY,71,O,439,0.014632845571814273
ARG,81,NH1,TYR,207,OH,437,0.014566181127295756
VAL,449,N,SER,182,O,435,0.014499516682777241
LYS,131,NZ,GLU,127,O,430,0.014332855571480951
HIE,161,N,ASP,164,OD2,430,0.014332855571480951
ARG,350,NH1,GLU,54,OE1,429,0.014299523349221693
LEU,228,N,HIP,224,O,421,0.014032865571147628
ARG,204,NH2,TYR,198,O,420,0.013999533348888371
LEU,287,N,LEU,284,O,418,0.013932868904369854
HIE,252,NE2,GLU,254,OE2,415,0.013832872237592081
ARG,31,NH2,GLU,32,OE1,414,0.013799540015332823
ARG,280,NH2,GLU,273,OE2,412,0.013732875570814306
HIE,313,N,GLU,311,OE2,412,0.013732875570814306
ARG,225,NH1,GLU,245,OE1,410,0.01366621112629579
ARG,463,NH2,PHE,429,O,410,0.01366621112629579
ASN,91,ND2,GLU,254,OE2,408,0.013599546681777274
PHE,80,N,ASP,77,O,404,0.013466217792740242
ARG,159,NH2,PHE,160,O,403,0.013432885570480984
GLN,302,NE2,GLU,301,OE1,402,0.013399553348221726
ARG,280,NH1,GLU,273,OE1,401,0.013366221125962467
SER,183,OG,GLU,446,OE1,400,0.01333288890370321
GLN,165,NE2,GLU,166,OE1,398,0.013266224459184694
ARG,20,NH1,LEU,15,O,397,0.013232892236925435
LEU,12,N,LEU,9,O,392,0.013066231125629145
GLN,176,NE2,ASN,209,OD1,389,0.012966234458851372
ARG,1,NE,GLY,351,O,388,0.012932902236592114
THR,274,N,ALA,270,O,387,0.012899570014332855
GLN,345,NE2,HIE,346,O,387,0.012899570014332855
ARG,7,NH1,PRO,8,O,386,0.012866237792073597
ARG,57,NH1,GLU,58,OE2,385,0.01283290556981434
ARG,81,NH2,PHE,79,O,385,0.01283290556981434
ASN,91,ND2,GLU,254,OE1,382,0.012732908903036565
ARG,92,NH1,GLU,254,OE2,382,0.012732908903036565
ASN,261,ND2,GLY,218,N,379,0.012632912236258792
GLN,123,NE2,GLU,127,OE1,375,0.01249958334722176
ARG,31,NE,GLU,32,OE1,374,0.012466251124962502
ARG,29,NH1,GLU,32,OE2,369,0.012299590013666211
ARG,81,NH2,ASP,77,OD1,369,0.012299590013666211
ARG,45,NH1,GLU,190,OE2,368,0.012266257791406953
ARG,105,NH2,ASP,106,OD1,366,0.012199593346888436
SER,249,OG,PHE,255,O,365,0.01216626112462918
LYS,393,NZ,ASP,387,OD2,362,0.012066264457851405
ARG,204,N,HIE,203,ND1,351,0.011699610012999566
THR,272,OG1,GLY,271,O,350,0.01166627779074031
ARG,31,NH2,GLU,32,OE2,349,0.01163294556848105
ASN,259,N,SER,256,O,348,0.011599613346221792
ALA,391,N,ASP,387,OD2,347,0.011566281123962534
SER,193,OG,PHE,189,O,346,0.011532948901703276
ARG,130,NH2,ASN,428,OD1,345,0.011499616679444019
TYR,162,OH,GLU,128,OE1,345,0.011499616679444019
LYS,393,NZ,LEU,386,O,343,0.011432952234925502
ALA,215,N,GLU,212,O,342,0.011399620012666244
ASN,214,ND2,ASN,214,O,341,0.011366287790406986
VAL,61,N,GLU,58,O,338,0.011266291123629212
GLY,108,N,LYS,111,O,337,0.011232958901369954
GLN,123,NE2,GLU,127,OE2,335,0.011166294456851439
ARG,105,NH2,GLY,412,O,330,0.010999633345555149
SER,402,OG,ARG,406,O,330,0.010999633345555149
LYS,25,NZ,GLU,446,OE2,329,0.01096630112329589
THR,39,OG1,PRO,4,O,328,0.010932968901036632
TYR,162,OH,GLU,128,OE2,326,0.010866304456518115
ARG,1,N,ILE,353,O,325,0.010832972234258859
THR,274,N,GLY,271,O,325,0.010832972234258859
SER,179,OG,GLU,446,OE2,323,0.010766307789740342
ARG,204,NH1,PHE,199,O,323,0.010766307789740342
LYS,223,NZ,HIE,219,ND1,323,0.010766307789740342
ARG,159,NH1,GLU,121,OE2,322,0.010732975567481083
GLN,457,NE2,TYR,456,O,321,0.010699643345221825
ARG,29,NE,ASP,19,OD1,320,0.010666311122962568
ARG,415,NH1,GLU,115,OE2,320,0.010666311122962568
SER,402,OG,ILE,399,O,318,0.010599646678444052
ARG,415,NH2,GLU,322,OE2,318,0.010599646678444052
THR,177,N,PHE,174,O,312,0.010399653344888503
TYR,373,N,ASP,370,OD2,312,0.010399653344888503
SER,249,OG,ASN,250,O,310,0.010332988900369988
SER,332,N,GLN,329,O,306,0.010199660011332956
SER,132,OG,GLU,128,OE1,304,0.01013299556681444
ARG,29,NH2,ASP,19,OD2,303,0.010099663344555181
ARG,280,NH1,GLU,273,OE2,300,0.009999666677777408
ARG,81,NH1,ASP,77,OD1,299,0.00996633445551815
ARG,29,NE,ASP,19,OD2,298,0.009933002233258891
GLN,457,NE2,ASP,138,OD2,297,0.009899670010999633
LYS,131,NZ,GLU,127,OE2,293,0.009766341121962601
PHE,141,N,ASP,138,OD1,291,0.009699676677444086
ARG,1,NH1,GLY,351,O,289,0.00963301223292557
ARG,105,NE,GLY,412,O,288,0.009599680010666311
ARG,350,NH1,GLU,54,OE2,286,0.009533015566147796
LYS,246,NZ,LEU,242,O,285,0.009499683343888538
VAL,449,N,GLN,187,NE2,285,0.009499683343888538
SER,179,OG,GLU,446,OE1,284,0.00946635112162928
GLU,417,N,ALA,414,O,284,0.00946635112162928
SER,132,OG,GLU,128,OE2,282,0.009399686677110762
ALA,367,N,ILE,363,O,282,0.009399686677110762
TYR,373,N,ASP,370,OD1,282,0.009399686677110762
ASN,214,ND2,ASN,261,OD1,281,0.009366354454851506
LEU,28,N,LYS,25,O,278,0.00926635778807373
ALA,379,N,PRO,377,O,278,0.00926635778807373
ARG,92,NH2,ALA,251,O,277,0.009233025565814472
ASN,261,ND2,HIE,257,ND1,277,0.009233025565814472
ASN,89,ND2,ALA,88,O,276,0.009199693343555216
ARG,20,NH2,LEU,15,O,275,0.009166361121295957
LEU,312,N,GLU,311,OE1,273,0.00909969667677744
ARG,350,N,GLU,58,OE1,271,0.009033032232258926
ARG,57,NH2,GLU,396,O,266,0.008866371120962635
HID,243,N,TYR,240,O,265,0.008833038898703377
ARG,81,NH2,TYR,207,OH,264,0.008799706676444119
TYR,456,N,PRO,454,O,262,0.008733042231925602
ARG,105,NE,ASP,106,OD2,261,0.008699710009666345
PHE,374,N,PRO,371,O,260,0.008666377787407087
GLN,302,NE2,GLU,301,OE2,259,0.008633045565147828
ALA,64,N,ASP,62,O,257,0.008566381120629312
ARG,92,NH1,GLU,254,OE1,257,0.008566381120629312
SER,145,OG,LEU,142,O,253,0.00843305223159228
GLY,43,N,LEU,12,O,250,0.008333055564814507
GLN,123,NE2,GLH,120,OE1,250,0.008333055564814507
GLU,375,N,GLU,375,OE1,248,0.00826639112029599
LYS,94,NZ,ASN,91,OD1,245,0.008166394453518216
ASP,235,N,ASP,238,OD2,245,0.008166394453518216
LYS,246,NZ,GLU,247,OE2,243,0.0080997300089997
ARG,350,NH2,GLU,54,OE1,242,0.008066397786740441
ARG,225,NH1,GLU,245,OE2,240,0.007999733342221926
GLU,375,N,GLU,375,OE2,240,0.007999733342221926
LEU,334,N,GLN,329,O,239,0.007966401119962668
ARG,295,NH1,HIE,291,O,238,0.00793306889770341
ALA,270,N,LEU,267,O,237,0.007899736675444151
ARG,406,NE,SER,68,OG,235,0.007833072230925636
ARG,7,NH2,GLY,5,O,232,0.007733075564147862
VAL,85,N,SER,266,OG,232,0.007733075564147862
ARG,406,NH1,HM1,464,O1A,230,0.007666411119629346
HIP,224,ND1,SER,220,O,229,0.007633078897370088
ARG,350,N,GLU,58,OE2,229,0.007633078897370088
GLU,212,N,ASN,209,O,228,0.007599746675110829
GLN,258,NE2,GLN,258,O,228,0.007599746675110829
LEU,125,N,ALA,122,O,227,0.007566414452851572
LYS,197,NZ,GLY,194,O,225,0.007499750008333056
ARG,225,NH1,GLU,222,OE1,225,0.007499750008333056
TYR,216,N,ILE,213,O,223,0.007433085563814539
ARG,225,NH1,GLU,222,OE2,222,0.007399753341555282
SER,183,OG,GLU,446,OE2,220,0.007333088897036766
ARG,415,NH1,GLU,411,OE1,218,0.007266424452518249
GLN,258,NE2,SER,256,OG,216,0.007199760007999733
ILE,399,N,ALA,397,O,216,0.007199760007999733
ARG,81,NH1,ASP,77,O,214,0.007133095563481217
SER,249,N,GLU,247,OE1,214,0.007133095563481217
GLN,345,NE2,GLU,65,OE2,214,0.007133095563481217
ARG,45,N,GLY,43,O,213,0.007099763341221959
ARG,57,NH1,GLU,396,O,212,0.007066431118962701
LYS,451,N,LEU,334,O,211,0.007033098896703443
ARG,29,NH1,GLU,32,OE1,210,0.0069997666744441855
LYS,33,NZ,ARG,29,O,210,0.0069997666744441855
PHE,107,N,ASP,106,OD1,210,0.0069997666744441855
LYS,223,NZ,ASP,164,OD2,209,0.006966434452184927
SER,183,OG,SER,179,O,208,0.006933102229925669
LYS,246,NZ,GLU,247,OE1,208,0.006933102229925669
ILE,425,N,PHE,422,O,208,0.006933102229925669
ASN,214,ND2,GLN,211,O,205,0.006833105563147895
LYS,25,NZ,GLU,446,OE1,203,0.006766441118629379
ARG,92,NE,ASN,259,OD1,203,0.006766441118629379
LYS,317,NZ,HIE,313,ND1,202,0.006733108896370121
GLN,123,NE2,GLN,123,O,201,0.006699776674110863
ASN,209,ND2,GLN,176,O,201,0.006699776674110863
ALA,74,N,GLU,190,OE1,200,0.006666444451851605
ASP,333,N,GLN,329,O,200,0.006666444451851605
ALA,391,N,ASP,387,OD1,197,0.006566447785073831
MET,337,N,VAL,449,O,196,0.006533115562814573
GLN,176,NE2,GLN,205,OE1,193,0.006433118896036798
GLN,211,NE2,GLU,212,OE2,193,0.006433118896036798
THR,274,OG1,LEU,334,O,193,0.006433118896036798
PHE,27,N,LEU,24,O,192,0.006399786673777541
ASP,62,N,GLU,58,O,192,0.006399786673777541
GLU,115,N,SER,113,OG,188,0.006266457784740508
GLU,121,N,ILE,118,O,188,0.006266457784740508
VAL,184,N,GLU,446,OE1,188,0.006266457784740508
ARG,225,NH1,GLU,226,OE2,185,0.006166461117962735
ASN,259,N,GLN,258,OE1,184,0.0061331288957034765
LYS,33,NZ,TYR,34,OH,183,0.006099796673444218
HIE,252,N,ASN,250,ND2,183,0.006099796673444218
ARG,415,NH1,GLU,115,OE1,183,0.006099796673444218
HIE,161,N,ASP,164,OD1,182,0.006066464451184961
GLN,165,N,GLN,163,O,182,0.006066464451184961
SER,179,OG,GLN,176,O,181,0.006033132228925702
ARG,330,NE,GLU,327,OE1,181,0.006033132228925702
ARG,295,NH1,TYR,320,OH,179,0.005966467784407186
ARG,45,NE,LEU,42,O,178,0.005933135562147928
GLU,166,N,GLU,166,OE2,178,0.005933135562147928
GLN,345,NE2,GLU,65,OE1,178,0.005933135562147928
ARG,57,NH2,TYR,373,OH,177,0.0058998033398886705
LYS,223,NZ,ASP,164,OD1,177,0.0058998033398886705
GLY,450,N,GLY,448,O,177,0.0058998033398886705
LYS,72,NZ,ARG,70,O,176,0.005866471117629412
GLN,445,NE2,GLU,446,OE2,175,0.005833138895370155
LYS,25,NZ,CYS,447,O,173,0.005766474450851638
HIE,291,N,HIE,291,ND1,173,0.005766474450851638
MET,104,N,VAL,101,O,172,0.00573314222859238
HIE,203,N,HIE,203,ND1,172,0.00573314222859238
GLN,445,NE2,GLU,446,OE1,171,0.005699810006333122
GLN,187,NE2,VAL,449,O,169,0.005633145561814606
THR,347,OG1,SER,348,O,169,0.005633145561814606
VAL,435,N,SER,433,O,168,0.005599813339555348
ARG,406,N,LEU,403,O,166,0.005533148895036832
GLN,258,N,HIE,257,ND1,165,0.005499816672777574
LYS,111,N,MET,109,O,164,0.005466484450518316
ARG,81,NH1,PHE,79,O,163,0.005433152228259058
ARG,225,NH1,GLU,226,OE1,163,0.005433152228259058
ARG,415,NH1,GLU,411,O,161,0.005366487783740542
ARG,31,NE,GLU,32,OE2,160,0.005333155561481284
SER,256,OG,ASN,250,O,160,0.005333155561481284
HIE,257,NE2,GLU,222,OE2,160,0.005333155561481284
ARG,350,NH1,GLU,54,O,160,0.005333155561481284
GLN,112,NE2,GLY,110,O,159,0.005299823339222026
SER,249,N,GLU,247,O,159,0.005299823339222026
ARG,308,NE,ILE,304,O,159,0.005299823339222026
TYR,34,N,ARG,31,O,158,0.0052664911169627675
GLU,128,N,LEU,125,O,158,0.0052664911169627675
THR,227,OG1,HIP,224,O,158,0.0052664911169627675
PHE,398,N,THR,395,OG1,158,0.0052664911169627675
GLN,345,NE2,THR,344,O,157,0.00523315889470351
PHE,401,N,ILE,399,O,157,0.00523315889470351
THR,102,OG1,PHE,99,O,156,0.005199826672444252
GLN,119,NE2,GLU,116,OE1,155,0.005166494450184994
ARG,463,NH1,PHE,429,O,155,0.005166494450184994
ARG,97,NH1,ARG,406,O,154,0.005133162227925736
GLN,258,NE2,TYR,83,OH,154,0.005133162227925736
GLU,166,N,GLU,166,OE1,152,0.00506649778340722
GLN,258,NE2,ASN,259,OD1,151,0.0050331655611479615
GLY,90,N,SER,68,O,150,0.004999833338888704
GLN,211,NE2,GLU,212,OE1,148,0.004933168894370188
GLN,123,N,GLH,120,O,147,0.00489983667211093
TYR,207,OH,PRO,78,O,147,0.00489983667211093
THR,455,N,GLN,445,NE2,147,0.00489983667211093
SER,253,OG,SER,249,OG,146,0.004866504449851671
GLN,205,NE2,GLN,205,O,144,0.0047998400053331555
ASN,209,ND2,GLN,205,OE1,144,0.0047998400053331555
GLU,245,N,LEU,242,O,144,0.0047998400053331555
PHE,141,N,ASP,138,O,143,0.004766507783073898
ARG,117,N,VAL,114,O,142,0.00473317556081464
TYR,216,OH,GLU,166,OE2,142,0.00473317556081464
ARG,415,NH2,GLU,115,OE2,142,0.00473317556081464
LYS,169,N,GLU,166,O,141,0.004699843338555381
ARG,45,NH2,GLU,190,O,140,0.004666511116296124
ARG,92,NH2,GLY,82,O,140,0.004666511116296124
ASN,172,ND2,GLN,176,NE2,140,0.004666511116296124
HIE,161,NE2,GLN,163,OE1,139,0.004633178894036865
TYR,216,OH,ASP,164,O,139,0.004633178894036865
GLU,58,N,ALA,55,O,138,0.004599846671777608
GLN,17,N,GLN,17,OE1,137,0.0045665144495183494
ARG,70,N,ASN,89,ND2,137,0.0045665144495183494
GLN,119,NE2,GLU,116,OE2,136,0.004533182227259091
ARG,204,NH2,PHE,199,O,136,0.004533182227259091
LEU,284,N,TYR,281,O,136,0.004533182227259091
THR,272,OG1,ALA,148,N,134,0.004466517782740575
THR,274,OG1,VAL,449,O,133,0.004433185560481318
LYS,197,NZ,SER,193,O,132,0.004399853338222059
PHE,422,N,PHE,419,O,132,0.004399853338222059
GLY,448,N,GLU,446,O,132,0.004399853338222059
ARG,308,NH2,VAL,303,O,131,0.004366521115962801
LYS,394,NZ,TYR,326,OH,130,0.004333188893703543
GLN,112,N,GLN,112,NE2,129,0.004299856671444285
ARG,92,NH1,SER,253,O,127,0.004233192226925769
ARG,295,NE,HIE,291,O,126,0.004199860004666511
ARG,350,NH2,GLU,54,O,126,0.004199860004666511
GLH,120,OE2,GLN,123,OE1,125,0.004166527782407253
ARG,57,NE,ASP,62,OD2,124,0.004133195560147995
GLY,52,N,ASP,36,O,122,0.004066531115629479
GLN,211,NE2,TYR,207,O,122,0.004066531115629479
ARG,406,NH1,HM1,464,O1D,122,0.004066531115629479
GLN,211,NE2,GLN,211,O,121,0.004033198893370221
GLN,457,NE2,ASP,138,OD1,121,0.004033198893370221
LYS,111,NZ,PHE,107,O,120,0.003999866671110963
GLN,165,NE2,TYR,162,O,118,0.003933202226592447
ARG,459,NH1,PHE,460,O,118,0.003933202226592447
VAL,114,N,ARG,105,NH2,117,0.003899870004333189
LYS,356,NZ,GLN,345,OE1,117,0.003899870004333189
LYS,393,NZ,LYS,394,O,117,0.003899870004333189
HIP,384,NE2,LYS,376,O,115,0.003833205559814673
PHE,30,N,PHE,27,O,114,0.0037998733375554147
ARG,81,NH2,PRO,78,O,114,0.0037998733375554147
PHE,107,N,ASP,106,OD2,114,0.0037998733375554147
THR,358,N,VAL,343,O,113,0.0037665411152961567
LYS,72,NZ,PHE,87,O,111,0.003699876670777641
LYS,111,NZ,GLN,112,OE1,111,0.003699876670777641
LYS,197,NZ,TYR,198,OH,111,0.003699876670777641
THR,455,OG1,ASP,138,OD2,111,0.003699876670777641
GLN,119,NE2,GLN,123,OE1,110,0.003666544448518383
GLU,54,N,GLU,54,OE2,107,0.0035665477817406087
ASN,89,ND2,SER,68,O,107,0.0035665477817406087
ARG,459,NH2,GLY,134,O,107,0.0035665477817406087
ARG,20,NH1,MET,18,O,104,0.0034665511149628344
ARG,20,NH1,ASP,19,OD2,104,0.0034665511149628344
ARG,204,NE,LYS,197,O,104,0.0034665511149628344
ASN,89,N,GLY,82,O,103,0.0034332188927035765
LYS,133,NZ,LYS,131,O,103,0.0034332188927035765
LYS,248,NZ,LYS,246,O,103,0.0034332188927035765
LYS,317,N,HIE,313,O,103,0.0034332188927035765
ARG,20,NH1,ARG,20,O,102,0.0033998866704443185
LYS,25,NZ,ASP,19,OD1,101,0.0033665544481850606
ALA,135,N,LYS,133,O,101,0.0033665544481850606
GLN,258,NE2,ASN,214,ND2,100,0.0033332222259258026
ARG,308,N,HIE,307,ND1,100,0.0033332222259258026
LYS,63,NZ,GLU,65,OE1,99,0.0032998900036665443
HIE,372,NE2,GLU,396,OE1,99,0.0032998900036665443
LEU,191,N,GLN,187,O,98,0.0032665577814072863
ARG,280,NE,THR,140,OG1,98,0.0032665577814072863
LYS,288,NZ,GLU,438,OE2,98,0.0032665577814072863
GLN,302,NE2,GLN,302,O,97,0.0032332255591480284
ARG,315,NH2,ARG,415,O,97,0.0032332255591480284
THR,277,OG1,GLU,273,OE1,96,0.0031998933368887704
ASP,19,N,GLN,17,O,95,0.0031665611146295125
ARG,117,NE,GLN,112,OE1,95,0.0031665611146295125
CYS,124,N,GLU,121,O,95,0.0031665611146295125
PHE,255,N,GLU,247,OE2,95,0.0031665611146295125
GLN,258,NE2,HIE,257,ND1,95,0.0031665611146295125
ARG,295,NH2,GLU,299,OE2,94,0.003133228892370254
TYR,83,OH,GLU,254,OE1,93,0.003099896670110996
ASN,89,ND2,PHE,87,O,93,0.003099896670110996
PHE,255,N,GLU,247,OE1,93,0.003099896670110996
ARG,415,NH1,GLY,412,O,91,0.0030332322255924803
GLU,359,N,PRO,46,O,89,0.002966567781073964
ARG,57,NH1,TYR,373,OH,88,0.002933235558814706
ARG,98,NH2,THR,102,OG1,87,0.002899903336555448
ASN,261,ND2,ASN,261,O,87,0.002899903336555448
HIE,372,NE2,GLU,396,OE2,87,0.002899903336555448
LEU,24,N,CYS,447,O,86,0.00286657111429619
ARG,31,NH2,ASP,370,OD1,85,0.0028332388920369322
ARG,81,N,PRO,78,O,85,0.0028332388920369322
ARG,92,NH1,ASN,89,O,85,0.0028332388920369322
GLN,119,NE2,GLN,119,O,85,0.0028332388920369322
ALA,232,N,ASP,229,OD2,85,0.0028332388920369322
ARG,21,N,ASP,19,O,84,0.002799906669777674
LYS,197,N,PHE,195,O,84,0.002799906669777674
SER,266,OG,SER,266,O,84,0.002799906669777674
GLN,445,NE2,TYR,175,OH,84,0.002799906669777674
ASN,389,N,ASP,387,O,83,0.002766574447518416
ARG,105,NH2,LEU,409,O,82,0.002733242225259158
ALA,232,N,ASP,229,OD1,82,0.002733242225259158
HIE,252,N,ASN,250,O,82,0.002733242225259158
ARG,308,NH2,GLU,311,OE2,82,0.002733242225259158
ARG,29,NH2,SER,26,OG,79,0.0026332455584813837
GLY,157,N,CYS,152,O,79,0.0026332455584813837
LYS,197,NZ,ASP,77,OD2,79,0.0026332455584813837
LEU,236,N,VAL,155,O,79,0.0026332455584813837
LYS,288,N,LEU,285,O,79,0.0026332455584813837
LYS,317,NZ,HIE,313,NE2,79,0.0026332455584813837
GLY,390,N,ASP,387,OD2,79,0.0026332455584813837
ARG,463,NH1,GLN,427,O,79,0.0026332455584813837
ARG,97,NH1,HM1,464,O2D,78,0.002599913336222126
HIP,224,N,VAL,221,O,78,0.002599913336222126
ARG,130,N,GLU,127,O,77,0.002566581113962868
GLN,176,NE2,GLN,176,O,77,0.002566581113962868
THR,264,OG1,ASN,261,O,77,0.002566581113962868
THR,277,OG1,GLU,273,OE2,77,0.002566581113962868
LYS,288,NZ,GLU,438,OE1,76,0.00253324889170361
GLY,22,N,ARG,20,O,75,0.002499916669444352
ARG,31,NH1,TYR,34,O,75,0.002499916669444352
THR,147,OG1,SER,276,OG,75,0.002499916669444352
LYS,33,NZ,GLU,32,OE1,74,0.002466584447185094
HIE,313,NE2,GLU,311,OE1,74,0.002466584447185094
SER,183,N,ILE,181,O,73,0.0024332522249258357
SER,256,OG,GLU,254,O,73,0.0024332522249258357
ARG,308,NH1,GLU,311,OE2,73,0.0024332522249258357
GLN,165,NE2,GLN,163,OE1,72,0.0023999200026665777
ARG,105,N,THR,103,O,71,0.00236658778040732
SER,276,OG,GLU,273,OE1,70,0.002333255558148062
ARG,308,N,GLY,305,O,70,0.002333255558148062
ARG,308,NH2,PRO,309,O,70,0.002333255558148062
ILE,181,N,PHE,178,O,69,0.002299923335888804
SER,276,OG,GLU,273,OE2,69,0.002299923335888804
ARG,415,NH1,GLU,322,OE1,69,0.002299923335888804
TYR,207,OH,GLN,211,OE1,68,0.0022665911136295455
THR,366,OG1,ASP,370,OD2,68,0.0022665911136295455
ARG,31,NE,CYS,51,O,67,0.0022332588913702876
LEU,96,N,TRP,93,O,67,0.0022332588913702876
ILE,126,N,GLN,123,O,67,0.0022332588913702876
ARG,130,NH2,GLN,123,OE1,67,0.0022332588913702876
HIE,219,N,TYR,216,O,67,0.0022332588913702876
ARG,415,NH2,GLY,412,O,67,0.0022332588913702876
ARG,70,NE,GLY,71,O,66,0.0021999266691110297
ARG,98,NH2,HID,243,NE2,66,0.0021999266691110297
GLN,112,NE2,GLU,116,O,66,0.0021999266691110297
LYS,169,NZ,GLN,165,OE1,66,0.0021999266691110297
ASN,261,ND2,ASN,214,ND2,66,0.0021999266691110297
ARG,57,NE,VAL,53,O,65,0.0021665944468517717
ARG,70,NH1,HM1,464,O2A,65,0.0021665944468517717
LYS,133,N,LYS,131,O,65,0.0021665944468517717
SER,182,N,SER,179,O,65,0.0021665944468517717
LYS,234,NZ,THR,227,OG1,65,0.0021665944468517717
ARG,308,NH2,GLU,311,OE1,65,0.0021665944468517717
HIE,257,NE2,GLU,222,OE1,64,0.0021332622245925138
HIE,313,NE2,GLU,311,OE2,64,0.0021332622245925138
ARG,21,NH1,ARG,20,O,63,0.0020999300023332554
ARG,29,NH1,LYS,25,O,63,0.0020999300023332554
ASN,172,ND2,ASN,172,O,63,0.0020999300023332554
GLN,187,NE2,GLY,448,O,63,0.0020999300023332554
ARG,280,NH2,TYR,175,OH,63,0.0020999300023332554
ARG,105,NH1,ARG,105,O,62,0.0020665977800739975
ASN,172,ND2,GLN,176,OE1,62,0.0020665977800739975
LYS,288,NZ,GLU,438,O,62,0.0020665977800739975
GLY,351,N,SER,348,O,62,0.0020665977800739975
LYS,394,NZ,GLU,396,OE1,62,0.0020665977800739975
ARG,98,NH1,ARG,98,O,61,0.0020332655578147395
LYS,169,NZ,ASN,172,OD1,61,0.0020332655578147395
ASN,209,N,VAL,206,O,61,0.0020332655578147395
ARG,225,NH1,ARG,225,O,61,0.0020332655578147395
LYS,234,N,ALA,232,O,61,0.0020332655578147395
LYS,248,N,LYS,246,O,61,0.0020332655578147395
GLN,457,NE2,MET,137,O,61,0.0020332655578147395
LYS,33,NZ,GLU,32,OE2,60,0.0019999333355554816
ILE,237,N,ASP,235,OD1,60,0.0019999333355554816
ASN,250,ND2,SER,249,OG,60,0.0019999333355554816
ARG,406,NH1,SER,68,O,60,0.0019999333355554816
LYS,25,NZ,GLN,187,OE1,59,0.0019666011132962236
LYS,208,NZ,ASN,209,OD1,59,0.0019666011132962236
ASN,381,ND2,GLU,375,OE2,59,0.0019666011132962236
THR,278,N,THR,275,O,58,0.0019332688910369655
GLU,127,N,CYS,124,O,57,0.0018999366687777073
GLN,163,NE2,HIE,161,ND1,57,0.0018999366687777073
ALA,251,N,ASN,250,ND2,57,0.0018999366687777073
HIE,257,NE2,GLY,218,O,57,0.0018999366687777073
LYS,72,NZ,ASN,89,OD1,56,0.0018666044465184494
GLY,90,N,ASN,89,OD1,55,0.0018332722242591915
GLY,201,N,PHE,199,O,55,0.0018332722242591915
GLY,22,N,ASP,19,OD2,54,0.0017999400019999333
GLY,35,N,PHE,30,O,54,0.0017999400019999333
GLY,71,N,HID,341,N,54,0.0017999400019999333
GLN,119,NE2,GLN,123,NE2,54,0.0017999400019999333
LYS,169,NZ,GLN,165,O,54,0.0017999400019999333
TYR,198,OH,GLY,194,O,54,0.0017999400019999333
ARG,280,NH2,PRO,453,O,54,0.0017999400019999333
ALA,293,N,PRO,290,O,54,0.0017999400019999333
ILE,452,N,GLY,450,O,54,0.0017999400019999333
ARG,459,NH1,LYS,133,O,54,0.0017999400019999333
LYS,131,NZ,TYR,162,OH,53,0.0017666077797406754
GLN,165,NE2,GLN,165,O,53,0.0017666077797406754
ASN,209,ND2,GLN,205,NE2,53,0.0017666077797406754
ASN,250,ND2,GLU,247,O,53,0.0017666077797406754
VAL,292,N,HIE,291,ND1,53,0.0017666077797406754
ARG,415,NH2,GLU,411,O,53,0.0017666077797406754
ARG,1,NH2,LEU,2,O,52,0.0017332755574814172
ASN,91,ND2,ASN,91,O,52,0.0017332755574814172
ARG,105,NH1,VAL,101,O,52,0.0017332755574814172
LYS,133,NZ,ARG,130,O,52,0.0017332755574814172
ARG,159,NH2,GLH,120,OE2,52,0.0017332755574814172
SER,249,N,GLU,247,OE2,52,0.0017332755574814172
ASN,259,ND2,GLU,254,OE1,52,0.0017332755574814172
LYS,394,NZ,GLU,396,OE2,52,0.0017332755574814172
GLN,445,NE2,GLN,445,O,52,0.0017332755574814172
ARG,7,NH1,GLY,5,O,51,0.0016999433352221593
GLY,22,N,ASP,19,OD1,51,0.0016999433352221593
ARG,57,NE,ASP,62,OD1,51,0.0016999433352221593
LYS,72,NZ,ASP,357,O,51,0.0016999433352221593
ARG,295,NE,TYR,320,OH,51,0.0016999433352221593
ARG,315,NH1,GLU,322,OE1,51,0.0016999433352221593
ARG,81,NH2,ASN,259,OD1,50,0.0016666111129629013
GLN,144,N,PHE,141,O,50,0.0016666111129629013
SER,249,N,MET,244,O,50,0.0016666111129629013
LYS,72,NZ,LYS,72,O,48,0.0015999466684443852
ARG,98,NH1,THR,102,OG1,48,0.0015999466684443852
ARG,98,NH1,HID,243,NE2,48,0.0015999466684443852
ARG,225,NH2,GLU,245,OE1,48,0.0015999466684443852
GLN,258,N,GLN,258,NE2,48,0.0015999466684443852
CYS,447,N,SER,182,O,48,0.0015999466684443852
ARG,97,NH2,CM1,408,O,47,0.001566614446185127
ARG,130,NH1,ASN,428,OD1,47,0.001566614446185127
GLN,144,NE2,TYR,175,N,47,0.001566614446185127
GLN,163,NE2,GLU,128,OE2,47,0.001566614446185127
ASN,172,N,LYS,169,O,47,0.001566614446185127
GLN,205,NE2,ASN,209,ND2,47,0.001566614446185127
TYR,320,N,GLU,299,OE1,47,0.001566614446185127
HID,369,ND1,ASP,378,OD2,47,0.001566614446185127
ASP,383,N,ASN,381,ND2,47,0.001566614446185127
ILE,118,N,GLU,115,O,46,0.0015332822239258691
ASP,164,N,HIE,161,ND1,46,0.0015332822239258691
HIE,257,N,LYS,248,O,46,0.0015332822239258691
LYS,356,N,HIE,346,NE2,46,0.0015332822239258691
THR,103,OG1,THR,102,OG1,45,0.0014999500016666112
ARG,159,NH1,GLH,120,OE1,45,0.0014999500016666112
ARG,225,NH2,GLU,245,OE2,45,0.0014999500016666112
PHE,421,N,LEU,418,O,45,0.0014999500016666112
ARG,98,NE,LYS,94,O,44,0.001466617779407353
ASN,149,N,ILE,146,O,44,0.001466617779407353
ASN,250,N,GLU,247,OE1,44,0.001466617779407353
LEU,260,N,HIE,257,O,44,0.001466617779407353
PHE,380,N,TYR,289,OH,44,0.001466617779407353
ILE,407,N,LYS,405,O,44,0.001466617779407353
SER,145,N,LEU,142,O,43,0.001433285557148095
TYR,352,N,ARG,350,O,43,0.001433285557148095
ARG,280,NH1,GLN,445,OE1,42,0.001399953334888837
ARG,406,NH1,ALA,88,O,42,0.001399953334888837
GLN,163,NE2,GLN,163,O,41,0.001366621112629579
LYS,246,NZ,GLU,245,OE1,41,0.001366621112629579
ASN,261,N,GLN,258,O,41,0.001366621112629579
ARG,295,NH1,HIE,291,ND1,41,0.001366621112629579
ARG,298,NH1,GLN,302,OE1,41,0.001366621112629579
ARG,308,NH1,GLU,311,OE1,41,0.001366621112629579
ARG,308,NH2,ILE,304,O,41,0.001366621112629579
SER,365,OG,HID,369,NE2,41,0.001366621112629579
LEU,442,N,ASP,441,OD2,41,0.001366621112629579
ARG,105,NH1,ARG,415,NH2,40,0.001333288890370321
ASN,172,ND2,LYS,169,O,40,0.001333288890370321
ARG,204,NH1,TYR,198,O,40,0.001333288890370321
HIE,219,NE2,ASP,164,OD1,40,0.001333288890370321
THR,227,OG1,GLU,226,OE2,40,0.001333288890370321
ARG,308,N,GLN,427,NE2,40,0.001333288890370321
GLN,163,N,GLN,163,OE1,39,0.001299956668111063
LYS,223,NZ,HIE,219,O,39,0.001299956668111063
ASN,250,ND2,HIE,252,O,39,0.001299956668111063
ASN,259,ND2,ARG,92,NE,39,0.001299956668111063
HIE,372,NE2,GLU,54,OE1,39,0.001299956668111063
GLY,390,N,ASP,387,OD1,39,0.001299956668111063
ARG,415,NH1,GLU,311,OE2,39,0.001299956668111063
GLN,427,N,THR,424,O,39,0.001299956668111063
ARG,21,NH1,GLU,446,OE2,38,0.001266624445851805
LEU,23,N,GLN,187,NE2,38,0.001266624445851805
ARG,57,NH2,ALA,397,O,38,0.001266624445851805
ARG,98,NH1,LYS,94,O,38,0.001266624445851805
GLN,119,NE2,GLU,115,OE1,38,0.001266624445851805
GLH,120,OE2,GLN,112,NE2,38,0.001266624445851805
LYS,234,NZ,THR,227,O,38,0.001266624445851805
HIE,257,N,HIE,257,ND1,38,0.001266624445851805
GLN,258,NE2,HIE,252,ND1,38,0.001266624445851805
SER,402,OG,SER,402,O,38,0.001266624445851805
ARG,1,NH2,PRO,3,O,37,0.001233292223592547
THR,275,N,ALA,270,O,37,0.001233292223592547
ARG,463,NE,SER,430,OG,37,0.001233292223592547
GLU,54,N,GLU,54,OE1,36,0.0011999600013332889
GLN,205,N,ALA,202,O,36,0.0011999600013332889
HIE,252,NE2,GLU,254,OE1,36,0.0011999600013332889
THR,358,OG1,LYS,356,O,36,0.0011999600013332889
ASN,381,ND2,GLU,375,OE1,36,0.0011999600013332889
LYS,451,N,ASP,333,OD1,36,0.0011999600013332889
ARG,20,NH1,LEU,16,O,35,0.001166627779074031
LYS,63,NZ,GLU,65,OE2,35,0.001166627779074031
ARG,105,NH2,ILE,413,O,35,0.001166627779074031
ALA,148,N,SER,145,O,35,0.001166627779074031
SER,276,N,GLY,271,O,35,0.001166627779074031
ARG,280,NH1,PRO,453,O,35,0.001166627779074031
MET,318,N,ASP,314,O,35,0.001166627779074031
ALA,414,N,GLU,411,O,35,0.001166627779074031
ARG,415,NH1,ALA,414,O,35,0.001166627779074031
ARG,45,NH2,LEU,42,O,34,0.0011332955568147728
ILE,73,N,GLU,359,OE2,34,0.0011332955568147728
GLN,176,NE2,GLN,205,NE2,34,0.0011332955568147728
HIE,252,NE2,SER,249,OG,34,0.0011332955568147728
THR,395,OG1,GLU,396,OE2,34,0.0011332955568147728
ARG,70,N,ALA,88,O,33,0.0010999633345555148
GLN,176,NE2,ASN,172,ND2,33,0.0010999633345555148
LYS,288,NZ,TYR,289,OH,33,0.0010999633345555148
VAL,449,N,GLU,446,OE1,33,0.0010999633345555148
GLN,457,NE2,ASP,138,N,33,0.0010999633345555148
SER,68,OG,ASN,89,OD1,32,0.0010666311122962569
TYR,162,OH,GLU,121,OE1,32,0.0010666311122962569
TYR,216,OH,GLU,166,OE1,32,0.0010666311122962569
TYR,289,N,MET,286,O,32,0.0010666311122962569
ARG,315,NH1,ALA,414,O,32,0.0010666311122962569
THR,347,OG1,GLN,345,OE1,32,0.0010666311122962569
LYS,394,NZ,THR,395,O,32,0.0010666311122962569
GLH,120,N,ARG,117,O,31,0.0010332988900369987
GLY,201,N,GLN,205,OE1,31,0.0010332988900369987
ARG,280,NH1,THR,277,OG1,31,0.0010332988900369987
ARG,20,NE,MET,18,O,30,0.0009999666677777408
ARG,31,NH1,GLU,32,OE1,30,0.0009999666677777408
ARG,105,NE,GLU,115,OE2,30,0.0009999666677777408
GLN,163,N,HIE,161,NE2,30,0.0009999666677777408
ASN,259,ND2,GLU,254,OE2,30,0.0009999666677777408
ASP,357,N,THR,344,O,30,0.0009999666677777408
LYS,393,NZ,HIP,384,O,30,0.0009999666677777408
ARG,415,NH2,GLU,115,OE1,30,0.0009999666677777408
ARG,415,NH2,GLU,322,O,30,0.0009999666677777408
LEU,60,N,ARG,57,O,29,0.0009666344455184827
ARG,81,NH2,GLN,211,OE1,29,0.0009666344455184827
LYS,94,N,ASN,91,O,29,0.0009666344455184827
GLY,110,N,PHE,107,O,29,0.0009666344455184827
GLN,163,NE2,GLU,128,OE1,29,0.0009666344455184827
LEU,242,N,THR,239,O,29,0.0009666344455184827
ARG,280,NH2,ASP,138,OD1,29,0.0009666344455184827
HIE,372,N,HIE,372,ND1,29,0.0009666344455184827
THR,395,OG1,GLU,396,OE1,29,0.0009666344455184827
THR,423,N,LEU,420,O,29,0.0009666344455184827
GLN,445,NE2,PRO,444,O,29,0.0009666344455184827
GLY,448,N,SER,182,O,29,0.0009666344455184827
VAL,449,N,GLU,446,OE2,29,0.0009666344455184827
LYS,63,NZ,ASP,62,O,28,0.0009333022232592247
LYS,111,NZ,LYS,234,O,28,0.0009333022232592247
GLN,165,N,GLN,165,NE2,28,0.0009333022232592247
SER,276,OG,GLN,144,N,28,0.0009333022232592247
THR,278,OG1,SER,332,OG,28,0.0009333022232592247
ASN,381,ND2,ALA,379,O,28,0.0009333022232592247
ARG,415,NH1,TYR,326,OH,28,0.0009333022232592247
ASN,14,ND2,GLY,13,O,27,0.0008999700009999666
THR,239,OG1,LEU,236,O,27,0.0008999700009999666
SER,266,N,ASN,263,O,27,0.0008999700009999666
ARG,298,NH2,GLN,302,OE1,27,0.0008999700009999666
VAL,339,N,HM1,464,O2A,27,0.0008999700009999666
PHE,429,N,LEU,426,O,27,0.0008999700009999666
ARG,20,NH2,MET,18,O,26,0.0008666377787407086
ARG,45,NH1,GLU,190,OE1,26,0.0008666377787407086
ARG,57,NH2,GLU,58,OE1,26,0.0008666377787407086
ARG,57,NH2,ASP,62,OD2,26,0.0008666377787407086
LYS,111,NZ,PRO,233,O,26,0.0008666377787407086
GLY,134,N,SER,132,O,26,0.0008666377787407086
GLN,165,NE2,ASP,164,O,26,0.0008666377787407086
SER,253,OG,SER,249,O,26,0.0008666377787407086
ARG,295,N,VAL,292,O,26,0.0008666377787407086
HIE,307,NE2,ARG,463,OXT,26,0.0008666377787407086
THR,347,OG1,HIE,346,O,26,0.0008666377787407086
ARG,415,NH2,GLU,311,OE1,26,0.0008666377787407086
THR,455,OG1,THR,455,O,26,0.0008666377787407086
GLN,457,N,GLN,457,OE1,26,0.0008666377787407086
ARG,92,NH1,ALA,251,O,25,0.0008333055564814507
ARG,98,NE,ARG,98,O,25,0.0008333055564814507
GLY,108,N,ASP,106,O,25,0.0008333055564814507
SER,113,N,GLN,112,OE1,25,0.0008333055564814507
LYS,131,NZ,SER,132,OG,25,0.0008333055564814507
GLN,205,NE2,GLY,201,O,25,0.0008333055564814507
ARG,315,NH1,GLU,322,OE2,25,0.0008333055564814507
PHE,331,N,ILE,328,O,25,0.0008333055564814507
VAL,53,N,TYR,373,OH,24,0.0007999733342221926
ARG,105,NE,VAL,101,O,24,0.0007999733342221926
MET,109,N,PRO,233,O,24,0.0007999733342221926
GLN,123,NE2,GLN,119,NE2,24,0.0007999733342221926
THR,147,N,GLN,144,O,24,0.0007999733342221926
ASN,214,ND2,GLN,258,NE2,24,0.0007999733342221926
ARG,280,NH2,GLN,445,OE1,24,0.0007999733342221926
HIE,372,NE2,GLU,54,OE2,24,0.0007999733342221926
THR,395,OG1,TYR,373,O,24,0.0007999733342221926
ARG,463,NH1,SER,430,OG,24,0.0007999733342221926
ASN,14,ND2,ARG,7,O,23,0.0007666411119629346
TYR,162,N,HIE,161,ND1,23,0.0007666411119629346
SER,256,OG,ASN,259,OD1,23,0.0007666411119629346
ARG,295,NH2,HIE,291,ND1,23,0.0007666411119629346
HID,369,ND1,PRO,377,O,23,0.0007666411119629346
ARG,415,NE,ALA,414,O,23,0.0007666411119629346
ARG,415,NH1,ARG,415,O,23,0.0007666411119629346
ARG,31,NH2,CYS,51,O,22,0.0007333088897036765
THR,39,N,PRO,3,O,22,0.0007333088897036765
ARG,45,NH1,LYS,72,O,22,0.0007333088897036765
ARG,57,NE,GLU,396,O,22,0.0007333088897036765
SER,153,N,ILE,150,O,22,0.0007333088897036765
LYS,158,NZ,GLN,112,OE1,22,0.0007333088897036765
ARG,159,NH1,GLH,120,OE2,22,0.0007333088897036765
ARG,159,NH2,GLH,120,OE1,22,0.0007333088897036765
TYR,175,OH,GLN,445,OE1,22,0.0007333088897036765
ARG,204,NH2,LEU,196,O,22,0.0007333088897036765
ASP,235,N,ASP,238,OD1,22,0.0007333088897036765
MET,244,N,LEU,241,O,22,0.0007333088897036765
ARG,280,NH2,PRO,454,O,22,0.0007333088897036765
GLU,294,N,HIE,291,O,22,0.0007333088897036765
HIE,307,N,HIE,307,ND1,22,0.0007333088897036765
GLN,345,NE2,ALA,66,O,22,0.0007333088897036765
GLY,390,N,ALA,388,O,22,0.0007333088897036765
LYS,393,NZ,GLU,396,OE2,22,0.0007333088897036765
ARG,406,N,GLY,404,O,22,0.0007333088897036765
ARG,406,NH1,ILE,86,O,22,0.0007333088897036765
ARG,20,NE,LEU,15,O,21,0.0006999766674444185
ALA,74,N,SER,193,OG,21,0.0006999766674444185
ARG,92,N,ASN,89,O,21,0.0006999766674444185
THR,103,OG1,SER,100,O,21,0.0006999766674444185
ARG,117,NE,SER,153,OG,21,0.0006999766674444185
ARG,308,NE,PRO,309,O,21,0.0006999766674444185
THR,344,OG1,GLN,345,NE2,21,0.0006999766674444185
THR,395,N,LYS,393,O,21,0.0006999766674444185
GLY,450,N,SER,182,O,21,0.0006999766674444185
GLN,457,NE2,THR,455,O,21,0.0006999766674444185
ARG,21,NH1,ASP,19,OD2,20,0.0006666444451851605
THR,147,OG1,GLN,144,O,20,0.0006666444451851605
GLN,176,N,LEU,173,O,20,0.0006666444451851605
TYR,216,OH,GLU,166,O,20,0.0006666444451851605
SER,253,OG,HIE,252,ND1,20,0.0006666444451851605
THR,455,OG1,ASP,138,OD1,20,0.0006666444451851605
GLN,457,NE2,LEU,136,O,20,0.0006666444451851605
VAL,95,N,ARG,92,O,19,0.0006333122229259025
GLN,119,NE2,GLU,115,OE2,19,0.0006333122229259025
SER,182,OG,VAL,449,O,19,0.0006333122229259025
GLN,187,NE2,ARG,21,O,19,0.0006333122229259025
ASN,250,N,GLU,247,OE2,19,0.0006333122229259025
SER,253,OG,PHE,255,O,19,0.0006333122229259025
LYS,317,NZ,VAL,303,O,19,0.0006333122229259025
TYR,320,OH,VAL,292,O,19,0.0006333122229259025
HIE,372,NE2,TYR,373,OH,19,0.0006333122229259025
ASN,381,ND2,PHE,380,O,19,0.0006333122229259025
LYS,394,N,LEU,392,O,19,0.0006333122229259025
GLY,448,N,GLU,446,OE2,19,0.0006333122229259025
ARG,31,NH1,CYS,51,O,18,0.0005999800006666444
LYS,72,NZ,ARG,81,O,18,0.0005999800006666444
ASN,89,ND2,SER,68,OG,18,0.0005999800006666444
ARG,105,NE,GLU,115,OE1,18,0.0005999800006666444
LYS,111,NZ,GLY,110,O,18,0.0005999800006666444
ARG,159,NH2,TYR,162,OH,18,0.0005999800006666444
GLU,273,N,ALA,270,O,18,0.0005999800006666444
VAL,296,N,ALA,293,O,18,0.0005999800006666444
ARG,415,NE,GLY,412,O,18,0.0005999800006666444
ASP,441,N,ASP,439,O,18,0.0005999800006666444
ARG,21,NH1,GLU,446,OE1,17,0.0005666477784073864
LYS,33,N,ARG,31,O,17,0.0005666477784073864
ARG,117,NH1,GLN,112,O,17,0.0005666477784073864
GLN,123,NE2,GLH,120,O,17,0.0005666477784073864
ARG,159,NH1,TYR,162,OH,17,0.0005666477784073864
LEU,173,N,MET,170,O,17,0.0005666477784073864
GLN,187,NE2,ARG,20,O,17,0.0005666477784073864
GLN,211,NE2,LYS,208,O,17,0.0005666477784073864
ASN,214,ND2,GLN,211,NE2,17,0.0005666477784073864
SER,253,N,SER,249,OG,17,0.0005666477784073864
GLN,258,NE2,HIE,257,NE2,17,0.0005666477784073864
ASN,261,ND2,GLN,258,O,17,0.0005666477784073864
THR,347,N,GLN,345,O,17,0.0005666477784073864
PHE,349,N,THR,347,O,17,0.0005666477784073864
HID,369,ND1,ASP,370,OD1,17,0.0005666477784073864
GLN,445,N,PRO,453,O,17,0.0005666477784073864
ARG,21,NH2,GLU,446,OE1,16,0.0005333155561481284
ARG,21,NH2,GLU,446,OE2,16,0.0005333155561481284
ASP,62,N,ALA,59,O,16,0.0005333155561481284
GLN,163,NE2,ASP,164,OD1,16,0.0005333155561481284
GLN,205,NE2,GLN,176,NE2,16,0.0005333155561481284
ASN,209,ND2,GLN,176,NE2,16,0.0005333155561481284
SER,220,N,ILE,217,O,16,0.0005333155561481284
HIE,252,N,HIE,252,ND1,16,0.0005333155561481284
SER,253,N,HIE,252,ND1,16,0.0005333155561481284
LYS,393,NZ,GLU,396,OE1,16,0.0005333155561481284
GLY,404,N,SER,402,O,16,0.0005333155561481284
CYS,447,N,GLN,187,NE2,16,0.0005333155561481284
SER,26,OG,GLN,17,O,15,0.0004999833338888704
ARG,57,NH1,ALA,397,O,15,0.0004999833338888704
ARG,81,NH2,GLN,258,NE2,15,0.0004999833338888704
ARG,92,NH2,HIE,252,ND1,15,0.0004999833338888704
PHE,99,N,LEU,96,O,15,0.0004999833338888704
LYS,234,NZ,ASP,235,OD1,15,0.0004999833338888704
ALA,251,N,SER,249,O,15,0.0004999833338888704
THR,275,N,THR,272,O,15,0.0004999833338888704
ARG,298,NE,GLN,302,OE1,15,0.0004999833338888704
TYR,326,OH,PHE,398,O,15,0.0004999833338888704
ARG,330,N,GLU,327,O,15,0.0004999833338888704
LYS,394,NZ,LEU,392,O,15,0.0004999833338888704
SER,430,OG,GLU,294,OE2,15,0.0004999833338888704
LEU,442,N,ASP,441,OD1,15,0.0004999833338888704
ARG,7,NE,PRO,8,O,14,0.00046665111162961235
ARG,7,NH1,ARG,7,O,14,0.00046665111162961235
ARG,20,NH2,LEU,16,O,14,0.00046665111162961235
ARG,31,NE,LEU,28,O,14,0.00046665111162961235
ARG,57,NE,ALA,397,O,14,0.00046665111162961235
LYS,63,NZ,SER,348,OG,14,0.00046665111162961235
ILE,73,N,ASP,77,OD1,14,0.00046665111162961235
MET,75,N,GLU,190,OE2,14,0.00046665111162961235
VAL,101,N,ARG,98,O,14,0.00046665111162961235
ARG,105,NH2,VAL,101,O,14,0.00046665111162961235
TYR,162,OH,GLN,163,OE1,14,0.00046665111162961235
GLN,163,NE2,GLN,165,OE1,14,0.00046665111162961235
GLN,165,N,GLU,166,OE2,14,0.00046665111162961235
SER,179,N,GLN,176,O,14,0.00046665111162961235
HIE,219,NE2,GLU,166,OE2,14,0.00046665111162961235
HIP,224,NE2,PHE,156,O,14,0.00046665111162961235
THR,227,OG1,GLU,226,OE1,14,0.00046665111162961235
THR,274,OG1,HM1,464,NB,14,0.00046665111162961235
ARG,280,NH2,THR,140,OG1,14,0.00046665111162961235
ARG,298,NE,GLU,294,O,14,0.00046665111162961235
HIE,313,N,HIE,313,ND1,14,0.00046665111162961235
GLU,359,N,GLU,359,OE2,14,0.00046665111162961235
ARG,31,N,LEU,28,O,13,0.0004333188893703543
ILE,56,N,VAL,53,O,13,0.0004333188893703543
VAL,61,N,ILE,56,O,13,0.0004333188893703543
SER,68,OG,SER,68,O,13,0.0004333188893703543
LYS,72,NZ,ARG,45,NH1,13,0.0004333188893703543
ARG,117,NH2,GLN,112,OE1,13,0.0004333188893703543
ARG,130,NH1,ASN,428,O,13,0.0004333188893703543
MET,170,N,PHE,167,O,13,0.0004333188893703543
PHE,199,N,LYS,197,O,13,0.0004333188893703543
GLN,205,NE2,PRO,200,O,13,0.0004333188893703543
ILE,213,N,LEU,210,O,13,0.0004333188893703543
ARG,225,NH1,HIE,257,ND1,13,0.0004333188893703543
SER,249,OG,ASN,250,OD1,13,0.0004333188893703543
SER,253,OG,GLU,247,O,13,0.0004333188893703543
LEU,279,N,SER,276,O,13,0.0004333188893703543
ARG,280,NH2,ASP,138,OD2,13,0.0004333188893703543
ASP,378,N,ASP,378,OD1,13,0.0004333188893703543
ASP,378,N,ASP,378,OD2,13,0.0004333188893703543
GLN,457,NE2,THR,455,OG1,13,0.0004333188893703543
ALA,64,N,ALA,59,O,12,0.0003999866671110963
ARG,81,NH1,GLN,258,NE2,12,0.0003999866671110963
ARG,92,NH1,TYR,83,OH,12,0.0003999866671110963
SER,100,N,ARG,97,O,12,0.0003999866671110963
ARG,105,N,SER,100,O,12,0.0003999866671110963
GLN,112,NE2,LYS,111,O,12,0.0003999866671110963
LYS,208,NZ,ARG,204,O,12,0.0003999866671110963
HIE,219,NE2,ASP,164,OD2,12,0.0003999866671110963
HIE,219,NE2,GLU,166,OE1,12,0.0003999866671110963
ASN,259,ND2,ARG,92,NH2,12,0.0003999866671110963
SER,365,OG,LEU,335,O,12,0.0003999866671110963
ARG,406,NH2,GLY,69,O,12,0.0003999866671110963
ARG,415,NH2,GLU,311,OE2,12,0.0003999866671110963
THR,455,OG1,GLN,445,NE2,12,0.0003999866671110963
ARG,7,NE,GLY,5,O,11,0.00036665444485183826
LEU,23,N,ARG,21,O,11,0.00036665444485183826
ARG,29,NH1,ARG,29,O,11,0.00036665444485183826
ARG,81,NE,GLN,258,OE1,11,0.00036665444485183826
TYR,83,OH,GLU,254,OE2,11,0.00036665444485183826
LYS,94,NZ,GLU,65,OE1,11,0.00036665444485183826
THR,102,OG1,ASP,106,OD2,11,0.00036665444485183826
ARG,105,NH1,MET,104,O,11,0.00036665444485183826
PHE,174,N,LEU,171,O,11,0.00036665444485183826
ARG,204,NH1,ARG,204,O,11,0.00036665444485183826
ASP,229,N,ASP,238,OD2,11,0.00036665444485183826
TYR,240,N,ILE,237,O,11,0.00036665444485183826
LYS,246,NZ,GLU,245,OE2,11,0.00036665444485183826
ASN,250,N,SER,249,OG,11,0.00036665444485183826
ASN,259,ND2,HIE,252,O,11,0.00036665444485183826
ASN,259,ND2,GLN,258,OE1,11,0.00036665444485183826
TYR,297,OH,PRO,306,O,11,0.00036665444485183826
GLN,345,NE2,GLN,345,O,11,0.00036665444485183826
GLY,351,N,PHE,349,O,11,0.00036665444485183826
LEU,364,N,GLY,338,N,11,0.00036665444485183826
LYS,405,NZ,ALA,64,O,11,0.00036665444485183826
GLU,411,N,LEU,409,O,11,0.00036665444485183826
GLY,448,N,GLU,446,OE1,11,0.00036665444485183826
GLY,450,N,CYS,447,O,11,0.00036665444485183826
ARG,463,NE,PHE,429,O,11,0.00036665444485183826
ASN,14,ND2,GLN,17,NE2,10,0.00033332222259258026
ARG,20,NH1,VAL,184,O,10,0.00033332222259258026
LEU,23,N,ARG,20,O,10,0.00033332222259258026
ARG,29,NH2,ARG,21,NH2,10,0.00033332222259258026
LYS,72,NZ,ARG,45,NH2,10,0.00033332222259258026
ARG,92,NH1,ARG,81,O,10,0.00033332222259258026
ARG,117,NH2,ASP,106,O,10,0.00033332222259258026
LYS,133,NZ,LYS,133,O,10,0.00033332222259258026
GLY,157,N,VAL,155,N,10,0.00033332222259258026
GLN,165,NE2,GLN,163,NE2,10,0.00033332222259258026
GLY,194,N,LEU,191,O,10,0.00033332222259258026
LYS,208,NZ,GLN,205,NE2,10,0.00033332222259258026
ASN,209,ND2,THR,177,N,10,0.00033332222259258026
GLN,211,N,LYS,208,O,10,0.00033332222259258026
ASN,214,ND2,LEU,210,O,10,0.00033332222259258026
ASN,250,ND2,HIE,252,NE2,10,0.00033332222259258026
SER,256,OG,ASN,259,ND2,10,0.00033332222259258026
ASN,259,ND2,ARG,92,NH1,10,0.00033332222259258026
MET,286,N,PHE,283,O,10,0.00033332222259258026
GLN,329,NE2,TYR,326,N,10,0.00033332222259258026
LYS,376,NZ,ASN,381,OD1,10,0.00033332222259258026
ALA,391,N,ASN,389,ND2,10,0.00033332222259258026
ARG,459,NH2,LYS,133,O,10,0.00033332222259258026
ARG,1,N,GLY,351,O,9,0.0002999900003333222
ARG,7,NH2,PRO,8,O,9,0.0002999900003333222
GLY,13,N,LEU,11,O,9,0.0002999900003333222
GLN,17,NE2,LEU,16,O,9,0.0002999900003333222
ARG,21,NH1,ASP,19,OD1,9,0.0002999900003333222
LEU,24,N,VAL,449,O,9,0.0002999900003333222
ARG,57,NH2,GLU,58,OE2,9,0.0002999900003333222
ARG,81,NH2,TYR,83,OH,9,0.0002999900003333222
TYR,83,OH,GLN,258,OE1,9,0.0002999900003333222
ASN,89,N,ARG,92,NH2,9,0.0002999900003333222
THR,102,OG1,THR,103,OG1,9,0.0002999900003333222
ARG,105,NH2,SER,113,OG,9,0.0002999900003333222
ARG,130,NH1,GLN,123,OE1,9,0.0002999900003333222
THR,140,N,ASP,138,O,9,0.0002999900003333222
VAL,221,N,GLY,218,O,9,0.0002999900003333222
HID,243,ND1,HID,243,O,9,0.0002999900003333222
THR,264,N,ASN,261,O,9,0.0002999900003333222
THR,277,OG1,LYS,451,O,9,0.0002999900003333222
HIE,307,NE2,ASN,428,OD1,9,0.0002999900003333222
GLN,345,NE2,ALA,66,N,9,0.0002999900003333222
GLY,351,N,SER,348,OG,9,0.0002999900003333222
LYS,356,NZ,GLN,345,NE2,9,0.0002999900003333222
ASN,381,ND2,LYS,376,O,9,0.0002999900003333222
ALA,391,N,ASN,389,O,9,0.0002999900003333222
ILE,407,N,LEU,403,O,9,0.0002999900003333222
LYS,33,NZ,LYS,33,O,8,0.0002666577780740642
ILE,73,N,ASP,77,OD2,8,0.0002666577780740642
ARG,81,NE,ASP,77,OD1,8,0.0002666577780740642
ARG,81,NE,ASP,77,OD2,8,0.0002666577780740642
ARG,81,NH1,PHE,80,O,8,0.0002666577780740642
LYS,94,NZ,GLU,65,OE2,8,0.0002666577780740642
ARG,105,N,ASP,106,OD2,8,0.0002666577780740642
VAL,114,N,ARG,105,NH1,8,0.0002666577780740642
GLU,116,N,GLU,115,OE1,8,0.0002666577780740642
GLU,116,N,GLU,115,OE2,8,0.0002666577780740642
GLH,120,OE2,GLU,121,OE1,8,0.0002666577780740642
SER,153,OG,GLY,157,O,8,0.0002666577780740642
ARG,204,NE,TYR,198,O,8,0.0002666577780740642
TYR,207,N,ARG,204,O,8,0.0002666577780740642
TYR,207,OH,GLN,211,NE2,8,0.0002666577780740642
ASN,214,ND2,ASN,261,ND2,8,0.0002666577780740642
GLU,222,N,HIE,219,O,8,0.0002666577780740642
ARG,225,NH2,HIE,257,ND1,8,0.0002666577780740642
SER,256,OG,SER,253,OG,8,0.0002666577780740642
SER,276,OG,GLU,273,O,8,0.0002666577780740642
ARG,295,NH2,GLN,302,OE1,8,0.0002666577780740642
THR,344,OG1,ILE,342,O,8,0.0002666577780740642
THR,366,OG1,ARG,31,NH2,8,0.0002666577780740642
ALA,379,N,ASP,378,OD1,8,0.0002666577780740642
PHE,398,N,GLU,396,O,8,0.0002666577780740642
ARG,406,N,SER,402,OG,8,0.0002666577780740642
GLN,427,NE2,PRO,306,O,8,0.0002666577780740642
GLN,445,N,GLN,445,OE1,8,0.0002666577780740642
ARG,29,NE,GLN,17,O,7,0.00023332555581480617
ARG,81,NH2,TYR,198,OH,7,0.00023332555581480617
ARG,92,NH1,ASN,259,ND2,7,0.00023332555581480617
ARG,98,NE,THR,102,OG1,7,0.00023332555581480617
GLH,120,OE2,GLU,121,OE2,7,0.00023332555581480617
LEU,129,N,ILE,126,O,7,0.00023332555581480617
PHE,143,N,THR,140,O,7,0.00023332555581480617
LYS,158,NZ,TYR,216,OH,7,0.00023332555581480617
LEU,171,N,LEU,168,O,7,0.00023332555581480617
THR,177,N,TYR,175,O,7,0.00023332555581480617
ASN,214,ND2,ASN,261,O,7,0.00023332555581480617
LYS,223,NZ,HIE,219,NE2,7,0.00023332555581480617
LYS,246,NZ,HID,243,ND1,7,0.00023332555581480617
LYS,246,NZ,LYS,246,O,7,0.00023332555581480617
SER,253,N,ALA,251,O,7,0.00023332555581480617
ASN,261,ND2,GLN,258,NE2,7,0.00023332555581480617
LEU,262,N,ASN,259,O,7,0.00023332555581480617
THR,272,OG1,LEU,267,O,7,0.00023332555581480617
GLU,273,N,PHE,268,O,7,0.00023332555581480617
THR,274,N,PHE,269,O,7,0.00023332555581480617
SER,276,OG,GLY,271,O,7,0.00023332555581480617
LYS,288,NZ,LYS,288,O,7,0.00023332555581480617
ILE,325,N,GLU,322,O,7,0.00023332555581480617
GLN,329,NE2,PRO,400,O,7,0.00023332555581480617
SER,332,OG,SER,332,O,7,0.00023332555581480617
ASN,389,ND2,ASN,389,O,7,0.00023332555581480617
LYS,393,NZ,ASP,383,OD2,7,0.00023332555581480617
ARG,415,NH1,GLU,311,OE1,7,0.00023332555581480617
SER,430,OG,MET,431,O,7,0.00023332555581480617
LYS,451,N,SER,332,O,7,0.00023332555581480617
LEU,461,N,ARG,459,O,7,0.00023332555581480617
GLN,17,NE2,ARG,7,N,6,0.00019999333355554815
LYS,25,NZ,GLY,22,O,6,0.00019999333355554815
ARG,31,NH1,THR,366,O,6,0.00019999333355554815
ARG,45,NH1,PRO,46,O,6,0.00019999333355554815
ARG,45,NH2,SER,193,OG,6,0.00019999333355554815
GLY,69,N,THR,344,OG1,6,0.00019999333355554815
GLY,82,N,PHE,80,O,6,0.00019999333355554815
GLY,84,N,ASN,263,OD1,6,0.00019999333355554815
ARG,92,NH2,SER,253,O,6,0.00019999333355554815
GLN,112,NE2,ARG,117,N,6,0.00019999333355554815
GLU,116,N,GLU,116,OE2,6,0.00019999333355554815
ARG,117,NE,GLN,112,NE2,6,0.00019999333355554815
ARG,117,NH2,SER,153,OG,6,0.00019999333355554815
ASN,149,ND2,SER,145,OG,6,0.00019999333355554815
GLY,157,N,SER,153,O,6,0.00019999333355554815
LYS,158,NZ,PHE,156,O,6,0.00019999333355554815
HIE,161,NE2,TYR,162,OH,6,0.00019999333355554815
TYR,162,OH,GLN,163,NE2,6,0.00019999333355554815
GLN,165,N,TYR,162,O,6,0.00019999333355554815
TYR,175,OH,THR,140,O,6,0.00019999333355554815
SER,182,OG,SER,182,O,6,0.00019999333355554815
VAL,206,N,HIE,203,O,6,0.00019999333355554815
LYS,208,NZ,GLN,211,NE2,6,0.00019999333355554815
LYS,223,N,SER,220,O,6,0.00019999333355554815
HIP,224,NE2,ASP,238,OD1,6,0.00019999333355554815
ASN,250,ND2,ASN,250,O,6,0.00019999333355554815
GLN,258,NE2,ARG,81,NH1,6,0.00019999333355554815
GLN,258,NE2,ASN,250,OD1,6,0.00019999333355554815
THR,272,N,LEU,267,O,6,0.00019999333355554815
ARG,280,NH1,THR,140,O,6,0.00019999333355554815
ARG,315,NE,LEU,312,O,6,0.00019999333355554815
HID,341,ND1,HM1,464,O2A,6,0.00019999333355554815
THR,344,OG1,SER,68,O,6,0.00019999333355554815
HIE,346,N,HIE,346,ND1,6,0.00019999333355554815
HID,369,ND1,ASP,378,OD1,6,0.00019999333355554815
LYS,393,NZ,ASP,383,OD1,6,0.00019999333355554815
SER,402,OG,GLU,411,OE1,6,0.00019999333355554815
GLY,412,N,GLY,410,O,6,0.00019999333355554815
ARG,415,NE,GLU,115,OE1,6,0.00019999333355554815
ARG,20,NH1,ASP,19,OD1,5,0.00016666111129629013
SER,26,OG,ASP,19,O,5,0.00016666111129629013
ARG,29,NH1,SER,26,OG,5,0.00016666111129629013
VAL,37,N,TYR,34,O,5,0.00016666111129629013
ARG,57,NH2,SER,402,OG,5,0.00016666111129629013
GLY,71,N,ARG,70,NE,5,0.00016666111129629013
ARG,81,NH2,ALA,251,O,5,0.00016666111129629013
ARG,81,NH2,GLN,258,O,5,0.00016666111129629013
GLY,82,N,ASP,77,OD1,5,0.00016666111129629013
ASN,89,ND2,ARG,70,N,5,0.00016666111129629013
ARG,92,NE,ASN,89,O,5,0.00016666111129629013
ARG,92,NH2,TYR,83,OH,5,0.00016666111129629013
ARG,97,N,LYS,94,O,5,0.00016666111129629013
THR,102,OG1,ASP,106,OD1,5,0.00016666111129629013
THR,103,OG1,THR,102,O,5,0.00016666111129629013
ASP,106,N,MET,104,O,5,0.00016666111129629013
LYS,111,N,PHE,107,O,5,0.00016666111129629013
ARG,117,NH2,SER,153,O,5,0.00016666111129629013
ALA,122,N,GLN,119,O,5,0.00016666111129629013
LYS,158,NZ,GLU,166,OE2,5,0.00016666111129629013
GLN,163,N,HIE,161,O,5,0.00016666111129629013
TYR,175,OH,ASP,138,OD2,5,0.00016666111129629013
LYS,197,NZ,SER,193,OG,5,0.00016666111129629013
SER,249,OG,LYS,248,O,5,0.00016666111129629013
THR,272,N,PHE,269,O,5,0.00016666111129629013
THR,278,OG1,THR,275,O,5,0.00016666111129629013
ARG,280,NH2,GLU,273,OE1,5,0.00016666111129629013
TYR,281,N,THR,278,O,5,0.00016666111129629013
GLY,282,N,LEU,279,O,5,0.00016666111129629013
LEU,285,N,GLY,282,O,5,0.00016666111129629013
TYR,297,OH,GLN,427,O,5,0.00016666111129629013
ARG,298,NH2,ARG,295,N,5,0.00016666111129629013
GLY,305,N,GLU,301,O,5,0.00016666111129629013
ARG,330,NH2,GLU,327,OE2,5,0.00016666111129629013
SER,348,OG,GLY,351,O,5,0.00016666111129629013
HID,369,ND1,SER,365,OG,5,0.00016666111129629013
CM1,408,N,SER,402,OG,5,0.00016666111129629013
THR,424,OG1,ALA,122,O,5,0.00016666111129629013
SER,430,OG,SER,430,O,5,0.00016666111129629013
ARG,459,NE,PHE,460,O,5,0.00016666111129629013
PHE,460,N,ALA,135,O,5,0.00016666111129629013
GLN,17,NE2,GLN,17,O,4,0.0001333288890370321
LEU,24,N,GLN,187,NE2,4,0.0001333288890370321
ARG,29,NE,LYS,25,O,4,0.0001333288890370321
THR,39,OG1,THR,39,O,4,0.0001333288890370321
VAL,61,N,ALA,59,O,4,0.0001333288890370321
ILE,73,N,GLU,359,OE1,4,0.0001333288890370321
ARG,81,NH2,HIE,252,ND1,4,0.0001333288890370321
GLY,90,N,ASN,89,ND2,4,0.0001333288890370321
ARG,92,N,ASN,91,OD1,4,0.0001333288890370321
GLY,108,N,ARG,105,O,4,0.0001333288890370321
GLU,116,N,GLU,116,OE1,4,0.0001333288890370321
GLN,119,NE2,GLH,120,OE2,4,0.0001333288890370321
GLN,119,NE2,PRO,310,N,4,0.0001333288890370321
LEU,136,N,ARG,459,NH1,4,0.0001333288890370321
ILE,151,N,ALA,148,O,4,0.0001333288890370321
LYS,158,NZ,GLY,157,O,4,0.0001333288890370321
HIE,161,NE2,GLU,128,OE2,4,0.0001333288890370321
GLN,165,N,ASP,164,OD2,4,0.0001333288890370321
VAL,184,N,ARG,21,NH1,4,0.0001333288890370321
GLY,186,N,LEU,180,O,4,0.0001333288890370321
TYR,207,OH,ARG,81,NH2,4,0.0001333288890370321
LYS,208,N,GLN,205,O,4,0.0001333288890370321
GLN,211,NE2,ASN,214,OD1,4,0.0001333288890370321
HID,243,ND1,GLU,247,OE1,4,0.0001333288890370321
LYS,248,N,HID,243,O,4,0.0001333288890370321
LYS,248,NZ,MET,244,O,4,0.0001333288890370321
ASN,250,ND2,SER,249,O,4,0.0001333288890370321
ASN,250,ND2,SER,253,OG,4,0.0001333288890370321
HIE,252,NE2,TYR,83,OH,4,0.0001333288890370321
HIE,252,NE2,ASN,250,OD1,4,0.0001333288890370321
SER,253,N,SER,249,O,4,0.0001333288890370321
SER,256,OG,TYR,83,OH,4,0.0001333288890370321
SER,256,OG,GLN,258,NE2,4,0.0001333288890370321
GLN,258,NE2,ARG,81,NH2,4,0.0001333288890370321
ASN,263,ND2,GLU,254,OE2,4,0.0001333288890370321
ARG,298,N,ARG,295,O,4,0.0001333288890370321
GLN,329,N,TYR,326,O,4,0.0001333288890370321
ARG,330,NH2,ASP,378,O,4,0.0001333288890370321
HID,341,ND1,SER,68,O,4,0.0001333288890370321
SER,348,OG,THR,347,O,4,0.0001333288890370321
ARG,350,NE,ARG,350,O,4,0.0001333288890370321
HID,369,ND1,THR,366,O,4,0.0001333288890370321
ALA,379,N,ASP,378,OD2,4,0.0001333288890370321
HIP,384,NE2,GLU,375,OE1,4,0.0001333288890370321
LYS,394,NZ,GLU,322,OE1,4,0.0001333288890370321
LYS,394,NZ,PHE,398,O,4,0.0001333288890370321
LYS,405,NZ,ASP,62,O,4,0.0001333288890370321
ARG,406,NH2,PHE,67,O,4,0.0001333288890370321
ARG,406,NH2,ASN,89,OD1,4,0.0001333288890370321
ARG,415,NE,GLU,115,OE2,4,0.0001333288890370321
PHE,419,N,GLU,417,O,4,0.0001333288890370321
ASN,428,ND2,GLN,427,O,4,0.0001333288890370321
SER,430,N,PRO,462,O,4,0.0001333288890370321
ALA,432,N,SER,430,O,4,0.0001333288890370321
THR,443,N,ASP,441,O,4,0.0001333288890370321
TYR,456,OH,PHE,283,O,4,0.0001333288890370321
ARG,459,NE,SER,433,O,4,0.0001333288890370321
ARG,459,NH2,SER,433,O,4,0.0001333288890370321
ARG,463,NH2,SER,430,OG,4,0.0001333288890370321
ASN,14,ND2,HIE,41,ND1,3,9.999666677777408e-05
ARG,29,NH2,MET,18,O,3,9.999666677777408e-05
LYS,33,NZ,GLU,32,O,3,9.999666677777408e-05
VAL,37,N,GLY,35,O,3,9.999666677777408e-05
GLY,52,N,LEU,50,O,3,9.999666677777408e-05
GLU,54,N,TYR,373,OH,3,9.999666677777408e-05
ARG,57,N,GLU,54,O,3,9.999666677777408e-05
ARG,57,NH1,GLU,58,N,3,9.999666677777408e-05
GLU,65,N,LYS,63,O,3,9.999666677777408e-05
ARG,70,NE,GLY,71,N,3,9.999666677777408e-05
ARG,70,NH2,HID,341,ND1,3,9.999666677777408e-05
LYS,72,NZ,SER,193,OG,3,9.999666677777408e-05
LYS,72,NZ,ASP,357,OD2,3,9.999666677777408e-05
ARG,81,NH1,TYR,198,OH,3,9.999666677777408e-05
ARG,81,NH1,ASN,259,OD1,3,9.999666677777408e-05
TYR,83,OH,GLN,258,NE2,3,9.999666677777408e-05
ARG,92,NH1,HIE,252,ND1,3,9.999666677777408e-05
LYS,94,NZ,GLY,90,O,3,9.999666677777408e-05
ARG,98,NH2,ASP,106,OD2,3,9.999666677777408e-05
THR,103,OG1,ASP,106,OD1,3,9.999666677777408e-05
THR,103,OG1,THR,239,OG1,3,9.999666677777408e-05
ARG,105,NE,THR,102,O,3,9.999666677777408e-05
ARG,105,NE,GLU,411,OE2,3,9.999666677777408e-05
SER,113,OG,ARG,105,O,3,9.999666677777408e-05
VAL,114,N,MET,104,O,3,9.999666677777408e-05
ARG,117,NH2,LYS,111,O,3,9.999666677777408e-05
GLN,119,NE2,GLU,116,O,3,9.999666677777408e-05
ARG,130,NH2,ASN,428,O,3,9.999666677777408e-05
ILE,146,N,PHE,143,O,3,9.999666677777408e-05
ASN,149,ND2,TYR,162,OH,3,9.999666677777408e-05
LYS,158,NZ,GLU,166,OE1,3,9.999666677777408e-05
GLN,163,NE2,HIE,161,NE2,3,9.999666677777408e-05
GLN,163,NE2,GLN,165,NE2,3,9.999666677777408e-05
PHE,178,N,TYR,175,O,3,9.999666677777408e-05
TYR,198,N,GLY,194,O,3,9.999666677777408e-05
ARG,204,NE,GLY,201,O,3,9.999666677777408e-05
SER,220,OG,TYR,216,OH,3,9.999666677777408e-05
SER,231,OG,SER,231,O,3,9.999666677777408e-05
TYR,240,OH,SER,256,N,3,9.999666677777408e-05
TYR,240,OH,LEU,260,N,3,9.999666677777408e-05
LYS,246,NZ,ASN,250,OD1,3,9.999666677777408e-05
ASN,250,N,LYS,248,O,3,9.999666677777408e-05
SER,253,OG,ASN,250,OD1,3,9.999666677777408e-05
HIE,257,NE2,ASN,261,OD1,3,9.999666677777408e-05
ASN,259,N,GLN,258,NE2,3,9.999666677777408e-05
GLY,271,N,SER,266,O,3,9.999666677777408e-05
THR,274,OG1,PHE,269,O,3,9.999666677777408e-05
THR,277,N,THR,274,O,3,9.999666677777408e-05
HIE,291,NE2,TYR,320,OH,3,9.999666677777408e-05
ARG,295,NE,HIE,291,ND1,3,9.999666677777408e-05
ARG,295,NH1,GLN,302,OE1,3,9.999666677777408e-05
ARG,295,NH2,HIE,291,O,3,9.999666677777408e-05
GLN,302,NE2,GLU,301,O,3,9.999666677777408e-05
HIE,307,N,GLY,305,O,3,9.999666677777408e-05
GLU,311,N,ARG,308,NH1,3,9.999666677777408e-05
GLU,322,N,PRO,319,O,3,9.999666677777408e-05
GLU,327,N,VAL,324,O,3,9.999666677777408e-05
SER,332,N,ARG,330,O,3,9.999666677777408e-05
ILE,342,N,PHE,67,O,3,9.999666677777408e-05
SER,348,OG,SER,348,O,3,9.999666677777408e-05
ARG,350,NH2,ALA,55,N,3,9.999666677777408e-05
THR,358,N,LYS,356,O,3,9.999666677777408e-05
LEU,362,N,HID,341,NE2,3,9.999666677777408e-05
HIP,384,NE2,GLU,375,OE2,3,9.999666677777408e-05
ASN,389,ND2,ALA,388,O,3,9.999666677777408e-05
LYS,393,NZ,LYS,393,O,3,9.999666677777408e-05
ALA,397,N,GLU,396,OE2,3,9.999666677777408e-05
LYS,405,NZ,LEU,60,O,3,9.999666677777408e-05
ARG,415,NE,ARG,415,O,3,9.999666677777408e-05
LEU,418,N,ALA,416,O,3,9.999666677777408e-05
LEU,420,N,GLU,417,O,3,9.999666677777408e-05
ASN,428,ND2,PRO,306,O,3,9.999666677777408e-05
GLN,445,NE2,ASP,441,OD2,3,9.999666677777408e-05
GLY,448,N,SER,182,OG,3,9.999666677777408e-05
GLY,450,N,ILE,181,O,3,9.999666677777408e-05
GLN,457,N,GLN,457,NE2,3,9.999666677777408e-05
ARG,1,NH1,TYR,352,OH,2,6.666444451851606e-05
ASN,14,ND2,PRO,8,N,2,6.666444451851606e-05
LYS,25,NZ,ARG,21,NH1,2,6.666444451851606e-05
LYS,25,NZ,ARG,21,NH2,2,6.666444451851606e-05
ARG,29,NH1,ARG,21,NH2,2,6.666444451851606e-05
ARG,31,NH1,GLU,32,OE2,2,6.666444451851606e-05
HIE,41,NE2,PRO,10,O,2,6.666444451851606e-05
HIE,41,NE2,PRO,44,O,2,6.666444451851606e-05
ALA,55,N,ASP,36,OD1,2,6.666444451851606e-05
ARG,57,NH1,VAL,53,O,2,6.666444451851606e-05
SER,68,N,ILE,342,O,2,6.666444451851606e-05
MET,75,N,GLU,190,OE1,2,6.666444451851606e-05
ARG,81,NE,TYR,83,OH,2,6.666444451851606e-05
ARG,81,NH1,TYR,83,OH,2,6.666444451851606e-05
ARG,81,NH1,HIE,252,ND1,2,6.666444451851606e-05
TYR,83,N,ARG,81,O,2,6.666444451851606e-05
ARG,98,N,VAL,95,O,2,6.666444451851606e-05
ARG,105,N,ASP,106,OD1,2,6.666444451851606e-05
ARG,105,NE,GLU,411,OE1,2,6.666444451851606e-05
ARG,105,NH1,ASP,106,OD2,2,6.666444451851606e-05
ARG,105,NH1,SER,113,OG,2,6.666444451851606e-05
GLN,112,NE2,SER,113,OG,2,6.666444451851606e-05
VAL,114,N,ARG,105,O,2,6.666444451851606e-05
GLN,119,N,GLU,116,O,2,6.666444451851606e-05
GLN,119,NE2,GLH,120,OE1,2,6.666444451851606e-05
GLN,119,NE2,PRO,309,O,2,6.666444451851606e-05
GLH,120,OE2,ARG,159,NE,2,6.666444451851606e-05
GLN,123,NE2,ALA,122,O,2,6.666444451851606e-05
ARG,130,NH2,ARG,463,OXT,2,6.666444451851606e-05
GLN,144,NE2,ARG,280,NH1,2,6.666444451851606e-05
ASN,149,ND2,ARG,159,NH2,2,6.666444451851606e-05
LYS,158,NZ,LYS,158,O,2,6.666444451851606e-05
ARG,159,NE,ASN,149,OD1,2,6.666444451851606e-05
ARG,159,NH1,GLU,128,OE1,2,6.666444451851606e-05
GLN,165,N,GLU,166,OE1,2,6.666444451851606e-05
GLN,165,NE2,ASP,164,OD2,2,6.666444451851606e-05
GLN,176,NE2,ASN,209,ND2,2,6.666444451851606e-05
THR,177,OG1,ASN,209,OD1,2,6.666444451851606e-05
SER,179,OG,GLN,445,OE1,2,6.666444451851606e-05
LYS,197,NZ,ASP,77,OD1,2,6.666444451851606e-05
ARG,204,NH2,PHE,199,N,2,6.666444451851606e-05
ARG,204,NH2,GLN,205,OE1,2,6.666444451851606e-05
GLN,205,NE2,GLN,176,O,2,6.666444451851606e-05
LYS,208,NZ,LYS,208,O,2,6.666444451851606e-05
LEU,210,N,TYR,207,O,2,6.666444451851606e-05
ASN,214,ND2,GLN,258,O,2,6.666444451851606e-05
THR,227,OG1,GLU,226,O,2,6.666444451851606e-05
SER,231,N,ASP,229,O,2,6.666444451851606e-05
LEU,241,N,ASP,238,O,2,6.666444451851606e-05
LYS,246,NZ,HID,243,O,2,6.666444451851606e-05
GLU,247,N,GLU,245,O,2,6.666444451851606e-05
LYS,248,NZ,GLU,247,O,2,6.666444451851606e-05
LYS,248,NZ,LYS,248,O,2,6.666444451851606e-05
SER,249,N,PHE,255,O,2,6.666444451851606e-05
SER,253,OG,GLU,254,OE1,2,6.666444451851606e-05
SER,256,N,ASN,259,OD1,2,6.666444451851606e-05
SER,256,OG,ALA,251,N,2,6.666444451851606e-05
GLN,258,NE2,ASN,259,ND2,2,6.666444451851606e-05
ASN,259,ND2,TYR,83,OH,2,6.666444451851606e-05
ARG,280,N,THR,277,O,2,6.666444451851606e-05
ARG,280,NE,ASP,138,OD1,2,6.666444451851606e-05
ARG,295,NH2,VAL,292,N,2,6.666444451851606e-05
TYR,297,OH,ARG,463,OXT,2,6.666444451851606e-05
GLN,302,NE2,ARG,298,NH2,2,6.666444451851606e-05
ARG,308,N,ILE,304,O,2,6.666444451851606e-05
ARG,308,NH1,VAL,303,O,2,6.666444451851606e-05
LEU,312,N,GLN,119,OE1,2,6.666444451851606e-05
LEU,312,N,ARG,415,NH2,2,6.666444451851606e-05
HIE,313,NE2,ARG,308,NH1,2,6.666444451851606e-05
ARG,315,NH2,TYR,326,OH,2,6.666444451851606e-05
LYS,317,NZ,ALA,316,O,2,6.666444451851606e-05
THR,321,N,MET,318,O,2,6.666444451851606e-05
VAL,324,N,THR,321,O,2,6.666444451851606e-05
ILE,328,N,ILE,325,O,2,6.666444451851606e-05
ARG,330,NH1,HID,369,ND1,2,6.666444451851606e-05
ARG,330,NH2,ALA,379,O,2,6.666444451851606e-05
THR,344,N,GLN,345,OE1,2,6.666444451851606e-05
HIE,346,N,GLN,345,NE2,2,6.666444451851606e-05
SER,348,N,LYS,63,NZ,2,6.666444451851606e-05
SER,365,OG,ASP,333,O,2,6.666444451851606e-05
LYS,376,NZ,ASP,378,O,2,6.666444451851606e-05
ASP,383,N,ASP,383,OD1,2,6.666444451851606e-05
HIP,384,N,ASN,381,OD1,2,6.666444451851606e-05
LYS,394,NZ,GLU,322,OE2,2,6.666444451851606e-05
LEU,403,N,SER,402,OG,2,6.666444451851606e-05
LYS,405,NZ,LYS,405,O,2,6.666444451851606e-05
ARG,406,NH1,SER,68,OG,2,6.666444451851606e-05
ARG,406,NH2,VAL,85,O,2,6.666444451851606e-05
ARG,415,NH2,TYR,326,OH,2,6.666444451851606e-05
THR,424,OG1,PHE,421,O,2,6.666444451851606e-05
LEU,426,N,THR,423,O,2,6.666444451851606e-05
GLN,427,NE2,HIE,307,N,2,6.666444451851606e-05
GLN,427,NE2,GLN,427,O,2,6.666444451851606e-05
ASN,428,ND2,ARG,130,NH2,2,6.666444451851606e-05
ASN,428,ND2,HIE,307,O,2,6.666444451851606e-05
ASN,428,ND2,ASN,428,O,2,6.666444451851606e-05
SER,430,OG,GLU,294,OE1,2,6.666444451851606e-05
SER,430,OG,PHE,429,O,2,6.666444451851606e-05
SER,430,OG,ARG,463,NH1,2,6.666444451851606e-05
GLN,445,NE2,GLU,446,N,2,6.666444451851606e-05
LYS,451,NZ,TYR,281,OH,2,6.666444451851606e-05
TYR,456,N,ASP,138,OD2,2,6.666444451851606e-05
TYR,456,OH,LEU,284,N,2,6.666444451851606e-05
GLN,457,NE2,SER,433,OG,2,6.666444451851606e-05
ARG,463,NH2,ARG,463,OXT,2,6.666444451851606e-05
ARG,7,N,ARG,7,NE,1,3.333222225925803e-05
ARG,7,NE,ARG,7,O,1,3.333222225925803e-05
ARG,7,NH2,TYR,34,OH,1,3.333222225925803e-05
GLN,17,N,LEU,15,O,1,3.333222225925803e-05
GLN,17,NE2,GLY,13,O,1,3.333222225925803e-05
ARG,20,NE,ARG,20,O,1,3.333222225925803e-05
ARG,20,NH2,ARG,21,NH2,1,3.333222225925803e-05
ARG,21,NE,ARG,20,O,1,3.333222225925803e-05
ARG,21,NH1,SER,183,OG,1,3.333222225925803e-05
ARG,21,NH2,ARG,29,NH1,1,3.333222225925803e-05
ARG,21,NH2,ARG,29,NH2,1,3.333222225925803e-05
GLY,22,N,GLN,187,OE1,1,3.333222225925803e-05
LYS,25,N,GLN,187,OE1,1,3.333222225925803e-05
LYS,25,NZ,ASP,19,OD2,1,3.333222225925803e-05
LYS,25,NZ,GLN,445,O,1,3.333222225925803e-05
ARG,29,NE,ARG,29,O,1,3.333222225925803e-05
ARG,29,NH1,MET,18,O,1,3.333222225925803e-05
ARG,29,NH2,LYS,25,O,1,3.333222225925803e-05
ARG,31,NE,GLY,35,O,1,3.333222225925803e-05
TYR,34,OH,GLY,5,O,1,3.333222225925803e-05
TYR,34,OH,ARG,7,NH2,1,3.333222225925803e-05
VAL,37,N,ASP,36,OD2,1,3.333222225925803e-05
LEU,42,N,VAL,40,O,1,3.333222225925803e-05
ARG,45,NE,SER,193,OG,1,3.333222225925803e-05
ARG,45,NH2,LEU,191,O,1,3.333222225925803e-05
VAL,47,N,THR,39,OG1,1,3.333222225925803e-05
ARG,57,NH1,ARG,57,O,1,3.333222225925803e-05
LYS,63,N,LEU,60,O,1,3.333222225925803e-05
LYS,63,NZ,SER,348,N,1,3.333222225925803e-05
GLU,65,N,ASP,62,O,1,3.333222225925803e-05
ARG,70,NE,GLY,69,O,1,3.333222225925803e-05
LYS,72,NZ,GLY,71,O,1,3.333222225925803e-05
LYS,72,NZ,LYS,72,N,1,3.333222225925803e-05
LYS,72,NZ,ASN,89,ND2,1,3.333222225925803e-05
LYS,72,NZ,ASP,357,OD1,1,3.333222225925803e-05
ALA,74,N,LYS,72,O,1,3.333222225925803e-05
MET,75,N,ILE,73,O,1,3.333222225925803e-05
ARG,81,NE,ARG,81,O,1,3.333222225925803e-05
ARG,81,NH1,ARG,81,O,1,3.333222225925803e-05
ARG,81,NH2,ASP,77,O,1,3.333222225925803e-05
ARG,81,NH2,GLN,211,NE2,1,3.333222225925803e-05
TYR,83,OH,ASN,259,ND2,1,3.333222225925803e-05
GLY,84,N,ASN,259,ND2,1,3.333222225925803e-05
ILE,86,N,GLY,84,O,1,3.333222225925803e-05
ASN,89,ND2,GLY,82,O,1,3.333222225925803e-05
ASN,89,ND2,ASN,89,O,1,3.333222225925803e-05
GLY,90,N,SER,68,OG,1,3.333222225925803e-05
ASN,91,ND2,HIE,252,O,1,3.333222225925803e-05
ARG,92,NE,HIE,252,O,1,3.333222225925803e-05
ARG,92,NH1,TYR,83,O,1,3.333222225925803e-05
LYS,94,NZ,ARG,98,NH2,1,3.333222225925803e-05
ARG,98,NH2,VAL,95,N,1,3.333222225925803e-05
THR,102,N,SER,100,O,1,3.333222225925803e-05
THR,102,OG1,ARG,105,NH2,1,3.333222225925803e-05
THR,103,OG1,THR,103,O,1,3.333222225925803e-05
ARG,105,NE,SER,113,OG,1,3.333222225925803e-05
ARG,105,NH1,THR,102,OG1,1,3.333222225925803e-05
ARG,105,NH1,ASP,106,OD1,1,3.333222225925803e-05
ARG,105,NH1,ARG,415,NH1,1,3.333222225925803e-05
ARG,105,NH2,ARG,98,NH1,1,3.333222225925803e-05
ARG,105,NH2,THR,102,OG1,1,3.333222225925803e-05
ARG,105,NH2,GLU,411,O,1,3.333222225925803e-05
ARG,105,NH2,ARG,415,NH2,1,3.333222225925803e-05
ARG,105,NH2,GLU,417,OE2,1,3.333222225925803e-05
MET,109,N,PHE,107,O,1,3.333222225925803e-05
GLY,110,N,GLY,108,O,1,3.333222225925803e-05
LYS,111,NZ,GLN,112,NE2,1,3.333222225925803e-05
GLN,112,N,GLY,110,O,1,3.333222225925803e-05
SER,113,N,LYS,111,O,1,3.333222225925803e-05
SER,113,N,GLN,112,NE2,1,3.333222225925803e-05
SER,113,OG,ASP,106,OD2,1,3.333222225925803e-05
VAL,114,N,ASP,106,O,1,3.333222225925803e-05
VAL,114,N,GLU,115,OE2,1,3.333222225925803e-05
ARG,117,NH2,GLN,112,N,1,3.333222225925803e-05
GLN,119,NE2,GLU,116,N,1,3.333222225925803e-05
GLH,120,OE2,GLU,116,OE1,1,3.333222225925803e-05
GLH,120,OE2,GLN,123,NE2,1,3.333222225925803e-05
GLH,120,OE2,ARG,159,NH1,1,3.333222225925803e-05
GLN,123,NE2,GLH,120,OE2,1,3.333222225925803e-05
GLN,123,NE2,CYS,124,N,1,3.333222225925803e-05
GLN,123,NE2,ARG,130,NH1,1,3.333222225925803e-05
GLN,123,NE2,ARG,130,NH2,1,3.333222225925803e-05
ARG,130,NE,ILE,126,O,1,3.333222225925803e-05
ARG,130,NE,ASN,428,OD1,1,3.333222225925803e-05
ARG,130,NH1,ILE,126,O,1,3.333222225925803e-05
ARG,130,NH2,GLN,123,NE2,1,3.333222225925803e-05
ARG,130,NH2,ARG,463,O,1,3.333222225925803e-05
LYS,131,NZ,GLU,128,O,1,3.333222225925803e-05
LYS,131,NZ,GLN,163,NE2,1,3.333222225925803e-05
SER,132,OG,ALA,135,O,1,3.333222225925803e-05
SER,132,OG,PHE,460,O,1,3.333222225925803e-05
LEU,136,N,ARG,459,NH2,1,3.333222225925803e-05
MET,137,N,ALA,135,O,1,3.333222225925803e-05
GLN,144,NE2,PHE,141,N,1,3.333222225925803e-05
SER,145,OG,SER,145,O,1,3.333222225925803e-05
SER,145,OG,ASN,149,ND2,1,3.333222225925803e-05
THR,147,OG1,GLY,271,O,1,3.333222225925803e-05
THR,147,OG1,THR,272,OG1,1,3.333222225925803e-05
ASN,149,ND2,ARG,159,NH1,1,3.333222225925803e-05
SER,153,OG,GLH,120,OE1,1,3.333222225925803e-05
SER,153,OG,SER,153,O,1,3.333222225925803e-05
LYS,158,NZ,GLN,112,NE2,1,3.333222225925803e-05
LYS,158,NZ,GLH,120,OE1,1,3.333222225925803e-05
ARG,159,N,SER,153,OG,1,3.333222225925803e-05
ARG,159,NE,TYR,162,OH,1,3.333222225925803e-05
ARG,159,NH1,ASN,149,ND2,1,3.333222225925803e-05
ARG,159,NH2,ASN,149,ND2,1,3.333222225925803e-05
ARG,159,NH2,HIE,161,ND1,1,3.333222225925803e-05
ARG,159,NH2,TYR,162,N,1,3.333222225925803e-05
HIE,161,NE2,GLU,128,OE1,1,3.333222225925803e-05
HIE,161,NE2,GLN,163,NE2,1,3.333222225925803e-05
TYR,162,N,HIE,161,NE2,1,3.333222225925803e-05
TYR,162,OH,GLH,120,OE1,1,3.333222225925803e-05
TYR,162,OH,CYS,124,O,1,3.333222225925803e-05
TYR,162,OH,GLN,165,OE1,1,3.333222225925803e-05
GLN,163,N,GLN,163,NE2,1,3.333222225925803e-05
ASP,164,N,TYR,162,O,1,3.333222225925803e-05
GLU,166,N,ASP,164,O,1,3.333222225925803e-05
GLU,166,N,GLN,165,OE1,1,3.333222225925803e-05
LYS,169,NZ,GLU,212,O,1,3.333222225925803e-05
GLN,176,NE2,TYR,175,OH,1,3.333222225925803e-05
SER,179,OG,GLN,176,OE1,1,3.333222225925803e-05
GLN,187,NE2,GLY,448,N,1,3.333222225925803e-05
PHE,189,N,GLN,187,O,1,3.333222225925803e-05
SER,193,OG,SER,193,O,1,3.333222225925803e-05
PHE,195,N,SER,193,O,1,3.333222225925803e-05
LYS,197,N,PHE,192,O,1,3.333222225925803e-05
TYR,198,N,LEU,196,O,1,3.333222225925803e-05
TYR,198,OH,SER,193,O,1,3.333222225925803e-05
GLY,201,N,GLN,205,NE2,1,3.333222225925803e-05
HIE,203,NE2,ARG,204,NH1,1,3.333222225925803e-05
ARG,204,NE,LEU,196,O,1,3.333222225925803e-05
ARG,204,NE,HIE,203,NE2,1,3.333222225925803e-05
ARG,204,NH1,LEU,196,O,1,3.333222225925803e-05
ARG,204,NH2,HIE,203,NE2,1,3.333222225925803e-05
GLN,205,N,GLN,205,OE1,1,3.333222225925803e-05
TYR,207,OH,TYR,198,OH,1,3.333222225925803e-05
ASN,209,ND2,ASN,209,O,1,3.333222225925803e-05
ASN,214,ND2,ALA,215,N,1,3.333222225925803e-05
ILE,217,N,ASN,214,O,1,3.333222225925803e-05
GLY,218,N,ALA,215,O,1,3.333222225925803e-05
LYS,223,NZ,THR,227,OG1,1,3.333222225925803e-05
HIP,224,NE2,ASP,238,N,1,3.333222225925803e-05
HIP,224,NE2,ASP,238,OD2,1,3.333222225925803e-05
ARG,225,NE,GLU,245,OE2,1,3.333222225925803e-05
ARG,225,NH2,GLU,222,O,1,3.333222225925803e-05
GLU,226,N,GLU,226,OE1,1,3.333222225925803e-05
LEU,228,N,GLU,226,O,1,3.333222225925803e-05
LYS,234,NZ,HIP,224,NE2,1,3.333222225925803e-05
LYS,234,NZ,ALA,232,O,1,3.333222225925803e-05
ASP,238,N,ASP,235,O,1,3.333222225925803e-05
TYR,240,OH,ASN,259,OD1,1,3.333222225925803e-05
HID,243,ND1,GLU,247,OE2,1,3.333222225925803e-05
SER,249,OG,MET,244,O,1,3.333222225925803e-05
SER,249,OG,GLU,245,O,1,3.333222225925803e-05
SER,249,OG,SER,249,O,1,3.333222225925803e-05
SER,249,OG,ASN,250,ND2,1,3.333222225925803e-05
ASN,250,N,LYS,246,O,1,3.333222225925803e-05
ASN,250,N,SER,253,OG,1,3.333222225925803e-05
HIE,252,N,SER,249,O,1,3.333222225925803e-05
HIE,252,NE2,ASN,91,OD1,1,3.333222225925803e-05
HIE,252,NE2,ARG,92,NH2,1,3.333222225925803e-05
SER,253,OG,HIE,252,NE2,1,3.333222225925803e-05
SER,253,OG,GLU,254,OE2,1,3.333222225925803e-05
GLU,254,N,GLU,247,OE1,1,3.333222225925803e-05
GLU,254,N,GLU,247,OE2,1,3.333222225925803e-05
PHE,255,N,SER,253,O,1,3.333222225925803e-05
SER,256,N,SER,253,OG,1,3.333222225925803e-05
SER,256,OG,SER,249,OG,1,3.333222225925803e-05
HIE,257,N,ASN,250,O,1,3.333222225925803e-05
HIE,257,NE2,ARG,225,NH1,1,3.333222225925803e-05
HIE,257,NE2,ASN,250,OD1,1,3.333222225925803e-05
HIE,257,NE2,ASN,261,ND2,1,3.333222225925803e-05
GLN,258,NE2,HIE,252,NE2,1,3.333222225925803e-05
ASN,259,ND2,GLN,258,NE2,1,3.333222225925803e-05
ASN,263,N,LEU,260,O,1,3.333222225925803e-05
ASN,263,ND2,ASN,259,ND2,1,3.333222225925803e-05
THR,264,N,ASN,259,O,1,3.333222225925803e-05
LEU,265,N,LEU,262,O,1,3.333222225925803e-05
SER,266,OG,LEU,267,N,1,3.333222225925803e-05
THR,272,OG1,GLN,144,O,1,3.333222225925803e-05
THR,274,OG1,GLY,271,O,1,3.333222225925803e-05
SER,276,N,GLU,273,O,1,3.333222225925803e-05
SER,276,OG,GLN,144,NE2,1,3.333222225925803e-05
ARG,280,NH1,SER,276,O,1,3.333222225925803e-05
ARG,280,NH2,THR,277,OG1,1,3.333222225925803e-05
TYR,281,OH,PRO,453,N,1,3.333222225925803e-05
PHE,283,N,ARG,280,O,1,3.333222225925803e-05
LEU,284,N,TYR,456,OH,1,3.333222225925803e-05
ARG,295,NE,ARG,295,O,1,3.333222225925803e-05
ARG,295,NH1,GLU,294,OE2,1,3.333222225925803e-05
ARG,295,NH1,GLU,299,OE1,1,3.333222225925803e-05
ARG,295,NH1,ASP,383,OD2,1,3.333222225925803e-05
ARG,295,NH2,TYR,320,OH,1,3.333222225925803e-05
TYR,297,OH,ARG,298,NH1,1,3.333222225925803e-05
ARG,298,NE,GLN,302,NE2,1,3.333222225925803e-05
ARG,298,NH2,GLU,299,OE2,1,3.333222225925803e-05
GLU,299,N,TYR,297,O,1,3.333222225925803e-05
ILE,300,N,TYR,297,O,1,3.333222225925803e-05
GLN,302,NE2,ARG,295,NH1,1,3.333222225925803e-05
GLN,302,NE2,ARG,298,NH1,1,3.333222225925803e-05
GLN,302,NE2,GLU,299,O,1,3.333222225925803e-05
GLN,302,NE2,LYS,317,O,1,3.333222225925803e-05
ILE,304,N,GLU,299,O,1,3.333222225925803e-05
HIE,307,N,ILE,304,O,1,3.333222225925803e-05
HIE,307,NE2,ARG,463,O,1,3.333222225925803e-05
ARG,308,NH1,ARG,308,O,1,3.333222225925803e-05
HIE,313,N,GLU,311,O,1,3.333222225925803e-05
HIE,313,NE2,ARG,308,NH2,1,3.333222225925803e-05
LYS,317,N,ARG,315,O,1,3.333222225925803e-05
LYS,317,NZ,ASP,314,N,1,3.333222225925803e-05
TYR,320,OH,ARG,295,NH1,1,3.333222225925803e-05
TYR,326,N,ALA,323,O,1,3.333222225925803e-05
TYR,326,OH,ARG,415,NH2,1,3.333222225925803e-05
GLY,338,N,PRO,336,O,1,3.333222225925803e-05
VAL,339,N,HID,341,NE2,1,3.333222225925803e-05
ILE,342,N,SER,68,O,1,3.333222225925803e-05
GLN,345,N,VAL,343,O,1,3.333222225925803e-05
GLN,345,NE2,GLN,345,N,1,3.333222225925803e-05
GLN,345,NE2,HIE,346,NE2,1,3.333222225925803e-05
THR,347,OG1,THR,347,O,1,3.333222225925803e-05
ARG,350,NH1,ALA,55,N,1,3.333222225925803e-05
ARG,350,NH1,ARG,350,N,1,3.333222225925803e-05
ARG,350,NH1,ARG,350,O,1,3.333222225925803e-05
TYR,352,OH,ARG,1,NH2,1,3.333222225925803e-05
THR,358,OG1,PRO,355,N,1,3.333222225925803e-05
GLU,359,N,GLU,359,OE1,1,3.333222225925803e-05
LEU,364,N,MET,337,O,1,3.333222225925803e-05
HID,369,ND1,HID,369,O,1,3.333222225925803e-05
HIE,372,N,ASP,370,O,1,3.333222225925803e-05
HIE,372,NE2,ASP,370,OD2,1,3.333222225925803e-05
TYR,373,N,HIE,372,ND1,1,3.333222225925803e-05
TYR,373,OH,ARG,57,NH1,1,3.333222225925803e-05
LYS,376,NZ,LYS,376,O,1,3.333222225925803e-05
ASN,381,ND2,GLU,375,O,1,3.333222225925803e-05
ASN,381,ND2,HIP,384,NE2,1,3.333222225925803e-05
ASP,383,N,ASP,383,OD2,1,3.333222225925803e-05
HIP,384,ND1,ASN,381,O,1,3.333222225925803e-05
GLY,390,N,ASN,389,OD1,1,3.333222225925803e-05
LYS,393,NZ,TYR,373,O,1,3.333222225925803e-05
LYS,393,NZ,GLU,375,OE1,1,3.333222225925803e-05
LYS,393,NZ,LEU,392,O,1,3.333222225925803e-05
ALA,397,N,GLU,396,OE1,1,3.333222225925803e-05
ILE,399,N,GLU,396,O,1,3.333222225925803e-05
LYS,405,NZ,SER,68,OG,1,3.333222225925803e-05
ARG,406,NH1,TRP,93,NE1,1,3.333222225925803e-05
ARG,406,NH1,HM1,464,O2A,1,3.333222225925803e-05
ARG,406,NH2,GLU,65,OE1,1,3.333222225925803e-05
GLY,410,N,HM1,464,NC,1,3.333222225925803e-05
GLY,412,N,ARG,105,NH2,1,3.333222225925803e-05
ILE,413,N,GLU,411,O,1,3.333222225925803e-05
ARG,415,NH2,ARG,315,NH2,1,3.333222225925803e-05
ARG,415,NH2,ALA,414,O,1,3.333222225925803e-05
LEU,418,N,ARG,415,O,1,3.333222225925803e-05
THR,424,N,PHE,421,O,1,3.333222225925803e-05
GLN,427,NE2,HIE,307,O,1,3.333222225925803e-05
MET,431,N,PHE,429,O,1,3.333222225925803e-05
MET,431,N,SER,430,OG,1,3.333222225925803e-05
SER,433,OG,ALA,432,O,1,3.333222225925803e-05
THR,443,OG1,THR,443,O,1,3.333222225925803e-05
GLN,445,N,THR,443,O,1,3.333222225925803e-05
GLN,445,NE2,ARG,280,NH2,1,3.333222225925803e-05
GLN,445,NE2,PRO,454,N,1,3.333222225925803e-05
GLN,445,NE2,THR,455,N,1,3.333222225925803e-05
GLU,446,N,GLU,446,OE1,1,3.333222225925803e-05
CYS,447,N,LYS,25,NZ,1,3.333222225925803e-05
VAL,449,N,ILE,181,O,1,3.333222225925803e-05
VAL,449,N,GLY,450,O,1,3.333222225925803e-05
LYS,451,NZ,HID,369,NE2,1,3.333222225925803e-05
GLN,457,NE2,MET,137,N,1,3.333222225925803e-05
GLN,457,NE2,GLN,457,N,1,3.333222225925803e-05
ARG,459,NE,PRO,434,N,1,3.333222225925803e-05
ARG,463,NE,TYR,297,OH,1,3.333222225925803e-05
ARG,463,NH1,ALA,293,O,1,3.333222225925803e-05
ARG,463,NH2,ALA,293,O,1,3.333222225925803e-05
