donor_resname,donor_resid,donor_atom,acceptor_resname,acceptor_resid,acceptor_atom,count,frequency
THR,321,OG1,GLU,299,OE1,29289,0.9762674577514083
ARG,330,NH2,GLU,327,OE1,29151,0.9716676110796307
ASN,381,N,GLU,327,OE1,28785,0.9594680177327423
THR,424,OG1,LEU,420,O,28545,0.9514682843905203
ARG,330,NE,GLU,327,OE2,28157,0.9385353821539282
ARG,70,NH1,ILE,86,O,27969,0.9322689243691877
TYR,456,OH,ARG,280,O,27843,0.9280690643645212
ARG,159,NE,GLU,121,OE1,27798,0.9265691143628546
PHE,283,N,LEU,279,O,27746,0.9248358388053731
GLU,301,N,TYR,297,O,27745,0.9248025065831139
ARG,330,NH1,LEU,368,O,27736,0.9245025165827806
HID,341,N,VAL,360,O,27647,0.9215359488017066
TYR,162,OH,GLU,121,OE2,27638,0.9212359588013733
VAL,155,N,ILE,151,O,27635,0.9211359621345955
PHE,331,N,GLU,327,O,27620,0.9206359788007067
ILE,146,N,LEU,142,O,27590,0.9196360121329289
VAL,48,N,GLU,359,O,27542,0.9180360654644845
SER,332,OG,ILE,328,O,27532,0.9177027432418919
VAL,40,N,VAL,47,O,27493,0.9164027865737808
MET,49,N,PHE,38,O,27463,0.9154028199060031
VAL,101,N,ARG,97,O,27461,0.9153361554614846
ILE,458,N,MET,137,O,27438,0.9145695143495217
HIP,384,N,ASN,381,O,27395,0.9131362287923735
ILE,217,N,ILE,213,O,27359,0.9119362687910403
GLN,427,NE2,ARG,308,O,27358,0.9119029365687811
GLN,176,N,ASN,172,O,27305,0.9101363287890404
PHE,361,N,VAL,48,O,27243,0.9080697310089664
PHE,385,N,PRO,382,O,27180,0.9059698010066332
VAL,343,N,THR,358,O,27178,0.9059031365621146
PHE,143,N,PRO,139,O,27159,0.9052698243391887
THR,177,OG1,LEU,173,O,27156,0.9051698276724109
ARG,159,NH2,GLU,121,OE2,27109,0.9036032132262258
ASP,77,N,ILE,73,O,26978,0.899236692110263
LEU,426,N,PHE,422,O,26941,0.8980033998866704
THR,423,OG1,PHE,419,O,26823,0.894070197660078
LEU,210,N,VAL,206,O,26800,0.8933035565481151
ASP,387,N,ALA,391,O,26659,0.8886037132095597
PHE,349,N,TYR,352,O,26625,0.8874704176527449
SER,365,N,PRO,336,O,26616,0.8871704276524116
LEU,418,N,ILE,413,O,26592,0.8863704543181894
THR,366,OG1,ILE,363,O,26553,0.8850704976500783
ASN,149,ND2,GLU,121,OE2,26510,0.8836372120929302
PHE,178,N,PHE,174,O,26463,0.8820705976467451
ASN,428,ND2,THR,424,O,26457,0.8818706043131895
CYS,152,N,ALA,148,O,26426,0.8808373054231525
ARG,280,N,SER,276,O,26347,0.8782040598646712
ILE,354,N,THR,347,O,26297,0.8765374487517082
PHE,269,N,LEU,265,O,26273,0.875737475417486
ASN,14,N,HIE,41,O,26237,0.8745375154161528
THR,347,N,ILE,354,O,26225,0.8741375287490417
THR,423,N,PHE,419,O,26208,0.8735708809706343
LEU,168,N,ASP,164,O,26159,0.8719376020799307
LEU,241,N,ILE,237,O,26093,0.8697376754108196
ILE,452,N,GLU,446,O,26002,0.8667044431852272
THR,239,OG1,ASP,235,O,25881,0.8626712442918569
GLY,305,N,ILE,300,O,25807,0.8602046598446719
THR,358,OG1,PRO,355,O,25787,0.8595380153994867
THR,275,OG1,GLY,271,O,25674,0.8557714742841905
THR,264,OG1,LEU,260,O,25505,0.8501383287223759
ILE,363,N,LEU,50,O,25497,0.8498716709443018
THR,278,OG1,THR,274,O,25467,0.8488717042765241
SER,430,N,LEU,461,O,25458,0.8485717142761908
LEU,420,N,ALA,416,O,25402,0.8467051098296724
GLY,71,N,PRO,340,O,25374,0.8457718076064131
LEU,9,N,GLY,13,O,25367,0.8455384820505983
VAL,95,N,ASN,91,O,25288,0.8429052364921169
PHE,160,N,ASN,149,OD1,25247,0.8415386153794874
THR,103,OG1,PHE,99,O,25203,0.84007199760008
LEU,265,N,ASN,261,O,25131,0.8376720775974135
PHE,421,N,GLU,417,O,25057,0.8352054931502283
THR,39,N,PRO,4,O,24945,0.8314722842571914
SER,145,OG,PHE,141,O,24885,0.829472350921636
VAL,76,N,ILE,73,O,24875,0.8291390286990433
THR,424,N,LEU,420,O,24868,0.8289057031432285
ILE,300,N,VAL,296,O,24775,0.8258058064731175
VAL,360,N,HID,341,O,24756,0.8251724942501917
MET,137,N,ILE,458,O,24746,0.824839172027599
ILE,181,N,THR,177,O,24690,0.8229725675810806
ARG,97,N,TRP,93,O,24676,0.822505916469451
ARG,70,NH2,HM1,464,O2A,24467,0.8155394820172661
LEU,125,N,GLU,121,O,24446,0.8148395053498216
GLU,327,N,ALA,323,O,24394,0.8131062297923403
THR,147,OG1,PHE,143,O,24269,0.808939702009933
LYS,393,N,PHE,385,O,24247,0.8082063931202293
SER,153,N,ASN,149,O,24228,0.8075730808973034
LYS,208,N,ARG,204,O,24208,0.8069064364521182
SER,182,OG,PHE,178,O,24044,0.8014399520015999
ILE,126,N,ALA,122,O,23929,0.7976067464417853
HIE,41,N,ASN,14,OD1,23879,0.7959401353288224
GLN,119,N,GLU,115,O,23857,0.7952068264391187
LYS,356,N,HIE,346,ND1,23764,0.7921069297690077
ARG,57,N,VAL,53,O,23728,0.7909069697676744
SER,276,N,THR,272,O,23720,0.7906403119896004
TYR,326,N,GLU,322,O,23690,0.7896403453218226
ARG,70,NH1,HM1,464,O1A,23673,0.7890736975434152
ALA,323,N,PRO,319,O,23648,0.7882403919869337
ASP,164,N,HIE,161,O,23593,0.7864071197626745
THR,321,N,GLU,299,OE1,23505,0.7834738842038599
LEU,285,N,TYR,281,O,23497,0.7832072264257858
VAL,303,N,GLU,299,O,23493,0.7830738975367487
MET,244,N,TYR,240,O,23460,0.7819739342021933
GLY,338,N,LEU,335,O,23439,0.7812739575347488
LEU,196,N,PHE,192,O,23242,0.7747075097496751
ARG,308,NH1,PRO,309,O,23163,0.7720742641911936
LEU,461,N,SER,430,O,23161,0.7720075997466751
PHE,30,N,SER,26,O,23154,0.7717742741908603
LEU,28,N,LEU,24,O,23146,0.7715076164127862
TYR,175,N,LEU,171,O,23130,0.7709743008566381
LYS,94,N,GLY,90,O,23126,0.770840971967601
LEU,24,N,GLN,187,OE1,23111,0.7703409886337123
THR,264,N,LEU,260,O,23106,0.7701743275224159
ARG,98,N,LYS,94,O,23033,0.7677410752974901
LEU,129,N,LEU,125,O,23032,0.7677077430752308
PHE,422,N,LEU,418,O,23011,0.7670077664077865
TYR,34,N,PHE,30,O,22965,0.7654744841838605
TYR,281,N,THR,277,O,22920,0.763974534182194
ALA,122,N,ILE,118,O,22913,0.7637412086263792
ILE,328,N,VAL,324,O,22764,0.7587747075097496
SER,100,N,LEU,96,O,22733,0.7577414086197127
GLN,427,NE2,GLY,305,O,22639,0.7546081797273424
PHE,27,N,LEU,23,O,22635,0.7544748508383053
LEU,96,N,ARG,92,O,22557,0.7518749375020832
ARG,97,NH1,HM1,464,O1D,22484,0.7494416852771574
THR,277,N,GLU,273,O,22447,0.7482083930535649
GLY,22,N,ASP,19,O,22356,0.7451751608279724
LEU,171,N,PHE,167,O,22320,0.7439752008266391
GLN,211,N,TYR,207,O,22311,0.7436752108263058
ASN,14,ND2,GLN,17,OE1,22252,0.7417086097130096
VAL,206,N,ALA,202,O,22243,0.7414086197126762
SER,183,OG,LEU,180,O,22154,0.7384420519316023
ASN,149,N,SER,145,O,22083,0.736075464151195
PHE,38,N,MET,49,O,22014,0.7337755408153062
ASN,209,N,GLN,205,O,21990,0.732975567481084
ASP,383,N,ASN,381,OD1,21988,0.7329089030365654
LEU,279,N,THR,275,O,21972,0.7323755874804173
ARG,70,NE,PRO,340,O,21935,0.7311422952568247
ASN,149,ND2,PHE,160,O,21932,0.731042298590047
THR,277,OG1,GLU,273,O,21915,0.7304756508116396
TYR,297,N,ALA,293,O,21882,0.7293756874770841
LEU,50,N,PHE,361,O,21666,0.7221759274690843
ARG,31,N,PHE,27,O,21642,0.7213759541348622
CM1,408,N,PHE,401,O,21599,0.719942668577714
CYS,51,N,ASP,36,O,21564,0.71877604079864
VAL,221,N,ILE,217,O,21560,0.718642711909603
THR,102,OG1,ARG,98,O,21510,0.7169761007966401
ARG,298,N,GLU,294,O,21462,0.7153761541281958
ILE,213,N,ASN,209,O,21309,0.7102763241225293
ASN,14,ND2,PRO,6,O,21280,0.7093096896770108
MET,286,N,GLY,282,O,21249,0.7082763907869738
THR,39,OG1,PRO,3,O,21228,0.7075764141195293
ASN,214,N,LEU,210,O,21217,0.7072097596746775
GLY,52,N,THR,366,OG1,21206,0.7068431052298256
ASN,263,N,ASN,259,O,21155,0.7051431618946035
SER,26,OG,GLY,22,O,21038,0.7012432918902703
TYR,83,N,PHE,80,O,20968,0.6989100363321222
ASP,19,N,SER,26,OG,20858,0.6952434918836039
GLU,322,N,MET,318,O,20803,0.6934102196593447
MET,318,N,ARG,315,O,20800,0.693310222992567
SER,179,OG,TYR,175,O,20688,0.68957701409953
VAL,324,N,TYR,320,O,20564,0.685443818539382
LEU,334,N,SER,332,O,20555,0.6851438285390486
GLU,120,N,GLU,116,O,20528,0.6842438585380487
SER,266,OG,LEU,262,O,20527,0.6842105263157895
THR,344,N,ALA,66,O,20490,0.6829772340921969
GLN,119,NE2,PRO,310,O,20475,0.682477250758308
ILE,413,N,GLY,410,O,20401,0.680010666311123
LEU,60,N,ILE,56,O,20384,0.6794440185327155
PHE,99,N,VAL,95,O,20260,0.6753108229725676
ASN,172,N,LEU,168,O,20052,0.6683777207426419
GLU,58,N,GLU,54,O,20012,0.6670444318522716
LYS,317,N,ASP,314,O,19799,0.6599446685110496
LEU,368,N,LEU,364,O,19738,0.6579114029532349
ILE,353,N,ARG,1,O,19686,0.6561781273957534
TRP,93,NE1,HM1,464,O2D,19673,0.6557448085063832
TYR,207,N,HIE,203,O,19653,0.655078164061198
ARG,459,N,ALA,432,O,19644,0.6547781740608647
GLN,205,N,GLY,201,O,19593,0.6530782307256425
ASN,250,N,GLU,247,O,19525,0.6508116396120129
LEU,173,N,LYS,169,O,19510,0.650311656278124
SER,256,N,TYR,240,OH,19442,0.6480450651644946
VAL,296,N,VAL,292,O,19255,0.6418119396020132
GLU,222,N,GLY,218,O,19104,0.6367787740408654
GLY,282,N,THR,278,O,18750,0.6249791673610879
GLN,329,N,ILE,325,O,18739,0.6246125129162361
GLU,294,N,PRO,290,O,18676,0.6225125829139029
ASN,259,ND2,GLU,254,O,18651,0.6216792773574215
ASP,314,N,GLU,311,O,18566,0.6188460384653844
ILE,56,N,GLY,52,O,18429,0.6142795240158662
MET,104,N,SER,100,O,18416,0.6138462051264958
THR,347,OG1,GLN,345,O,18409,0.613612879570681
PHE,255,N,SER,253,OG,18332,0.6110462984567181
LEU,191,N,LEU,188,O,18276,0.6091796940101997
PHE,174,N,MET,170,O,18232,0.6077130762307923
ILE,150,N,ILE,146,O,18090,0.6029799006699776
PHE,398,N,THR,395,O,18072,0.602379920669311
SER,433,OG,GLN,457,O,17992,0.5997133428885704
THR,366,N,ILE,363,O,17828,0.594246858438052
ILE,325,N,THR,321,O,17795,0.5931468951034965
GLY,448,N,GLY,450,O,17781,0.5926802439918669
ASP,370,N,ALA,367,O,17770,0.5923135895470151
LYS,288,NZ,ILE,440,O,17755,0.5918136062131262
SER,132,OG,GLU,128,O,17682,0.5893803539882004
THR,177,N,LEU,173,O,17602,0.5867137762074598
SER,179,N,TYR,175,O,17593,0.5864137862071265
ALA,432,N,ARG,459,O,17449,0.5816139462017933
GLU,247,N,HID,243,O,17427,0.5808806373120896
SER,145,N,PHE,141,O,17402,0.5800473317556082
ALA,148,N,GLN,144,O,17394,0.5797806739775341
ARG,70,N,ASN,89,OD1,17380,0.5793140228659045
LYS,288,N,LEU,284,O,17377,0.5792140261991267
THR,140,OG1,ASP,138,OD1,17294,0.5764474517516083
THR,272,N,PHE,268,O,17245,0.5748141728609046
PHE,374,N,ASP,370,O,17228,0.5742475250824972
ARG,308,NH1,ASP,314,OD1,17096,0.5698476717442752
TRP,93,N,ASN,89,O,17080,0.5693143561881271
LEU,180,N,GLN,176,O,17062,0.5687143761874605
GLN,144,N,THR,140,O,16995,0.5664811172960901
GLY,218,N,ASN,214,O,16849,0.5616146128462385
ALA,270,N,SER,266,O,16750,0.5583147228425719
GLU,116,N,SER,113,O,16622,0.5540481983933869
LEU,236,N,ILE,154,O,16622,0.5540481983933869
LEU,386,N,ASP,383,O,16549,0.5516149461684611
ARG,130,N,ILE,126,O,16529,0.5509483017232759
ARG,295,N,HIE,291,O,16484,0.5494483517216093
PHE,195,N,PHE,192,O,16465,0.5488150394986834
ARG,308,NH2,ASP,314,OD2,16461,0.5486817106096463
GLN,144,NE2,GLU,273,OE2,16387,0.5462151261624613
GLY,390,N,ASP,387,O,16234,0.5411152961567948
PHE,199,N,LEU,196,O,16193,0.5397486750441652
ARG,92,NH1,GLY,82,O,16150,0.5383153894870171
TYR,320,N,GLU,299,OE2,15877,0.5292156928102396
LEU,260,N,SER,256,O,15849,0.5282823905869805
GLN,17,NE2,ARG,7,O,15830,0.5276490783640545
GLU,226,N,GLU,222,O,15809,0.5269491016966101
TYR,373,N,ASP,370,O,15623,0.5207493083563881
LEU,242,N,ASP,238,O,15598,0.5199160027999067
ARG,406,NH2,ALA,88,O,15569,0.5189493683543882
THR,140,N,ASP,138,OD1,15481,0.5160161327955735
PHE,192,N,PHE,189,O,15285,0.5094830172327589
SER,220,OG,TYR,216,O,15280,0.5093163561214626
HID,341,ND1,PHE,67,O,15225,0.5074830838972034
ARG,330,N,TYR,326,O,15213,0.5070830972300924
GLN,187,N,SER,183,O,15212,0.507049765007833
TYR,198,N,PHE,195,O,15165,0.5054831505616479
ALA,59,N,ALA,55,O,15093,0.5030832305589814
THR,239,N,ASP,235,O,15087,0.5028832372254258
GLY,134,N,PHE,460,O,15038,0.5012499583347222
PHE,429,N,ILE,425,O,14942,0.4980500649978334
SER,266,N,LEU,262,O,14843,0.49475017499416685
LYS,246,N,LEU,242,O,14787,0.4928835705476484
LYS,131,N,GLU,127,O,14724,0.49078364054531515
GLN,427,N,THR,423,O,14669,0.488950368321056
ASP,62,N,ARG,57,O,14645,0.48815039498683377
HID,243,ND1,THR,239,O,14607,0.486883770540982
TYR,352,N,PHE,349,O,14523,0.4840838638712043
HID,243,N,THR,239,O,14521,0.48401719942668575
LYS,288,NZ,PRO,437,O,14449,0.4816172794240192
THR,443,OG1,ASP,441,OD1,14446,0.4815172827572414
GLY,186,N,SER,183,OG,14428,0.4809173027565748
ALA,66,N,LYS,63,O,14425,0.480817306089797
GLN,187,NE2,CYS,447,O,14425,0.480817306089797
TYR,289,N,LEU,285,O,14382,0.4793840205326489
LEU,262,N,GLN,258,O,14224,0.47411752941568613
ALA,397,N,THR,395,OG1,14184,0.4727842405253158
HIE,219,N,ALA,215,O,14136,0.47118429385687144
THR,278,N,THR,274,O,14114,0.47045098496716775
ARG,225,N,VAL,221,O,14073,0.46908436385453817
LYS,63,N,GLU,58,O,14071,0.46901769941001964
ARG,463,N,ASN,428,O,14071,0.46901769941001964
ASP,357,N,VAL,343,O,13891,0.4630178994033532
THR,227,OG1,LYS,223,O,13779,0.45928469051031634
ARG,117,NH1,ILE,150,O,13763,0.4587513749541682
THR,443,OG1,ASP,441,OD2,13443,0.4480850638312056
GLU,127,N,GLN,123,O,13409,0.44695176827439087
ARG,21,N,ASP,19,OD2,13366,0.44551848271724276
ARG,21,N,ASP,19,OD1,13229,0.4409519682677244
TYR,240,N,LEU,236,O,13191,0.43968534382187263
ILE,342,N,GLY,69,O,13168,0.4389187027099097
GLU,128,N,CYS,124,O,13109,0.43695210159661346
LYS,111,N,GLY,108,O,12941,0.4313522882570581
THR,443,N,ASP,441,OD1,12935,0.43115229492350254
SER,220,N,TYR,216,O,12847,0.42821905936468785
GLN,187,NE2,SER,183,O,12836,0.427852404919836
SER,231,OG,ASP,229,OD1,12697,0.42321922602579914
PHE,87,N,GLY,84,O,12684,0.4227859071364288
GLN,445,N,ILE,452,O,12654,0.42178594046865103
HIP,384,NE2,GLU,375,O,12616,0.42051931602279924
HIE,372,N,ASP,370,OD2,12587,0.41955268157728076
SER,182,N,PHE,178,O,12497,0.41655278157394754
SER,332,N,ILE,328,O,12486,0.4161861271290957
SER,231,OG,ASP,229,OD2,12412,0.4137195426819106
ARG,92,NE,GLU,254,OE1,12397,0.41321955934802174
ASN,263,ND2,TYR,83,O,12375,0.41248625045831805
ARG,45,NH1,GLU,359,OE1,12332,0.41105296490116994
THR,275,N,GLY,271,O,12291,0.4096863437885404
ARG,21,NE,ASP,19,OD2,12127,0.40421985933802207
GLU,245,N,LEU,241,O,12068,0.40225325822472585
SER,113,OG,GLU,115,OE1,12066,0.4021865937802073
THR,443,N,ASP,441,OD2,11946,0.39818672710909636
VAL,85,N,ASN,263,OD1,11940,0.39798673377554084
THR,140,OG1,ASP,138,OD2,11903,0.39675344155194825
CYS,124,N,GLU,120,O,11864,0.3954534848838372
VAL,18,N,ASN,14,O,11798,0.3932535582147262
ARG,21,NE,ASP,19,OD1,11783,0.3927535748808373
LYS,451,NZ,ASP,333,OD1,11780,0.39265357821405955
SER,113,OG,GLU,115,OE2,11771,0.39235358821372623
MET,170,N,GLU,166,O,11766,0.3921869271024299
LEU,188,N,VAL,184,O,11682,0.3893870204326522
SER,100,OG,LEU,96,O,11679,0.3892870237658745
SER,153,OG,ASN,149,O,11652,0.3883870537648745
HIP,384,ND1,GLU,327,OE2,11640,0.3879870670977634
GLN,123,N,GLN,119,O,11585,0.3861537948735042
ARG,315,NH1,ARG,415,O,11571,0.38568714376187463
SER,365,OG,ASP,333,OD2,11498,0.3832538915369488
GLU,212,N,LYS,208,O,11469,0.3822872570914303
ASN,259,N,SER,256,OG,11432,0.3810539648678377
SER,276,OG,GLU,273,OE2,11415,0.38048731708943034
SER,26,N,GLY,22,O,11408,0.38025399153361555
HID,224,N,SER,220,O,11312,0.37705409819672675
GLY,84,N,PHE,80,O,11292,0.3763874537515416
ARG,45,NH2,GLU,190,OE1,11276,0.3758541381953935
PHE,156,N,CYS,152,O,11236,0.37452084930502316
ARG,105,NH2,GLU,417,OE2,11180,0.37265424485850474
THR,147,N,PHE,143,O,11122,0.3707209759674677
ARG,29,N,LYS,25,O,11080,0.36932102263257893
LYS,223,N,HIE,219,O,11007,0.3668877704076531
GLN,17,N,ASN,14,O,10865,0.36215459484683843
ASN,261,N,HIE,257,O,10838,0.3612546248458385
SER,231,N,ASP,229,OD1,10804,0.3601213292890237
THR,140,N,ASP,138,OD2,10731,0.3576880770640979
GLU,121,N,ARG,117,O,10557,0.35188827039098697
SER,231,N,ASP,229,OD2,10503,0.350088330388987
ARG,21,NH2,ASP,19,OD2,10496,0.3498550048331722
ARG,415,N,GLY,412,O,10426,0.34752174927502416
SER,132,N,GLU,128,O,10419,0.34728842371920937
HID,224,ND1,SER,220,O,10368,0.3455884803839872
GLU,311,N,ASP,314,OD1,10242,0.34138862037932066
LYS,356,NZ,ASP,357,OD2,10138,0.33792206926435786
ALA,135,N,SER,132,O,10124,0.3374554181527282
VAL,292,N,TYR,289,O,10012,0.3337222092596913
LEU,267,N,ASN,263,O,9993,0.3330888970367654
THR,103,N,SER,100,O,9955,0.3318222725909136
ARG,415,NH2,GLU,322,OE2,9931,0.33102229925669147
ARG,308,NH1,ASP,314,OD2,9862,0.32872237592080267
ARG,21,NH2,ASP,19,OD1,9820,0.3273224225859138
ARG,308,NH2,ASP,314,OD1,9776,0.32585580480650644
LYS,72,N,GLU,359,OE2,9767,0.3255558148061731
LYS,169,N,GLN,165,O,9674,0.3224559181360621
LYS,451,NZ,ASP,333,OD2,9654,0.32178927369087695
SER,193,OG,GLU,190,OE1,9567,0.3188893703543215
SER,253,OG,GLU,247,OE2,9469,0.31562281257291425
ARG,463,NH2,GLU,294,OE1,9462,0.31538948701709946
ARG,57,NH2,GLU,54,OE2,9423,0.31408953034898834
ILE,304,N,ILE,300,O,9401,0.3133562214592847
SER,68,OG,GLU,65,O,9350,0.31165627812406255
SER,253,OG,GLU,247,OE1,9245,0.3081563947868404
SER,193,OG,GLU,190,OE2,9209,0.30695643478550716
ASP,439,N,ALA,436,O,9198,0.3065897803406553
SER,365,OG,ASP,333,OD1,9171,0.30568981033965537
LYS,248,NZ,GLU,245,OE2,9161,0.3053564881170628
THR,272,OG1,PHE,268,O,9158,0.305256491450285
ASN,263,ND2,ASN,259,O,9145,0.3048231725609146
ARG,130,NH2,GLU,127,OE1,9093,0.3030898970034332
HIE,252,NE2,GLU,254,OE2,9091,0.3030232325589147
LYS,248,NZ,GLU,245,OE1,9090,0.30298990033665546
VAL,435,N,SER,433,OG,8989,0.2996233458884704
ALA,379,N,LYS,376,O,8949,0.2982900569981001
SER,183,N,LEU,180,O,8947,0.29822339255358155
GLN,144,NE2,GLU,273,OE1,8846,0.2948568381053965
ALA,293,N,TYR,289,O,8839,0.2946235125495817
ILE,237,N,VAL,155,O,8821,0.29402353254891506
ASN,209,ND2,THR,177,OG1,8812,0.29372354254858174
LEU,284,N,ARG,280,O,8787,0.29289023699210026
ARG,463,NH1,GLU,294,OE2,8781,0.29269024365854474
GLU,32,N,LEU,28,O,8754,0.29179027365754473
GLN,163,N,HIE,161,ND1,8746,0.2915236158794707
THR,102,N,ARG,98,O,8740,0.29132362254591515
LEU,287,N,PHE,283,O,8733,0.2910902969901003
HIP,384,ND1,GLU,327,OE1,8714,0.2904569847671744
ARG,406,NH1,HM1,464,O2D,8707,0.2902236592113596
ILE,154,N,ILE,151,O,8645,0.2881570614312856
ARG,112,NH1,GLU,120,OE1,8609,0.28695710142995234
ARG,112,NH2,GLU,120,OE2,8570,0.2856571447618413
HIE,372,N,ASP,370,OD1,8513,0.28375720809306354
PHE,67,N,ALA,64,O,8427,0.28089063697876737
ARG,406,NH2,VAL,85,O,8407,0.2802239925335822
ARG,105,NH1,GLU,417,OE1,8385,0.2794906836438785
GLN,144,NE2,LEU,171,O,8370,0.2789907003099897
ALA,414,N,GLU,411,O,8282,0.276057464751175
THR,227,N,LYS,223,O,8252,0.27505749808339724
ARG,45,NH1,GLU,359,OE2,8225,0.27415752808239724
ARG,117,NH2,GLU,417,OE1,8205,0.2734908836372121
PHE,67,N,LYS,63,O,8078,0.2692576914102863
ARG,45,NH2,GLU,190,OE2,7990,0.26632445585147163
PHE,268,N,THR,264,O,7980,0.26599113362887905
ARG,225,NH2,GLU,222,OE2,7943,0.26475784140528646
ARG,225,NH2,GLU,222,OE1,7909,0.2636245458484717
TYR,281,OH,LEU,442,O,7898,0.2632578914036199
ALA,215,N,GLN,211,O,7887,0.26289123695876804
LYS,158,N,CYS,152,O,7878,0.2625912469584347
ARG,112,NH2,GLU,120,OE1,7865,0.26215792806906435
ALA,367,N,LEU,364,O,7864,0.2621245958468051
ILE,151,N,ALA,148,O,7855,0.26182460584647177
PHE,79,N,VAL,76,O,7837,0.26122462584580514
LYS,356,NZ,ASP,357,OD1,7833,0.2610912969567681
ARG,463,NH2,GLU,294,OE2,7774,0.25912469584347186
ARG,112,NH1,GLU,120,OE2,7758,0.25859138028732376
ARG,81,N,ASP,77,O,7730,0.25765807806406454
ALA,232,N,ASP,229,O,7608,0.25359154694843505
ARG,463,NH1,GLU,294,OE1,7601,0.25335822139262026
GLN,302,N,ARG,298,O,7596,0.25319156028132395
ASP,106,N,VAL,101,O,7539,0.25129162361254626
ARG,280,NH1,GLU,273,OE1,7459,0.2486250458318056
LYS,72,N,GLU,359,OE1,7384,0.24612512916236126
ALA,416,N,ILE,413,O,7338,0.2445918469384354
TYR,216,N,GLU,212,O,7332,0.24439185360487983
ARG,57,NH2,GLU,54,OE1,7190,0.2396586780440652
ILE,425,N,PHE,421,O,7146,0.23819206026465783
ARG,459,NH1,GLY,134,O,7145,0.2381587280423986
ARG,92,NE,GLU,254,OE2,7117,0.23722542581913936
LYS,197,N,SER,193,O,7103,0.23675877470750975
HID,369,ND1,SER,365,O,7089,0.23629212359588014
ARG,330,NH2,PRO,377,O,7041,0.23469217692743574
THR,103,N,PHE,99,O,7037,0.23455884803839872
ASN,428,N,THR,424,O,6891,0.22969234358854704
VAL,47,N,VAL,40,O,6857,0.22855904803173227
LYS,248,N,GLU,245,O,6761,0.2253591546948435
ARG,81,NH2,ASN,259,OD1,6738,0.22459251358288057
PHE,80,N,VAL,76,O,6736,0.22452584913836204
SER,402,N,ILE,399,O,6701,0.223359221359288
ARG,295,NH1,ARG,295,O,6665,0.22215926135795475
ARG,117,NH1,VAL,114,O,6627,0.22089263691210292
GLU,190,N,GLN,187,O,6626,0.22085930468984366
GLU,299,N,ARG,295,O,6615,0.22049265024499184
SER,249,N,LYS,246,O,6598,0.21992600246658445
GLY,271,N,LEU,267,O,6582,0.2193926869104363
GLY,271,N,PHE,268,O,6577,0.21922602579914002
ARG,350,NH2,GLU,58,OE1,6470,0.21565947801739943
VAL,53,N,ASP,370,OD1,6447,0.21489283690543648
ARG,130,NH2,GLU,127,OE2,6444,0.21479284023865872
LEU,15,N,LEU,12,O,6420,0.21399286690443653
ARG,97,NH2,ILE,407,O,6419,0.21395953468217727
ILE,407,N,GLY,404,O,6394,0.21312622912569582
ALA,88,N,VAL,85,O,6297,0.20989300356654778
SER,365,OG,PRO,336,O,6266,0.20885970467651077
ASN,214,ND2,GLN,211,OE1,6248,0.20825972467584414
ARG,130,NE,GLU,127,OE2,6210,0.20699310022999234
ARG,225,NE,GLU,222,OE1,6176,0.20585980467317755
ASN,389,ND2,ASP,387,OD2,6156,0.2051931602279924
GLU,311,N,ASP,314,OD2,6128,0.20425985800473317
ARG,117,NH2,GLU,417,OE2,6112,0.20372654244858504
ARG,57,NE,GLU,54,OE1,6100,0.20332655578147396
ASN,389,ND2,ASP,387,OD1,6066,0.20219326022465917
VAL,61,N,ARG,57,O,6053,0.20175994133528882
ARG,350,NE,GLU,58,OE2,6006,0.20019332688910368
ARG,225,NE,GLU,222,OE2,5940,0.19799340021999268
THR,344,OG1,GLN,345,OE1,5877,0.1958934702176594
PHE,189,N,GLY,186,O,5860,0.19532682243925203
GLN,176,NE2,ASN,172,OD1,5848,0.19492683577214093
LYS,63,NZ,SER,348,O,5764,0.19212692910236326
LYS,405,NZ,GLU,65,OE2,5757,0.19189360354654844
ASP,333,N,ARG,330,O,5756,0.19186027132428918
ASN,389,N,ASP,387,OD2,5756,0.19186027132428918
LEU,42,N,ARG,45,O,5752,0.19172694243525215
ASN,389,N,ASP,387,OD1,5733,0.19109363021232625
HIE,252,NE2,GLU,254,OE1,5721,0.19069364354521515
ARG,406,NH1,HM1,464,O1A,5709,0.19029365687810407
LYS,33,N,ARG,29,O,5687,0.18956034798840038
GLY,35,N,ARG,31,O,5677,0.1892270257658078
GLN,329,NE2,THR,278,OG1,5651,0.18836038798706708
GLU,417,N,GLU,417,OE2,5628,0.18759374687510416
LYS,405,NZ,GLU,65,OE1,5618,0.18726042465251158
ARG,97,NH1,ILE,407,O,5611,0.18702709909669676
ARG,406,NH1,ALA,88,O,5594,0.1864604513182894
LEU,335,N,ASP,333,O,5592,0.18639378687377087
HID,224,ND1,ASP,238,OD2,5569,0.18562714576180794
ARG,31,NH1,ASP,36,OD2,5532,0.18439385353821539
ARG,350,NE,GLU,58,OE1,5528,0.18426052464917836
ARG,350,NH2,GLU,58,OE2,5471,0.18236058798040064
ASN,381,ND2,ASP,383,OD1,5422,0.180727309089697
ARG,298,NH1,GLU,301,OE2,5369,0.17896070130995634
ALA,391,N,ASN,389,OD1,5366,0.17886070464317855
ARG,117,NH1,GLU,417,OE1,5353,0.1784273857538082
LYS,133,N,ARG,130,O,5347,0.17822739242025265
ARG,31,NH1,GLY,35,O,5345,0.17816072797573415
HID,224,ND1,ASP,238,OD1,5345,0.17816072797573415
ARG,280,NH2,GLU,273,OE1,5296,0.17652744908503049
ARG,298,NH1,GLU,301,OE1,5295,0.17649411686277125
PHE,189,N,PHE,185,O,5279,0.17596080130662312
ASP,235,N,ASP,238,OD1,5256,0.17519416019466016
SER,249,OG,LYS,246,O,5246,0.17486083797206758
LYS,169,NZ,GLU,166,OE2,5240,0.17466084463851206
SER,266,OG,ASN,263,O,5216,0.17386087130428984
ARG,57,NH1,ASP,62,OD2,5152,0.17172760907969734
VAL,449,N,ILE,181,O,5127,0.17089430352321588
ARG,295,NH1,GLU,299,OE2,5105,0.17016099463351222
GLU,115,N,GLU,115,OE1,5037,0.16789440351988266
ARG,57,NH2,ASP,62,OD1,5032,0.16772774240858637
LYS,169,NZ,GLU,166,OE1,4950,0.16499450018332723
GLN,165,NE2,GLN,163,O,4933,0.16442785240491983
ILE,73,N,ASP,77,OD1,4921,0.16402786573780875
TRP,93,NE1,HM1,464,O1D,4874,0.16246125129162362
ARG,105,NH2,GLU,417,OE1,4869,0.16229459018032732
GLU,115,N,GLU,115,OE2,4857,0.16189460351321622
ARG,415,NH2,GLU,322,OE1,4854,0.16179460684643845
ARG,117,NH2,VAL,114,O,4841,0.1613612879570681
ASN,261,ND2,ASN,214,O,4800,0.15999466684443853
ARG,31,NH2,ASP,36,OD2,4789,0.15962801239958668
ARG,57,NH1,GLU,54,OE2,4761,0.15869471017632747
LEU,23,N,GLN,187,O,4729,0.1576280790640312
LYS,111,NZ,ASP,106,OD2,4711,0.15702809906336457
ARG,117,NE,ILE,150,O,4701,0.156694776840772
ILE,440,N,PRO,437,O,4701,0.156694776840772
ARG,57,NH1,GLU,54,OE1,4686,0.15619479350688312
GLU,411,N,CM1,408,O,4673,0.15576147461751275
ARG,29,NH1,ASP,19,OD2,4628,0.15426152461584614
ARG,280,NH1,GLU,273,OE2,4616,0.15386153794873506
ARG,415,NH2,GLU,411,OE2,4615,0.1538282057264758
GLY,13,N,LEU,9,O,4609,0.15362821239292024
ASN,261,ND2,HIE,257,O,4601,0.15336155461484619
ASN,261,ND2,ASN,214,OD1,4579,0.1526282457251425
THR,344,OG1,ALA,66,O,4566,0.15219492683577215
TYR,297,OH,GLU,301,OE2,4530,0.15099496683443886
ARG,315,N,LEU,312,O,4517,0.1505616479450685
LYS,234,N,ASP,238,OD1,4505,0.1501616612779574
ILE,73,N,ASP,77,OD2,4504,0.15012832905569815
TYR,83,OH,GLU,254,OE2,4502,0.15006166461117962
ARG,57,NH1,ASP,62,OD1,4499,0.14996166794440186
THR,358,N,PRO,355,O,4498,0.1499283357221426
GLN,258,N,SER,256,OG,4439,0.14796173460884637
GLN,205,NE2,ASN,209,OD1,4427,0.14756174794173527
TYR,83,OH,GLU,254,OE1,4426,0.14752841571947603
ARG,57,NH2,ASP,62,OD2,4380,0.14599513349555016
HIE,252,N,ASN,250,OD1,4369,0.1456284790506983
ASN,250,ND2,GLU,247,OE2,4361,0.14536182127262426
ARG,57,NE,GLU,54,OE2,4353,0.14509516349455018
THR,274,OG1,ALA,270,O,4350,0.14499516682777241
ARG,31,NH1,ASP,36,OD1,4348,0.1449285023832539
ARG,415,NH1,GLU,411,OE1,4338,0.1445951801606613
ARG,406,NH2,SER,68,O,4335,0.14449518349388354
ILE,440,N,ALA,436,O,4329,0.144295190160328
ARG,45,NH2,GLU,359,OE2,4326,0.14419519349355023
ARG,105,NH1,GLU,417,OE2,4263,0.14209526349121696
SER,276,OG,GLU,273,OE1,4249,0.14162861237958735
LYS,33,N,PHE,30,O,4246,0.14152861571280959
ARG,315,NE,LEU,312,O,4134,0.13779540681977268
ILE,118,N,GLU,115,O,4095,0.13649545015166162
ASN,250,ND2,GLU,247,OE1,4054,0.13512882903903203
ARG,57,NH2,GLU,396,OE2,4015,0.13382887237092098
LYS,63,NZ,GLU,58,OE2,4015,0.13382887237092098
ARG,459,NE,GLY,134,O,4007,0.1335622145928469
ALA,88,N,GLY,84,O,4004,0.13346221792606913
LYS,234,NZ,ASP,235,OD1,4000,0.1333288890370321
ASP,235,N,ASP,238,OD2,3986,0.1328622379254025
VAL,53,N,ASP,370,OD2,3961,0.13202893236892105
ASN,209,ND2,GLN,176,OE1,3960,0.13199560014666178
PHE,167,N,ASP,164,OD2,3959,0.13196226792440252
ARG,130,NE,GLU,127,OE1,3953,0.13176227459084697
GLY,108,N,ASP,106,OD1,3937,0.13122895903469883
ARG,117,NE,VAL,114,O,3905,0.1301623279224026
ARG,29,NH1,ASP,19,OD1,3902,0.1300623312556248
LYS,234,N,ASP,238,OD2,3880,0.12932902236592114
TYR,297,OH,GLU,301,OE1,3866,0.12886237125429154
PHE,167,N,ASP,164,OD1,3857,0.1285623812539582
HID,224,N,VAL,221,O,3847,0.1282290590313656
LEU,228,N,ARG,225,O,3806,0.12686243791873605
ARG,31,NH2,ASP,36,OD1,3784,0.12612912902903237
LYS,405,N,LEU,60,O,3784,0.12612912902903237
ARG,57,NH2,GLU,396,OE1,3776,0.1258624712509583
ASN,381,ND2,ASP,383,OD2,3750,0.1249958334722176
TYR,240,OH,ASN,263,OD1,3693,0.12309589680343988
TYR,373,OH,GLU,396,OE2,3682,0.12272924235858805
ARG,315,NE,GLU,322,OE1,3664,0.1221292623579214
LYS,234,NZ,ASP,235,OD2,3651,0.12169594346855105
ARG,415,NE,GLU,322,OE2,3651,0.12169594346855105
ARG,45,NH2,GLU,359,OE1,3629,0.12096263457884737
LYS,451,N,LEU,334,O,3597,0.11989600346655112
HIE,203,NE2,LEU,196,O,3575,0.11916269457684744
LEU,188,N,PHE,185,O,3502,0.1167294423519216
VAL,85,N,SER,266,OG,3437,0.11456284790506983
SER,68,N,GLU,65,O,3397,0.11322955901469951
LYS,111,NZ,LYS,234,O,3395,0.113162894570181
ALA,64,N,VAL,61,O,3394,0.11312956234792174
ARG,330,NH1,PRO,377,O,3366,0.11219626012466251
ARG,45,NE,LEU,42,O,3358,0.11192960234658844
ASP,106,N,THR,103,O,3343,0.11142961901269957
GLU,446,N,ILE,452,O,3313,0.11042965234492183
TYR,373,OH,GLU,54,OE2,3281,0.10936302123262558
ASN,259,N,SER,256,O,3270,0.10899636678777375
LYS,63,NZ,ASP,62,OD1,3256,0.10852971567614413
GLU,417,N,GLU,417,OE1,3235,0.10782973900869972
TYR,373,OH,GLU,396,OE1,3230,0.10766307789740343
ARG,415,NE,GLU,322,OE1,3226,0.10752974900836638
ARG,105,NE,ASP,106,OD2,3212,0.10706309789673678
THR,227,N,HID,224,O,3187,0.10622979234025533
ARG,463,NE,ARG,463,OXT,3154,0.10512982900569981
ARG,298,NE,GLU,294,OE2,3096,0.10319656011466284
GLU,166,N,ASP,164,OD1,3089,0.10296323455884804
ARG,92,NH2,GLU,254,OE2,3071,0.10236325455818139
LYS,63,NZ,GLU,58,OE1,3054,0.10179660677977401
GLU,166,N,ASP,164,OD2,3043,0.10142995233492216
LYS,63,NZ,ASP,62,OD2,3041,0.10136328789040365
ARG,81,N,PRO,78,O,3027,0.10089663677877404
TYR,175,OH,GLN,445,OE1,3008,0.10026332455584813
TYR,373,OH,GLU,54,OE1,2975,0.09916336122129263
HID,369,N,THR,366,O,2973,0.0990966967767741
ARG,415,NH2,GLU,411,OE1,2943,0.09809673010899636
ARG,105,NH2,ASP,106,OD1,2942,0.09806339788673711
ARG,31,NE,ASP,36,OD2,2884,0.09613012899570014
LYS,131,NZ,GLU,128,OE1,2862,0.09539682010599647
LYS,63,NZ,GLU,58,O,2795,0.09316356121462618
GLY,108,N,ASP,106,OD2,2781,0.09269691010299656
GLY,108,N,ARG,112,O,2771,0.09236358788040398
LYS,131,NZ,GLU,128,OE2,2767,0.09223025899136696
LYS,72,NZ,GLU,359,OE2,2757,0.09189693676877438
ARG,350,NH1,ASP,36,OD1,2732,0.09106363121229293
ARG,415,NH1,GLU,411,OE2,2729,0.09096363454551515
LYS,111,NZ,ASP,106,OD1,2721,0.09069697676744108
ALA,416,N,GLY,412,O,2721,0.09069697676744108
GLN,329,NE2,ILE,325,O,2718,0.0905969801006633
HID,369,N,SER,365,O,2687,0.08956368121062631
GLY,412,N,LEU,409,O,2668,0.0889303689877004
VAL,18,N,LEU,15,O,2647,0.088230392320256
GLN,445,NE2,PRO,453,O,2632,0.08773040898636712
ARG,45,NH2,GLU,190,O,2629,0.08763041231958935
GLN,345,NE2,GLU,65,O,2588,0.08626379120695976
MET,75,N,GLU,190,OE2,2586,0.08619712676244125
ASN,428,N,ILE,425,O,2575,0.08583047231758942
LYS,169,NZ,GLU,212,OE1,2569,0.08563047898403386
ARG,406,NE,SER,68,O,2562,0.08539715342821906
ARG,298,NE,GLU,294,OE1,2529,0.08429719009366354
THR,147,OG1,THR,272,O,2502,0.08339722009266358
ARG,315,NE,GLU,322,OE2,2500,0.08333055564814507
SER,193,N,GLU,190,O,2499,0.0832972234258858
ARG,315,NH2,GLU,322,OE2,2472,0.08239725342488584
ALA,316,N,HIE,313,O,2449,0.0816306123129229
LYS,72,NZ,GLU,190,OE1,2448,0.08159728009066365
LYS,111,NZ,GLY,108,O,2434,0.08113062897903403
ASN,209,ND2,GLN,205,O,2428,0.08093063564547849
LYS,169,NZ,GLU,212,OE2,2400,0.07999733342221926
ARG,31,NE,ASP,36,OD1,2398,0.07993066897770075
ARG,31,NH2,ASP,370,OD2,2388,0.07959734675510817
SER,430,OG,PRO,462,O,2368,0.07893070230992301
ARG,92,NH2,GLU,254,OE1,2359,0.07863071230958968
LYS,248,N,MET,244,O,2349,0.0782973900869971
ASN,89,ND2,ARG,70,O,2308,0.07693076897436753
LYS,158,NZ,HID,224,NE2,2291,0.07636412119596013
ARG,298,NH2,GLU,294,OE1,2275,0.07583080563981201
SER,132,N,LEU,129,O,2270,0.07566414452851572
ARG,298,NH2,GLU,301,OE1,2265,0.07549748341721943
GLU,396,N,GLU,396,OE2,2264,0.07546415119496017
ARG,330,NH1,HID,369,NE2,2258,0.07526415786140463
ARG,298,NH2,GLU,294,OE2,2257,0.07523082563914536
ARG,225,NH1,GLU,222,OE2,2239,0.07463084563847872
GLN,211,NE2,TYR,207,OH,2237,0.0745641811939602
ARG,204,N,GLY,201,O,2228,0.07426419119362689
TYR,240,OH,SER,256,O,2210,0.07366421119296024
ARG,315,NH2,GLU,322,OE1,2207,0.07356421452618246
HIE,203,NE2,PHE,199,O,2200,0.07333088897036766
ARG,112,NE,GLU,116,OE1,2195,0.07316422785907137
GLN,163,NE2,GLU,128,OE1,2190,0.07299756674777508
LYS,72,NZ,GLU,190,OE2,2170,0.07233092230258992
GLU,396,N,GLU,396,OE1,2166,0.07219759341355288
THR,102,N,PHE,99,O,2158,0.07193093563547882
SER,113,N,GLU,116,OE2,2147,0.07156428119062698
ARG,225,N,GLU,222,O,2146,0.07153094896836772
ARG,81,NE,PHE,79,O,2133,0.07109763007899737
ARG,117,NH1,GLU,417,OE2,2132,0.07106429785673811
ARG,105,N,VAL,101,O,2121,0.07069764341188627
ARG,350,NH1,ASP,36,OD2,2102,0.07006433118896037
GLN,163,NE2,GLU,128,OE2,2091,0.06969767674410852
ARG,298,NH2,GLU,301,OE2,2087,0.0695643478550715
LYS,405,NZ,SER,68,OG,2068,0.0689310356321456
ARG,31,NH1,ASP,370,OD1,2035,0.06783107229759008
GLN,123,NE2,GLN,119,O,2026,0.06753108229725675
ILE,151,N,THR,147,O,2023,0.06743108563047899
LEU,312,N,GLU,311,OE2,2008,0.06693110229659012
ARG,225,NH1,GLU,222,OE1,2002,0.06673110896303457
LEU,364,N,LEU,362,O,1977,0.06589780340655312
ARG,112,NE,GLU,116,OE2,1941,0.06469784340521982
SER,276,OG,THR,272,O,1924,0.06413119562681244
THR,455,OG1,GLN,445,OE1,1918,0.0639312022932569
ARG,29,NH2,GLN,17,O,1904,0.06346455118162728
LEU,260,N,HIE,257,O,1903,0.06343121895936803
SER,113,N,GLU,116,OE1,1896,0.06319789340355321
ARG,70,NH2,HM1,464,O1A,1880,0.06266457784740509
ARG,105,NH2,ASP,106,OD2,1880,0.06266457784740509
ARG,57,NE,GLU,396,OE1,1862,0.06206459784673844
LEU,23,N,GLN,187,OE1,1860,0.06199793340221993
ILE,118,N,VAL,114,O,1843,0.06143128562381254
SER,402,OG,HM1,464,O2A,1819,0.060631312289590344
SER,132,OG,LEU,129,O,1810,0.06033132228925703
ARG,105,NE,ASP,106,OD1,1792,0.05973134228859038
LYS,63,N,ALA,59,O,1789,0.059631345621812604
LEU,312,N,GLU,311,OE1,1783,0.05943135228825706
LYS,158,NZ,PHE,156,O,1769,0.05896470117662744
LYS,317,NZ,HIE,313,O,1757,0.05856471450951635
ARG,463,NE,LEU,426,O,1743,0.058098063397886736
LEU,228,N,HID,224,O,1742,0.05806473117562748
ARG,31,NH1,ARG,31,O,1725,0.057498083397220096
ARG,29,NH2,ASP,19,OD1,1711,0.05703143228559048
ARG,298,NH1,GLU,294,OE1,1704,0.05679810672977567
THR,277,OG1,GLU,273,OE1,1692,0.05639812006266458
SER,348,OG,TYR,352,O,1680,0.055998133395553484
TYR,326,OH,GLU,322,OE1,1677,0.05589813672877571
ARG,57,NE,GLU,396,OE2,1675,0.055831472284257194
SER,68,N,THR,344,OG1,1673,0.055764807839738674
PHE,268,N,LEU,265,O,1668,0.055598146728442384
LEU,267,N,THR,264,O,1662,0.05539815339488684
LEU,15,N,GLY,13,O,1632,0.054398186727109096
ASN,91,ND2,GLU,254,OE2,1609,0.05363154561514616
SER,276,OG,PHE,143,O,1607,0.053564881170627646
ALA,391,N,ASP,387,O,1595,0.05316489450351655
PHE,80,N,ASP,77,O,1594,0.05313156228125729
GLN,187,N,VAL,184,O,1563,0.05209826339122029
HIE,257,NE2,GLU,222,OE1,1543,0.05143161894603513
ARG,97,NH2,CM1,408,O,1526,0.05086497116762775
TYR,326,OH,GLU,322,OE2,1525,0.05083163894536849
ARG,130,NH1,GLU,127,OE1,1519,0.05063164561181294
ARG,463,NH1,LEU,426,O,1493,0.04976500783307223
ARG,45,N,LEU,42,O,1480,0.04933168894370188
ARG,225,NH2,GLU,226,OE2,1480,0.04933168894370188
HIE,257,NE2,GLU,222,OE2,1430,0.04766507783073898
LYS,223,NZ,GLU,226,OE1,1424,0.047465084497183424
ALA,215,N,GLU,212,O,1420,0.0473317556081464
GLY,134,N,LEU,129,O,1407,0.04689843671877604
LYS,223,NZ,GLU,226,OE2,1404,0.046798440051998264
ARG,225,NH2,GLU,226,OE1,1392,0.04639845338488717
ARG,105,NH1,MET,104,O,1381,0.04603179894003533
LYS,376,NZ,ASP,378,OD2,1361,0.04536515449485017
ARG,298,NH1,GLU,294,OE2,1350,0.044998500049998336
SER,253,N,ASN,250,O,1349,0.04496516782773907
GLU,247,N,MET,244,O,1348,0.044931835605479815
ARG,298,NE,GLU,301,OE1,1346,0.0448651711609613
SER,193,OG,GLU,190,O,1345,0.044831838938702046
SER,68,OG,ALA,64,O,1342,0.04473184227192427
GLN,302,NE2,ARG,298,O,1342,0.04473184227192427
ARG,81,NH1,ASN,259,OD1,1331,0.04436518782707243
SER,183,N,SER,179,O,1317,0.04389853671544282
ASN,259,ND2,SER,256,OG,1314,0.04379854004866504
LYS,376,NZ,ASP,378,OD1,1304,0.04346521782607246
LYS,197,N,GLY,194,O,1299,0.04329855671477617
SER,433,OG,VAL,435,O,1294,0.04313189560347988
SER,193,N,PHE,189,O,1292,0.04306523115896137
GLN,445,NE2,TYR,175,OH,1286,0.04286523782540582
LYS,356,NZ,THR,344,O,1282,0.04273190893636879
LYS,131,NZ,GLU,127,O,1273,0.04243191893603546
ARG,298,NE,GLU,301,OE2,1257,0.041898603379887336
GLY,157,N,CYS,152,O,1246,0.0415319489350355
LEU,386,N,PRO,382,O,1245,0.04149861671277624
PHE,460,N,GLY,134,O,1245,0.04149861671277624
ARG,105,NH2,LEU,409,O,1237,0.041231958934702176
ARG,463,NE,ARG,463,O,1234,0.041131962267924406
LYS,234,NZ,GLY,110,O,1226,0.04086530448985034
THR,344,OG1,GLU,65,O,1225,0.04083197226759108
GLU,32,N,ARG,29,O,1214,0.040465317822739245
LYS,246,N,HID,243,O,1207,0.040231992266924435
GLN,205,NE2,GLN,176,OE1,1192,0.039732008933035565
ARG,280,NH1,SER,276,OG,1174,0.039132028932368924
GLN,119,NE2,GLU,311,OE2,1165,0.0388320389320356
ARG,81,NE,ASN,259,OD1,1163,0.03876537448751708
LYS,376,NZ,GLU,375,OE1,1162,0.038732042265257824
ARG,130,NH1,GLU,127,OE2,1161,0.03869871004299857
ARG,117,NH2,ILE,150,O,1158,0.03859871337622079
ASN,261,ND2,ASN,261,O,1156,0.03853204893170228
LYS,376,NZ,GLU,375,OE2,1155,0.03849871670944302
LYS,72,NZ,GLU,359,OE1,1143,0.03809873004233192
ASN,250,ND2,GLU,247,O,1108,0.03693210226325789
LYS,451,NZ,PHE,331,O,1105,0.03683210559648012
LYS,131,NZ,GLU,127,OE1,1100,0.03666544448518383
LEU,409,N,HM1,464,ND,1096,0.036532115596146796
LYS,234,NZ,ASP,238,OD2,1084,0.0361321289290357
LYS,234,NZ,ALA,232,O,1066,0.035532148928369055
ARG,97,NH1,ARG,406,O,1061,0.035365487817072765
GLU,438,N,GLU,438,OE2,1048,0.03493216892770241
LYS,131,NZ,GLU,127,OE2,1041,0.034698843371887604
LYS,111,NZ,ASP,106,O,1036,0.034532182260591314
LYS,133,N,LEU,129,O,1031,0.034365521149295024
PHE,199,N,PHE,195,O,1027,0.03423219226025799
ILE,413,N,LEU,409,O,1021,0.034032198926702444
LYS,111,NZ,THR,239,OG1,1005,0.033498883370554317
GLY,404,N,SER,402,OG,1004,0.03346555114829506
ARG,406,NH1,VAL,85,O,1004,0.03346555114829506
ASN,172,ND2,LEU,168,O,992,0.03306556448118396
GLU,115,N,SER,113,OG,986,0.03286557114762841
GLU,438,N,GLU,438,OE1,985,0.032832238925369156
LYS,111,NZ,PHE,107,O,981,0.03269891003633212
LYS,111,NZ,ASP,235,OD2,981,0.03269891003633212
HIE,161,N,ASP,164,OD2,967,0.03223225892470251
ALA,135,N,LYS,133,O,957,0.03189893670210993
LYS,131,N,GLU,128,O,948,0.031598946701776605
ASP,333,N,GLN,329,O,947,0.03156561447951735
GLU,226,N,LYS,223,O,938,0.031265624479184025
ALA,74,N,GLU,190,OE1,937,0.031232292256924768
HIE,346,N,GLN,345,OE1,931,0.03103229892336922
GLU,116,N,SER,113,OG,919,0.030632312256258124
PHE,192,N,LEU,188,O,910,0.030332322255924804
ASN,214,ND2,GLN,258,OE1,910,0.030332322255924804
ARG,29,NH2,ASP,19,OD2,906,0.03019899336688777
ARG,204,NH2,LYS,197,O,906,0.03019899336688777
VAL,184,N,GLU,446,OE2,890,0.029665677810739643
ALA,414,N,GLY,410,O,890,0.029665677810739643
ARG,57,NH1,GLU,396,OE2,879,0.029299023365887803
ARG,70,NH2,HID,341,NE2,874,0.029132362254591513
ARG,57,NH1,GLU,396,OE1,863,0.028765707809739676
GLY,43,N,HIE,41,O,859,0.028632378920702643
ARG,29,NH2,GLU,32,OE2,857,0.028565714476184126
LYS,393,NZ,ASP,383,O,855,0.028499050031665613
GLN,258,N,GLN,258,OE1,849,0.028299056698110062
GLY,69,N,ILE,342,O,845,0.028165727809073032
ASN,261,ND2,GLN,258,OE1,844,0.028132395586813772
LYS,208,NZ,GLU,212,OE2,824,0.02746575114162861
LYS,208,NZ,GLN,205,OE1,816,0.027199093363554548
ARG,315,NH1,GLU,322,OE2,814,0.02713242891903603
LYS,208,NZ,GLU,212,OE1,808,0.026932435585480485
GLU,299,N,VAL,296,O,806,0.026865771140961968
PHE,185,N,SER,183,OG,795,0.02649911669611013
LEU,173,N,MET,170,O,791,0.026365787807073097
ILE,73,N,GLY,71,O,788,0.026265791140295324
GLN,119,NE2,GLU,311,OE1,780,0.02599913336222126
ARG,315,NH1,GLU,322,OE1,778,0.025932468917702744
LYS,72,NZ,ASP,77,OD1,776,0.025865804473184227
TYR,216,N,ILE,213,O,776,0.025865804473184227
ASP,106,N,THR,102,O,775,0.02583247225092497
ARG,70,NH1,HM1,464,O2A,767,0.025565814472850903
ARG,112,NH2,GLU,116,OE2,751,0.025032498916702776
GLN,163,NE2,TYR,162,O,741,0.024699176694110196
LYS,158,NZ,ARG,159,O,737,0.024565847805073163
ARG,112,NH2,ASP,235,OD2,731,0.024365854471517616
GLN,345,NE2,THR,344,OG1,728,0.024265857804739843
ASN,149,ND2,GLU,121,OE1,725,0.02416586113796207
ALA,436,N,ASP,439,OD2,725,0.02416586113796207
LYS,234,NZ,ASP,238,OD1,712,0.023732542248591712
GLN,176,NE2,ASN,209,OD1,711,0.023699210026332455
ARG,204,NH1,LYS,197,O,710,0.0236658778040732
GLN,345,NE2,THR,347,OG1,709,0.02363254558181394
ARG,105,N,THR,102,O,697,0.02323255891470284
HIE,219,N,TYR,216,O,695,0.02316589447018433
SER,182,N,SER,179,O,694,0.023132562247925068
ARG,204,NH1,TYR,198,O,687,0.02289923669211026
ARG,29,NH2,GLU,32,OE1,682,0.02273257558081397
PHE,107,N,ARG,105,O,682,0.02273257558081397
ASN,149,ND2,SER,145,O,679,0.022632578914036198
ARG,70,NH2,VAL,339,O,677,0.02256591446951768
ARG,463,NH2,LEU,426,O,677,0.02256591446951768
TYR,83,OH,GLU,254,O,676,0.022532582247258424
ARG,117,NE,SER,153,OG,676,0.022532582247258424
HIE,161,N,ASP,164,OD1,676,0.022532582247258424
ARG,315,N,GLU,311,O,675,0.022499250024999168
ARG,415,NH1,TYR,326,OH,675,0.022499250024999168
GLN,302,N,GLU,299,O,673,0.02243258558048065
LYS,25,NZ,ARG,21,O,671,0.022365921135962134
ARG,112,NH2,GLU,116,OE1,666,0.022199260024665844
ARG,29,NE,GLU,32,OE1,656,0.021865937802073264
ARG,29,NH1,GLU,32,OE1,656,0.021865937802073264
ALA,388,N,ASP,387,OD1,655,0.021832605579814007
THR,39,OG1,VAL,47,O,651,0.021699276690776974
ALA,388,N,ASP,387,OD2,649,0.021632612246258457
GLY,69,N,PHE,67,O,646,0.021532615579480684
ARG,98,NH2,ASP,106,OD1,641,0.021365954468184394
GLN,176,NE2,ASN,172,O,640,0.021332622245925137
LYS,72,NZ,ASP,77,OD2,634,0.021132628912369587
ARG,81,NH1,PRO,78,O,630,0.020999300023332557
THR,274,N,ALA,270,O,629,0.020965967801073297
GLN,258,NE2,ASN,214,OD1,628,0.02093263557881404
LYS,317,NZ,ASP,314,OD1,623,0.02076597446751775
ASN,250,ND2,HIE,252,O,615,0.020499316689443686
ARG,204,N,HIE,203,ND1,613,0.02043265224492517
ARG,31,NH2,ASP,370,OD1,608,0.02026599113362888
LYS,234,NZ,MET,109,O,608,0.02026599113362888
ARG,98,NH2,THR,102,OG1,602,0.020065997800073333
THR,344,OG1,SER,68,OG,596,0.019866004466517782
LYS,223,NZ,HIE,219,ND1,594,0.019799340021999266
GLN,445,NE2,THR,455,OG1,594,0.019799340021999266
LEU,142,N,PRO,139,O,591,0.019699343355221492
ALA,59,N,ILE,56,O,587,0.019566014466184462
ARG,81,NH2,PHE,79,O,587,0.019566014466184462
GLY,157,N,ILE,154,O,586,0.019532682243925202
ARG,117,N,SER,113,O,581,0.019366021132628912
ARG,31,NH2,GLU,32,OE2,580,0.019332688910369655
ARG,20,NH1,ARG,20,O,579,0.019299356688110395
HIE,203,NE2,LYS,197,O,574,0.019132695576814105
ARG,406,NH2,ASN,89,OD1,574,0.019132695576814105
ARG,81,NE,PRO,78,O,573,0.01909936335455485
SER,68,N,ALA,66,O,567,0.0188993700209993
ASP,229,N,THR,227,OG1,562,0.01873270890970301
THR,39,OG1,PHE,38,O,561,0.01869937668744375
LYS,223,N,SER,220,O,561,0.01869937668744375
ARG,29,NH1,GLU,32,OE2,560,0.018666044465184495
TYR,240,OH,ASN,259,OD1,558,0.018599380020665978
GLU,273,N,PHE,269,O,558,0.018599380020665978
LYS,246,NZ,HID,243,NE2,557,0.01856604779840672
GLN,123,N,GLU,120,O,556,0.01853271557614746
LEU,12,N,LEU,9,O,555,0.018499383353888205
GLN,165,N,GLN,165,OE1,546,0.01819939335355488
ARG,29,NE,GLU,32,OE2,543,0.018099396686777108
MET,170,N,PHE,167,O,543,0.018099396686777108
GLY,43,N,LEU,12,O,538,0.017932735575480818
LEU,196,N,SER,193,O,538,0.017932735575480818
ARG,1,NH2,GLY,351,O,537,0.01789940335322156
ARG,29,N,SER,26,O,533,0.017766074464184527
LYS,223,NZ,PHE,156,O,533,0.017766074464184527
ALA,436,N,ASP,439,OD1,531,0.01769941001966601
SER,253,N,HIE,252,ND1,527,0.01756608113062898
GLU,190,N,GLY,186,O,525,0.017499416686110464
MET,75,N,GLU,190,OE1,522,0.01739942001933269
LYS,376,N,GLU,375,OE2,522,0.01739942001933269
ARG,31,NH2,GLU,32,OE1,513,0.017099430018999367
LEU,287,N,LEU,284,O,512,0.01706609779674011
ARG,159,NH2,GLU,121,OE1,511,0.01703276557448085
GLU,245,N,LEU,242,O,511,0.01703276557448085
LYS,376,N,GLU,375,OE1,510,0.016999433352221593
ARG,1,NE,LEU,2,O,497,0.01656611446285124
GLY,134,N,SER,132,OG,492,0.01639945335155495
LYS,223,NZ,HIE,219,O,488,0.016266124462517916
ARG,350,NH2,ASP,36,OD2,488,0.016266124462517916
THR,455,N,GLN,445,OE1,485,0.016166127795740143
ARG,1,NE,GLY,351,O,484,0.016132795573480883
GLY,108,N,LYS,111,O,483,0.016099463351221626
ASP,229,N,ASP,238,OD2,482,0.01606613112896237
ARG,31,NE,GLU,32,OE2,480,0.015999466684443853
PHE,107,N,THR,102,O,480,0.015999466684443853
HID,341,ND1,GLY,69,O,475,0.015832805573147563
GLY,450,N,ILE,181,O,470,0.015666144461851272
LYS,197,NZ,GLY,194,O,469,0.015632812239592012
PHE,167,N,ASP,164,O,466,0.015532815572814239
ARG,204,NH1,PHE,199,O,466,0.015532815572814239
GLN,345,N,ALA,66,O,464,0.015466151128295724
GLU,65,N,GLU,65,OE1,463,0.015432818906036466
ALA,379,N,PRO,377,O,462,0.015399486683777207
VAL,303,N,ILE,300,O,459,0.015299490016999434
THR,102,OG1,ASP,106,OD1,458,0.015266157794740175
LYS,111,N,MET,109,O,456,0.015199493350221659
LYS,208,NZ,GLN,211,OE1,450,0.014999500016666112
HIE,372,NE2,GLU,54,OE1,449,0.014966167794406854
ARG,45,N,GLY,43,O,447,0.014899503349888337
ARG,225,NH1,HIE,257,ND1,447,0.014899503349888337
THR,102,OG1,PHE,99,O,433,0.014432852238258725
GLU,65,N,GLU,65,OE2,430,0.014332855571480951
ARG,31,NE,GLU,32,OE1,428,0.014266191126962435
PHE,174,N,LEU,171,O,427,0.014232858904703176
ARG,105,NH2,GLU,411,OE2,422,0.014066197793406886
SER,68,OG,GLU,65,OE2,419,0.013966201126629113
LYS,393,NZ,ASP,387,OD2,419,0.013966201126629113
LYS,111,NZ,THR,103,O,413,0.013766207793073564
LYS,158,N,PHE,156,O,411,0.013699543348555047
SER,26,OG,LEU,23,O,410,0.01366621112629579
ASN,91,ND2,GLU,254,OE1,410,0.01366621112629579
GLU,375,N,GLU,375,OE1,408,0.013599546681777274
SER,68,OG,GLU,65,OE1,407,0.013566214459518016
CYS,124,N,GLU,121,O,407,0.013566214459518016
SER,68,OG,THR,344,OG1,401,0.013366221125962467
ARG,7,NH1,PRO,8,O,400,0.01333288890370321
LYS,111,NZ,MET,109,O,400,0.01333288890370321
ARG,45,NH1,GLU,190,OE2,398,0.013266224459184694
ARG,81,NH1,PHE,79,O,398,0.013266224459184694
ARG,97,NH1,CM1,408,O,396,0.013199560014666177
SER,132,OG,GLU,128,OE1,396,0.013199560014666177
ARG,29,NE,ASP,19,OD1,392,0.013066231125629145
SER,132,OG,GLU,128,OE2,392,0.013066231125629145
ARG,225,NH1,GLU,226,OE1,390,0.01299956668111063
ARG,70,NH2,PRO,340,O,387,0.012899570014332855
ARG,130,NH2,ASN,428,OD1,387,0.012899570014332855
LYS,94,NZ,ASN,91,OD1,386,0.012866237792073597
ARG,98,NH2,GLU,247,OE2,385,0.01283290556981434
ARG,225,NH1,GLU,226,OE2,377,0.012566247791740275
MET,337,N,VAL,449,O,377,0.012566247791740275
LYS,393,NZ,ASP,387,OD1,377,0.012566247791740275
ASN,89,ND2,SER,68,O,376,0.012532915569481017
ALA,55,N,GLY,52,O,372,0.012399586680443985
GLN,119,NE2,GLU,115,OE1,372,0.012399586680443985
GLN,165,NE2,GLU,166,OE1,372,0.012399586680443985
SER,256,OG,GLN,258,OE1,372,0.012399586680443985
GLN,302,NE2,GLU,301,OE2,371,0.012366254458184726
GLN,165,NE2,GLU,166,OE2,368,0.012266257791406953
ASN,214,ND2,GLN,211,O,363,0.012099596680110663
ARG,105,NH1,LEU,409,O,357,0.011899603346555114
GLU,166,N,ASP,164,O,356,0.011866271124295856
THR,227,OG1,HID,224,O,356,0.011866271124295856
LYS,234,NZ,THR,227,O,356,0.011866271124295856
ARG,117,NH2,MET,104,O,353,0.011766274457518083
ASP,229,N,ASP,238,OD1,353,0.011766274457518083
ALA,391,N,ASP,387,OD1,352,0.011732942235258824
ARG,98,NH1,GLU,247,OE1,351,0.011699610012999566
LYS,405,NZ,SER,68,O,351,0.011699610012999566
ARG,112,NH1,GLU,116,OE1,348,0.011599613346221792
ARG,29,NH1,GLN,17,O,347,0.011566281123962534
GLN,163,N,HIE,161,O,346,0.011532948901703276
SER,253,OG,PHE,255,O,346,0.011532948901703276
SER,68,N,ALA,64,O,345,0.011499616679444019
ARG,204,NH2,TYR,198,O,343,0.011432952234925502
ARG,350,NH2,ASP,36,OD1,341,0.011366287790406986
ARG,1,NH1,GLY,351,O,340,0.011332955568147729
ALA,135,N,SER,132,OG,340,0.011332955568147729
ILE,154,N,ILE,150,O,339,0.01129962334588847
THR,358,N,VAL,343,O,339,0.01129962334588847
TYR,373,N,ASP,370,OD2,339,0.01129962334588847
HIE,372,NE2,GLU,54,OE2,336,0.011199626679110695
ARG,117,N,VAL,114,O,329,0.01096630112329589
ARG,45,NE,GLU,190,OE2,328,0.010932968901036632
LYS,111,N,PHE,107,O,328,0.010932968901036632
HIE,313,N,GLU,311,OE2,328,0.010932968901036632
ALA,74,N,GLU,190,OE2,327,0.010899636678777374
ARG,105,NH2,GLU,411,O,327,0.010899636678777374
ARG,1,N,ILE,353,O,326,0.010866304456518115
ARG,1,NH1,LEU,2,O,326,0.010866304456518115
ARG,98,NH2,HID,243,NE2,325,0.010832972234258859
LYS,169,N,GLU,166,O,324,0.0107996400119996
LEU,180,N,THR,177,O,324,0.0107996400119996
ARG,295,NH2,GLU,299,OE2,322,0.010732975567481083
ARG,105,N,SER,100,O,321,0.010699643345221825
GLU,54,N,GLU,54,OE1,320,0.010666311122962568
SER,402,OG,ARG,406,O,317,0.010566314456184793
THR,39,OG1,PRO,4,O,310,0.010332988900369988
ALA,64,N,ASP,62,O,309,0.01029965667811073
ALA,391,N,ASP,387,OD2,309,0.01029965667811073
TYR,456,N,PRO,454,O,307,0.010232992233592213
TYR,83,OH,HIE,252,O,305,0.010166327789073698
ASN,428,ND2,GLN,427,OE1,303,0.010099663344555181
GLN,211,NE2,TYR,207,O,302,0.010066331122295923
LYS,394,NZ,GLU,322,OE1,302,0.010066331122295923
LYS,394,NZ,TYR,326,OH,302,0.010066331122295923
ARG,20,NH1,VAL,18,O,295,0.009833005566481118
GLN,187,NE2,SER,182,O,292,0.009733008899703343
HIE,313,N,GLU,311,OE1,292,0.009733008899703343
ARG,20,NH1,LEU,15,O,290,0.009666344455184828
GLU,212,N,ASN,209,O,287,0.009566347788407053
ASN,261,N,GLN,258,O,285,0.009499683343888538
ARG,29,NE,ASP,19,OD2,282,0.009399686677110762
ARG,45,NE,GLU,190,OE1,282,0.009399686677110762
THR,102,OG1,ASP,106,OD2,280,0.009333022232592247
ASN,263,ND2,TYR,240,OH,280,0.009333022232592247
GLN,119,NE2,GLU,115,OE2,279,0.009299690010332989
ASN,209,ND2,LEU,173,O,278,0.00926635778807373
SER,332,N,GLN,329,O,278,0.00926635778807373
GLN,345,NE2,HIE,346,O,277,0.009233025565814472
ASN,261,ND2,GLY,218,N,276,0.009199693343555216
SER,430,OG,LEU,461,O,271,0.009033032232258926
GLN,302,NE2,GLU,301,OE1,270,0.008999700009999667
GLN,345,NE2,ALA,66,O,267,0.008899703343221892
ARG,112,NH2,SER,153,O,266,0.008866371120962635
LYS,111,NZ,THR,102,O,265,0.008833038898703377
ASN,172,ND2,GLN,176,NE2,265,0.008833038898703377
SER,249,OG,ASN,250,OD1,265,0.008833038898703377
GLU,375,N,GLU,375,OE2,262,0.008733042231925602
LYS,223,NZ,THR,227,OG1,259,0.008633045565147828
MET,104,N,VAL,101,O,258,0.00859971334288857
LYS,246,NZ,GLU,247,OE1,258,0.00859971334288857
ASN,214,ND2,ASN,214,O,255,0.008499716676110797
GLN,258,NE2,HIE,257,ND1,255,0.008499716676110797
MET,337,N,GLY,448,O,255,0.008499716676110797
ASN,214,ND2,ASN,261,OD1,254,0.008466384453851538
ARG,45,NH1,LYS,72,O,252,0.008399720009333022
ARG,112,NH2,SER,153,OG,251,0.008366387787073765
SER,276,OG,GLN,144,N,250,0.008333055564814507
LYS,33,NZ,TYR,34,OH,249,0.008299723342555248
ARG,20,NH1,ASP,19,OD1,248,0.00826639112029599
LYS,25,N,GLY,22,O,247,0.008233058898036731
TYR,240,OH,GLU,254,O,247,0.008233058898036731
ARG,57,NH2,GLU,396,O,246,0.008199726675777475
ARG,105,NH2,GLU,411,OE1,245,0.008166394453518216
TRP,93,N,GLY,90,O,242,0.008066397786740441
ALA,232,N,ASP,229,OD2,242,0.008066397786740441
LYS,393,NZ,LEU,386,O,242,0.008066397786740441
TYR,373,N,ASP,370,OD1,241,0.008033065564481185
GLU,222,N,HIE,219,O,240,0.007999733342221926
ALA,270,N,LEU,267,O,240,0.007999733342221926
SER,220,N,ILE,217,O,234,0.007799740008666378
LYS,111,NZ,PRO,233,O,233,0.0077664077864071195
LYS,248,NZ,GLU,245,O,232,0.007733075564147862
LYS,111,NZ,SER,153,O,231,0.007699743341888604
ARG,415,N,GLU,411,O,229,0.007633078897370088
ILE,86,N,SER,266,OG,227,0.007566414452851572
GLN,165,NE2,GLN,165,O,223,0.007433085563814539
ARG,350,NH2,GLU,54,OE1,222,0.007399753341555282
ARG,117,NH2,SER,153,O,221,0.007366421119296023
ALA,74,N,SER,193,OG,220,0.007333088897036766
GLY,108,N,ARG,105,O,220,0.007333088897036766
SER,332,OG,GLN,329,O,220,0.007333088897036766
ARG,459,NH1,PHE,460,O,219,0.0072997566747775074
SER,179,OG,GLN,176,O,215,0.007166427785740476
LYS,246,NZ,GLU,247,OE2,213,0.007099763341221959
LEU,312,N,GLU,115,OE1,210,0.0069997666744441855
VAL,435,N,SER,433,O,209,0.006966434452184927
ARG,225,NE,GLU,226,OE1,207,0.006899770007666411
LYS,169,NZ,GLN,165,O,206,0.006866437785407153
HIE,252,N,ASN,250,ND2,203,0.006766441118629379
THR,264,OG1,ASN,261,O,202,0.006733108896370121
ARG,81,NH2,GLN,258,O,201,0.006699776674110863
LYS,394,NZ,GLU,322,OE2,201,0.006699776674110863
ARG,105,NH2,GLY,410,O,200,0.006666444451851605
LYS,133,NZ,LYS,131,O,200,0.006666444451851605
LYS,197,N,PHE,195,O,198,0.0065997800073330885
ARG,105,NH1,GLU,411,O,197,0.006566447785073831
GLY,412,N,GLY,410,O,197,0.006566447785073831
ARG,112,NH1,GLU,116,OE2,196,0.006533115562814573
LYS,405,NZ,ALA,64,O,196,0.006533115562814573
ARG,98,NH2,GLU,247,OE1,195,0.006499783340555315
ARG,204,NH2,LEU,196,O,195,0.006499783340555315
ALA,232,N,ASP,229,OD1,195,0.006499783340555315
LYS,63,NZ,THR,347,OG1,194,0.006466451118296057
VAL,61,N,GLU,58,O,193,0.006433118896036798
ARG,31,NH1,ASP,370,OD2,192,0.006399786673777541
PHE,374,N,PRO,371,O,191,0.0063664544515182825
LYS,393,NZ,LYS,394,O,191,0.0063664544515182825
ASN,263,ND2,ASN,263,O,190,0.006333122229259025
PHE,107,N,ASP,106,OD1,189,0.006299790006999767
GLY,90,N,ASN,89,OD1,188,0.006266457784740508
ARG,350,NH2,GLU,54,OE2,188,0.006266457784740508
PHE,160,N,ASN,149,ND2,187,0.006233125562481251
LYS,451,NZ,SER,332,O,186,0.006199793340221992
ARG,45,NH1,GLU,190,OE1,185,0.006166461117962735
GLN,445,NE2,SER,179,OG,184,0.0061331288957034765
ARG,330,NE,GLU,327,OE1,181,0.006033132228925702
LYS,72,NZ,SER,193,OG,180,0.005999800006666445
SER,253,OG,GLU,247,O,179,0.005966467784407186
HIE,161,NE2,GLN,163,OE1,175,0.005833138895370155
ASN,261,ND2,HIE,257,NE2,174,0.005799806673110896
ARG,117,NH1,SER,113,O,173,0.005766474450851638
TYR,320,N,GLU,299,OE1,172,0.00573314222859238
GLN,345,NE2,GLU,65,OE2,172,0.00573314222859238
ARG,20,NH2,LEU,15,O,171,0.005699810006333122
ARG,98,NH1,ASP,106,OD1,171,0.005699810006333122
HID,243,N,TYR,240,O,171,0.005699810006333122
GLN,345,NE2,GLU,65,OE1,170,0.0056664777840738645
MET,109,N,ASP,106,O,169,0.005633145561814606
ARG,225,NH1,ASN,261,OD1,169,0.005633145561814606
THR,278,OG1,THR,275,O,169,0.005633145561814606
ARG,463,NH2,PHE,429,O,169,0.005633145561814606
GLU,54,N,GLU,54,OE2,166,0.005533148895036832
HIE,291,N,HIE,291,ND1,166,0.005533148895036832
LYS,234,N,ALA,232,O,165,0.005499816672777574
LYS,25,NZ,ASP,19,OD1,164,0.005466484450518316
LYS,133,NZ,ARG,130,O,164,0.005466484450518316
ARG,225,NE,GLU,226,OE2,164,0.005466484450518316
SER,113,OG,GLU,116,OE1,162,0.0053998200059998
ARG,350,NH1,GLU,54,OE2,162,0.0053998200059998
GLN,445,NE2,GLU,446,OE2,162,0.0053998200059998
ARG,45,NH2,SER,193,OG,161,0.005366487783740542
ARG,70,N,ASN,89,ND2,161,0.005366487783740542
ARG,463,NH1,PHE,429,O,161,0.005366487783740542
ARG,57,NE,GLU,396,O,158,0.0052664911169627675
TYR,216,OH,GLU,166,O,157,0.00523315889470351
SER,113,OG,GLU,116,OE2,156,0.005199826672444252
TYR,216,OH,ASP,164,OD2,156,0.005199826672444252
SER,266,OG,SER,266,O,156,0.005199826672444252
ARG,280,NH2,THR,277,OG1,154,0.005133162227925736
ASP,62,N,GLU,58,O,153,0.005099830005666478
GLN,123,NE2,GLN,123,O,153,0.005099830005666478
GLY,35,N,PHE,30,O,151,0.0050331655611479615
LYS,169,NZ,ASN,172,OD1,151,0.0050331655611479615
THR,395,OG1,GLU,396,OE2,151,0.0050331655611479615
LYS,111,NZ,ASP,235,OD1,150,0.004999833338888704
SER,256,N,SER,253,O,149,0.004966501116629446
GLN,258,NE2,GLN,258,O,148,0.004933168894370188
ARG,350,NH1,GLU,58,OE1,148,0.004933168894370188
THR,227,OG1,ASP,238,OD2,147,0.00489983667211093
ARG,98,NH1,GLU,247,OE2,146,0.004866504449851671
ARG,459,NH2,GLY,134,O,146,0.004866504449851671
ARG,81,NH2,ASP,77,OD1,145,0.004833172227592414
PHE,107,N,ASP,106,OD2,144,0.0047998400053331555
ALA,148,N,SER,145,O,144,0.0047998400053331555
LYS,197,NZ,TYR,198,OH,143,0.004766507783073898
LEU,403,N,SER,402,OG,143,0.004766507783073898
THR,272,OG1,THR,147,OG1,142,0.00473317556081464
ARG,45,NH2,LEU,42,O,140,0.004666511116296124
ARG,117,NH1,ARG,112,O,140,0.004666511116296124
LYS,246,NZ,LEU,242,O,138,0.004599846671777608
LEU,312,N,GLU,115,OE2,138,0.004599846671777608
ALA,316,N,LEU,312,O,138,0.004599846671777608
SER,253,OG,ASN,250,O,137,0.0045665144495183494
ARG,350,NH1,GLU,54,OE1,137,0.0045665144495183494
GLY,450,N,GLY,448,O,137,0.0045665144495183494
TYR,162,N,HIE,161,ND1,135,0.0044998500049998336
GLN,211,NE2,GLN,211,O,135,0.0044998500049998336
GLN,345,NE2,THR,344,O,132,0.004399853338222059
GLN,17,N,GLN,17,OE1,130,0.004333188893703543
ARG,350,N,GLU,58,OE2,130,0.004333188893703543
LEU,228,N,GLU,226,O,129,0.004299856671444285
ARG,315,NH2,ALA,414,O,128,0.0042665244491850276
LYS,394,NZ,GLU,411,OE1,128,0.0042665244491850276
LYS,25,NZ,ASP,19,OD2,127,0.004233192226925769
ARG,57,NH2,TYR,373,OH,127,0.004233192226925769
ARG,117,NE,SER,113,O,127,0.004233192226925769
ASN,261,ND2,GLN,258,O,127,0.004233192226925769
GLN,302,NE2,GLN,302,O,127,0.004233192226925769
THR,395,OG1,GLU,396,OE1,127,0.004233192226925769
THR,272,OG1,THR,147,O,126,0.004199860004666511
LYS,288,NZ,GLU,438,O,126,0.004199860004666511
ASN,172,ND2,ASN,172,O,125,0.004166527782407253
ARG,350,NH2,GLU,54,O,125,0.004166527782407253
ARG,415,NE,GLU,411,OE1,123,0.004099863337888737
SER,430,OG,GLU,294,OE1,122,0.004066531115629479
LYS,33,NZ,GLU,32,OE1,121,0.004033198893370221
GLU,128,N,LEU,125,O,121,0.004033198893370221
ARG,295,NH1,HIE,291,O,120,0.003999866671110963
ARG,406,N,LEU,403,O,120,0.003999866671110963
ARG,20,NH1,ASP,19,OD2,119,0.003966534448851705
GLN,258,NE2,ASN,259,OD1,119,0.003966534448851705
ARG,81,NE,ASP,77,O,118,0.003933202226592447
ARG,81,NH2,GLN,258,OE1,118,0.003933202226592447
ASN,259,ND2,SER,253,O,118,0.003933202226592447
ARG,117,NH2,ARG,105,NH1,117,0.003899870004333189
ARG,463,NE,PHE,429,O,117,0.003899870004333189
GLY,186,N,SER,183,O,116,0.003866537782073931
HIE,203,N,HIE,203,ND1,116,0.003866537782073931
ARG,298,NH1,GLN,302,OE1,116,0.003866537782073931
ARG,98,NE,THR,102,OG1,115,0.003833205559814673
GLN,258,NE2,SER,256,OG,115,0.003833205559814673
ASN,263,ND2,ASN,259,OD1,114,0.0037998733375554147
PHE,419,N,ALA,416,O,114,0.0037998733375554147
LYS,223,NZ,HID,224,NE2,113,0.0037665411152961567
SER,153,OG,ILE,150,O,112,0.0037332088930368988
SER,256,OG,ASN,259,ND2,112,0.0037332088930368988
LYS,317,NZ,ASP,314,OD2,111,0.003699876670777641
HID,369,ND1,ASP,333,OD2,111,0.003699876670777641
LEU,284,N,TYR,281,O,110,0.003666544448518383
ARG,81,NH2,TYR,207,OH,108,0.0035998800039998666
ARG,117,NH1,MET,104,O,108,0.0035998800039998666
TYR,207,OH,PRO,78,O,108,0.0035998800039998666
ARG,350,NH1,GLU,58,OE2,107,0.0035665477817406087
PHE,419,N,ALA,414,O,107,0.0035665477817406087
ARG,459,NH1,LYS,133,O,106,0.0035332155594813507
GLN,123,NE2,GLU,127,OE2,105,0.0034998833372220928
THR,147,N,GLN,144,O,105,0.0034998833372220928
LYS,197,NZ,SER,193,O,105,0.0034998833372220928
SER,26,N,LEU,23,O,104,0.0034665511149628344
GLY,84,N,GLY,82,O,104,0.0034665511149628344
ARG,98,NH1,THR,102,OG1,104,0.0034665511149628344
ARG,98,NH1,HID,243,NE2,104,0.0034665511149628344
GLN,119,NE2,GLU,115,O,104,0.0034665511149628344
ARG,204,NE,PHE,199,O,104,0.0034665511149628344
GLU,254,N,GLU,254,OE2,104,0.0034665511149628344
ARG,20,NH2,VAL,18,O,103,0.0034332188927035765
ILE,407,N,HM1,464,O1D,103,0.0034332188927035765
TYR,34,N,ARG,31,O,102,0.0033998866704443185
TYR,216,OH,ASP,164,OD1,102,0.0033998866704443185
HIE,313,NE2,GLU,311,OE1,102,0.0033998866704443185
ARG,117,NE,SER,153,O,101,0.0033665544481850606
HIE,219,NE2,GLU,166,OE2,100,0.0033332222259258026
ARG,225,NE,GLU,245,OE2,100,0.0033332222259258026
ASN,263,ND2,SER,100,OG,98,0.0032665577814072863
SER,402,N,PRO,400,O,98,0.0032665577814072863
LYS,72,NZ,ASP,357,O,97,0.0032332255591480284
ASP,106,N,MET,104,O,97,0.0032332255591480284
GLN,165,NE2,GLN,163,OE1,97,0.0032332255591480284
GLU,359,N,GLU,359,OE1,97,0.0032332255591480284
ALA,367,N,ILE,363,O,97,0.0032332255591480284
ARG,112,NH2,ASP,235,OD1,95,0.0031665611146295125
LYS,234,NZ,SER,231,OG,95,0.0031665611146295125
ARG,295,NH1,TYR,320,OH,95,0.0031665611146295125
ARG,204,NE,LYS,197,O,94,0.003133228892370254
LYS,208,NZ,ASN,209,OD1,94,0.003133228892370254
THR,227,OG1,GLU,226,O,93,0.003099896670110996
ARG,330,N,GLU,327,O,93,0.003099896670110996
GLN,445,NE2,GLN,445,O,93,0.003099896670110996
GLN,445,NE2,GLU,446,OE1,93,0.003099896670110996
ARG,280,NH2,GLU,273,OE2,92,0.0030665644478517383
GLU,121,N,ILE,118,O,91,0.0030332322255924803
ARG,130,NH2,GLN,123,OE1,91,0.0030332322255924803
ARG,308,N,HIE,307,ND1,91,0.0030332322255924803
ARG,97,NH1,LEU,409,N,90,0.0029999000033332224
ARG,92,NH1,GLU,254,OE1,89,0.002966567781073964
GLN,119,NE2,GLU,116,OE2,89,0.002966567781073964
GLU,166,N,GLU,166,OE2,89,0.002966567781073964
THR,358,OG1,LYS,356,O,89,0.002966567781073964
ARG,112,NE,ASP,235,OD2,88,0.002933235558814706
THR,147,OG1,GLN,144,O,88,0.002933235558814706
TYR,240,N,ILE,237,O,88,0.002933235558814706
GLY,134,N,SER,132,O,87,0.002899903336555448
ARG,295,NE,HIE,291,O,87,0.002899903336555448
GLN,123,NE2,GLU,127,OE1,86,0.00286657111429619
GLN,211,NE2,GLU,212,OE2,86,0.00286657111429619
HIE,219,NE2,GLU,166,OE1,86,0.00286657111429619
THR,275,OG1,GLU,417,OE1,86,0.00286657111429619
LYS,394,NZ,GLU,411,OE2,86,0.00286657111429619
ARG,81,NH1,GLN,258,OE1,85,0.0028332388920369322
GLU,166,N,GLU,166,OE1,85,0.0028332388920369322
ARG,225,NH2,GLU,245,OE1,85,0.0028332388920369322
ILE,73,N,GLU,359,OE2,84,0.002799906669777674
SER,183,OG,GLU,446,OE1,84,0.002799906669777674
SER,256,OG,GLU,254,O,83,0.002766574447518416
HIP,384,NE2,LYS,376,O,83,0.002766574447518416
ARG,98,NE,ARG,98,O,82,0.002733242225259158
ARG,112,NH1,SER,153,OG,82,0.002733242225259158
ILE,425,N,PHE,422,O,82,0.002733242225259158
LYS,288,NZ,GLU,438,OE2,81,0.0026999100029999
HIE,313,NE2,GLU,311,OE2,81,0.0026999100029999
ILE,399,N,ALA,397,O,81,0.0026999100029999
ARG,112,NH1,ASP,235,OD1,80,0.002666577780740642
ARG,280,NE,THR,140,OG1,80,0.002666577780740642
LEU,28,N,LYS,25,O,79,0.0026332455584813837
LYS,33,NZ,GLU,32,OE2,79,0.0026332455584813837
ARG,225,NH2,GLU,245,OE2,79,0.0026332455584813837
LYS,288,NZ,GLU,438,OE1,79,0.0026332455584813837
LYS,356,NZ,GLN,345,OE1,79,0.0026332455584813837
LEU,191,N,GLN,187,O,78,0.002599913336222126
GLU,254,N,GLU,254,OE1,78,0.002599913336222126
GLN,258,N,HIE,257,ND1,78,0.002599913336222126
GLU,359,N,GLU,359,OE2,78,0.002599913336222126
GLN,163,NE2,HIE,161,ND1,77,0.002566581113962868
GLN,176,NE2,GLN,176,O,77,0.002566581113962868
GLY,201,N,PHE,199,O,77,0.002566581113962868
THR,239,OG1,ASP,238,OD1,77,0.002566581113962868
ARG,105,NE,LEU,409,O,75,0.002499916669444352
SER,256,N,GLU,254,O,75,0.002499916669444352
ARG,295,NE,TYR,320,OH,75,0.002499916669444352
ASN,261,ND2,ASN,214,ND2,74,0.002466584447185094
LYS,111,NZ,MET,104,O,73,0.0024332522249258357
THR,455,N,GLN,445,NE2,73,0.0024332522249258357
GLN,205,NE2,GLN,205,O,72,0.0023999200026665777
GLN,329,NE2,GLY,410,O,72,0.0023999200026665777
GLU,359,N,PRO,46,O,72,0.0023999200026665777
GLN,445,N,PRO,453,O,72,0.0023999200026665777
ALA,293,N,PRO,290,O,71,0.00236658778040732
LYS,33,NZ,ARG,29,O,70,0.002333255558148062
ARG,92,NE,GLY,82,O,70,0.002333255558148062
HID,369,ND1,ASP,333,OD1,70,0.002333255558148062
ARG,81,NH2,ASP,77,OD2,69,0.002299923335888804
THR,347,OG1,SER,348,O,69,0.002299923335888804
ALA,251,N,ASN,250,OD1,68,0.0022665911136295455
LYS,131,NZ,SER,132,OG,67,0.0022332588913702876
ARG,159,NE,GLU,121,OE2,67,0.0022332588913702876
THR,227,OG1,ASP,238,OD1,67,0.0022332588913702876
HID,341,ND1,VAL,339,O,67,0.0022332588913702876
ASN,172,ND2,GLN,176,OE1,66,0.0021999266691110297
THR,239,OG1,ASP,238,OD2,66,0.0021999266691110297
ARG,81,NH2,PRO,78,O,65,0.0021665944468517717
GLY,82,N,ASP,77,OD1,65,0.0021665944468517717
VAL,184,N,GLU,446,OE1,65,0.0021665944468517717
ASN,389,N,ASP,387,O,65,0.0021665944468517717
PHE,141,N,ASP,138,OD1,64,0.0021332622245925138
ASN,381,ND2,ALA,379,O,64,0.0021332622245925138
PHE,422,N,PHE,419,O,64,0.0021332622245925138
GLN,457,NE2,ASP,138,N,64,0.0021332622245925138
ARG,159,NH1,HIE,161,ND1,63,0.0020999300023332554
GLN,211,NE2,GLU,212,OE1,63,0.0020999300023332554
LEU,362,N,MET,337,O,63,0.0020999300023332554
ASN,172,ND2,LYS,169,O,62,0.0020665977800739975
LEU,262,N,ASN,259,O,62,0.0020665977800739975
SER,220,OG,ILE,217,O,61,0.0020332655578147395
ASP,229,N,THR,227,O,61,0.0020332655578147395
ARG,308,N,GLY,305,O,61,0.0020332655578147395
LYS,317,NZ,HIE,313,ND1,61,0.0020332655578147395
ARG,105,NE,MET,104,O,60,0.0019999333355554816
HIE,41,NE2,PRO,10,O,59,0.0019666011132962236
LYS,288,N,LEU,285,O,59,0.0019666011132962236
THR,455,OG1,THR,455,O,59,0.0019666011132962236
GLN,187,NE2,ILE,181,O,58,0.0019332688910369655
TYR,240,OH,PHE,255,O,58,0.0019332688910369655
ARG,308,NH1,ILE,304,O,58,0.0019332688910369655
GLY,351,N,SER,348,O,58,0.0019332688910369655
TYR,207,OH,GLN,211,OE1,57,0.0018999366687777073
HID,224,ND1,THR,227,OG1,56,0.0018666044465184494
TYR,281,OH,LYS,451,O,56,0.0018666044465184494
GLY,390,N,ASP,387,OD1,56,0.0018666044465184494
GLY,390,N,ASP,387,OD2,56,0.0018666044465184494
ASN,91,ND2,ASN,91,O,55,0.0018332722242591915
GLN,165,NE2,TYR,162,O,55,0.0018332722242591915
ASP,238,N,ASP,235,O,55,0.0018332722242591915
THR,278,N,THR,275,O,55,0.0018332722242591915
VAL,221,N,GLY,218,O,54,0.0017999400019999333
PHE,398,N,THR,395,OG1,54,0.0017999400019999333
GLU,411,N,LEU,409,O,54,0.0017999400019999333
LYS,234,NZ,ASP,229,OD2,53,0.0017666077797406754
ARG,415,NE,GLU,411,O,53,0.0017666077797406754
VAL,449,N,GLN,187,OE1,53,0.0017666077797406754
SER,26,OG,GLN,17,O,52,0.0017332755574814172
LEU,60,N,ARG,57,O,52,0.0017332755574814172
GLY,110,N,PHE,107,O,52,0.0017332755574814172
THR,227,OG1,GLU,226,OE1,52,0.0017332755574814172
LEU,242,N,THR,239,O,52,0.0017332755574814172
ARG,29,NH2,SER,26,OG,51,0.0016999433352221593
GLN,205,NE2,PRO,200,O,51,0.0016999433352221593
LEU,236,N,VAL,155,O,51,0.0016999433352221593
PHE,255,N,GLU,247,OE1,51,0.0016999433352221593
ARG,45,NH2,LYS,72,O,50,0.0016666111129629013
LYS,158,NZ,SER,220,OG,50,0.0016666111129629013
ARG,225,NH2,GLY,218,O,50,0.0016666111129629013
ILE,325,N,GLU,322,O,50,0.0016666111129629013
SER,430,OG,GLU,294,OE2,50,0.0016666111129629013
ASN,172,ND2,GLN,144,OE1,49,0.0016332788907036432
THR,264,N,ASN,261,O,49,0.0016332788907036432
SER,276,OG,THR,147,OG1,49,0.0016332788907036432
ARG,308,NE,ILE,304,O,49,0.0016332788907036432
LEU,312,N,GLN,119,OE1,49,0.0016332788907036432
ARG,415,NE,ARG,315,NH1,49,0.0016332788907036432
ARG,415,NE,GLU,411,OE2,49,0.0016332788907036432
VAL,61,N,ILE,56,O,48,0.0015999466684443852
GLN,144,NE2,ASN,172,OD1,48,0.0015999466684443852
GLY,338,N,VAL,449,O,48,0.0015999466684443852
VAL,449,N,GLN,187,NE2,48,0.0015999466684443852
ARG,105,NH1,GLU,411,OE2,47,0.001566614446185127
GLY,108,N,ASP,106,O,47,0.001566614446185127
SER,256,OG,TYR,83,OH,47,0.001566614446185127
SER,256,OG,SER,253,O,47,0.001566614446185127
TYR,352,N,ARG,350,O,47,0.001566614446185127
PHE,380,N,TYR,289,OH,47,0.001566614446185127
GLY,450,N,SER,182,OG,47,0.001566614446185127
ARG,7,NH2,GLY,5,O,46,0.0015332822239258691
ARG,112,NH1,ASP,235,OD2,46,0.0015332822239258691
GLN,123,NE2,GLU,120,O,46,0.0015332822239258691
SER,183,OG,SER,179,O,46,0.0015332822239258691
THR,227,N,ARG,225,O,46,0.0015332822239258691
LYS,394,N,LEU,392,O,46,0.0015332822239258691
GLN,427,N,THR,424,O,46,0.0015332822239258691
ARG,112,NH2,GLY,157,O,45,0.0014999500016666112
LYS,133,N,LYS,131,O,45,0.0014999500016666112
ARG,415,NH2,TYR,326,OH,45,0.0014999500016666112
ARG,29,NH1,ARG,29,O,44,0.001466617779407353
THR,177,N,PHE,174,O,44,0.001466617779407353
TYR,216,OH,GLU,166,OE2,44,0.001466617779407353
ASN,261,ND2,HIE,257,ND1,44,0.001466617779407353
HIE,307,NE2,ARG,463,OXT,44,0.001466617779407353
ARG,315,NH1,LEU,312,O,44,0.001466617779407353
ARG,117,NH2,SER,153,OG,43,0.001433285557148095
GLN,144,N,PHE,141,O,43,0.001433285557148095
THR,177,OG1,ASN,209,OD1,43,0.001433285557148095
ARG,225,NH2,HIE,257,ND1,43,0.001433285557148095
THR,277,OG1,GLU,273,OE2,43,0.001433285557148095
ARG,298,NH1,ARG,298,O,43,0.001433285557148095
ASN,381,ND2,LYS,376,O,43,0.001433285557148095
SER,132,OG,PHE,460,O,42,0.001399953334888837
GLN,176,NE2,ASN,172,ND2,42,0.001399953334888837
LYS,234,NZ,THR,227,OG1,42,0.001399953334888837
SER,256,OG,ALA,251,O,42,0.001399953334888837
ASP,357,N,THR,344,O,42,0.001399953334888837
GLY,52,N,ILE,363,O,41,0.001366621112629579
ARG,57,NH1,TYR,373,OH,41,0.001366621112629579
LYS,131,NZ,GLN,163,OE1,41,0.001366621112629579
THR,227,OG1,GLU,226,OE2,41,0.001366621112629579
PHE,27,N,LEU,24,O,40,0.001333288890370321
ARG,57,NH1,GLU,396,O,40,0.001333288890370321
GLN,123,NE2,GLU,120,OE1,40,0.001333288890370321
LYS,317,NZ,VAL,303,O,40,0.001333288890370321
ARG,415,NH1,GLU,322,OE2,40,0.001333288890370321
PHE,99,N,LEU,96,O,39,0.001299956668111063
GLU,254,N,GLU,247,OE1,39,0.001299956668111063
LYS,356,N,HIE,346,NE2,39,0.001299956668111063
GLY,69,N,THR,344,OG1,38,0.001266624445851805
GLN,165,N,GLN,165,NE2,38,0.001266624445851805
SER,193,OG,PHE,189,O,38,0.001266624445851805
ASN,250,ND2,HIE,252,ND1,38,0.001266624445851805
HIE,257,NE2,VAL,221,O,38,0.001266624445851805
GLN,258,NE2,HIE,257,NE2,38,0.001266624445851805
ARG,350,N,GLU,58,OE1,38,0.001266624445851805
ILE,407,N,LYS,405,O,38,0.001266624445851805
ARG,117,NH1,SER,153,OG,37,0.001233292223592547
SER,179,OG,GLN,445,OE1,37,0.001233292223592547
ARG,81,NH1,ASP,77,OD1,36,0.0011999600013332889
GLN,205,NE2,ASN,209,ND2,36,0.0011999600013332889
VAL,206,N,HIE,203,O,36,0.0011999600013332889
VAL,296,N,ALA,293,O,36,0.0011999600013332889
HIE,307,NE2,ARG,463,O,36,0.0011999600013332889
ARG,117,NH2,ARG,112,O,35,0.001166627779074031
ARG,295,NH2,HIE,291,ND1,35,0.001166627779074031
TYR,326,OH,ALA,414,O,35,0.001166627779074031
GLN,457,NE2,TYR,456,O,35,0.001166627779074031
GLY,71,N,HID,341,N,34,0.0011332955568147728
GLU,120,N,ARG,117,O,34,0.0011332955568147728
LEU,188,N,GLY,186,O,34,0.0011332955568147728
ASN,209,N,VAL,206,O,34,0.0011332955568147728
ARG,1,NH2,LEU,2,O,33,0.0010999633345555148
ARG,81,NH1,ASP,77,OD2,33,0.0010999633345555148
GLN,123,NE2,GLU,120,OE2,33,0.0010999633345555148
ARG,204,NH2,PHE,199,O,33,0.0010999633345555148
TYR,216,OH,GLU,166,OE1,33,0.0010999633345555148
ARG,280,NH2,TYR,175,OH,33,0.0010999633345555148
ASP,370,N,THR,366,O,33,0.0010999633345555148
GLY,82,N,ASP,77,OD2,32,0.0010666311122962569
ARG,98,NH2,ASP,106,OD2,32,0.0010666311122962569
THR,455,OG1,ASP,138,OD2,32,0.0010666311122962569
ALA,64,N,ALA,59,O,31,0.0010332988900369987
LYS,72,NZ,ARG,70,O,31,0.0010332988900369987
ARG,81,NH1,TYR,207,OH,31,0.0010332988900369987
GLN,211,NE2,LYS,208,O,31,0.0010332988900369987
ARG,280,NH1,TYR,175,OH,31,0.0010332988900369987
THR,395,OG1,HIP,384,O,31,0.0010332988900369987
ARG,1,NH2,PRO,3,O,30,0.0009999666677777408
ARG,98,NH1,ARG,98,O,30,0.0009999666677777408
GLY,110,N,GLY,108,O,30,0.0009999666677777408
ARG,117,NH2,SER,113,O,30,0.0009999666677777408
VAL,155,N,CYS,152,O,30,0.0009999666677777408
LYS,158,NZ,GLY,157,O,30,0.0009999666677777408
GLN,163,NE2,GLN,163,O,30,0.0009999666677777408
LYS,169,NZ,GLN,165,OE1,30,0.0009999666677777408
LYS,394,NZ,GLU,396,OE1,30,0.0009999666677777408
VAL,37,N,TYR,34,O,29,0.0009666344455184827
VAL,53,N,TYR,373,OH,29,0.0009666344455184827
ARG,57,NH2,GLU,58,OE1,29,0.0009666344455184827
SER,145,N,LEU,142,O,29,0.0009666344455184827
SER,182,OG,SER,179,O,29,0.0009666344455184827
TYR,289,N,MET,286,O,29,0.0009666344455184827
VAL,292,N,HIE,291,ND1,29,0.0009666344455184827
THR,344,OG1,ILE,342,O,29,0.0009666344455184827
ARG,350,NE,ASP,36,OD1,29,0.0009666344455184827
LYS,111,NZ,ILE,154,O,28,0.0009333022232592247
GLU,127,N,CYS,124,O,28,0.0009333022232592247
LYS,248,NZ,MET,244,O,28,0.0009333022232592247
SER,266,N,ASN,263,O,28,0.0009333022232592247
ASN,381,ND2,PHE,380,O,28,0.0009333022232592247
LYS,393,NZ,HIP,384,O,28,0.0009333022232592247
PHE,30,N,PHE,27,O,27,0.0008999700009999666
LYS,33,N,ARG,31,O,27,0.0008999700009999666
ALA,74,N,LYS,72,O,27,0.0008999700009999666
VAL,95,N,ARG,92,O,27,0.0008999700009999666
GLN,205,N,ALA,202,O,27,0.0008999700009999666
GLN,205,NE2,GLY,201,O,27,0.0008999700009999666
SER,231,N,ASP,229,O,27,0.0008999700009999666
THR,275,N,THR,272,O,27,0.0008999700009999666
GLN,329,N,TYR,326,O,27,0.0008999700009999666
ARG,463,NH2,SER,430,OG,27,0.0008999700009999666
ARG,20,NH1,LEU,16,O,26,0.0008666377787407086
ARG,98,N,VAL,95,O,26,0.0008666377787407086
GLN,119,N,GLU,116,O,26,0.0008666377787407086
THR,147,OG1,SER,276,OG,26,0.0008666377787407086
GLY,390,N,ALA,388,O,26,0.0008666377787407086
LYS,393,NZ,LYS,393,O,26,0.0008666377787407086
THR,395,OG1,LYS,393,O,26,0.0008666377787407086
ARG,112,NE,LYS,234,O,25,0.0008333055564814507
GLN,123,NE2,GLN,119,OE1,25,0.0008333055564814507
LYS,131,NZ,GLN,163,NE2,25,0.0008333055564814507
ASN,214,ND2,GLN,211,NE2,25,0.0008333055564814507
HID,243,ND1,HID,243,O,25,0.0008333055564814507
THR,277,OG1,LYS,451,O,25,0.0008333055564814507
GLN,329,NE2,ALA,414,O,25,0.0008333055564814507
GLN,457,NE2,ASP,138,OD2,25,0.0008333055564814507
ASN,14,ND2,ARG,7,O,24,0.0007999733342221926
ARG,29,NH1,LYS,25,O,24,0.0007999733342221926
GLU,54,N,TYR,373,OH,24,0.0007999733342221926
ILE,213,N,LEU,210,O,24,0.0007999733342221926
VAL,339,N,HM1,464,O2A,24,0.0007999733342221926
HIE,372,N,HIE,372,ND1,24,0.0007999733342221926
ASN,381,ND2,GLU,375,OE2,24,0.0007999733342221926
LYS,394,NZ,GLU,396,OE2,24,0.0007999733342221926
ASP,441,N,ASP,439,O,24,0.0007999733342221926
ARG,57,NH2,GLU,58,OE2,23,0.0007666411119629346
ASN,91,ND2,HIE,252,O,23,0.0007666411119629346
ARG,105,NH1,GLU,411,OE1,23,0.0007666411119629346
MET,109,N,PHE,107,O,23,0.0007666411119629346
SER,220,OG,HIE,219,ND1,23,0.0007666411119629346
SER,249,OG,GLU,245,O,23,0.0007666411119629346
HIE,252,NE2,TYR,83,OH,23,0.0007666411119629346
ASN,259,N,GLN,258,OE1,23,0.0007666411119629346
ARG,295,N,VAL,292,O,23,0.0007666411119629346
ARG,315,NE,ALA,414,O,23,0.0007666411119629346
PHE,421,N,LEU,418,O,23,0.0007666411119629346
GLN,457,NE2,LEU,136,O,23,0.0007666411119629346
GLU,58,N,ALA,55,O,22,0.0007333088897036765
SER,100,OG,ARG,97,O,22,0.0007333088897036765
HIE,161,NE2,GLU,128,OE1,22,0.0007333088897036765
THR,239,N,LEU,236,O,22,0.0007333088897036765
ARG,298,NH2,GLN,302,OE1,22,0.0007333088897036765
THR,347,OG1,HIE,346,O,22,0.0007333088897036765
ARG,415,NE,ARG,315,NH2,22,0.0007333088897036765
ARG,159,NH1,GLU,120,OE1,21,0.0006999766674444185
HIE,161,NE2,ASP,164,OD2,21,0.0006999766674444185
ARG,225,NH2,ASN,261,OD1,21,0.0006999766674444185
ASN,250,N,LYS,248,O,21,0.0006999766674444185
ASN,259,ND2,GLU,254,OE1,21,0.0006999766674444185
ASP,383,N,ASN,381,ND2,21,0.0006999766674444185
ARG,29,NH2,ARG,21,NH2,20,0.0006666444451851605
LYS,63,NZ,ASP,62,O,20,0.0006666444451851605
ARG,92,NH2,TYR,83,OH,20,0.0006666444451851605
GLN,119,NE2,GLU,116,OE1,20,0.0006666444451851605
GLN,163,N,GLN,163,OE1,20,0.0006666444451851605
GLN,176,NE2,GLN,205,NE2,20,0.0006666444451851605
SER,183,OG,GLU,446,OE2,20,0.0006666444451851605
PHE,199,N,LYS,197,O,20,0.0006666444451851605
LYS,234,NZ,ASP,229,OD1,20,0.0006666444451851605
GLN,258,N,GLN,258,NE2,20,0.0006666444451851605
ARG,315,NE,ARG,415,O,20,0.0006666444451851605
MET,318,N,ASP,314,O,20,0.0006666444451851605
LEU,334,N,SER,332,OG,20,0.0006666444451851605
THR,344,OG1,GLN,345,NE2,20,0.0006666444451851605
PHE,349,N,THR,347,O,20,0.0006666444451851605
GLU,417,N,ILE,413,O,20,0.0006666444451851605
ARG,463,NH1,SER,430,OG,20,0.0006666444451851605
ARG,97,NH2,ARG,406,O,19,0.0006333122229259025
THR,103,OG1,SER,100,O,19,0.0006333122229259025
GLN,165,N,GLN,163,O,19,0.0006333122229259025
GLN,187,NE2,VAL,184,N,19,0.0006333122229259025
GLN,211,NE2,ASN,214,OD1,19,0.0006333122229259025
LYS,223,NZ,HIE,219,NE2,19,0.0006333122229259025
ARG,7,NH1,GLY,5,O,18,0.0005999800006666444
ARG,92,NH1,GLU,254,OE2,18,0.0005999800006666444
ARG,92,NH2,GLY,82,O,18,0.0005999800006666444
ARG,105,NE,GLU,411,OE2,18,0.0005999800006666444
ARG,105,NH2,GLU,115,OE2,18,0.0005999800006666444
ILE,181,N,PHE,178,O,18,0.0005999800006666444
ARG,225,NH1,GLY,218,O,18,0.0005999800006666444
HID,243,ND1,GLU,247,OE2,18,0.0005999800006666444
ASN,250,N,LYS,246,O,18,0.0005999800006666444
ASN,250,ND2,SER,249,OG,18,0.0005999800006666444
GLN,258,NE2,ALA,251,O,18,0.0005999800006666444
LEU,368,N,SER,365,O,18,0.0005999800006666444
GLN,457,NE2,THR,455,OG1,18,0.0005999800006666444
LYS,72,NZ,ASP,357,OD2,17,0.0005666477784073864
ASP,77,N,ALA,74,O,17,0.0005666477784073864
ARG,92,NH1,ARG,81,O,17,0.0005666477784073864
LYS,111,NZ,ASP,235,O,17,0.0005666477784073864
GLY,194,N,LEU,191,O,17,0.0005666477784073864
GLU,254,N,GLU,247,OE2,17,0.0005666477784073864
GLU,273,N,PHE,268,O,17,0.0005666477784073864
GLU,294,N,HIE,291,O,17,0.0005666477784073864
ARG,295,NH1,HIE,291,ND1,17,0.0005666477784073864
HIE,307,NE2,ASN,428,OD1,17,0.0005666477784073864
GLN,457,NE2,THR,455,O,17,0.0005666477784073864
ARG,7,NE,PRO,8,O,16,0.0005333155561481284
ARG,92,N,ASN,89,O,16,0.0005333155561481284
ARG,105,NH1,ASP,106,OD2,16,0.0005333155561481284
SER,132,OG,LYS,133,O,16,0.0005333155561481284
ASP,164,N,HIE,161,ND1,16,0.0005333155561481284
GLN,176,NE2,GLN,205,OE1,16,0.0005333155561481284
LYS,208,NZ,LYS,208,O,16,0.0005333155561481284
THR,239,OG1,LEU,236,O,16,0.0005333155561481284
ALA,391,N,ASN,389,O,16,0.0005333155561481284
ARG,406,NH1,ASN,89,OD1,16,0.0005333155561481284
ARG,415,NE,ARG,315,NE,16,0.0005333155561481284
ARG,415,NH1,GLU,322,OE1,16,0.0005333155561481284
ILE,73,N,GLU,359,OE1,15,0.0004999833338888704
LYS,94,N,ASN,91,O,15,0.0004999833338888704
THR,103,OG1,THR,102,OG1,15,0.0004999833338888704
ARG,130,N,GLU,127,O,15,0.0004999833338888704
HIE,161,NE2,GLN,163,NE2,15,0.0004999833338888704
GLN,163,N,HIE,161,NE2,15,0.0004999833338888704
SER,179,N,GLN,176,O,15,0.0004999833338888704
ASN,209,ND2,GLN,176,NE2,15,0.0004999833338888704
ARG,350,NH2,ALA,55,N,15,0.0004999833338888704
GLN,457,NE2,ASP,138,OD1,15,0.0004999833338888704
GLN,17,NE2,LEU,16,O,14,0.00046665111162961235
LEU,96,N,TRP,93,O,14,0.00046665111162961235
ARG,97,NH1,HM1,464,O2D,14,0.00046665111162961235
ARG,105,NE,GLU,411,OE1,14,0.00046665111162961235
ARG,159,NH1,GLU,120,OE2,14,0.00046665111162961235
ASN,172,N,LYS,169,O,14,0.00046665111162961235
GLN,211,N,LYS,208,O,14,0.00046665111162961235
TYR,297,OH,PRO,306,O,14,0.00046665111162961235
HIE,313,N,GLU,311,O,14,0.00046665111162961235
THR,321,N,MET,318,O,14,0.00046665111162961235
GLN,345,NE2,GLN,345,O,14,0.00046665111162961235
LEU,442,N,ASP,441,OD1,14,0.00046665111162961235
ARG,463,NE,SER,430,OG,14,0.00046665111162961235
ARG,7,NH1,ARG,7,O,13,0.0004333188893703543
ILE,56,N,VAL,53,O,13,0.0004333188893703543
ARG,81,NH2,HIE,252,ND1,13,0.0004333188893703543
ARG,117,NH1,SER,153,O,13,0.0004333188893703543
PHE,141,N,ASP,138,OD2,13,0.0004333188893703543
ILE,150,N,THR,147,O,13,0.0004333188893703543
LYS,158,NZ,THR,227,OG1,13,0.0004333188893703543
TYR,198,OH,GLY,194,O,13,0.0004333188893703543
ARG,204,NH1,LEU,196,O,13,0.0004333188893703543
ASN,209,ND2,GLN,205,OE1,13,0.0004333188893703543
ARG,225,NH2,HIE,257,O,13,0.0004333188893703543
SER,231,OG,ALA,232,O,13,0.0004333188893703543
TYR,240,OH,ASN,263,ND2,13,0.0004333188893703543
HIE,257,N,HIE,257,ND1,13,0.0004333188893703543
HIE,257,NE2,GLY,218,O,13,0.0004333188893703543
SER,276,OG,GLU,273,O,13,0.0004333188893703543
ARG,308,N,GLN,427,NE2,13,0.0004333188893703543
HID,341,ND1,SER,68,O,13,0.0004333188893703543
LEU,420,N,GLU,417,O,13,0.0004333188893703543
CYS,447,N,SER,182,O,13,0.0004333188893703543
ASN,14,ND2,GLY,13,O,12,0.0003999866671110963
ASN,14,ND2,GLN,17,NE2,12,0.0003999866671110963
GLY,35,N,GLU,32,O,12,0.0003999866671110963
ARG,81,NH2,GLN,211,OE1,12,0.0003999866671110963
ARG,105,NH1,ASP,106,OD1,12,0.0003999866671110963
ARG,204,NE,TYR,198,O,12,0.0003999866671110963
LYS,223,NZ,GLU,166,OE2,12,0.0003999866671110963
ASN,259,ND2,GLU,254,OE2,12,0.0003999866671110963
LEU,279,N,SER,276,O,12,0.0003999866671110963
LYS,288,NZ,TYR,289,OH,12,0.0003999866671110963
ARG,295,NE,HIE,291,ND1,12,0.0003999866671110963
LYS,317,NZ,HIE,313,NE2,12,0.0003999866671110963
GLU,322,N,PRO,319,O,12,0.0003999866671110963
ILE,342,N,PHE,67,O,12,0.0003999866671110963
THR,347,OG1,GLN,345,OE1,12,0.0003999866671110963
PHE,398,N,GLU,396,O,12,0.0003999866671110963
LYS,405,N,LEU,403,O,12,0.0003999866671110963
LEU,442,N,ASP,441,OD2,12,0.0003999866671110963
ARG,20,NE,VAL,18,O,11,0.00036665444485183826
ARG,29,NE,LYS,25,O,11,0.00036665444485183826
ALA,66,N,GLU,65,OE1,11,0.00036665444485183826
SER,68,OG,SER,68,O,11,0.00036665444485183826
ARG,98,NH1,LYS,94,O,11,0.00036665444485183826
ARG,105,NH1,ARG,105,O,11,0.00036665444485183826
ARG,112,NH2,THR,103,O,11,0.00036665444485183826
ARG,130,NH1,ASN,428,OD1,11,0.00036665444485183826
LEU,142,N,ASP,138,O,11,0.00036665444485183826
HIE,161,NE2,ASP,164,OD1,11,0.00036665444485183826
GLN,165,NE2,ASP,164,O,11,0.00036665444485183826
LYS,169,NZ,GLU,166,O,11,0.00036665444485183826
ASN,214,ND2,ASN,261,ND2,11,0.00036665444485183826
LYS,246,NZ,HID,243,O,11,0.00036665444485183826
ASN,250,ND2,SER,249,O,11,0.00036665444485183826
ALA,251,N,SER,249,O,11,0.00036665444485183826
SER,253,N,ALA,251,O,11,0.00036665444485183826
HIE,257,NE2,GLU,226,OE1,11,0.00036665444485183826
ASN,259,ND2,TYR,83,O,11,0.00036665444485183826
ARG,295,NH2,ASP,383,OD1,11,0.00036665444485183826
GLY,351,N,PHE,349,O,11,0.00036665444485183826
ASP,378,N,ASP,378,OD1,11,0.00036665444485183826
LYS,25,N,GLN,187,OE1,10,0.00033332222259258026
ASN,89,ND2,PHE,87,O,10,0.00033332222259258026
LYS,111,NZ,GLY,110,O,10,0.00033332222259258026
ILE,126,N,GLN,123,O,10,0.00033332222259258026
ARG,159,NH2,GLU,120,O,10,0.00033332222259258026
HIE,161,NE2,GLU,128,OE2,10,0.00033332222259258026
TYR,175,OH,GLN,445,NE2,10,0.00033332222259258026
SER,249,N,GLU,245,O,10,0.00033332222259258026
ASN,250,ND2,SER,253,OG,10,0.00033332222259258026
PHE,255,N,GLU,247,OE2,10,0.00033332222259258026
ASN,263,N,LEU,260,O,10,0.00033332222259258026
ARG,280,NH2,PRO,454,O,10,0.00033332222259258026
ASN,389,ND2,ALA,388,O,10,0.00033332222259258026
THR,395,OG1,TYR,373,O,10,0.00033332222259258026
LYS,405,NZ,LYS,405,O,10,0.00033332222259258026
ARG,406,NH1,ARG,70,NH1,10,0.00033332222259258026
LYS,451,NZ,TYR,281,OH,10,0.00033332222259258026
PHE,460,N,ALA,135,O,10,0.00033332222259258026
THR,39,N,PRO,3,O,9,0.0002999900003333222
LYS,94,NZ,GLY,90,O,9,0.0002999900003333222
ARG,98,NE,LYS,94,O,9,0.0002999900003333222
GLU,116,N,GLU,115,OE2,9,0.0002999900003333222
PHE,141,N,ASP,138,O,9,0.0002999900003333222
GLN,176,NE2,ASN,209,ND2,9,0.0002999900003333222
GLN,187,NE2,ARG,21,O,9,0.0002999900003333222
GLY,218,N,ALA,215,O,9,0.0002999900003333222
HID,224,ND1,VAL,221,O,9,0.0002999900003333222
GLU,226,N,GLU,226,OE2,9,0.0002999900003333222
ASN,250,ND2,HIE,252,NE2,9,0.0002999900003333222
HIE,307,N,HIE,307,ND1,9,0.0002999900003333222
ARG,315,NH2,LEU,312,O,9,0.0002999900003333222
GLN,345,NE2,ALA,66,N,9,0.0002999900003333222
GLY,351,N,SER,348,OG,9,0.0002999900003333222
LYS,376,NZ,ASP,383,OD2,9,0.0002999900003333222
ASP,378,N,ASP,378,OD2,9,0.0002999900003333222
ARG,406,NE,SER,68,OG,9,0.0002999900003333222
ASN,14,ND2,HIE,41,ND1,8,0.0002666577780740642
ARG,20,NE,ARG,20,O,8,0.0002666577780740642
LYS,33,NZ,LYS,33,O,8,0.0002666577780740642
LYS,63,NZ,GLU,65,OE1,8,0.0002666577780740642
GLY,90,N,ASN,89,ND2,8,0.0002666577780740642
ARG,92,NH2,HIE,252,ND1,8,0.0002666577780740642
ARG,98,NH1,ASP,106,OD2,8,0.0002666577780740642
VAL,101,N,ARG,98,O,8,0.0002666577780740642
ARG,105,NE,GLU,411,O,8,0.0002666577780740642
ARG,112,NH2,GLU,116,O,8,0.0002666577780740642
GLN,205,NE2,GLN,176,NE2,8,0.0002666577780740642
TYR,207,N,ARG,204,O,8,0.0002666577780740642
ASN,209,ND2,GLN,205,NE2,8,0.0002666577780740642
LYS,223,NZ,SER,220,O,8,0.0002666577780740642
ARG,225,NE,HIE,257,NE2,8,0.0002666577780740642
ARG,225,NH1,ARG,225,O,8,0.0002666577780740642
HID,243,ND1,GLU,247,OE1,8,0.0002666577780740642
SER,249,N,GLU,247,O,8,0.0002666577780740642
MET,286,N,PHE,283,O,8,0.0002666577780740642
ARG,295,NH1,ASP,383,OD2,8,0.0002666577780740642
ARG,298,N,ARG,295,O,8,0.0002666577780740642
ARG,298,NE,ARG,295,O,8,0.0002666577780740642
ARG,298,NH2,GLU,299,OE2,8,0.0002666577780740642
ARG,308,NH2,VAL,303,O,8,0.0002666577780740642
VAL,324,N,THR,321,O,8,0.0002666577780740642
SER,332,N,ARG,330,O,8,0.0002666577780740642
VAL,339,N,HID,341,NE2,8,0.0002666577780740642
ARG,350,NE,ASP,36,OD2,8,0.0002666577780740642
LYS,394,NZ,LEU,392,O,8,0.0002666577780740642
THR,455,OG1,ASP,138,OD1,8,0.0002666577780740642
ARG,21,N,ASP,19,O,7,0.00023332555581480617
ARG,29,NH1,SER,26,OG,7,0.00023332555581480617
ARG,31,NH2,CYS,51,O,7,0.00023332555581480617
ASP,36,N,ARG,350,NH1,7,0.00023332555581480617
LYS,63,NZ,SER,348,OG,7,0.00023332555581480617
GLU,65,N,LYS,63,O,7,0.00023332555581480617
ALA,66,N,GLU,65,OE2,7,0.00023332555581480617
LYS,72,NZ,SER,193,O,7,0.00023332555581480617
ARG,92,NH2,HIE,252,O,7,0.00023332555581480617
ARG,112,N,LYS,234,O,7,0.00023332555581480617
ASN,149,N,ILE,146,O,7,0.00023332555581480617
ARG,159,NH2,HIE,161,ND1,7,0.00023332555581480617
TYR,207,OH,GLN,211,NE2,7,0.00023332555581480617
LYS,208,NZ,GLN,205,NE2,7,0.00023332555581480617
GLU,226,N,GLU,226,OE1,7,0.00023332555581480617
THR,227,OG1,ASP,229,OD1,7,0.00023332555581480617
ALA,232,N,PRO,230,O,7,0.00023332555581480617
ASP,238,N,ASP,235,OD1,7,0.00023332555581480617
MET,244,N,LEU,241,O,7,0.00023332555581480617
LYS,246,NZ,SER,249,OG,7,0.00023332555581480617
LYS,246,NZ,ASN,250,OD1,7,0.00023332555581480617
ASN,250,ND2,LYS,246,O,7,0.00023332555581480617
HIE,252,N,ASN,250,O,7,0.00023332555581480617
HIE,252,NE2,ASN,91,ND2,7,0.00023332555581480617
SER,253,N,ASN,250,OD1,7,0.00023332555581480617
SER,266,OG,TYR,83,O,7,0.00023332555581480617
THR,272,OG1,LEU,267,O,7,0.00023332555581480617
THR,278,OG1,SER,332,OG,7,0.00023332555581480617
ARG,280,NH2,THR,140,OG1,7,0.00023332555581480617
TYR,281,OH,PHE,331,O,7,0.00023332555581480617
ARG,308,NH2,GLU,311,OE1,7,0.00023332555581480617
HIE,313,NE2,ARG,308,NH2,7,0.00023332555581480617
ARG,315,NH2,TYR,326,OH,7,0.00023332555581480617
LEU,362,N,HID,341,NE2,7,0.00023332555581480617
ASN,389,ND2,ASN,389,O,7,0.00023332555581480617
LYS,405,NZ,VAL,61,O,7,0.00023332555581480617
ARG,459,NE,PHE,460,O,7,0.00023332555581480617
ARG,7,NH2,PRO,8,O,6,0.00019999333355554815
ARG,20,N,ARG,20,NE,6,0.00019999333355554815
ARG,20,NE,LEU,15,O,6,0.00019999333355554815
ASP,36,N,ARG,350,NH2,6,0.00019999333355554815
HIE,41,NE2,PRO,44,O,6,0.00019999333355554815
ARG,81,NH1,GLN,258,O,6,0.00019999333355554815
ARG,98,NH2,THR,102,N,6,0.00019999333355554815
GLY,108,N,LYS,234,O,6,0.00019999333355554815
GLU,116,N,GLU,115,OE1,6,0.00019999333355554815
GLN,119,NE2,GLN,123,OE1,6,0.00019999333355554815
SER,132,OG,SER,132,O,6,0.00019999333355554815
SER,153,OG,LYS,158,O,6,0.00019999333355554815
GLN,163,NE2,GLN,165,OE1,6,0.00019999333355554815
HIE,257,NE2,GLU,222,N,6,0.00019999333355554815
ASN,259,ND2,TYR,83,OH,6,0.00019999333355554815
ASN,259,ND2,GLN,258,OE1,6,0.00019999333355554815
ARG,280,NH2,PRO,453,O,6,0.00019999333355554815
ARG,295,NH1,ASP,383,OD1,6,0.00019999333355554815
TYR,297,OH,GLN,427,O,6,0.00019999333355554815
TYR,326,N,ALA,323,O,6,0.00019999333355554815
ARG,350,NE,GLU,54,O,6,0.00019999333355554815
LYS,376,NZ,ASN,381,OD1,6,0.00019999333355554815
HIP,384,NE2,GLU,375,OE2,6,0.00019999333355554815
THR,395,OG1,LYS,394,O,6,0.00019999333355554815
GLN,427,NE2,PRO,306,O,6,0.00019999333355554815
THR,443,N,ASP,441,O,6,0.00019999333355554815
GLN,445,NE2,THR,443,O,6,0.00019999333355554815
CYS,447,N,GLU,446,OE1,6,0.00019999333355554815
LEU,461,N,ARG,459,O,6,0.00019999333355554815
LEU,16,N,GLY,13,O,5,0.00016666111129629013
GLY,22,N,ARG,20,O,5,0.00016666111129629013
SER,26,OG,SER,26,O,5,0.00016666111129629013
ARG,29,NE,ARG,29,O,5,0.00016666111129629013
LYS,33,NZ,GLU,32,O,5,0.00016666111129629013
ARG,57,NH1,GLU,58,OE1,5,0.00016666111129629013
ARG,70,NH2,HID,341,ND1,5,0.00016666111129629013
GLY,71,N,ARG,70,NE,5,0.00016666111129629013
ARG,81,NE,ARG,81,O,5,0.00016666111129629013
ARG,81,NH2,ASN,259,ND2,5,0.00016666111129629013
TYR,83,OH,SER,253,O,5,0.00016666111129629013
ARG,92,NH1,HIE,252,ND1,5,0.00016666111129629013
ARG,98,NH2,ASN,91,OD1,5,0.00016666111129629013
ARG,105,NH1,GLY,410,O,5,0.00016666111129629013
ARG,112,NE,SER,153,O,5,0.00016666111129629013
LEU,129,N,ILE,126,O,5,0.00016666111129629013
ARG,130,NE,ASN,428,OD1,5,0.00016666111129629013
SER,132,N,ARG,130,O,5,0.00016666111129629013
ILE,146,N,PHE,143,O,5,0.00016666111129629013
GLN,165,N,TYR,162,O,5,0.00016666111129629013
GLN,165,NE2,GLN,163,NE2,5,0.00016666111129629013
LEU,171,N,LEU,168,O,5,0.00016666111129629013
SER,179,OG,GLN,176,OE1,5,0.00016666111129629013
ASN,209,ND2,ASN,209,O,5,0.00016666111129629013
ASN,214,N,GLN,211,O,5,0.00016666111129629013
ASN,214,ND2,GLN,258,NE2,5,0.00016666111129629013
ILE,217,N,ASN,214,O,5,0.00016666111129629013
LYS,223,NZ,GLU,222,OE1,5,0.00016666111129629013
THR,227,OG1,THR,227,O,5,0.00016666111129629013
THR,227,OG1,LEU,228,O,5,0.00016666111129629013
THR,239,OG1,PRO,233,O,5,0.00016666111129629013
SER,256,OG,PHE,255,O,5,0.00016666111129629013
GLN,258,NE2,ASN,214,ND2,5,0.00016666111129629013
ARG,280,NH1,SER,276,O,5,0.00016666111129629013
ARG,280,NH1,THR,277,OG1,5,0.00016666111129629013
ARG,280,NH2,GLN,445,OE1,5,0.00016666111129629013
ARG,298,NE,GLN,302,OE1,5,0.00016666111129629013
HID,341,ND1,HM1,464,O2A,5,0.00016666111129629013
HIE,346,N,GLN,345,NE2,5,0.00016666111129629013
ARG,350,NH1,GLU,54,O,5,0.00016666111129629013
LYS,356,NZ,GLN,345,NE2,5,0.00016666111129629013
THR,395,N,LYS,393,O,5,0.00016666111129629013
ALA,414,N,GLY,412,O,5,0.00016666111129629013
THR,455,OG1,GLN,445,NE2,5,0.00016666111129629013
TYR,456,OH,LEU,284,N,5,0.00016666111129629013
GLN,457,N,GLN,457,OE1,5,0.00016666111129629013
ARG,463,NE,GLN,427,O,5,0.00016666111129629013
ARG,1,NH2,HIE,346,ND1,4,0.0001333288890370321
GLY,13,N,LEU,11,O,4,0.0001333288890370321
LYS,25,NZ,LYS,25,O,4,0.0001333288890370321
ARG,29,NH2,GLU,32,O,4,0.0001333288890370321
SER,68,N,ILE,342,O,4,0.0001333288890370321
SER,68,OG,ASN,89,OD1,4,0.0001333288890370321
GLY,69,N,ALA,66,O,4,0.0001333288890370321
TYR,83,N,ARG,81,O,4,0.0001333288890370321
ASN,91,ND2,HIE,252,ND1,4,0.0001333288890370321
ARG,92,NE,TYR,83,OH,4,0.0001333288890370321
ARG,97,NH2,LYS,405,O,4,0.0001333288890370321
MET,104,N,THR,103,OG1,4,0.0001333288890370321
ARG,117,NH2,ARG,105,NH2,4,0.0001333288890370321
LYS,133,NZ,LYS,133,O,4,0.0001333288890370321
GLY,157,N,SER,153,O,4,0.0001333288890370321
GLN,163,NE2,HIE,161,NE2,4,0.0001333288890370321
LEU,168,N,GLN,165,O,4,0.0001333288890370321
TYR,175,N,ASN,172,O,4,0.0001333288890370321
ASN,214,ND2,ASN,261,O,4,0.0001333288890370321
ARG,225,NH1,HIE,257,NE2,4,0.0001333288890370321
LYS,246,NZ,GLU,245,OE2,4,0.0001333288890370321
LYS,248,N,LYS,246,O,4,0.0001333288890370321
GLN,258,NE2,ARG,81,NH2,4,0.0001333288890370321
GLN,258,NE2,TYR,83,OH,4,0.0001333288890370321
GLN,258,NE2,ASN,261,OD1,4,0.0001333288890370321
ASN,259,ND2,GLN,258,O,4,0.0001333288890370321
LEU,265,N,LEU,262,O,4,0.0001333288890370321
PHE,269,N,SER,266,O,4,0.0001333288890370321
THR,272,N,LEU,267,O,4,0.0001333288890370321
THR,272,OG1,ALA,148,N,4,0.0001333288890370321
THR,274,N,GLY,271,O,4,0.0001333288890370321
THR,274,OG1,GLY,271,O,4,0.0001333288890370321
ARG,280,NH1,PRO,453,O,4,0.0001333288890370321
ARG,298,NH2,ARG,295,O,4,0.0001333288890370321
GLN,302,NE2,ARG,298,NH2,4,0.0001333288890370321
ARG,308,NH2,PRO,309,O,4,0.0001333288890370321
HIE,313,N,HIE,313,ND1,4,0.0001333288890370321
ARG,330,NH2,GLU,327,OE2,4,0.0001333288890370321
ILE,342,N,ARG,70,N,4,0.0001333288890370321
THR,344,OG1,ASP,357,OD2,4,0.0001333288890370321
THR,347,N,GLN,345,O,4,0.0001333288890370321
HID,369,ND1,SER,365,OG,4,0.0001333288890370321
LYS,393,NZ,GLU,375,OE1,4,0.0001333288890370321
LYS,393,NZ,THR,395,OG1,4,0.0001333288890370321
LYS,394,NZ,THR,395,O,4,0.0001333288890370321
ARG,406,NE,ASN,89,OD1,4,0.0001333288890370321
ARG,406,NH2,HM1,464,O2D,4,0.0001333288890370321
ILE,413,N,GLU,411,O,4,0.0001333288890370321
ARG,415,NH1,GLU,411,O,4,0.0001333288890370321
SER,430,OG,MET,431,O,4,0.0001333288890370321
SER,430,OG,ARG,463,OXT,4,0.0001333288890370321
GLN,457,NE2,MET,137,O,4,0.0001333288890370321
ARG,7,N,GLN,17,OE1,3,9.999666677777408e-05
LEU,16,N,ASN,14,O,3,9.999666677777408e-05
ARG,20,NH2,LEU,16,O,3,9.999666677777408e-05
ARG,21,NH2,ARG,29,NH1,3,9.999666677777408e-05
GLY,22,N,ASP,19,OD1,3,9.999666677777408e-05
ARG,29,NH1,ARG,21,NH2,3,9.999666677777408e-05
ARG,31,NE,ASP,36,N,3,9.999666677777408e-05
ARG,31,NH1,THR,366,O,3,9.999666677777408e-05
LYS,72,NZ,ARG,45,NH1,3,9.999666677777408e-05
ARG,81,NH1,HIE,252,ND1,3,9.999666677777408e-05
ARG,81,NH2,TYR,83,OH,3,9.999666677777408e-05
TYR,83,OH,GLN,258,OE1,3,9.999666677777408e-05
GLY,84,N,ASN,263,OD1,3,9.999666677777408e-05
ASN,89,ND2,ARG,70,N,3,9.999666677777408e-05
ASN,89,ND2,ALA,88,O,3,9.999666677777408e-05
ARG,92,NH1,TYR,83,OH,3,9.999666677777408e-05
ARG,92,NH1,ASN,89,OD1,3,9.999666677777408e-05
ARG,97,N,ARG,92,O,3,9.999666677777408e-05
THR,102,OG1,ASP,106,O,3,9.999666677777408e-05
GLY,110,N,LYS,111,O,3,9.999666677777408e-05
ARG,112,NH1,SER,153,O,3,9.999666677777408e-05
GLN,123,NE2,ALA,122,O,3,9.999666677777408e-05
ARG,130,NH1,GLN,123,OE1,3,9.999666677777408e-05
SER,153,OG,GLY,157,O,3,9.999666677777408e-05
LYS,158,NZ,ASP,235,OD1,3,9.999666677777408e-05
GLN,163,NE2,ASP,164,OD1,3,9.999666677777408e-05
SER,193,OG,MET,75,N,3,9.999666677777408e-05
LYS,197,NZ,SER,193,OG,3,9.999666677777408e-05
TYR,198,N,LEU,196,O,3,9.999666677777408e-05
LYS,208,N,GLN,205,O,3,9.999666677777408e-05
LYS,208,NZ,GLN,211,NE2,3,9.999666677777408e-05
HIE,219,N,ASN,214,O,3,9.999666677777408e-05
LYS,223,NZ,GLU,166,OE1,3,9.999666677777408e-05
LYS,223,NZ,LYS,223,O,3,9.999666677777408e-05
GLU,226,N,HID,224,O,3,9.999666677777408e-05
THR,227,OG1,ASP,229,OD2,3,9.999666677777408e-05
SER,231,OG,PRO,230,O,3,9.999666677777408e-05
LYS,234,NZ,PRO,233,O,3,9.999666677777408e-05
THR,239,N,ASP,238,OD2,3,9.999666677777408e-05
LYS,246,NZ,HID,243,ND1,3,9.999666677777408e-05
LYS,246,NZ,LYS,246,O,3,9.999666677777408e-05
LYS,248,NZ,HIE,257,ND1,3,9.999666677777408e-05
HIE,252,NE2,GLU,247,OE2,3,9.999666677777408e-05
HIE,257,NE2,ARG,225,O,3,9.999666677777408e-05
GLN,258,NE2,ARG,81,NH1,3,9.999666677777408e-05
ASN,261,ND2,GLN,258,NE2,3,9.999666677777408e-05
SER,276,OG,THR,140,O,3,9.999666677777408e-05
TYR,281,N,THR,278,O,3,9.999666677777408e-05
LYS,288,NZ,LYS,288,O,3,9.999666677777408e-05
ARG,295,NH2,GLN,302,OE1,3,9.999666677777408e-05
ARG,298,NE,GLU,294,O,3,9.999666677777408e-05
ARG,298,NH1,GLU,299,OE2,3,9.999666677777408e-05
ILE,300,N,TYR,297,O,3,9.999666677777408e-05
GLN,302,NE2,GLU,299,OE2,3,9.999666677777408e-05
ARG,308,NH1,GLU,311,OE2,3,9.999666677777408e-05
ARG,308,NH2,ILE,304,O,3,9.999666677777408e-05
HIE,313,NE2,ARG,308,NH1,3,9.999666677777408e-05
SER,332,OG,THR,278,OG1,3,9.999666677777408e-05
HID,341,ND1,VAL,360,O,3,9.999666677777408e-05
SER,348,OG,THR,347,O,3,9.999666677777408e-05
SER,348,OG,GLY,351,O,3,9.999666677777408e-05
HID,369,ND1,PRO,377,O,3,9.999666677777408e-05
ASN,381,ND2,GLU,375,OE1,3,9.999666677777408e-05
ASP,383,N,ASP,383,OD2,3,9.999666677777408e-05
ALA,391,N,ASN,389,ND2,3,9.999666677777408e-05
LYS,393,NZ,LEU,392,O,3,9.999666677777408e-05
ALA,397,N,GLU,396,OE2,3,9.999666677777408e-05
ARG,406,NH1,ILE,86,O,3,9.999666677777408e-05
GLY,410,N,CM1,408,O,3,9.999666677777408e-05
GLY,412,N,ARG,105,NE,3,9.999666677777408e-05
LEU,418,N,ALA,414,O,3,9.999666677777408e-05
THR,423,N,LEU,420,O,3,9.999666677777408e-05
THR,424,N,PHE,421,O,3,9.999666677777408e-05
THR,424,OG1,ALA,122,O,3,9.999666677777408e-05
PHE,429,N,LEU,426,O,3,9.999666677777408e-05
SER,430,OG,PHE,429,O,3,9.999666677777408e-05
SER,430,OG,SER,430,O,3,9.999666677777408e-05
ALA,432,N,SER,430,O,3,9.999666677777408e-05
ARG,463,NH1,GLN,427,O,3,9.999666677777408e-05
ARG,1,N,ILE,353,N,2,6.666444451851606e-05
ARG,7,NE,ARG,7,O,2,6.666444451851606e-05
GLN,17,NE2,ARG,7,N,2,6.666444451851606e-05
ARG,21,NH2,LYS,25,O,2,6.666444451851606e-05
LEU,23,N,GLN,187,NE2,2,6.666444451851606e-05
LEU,24,N,GLY,448,O,2,6.666444451851606e-05
LYS,25,NZ,ARG,21,NH1,2,6.666444451851606e-05
ARG,29,NH2,LYS,25,O,2,6.666444451851606e-05
ARG,31,N,LEU,28,O,2,6.666444451851606e-05
ARG,31,NH1,GLU,32,OE1,2,6.666444451851606e-05
ARG,31,NH2,THR,366,O,2,6.666444451851606e-05
TYR,34,OH,GLY,5,O,2,6.666444451851606e-05
THR,39,OG1,PRO,3,N,2,6.666444451851606e-05
ARG,45,NE,GLU,359,OE1,2,6.666444451851606e-05
ARG,45,NH1,PRO,46,O,2,6.666444451851606e-05
ARG,57,NH1,GLU,58,OE2,2,6.666444451851606e-05
LYS,72,NZ,GLU,190,O,2,6.666444451851606e-05
ARG,81,NE,TYR,83,OH,2,6.666444451851606e-05
ARG,81,NE,GLN,258,OE1,2,6.666444451851606e-05
GLY,84,N,ASN,259,OD1,2,6.666444451851606e-05
ASN,89,ND2,SER,68,OG,2,6.666444451851606e-05
ARG,92,N,ASN,89,ND2,2,6.666444451851606e-05
ARG,97,NH2,ILE,407,N,2,6.666444451851606e-05
ARG,105,NH2,VAL,101,O,2,6.666444451851606e-05
ARG,105,NH2,MET,104,O,2,6.666444451851606e-05
LYS,111,NZ,THR,102,OG1,2,6.666444451851606e-05
ARG,112,NE,GLU,120,OE2,2,6.666444451851606e-05
ARG,117,NE,ARG,112,O,2,6.666444451851606e-05
GLN,119,NE2,GLN,123,NE2,2,6.666444451851606e-05
GLU,120,N,GLU,115,O,2,6.666444451851606e-05
GLN,123,NE2,ARG,130,NH2,2,6.666444451851606e-05
LEU,125,N,ALA,122,O,2,6.666444451851606e-05
ARG,130,NE,GLU,127,O,2,6.666444451851606e-05
ARG,130,NH2,GLN,123,NE2,2,6.666444451851606e-05
PHE,143,N,THR,140,O,2,6.666444451851606e-05
SER,153,OG,SER,153,O,2,6.666444451851606e-05
LYS,158,N,HID,224,NE2,2,6.666444451851606e-05
LYS,158,NZ,ASP,235,OD2,2,6.666444451851606e-05
ARG,159,NH2,GLU,120,OE1,2,6.666444451851606e-05
ARG,159,NH2,PHE,160,O,2,6.666444451851606e-05
ARG,159,NH2,TYR,162,OH,2,6.666444451851606e-05
HIE,161,NE2,GLN,163,O,2,6.666444451851606e-05
GLN,165,N,ASP,164,OD1,2,6.666444451851606e-05
GLN,165,NE2,ASP,164,OD2,2,6.666444451851606e-05
GLN,165,NE2,ASN,172,OD1,2,6.666444451851606e-05
GLU,166,N,GLN,165,OE1,2,6.666444451851606e-05
PHE,178,N,TYR,175,O,2,6.666444451851606e-05
SER,179,OG,TYR,175,OH,2,6.666444451851606e-05
SER,193,N,LEU,191,O,2,6.666444451851606e-05
HIE,203,NE2,ARG,204,NH2,2,6.666444451851606e-05
ARG,204,NE,HIE,203,NE2,2,6.666444451851606e-05
GLN,205,NE2,ALA,202,N,2,6.666444451851606e-05
ASN,209,ND2,THR,177,N,2,6.666444451851606e-05
LEU,210,N,TYR,207,O,2,6.666444451851606e-05
ASN,214,ND2,LEU,262,N,2,6.666444451851606e-05
LYS,223,NZ,SER,220,OG,2,6.666444451851606e-05
LYS,223,NZ,GLU,226,O,2,6.666444451851606e-05
LYS,223,NZ,ASP,229,OD2,2,6.666444451851606e-05
LYS,223,NZ,ASP,235,OD1,2,6.666444451851606e-05
HID,224,N,GLU,222,O,2,6.666444451851606e-05
HID,224,ND1,SER,220,OG,2,6.666444451851606e-05
ARG,225,N,LYS,223,O,2,6.666444451851606e-05
ARG,225,NH1,ASN,261,ND2,2,6.666444451851606e-05
ARG,225,NH2,HIE,257,NE2,2,6.666444451851606e-05
LYS,234,NZ,GLY,157,O,2,6.666444451851606e-05
LYS,246,NZ,GLU,245,OE1,2,6.666444451851606e-05
SER,253,OG,HIE,252,O,2,6.666444451851606e-05
SER,256,N,SER,253,OG,2,6.666444451851606e-05
SER,256,OG,GLN,258,NE2,2,6.666444451851606e-05
HIE,257,NE2,ARG,225,NH1,2,6.666444451851606e-05
HIE,257,NE2,GLN,258,OE1,2,6.666444451851606e-05
GLN,258,NE2,HIE,257,O,2,6.666444451851606e-05
ASN,259,ND2,PHE,255,N,2,6.666444451851606e-05
ASN,259,ND2,SER,256,O,2,6.666444451851606e-05
ASN,261,ND2,ILE,217,O,2,6.666444451851606e-05
ASN,261,ND2,GLU,222,OE2,2,6.666444451851606e-05
ASN,263,ND2,GLU,254,O,2,6.666444451851606e-05
ASN,263,ND2,SER,266,OG,2,6.666444451851606e-05
THR,272,OG1,GLY,271,O,2,6.666444451851606e-05
THR,274,OG1,HM1,464,NB,2,6.666444451851606e-05
ARG,280,NH2,GLN,445,NE2,2,6.666444451851606e-05
GLY,282,N,LEU,279,O,2,6.666444451851606e-05
LEU,284,N,TYR,456,OH,2,6.666444451851606e-05
TYR,297,OH,ARG,463,OXT,2,6.666444451851606e-05
GLN,302,NE2,GLU,301,O,2,6.666444451851606e-05
GLN,302,NE2,LYS,317,O,2,6.666444451851606e-05
ILE,304,N,GLU,299,O,2,6.666444451851606e-05
ARG,308,NH2,GLU,311,OE2,2,6.666444451851606e-05
HIE,313,NE2,GLU,115,OE2,2,6.666444451851606e-05
LYS,317,NZ,GLN,302,OE1,2,6.666444451851606e-05
ARG,330,NH2,ASP,378,O,2,6.666444451851606e-05
ARG,330,NH2,ALA,379,O,2,6.666444451851606e-05
GLN,345,NE2,HIE,346,ND1,2,6.666444451851606e-05
THR,358,OG1,ASP,357,O,2,6.666444451851606e-05
LEU,364,N,PRO,336,O,2,6.666444451851606e-05
LEU,364,N,MET,337,O,2,6.666444451851606e-05
LYS,376,NZ,ASP,383,OD1,2,6.666444451851606e-05
ASN,381,ND2,HIP,384,NE2,2,6.666444451851606e-05
HIP,384,NE2,GLU,375,OE1,2,6.666444451851606e-05
LYS,393,NZ,GLU,375,OE2,2,6.666444451851606e-05
ARG,406,NE,GLY,69,O,2,6.666444451851606e-05
ILE,407,N,ARG,97,NH2,2,6.666444451851606e-05
GLY,410,N,HM1,464,NC,2,6.666444451851606e-05
GLY,412,N,GLU,411,OE1,2,6.666444451851606e-05
ARG,415,NH2,GLU,411,O,2,6.666444451851606e-05
GLN,427,NE2,HIE,307,N,2,6.666444451851606e-05
SER,430,N,PRO,462,O,2,6.666444451851606e-05
SER,430,OG,ARG,463,NH1,2,6.666444451851606e-05
GLN,445,N,PRO,454,N,2,6.666444451851606e-05
TYR,456,N,ASP,138,OD2,2,6.666444451851606e-05
TYR,456,OH,PHE,283,O,2,6.666444451851606e-05
ARG,459,NH1,SER,433,O,2,6.666444451851606e-05
ARG,1,N,LEU,2,O,1,3.333222225925803e-05
ARG,1,NH2,GLY,5,O,1,3.333222225925803e-05
ARG,1,NH2,TYR,352,OH,1,3.333222225925803e-05
ARG,7,N,ARG,7,NE,1,3.333222225925803e-05
ASN,14,ND2,PRO,8,N,1,3.333222225925803e-05
GLN,17,N,LEU,15,O,1,3.333222225925803e-05
ASP,19,N,ARG,29,NH2,1,3.333222225925803e-05
ARG,20,N,ASP,19,OD1,1,3.333222225925803e-05
ARG,20,N,ASP,19,OD2,1,3.333222225925803e-05
ARG,20,NE,ARG,20,N,1,3.333222225925803e-05
GLY,22,N,ASP,19,OD2,1,3.333222225925803e-05
LEU,24,N,GLN,187,NE2,1,3.333222225925803e-05
LYS,25,NZ,ARG,21,NE,1,3.333222225925803e-05
LYS,25,NZ,ARG,21,NH2,1,3.333222225925803e-05
LYS,25,NZ,CYS,447,O,1,3.333222225925803e-05
ARG,29,N,PHE,27,O,1,3.333222225925803e-05
ARG,29,NE,LEU,28,O,1,3.333222225925803e-05
ARG,31,NH1,HID,369,O,1,3.333222225925803e-05
ARG,31,NH2,GLY,52,N,1,3.333222225925803e-05
VAL,37,N,GLY,35,O,1,3.333222225925803e-05
ARG,45,NE,GLU,190,O,1,3.333222225925803e-05
ARG,45,NH1,ASP,357,O,1,3.333222225925803e-05
GLY,52,N,LEU,50,O,1,3.333222225925803e-05
ARG,57,N,GLU,54,O,1,3.333222225925803e-05
ARG,57,NE,VAL,53,O,1,3.333222225925803e-05
ASP,62,N,ALA,59,O,1,3.333222225925803e-05
LYS,63,NZ,GLU,65,OE2,1,3.333222225925803e-05
ALA,66,N,ALA,64,O,1,3.333222225925803e-05
SER,68,OG,ALA,66,O,1,3.333222225925803e-05
ARG,70,NE,GLY,69,O,1,3.333222225925803e-05
ARG,70,NE,HID,341,ND1,1,3.333222225925803e-05
ARG,70,NH1,HM1,464,O2D,1,3.333222225925803e-05
LYS,72,NZ,LYS,72,O,1,3.333222225925803e-05
ARG,81,NE,ASP,77,OD2,1,3.333222225925803e-05
ARG,81,NE,GLN,258,O,1,3.333222225925803e-05
ARG,81,NH1,TYR,83,OH,1,3.333222225925803e-05
ARG,81,NH1,GLN,258,NE2,1,3.333222225925803e-05
ARG,81,NH2,GLN,258,NE2,1,3.333222225925803e-05
TYR,83,OH,ALA,251,O,1,3.333222225925803e-05
TYR,83,OH,PHE,255,O,1,3.333222225925803e-05
TYR,83,OH,ASN,259,ND2,1,3.333222225925803e-05
ILE,86,N,GLY,84,O,1,3.333222225925803e-05
ALA,88,N,ILE,86,O,1,3.333222225925803e-05
ASN,89,ND2,ASN,89,O,1,3.333222225925803e-05
ASN,91,ND2,HIE,252,NE2,1,3.333222225925803e-05
ARG,92,N,ASN,91,OD1,1,3.333222225925803e-05
ARG,92,NH2,HIE,252,NE2,1,3.333222225925803e-05
ARG,97,N,LYS,94,O,1,3.333222225925803e-05
THR,102,OG1,THR,102,O,1,3.333222225925803e-05
THR,102,OG1,HID,243,NE2,1,3.333222225925803e-05
MET,104,N,PHE,99,O,1,3.333222225925803e-05
ARG,105,NH2,CM1,408,O,1,3.333222225925803e-05
ARG,112,NE,ASP,235,OD1,1,3.333222225925803e-05
ARG,112,NH2,ARG,117,N,1,3.333222225925803e-05
ARG,112,NH2,ILE,154,O,1,3.333222225925803e-05
ARG,112,NH2,LYS,234,O,1,3.333222225925803e-05
VAL,114,N,GLU,115,OE2,1,3.333222225925803e-05
GLU,116,N,GLU,116,OE1,1,3.333222225925803e-05
GLU,116,N,GLU,116,OE2,1,3.333222225925803e-05
ARG,117,N,GLU,115,O,1,3.333222225925803e-05
GLN,119,NE2,GLU,116,O,1,3.333222225925803e-05
GLN,123,NE2,GLN,119,NE2,1,3.333222225925803e-05
GLN,123,NE2,CYS,124,N,1,3.333222225925803e-05
GLN,123,NE2,ARG,130,NH1,1,3.333222225925803e-05
ARG,130,NH1,ILE,126,O,1,3.333222225925803e-05
ARG,130,NH1,ASN,428,O,1,3.333222225925803e-05
ARG,130,NH2,ASN,428,O,1,3.333222225925803e-05
LYS,131,N,LEU,129,O,1,3.333222225925803e-05
LYS,131,NZ,GLU,128,O,1,3.333222225925803e-05
SER,132,OG,LYS,131,O,1,3.333222225925803e-05
LYS,133,NZ,LEU,136,O,1,3.333222225925803e-05
MET,137,N,ALA,135,O,1,3.333222225925803e-05
ASP,138,N,GLN,457,OE1,1,3.333222225925803e-05
GLN,144,N,LEU,142,O,1,3.333222225925803e-05
GLN,144,NE2,ASN,172,N,1,3.333222225925803e-05
GLN,144,NE2,TYR,175,N,1,3.333222225925803e-05
GLN,144,NE2,THR,272,O,1,3.333222225925803e-05
GLN,144,NE2,ARG,280,NH1,1,3.333222225925803e-05
ASN,149,ND2,ARG,159,NH2,1,3.333222225925803e-05
SER,153,N,ILE,150,O,1,3.333222225925803e-05
SER,153,OG,GLU,120,OE1,1,3.333222225925803e-05
GLY,157,N,VAL,155,N,1,3.333222225925803e-05
ARG,159,NE,HIE,161,ND1,1,3.333222225925803e-05
ARG,159,NH1,GLU,121,OE1,1,3.333222225925803e-05
HIE,161,N,HIE,161,ND1,1,3.333222225925803e-05
GLN,163,NE2,GLN,165,NE2,1,3.333222225925803e-05
GLN,165,NE2,GLN,165,N,1,3.333222225925803e-05
LYS,169,NZ,GLN,165,NE2,1,3.333222225925803e-05
TYR,175,OH,THR,140,OG1,1,3.333222225925803e-05
TYR,175,OH,ARG,280,NH2,1,3.333222225925803e-05
TYR,175,OH,THR,455,OG1,1,3.333222225925803e-05
GLN,176,NE2,LEU,173,N,1,3.333222225925803e-05
SER,179,OG,SER,179,O,1,3.333222225925803e-05
GLN,187,NE2,VAL,184,O,1,3.333222225925803e-05
SER,193,OG,LEU,42,O,1,3.333222225925803e-05
PHE,195,N,SER,193,O,1,3.333222225925803e-05
ARG,204,N,HIE,203,NE2,1,3.333222225925803e-05
ARG,204,NH1,ARG,204,O,1,3.333222225925803e-05
ARG,204,NH1,GLN,205,OE1,1,3.333222225925803e-05
ARG,204,NH2,GLN,205,OE1,1,3.333222225925803e-05
GLN,205,N,GLN,205,OE1,1,3.333222225925803e-05
TYR,207,OH,ALA,74,O,1,3.333222225925803e-05
LYS,208,NZ,ARG,204,O,1,3.333222225925803e-05
LYS,208,NZ,TYR,207,OH,1,3.333222225925803e-05
ASN,209,ND2,GLN,176,O,1,3.333222225925803e-05
TYR,216,N,ASN,214,O,1,3.333222225925803e-05
TYR,216,OH,PHE,167,N,1,3.333222225925803e-05
HIE,219,NE2,ALA,215,O,1,3.333222225925803e-05
SER,220,OG,HID,224,NE2,1,3.333222225925803e-05
ARG,225,NH1,VAL,221,O,1,3.333222225925803e-05
ARG,225,NH2,ASN,261,ND2,1,3.333222225925803e-05
THR,227,OG1,PHE,156,O,1,3.333222225925803e-05
SER,231,OG,ASP,229,O,1,3.333222225925803e-05
SER,231,OG,ASP,238,OD2,1,3.333222225925803e-05
LYS,234,NZ,PHE,156,O,1,3.333222225925803e-05
LYS,234,NZ,LYS,234,O,1,3.333222225925803e-05
LEU,236,N,ASP,235,OD2,1,3.333222225925803e-05
THR,239,N,ASP,238,OD1,1,3.333222225925803e-05
TYR,240,OH,ASN,259,O,1,3.333222225925803e-05
TYR,240,OH,LEU,260,N,1,3.333222225925803e-05
HID,243,ND1,TYR,240,O,1,3.333222225925803e-05
LYS,246,NZ,GLU,245,O,1,3.333222225925803e-05
GLU,247,N,GLU,245,O,1,3.333222225925803e-05
LYS,248,NZ,LYS,248,O,1,3.333222225925803e-05
SER,249,N,ASN,250,OD1,1,3.333222225925803e-05
SER,249,OG,GLU,247,O,1,3.333222225925803e-05
SER,249,OG,ASN,250,ND2,1,3.333222225925803e-05
HIE,252,N,HIE,252,ND1,1,3.333222225925803e-05
HIE,252,NE2,ASN,91,OD1,1,3.333222225925803e-05
HIE,252,NE2,GLU,247,OE1,1,3.333222225925803e-05
HIE,252,NE2,ASN,250,OD1,1,3.333222225925803e-05
HIE,252,NE2,GLN,258,OE1,1,3.333222225925803e-05
SER,253,N,ASN,250,ND2,1,3.333222225925803e-05
SER,256,N,ASN,259,ND2,1,3.333222225925803e-05
SER,256,OG,ASN,259,OD1,1,3.333222225925803e-05
HIE,257,NE2,ARG,225,NE,1,3.333222225925803e-05
HIE,257,NE2,GLU,226,OE2,1,3.333222225925803e-05
HIE,257,NE2,ASN,261,OD1,1,3.333222225925803e-05
GLN,258,NE2,ASN,261,ND2,1,3.333222225925803e-05
ASN,259,ND2,ARG,81,NH1,1,3.333222225925803e-05
ASN,259,ND2,ARG,81,NH2,1,3.333222225925803e-05
ASN,259,ND2,TYR,240,OH,1,3.333222225925803e-05
ASN,259,ND2,SER,256,N,1,3.333222225925803e-05
ASN,261,ND2,GLU,222,OE1,1,3.333222225925803e-05
ASN,261,ND2,ARG,225,NH1,1,3.333222225925803e-05
ASN,263,ND2,LEU,260,O,1,3.333222225925803e-05
THR,272,N,PHE,269,O,1,3.333222225925803e-05
THR,272,OG1,GLU,273,OE2,1,3.333222225925803e-05
GLU,273,N,ALA,270,O,1,3.333222225925803e-05
SER,276,OG,ARG,280,NH1,1,3.333222225925803e-05
THR,277,OG1,SER,276,OG,1,3.333222225925803e-05
ARG,280,N,THR,277,O,1,3.333222225925803e-05
ARG,280,NH2,ASP,138,OD2,1,3.333222225925803e-05
ARG,280,NH2,THR,455,OG1,1,3.333222225925803e-05
TYR,281,OH,SER,332,O,1,3.333222225925803e-05
PHE,283,N,ARG,280,O,1,3.333222225925803e-05
LEU,285,N,GLY,282,O,1,3.333222225925803e-05
HIE,291,N,TYR,289,O,1,3.333222225925803e-05
ARG,295,NH1,GLU,299,OE1,1,3.333222225925803e-05
ARG,295,NH1,GLN,302,OE1,1,3.333222225925803e-05
ARG,295,NH1,GLN,302,NE2,1,3.333222225925803e-05
ARG,295,NH2,HIE,291,NE2,1,3.333222225925803e-05
ARG,295,NH2,HIE,291,O,1,3.333222225925803e-05
ARG,295,NH2,VAL,292,N,1,3.333222225925803e-05
ARG,298,NH1,ARG,463,NH2,1,3.333222225925803e-05
ARG,298,NH2,ARG,295,N,1,3.333222225925803e-05
ARG,298,NH2,GLN,302,NE2,1,3.333222225925803e-05
GLU,299,N,TYR,297,O,1,3.333222225925803e-05
HIE,307,N,GLY,305,O,1,3.333222225925803e-05
HIE,307,NE2,ARG,130,NH2,1,3.333222225925803e-05
ARG,308,N,ILE,304,O,1,3.333222225925803e-05
ARG,308,NE,PRO,309,O,1,3.333222225925803e-05
ARG,308,NE,GLU,311,OE2,1,3.333222225925803e-05
ARG,308,NH1,GLU,311,OE1,1,3.333222225925803e-05
GLU,311,N,ARG,308,NH1,1,3.333222225925803e-05
ARG,315,NH2,GLU,115,OE1,1,3.333222225925803e-05
ALA,316,N,ASP,314,O,1,3.333222225925803e-05
LYS,317,N,HIE,313,O,1,3.333222225925803e-05
MET,318,N,ALA,316,O,1,3.333222225925803e-05
TYR,320,OH,VAL,292,O,1,3.333222225925803e-05
TYR,320,OH,ARG,295,NH1,1,3.333222225925803e-05
THR,321,OG1,MET,318,O,1,3.333222225925803e-05
GLN,329,NE2,TYR,326,O,1,3.333222225925803e-05
ILE,342,N,ARG,70,O,1,3.333222225925803e-05
THR,344,N,ILE,342,O,1,3.333222225925803e-05
THR,344,OG1,GLU,65,OE2,1,3.333222225925803e-05
THR,344,OG1,THR,344,O,1,3.333222225925803e-05
GLN,345,N,VAL,343,O,1,3.333222225925803e-05
HIE,346,N,HIE,346,ND1,1,3.333222225925803e-05
THR,347,OG1,ALA,66,O,1,3.333222225925803e-05
THR,347,OG1,THR,347,O,1,3.333222225925803e-05
THR,347,OG1,ILE,354,O,1,3.333222225925803e-05
SER,348,N,THR,347,OG1,1,3.333222225925803e-05
THR,358,N,LYS,356,O,1,3.333222225925803e-05
HID,369,N,ALA,367,N,1,3.333222225925803e-05
TYR,373,N,PRO,371,O,1,3.333222225925803e-05
GLU,375,N,TYR,373,O,1,3.333222225925803e-05
LYS,376,NZ,ASN,381,ND2,1,3.333222225925803e-05
ALA,379,N,ASP,378,OD2,1,3.333222225925803e-05
ASN,381,ND2,GLU,375,O,1,3.333222225925803e-05
LYS,393,NZ,TYR,373,O,1,3.333222225925803e-05
LYS,393,NZ,ASP,383,OD1,1,3.333222225925803e-05
LYS,393,NZ,GLU,396,OE1,1,3.333222225925803e-05
LYS,394,NZ,LYS,394,O,1,3.333222225925803e-05
ARG,406,NE,ASN,89,ND2,1,3.333222225925803e-05
ARG,406,NH1,HM1,464,O1D,1,3.333222225925803e-05
ARG,406,NH2,GLY,69,O,1,3.333222225925803e-05
ARG,406,NH2,ARG,70,N,1,3.333222225925803e-05
ARG,406,NH2,TRP,93,NE1,1,3.333222225925803e-05
ARG,415,NE,TYR,326,OH,1,3.333222225925803e-05
ARG,415,NE,GLY,412,O,1,3.333222225925803e-05
ARG,415,NH2,GLY,412,N,1,3.333222225925803e-05
ALA,416,N,GLU,417,OE1,1,3.333222225925803e-05
PHE,419,N,ALA,416,N,1,3.333222225925803e-05
PHE,422,N,LEU,420,O,1,3.333222225925803e-05
SER,430,OG,ARG,463,NH2,1,3.333222225925803e-05
MET,431,N,PHE,429,O,1,3.333222225925803e-05
CYS,447,N,GLU,446,OE2,1,3.333222225925803e-05
LYS,451,NZ,ASP,333,O,1,3.333222225925803e-05
GLN,457,NE2,SER,433,OG,1,3.333222225925803e-05
ARG,459,NH2,SER,433,O,1,3.333222225925803e-05
ARG,459,NH2,PHE,460,O,1,3.333222225925803e-05
ARG,463,NH1,ARG,463,OXT,1,3.333222225925803e-05
ARG,463,NH2,ARG,463,OXT,1,3.333222225925803e-05
