donor_resname,donor_resid,donor_atom,acceptor_resname,acceptor_resid,acceptor_atom,count,frequency
ARG,330,NH2,GLU,327,OE1,29143,0.9714009533015566
PHE,283,N,LEU,279,O,28838,0.961234625512483
ASN,381,N,GLU,327,OE1,28712,0.9570347655078164
THR,424,OG1,LEU,420,O,28704,0.9567681077297423
THR,239,OG1,ASP,235,O,28174,0.9391020299323356
ARG,330,NE,GLU,327,OE2,28105,0.9368021065964468
TYR,456,OH,ARG,280,O,27970,0.9323022565914469
VAL,40,N,VAL,47,O,27904,0.9301023299223359
HID,341,N,VAL,360,O,27707,0.9235358821372621
LEU,168,N,ASP,164,O,27667,0.9222025932468918
ARG,330,NH1,LEU,368,O,27663,0.9220692643578547
LEU,210,N,VAL,206,O,27589,0.9196026799106697
MET,49,N,PHE,38,O,27454,0.9151028299056698
SER,100,OG,LEU,96,O,27410,0.9136362121262624
VAL,155,N,ILE,151,O,27399,0.9132695576814106
THR,423,OG1,PHE,419,O,27341,0.9113362887903736
PHE,349,N,TYR,352,O,27216,0.9071697610079664
TYR,281,N,THR,277,O,27066,0.9021699276690777
THR,177,OG1,LEU,173,O,26993,0.8997366754441518
THR,321,OG1,GLU,299,OE1,26830,0.8943035232158928
PHE,361,N,VAL,48,O,26813,0.8937368754374854
LEU,241,N,ILE,237,O,26735,0.8911369621012633
PHE,385,N,PRO,382,O,26709,0.8902703243225226
VAL,343,N,THR,358,O,26690,0.8896370120995967
LEU,171,N,PHE,167,O,26648,0.8882370587647078
PHE,178,N,PHE,174,O,26545,0.8848038398720043
VAL,95,N,ASN,91,O,26440,0.8813039565347822
LEU,196,N,PHE,192,O,26428,0.880903969867671
VAL,101,N,ARG,97,O,26410,0.8803039898670044
THR,278,OG1,THR,274,O,26381,0.8793373554214859
LEU,420,N,ALA,416,O,26372,0.8790373654211526
HIP,384,N,ASN,381,O,26319,0.8772707576414119
ILE,452,N,GLU,446,O,26307,0.8768707709743009
ASN,428,ND2,THR,424,O,26299,0.8766041131962268
PHE,160,N,ASN,149,OD1,26199,0.873270890970301
ILE,363,N,LEU,50,O,26186,0.8728375720809306
ILE,458,N,MET,137,O,26168,0.872237592080264
THR,423,N,PHE,419,O,26150,0.8716376120795973
THR,264,OG1,LEU,260,O,26134,0.8711042965234492
ASN,14,N,HIE,41,O,25943,0.8647378420719309
PHE,99,N,VAL,95,O,25943,0.8647378420719309
ASP,164,N,HIE,161,O,25889,0.862937902069931
ARG,298,N,GLU,294,O,25838,0.8612379587347089
ASP,387,N,ALA,391,O,25836,0.8611712942901903
SER,430,N,LEU,461,O,25742,0.8580380653978201
VAL,48,N,GLU,359,O,25716,0.8571714276190794
LEU,28,N,LEU,24,O,25664,0.8554381520615979
ARG,98,N,LYS,94,O,25596,0.8531715609479684
THR,366,OG1,ILE,363,O,25461,0.8486717109429686
SER,183,OG,LEU,180,O,25437,0.8478717376087463
GLN,176,N,ASN,172,O,25320,0.8439718676044132
SER,26,OG,GLY,22,O,25269,0.8422719242691911
TYR,207,N,HIE,203,O,25189,0.8396053464884504
PHE,421,N,GLU,417,O,25182,0.8393720209326356
ILE,354,N,THR,347,O,25169,0.8389387020432653
TYR,175,N,LEU,171,O,25160,0.8386387120429319
THR,103,OG1,PHE,99,O,25127,0.8375387487083764
PHE,27,N,LEU,23,O,25092,0.8363721209293024
HIE,41,N,ASN,14,OD1,25011,0.8336722109263025
GLY,52,N,THR,366,OG1,24908,0.8302389920335989
ARG,159,NH2,GLU,121,OE2,24732,0.8243725209159695
THR,102,OG1,ARG,98,O,24656,0.8218392720242659
LEU,9,N,GLY,13,O,24600,0.8199726675777474
ARG,57,N,VAL,53,O,24593,0.8197393420219325
ASN,149,ND2,PHE,160,O,24506,0.8168394386853771
GLY,71,N,PRO,340,O,24486,0.816172794240192
GLN,427,NE2,ARG,308,O,24393,0.8130728975700809
THR,103,N,PHE,99,O,24374,0.8124395853471551
GLY,218,N,ASN,214,O,24361,0.8120062664577847
MET,244,N,TYR,240,O,24283,0.8094063531215626
THR,358,OG1,PRO,355,O,24276,0.8091730275657478
THR,39,N,PRO,4,O,24274,0.8091063631212293
THR,347,N,ILE,354,O,24219,0.8072730908969701
LYS,94,N,GLY,90,O,24191,0.8063397886737109
VAL,360,N,HID,341,O,24178,0.8059064697843406
ASP,77,N,ILE,73,O,24165,0.8054731508949702
ILE,181,N,THR,177,O,24138,0.8045731808939702
LEU,461,N,SER,430,O,24132,0.8043731875604146
LEU,265,N,ASN,261,O,24112,0.8037065431152295
CYS,152,N,ALA,148,O,24099,0.8032732242258591
THR,300,N,VAL,296,O,24060,0.8019732675577481
ARG,280,N,SER,276,O,24033,0.801073297556748
SER,182,OG,PHE,178,O,23926,0.7975067497750075
THR,277,OG1,GLU,273,O,23886,0.7961734608846371
MET,137,N,ILE,458,O,23856,0.7951734942168595
ILE,328,N,VAL,324,O,23762,0.7920402653244892
VAL,303,N,GLU,299,O,23694,0.7897736742108596
ARG,159,NE,GLU,121,OE1,23679,0.7892736908769707
THR,344,N,ALA,66,O,23588,0.7862404586513783
GLU,301,N,TYR,297,O,23463,0.782073930868971
SER,433,OG,GLN,457,O,23334,0.7777740741975268
LYS,393,N,PHE,385,O,23322,0.7773740875304157
TYR,83,N,PHE,80,O,23238,0.774574180860638
ARG,31,N,PHE,27,O,23219,0.773940868637712
SER,145,N,PHE,141,O,23180,0.772640911969601
TYR,162,OH,GLU,121,OE2,22923,0.7640745308489717
LEU,129,N,LEU,125,O,22857,0.7618746041798606
TYR,326,N,GLU,322,O,22838,0.7612412919569348
VAL,221,N,ILE,217,O,22815,0.7604746508449718
LEU,368,N,LEU,364,O,22807,0.7602079930668978
THR,424,N,LEU,420,O,22757,0.7585413819539348
ARG,70,NH2,HM1,464,O2A,22731,0.7576747441751942
THR,347,OG1,GLN,345,O,22731,0.7576747441751942
LEU,96,N,ARG,92,O,22581,0.7526749108363054
LYS,356,N,HIE,346,ND1,22520,0.7506416452784908
GLU,327,N,ALA,323,O,22507,0.7502083263891204
ASP,383,N,ASN,381,OD1,22484,0.7494416852771574
VAL,85,N,ASN,263,OD1,22476,0.7491750274990834
GLY,448,N,GLY,450,O,22476,0.7491750274990834
ARG,308,NH1,ASP,314,OD2,22392,0.7463751208293057
ASN,209,N,GLN,205,O,22312,0.743708543048565
LEU,50,N,PHE,361,O,22309,0.7436085463817873
ASN,214,N,LEU,210,O,22270,0.7423085897136762
LEU,279,N,THR,275,O,22270,0.7423085897136762
THR,321,N,GLU,299,OE1,22160,0.7386420452651579
TYR,297,N,ALA,293,O,22143,0.7380753974867504
ASN,14,ND2,GLN,17,OE1,22120,0.7373087563747875
GLU,222,N,GLY,218,O,22033,0.7344088530382321
ASP,19,N,SER,26,OG,22018,0.7339088697043432
ALA,323,N,PRO,319,O,21826,0.7275090830305656
GLN,427,NE2,GLY,305,O,21746,0.724842505249825
TYR,240,OH,SER,256,O,21735,0.7244758508049731
TYR,34,N,PHE,30,O,21723,0.7240758641378621
SER,100,N,LEU,96,O,21709,0.7236092130262325
THR,277,N,GLU,273,O,21665,0.7221425952468251
ARG,97,N,TRP,93,O,21647,0.7215426152461585
GLU,322,N,MET,318,O,21492,0.7163761207959735
GLU,311,N,ASP,314,OD2,21245,0.7081430618979367
ALA,122,N,ILE,118,O,21228,0.7075764141195293
ILE,325,N,THR,321,O,21228,0.7075764141195293
ILE,56,N,GLY,52,O,21139,0.7046098463384554
LEU,285,N,TYR,281,O,21124,0.7041098630045665
ILE,118,N,VAL,114,O,20928,0.6975767474417519
LEU,180,N,GLN,176,O,20800,0.693310222992567
PHE,331,N,GLU,327,O,20790,0.6929769007699743
GLY,305,N,THR,300,O,20639,0.6879437352088263
PHE,174,N,MET,170,O,20630,0.687643745208493
GLU,121,N,ARG,117,O,20552,0.6850438318722709
ARG,81,N,ASP,77,O,20391,0.6796773440885304
GLN,119,N,GLU,115,O,20179,0.6726109129695677
ALA,66,N,LYS,63,O,20085,0.6694776840771974
LEU,125,N,GLU,121,O,20007,0.6668777707409753
VAL,296,N,VAL,292,O,20001,0.6666777774074197
ASN,14,ND2,PRO,6,O,19889,0.6629445685143829
VAL,324,N,TYR,320,O,19886,0.662844571847605
ARG,20,NH1,ARG,20,O,19874,0.662444585180494
GLN,329,N,ILE,325,O,19870,0.6623112562914569
ARG,70,NH2,VAL,339,O,19743,0.6580780640645312
MET,104,N,SER,100,O,19696,0.6565114496183461
PHE,189,N,PHE,185,O,19696,0.6565114496183461
ASP,370,N,ALA,367,O,19598,0.6532448918369388
ARG,459,N,ALA,432,O,19592,0.6530448985033832
ALA,148,N,GLN,144,O,19540,0.6513116229459018
LEU,188,N,VAL,184,O,19479,0.649278357388087
VAL,206,N,ALA,202,O,19449,0.6482783907203093
PHE,38,N,MET,49,O,19446,0.6481783940535315
LEU,262,N,GLN,258,O,19435,0.6478117396086797
LEU,173,N,LYS,169,O,19385,0.6461451284957168
PHE,30,N,SER,26,O,19355,0.645145161827939
PHE,192,N,LEU,188,O,19296,0.6431785607146429
LYS,223,N,HIE,219,O,19176,0.6391786940435319
LYS,208,N,ARG,204,O,19125,0.6374787507083097
ASN,250,N,GLU,247,O,19112,0.6370454318189394
ARG,70,NH1,HM1,464,O1A,19019,0.6339455351488283
PHE,398,N,THR,395,O,18907,0.6302123262557915
ALA,432,N,ARG,459,O,18849,0.6282790573647545
ARG,415,N,GLY,412,O,18806,0.6268457718076064
GLU,294,N,PRO,290,O,18789,0.626279124029199
GLN,211,N,TYR,207,O,18788,0.6262457918069397
LYS,63,N,GLU,58,O,18772,0.6257124762507916
ARG,70,NE,PRO,340,O,18745,0.6248125062497917
SER,68,N,ILE,342,O,18720,0.6239792006933103
PHE,143,N,PRO,139,O,18637,0.6212126262457918
TYR,352,N,PHE,349,O,18610,0.6203126562447918
GLY,22,N,ASP,19,O,18455,0.6151461617946068
GLN,427,N,THR,423,O,18437,0.6145461817939402
PHE,199,N,LEU,196,O,18375,0.6124795840138662
LYS,169,N,GLN,165,O,18325,0.6108129729009033
ILE,126,N,ALA,122,O,18230,0.6076464117862738
MET,170,N,GLU,166,O,18165,0.605479817339422
SER,276,N,THR,272,O,18118,0.6039132028932369
GLU,247,N,HID,243,O,18116,0.6038465384487184
TRP,93,NE1,HM1,464,O1D,18024,0.6007799740008667
HID,243,ND1,THR,239,O,17819,0.5939468684377187
MET,318,N,ARG,315,O,17749,0.5916136128795707
PHE,79,N,VAL,76,O,17718,0.5905803139895337
LYS,234,N,ASP,238,OD2,17693,0.5897470084330523
GLU,417,N,ALA,414,O,17658,0.5885803806539782
ARG,92,NH1,GLY,82,O,17656,0.5885137162094597
MET,286,N,GLY,282,O,17517,0.5838805373154228
ALA,59,N,ALA,55,O,17442,0.5813806206459785
THR,264,N,LEU,260,O,17392,0.5797140095330156
THR,102,N,ARG,98,O,17361,0.5786807106429785
ARG,308,NH2,ASP,314,OD1,17340,0.5779807339755342
THR,278,N,THR,274,O,17329,0.5776140795306823
SER,145,OG,PHE,141,O,17269,0.5756141461951269
PHE,374,N,ASP,370,O,17141,0.5713476217459418
ARG,130,N,ILE,126,O,16960,0.5653144895170161
GLY,390,N,ASP,387,O,16958,0.5652478250724976
VAL,76,N,ILE,73,O,16799,0.5599480017332755
THR,39,OG1,PRO,3,O,16782,0.5593813539548682
SER,153,N,ASN,149,O,16730,0.5576480783973867
ASN,149,ND2,GLU,121,OE2,16699,0.5566147795073497
SER,332,N,ILE,328,O,16665,0.555481483950535
CYS,124,N,GLU,120,O,16634,0.554448185060498
LEU,23,N,GLY,448,O,16630,0.5543148561714609
ASN,259,ND2,GLU,254,O,16558,0.5519149361687944
HIE,219,N,ALA,215,O,16556,0.5518482717242759
LEU,60,N,ILE,56,O,16549,0.5516149461684611
ASN,259,N,SER,256,OG,16430,0.5476484117196093
ILE,213,N,ASN,209,O,16351,0.545015166161128
ASN,172,N,LEU,168,O,16281,0.5426819106029799
THR,272,OG1,THR,147,OG1,16224,0.5407819739342022
THR,366,N,ILE,363,O,16003,0.5334155528149062
ALA,416,N,ILE,413,O,16000,0.5333155561481284
GLN,329,NE2,ILE,325,O,15863,0.52874904169861
PHE,422,N,LEU,418,O,15839,0.5279490683643878
TYR,373,N,ASP,370,O,15837,0.5278824039198693
LEU,426,N,PHE,422,O,15818,0.5272490916969435
ILE,353,N,ARG,1,O,15814,0.5271157628079064
LYS,111,N,GLY,108,O,15803,0.5267491083630546
PHE,156,N,CYS,152,O,15792,0.5263824539182027
SER,266,OG,LEU,262,O,15666,0.5221825939135362
LYS,197,N,SER,193,O,15622,0.5207159761341289
ARG,21,N,ASP,19,OD2,15539,0.5179494016866104
LYS,317,N,ASP,314,O,15520,0.5173160894636846
THR,140,OG1,ASP,138,OD2,15402,0.5133828872370921
SER,179,N,TYR,175,O,15385,0.5128162394586847
PHE,429,N,ILE,425,O,15342,0.5113829539015367
ARG,315,N,GLU,311,O,15323,0.5107496416786107
LYS,131,N,GLU,127,O,15315,0.5104829839005367
TRP,93,N,ASN,89,O,15307,0.5102163261224626
GLN,17,NE2,ARG,7,O,15257,0.5085497150094996
ASN,261,ND2,ASN,214,OD1,15247,0.5082163927869071
ILE,217,N,ILE,213,O,15227,0.507549748341722
ARG,406,NH1,HM1,464,O2D,15214,0.5071164294523516
THR,443,OG1,ASP,441,OD2,15143,0.5047498416719443
LYS,246,N,LEU,242,O,15137,0.5045498483383887
GLU,127,N,GLN,123,O,15135,0.5044831838938703
THR,177,N,LEU,173,O,15048,0.5015832805573147
HIP,384,ND1,GLU,327,OE2,15024,0.5007833072230926
PHE,255,N,SER,253,OG,15013,0.5004166527782408
THR,300,OG1,VAL,296,O,14958,0.49858338055398155
GLU,120,N,GLU,116,O,14785,0.4928169061031299
PHE,195,N,PHE,192,O,14733,0.49108363054564846
ARG,20,NH2,GLU,446,OE2,14726,0.4908503049898337
ALA,88,N,GLY,84,O,14716,0.4905169827672411
ASN,263,N,ASN,259,O,14671,0.48901703276557446
CYS,51,N,ASP,36,O,14666,0.4888503716542782
ASN,261,N,HIE,257,O,14571,0.48568381053964865
GLU,411,N,CM1,408,O,14373,0.4790840305323156
GLN,205,N,GLY,201,O,14349,0.4782840571980934
SER,231,OG,ASP,229,OD1,14341,0.4780173994200193
SER,332,OG,ILE,328,O,14292,0.47638412052931567
ALA,135,N,SER,132,O,14110,0.47031765607813075
ARG,295,N,HIE,291,O,14054,0.46845105163161227
ILE,146,N,LEU,142,O,13965,0.4654844838505383
SER,179,OG,TYR,175,O,13891,0.4630178994033532
ASP,238,N,ASP,235,OD2,13848,0.46158461384620514
TYR,198,N,PHE,195,O,13788,0.45958468051064966
ASP,238,N,ASP,235,OD1,13786,0.45951801606613113
ARG,20,NH1,GLU,446,OE1,13761,0.45868471050964965
TYR,240,N,LEU,236,O,13756,0.4585180493983534
ARG,29,N,LYS,25,O,13725,0.4574847505083164
THR,140,N,ASP,138,OD2,13670,0.4556514782840572
GLU,58,N,GLU,54,O,13505,0.4501516616112796
LYS,288,NZ,ILE,440,O,13453,0.4484183860537982
THR,239,N,ASP,235,O,13419,0.44728509049698345
HID,243,N,THR,239,O,13232,0.44105196493450216
ARG,97,NH1,ILE,407,O,13191,0.43968534382187263
SER,365,N,PRO,336,O,13149,0.4382853904869838
GLY,84,N,ASN,259,OD1,13146,0.438185393820206
SER,113,OG,GLU,115,OE1,13142,0.43805206493116894
HIP,224,ND1,SER,220,O,13139,0.4379520682643912
GLY,282,N,THR,278,O,13051,0.4350188327055765
LYS,288,N,LEU,284,O,13051,0.4350188327055765
THR,443,OG1,ASP,441,OD1,12991,0.433018899370021
SER,153,OG,ASN,149,O,12932,0.43105229825672475
GLU,299,N,ARG,295,O,12896,0.4298523382553915
SER,26,N,GLY,22,O,12700,0.42331922269257694
ILE,304,N,THR,300,O,12568,0.41891936935435486
GLU,32,N,LEU,28,O,12556,0.41851938268724376
SER,183,N,LEU,180,O,12500,0.41665277824072533
HIP,224,NE2,ASP,235,OD2,12498,0.4165861137962068
THR,147,OG1,GLU,417,OE2,12461,0.4153528215726143
ARG,315,NH2,GLU,322,OE1,12442,0.4147195093496883
THR,275,N,GLY,271,O,12396,0.4131862271257625
HIP,384,NE2,GLU,375,O,12395,0.4131528949035032
ASP,357,N,VAL,343,O,12391,0.4130195660144662
LYS,63,NZ,SER,348,O,12339,0.4112862904569848
LEU,386,N,ASP,383,O,12295,0.4098196726775774
ASN,214,ND2,GLN,211,OE1,12290,0.40965301156628114
GLU,212,N,LYS,208,O,12190,0.40631978934035534
THR,443,N,ASP,441,OD2,12152,0.4050531648945035
ARG,117,N,SER,113,O,12134,0.40445318489383686
ARG,45,NH1,GLU,359,OE1,12120,0.4039865337822073
GLY,338,N,LEU,335,O,12116,0.4038532048931702
HIE,372,N,ASP,370,OD1,11998,0.3999200026665778
HIP,224,N,SER,220,O,11920,0.3973200893303557
LEU,15,N,LEU,12,O,11916,0.3971867604413186
GLU,245,N,LEU,241,O,11908,0.39692010266324457
SER,182,N,PHE,178,O,11904,0.3967867737742075
TYR,289,N,LEU,285,O,11898,0.396586780440652
THR,275,OG1,GLY,271,O,11808,0.39358688043731876
LEU,242,N,ASP,238,O,11795,0.3931535615479484
MET,109,N,PRO,233,O,11766,0.3921869271024299
ASN,149,N,SER,145,O,11707,0.3902203259891337
ASP,106,N,THR,102,O,11676,0.3891870270990967
SER,266,N,LEU,262,O,11630,0.38765374487517085
TYR,320,N,GLU,299,OE2,11621,0.38735375487483753
PHE,80,N,VAL,76,O,11525,0.3841538615379487
GLY,134,N,PHE,460,O,11497,0.3832205593146895
THR,140,OG1,ASP,138,OD1,11467,0.38222059264691177
SER,231,N,ASP,229,OD1,11448,0.3815872804239859
PHE,87,N,GLY,84,O,11401,0.38002066597780076
SER,231,OG,ASP,229,OD2,11346,0.37818739375354155
ILE,342,N,GLY,69,O,11272,0.37572080930635643
GLN,144,NE2,LEU,171,O,11254,0.3751208293056898
ARG,315,NE,GLU,322,OE2,11159,0.3719542681910603
SER,220,N,TYR,216,O,11157,0.3718876037465418
GLU,128,N,CYS,124,O,11134,0.37112096263457883
PHE,269,N,LEU,265,O,11100,0.3699876670777641
ARG,21,NE,ASP,19,OD2,11099,0.36995433485550483
HIE,372,N,ASP,370,OD2,10970,0.36565447818406055
SER,132,OG,LEU,129,O,10950,0.3649878337388754
HID,369,ND1,SER,365,O,10882,0.3627212426252458
SER,253,OG,GLU,247,OE1,10822,0.3607213092896903
VAL,47,N,VAL,40,O,10797,0.3598880037332089
GLN,445,N,ILE,452,O,10762,0.35872137595413484
GLN,17,N,ASN,14,O,10746,0.35818806039798673
ARG,45,NH1,GLU,359,OE2,10686,0.35618812706243125
ARG,20,NH2,GLU,446,OE1,10665,0.3554881503949868
THR,147,N,PHE,143,O,10622,0.3540548648378387
GLN,302,N,ARG,298,O,10589,0.35295490150328324
ARG,21,NH2,ASP,19,OD1,10568,0.3522549248358388
ARG,130,NH2,GLU,127,OE2,10524,0.35078830705643144
SER,402,N,ILE,399,O,10499,0.34995500149995
ARG,225,N,VAL,221,O,10497,0.3498883370554315
SER,132,OG,GLU,128,O,10481,0.3493550214992834
LYS,288,NZ,PRO,437,O,10353,0.3450884970500983
ARG,21,N,ASP,19,OD1,10279,0.34262191260291325
ALA,379,N,LYS,376,O,10235,0.3411552948235059
THR,443,N,ASP,441,OD1,10235,0.3411552948235059
LEU,267,N,ASN,263,O,10205,0.34015532815572813
ARG,130,NH2,GLU,127,OE1,10147,0.3382220592646912
THR,140,N,ASP,138,OD1,10140,0.3379887337088764
ARG,463,N,ASN,428,O,10110,0.33698876704109865
VAL,292,N,TYR,289,O,10091,0.33635545481817275
LEU,287,N,PHE,283,O,10072,0.3357221425952468
ALA,397,N,THR,395,OG1,10006,0.3335222159261358
ARG,92,NE,GLU,254,OE1,9985,0.33282223925869137
ARG,20,NH1,GLU,446,OE2,9787,0.3262224592513583
ARG,463,NH1,GLU,294,OE2,9787,0.3262224592513583
SER,132,N,GLU,128,O,9718,0.3239225359154695
ALA,215,N,GLN,211,O,9643,0.3214226192460251
LEU,260,N,SER,256,O,9560,0.31865604479850673
ASP,439,N,ALA,436,O,9559,0.31862271257624747
VAL,435,N,SER,433,OG,9546,0.3181893936868771
ILE,154,N,ILE,150,O,9512,0.31705609813006236
ARG,463,NH2,GLU,294,OE1,9508,0.3169227692410253
LYS,248,NZ,GLU,245,OE1,9426,0.31418952701576613
SER,266,OG,ASN,263,O,9316,0.31052298256724775
PHE,67,N,ALA,64,O,9280,0.3093230225659145
ALA,74,N,GLU,190,OE1,9270,0.3089897003433219
ARG,315,NE,GLU,322,OE1,9194,0.30645645145161826
GLN,187,NE2,ASP,19,O,9166,0.30552314922835905
ALA,293,N,TYR,289,O,9166,0.30552314922835905
GLN,144,N,THR,140,O,9139,0.3046231792273591
LYS,248,NZ,GLU,245,OE2,9086,0.3028565714476184
LEU,236,N,ILE,154,O,9072,0.3023899203359888
SER,231,N,ASP,229,OD2,9060,0.3019899336688777
LYS,356,NZ,ASP,357,OD2,9055,0.3018232725575814
HIE,161,N,ASP,164,OD2,9015,0.3004899836672111
ASP,62,N,ARG,57,O,8995,0.2998233392220259
MET,18,N,LEU,15,O,8954,0.29845671810939634
SER,253,OG,GLU,247,OE2,8933,0.2977567414419519
ALA,270,N,SER,266,O,8840,0.29465684477184095
TYR,207,OH,MET,75,O,8828,0.29425685810472985
VAL,61,N,ARG,57,O,8775,0.29249025032498915
GLY,186,N,SER,183,OG,8681,0.28935702143261893
ARG,415,NH2,GLU,411,OE1,8677,0.2892236925435819
THR,300,OG1,TYR,297,O,8610,0.2869904336522116
ARG,21,NE,ASP,19,OD1,8602,0.28672377587413755
ARG,105,NH2,GLU,115,OE2,8597,0.28655711476284124
ARG,92,NE,GLU,254,OE2,8537,0.28455718142728575
LYS,111,NZ,PRO,233,O,8474,0.2824572514249525
ILE,151,N,THR,147,O,8396,0.27985733808873037
PHE,268,N,THR,264,O,8396,0.27985733808873037
GLN,123,N,GLN,119,O,8382,0.2793906869771008
ALA,232,N,ASP,229,O,8381,0.2793573547548415
LYS,133,N,ARG,130,O,8377,0.27922402586580447
THR,147,OG1,PHE,143,O,8357,0.2785573814206193
GLU,226,N,GLU,222,O,8266,0.2755241491950268
ARG,57,NH2,GLU,54,OE1,8253,0.27509083030565645
VAL,53,N,ASP,370,OD2,8251,0.275024165861138
ARG,315,NH1,ARG,415,O,8209,0.27362421252624913
LYS,356,NZ,ASP,357,OD1,8207,0.2735575480817306
ARG,463,NH2,GLU,294,OE2,8196,0.27319089363687876
ARG,330,NH2,PRO,377,O,8105,0.2701576614112863
SER,276,OG,THR,272,O,8074,0.26912436252124927
ASN,209,ND2,GLN,205,O,8064,0.2687910402986567
CYS,447,N,GLU,446,OE1,8049,0.26829105696476785
ARG,117,NH1,SER,153,OG,8014,0.2671244291856938
ARG,415,NH2,GLU,411,OE2,8006,0.26685777140761974
SER,113,OG,GLU,115,OE2,7970,0.26565781140628647
ALA,391,N,ASN,389,OD1,7936,0.2645245158494717
ARG,130,NE,GLU,127,OE1,7853,0.26175794140195324
ARG,459,NH1,GLY,134,O,7830,0.26099130028999035
GLN,119,NE2,PRO,310,O,7827,0.26089130362321256
ARG,57,NH2,GLU,54,OE2,7804,0.2601246625112496
ASP,314,N,GLU,311,O,7774,0.25912469584347186
ARG,105,NH1,GLU,115,OE1,7711,0.25702476584113865
ASN,263,ND2,SER,100,OG,7603,0.25342488583713874
HIE,252,NE2,GLU,254,OE2,7534,0.25112496250124994
GLY,412,N,GLU,411,OE2,7521,0.2506916436118796
THR,274,OG1,ALA,270,O,7512,0.2503916536115463
LYS,63,NZ,GLU,58,OE2,7503,0.25009166361121293
LYS,248,N,GLU,245,O,7488,0.2495916802773241
ARG,45,NH2,GLU,190,OE2,7464,0.2487917069431019
LYS,63,NZ,GLU,58,OE1,7461,0.2486917102763241
ALA,316,N,LEU,312,O,7453,0.24842505249825006
LYS,33,N,PHE,30,O,7410,0.24699176694110198
GLU,190,N,GLY,186,O,7405,0.24682510582980569
ARG,315,NH2,GLU,322,OE2,7297,0.2432252258258058
ARG,130,NE,GLU,127,OE2,7274,0.24245858471384288
PHE,268,N,LEU,265,O,7248,0.24159194693510216
THR,227,OG1,LYS,223,O,7129,0.23762541248625046
LYS,234,N,ASP,238,OD1,7112,0.23705876470784307
ARG,97,NH2,ILE,407,O,7107,0.23689210359654678
VAL,53,N,ASP,370,OD1,7079,0.23595880137328756
GLY,35,N,ARG,31,O,7065,0.23549215026165796
ARG,31,NH2,ASP,36,OD2,7049,0.23495883470550982
ARG,105,N,THR,102,O,7008,0.23359221359288024
ARG,463,NH1,GLU,294,OE1,7001,0.23335888803706542
HIP,224,NE2,ASP,235,OD1,6999,0.23329222359254692
TYR,281,OH,LEU,442,O,6986,0.23285890470317655
PHE,269,N,SER,266,O,6869,0.22895903469884338
GLY,271,N,LEU,267,O,6730,0.22432585580480652
ARG,21,NH2,ASP,19,OD2,6664,0.22212592913569548
TYR,216,N,GLU,212,O,6643,0.22142595246825106
GLY,412,N,GLU,411,OE1,6522,0.21739275357488083
THR,272,N,PHE,268,O,6517,0.21722609246358454
TYR,373,OH,GLU,54,OE1,6333,0.21109296356788107
GLN,187,N,SER,183,O,6305,0.21015966134462186
ARG,415,NE,GLU,411,OE2,6223,0.2074264191193627
LEU,284,N,ARG,280,O,6219,0.20729309023032566
ASN,149,ND2,TYR,162,OH,6192,0.20639312022932568
LYS,451,NZ,ASP,333,OD2,6190,0.20632645578480718
ARG,350,N,GLU,58,OE1,6112,0.20372654244858504
VAL,114,N,MET,104,O,6080,0.2026599113362888
ARG,459,NE,GLY,134,O,6074,0.20245991800273325
ALA,74,N,GLU,190,OE2,6037,0.2012266257791407
THR,274,N,ALA,270,O,6004,0.20012666244458518
THR,358,N,PRO,355,O,5995,0.19982667244425187
ARG,330,N,TYR,326,O,5933,0.19776007466417786
ILE,150,N,ILE,146,O,5898,0.19659344688510383
HIE,252,N,ASN,250,OD1,5863,0.1954268191060298
THR,275,OG1,GLU,417,OE1,5863,0.1954268191060298
GLU,115,N,GLU,115,OE1,5845,0.19482683910536316
ARG,225,NH2,GLU,222,OE1,5824,0.19412686243791874
GLN,163,N,HIE,161,ND1,5753,0.19176027465751141
ARG,415,NE,GLU,411,OE1,5740,0.19132695576814107
ARG,57,NH1,GLU,54,OE1,5693,0.18976034132195593
ARG,57,NH1,GLU,54,OE2,5600,0.18666044465184495
HIP,384,ND1,GLU,327,OE1,5583,0.18609379687343755
ARG,225,NH2,GLU,222,OE2,5582,0.1860604646511783
ASN,250,ND2,GLU,247,OE1,5572,0.1857271424285857
ARG,45,NH2,GLU,190,O,5557,0.18522715909469684
LYS,72,NZ,ILE,86,O,5489,0.1829605679810673
HIE,252,NE2,GLU,254,OE1,5460,0.18199393353554882
ARG,330,NH1,PRO,377,O,5411,0.18036065464484516
ARG,298,NH1,GLU,301,OE2,5375,0.1791606946435119
TYR,373,OH,GLU,54,OE2,5363,0.17876070797640078
PHE,107,N,THR,103,O,5264,0.17546081797273425
ASN,428,N,THR,424,O,5227,0.1742275257491417
ARG,29,NH1,ASP,19,OD1,5133,0.17109429685677144
ILE,440,N,PRO,437,O,5125,0.17082763907869739
LYS,451,NZ,ASP,333,O,5101,0.17002766574447517
ARG,350,N,GLU,58,OE2,5025,0.16749441685277158
ARG,308,NH1,PRO,309,O,4981,0.16602779907336424
ASN,428,N,ILE,425,O,4979,0.1659611346288457
ASN,250,ND2,GLU,247,OE2,4960,0.1653278224059198
ARG,112,NH2,GLU,120,OE2,4930,0.16432785573814207
ARG,112,NH2,GLU,120,OE1,4917,0.1638945368487717
LYS,111,NZ,GLY,108,O,4904,0.16346121795940136
SER,249,N,LYS,246,O,4865,0.1621612612912903
ARG,57,NH2,GLU,396,OE2,4860,0.161994600179994
ARG,204,NH2,LYS,197,O,4850,0.16166127795740143
GLU,417,N,ILE,413,O,4823,0.16076130795640145
SER,256,N,GLU,254,O,4754,0.15846138462051265
ASP,106,N,THR,103,O,4733,0.15776140795306823
TYR,216,OH,GLU,166,OE2,4694,0.15646145128495717
LEU,142,N,ASP,138,O,4686,0.15619479350688312
ARG,105,N,VAL,101,O,4654,0.15512816239458685
GLN,119,NE2,GLU,311,OE1,4614,0.15379487350421653
ARG,97,NH1,HM1,464,O1D,4596,0.1531948935035499
ARG,105,NH1,MET,104,O,4579,0.1526282457251425
ASN,381,ND2,ASP,383,OD2,4554,0.15179494016866105
CYS,447,N,GLU,446,OE2,4542,0.15139495350154994
THR,227,N,LYS,223,O,4540,0.15132828905703144
LEU,42,N,ARG,45,O,4538,0.1512616246125129
ARG,45,NH2,GLU,359,OE2,4537,0.15122829239025365
ASN,389,ND2,ASP,387,OD1,4534,0.1511282957234759
THR,147,OG1,GLU,417,OE1,4531,0.15102829905669812
GLN,119,NE2,GLU,311,OE2,4487,0.14956168127729075
ALA,367,N,LEU,364,O,4475,0.14916169461017967
GLU,116,N,SER,113,O,4473,0.14909503016566114
ASN,389,ND2,ASP,387,OD2,4420,0.14732842238592048
ALA,64,N,VAL,61,O,4402,0.14672844238525382
LEU,386,N,PRO,382,O,4401,0.14669511016299458
LYS,451,NZ,ASP,333,OD1,4378,0.14592846905103163
ASN,389,N,ASP,387,OD1,4332,0.14439518682710575
ARG,45,NH2,GLU,359,OE1,4296,0.1431952268257725
ARG,57,NH2,GLU,396,OE1,4277,0.14256191460284656
LEU,418,N,ALA,414,O,4261,0.14202859904669846
ARG,45,NH2,GLU,190,OE1,4256,0.14186193793540217
HID,341,ND1,PHE,67,O,4255,0.1418286057131429
ARG,117,NE,ARG,112,O,4234,0.14112862904569848
ARG,350,NE,GLU,58,OE1,4215,0.14049531682277258
GLN,445,NE2,PRO,453,O,4212,0.1403953201559948
ASN,381,ND2,ASP,383,OD1,4182,0.13939535348821705
ARG,112,NH1,GLU,120,OE1,4178,0.13926202459918002
ARG,31,NE,ASP,36,OD2,4148,0.13826205793140228
GLY,13,N,LEU,9,O,4102,0.1367287757074764
THR,272,OG1,PHE,268,O,4068,0.13559548015066164
GLN,123,NE2,GLN,119,O,4059,0.13529549015032832
ARG,112,NE,GLU,116,OE2,4029,0.13429552348255058
ASN,389,N,ASP,387,OD2,4027,0.13422885903803206
ARG,295,NH1,ARG,295,O,4008,0.13359554681510616
ARG,112,NH2,GLU,116,OE2,3995,0.13316222792573582
TYR,297,OH,GLU,301,OE1,3992,0.13306223125895802
ASN,261,ND2,HIE,257,O,3990,0.13299556681443953
HIE,161,N,ASP,164,OD1,3974,0.1324622512582914
ARG,295,NH1,GLU,299,OE2,3969,0.1322955901469951
ARG,112,NE,GLU,116,OE1,3955,0.1318289390353655
ARG,225,NE,GLU,222,OE2,3953,0.13176227459084697
LYS,131,NZ,GLU,128,OE1,3943,0.1314289523682544
LEU,191,N,GLN,187,O,3874,0.1291290290323656
ARG,117,NE,SER,153,OG,3858,0.12859571347621745
HID,369,N,THR,366,O,3857,0.1285623812539582
ARG,117,NH2,GLU,121,OE1,3856,0.12852904903169896
MET,18,N,ASN,14,O,3838,0.1279290690310323
ARG,112,NH2,GLU,116,OE1,3801,0.12669577680743976
ARG,298,NH1,GLU,301,OE1,3794,0.12646245125162495
ARG,350,NH2,GLU,58,OE1,3772,0.12572914236192126
LYS,169,NZ,GLU,166,OE1,3763,0.12542915236158794
ILE,425,N,PHE,421,O,3736,0.12452918236058798
ARG,298,NE,GLU,294,OE1,3715,0.12382920569314357
ARG,350,NE,GLU,58,OE2,3715,0.12382920569314357
LYS,111,NZ,ASP,106,OD2,3646,0.12152928235725476
ASN,209,ND2,THR,177,OG1,3619,0.12062931235625479
THR,227,N,HIP,224,O,3603,0.12009599680010666
ARG,45,N,LEU,42,O,3596,0.11986267124429185
GLU,115,N,GLU,115,OE2,3592,0.11972934235525483
THR,227,OG1,ASP,238,OD2,3589,0.11962934568847705
ARG,225,NE,GLU,222,OE1,3546,0.11819606013132895
ARG,308,NH2,ASP,314,OD2,3528,0.1175960801306623
THR,455,OG1,GLN,445,OE1,3518,0.11726275790806973
ASN,91,ND2,GLU,254,OE2,3500,0.11666277790740309
LEU,191,N,LEU,188,O,3487,0.11622945901803274
THR,227,OG1,ASP,238,OD1,3431,0.11436285457151428
LYS,111,NZ,LYS,234,O,3413,0.11376287457084763
LYS,131,NZ,GLU,128,OE2,3409,0.1136295456818106
SER,249,OG,LYS,246,O,3407,0.1135628812372921
ARG,350,NH2,GLU,58,OE2,3404,0.11346288457051432
LYS,234,NZ,ALA,232,O,3372,0.11239625345821806
ILE,440,N,ALA,436,O,3361,0.11202959901336622
GLU,166,N,ASP,164,OD1,3296,0.10986300456651445
ARG,112,NH1,GLU,120,OE2,3288,0.10959634678844038
ARG,105,NH2,GLU,115,OE1,3265,0.10882970567647746
SER,256,N,TYR,240,OH,3240,0.107996400119996
LYS,169,NZ,GLU,166,OE2,3222,0.10739642011932936
ARG,298,NE,GLU,294,OE2,3166,0.1055298156728109
ASN,172,ND2,LEU,168,O,3129,0.10429652344921836
TYR,216,OH,GLU,166,O,3075,0.10249658344721843
TYR,216,N,ILE,213,O,3074,0.10246325122495917
GLY,412,N,LEU,409,O,3066,0.1021965934468851
GLU,166,N,ASP,164,OD2,3060,0.10199660011332956
ARG,463,NE,LEU,426,O,3055,0.10182993900203327
SER,276,OG,PHE,143,O,3025,0.10082997233425553
ARG,31,NH2,ASP,36,OD1,3021,0.10069664344521849
ARG,105,NH1,GLU,115,OE2,3020,0.10066331122295924
LYS,234,NZ,ASP,229,OD2,2994,0.09979667344421853
TYR,297,OH,GLU,301,OE2,2969,0.09896336788773707
LYS,234,NZ,ASP,238,OD2,2918,0.09726342455251491
GLN,176,NE2,ASN,172,OD1,2909,0.0969634345521816
LYS,158,N,CYS,152,O,2893,0.09643011899603346
ASN,209,ND2,GLN,176,OE1,2889,0.09629679010699643
ARG,70,NH1,HM1,464,O2A,2873,0.0957634745508483
GLN,144,NE2,GLU,273,OE2,2859,0.09529682343921869
PHE,67,N,LYS,63,O,2857,0.09523015899470018
LYS,72,NZ,ASP,77,OD1,2849,0.09496350121662611
ARG,57,NE,GLU,396,OE1,2827,0.09423019232692244
PHE,141,N,ASP,138,O,2793,0.09309689677010766
ARG,117,NH1,GLU,120,OE2,2778,0.09259691343621879
HIE,203,NE2,LYS,197,O,2772,0.09239692010266325
HID,369,ND1,ASP,378,OD2,2765,0.09216359454684844
THR,39,OG1,VAL,47,O,2747,0.0915636145461818
HID,369,ND1,ASP,378,OD1,2734,0.09113029565681144
SER,68,OG,GLU,65,O,2733,0.09109696343455218
ARG,70,NH2,HM1,464,O1A,2722,0.09073030898970035
ARG,29,NH1,ASP,19,OD2,2700,0.08999700009999667
TYR,216,OH,GLU,166,OE1,2676,0.08919702676577447
ARG,159,NH2,GLU,121,OE1,2650,0.08833038898703377
ARG,81,NH1,PRO,78,O,2639,0.08796373454218193
ARG,105,NH2,LEU,409,O,2627,0.08756374787507083
TRP,93,NE1,HM1,464,O2D,2603,0.08676377454084863
ARG,81,NE,PRO,78,O,2598,0.08659711342955234
ARG,415,N,GLY,410,O,2596,0.08653044898503383
ARG,117,NH2,GLY,157,O,2595,0.08649711676277458
ARG,350,NH1,GLU,58,OE2,2585,0.086163794540182
LYS,234,NZ,ASP,229,OD1,2578,0.08593046898436718
ASN,259,ND2,TYR,240,OH,2565,0.08549715009499684
SER,132,N,LEU,129,O,2553,0.08509716342788573
TYR,162,OH,GLU,121,OE1,2544,0.08479717342755241
ARG,29,NH2,GLN,17,O,2522,0.08406386453784874
ARG,112,N,ARG,117,NH2,2480,0.0826639112029599
ARG,57,NE,GLU,396,OE2,2428,0.08093063564547849
ARG,57,NE,GLU,54,OE2,2426,0.08086397120095996
ARG,159,NE,GLU,121,OE2,2402,0.08006399786673778
LYS,33,N,ARG,29,O,2400,0.07999733342221926
GLY,108,N,LYS,111,O,2376,0.07919736008799706
GLN,144,NE2,THR,272,O,2370,0.07899736675444152
ARG,92,NH2,GLU,254,OE1,2366,0.07886403786540448
ARG,57,NH1,GLU,396,OE2,2359,0.07863071230958968
GLN,165,NE2,GLN,163,O,2341,0.07803073230892303
LYS,317,NZ,HIE,313,O,2335,0.07783073897536749
ILE,154,N,ILE,151,O,2307,0.07689743675210826
GLY,450,N,ILE,181,O,2306,0.076864104529849
GLN,205,NE2,ASN,209,OD1,2304,0.07679744008533049
ARG,117,NH1,GLU,121,OE1,2282,0.07606413119562681
GLN,119,NE2,GLU,115,O,2263,0.07543081897270092
THR,455,N,GLN,445,OE1,2262,0.07539748675044165
ARG,57,NH1,GLU,396,OE1,2245,0.07483083897203427
TYR,373,OH,GLU,396,OE1,2245,0.07483083897203427
LYS,393,NZ,ASP,383,O,2231,0.07436418786040465
ARG,117,NH1,GLU,120,OE1,2226,0.07419752674910836
THR,344,OG1,ALA,66,O,2221,0.07403086563781207
TYR,207,OH,ALA,74,O,2211,0.07369754341521949
LEU,335,N,ASP,333,O,2207,0.07356421452618246
ARG,81,NE,PHE,79,O,2192,0.07306423119229359
GLU,166,N,GLU,166,OE2,2190,0.07299756674777508
ARG,112,NH1,GLY,110,O,2185,0.07283090563647879
ARG,204,N,GLY,201,O,2166,0.07219759341355288
TYR,373,OH,GLU,396,OE2,2149,0.0716309456351455
SER,256,OG,GLN,258,OE1,2136,0.07119762674577514
LYS,72,NZ,ASP,77,OD2,2092,0.06973100896636779
ARG,350,NH1,GLU,58,OE1,2089,0.06963101229959001
GLN,144,NE2,THR,272,OG1,2069,0.06896436785440485
SER,253,N,ASN,250,O,2027,0.06756441451951602
ARG,330,N,GLU,327,O,2025,0.0674977500749975
ARG,406,NH1,HM1,464,O1A,2018,0.0672644245191827
ASN,259,ND2,ARG,92,NE,1997,0.06656444785173828
GLU,166,N,GLU,166,OE1,1991,0.06636445451818272
ARG,463,NH1,LEU,426,O,1977,0.06589780340655312
THR,344,OG1,GLN,345,OE1,1973,0.06576447451751609
LYS,405,NZ,GLU,65,OE2,1957,0.06523115896136795
SER,113,N,GLU,116,OE2,1943,0.06476450784973835
LEU,260,N,HIE,257,O,1939,0.06463117896070131
GLU,273,N,ALA,270,O,1930,0.06433118896036799
LYS,63,NZ,ASP,62,OD2,1927,0.06423119229359021
SER,220,OG,TYR,216,O,1927,0.06423119229359021
GLY,186,N,SER,183,O,1926,0.06419786007133095
ARG,406,NH2,ALA,88,O,1923,0.06409786340455319
ARG,298,NH2,GLU,294,OE1,1904,0.06346455118162728
PHE,419,N,ARG,415,O,1890,0.06299790006999767
LEU,228,N,ARG,225,O,1886,0.06286457118096063
LYS,405,NZ,GLU,65,OE1,1874,0.062464584513849536
ALA,270,N,LEU,267,O,1868,0.06226459118029399
ARG,57,NE,GLU,54,OE1,1866,0.062197926735775476
ASN,91,ND2,GLU,254,OE1,1862,0.06206459784673844
GLY,43,N,HIE,41,O,1856,0.061864604513182896
LYS,111,NZ,ASP,106,OD1,1855,0.06183127229092364
THR,321,OG1,MET,318,O,1844,0.061464617846071795
LYS,169,NZ,GLU,212,OE2,1827,0.06089797006766441
SER,145,OG,LEU,142,O,1820,0.06066464451184961
ARG,406,NH1,ALA,88,O,1818,0.06059798006733109
LEU,23,N,GLN,187,OE1,1809,0.060297990066997764
ARG,81,NH2,GLN,258,OE1,1800,0.05999800006666445
GLU,446,N,ILE,452,O,1792,0.05973134228859038
ARG,350,NH2,ASP,36,OD1,1774,0.05913136228792373
ILE,150,N,THR,147,O,1771,0.05903136562114596
ARG,105,NH2,GLU,411,O,1752,0.05839805339822006
SER,113,N,GLU,116,OE1,1752,0.05839805339822006
ALA,316,N,HIE,313,O,1752,0.05839805339822006
HIE,346,N,GLN,345,OE1,1738,0.057931402286590446
ARG,463,NE,ARG,463,OXT,1726,0.05753141561947935
GLU,226,N,LYS,223,O,1723,0.057431418952701575
GLU,115,N,SER,113,OG,1720,0.057331422285923805
GLN,144,NE2,GLU,273,OE1,1719,0.05729809006366454
GLN,163,NE2,GLU,128,OE2,1714,0.05713142895236825
LYS,248,N,MET,244,O,1704,0.05679810672977567
GLY,157,N,ILE,154,O,1702,0.05673144228525716
ARG,31,NE,ASP,36,OD1,1673,0.055764807839738674
GLN,123,N,GLU,120,O,1666,0.05553148228392387
GLN,345,N,ALA,66,O,1663,0.055431485617146094
ALA,391,N,ASP,387,O,1663,0.055431485617146094
LYS,63,NZ,ASP,62,OD1,1642,0.05473150894970168
ARG,45,NE,LEU,42,O,1636,0.05453151561614613
ARG,406,NE,HM1,464,O1D,1618,0.05393153561547948
ARG,350,NH1,ASP,36,OD2,1601,0.0533648878370721
LYS,208,NZ,GLU,212,OE2,1591,0.05303156561447952
ARG,315,N,LEU,312,O,1585,0.05283157228092397
LYS,376,NZ,GLU,375,OE1,1571,0.05236492116929436
GLN,187,NE2,GLN,187,O,1567,0.052231592280257325
LYS,317,NZ,ASP,314,OD1,1567,0.052231592280257325
ARG,92,NH2,GLU,254,OE2,1553,0.05176494116862771
LYS,234,NZ,ASP,238,OD1,1551,0.0516982767241092
ARG,406,NH2,HM1,464,O1D,1541,0.05136495450151662
LEU,267,N,THR,264,O,1540,0.05133162227925736
ARG,29,NH2,ASP,19,OD1,1534,0.05113162894570181
ARG,29,NH1,GLN,17,O,1527,0.050898303389887004
ARG,350,NH1,ASP,36,OD1,1516,0.05053164894503517
LEU,312,N,GLU,311,OE1,1508,0.0502649911669611
LEU,312,N,GLU,311,OE2,1508,0.0502649911669611
LYS,223,NZ,GLU,226,OE1,1506,0.050198326722442586
LEU,364,N,LEU,362,O,1503,0.05009833005566481
ARG,225,NH1,GLU,222,OE2,1484,0.049465017832738906
LYS,169,NZ,GLU,212,OE1,1472,0.04906503116562781
ARG,29,NH2,ASP,19,OD2,1471,0.049031698943368555
LYS,376,NZ,GLU,375,OE2,1467,0.04889837005433152
SER,68,OG,THR,344,OG1,1455,0.04849838338722043
GLU,273,N,PHE,269,O,1451,0.048365054498183395
HIP,224,N,VAL,221,O,1450,0.04833172227592414
LYS,223,NZ,GLU,226,OE2,1442,0.04806506449785007
GLU,65,N,GLU,65,OE1,1436,0.047865071164294525
ARG,117,NH2,ARG,112,O,1422,0.04739842005266491
PHE,167,N,ASP,164,OD2,1414,0.047131762274590844
GLY,404,N,SER,402,OG,1412,0.04706509783007233
PHE,167,N,ASP,164,O,1388,0.046265124495850136
ARG,117,NH1,GLY,157,O,1370,0.045665144495183496
LYS,356,NZ,THR,344,O,1363,0.045431818939368686
GLN,445,NE2,THR,455,OG1,1362,0.04539848671710943
GLU,438,N,GLU,438,OE2,1346,0.0448651711609613
ARG,225,NH1,GLU,222,OE1,1345,0.044831838938702046
LYS,234,NZ,THR,227,O,1341,0.04469851004966501
GLY,134,N,SER,132,OG,1332,0.04439852004933169
PHE,460,N,GLY,134,O,1326,0.04419852671577614
ARG,298,NH2,GLU,294,OE2,1317,0.04389853671544282
ALA,436,N,ASP,439,OD2,1311,0.04369854338188727
ARG,225,N,GLU,222,O,1310,0.043665211159628015
ILE,237,N,VAL,155,O,1310,0.043665211159628015
PHE,167,N,ASP,164,OD1,1309,0.04363187893736875
GLN,187,NE2,ARG,20,O,1307,0.04356521449285024
PHE,255,N,GLU,247,OE2,1302,0.04339855338155395
GLU,438,N,GLU,438,OE1,1295,0.043165227825739144
LYS,208,NZ,GLU,212,OE1,1281,0.04269857671410953
LEU,362,N,MET,337,O,1275,0.042498583380553984
GLU,254,N,GLU,247,OE2,1268,0.04226525782473917
ALA,135,N,LYS,133,O,1263,0.04209859671344288
THR,272,OG1,GLN,144,O,1254,0.04179860671310956
ASN,209,ND2,LEU,173,O,1250,0.04166527782407253
GLN,258,N,GLN,258,OE1,1248,0.04159861337955401
THR,272,OG1,GLY,271,O,1240,0.04133195560147995
ARG,406,NH2,ASN,89,OD1,1233,0.04109863004566514
ARG,29,NE,ASP,19,OD2,1209,0.040298656711442955
GLU,65,N,GLU,65,OE2,1205,0.04016532782240592
LYS,246,N,HID,243,O,1190,0.03966534448851705
ALA,436,N,ASP,439,OD1,1185,0.03949868337722076
PHE,380,N,TYR,289,OH,1179,0.039298690043665215
THR,344,OG1,SER,68,OG,1178,0.03926535782140595
LYS,111,NZ,GLY,157,O,1172,0.039065364487850404
ARG,330,NH1,HID,369,NE2,1172,0.039065364487850404
ARG,225,NH2,GLU,226,OE1,1152,0.038398720042665244
GLN,176,NE2,ASN,209,OD1,1151,0.03836538782040599
GLN,176,NE2,ASN,172,O,1141,0.03803206559781341
ARG,225,NH2,GLU,226,OE2,1141,0.03803206559781341
ARG,406,NE,HM1,464,O2D,1139,0.03796540115329489
ARG,105,NH2,ASP,106,OD1,1135,0.03783207226425786
ARG,204,N,HIE,203,ND1,1129,0.03763207893070231
ARG,81,NH1,GLN,258,OE1,1127,0.03756541448618379
SER,68,N,GLU,65,O,1121,0.037365421152628246
ARG,97,NH1,HM1,464,O2D,1120,0.03733208893036899
THR,275,OG1,GLU,417,OE2,1112,0.03706543115229492
GLN,163,NE2,GLU,128,OE1,1108,0.03693210226325789
GLU,247,N,MET,244,O,1101,0.036698776707443086
SER,132,OG,GLU,128,OE1,1072,0.0357321422619246
GLN,165,N,GLN,165,OE1,1063,0.03543215226159128
ARG,105,NE,ASP,106,OD2,1060,0.03533215559481351
LYS,131,NZ,GLU,127,O,1051,0.035032165594480184
ASP,229,N,THR,227,OG1,1036,0.034532182260591314
ARG,463,NH2,LEU,426,O,1003,0.033432218926035796
GLU,190,N,GLN,187,O,1002,0.03339888670377654
LYS,393,NZ,ASP,387,OD2,1002,0.03339888670377654
GLU,396,N,GLU,396,OE2,997,0.03323222559248025
LYS,158,NZ,ARG,159,O,990,0.032998900036665446
ALA,388,N,ASP,387,OD2,970,0.032332255591480286
ARG,117,NH2,ASN,149,O,969,0.03229892336922103
ARG,105,NE,ASP,106,OD1,967,0.03223225892470251
ARG,29,NE,ASP,19,OD1,963,0.032098930035665475
LYS,131,N,GLU,128,O,963,0.032098930035665475
ALA,215,N,GLU,212,O,958,0.031932268924369185
ARG,295,NH2,GLU,299,OE2,958,0.031932268924369185
THR,147,OG1,GLY,271,O,953,0.031765607813072895
LYS,234,NZ,SER,231,OG,943,0.031432285590480315
LEU,60,N,ARG,57,O,942,0.03139895336822106
ARG,117,NH2,PHE,107,O,938,0.031265624479184025
GLN,187,N,VAL,184,O,936,0.03119896003466551
GLU,311,N,ASP,314,OD1,934,0.031132295590146995
GLU,396,N,GLU,396,OE1,925,0.030832305589813674
ARG,117,NH2,SER,153,OG,922,0.030732308923035898
ARG,350,NH2,ASP,36,OD2,915,0.030498983367221094
LYS,72,NZ,GLY,71,O,898,0.029932335588813707
GLN,345,NE2,GLU,65,O,893,0.029765674477517417
ARG,463,NE,ARG,463,O,893,0.029765674477517417
ARG,105,NH2,ASP,106,OD2,887,0.029565681143961867
LEU,334,N,SER,332,O,882,0.029399020032665577
ARG,29,NH1,GLU,32,OE1,878,0.029265691143628546
ASN,250,ND2,GLU,247,O,871,0.02903236558781374
LYS,131,NZ,GLU,127,OE2,860,0.028665711142961903
ARG,225,NE,GLU,226,OE2,858,0.028599046698443386
LYS,451,NZ,TYR,281,OH,843,0.028099063364554516
LYS,133,N,LEU,129,O,841,0.028032398920036
GLN,302,NE2,ARG,298,O,828,0.027599080030665645
ARG,1,NE,LEU,2,O,821,0.02736575447485084
ARG,225,NE,GLU,226,OE1,819,0.02729909003033232
SER,348,OG,TYR,352,O,818,0.027265757808073065
LYS,451,NZ,LEU,334,O,818,0.027265757808073065
PHE,80,N,ASP,77,O,815,0.02716576114129529
ARG,81,NH1,PHE,79,O,806,0.026865771140961968
PHE,185,N,SER,183,OG,803,0.026765774474184195
ASN,214,ND2,ASN,261,OD1,803,0.026765774474184195
SER,365,OG,ASP,333,OD2,800,0.02666577780740642
SER,430,OG,GLU,294,OE2,799,0.02663244558514716
HIE,203,NE2,PHE,199,O,797,0.026565781140628644
GLY,69,N,ILE,342,O,795,0.02649911669611013
ARG,70,NH1,ILE,86,O,794,0.02646578447385087
HIE,161,NE2,GLN,163,OE1,791,0.026365787807073097
LYS,317,NZ,ASP,314,OD2,783,0.026099130028999034
GLN,258,N,SER,256,OG,782,0.026065797806739774
ARG,1,NE,GLY,351,O,779,0.025965801139962
GLY,108,N,ASP,106,O,775,0.02583247225092497
ASN,259,ND2,GLU,254,OE1,775,0.02583247225092497
ARG,70,N,ASN,89,OD1,773,0.025765807806406454
GLN,205,NE2,GLN,176,OE1,765,0.02549915002833239
ARG,31,NH1,ASP,36,OD1,764,0.02546581780607313
VAL,61,N,GLU,58,O,764,0.02546581780607313
LYS,111,NZ,MET,109,O,761,0.025365821139295357
THR,39,OG1,PRO,4,O,747,0.024899170027665743
ARG,406,NH1,ASN,89,OD1,742,0.024732508916369453
GLN,445,N,PRO,453,O,739,0.02463251224959168
ARG,463,NE,GLU,294,OE1,735,0.02449918336055465
LYS,208,NZ,GLN,211,OE1,730,0.02433252224925836
LYS,376,NZ,ASP,378,OD2,728,0.024265857804739843
ARG,406,NH1,HM1,464,O1D,728,0.024265857804739843
LYS,133,NZ,ARG,130,O,725,0.02416586113796207
ARG,97,NH2,CM1,408,O,724,0.02413252891570281
SER,365,OG,PRO,336,O,721,0.024032532248925036
ASP,333,N,PHE,331,O,708,0.023599213359554682
ALA,388,N,ASP,387,OD1,703,0.023432552248258392
ARG,1,N,ILE,353,O,702,0.023399220025999132
SER,183,OG,SER,179,O,694,0.023132562247925068
PHE,107,N,ASP,106,OD1,692,0.02306589780340655
ARG,130,NH1,GLU,127,OE1,692,0.02306589780340655
LYS,376,NZ,ASP,378,OD1,692,0.02306589780340655
PHE,141,N,ASP,138,OD1,689,0.022965901136628778
ALA,55,N,GLY,52,O,687,0.02289923669211026
LEU,173,N,MET,170,O,681,0.022699243358554715
GLN,329,NE2,THR,278,OG1,681,0.022699243358554715
ARG,29,NH1,GLU,32,OE2,680,0.022665911136295458
ARG,280,NH2,TYR,175,OH,675,0.022499250024999168
GLU,32,N,ARG,29,O,670,0.022332588913702878
LYS,208,NZ,GLN,205,OE1,666,0.022199260024665844
ARG,308,NH1,ILE,304,O,662,0.02206593113562881
ARG,31,NH2,GLU,32,OE2,653,0.02176594113529549
SER,193,OG,PHE,189,O,647,0.02156594780173994
SER,433,OG,VAL,435,O,645,0.021499283357221427
SER,153,OG,ILE,150,O,641,0.021365954468184394
GLN,165,NE2,GLU,166,OE2,638,0.02126595780140662
ARG,57,NH2,TYR,373,OH,627,0.02089930335655478
ARG,31,NH2,GLU,32,OE1,625,0.020832638912036266
LYS,131,NZ,GLU,127,OE1,618,0.02059931335622146
ASN,214,ND2,ASN,214,O,614,0.020465984467184426
GLN,187,NE2,SER,182,O,612,0.020399320022665913
GLN,302,N,GLU,299,O,602,0.020065997800073333
GLN,187,NE2,GLU,446,OE2,601,0.020032665577814072
GLY,90,N,ASN,89,OD1,600,0.019999333355554816
GLN,165,NE2,GLU,166,OE1,596,0.019866004466517782
LEU,418,N,ARG,415,O,594,0.019799340021999266
ASN,259,N,GLN,258,OE1,593,0.01976600779974001
ARG,130,NH1,GLU,127,OE2,591,0.019699343355221492
ARG,295,NE,GLU,299,OE2,591,0.019699343355221492
ARG,81,NH2,ASP,77,OD2,590,0.019666011132962236
ARG,280,NH2,PRO,454,O,590,0.019666011132962236
ARG,21,NH1,ASP,19,OD1,588,0.01959934668844372
GLN,163,NE2,TYR,162,O,586,0.019532682243925202
LYS,72,NZ,GLU,359,OE1,584,0.019466017799406685
SER,193,N,PHE,189,O,579,0.019299356688110395
SER,253,N,HIE,252,ND1,579,0.019299356688110395
PHE,192,N,PHE,189,O,577,0.019232692243591882
GLU,116,N,SER,113,OG,574,0.019132695576814105
SER,183,N,SER,179,O,574,0.019132695576814105
HID,369,N,SER,365,O,573,0.01909936335455485
SER,332,OG,THR,278,OG1,569,0.018966034465517815
GLU,245,N,LEU,242,O,564,0.018799373354221525
PHE,141,N,ASP,138,OD2,557,0.01856604779840672
SER,430,OG,PRO,462,O,549,0.018299390020332654
GLN,176,N,LEU,173,O,548,0.018266057798073398
ARG,225,NH1,HIP,224,O,543,0.018099396686777108
ILE,425,N,PHE,422,O,543,0.018099396686777108
GLU,226,N,GLU,226,OE2,542,0.01806606446451785
ASN,149,ND2,SER,145,O,540,0.017999400019999334
GLN,345,NE2,THR,347,OG1,540,0.017999400019999334
ARG,105,NE,SER,113,OG,538,0.017932735575480818
ARG,159,NH1,GLU,121,OE1,537,0.01789940335322156
SER,332,N,GLN,329,O,535,0.017832738908703044
ARG,45,N,GLY,43,O,527,0.01756608113062898
TYR,326,OH,GLU,322,OE2,526,0.01753274890836972
LYS,234,NZ,ASP,235,OD1,523,0.017432752241591947
LEU,12,N,LEU,9,O,521,0.01736608779707343
THR,177,OG1,ASN,209,OD1,521,0.01736608779707343
ALA,88,N,VAL,85,O,514,0.017132762241258623
ARG,350,NH1,GLU,54,OE1,511,0.01703276557448085
TYR,326,OH,GLU,322,OE1,510,0.016999433352221593
LEU,196,N,SER,193,O,504,0.016799440018666043
GLN,329,NE2,SER,332,O,502,0.01673277557414753
ILE,86,N,SER,266,OG,498,0.016599446685110496
ARG,204,NH2,TYR,198,O,488,0.016266124462517916
ARG,57,NH2,ASP,62,OD2,483,0.016099463351221626
THR,103,N,SER,100,O,482,0.01606613112896237
ARG,57,NH1,TYR,373,OH,476,0.01586613779540682
ARG,29,NH2,GLU,32,OE1,474,0.015799473350888302
GLN,163,N,HIE,161,O,473,0.015766141128629046
ARG,308,NH1,GLU,311,OE1,472,0.01573280890636979
ARG,463,NH1,ARG,463,OXT,470,0.015666144461851272
ARG,225,NH1,GLU,222,O,468,0.015599480017332756
ARG,117,NH2,GLU,120,OE1,467,0.015566147795073497
ARG,459,NH2,GLY,134,O,467,0.015566147795073497
GLN,302,NE2,GLU,301,OE2,465,0.015499483350554982
LYS,234,NZ,MET,109,O,463,0.015432818906036466
ASN,250,ND2,HIE,252,O,463,0.015432818906036466
LYS,393,NZ,ASP,387,OD1,462,0.015399486683777207
VAL,303,N,THR,300,O,457,0.015232825572480917
GLU,226,N,GLU,226,OE1,451,0.015032832238925369
ARG,92,N,ASN,89,OD1,450,0.014999500016666112
ARG,350,NH2,GLU,54,OE2,450,0.014999500016666112
ILE,413,N,GLY,410,O,448,0.014932835572147595
ARG,7,NH1,PRO,8,O,444,0.014799506683110563
SER,430,OG,LEU,461,O,442,0.014732842238592047
LYS,246,NZ,HID,243,NE2,439,0.014632845571814273
MET,75,N,GLU,190,OE1,437,0.014566181127295756
LYS,376,N,GLU,375,OE2,435,0.014499516682777241
LYS,393,NZ,LEU,386,O,431,0.014366187793740208
GLN,345,NE2,THR,344,OG1,424,0.014132862237925403
GLN,165,NE2,GLN,165,O,423,0.014099530015666144
ASN,261,ND2,HIE,257,NE2,423,0.014099530015666144
LYS,376,N,GLU,375,OE1,423,0.014099530015666144
ARG,406,NH2,HM1,464,O2D,421,0.014032865571147628
CM1,408,N,PHE,401,O,420,0.013999533348888371
ARG,29,NH2,GLU,32,OE2,419,0.013966201126629113
GLY,157,N,CYS,152,O,417,0.013899536682110596
ARG,308,NH1,ASP,314,OD1,417,0.013899536682110596
ARG,105,N,THR,103,O,414,0.013799540015332823
GLU,299,N,VAL,296,O,414,0.013799540015332823
ASN,261,ND2,ASN,214,O,413,0.013766207793073564
GLN,457,NE2,TYR,456,O,409,0.013632878904036532
ALA,414,N,GLU,411,O,404,0.013466217792740242
ASP,62,N,GLU,58,O,402,0.013399553348221726
ARG,117,NH2,GLU,120,OE2,402,0.013399553348221726
ASN,259,N,SER,256,O,401,0.013366221125962467
ASN,381,ND2,GLU,375,OE2,401,0.013366221125962467
GLU,212,N,ASN,209,O,400,0.01333288890370321
ARG,21,NH1,ASP,19,OD2,398,0.013266224459184694
ARG,31,NE,GLU,32,OE2,396,0.013199560014666177
ASN,428,ND2,GLN,427,OE1,395,0.01316622779240692
GLN,187,NE2,SER,183,O,394,0.013132895570147662
THR,227,OG1,HIP,224,O,390,0.01299956668111063
ARG,31,NE,GLU,32,OE1,389,0.012966234458851372
ARG,81,NH2,PHE,79,O,388,0.012932902236592114
VAL,114,N,ARG,105,O,386,0.012866237792073597
ARG,57,NH1,ASP,62,OD1,385,0.01283290556981434
LYS,111,NZ,THR,239,OG1,385,0.01283290556981434
LYS,394,NZ,TYR,326,OH,383,0.012766241125295823
TRP,93,N,GLY,90,O,381,0.012699576680777307
ARG,45,NH1,LYS,72,O,378,0.012599580013999533
ARG,350,NE,ASP,36,OD1,371,0.012366254458184726
ARG,29,NE,GLU,32,OE2,368,0.012266257791406953
GLU,375,N,GLU,375,OE1,365,0.01216626112462918
ARG,57,NE,ASP,62,OD1,364,0.012132928902369921
THR,278,OG1,SER,332,OG,364,0.012132928902369921
ARG,225,NH1,GLU,245,OE1,363,0.012099596680110663
ARG,81,NE,ASP,77,O,362,0.012066264457851405
SER,220,N,ILE,217,O,358,0.011932935568814373
ARG,159,NH1,HIE,161,ND1,355,0.0118329389020366
ARG,1,NH2,GLY,351,O,353,0.011766274457518083
ARG,112,NE,GLU,120,OE2,352,0.011732942235258824
ARG,225,NE,GLU,222,O,349,0.01163294556848105
LYS,223,NZ,HIE,219,ND1,346,0.011532948901703276
LEU,24,N,CYS,447,O,343,0.011432952234925502
LYS,72,NZ,ARG,70,O,343,0.011432952234925502
ARG,81,NH2,ASP,77,OD1,343,0.011432952234925502
THR,227,N,GLU,226,OE2,343,0.011432952234925502
THR,321,N,MET,318,O,343,0.011432952234925502
GLN,302,NE2,GLU,301,OE1,342,0.011399620012666244
GLN,258,NE2,TYR,83,OH,337,0.011232958901369954
ASN,259,ND2,GLU,254,OE2,333,0.011099630012332922
ALA,379,N,PRO,377,O,332,0.011066297790073664
LYS,234,NZ,SER,231,O,331,0.011032965567814405
PHE,331,N,ILE,328,O,331,0.011032965567814405
ARG,350,NE,ASP,36,OD2,331,0.011032965567814405
GLN,457,NE2,ASP,138,OD1,331,0.011032965567814405
GLY,84,N,GLY,82,O,330,0.010999633345555149
THR,102,N,PHE,99,O,329,0.01096630112329589
LEU,287,N,LEU,284,O,327,0.010899636678777374
SER,26,OG,LEU,23,O,325,0.010832972234258859
ARG,350,NH2,GLU,54,OE1,325,0.010832972234258859
ARG,112,NE,GLU,120,OE1,320,0.010666311122962568
LYS,158,N,PHE,156,O,320,0.010666311122962568
LEU,15,N,GLY,13,O,319,0.01063297890070331
ARG,295,NH2,GLU,299,OE1,319,0.01063297890070331
GLN,457,NE2,ASP,138,OD2,319,0.01063297890070331
ARG,57,NH1,ASP,62,OD2,318,0.010599646678444052
ARG,1,NH1,GLY,351,O,317,0.010566314456184793
LEU,142,N,PRO,139,O,317,0.010566314456184793
THR,344,OG1,GLU,65,O,317,0.010566314456184793
GLN,144,N,PHE,141,O,316,0.010532982233925535
HID,369,ND1,PRO,377,O,314,0.01046631778940702
GLY,134,N,LEU,129,O,313,0.010432985567147762
ALA,391,N,ASP,387,OD1,313,0.010432985567147762
ARG,1,NH1,LEU,2,O,312,0.010399653344888503
LYS,317,N,HIE,313,O,309,0.01029965667811073
ARG,204,NE,PHE,199,O,308,0.010266324455851471
SER,113,OG,ARG,105,O,307,0.010232992233592213
GLN,258,NE2,HIE,257,ND1,307,0.010232992233592213
ARG,295,NH1,HIE,291,O,307,0.010232992233592213
ARG,308,NH2,GLU,311,OE1,307,0.010232992233592213
TYR,456,N,PRO,454,O,306,0.010199660011332956
ARG,31,NH1,GLY,35,O,303,0.010099663344555181
SER,132,OG,GLU,128,OE2,298,0.009933002233258891
ASN,214,ND2,ASN,261,ND2,298,0.009933002233258891
LYS,72,N,GLU,359,OE2,297,0.009899670010999633
ARG,225,NH2,GLU,245,OE1,297,0.009899670010999633
THR,358,OG1,LYS,356,O,295,0.009833005566481118
TYR,162,N,HIE,161,ND1,292,0.009733008899703343
LYS,72,NZ,GLU,359,OE2,291,0.009699676677444086
ILE,73,N,ASP,77,OD2,290,0.009666344455184828
LYS,246,NZ,GLU,247,OE1,287,0.009566347788407053
ARG,57,NH2,ASP,62,OD1,286,0.009533015566147796
ARG,81,NH1,ASP,77,OD2,286,0.009533015566147796
HID,243,N,TYR,240,O,286,0.009533015566147796
ARG,225,NH1,GLU,245,OE2,284,0.00946635112162928
SER,365,OG,ASP,333,OD1,284,0.00946635112162928
SER,430,OG,GLU,294,OE1,284,0.00946635112162928
LYS,246,NZ,GLU,247,OE2,283,0.00943301889937002
ARG,406,N,GLY,404,O,283,0.00943301889937002
ILE,407,N,GLY,404,O,281,0.009366354454851506
TYR,198,OH,GLY,194,O,277,0.009233025565814472
ARG,29,NE,GLU,32,OE1,274,0.009133028899036699
GLY,108,N,ASP,106,OD1,272,0.009066364454518182
VAL,435,N,SER,433,O,272,0.009066364454518182
SER,256,OG,GLU,254,O,268,0.00893303556548115
TYR,281,OH,ASP,333,OD1,267,0.008899703343221892
GLU,120,N,ARG,117,O,265,0.008833038898703377
SER,256,OG,SER,253,O,265,0.008833038898703377
LYS,158,NZ,PHE,156,O,262,0.008733042231925602
THR,274,OG1,GLU,273,OE1,259,0.008633045565147828
SER,402,OG,HM1,464,O2A,259,0.008633045565147828
SER,26,OG,ASP,19,OD2,256,0.008533048898370055
GLN,345,NE2,HIE,346,O,254,0.008466384453851538
ARG,295,NE,GLU,299,OE1,253,0.00843305223159228
ARG,57,NE,ASP,62,OD2,252,0.008399720009333022
SER,68,N,ALA,64,O,251,0.008366387787073765
LYS,248,NZ,GLU,245,O,250,0.008333055564814507
ASN,89,ND2,ARG,70,O,249,0.008299723342555248
ARG,57,NH1,GLU,396,O,248,0.00826639112029599
TYR,373,N,ASP,370,OD1,248,0.00826639112029599
LYS,394,NZ,GLU,396,OE1,248,0.00826639112029599
THR,227,N,GLU,226,OE1,243,0.0080997300089997
ARG,415,NH2,GLU,322,OE1,243,0.0080997300089997
ARG,463,NH2,PHE,429,O,241,0.008033065564481185
ARG,97,NH1,CM1,408,O,240,0.007999733342221926
ARG,225,N,LYS,223,O,239,0.007966401119962668
GLY,108,N,ASP,106,OD2,237,0.007899736675444151
SER,276,OG,GLN,144,N,237,0.007899736675444151
SER,179,OG,GLN,176,O,235,0.007833072230925636
GLU,375,N,GLU,375,OE2,235,0.007833072230925636
ASN,149,N,ILE,146,O,234,0.007799740008666378
THR,455,N,GLN,445,NE2,234,0.007799740008666378
LYS,234,NZ,GLU,226,O,232,0.007733075564147862
ARG,308,N,HIE,307,ND1,232,0.007733075564147862
ARG,29,N,SER,26,O,230,0.007666411119629346
ARG,57,NH2,GLU,396,O,229,0.007633078897370088
ARG,81,NH2,PRO,78,O,229,0.007633078897370088
THR,147,OG1,GLN,144,O,229,0.007633078897370088
ARG,280,NH1,TYR,175,OH,228,0.007599746675110829
ARG,298,NH2,GLU,301,OE2,228,0.007599746675110829
ARG,225,NH2,GLU,245,OE2,227,0.007566414452851572
LEU,228,N,GLU,226,O,227,0.007566414452851572
GLN,119,NE2,GLU,116,OE1,226,0.0075330822305923134
GLN,123,NE2,GLN,119,OE1,226,0.0075330822305923134
SER,249,OG,ASN,250,OD1,226,0.0075330822305923134
SER,402,OG,ARG,406,O,222,0.007399753341555282
GLY,404,N,SER,402,O,219,0.0072997566747775074
ASN,172,ND2,GLN,176,OE1,218,0.007266424452518249
ASN,214,ND2,GLN,211,O,218,0.007266424452518249
LYS,94,NZ,ASN,91,OD1,217,0.0072330922302589916
ASN,263,ND2,ASN,259,O,216,0.007199760007999733
THR,277,OG1,GLU,273,OE1,216,0.007199760007999733
ALA,391,N,ASP,387,OD2,216,0.007199760007999733
ARG,308,N,GLY,305,O,215,0.007166427785740476
TYR,373,N,ASP,370,OD2,213,0.007099763341221959
ARG,112,NH2,GLY,157,O,212,0.007066431118962701
ARG,350,NH1,GLU,54,OE2,212,0.007066431118962701
ARG,225,NH1,HIE,257,ND1,211,0.007033098896703443
ARG,280,NE,PRO,454,O,211,0.007033098896703443
ILE,126,N,GLN,123,O,208,0.006933102229925669
LYS,288,NZ,TYR,289,OH,206,0.006866437785407153
GLY,271,N,PHE,268,O,205,0.006833105563147895
ASN,89,ND2,SER,68,O,203,0.006766441118629379
LEU,188,N,PHE,185,O,203,0.006766441118629379
THR,103,OG1,SER,100,O,202,0.006733108896370121
ARG,112,NH1,GLU,116,OE1,202,0.006733108896370121
LYS,169,NZ,ASN,172,OD1,201,0.006699776674110863
VAL,184,N,GLU,446,OE2,201,0.006699776674110863
MET,109,N,LYS,234,O,200,0.006666444451851605
LYS,317,NZ,HIE,313,ND1,200,0.006666444451851605
SER,26,OG,ASP,19,OD1,199,0.006633112229592347
LYS,63,NZ,THR,347,OG1,199,0.006633112229592347
ARG,81,NH1,GLN,258,NE2,199,0.006633112229592347
ARG,225,NH1,GLU,226,OE1,198,0.0065997800073330885
GLU,273,N,PHE,268,O,198,0.0065997800073330885
ARG,406,NE,SER,68,OG,198,0.0065997800073330885
TYR,34,N,ARG,31,O,196,0.006533115562814573
ILE,217,N,ASN,214,O,196,0.006533115562814573
PHE,422,N,PHE,419,O,196,0.006533115562814573
LYS,63,N,ALA,59,O,194,0.006466451118296057
SER,113,OG,GLU,116,OE2,193,0.006433118896036798
ARG,298,NH2,GLU,301,OE1,193,0.006433118896036798
ARG,92,NH2,GLY,82,O,192,0.006399786673777541
LYS,33,NZ,TYR,34,OH,190,0.006333122229259025
THR,455,OG1,ASP,138,OD2,189,0.006299790006999767
GLN,258,NE2,GLN,258,O,188,0.006266457784740508
SER,68,OG,ALA,64,O,185,0.006166461117962735
LYS,197,NZ,GLY,194,O,185,0.006166461117962735
ARG,112,NH1,GLU,116,OE2,184,0.0061331288957034765
SER,113,OG,GLU,116,OE1,184,0.0061331288957034765
GLN,457,NE2,MET,137,O,184,0.0061331288957034765
THR,177,N,PHE,174,O,183,0.006099796673444218
THR,455,OG1,ASP,138,OD1,183,0.006099796673444218
CYS,124,N,GLU,121,O,182,0.006066464451184961
ASN,261,N,GLN,258,O,180,0.005999800006666445
HIP,384,NE2,GLU,375,OE2,180,0.005999800006666445
ARG,117,N,VAL,114,O,179,0.005966467784407186
GLU,127,N,CYS,124,O,179,0.005966467784407186
ASN,172,ND2,GLN,176,NE2,179,0.005966467784407186
SER,153,OG,LYS,158,O,178,0.005933135562147928
GLN,345,NE2,ALA,66,O,178,0.005933135562147928
THR,277,OG1,GLU,273,OE2,176,0.005866471117629412
THR,358,N,VAL,343,O,176,0.005866471117629412
ALA,367,N,ILE,363,O,176,0.005866471117629412
LYS,111,N,MET,109,O,174,0.005799806673110896
ILE,399,N,ALA,397,O,174,0.005799806673110896
ALA,64,N,ASP,62,O,173,0.005766474450851638
MET,170,N,PHE,167,O,170,0.0056664777840738645
ARG,298,NH1,GLU,294,OE1,170,0.0056664777840738645
GLN,123,NE2,GLN,123,O,169,0.005633145561814606
ARG,159,NH2,HIE,161,ND1,169,0.005633145561814606
LEU,236,N,VAL,155,O,168,0.005599813339555348
ASN,261,ND2,GLY,218,N,168,0.005599813339555348
GLN,258,N,HIE,257,ND1,165,0.005499816672777574
ARG,70,NH1,PRO,340,O,164,0.005466484450518316
SER,332,OG,ASP,333,O,164,0.005466484450518316
GLU,128,N,LEU,125,O,162,0.0053998200059998
ASN,259,ND2,TYR,83,O,160,0.005333155561481284
HIE,291,N,HIE,291,ND1,160,0.005333155561481284
GLU,254,N,GLU,254,OE1,159,0.005299823339222026
LYS,393,NZ,LYS,394,O,158,0.0052664911169627675
ASN,259,ND2,SER,256,OG,157,0.00523315889470351
GLN,445,NE2,GLN,445,O,157,0.00523315889470351
LYS,63,NZ,GLU,58,O,156,0.005199826672444252
ARG,92,NH1,GLU,254,OE2,154,0.005133162227925736
GLN,119,NE2,GLU,116,OE2,154,0.005133162227925736
LYS,131,NZ,GLN,163,OE1,153,0.005099830005666478
ASP,77,N,ALA,74,O,152,0.00506649778340722
LYS,394,NZ,GLU,396,OE2,152,0.00506649778340722
GLU,54,N,GLU,54,OE1,151,0.0050331655611479615
ARG,81,NH1,ASP,77,OD1,151,0.0050331655611479615
HIE,203,NE2,LEU,196,O,149,0.004966501116629446
ARG,97,NH2,GLU,411,OE2,148,0.004933168894370188
SER,231,OG,ALA,232,O,148,0.004933168894370188
ALA,416,N,GLY,412,O,144,0.0047998400053331555
HIE,219,N,TYR,216,O,143,0.004766507783073898
ARG,70,NH1,HID,341,NE2,142,0.00473317556081464
LYS,72,NZ,PHE,87,O,142,0.00473317556081464
GLN,123,NE2,GLU,120,O,142,0.00473317556081464
ASN,263,N,GLN,258,O,142,0.00473317556081464
ASN,428,ND2,HIE,307,O,142,0.00473317556081464
ARG,330,NE,GLU,327,OE1,141,0.004699843338555381
LYS,405,NZ,ALA,64,O,141,0.004699843338555381
GLN,345,NE2,THR,344,O,139,0.004633178894036865
ARG,31,NH1,ASP,36,OD2,138,0.004599846671777608
ARG,81,NH1,TYR,207,OH,138,0.004599846671777608
TYR,175,OH,THR,140,OG1,138,0.004599846671777608
SER,253,N,ASN,250,OD1,138,0.004599846671777608
SER,68,N,ALA,66,O,137,0.0045665144495183494
ILE,237,N,ASP,235,OD1,136,0.004533182227259091
SER,68,OG,PHE,67,O,135,0.0044998500049998336
PHE,107,N,ASP,106,OD2,135,0.0044998500049998336
LYS,111,NZ,PHE,107,O,135,0.0044998500049998336
GLN,119,NE2,GLU,115,OE1,132,0.004399853338222059
ARG,308,NH2,GLU,311,OE2,132,0.004399853338222059
THR,395,OG1,HIP,384,O,131,0.004366521115962801
ARG,463,NE,GLU,294,OE2,131,0.004366521115962801
SER,68,N,THR,344,OG1,130,0.004333188893703543
LYS,288,NZ,GLU,438,OE2,130,0.004333188893703543
GLN,163,N,GLN,163,OE1,129,0.004299856671444285
GLN,211,NE2,GLU,212,OE2,129,0.004299856671444285
PHE,419,N,ALA,416,O,129,0.004299856671444285
ARG,81,NH2,TYR,207,OH,128,0.0042665244491850276
LYS,133,N,LYS,131,O,128,0.0042665244491850276
LYS,246,NZ,PRO,230,O,128,0.0042665244491850276
HIE,313,N,GLU,311,OE1,128,0.0042665244491850276
ALA,59,N,ILE,56,O,127,0.004233192226925769
HIE,307,N,HIE,307,ND1,127,0.004233192226925769
THR,264,N,ASN,259,O,126,0.004199860004666511
TYR,320,N,GLU,299,OE1,126,0.004199860004666511
GLU,359,N,PRO,46,O,126,0.004199860004666511
THR,264,OG1,ASN,261,O,125,0.004166527782407253
ARG,7,NH2,GLY,5,O,124,0.004133195560147995
ARG,225,NH2,GLU,222,O,122,0.004066531115629479
TYR,281,OH,ASP,333,OD2,122,0.004066531115629479
HIE,203,N,HIE,203,ND1,121,0.004033198893370221
LYS,223,NZ,HIE,219,O,121,0.004033198893370221
GLN,258,NE2,SER,256,OG,121,0.004033198893370221
ARG,298,NH1,GLU,294,O,120,0.003999866671110963
LYS,131,NZ,SER,132,OG,119,0.003966534448851705
GLN,302,NE2,GLN,302,O,118,0.003933202226592447
ARG,117,NE,SER,113,O,117,0.003899870004333189
ARG,298,NE,GLU,301,OE2,117,0.003899870004333189
HIE,313,N,GLU,311,OE2,116,0.003866537782073931
GLU,254,N,GLU,254,OE2,115,0.003833205559814673
HIE,313,NE2,GLU,311,OE2,115,0.003833205559814673
TYR,83,OH,GLN,258,OE1,114,0.0037998733375554147
ARG,308,NE,ASP,314,OD2,114,0.0037998733375554147
THR,395,OG1,TYR,373,O,114,0.0037998733375554147
LYS,288,N,LEU,285,O,113,0.0037665411152961567
GLN,427,NE2,GLU,301,OE1,113,0.0037665411152961567
LYS,33,NZ,GLU,32,OE1,112,0.0037332088930368988
SER,253,OG,ASN,250,O,112,0.0037332088930368988
GLN,176,NE2,GLN,176,O,111,0.003699876670777641
LYS,288,NZ,GLU,438,OE1,111,0.003699876670777641
LEU,242,N,THR,239,O,110,0.003666544448518383
ARG,225,NH1,GLU,226,OE2,109,0.0036332122262591245
ARG,295,NH1,TYR,320,OH,109,0.0036332122262591245
ASN,89,ND2,ALA,88,O,108,0.0035998800039998666
HIE,252,N,ASN,250,ND2,108,0.0035998800039998666
ARG,415,NH1,GLU,322,OE1,108,0.0035998800039998666
LYS,33,NZ,ARG,29,O,107,0.0035665477817406087
ASN,261,ND2,GLN,258,OE1,107,0.0035665477817406087
ARG,330,NH1,HID,369,ND1,107,0.0035665477817406087
PHE,374,N,PRO,371,O,107,0.0035665477817406087
TYR,83,OH,ALA,251,O,106,0.0035332155594813507
ARG,105,NE,ARG,105,O,106,0.0035332155594813507
GLY,201,N,PHE,199,O,106,0.0035332155594813507
GLN,211,NE2,GLU,212,OE1,106,0.0035332155594813507
SER,256,N,SER,253,O,106,0.0035332155594813507
GLN,302,NE2,GLU,299,OE2,106,0.0035332155594813507
ILE,407,N,HM1,464,O1D,106,0.0035332155594813507
THR,39,OG1,PHE,38,O,105,0.0034998833372220928
ARG,92,NH1,ASN,259,OD1,105,0.0034998833372220928
ASN,261,ND2,ASN,214,ND2,105,0.0034998833372220928
GLN,258,NE2,ASN,214,OD1,104,0.0034665511149628344
ASN,261,ND2,HIE,257,ND1,104,0.0034665511149628344
LYS,356,NZ,GLN,345,OE1,104,0.0034665511149628344
ARG,225,NE,HIP,224,O,102,0.0033998866704443185
ARG,295,N,VAL,292,O,102,0.0033998866704443185
ARG,298,NH1,GLU,294,OE2,102,0.0033998866704443185
HID,341,ND1,HM1,464,O2A,102,0.0033998866704443185
LYS,197,N,GLY,194,O,101,0.0033665544481850606
LYS,246,NZ,LEU,242,O,101,0.0033665544481850606
GLN,345,NE2,GLU,65,OE1,101,0.0033665544481850606
LYS,169,NZ,GLN,165,OE1,100,0.0033332222259258026
ARG,463,NH1,PHE,429,O,100,0.0033332222259258026
GLN,123,NE2,GLU,120,OE1,99,0.0032998900036665443
ILE,146,N,PHE,143,O,99,0.0032998900036665443
HID,243,ND1,GLU,247,OE1,99,0.0032998900036665443
ARG,308,NE,ILE,304,O,99,0.0032998900036665443
THR,274,OG1,GLU,273,OE2,98,0.0032665577814072863
ASN,381,ND2,GLU,375,OE1,98,0.0032665577814072863
SER,402,N,PRO,400,O,98,0.0032665577814072863
LYS,33,NZ,GLU,32,OE2,97,0.0032332255591480284
ARG,105,NE,GLU,115,OE1,97,0.0032332255591480284
ASN,428,ND2,PRO,306,O,96,0.0031998933368887704
ARG,97,NH2,GLU,411,OE1,95,0.0031665611146295125
GLN,123,NE2,GLU,120,OE2,95,0.0031665611146295125
LYS,223,N,SER,220,O,95,0.0031665611146295125
TYR,240,OH,ASN,259,OD1,95,0.0031665611146295125
THR,455,OG1,GLN,445,NE2,95,0.0031665611146295125
ARG,97,NH2,ARG,406,O,94,0.003133228892370254
MET,104,N,VAL,101,O,94,0.003133228892370254
ARG,112,NH1,GLU,116,O,94,0.003133228892370254
ALA,414,N,GLY,410,O,94,0.003133228892370254
SER,231,N,ASP,229,O,93,0.003099896670110996
ARG,204,NH1,PHE,199,O,92,0.0030665644478517383
GLN,211,NE2,TYR,207,O,92,0.0030665644478517383
ARG,70,NE,ILE,86,O,91,0.0030332322255924803
LEU,228,N,HIP,224,O,91,0.0030332322255924803
HIP,384,NE2,LYS,376,O,91,0.0030332322255924803
PHE,30,N,PHE,27,O,90,0.0029999000033332224
ARG,70,NH2,HID,341,NE2,90,0.0029999000033332224
SER,253,OG,GLU,247,O,90,0.0029999000033332224
GLN,445,NE2,TYR,175,OH,90,0.0029999000033332224
THR,147,N,GLN,144,O,89,0.002966567781073964
THR,272,N,ALA,270,O,88,0.002933235558814706
LYS,356,N,HIE,346,NE2,88,0.002933235558814706
GLY,390,N,ASP,387,OD1,88,0.002933235558814706
GLN,163,NE2,HIE,161,ND1,87,0.002899903336555448
ASP,229,N,THR,227,O,87,0.002899903336555448
TYR,289,N,MET,286,O,87,0.002899903336555448
THR,347,OG1,HIE,346,O,87,0.002899903336555448
GLU,359,N,GLU,359,OE2,87,0.002899903336555448
ILE,407,N,LYS,405,O,87,0.002899903336555448
SER,26,N,LEU,23,O,86,0.00286657111429619
ARG,98,NH1,THR,102,OG1,86,0.00286657111429619
LYS,133,NZ,LYS,131,O,86,0.00286657111429619
ALA,135,N,SER,132,OG,86,0.00286657111429619
GLN,144,NE2,SER,276,OG,85,0.0028332388920369322
SER,256,OG,ASN,259,OD1,85,0.0028332388920369322
LEU,403,N,SER,402,OG,85,0.0028332388920369322
ILE,237,N,ASP,235,OD2,84,0.002799906669777674
HIE,313,NE2,GLU,311,OE1,84,0.002799906669777674
PHE,174,N,LEU,171,O,83,0.002766574447518416
SER,113,OG,ASP,106,O,82,0.002733242225259158
SER,182,N,SER,179,O,82,0.002733242225259158
LYS,223,NZ,GLU,222,OE2,82,0.002733242225259158
MET,318,N,ASP,314,O,82,0.002733242225259158
LEU,180,N,THR,177,O,80,0.002666577780740642
SER,68,OG,GLU,65,OE2,79,0.0026332455584813837
GLN,119,N,GLU,116,O,79,0.0026332455584813837
GLN,211,NE2,TYR,207,OH,79,0.0026332455584813837
LYS,393,NZ,HIP,384,O,79,0.0026332455584813837
THR,395,OG1,LYS,393,O,79,0.0026332455584813837
LYS,25,N,GLY,22,O,78,0.002599913336222126
SER,276,OG,GLN,144,OE1,78,0.002599913336222126
ARG,406,NH1,LYS,405,O,78,0.002599913336222126
ARG,21,NH2,PRO,444,O,77,0.002566581113962868
GLN,187,NE2,VAL,184,O,77,0.002566581113962868
ASN,250,ND2,HIE,252,ND1,77,0.002566581113962868
ARG,204,NE,LYS,197,O,76,0.00253324889170361
ARG,21,NH2,GLU,446,OE1,75,0.002499916669444352
ARG,308,NH2,ILE,304,O,75,0.002499916669444352
ARG,415,NE,ARG,415,O,75,0.002499916669444352
GLN,457,NE2,THR,455,O,75,0.002499916669444352
ARG,31,NH1,ARG,31,O,74,0.002466584447185094
ASN,214,ND2,GLN,258,OE1,74,0.002466584447185094
LYS,234,N,ALA,232,O,74,0.002466584447185094
VAL,85,N,SER,266,OG,73,0.0024332522249258357
ARG,159,NH1,PHE,160,O,73,0.0024332522249258357
ASN,389,N,ASP,387,O,73,0.0024332522249258357
PHE,401,N,ILE,399,O,73,0.0024332522249258357
GLN,17,N,GLN,17,OE1,72,0.0023999200026665777
ARG,105,NH1,VAL,101,O,72,0.0023999200026665777
GLN,205,N,ALA,202,O,72,0.0023999200026665777
GLN,211,NE2,GLN,211,O,71,0.00236658778040732
ILE,213,N,LEU,210,O,71,0.00236658778040732
THR,227,OG1,GLU,226,O,71,0.00236658778040732
ASN,381,ND2,ALA,379,O,71,0.00236658778040732
LYS,111,NZ,SER,231,O,70,0.002333255558148062
ASN,172,ND2,ASN,172,O,70,0.002333255558148062
ASN,250,ND2,ASN,250,O,70,0.002333255558148062
GLN,258,N,GLN,258,NE2,70,0.002333255558148062
GLN,258,NE2,ALA,251,O,70,0.002333255558148062
ARG,130,NH2,ASN,428,OD1,69,0.002299923335888804
VAL,184,N,GLU,446,OE1,69,0.002299923335888804
ARG,298,NE,GLU,301,OE1,69,0.002299923335888804
GLU,359,N,GLU,359,OE1,69,0.002299923335888804
GLN,205,NE2,GLY,201,O,68,0.0022665911136295455
LYS,223,NZ,GLU,222,OE1,68,0.0022665911136295455
GLN,205,NE2,PRO,200,O,67,0.0022332588913702876
ARG,308,NH2,VAL,303,O,67,0.0022332588913702876
LYS,197,NZ,TYR,198,OH,66,0.0021999266691110297
GLN,211,NE2,LYS,208,O,66,0.0021999266691110297
TYR,216,OH,GLU,212,OE1,66,0.0021999266691110297
LYS,451,NZ,PHE,331,O,66,0.0021999266691110297
ILE,73,N,ASP,77,OD1,65,0.0021665944468517717
ASP,106,N,VAL,101,O,65,0.0021665944468517717
HIE,161,NE2,GLU,128,OE1,65,0.0021665944468517717
GLN,163,NE2,ASP,164,OD1,65,0.0021665944468517717
SER,68,OG,GLU,65,OE1,64,0.0021332622245925138
LYS,169,NZ,GLN,165,O,64,0.0021332622245925138
ARG,225,NH2,HIE,257,ND1,64,0.0021332622245925138
ASN,261,ND2,ASN,261,O,64,0.0021332622245925138
ASN,91,N,ASN,89,OD1,63,0.0020999300023332554
ARG,105,NH1,LEU,409,O,63,0.0020999300023332554
LYS,208,NZ,ASN,209,OD1,63,0.0020999300023332554
HID,243,ND1,GLU,247,OE2,63,0.0020999300023332554
ARG,350,NH2,GLU,54,O,63,0.0020999300023332554
GLY,69,N,PHE,67,O,62,0.0020665977800739975
ARG,117,NH2,GLY,110,O,62,0.0020665977800739975
GLN,205,NE2,GLN,205,O,62,0.0020665977800739975
LYS,248,NZ,MET,244,O,62,0.0020665977800739975
SER,253,OG,PHE,255,O,62,0.0020665977800739975
SER,26,OG,GLN,17,O,61,0.0020332655578147395
ASN,209,ND2,GLN,176,O,61,0.0020332655578147395
ASN,214,ND2,GLN,211,NE2,61,0.0020332655578147395
SER,276,OG,GLU,273,O,61,0.0020332655578147395
ARG,298,NH2,GLU,299,OE2,61,0.0020332655578147395
VAL,339,N,HM1,464,O2A,61,0.0020332655578147395
ARG,98,NH2,HID,243,NE2,60,0.0019999333355554816
LYS,158,NZ,GLU,166,OE2,60,0.0019999333355554816
THR,395,OG1,LYS,394,O,60,0.0019999333355554816
GLY,410,N,CM1,408,O,60,0.0019999333355554816
ASN,89,N,ARG,92,NH2,59,0.0019666011132962236
THR,147,OG1,SER,276,OG,59,0.0019666011132962236
TYR,207,OH,PRO,78,O,59,0.0019666011132962236
ARG,295,NH2,GLN,302,OE1,59,0.0019666011132962236
GLY,390,N,ASP,387,OD2,59,0.0019666011132962236
ARG,406,NH1,VAL,85,O,59,0.0019666011132962236
LYS,451,NZ,GLU,273,OE1,59,0.0019666011132962236
LYS,451,NZ,GLU,273,OE2,59,0.0019666011132962236
LYS,131,NZ,GLN,163,NE2,58,0.0019332688910369655
ARG,463,NE,PHE,429,O,58,0.0019332688910369655
GLN,123,NE2,HIE,307,O,57,0.0018999366687777073
GLN,144,NE2,GLN,144,O,57,0.0018999366687777073
ASN,149,ND2,GLU,121,OE1,57,0.0018999366687777073
SER,183,OG,GLU,446,OE2,57,0.0018999366687777073
TYR,216,OH,GLU,212,OE2,57,0.0018999366687777073
LEU,284,N,TYR,281,O,57,0.0018999366687777073
LYS,393,NZ,THR,395,OG1,57,0.0018999366687777073
ARG,415,NH2,GLU,322,OE2,57,0.0018999366687777073
GLN,187,NE2,CYS,447,O,56,0.0018666044465184494
LYS,317,NZ,HIE,313,NE2,56,0.0018666044465184494
GLU,411,N,LEU,409,O,56,0.0018666044465184494
GLU,58,N,ALA,55,O,55,0.0018332722242591915
TYR,175,OH,GLN,445,OE1,55,0.0018332722242591915
ASN,209,N,VAL,206,O,55,0.0018332722242591915
SER,266,N,ASN,263,O,55,0.0018332722242591915
LYS,451,NZ,LEU,335,O,55,0.0018332722242591915
HIE,161,NE2,GLU,128,OE2,54,0.0017999400019999333
LYS,169,NZ,TYR,216,OH,54,0.0017999400019999333
LYS,288,NZ,GLU,438,O,54,0.0017999400019999333
ARG,415,N,GLU,411,O,54,0.0017999400019999333
ARG,415,NH1,GLN,329,OE1,54,0.0017999400019999333
GLY,22,N,ARG,20,O,53,0.0017666077797406754
LEU,23,N,CYS,447,O,53,0.0017666077797406754
THR,272,N,PHE,269,O,53,0.0017666077797406754
ARG,406,NH2,SER,68,O,53,0.0017666077797406754
ARG,204,NH1,LYS,197,O,52,0.0017332755574814172
ARG,315,NH2,ARG,415,O,52,0.0017332755574814172
GLY,351,N,PHE,349,O,52,0.0017332755574814172
ASN,14,ND2,GLY,13,O,51,0.0016999433352221593
GLU,54,N,GLU,54,OE2,51,0.0016999433352221593
GLN,144,NE2,THR,140,O,51,0.0016999433352221593
SER,183,OG,GLU,446,OE1,51,0.0016999433352221593
THR,272,OG1,THR,272,O,51,0.0016999433352221593
GLN,345,NE2,GLU,65,OE2,51,0.0016999433352221593
HIP,384,NE2,GLU,375,OE1,51,0.0016999433352221593
GLN,427,NE2,THR,423,O,51,0.0016999433352221593
ARG,92,NH2,HIE,252,O,50,0.0016666111129629013
SER,231,OG,ASP,229,O,50,0.0016666111129629013
ARG,225,NH1,LYS,223,O,49,0.0016332788907036432
LYS,394,NZ,THR,395,O,49,0.0016332788907036432
GLN,123,NE2,GLU,127,OE2,47,0.001566614446185127
GLN,176,NE2,TYR,175,O,47,0.001566614446185127
GLN,258,NE2,HIE,257,NE2,47,0.001566614446185127
ALA,416,N,ALA,414,O,47,0.001566614446185127
ARG,70,NH2,ILE,86,O,46,0.0015332822239258691
ARG,81,NE,ASP,77,OD1,46,0.0015332822239258691
ARG,81,NE,ASP,77,OD2,46,0.0015332822239258691
TYR,83,OH,GLU,254,OE1,46,0.0015332822239258691
GLN,119,NE2,GLN,123,OE1,46,0.0015332822239258691
ARG,130,NH2,GLN,123,OE1,46,0.0015332822239258691
THR,395,OG1,GLU,396,OE1,46,0.0015332822239258691
ARG,406,N,LEU,403,O,46,0.0015332822239258691
PHE,107,N,MET,104,O,45,0.0014999500016666112
ARG,130,NH1,ASN,428,OD1,45,0.0014999500016666112
ARG,159,NH2,PHE,160,O,45,0.0014999500016666112
LYS,208,N,GLN,205,O,45,0.0014999500016666112
ASN,209,ND2,ASN,209,O,45,0.0014999500016666112
TYR,240,N,ILE,237,O,45,0.0014999500016666112
SER,332,OG,SER,332,O,45,0.0014999500016666112
ARG,1,NH2,LEU,2,O,44,0.001466617779407353
VAL,101,N,ARG,98,O,44,0.001466617779407353
ARG,295,NE,HIE,291,O,44,0.001466617779407353
ARG,81,NH2,GLN,258,NE2,43,0.001433285557148095
GLN,163,N,HIE,161,NE2,43,0.001433285557148095
TYR,240,OH,GLU,254,O,43,0.001433285557148095
ALA,293,N,PRO,290,O,43,0.001433285557148095
GLN,123,NE2,GLU,127,OE1,42,0.001399953334888837
ARG,308,NH1,GLU,311,OE2,42,0.001399953334888837
ARG,92,N,ASN,89,O,41,0.001366621112629579
GLN,176,NE2,ASN,172,ND2,41,0.001366621112629579
ASN,214,ND2,LEU,210,O,41,0.001366621112629579
THR,102,OG1,PHE,99,O,40,0.001333288890370321
ARG,117,NH1,GLU,116,OE1,40,0.001333288890370321
ASN,172,N,LYS,169,O,40,0.001333288890370321
SER,182,OG,LYS,451,O,40,0.001333288890370321
LYS,393,NZ,ALA,391,O,40,0.001333288890370321
ARG,463,NH1,SER,430,OG,40,0.001333288890370321
ARG,7,NH1,GLY,5,O,39,0.001299956668111063
ARG,21,NE,ARG,21,O,39,0.001299956668111063
ARG,117,NH1,SER,153,O,39,0.001299956668111063
ARG,130,N,GLU,127,O,39,0.001299956668111063
THR,344,OG1,ASP,357,OD2,39,0.001299956668111063
LYS,451,NZ,SER,332,O,39,0.001299956668111063
ASN,14,ND2,GLN,17,NE2,38,0.001266624445851805
ARG,117,NH2,GLU,116,OE2,38,0.001266624445851805
ASN,250,ND2,SER,249,OG,38,0.001266624445851805
ASN,381,ND2,LYS,376,O,38,0.001266624445851805
GLN,119,NE2,GLN,119,O,37,0.001233292223592547
LEU,125,N,ALA,122,O,37,0.001233292223592547
GLN,329,NE2,GLN,329,O,37,0.001233292223592547
PHE,398,N,THR,395,OG1,37,0.001233292223592547
LYS,405,NZ,LEU,60,O,37,0.001233292223592547
ARG,21,NH1,GLU,446,OE2,36,0.0011999600013332889
ARG,70,NE,VAL,339,O,36,0.0011999600013332889
ARG,105,NH1,SER,113,OG,36,0.0011999600013332889
PHE,199,N,LYS,197,O,36,0.0011999600013332889
ASP,333,N,GLN,329,O,36,0.0011999600013332889
ASP,357,N,THR,344,O,36,0.0011999600013332889
LEU,362,N,HID,341,NE2,36,0.0011999600013332889
LYS,72,N,GLU,359,OE1,35,0.001166627779074031
ARG,81,NE,GLN,258,OE1,35,0.001166627779074031
ALA,122,N,GLN,119,O,35,0.001166627779074031
HIE,161,NE2,GLN,163,NE2,35,0.001166627779074031
LYS,234,NZ,ARG,225,O,35,0.001166627779074031
VAL,296,N,ALA,293,O,35,0.001166627779074031
ASP,383,N,ASN,381,ND2,35,0.001166627779074031
ASN,172,ND2,LYS,169,O,34,0.0011332955568147728
LYS,197,NZ,SER,193,O,34,0.0011332955568147728
ALA,232,N,ASP,229,OD1,34,0.0011332955568147728
ALA,251,N,ASN,250,OD1,34,0.0011332955568147728
GLN,302,NE2,GLU,299,OE1,34,0.0011332955568147728
ARG,406,NE,SER,68,O,34,0.0011332955568147728
GLN,457,NE2,ASP,138,N,34,0.0011332955568147728
ASN,91,ND2,ASN,91,O,33,0.0010999633345555148
GLU,116,N,GLU,115,OE1,33,0.0010999633345555148
ARG,117,NE,GLU,116,OE1,33,0.0010999633345555148
LYS,158,NZ,GLU,166,OE1,33,0.0010999633345555148
SER,183,N,ILE,181,O,33,0.0010999633345555148
GLN,258,NE2,ASN,259,OD1,33,0.0010999633345555148
LYS,451,N,LEU,334,O,33,0.0010999633345555148
ARG,7,NE,PRO,8,O,32,0.0010666311122962569
GLU,65,N,ASP,62,O,32,0.0010666311122962569
ARG,112,NE,GLY,110,O,32,0.0010666311122962569
SER,153,N,ILE,150,O,32,0.0010666311122962569
LYS,234,NZ,ASP,229,O,32,0.0010666311122962569
THR,272,OG1,THR,147,O,32,0.0010666311122962569
VAL,292,N,HIE,291,ND1,32,0.0010666311122962569
LYS,94,N,ASN,91,O,31,0.0010332988900369987
VAL,339,N,HID,341,NE2,31,0.0010332988900369987
THR,347,OG1,SER,348,O,31,0.0010332988900369987
TYR,352,N,ARG,350,O,31,0.0010332988900369987
GLU,396,N,LYS,394,O,31,0.0010332988900369987
LYS,25,NZ,ARG,21,O,30,0.0009999666677777408
ARG,98,NH2,THR,102,OG1,30,0.0009999666677777408
ARG,117,NH1,ARG,112,O,30,0.0009999666677777408
PHE,199,N,PHE,195,O,30,0.0009999666677777408
GLN,205,NE2,ASN,209,ND2,30,0.0009999666677777408
LYS,234,NZ,THR,227,OG1,30,0.0009999666677777408
ASN,263,N,LEU,260,O,30,0.0009999666677777408
THR,274,N,GLY,271,O,30,0.0009999666677777408
ARG,350,NE,ARG,350,O,30,0.0009999666677777408
GLY,390,N,ALA,388,O,30,0.0009999666677777408
GLU,417,N,GLU,417,OE2,30,0.0009999666677777408
THR,455,OG1,PRO,453,O,30,0.0009999666677777408
ARG,29,NH1,ARG,29,O,29,0.0009666344455184827
ARG,159,NH1,GLU,121,OE2,29,0.0009666344455184827
GLN,163,NE2,GLN,163,O,29,0.0009666344455184827
GLN,345,NE2,GLN,345,O,29,0.0009666344455184827
ARG,70,NH2,PRO,340,O,28,0.0009333022232592247
GLU,121,N,ILE,118,O,28,0.0009333022232592247
TYR,240,OH,ASN,259,O,28,0.0009333022232592247
SER,276,OG,GLU,273,OE2,28,0.0009333022232592247
ARG,298,NE,GLU,299,OE2,28,0.0009333022232592247
ARG,308,N,GLN,427,NE2,28,0.0009333022232592247
ARG,21,NH1,PRO,444,O,27,0.0008999700009999666
GLU,116,N,GLU,115,OE2,27,0.0008999700009999666
SER,145,N,LEU,142,O,27,0.0008999700009999666
TYR,175,OH,THR,140,O,27,0.0008999700009999666
HIE,252,NE2,ASN,91,OD1,27,0.0008999700009999666
GLU,254,N,GLU,247,OE1,27,0.0008999700009999666
ARG,298,NH2,GLN,302,OE1,27,0.0008999700009999666
THR,395,OG1,GLU,396,OE2,27,0.0008999700009999666
GLN,457,NE2,LEU,136,O,27,0.0008999700009999666
ARG,97,NH1,ARG,406,O,26,0.0008666377787407086
GLN,123,NE2,ALA,122,O,26,0.0008666377787407086
ILE,151,N,ALA,148,O,26,0.0008666377787407086
GLN,211,N,LYS,208,O,26,0.0008666377787407086
TYR,281,OH,ASP,333,O,26,0.0008666377787407086
GLU,322,N,PRO,319,O,26,0.0008666377787407086
LYS,25,NZ,ASP,19,OD2,25,0.0008333055564814507
ALA,64,N,ALA,59,O,25,0.0008333055564814507
PHE,67,N,GLU,65,O,25,0.0008333055564814507
ARG,81,N,PRO,78,O,25,0.0008333055564814507
ARG,204,NH2,PHE,199,O,25,0.0008333055564814507
THR,227,OG1,GLU,226,OE2,25,0.0008333055564814507
ASN,259,ND2,ARG,92,NH1,25,0.0008333055564814507
ARG,280,NH2,THR,140,OG1,25,0.0008333055564814507
ARG,31,NH1,GLU,32,OE2,24,0.0007999733342221926
ALA,66,N,GLU,65,OE2,24,0.0007999733342221926
ARG,70,N,ASN,89,ND2,24,0.0007999733342221926
PHE,107,N,ARG,105,O,24,0.0007999733342221926
SER,193,OG,ALA,74,O,24,0.0007999733342221926
THR,227,N,ARG,225,O,24,0.0007999733342221926
ASN,250,N,LYS,248,O,24,0.0007999733342221926
HIE,307,N,GLY,305,O,24,0.0007999733342221926
GLN,17,NE2,LEU,16,O,23,0.0007666411119629346
ARG,21,NH1,GLN,445,O,23,0.0007666411119629346
ALA,66,N,GLU,65,OE1,23,0.0007666411119629346
ARG,105,NH1,GLU,411,O,23,0.0007666411119629346
LYS,223,NZ,GLU,166,OE2,23,0.0007666411119629346
PHE,255,N,GLU,247,OE1,23,0.0007666411119629346
ASN,263,ND2,ASN,263,O,23,0.0007666411119629346
MET,337,N,GLY,448,O,23,0.0007666411119629346
HID,341,ND1,GLY,69,O,23,0.0007666411119629346
SER,348,OG,GLY,351,O,23,0.0007666411119629346
LYS,405,NZ,SER,68,OG,23,0.0007666411119629346
LYS,405,NZ,LEU,403,O,23,0.0007666411119629346
GLY,448,N,SER,182,O,23,0.0007666411119629346
LYS,25,NZ,ASP,19,OD1,22,0.0007333088897036765
PHE,107,N,THR,102,O,22,0.0007333088897036765
LYS,158,NZ,SER,220,OG,22,0.0007333088897036765
HIE,252,NE2,ASN,91,ND2,22,0.0007333088897036765
SER,266,OG,SER,266,O,22,0.0007333088897036765
GLU,294,N,HIE,291,O,22,0.0007333088897036765
ARG,308,NH2,PRO,309,O,22,0.0007333088897036765
ARG,406,NH2,ILE,86,O,22,0.0007333088897036765
THR,455,OG1,THR,455,O,22,0.0007333088897036765
ASN,14,ND2,ARG,7,O,21,0.0006999766674444185
ARG,21,NH2,GLU,446,OE2,21,0.0006999766674444185
GLN,144,NE2,TYR,175,N,21,0.0006999766674444185
HIE,219,NE2,GLU,166,OE1,21,0.0006999766674444185
ARG,225,NH2,VAL,221,O,21,0.0006999766674444185
HIE,313,N,HIE,313,ND1,21,0.0006999766674444185
ARG,350,NH1,CYS,51,O,21,0.0006999766674444185
GLY,412,N,GLY,410,O,21,0.0006999766674444185
ARG,415,NH1,GLU,322,OE2,21,0.0006999766674444185
ARG,57,NE,GLU,396,O,20,0.0006666444451851605
LYS,72,NZ,ASN,89,OD1,20,0.0006666444451851605
TYR,83,OH,GLU,254,OE2,20,0.0006666444451851605
LYS,158,NZ,TYR,216,OH,20,0.0006666444451851605
ARG,159,NE,PHE,160,O,20,0.0006666444451851605
LYS,208,NZ,LYS,208,O,20,0.0006666444451851605
SER,249,N,GLU,247,O,20,0.0006666444451851605
THR,344,OG1,ILE,342,O,20,0.0006666444451851605
GLY,351,N,SER,348,O,20,0.0006666444451851605
THR,395,N,HIP,384,O,20,0.0006666444451851605
ARG,1,NH2,ARG,350,O,19,0.0006333122229259025
ARG,45,NH2,LEU,42,O,19,0.0006333122229259025
ASP,62,N,ALA,59,O,19,0.0006333122229259025
ARG,105,NH2,GLU,411,OE1,19,0.0006333122229259025
ARG,105,NH2,GLU,411,OE2,19,0.0006333122229259025
GLN,165,N,GLN,165,NE2,19,0.0006333122229259025
HIP,224,N,GLU,222,O,19,0.0006333122229259025
HID,243,ND1,HID,243,O,19,0.0006333122229259025
HIE,257,N,HIE,257,ND1,19,0.0006333122229259025
LEU,409,N,HM1,464,O1D,19,0.0006333122229259025
LYS,25,NZ,ASP,333,OD1,18,0.0005999800006666444
ARG,31,NH1,TYR,34,O,18,0.0005999800006666444
ASN,91,ND2,HIE,252,O,18,0.0005999800006666444
VAL,95,N,ARG,92,O,18,0.0005999800006666444
ARG,105,NE,VAL,101,O,18,0.0005999800006666444
ARG,117,NH1,GLU,116,OE2,18,0.0005999800006666444
ILE,118,N,GLU,115,O,18,0.0005999800006666444
GLN,119,NE2,GLU,116,O,18,0.0005999800006666444
GLN,119,NE2,PRO,309,O,18,0.0005999800006666444
GLN,123,NE2,HIE,307,ND1,18,0.0005999800006666444
SER,145,OG,GLN,144,OE1,18,0.0005999800006666444
GLN,187,NE2,GLU,446,OE1,18,0.0005999800006666444
SER,276,OG,GLU,273,OE1,18,0.0005999800006666444
ILE,342,N,PHE,67,O,18,0.0005999800006666444
THR,39,N,PRO,3,O,17,0.0005666477784073864
GLY,43,N,LEU,12,O,17,0.0005666477784073864
ARG,81,NH1,ASP,77,O,17,0.0005666477784073864
ASN,89,ND2,SER,68,OG,17,0.0005666477784073864
ARG,92,N,ASN,89,ND2,17,0.0005666477784073864
GLY,108,N,LYS,234,O,17,0.0005666477784073864
VAL,206,N,HIE,203,O,17,0.0005666477784073864
LYS,223,NZ,GLU,166,OE1,17,0.0005666477784073864
LYS,223,NZ,HIE,219,NE2,17,0.0005666477784073864
ASP,235,N,ASP,238,OD2,17,0.0005666477784073864
THR,277,N,THR,274,O,17,0.0005666477784073864
ARG,280,NH2,GLN,445,OE1,17,0.0005666477784073864
ARG,280,NH2,PRO,453,O,17,0.0005666477784073864
MET,286,N,PHE,283,O,17,0.0005666477784073864
ARG,298,NE,GLN,302,OE1,17,0.0005666477784073864
ARG,308,NE,PRO,309,O,17,0.0005666477784073864
HIE,372,NE2,GLU,54,OE2,17,0.0005666477784073864
ASN,381,ND2,PHE,380,O,17,0.0005666477784073864
THR,424,OG1,ALA,122,O,17,0.0005666477784073864
THR,443,N,ASP,441,O,17,0.0005666477784073864
LYS,451,N,SER,182,OG,17,0.0005666477784073864
LEU,24,N,GLN,187,OE1,16,0.0005333155561481284
ARG,31,NH1,GLU,32,OE1,16,0.0005333155561481284
ARG,45,NH1,PRO,46,O,16,0.0005333155561481284
ARG,112,NH1,GLN,119,OE1,16,0.0005333155561481284
ARG,112,NH2,GLY,110,O,16,0.0005333155561481284
GLY,157,N,SER,153,O,16,0.0005333155561481284
PHE,160,N,ASN,149,ND2,16,0.0005333155561481284
LYS,169,N,GLU,166,O,16,0.0005333155561481284
THR,227,OG1,ASP,229,O,16,0.0005333155561481284
SER,253,N,ALA,251,O,16,0.0005333155561481284
ARG,295,NH1,HIE,291,ND1,16,0.0005333155561481284
GLY,305,N,GLU,301,O,16,0.0005333155561481284
ARG,350,NH2,CYS,51,O,16,0.0005333155561481284
HIE,372,NE2,GLU,54,OE1,16,0.0005333155561481284
ALA,391,N,ASN,389,ND2,16,0.0005333155561481284
ASN,428,ND2,ASN,428,O,16,0.0005333155561481284
PHE,429,N,LEU,426,O,16,0.0005333155561481284
THR,455,OG1,THR,140,OG1,16,0.0005333155561481284
ARG,105,NH2,SER,113,OG,15,0.0004999833338888704
ARG,159,NH1,SER,153,OG,15,0.0004999833338888704
SER,193,OG,GLU,190,OE1,15,0.0004999833338888704
GLU,226,N,HIP,224,O,15,0.0004999833338888704
THR,274,OG1,GLY,271,O,15,0.0004999833338888704
ARG,298,NH1,ARG,298,O,15,0.0004999833338888704
ASP,36,N,ARG,350,NH1,14,0.00046665111162961235
HIE,41,NE2,PRO,10,O,14,0.00046665111162961235
GLY,69,N,THR,344,OG1,14,0.00046665111162961235
MET,75,N,GLU,190,OE2,14,0.00046665111162961235
ARG,112,NH2,GLU,116,O,14,0.00046665111162961235
GLY,134,N,SER,132,O,14,0.00046665111162961235
SER,179,N,GLN,176,O,14,0.00046665111162961235
HIP,224,NE2,PHE,156,O,14,0.00046665111162961235
TYR,240,OH,SER,256,N,14,0.00046665111162961235
LEU,262,N,ASN,259,O,14,0.00046665111162961235
ARG,315,NH2,TYR,326,OH,14,0.00046665111162961235
GLN,329,N,TYR,326,O,14,0.00046665111162961235
ARG,330,NH2,GLU,327,OE2,14,0.00046665111162961235
GLU,411,N,GLU,411,OE1,14,0.00046665111162961235
ARG,415,NH2,TYR,326,OH,14,0.00046665111162961235
GLN,457,NE2,THR,455,OG1,14,0.00046665111162961235
ARG,1,NH2,PRO,3,O,13,0.0004333188893703543
ARG,7,NH1,ARG,7,O,13,0.0004333188893703543
LYS,25,NZ,ASP,333,OD2,13,0.0004333188893703543
LYS,33,NZ,LYS,33,O,13,0.0004333188893703543
ARG,92,NH1,ARG,81,O,13,0.0004333188893703543
ARG,98,NH1,LYS,94,O,13,0.0004333188893703543
ARG,105,NH1,GLU,411,OE1,13,0.0004333188893703543
ASP,106,N,MET,104,O,13,0.0004333188893703543
ARG,117,NH1,ARG,117,O,13,0.0004333188893703543
SER,145,OG,TYR,162,O,13,0.0004333188893703543
ARG,159,NH1,GLU,120,OE2,13,0.0004333188893703543
GLN,163,NE2,ASP,164,OD2,13,0.0004333188893703543
GLN,165,NE2,TYR,216,OH,13,0.0004333188893703543
TYR,175,OH,ASP,138,OD1,13,0.0004333188893703543
SER,179,OG,GLN,176,OE1,13,0.0004333188893703543
LYS,208,NZ,GLN,205,NE2,13,0.0004333188893703543
HIE,219,NE2,GLU,166,OE2,13,0.0004333188893703543
ARG,298,NH2,GLU,299,OE1,13,0.0004333188893703543
ARG,308,NE,GLU,311,OE1,13,0.0004333188893703543
HIE,313,NE2,ARG,308,NH2,13,0.0004333188893703543
ILE,407,N,ARG,97,NH2,13,0.0004333188893703543
ARG,415,NH1,TYR,326,OH,13,0.0004333188893703543
LYS,451,NZ,LYS,451,O,13,0.0004333188893703543
ARG,7,NE,ARG,7,O,12,0.0003999866671110963
ARG,29,NE,LYS,25,O,12,0.0003999866671110963
ARG,45,NH1,GLU,190,OE1,12,0.0003999866671110963
ARG,45,NH1,GLU,190,OE2,12,0.0003999866671110963
ARG,57,NH1,GLU,58,OE2,12,0.0003999866671110963
ARG,105,NH1,GLY,412,O,12,0.0003999866671110963
LYS,248,N,LYS,246,O,12,0.0003999866671110963
ASN,250,ND2,HIE,252,NE2,12,0.0003999866671110963
LEU,285,N,GLY,282,O,12,0.0003999866671110963
HIE,313,N,GLU,311,O,12,0.0003999866671110963
VAL,339,N,HM1,464,O1A,12,0.0003999866671110963
LYS,394,N,LEU,392,O,12,0.0003999866671110963
ILE,413,N,GLU,411,O,12,0.0003999866671110963
ASP,441,N,ASP,439,O,12,0.0003999866671110963
LEU,442,N,ASP,441,OD2,12,0.0003999866671110963
ARG,7,NH2,PRO,8,O,11,0.00036665444485183826
ARG,21,NH2,GLN,445,O,11,0.00036665444485183826
LYS,33,N,ARG,31,O,11,0.00036665444485183826
GLY,82,N,PHE,80,O,11,0.00036665444485183826
ASN,209,ND2,GLN,205,NE2,11,0.00036665444485183826
VAL,221,N,GLY,218,O,11,0.00036665444485183826
ARG,225,NH1,HIE,257,NE2,11,0.00036665444485183826
THR,239,N,LEU,236,O,11,0.00036665444485183826
ASN,250,N,LYS,246,O,11,0.00036665444485183826
ASN,250,ND2,SER,249,O,11,0.00036665444485183826
ASN,261,ND2,GLN,258,O,11,0.00036665444485183826
ARG,298,NH1,GLN,302,OE1,11,0.00036665444485183826
HIE,307,NE2,ILE,304,O,11,0.00036665444485183826
ILE,325,N,GLU,322,O,11,0.00036665444485183826
ARG,350,NE,GLU,54,OE2,11,0.00036665444485183826
LEU,368,N,SER,365,O,11,0.00036665444485183826
LYS,393,NZ,ASP,383,OD2,11,0.00036665444485183826
LYS,393,NZ,LYS,393,O,11,0.00036665444485183826
THR,395,N,LYS,393,O,11,0.00036665444485183826
ARG,1,NH2,TYR,352,OH,10,0.00033332222259258026
ARG,29,NH2,ARG,21,NH2,10,0.00033332222259258026
ILE,56,N,VAL,53,O,10,0.00033332222259258026
LYS,63,NZ,GLU,65,OE2,10,0.00033332222259258026
GLY,69,N,ALA,66,O,10,0.00033332222259258026
ARG,92,NH1,HIE,252,O,10,0.00033332222259258026
ARG,92,NH1,SER,253,O,10,0.00033332222259258026
ARG,117,NH2,GLU,116,OE1,10,0.00033332222259258026
LYS,131,NZ,GLU,128,O,10,0.00033332222259258026
GLN,163,NE2,HIE,161,NE2,10,0.00033332222259258026
TYR,175,OH,ASP,138,OD2,10,0.00033332222259258026
ASN,209,ND2,GLN,176,NE2,10,0.00033332222259258026
HIP,224,ND1,GLU,226,OE1,10,0.00033332222259258026
ARG,225,NE,GLU,245,OE1,10,0.00033332222259258026
ALA,232,N,ASP,229,OD2,10,0.00033332222259258026
TYR,240,OH,LEU,260,N,10,0.00033332222259258026
SER,256,OG,ASN,259,ND2,10,0.00033332222259258026
GLN,258,NE2,ARG,81,NH2,10,0.00033332222259258026
ARG,280,NH1,THR,140,OG1,10,0.00033332222259258026
HIE,307,N,ILE,304,O,10,0.00033332222259258026
ASP,378,N,ASP,378,OD1,10,0.00033332222259258026
ASP,378,N,ASP,378,OD2,10,0.00033332222259258026
VAL,449,N,GLY,450,O,10,0.00033332222259258026
GLY,450,N,GLY,448,O,10,0.00033332222259258026
ARG,1,N,GLY,351,O,9,0.0002999900003333222
ARG,29,NH1,GLN,17,OE1,9,0.0002999900003333222
ARG,57,NH1,GLU,58,OE1,9,0.0002999900003333222
ARG,81,NE,ARG,81,O,9,0.0002999900003333222
ASN,91,ND2,ASN,89,OD1,9,0.0002999900003333222
ARG,92,NH2,TYR,83,OH,9,0.0002999900003333222
LYS,94,NZ,GLY,90,O,9,0.0002999900003333222
ARG,105,NH1,ARG,105,O,9,0.0002999900003333222
ARG,105,NH1,GLU,411,OE2,9,0.0002999900003333222
ARG,117,NH2,SER,153,O,9,0.0002999900003333222
LYS,133,NZ,LYS,133,O,9,0.0002999900003333222
GLN,144,NE2,PHE,174,O,9,0.0002999900003333222
GLN,165,NE2,GLN,163,OE1,9,0.0002999900003333222
GLN,176,NE2,GLN,205,NE2,9,0.0002999900003333222
ILE,181,N,PHE,178,O,9,0.0002999900003333222
LYS,208,NZ,ARG,204,O,9,0.0002999900003333222
LYS,223,NZ,THR,227,OG1,9,0.0002999900003333222
ARG,225,NE,ARG,225,O,9,0.0002999900003333222
THR,227,OG1,GLU,226,OE1,9,0.0002999900003333222
LYS,234,NZ,PHE,156,O,9,0.0002999900003333222
SER,256,OG,ALA,251,O,9,0.0002999900003333222
THR,278,N,THR,275,O,9,0.0002999900003333222
ARG,295,NH1,GLN,302,OE1,9,0.0002999900003333222
HIE,307,NE2,GLN,123,OE1,9,0.0002999900003333222
ARG,308,NE,GLU,311,OE2,9,0.0002999900003333222
HIE,346,N,GLN,345,NE2,9,0.0002999900003333222
LEU,364,N,MET,337,O,9,0.0002999900003333222
ALA,391,N,ASN,389,O,9,0.0002999900003333222
ILE,407,N,ARG,97,NH1,9,0.0002999900003333222
GLN,427,NE2,THR,300,O,9,0.0002999900003333222
ARG,463,NH1,GLN,427,O,9,0.0002999900003333222
ASN,14,ND2,HIE,41,ND1,8,0.0002666577780740642
GLN,17,NE2,ARG,7,N,8,0.0002666577780740642
HIE,41,NE2,PRO,44,O,8,0.0002666577780740642
LYS,72,NZ,SER,193,OG,8,0.0002666577780740642
ARG,81,NH2,TYR,83,OH,8,0.0002666577780740642
TYR,83,OH,GLN,258,NE2,8,0.0002666577780740642
ARG,105,NH2,GLY,412,O,8,0.0002666577780740642
LYS,111,NZ,GLY,110,O,8,0.0002666577780740642
GLN,119,NE2,GLU,120,OE1,8,0.0002666577780740642
MET,137,N,ALA,135,O,8,0.0002666577780740642
PHE,189,N,GLY,186,O,8,0.0002666577780740642
GLU,222,N,HIE,219,O,8,0.0002666577780740642
ARG,225,NH2,HIP,224,O,8,0.0002666577780740642
TYR,240,OH,ASN,259,ND2,8,0.0002666577780740642
MET,244,N,LEU,241,O,8,0.0002666577780740642
ASN,259,ND2,ASN,259,O,8,0.0002666577780740642
THR,264,N,ASN,261,O,8,0.0002666577780740642
LEU,279,N,SER,276,O,8,0.0002666577780740642
ARG,280,NH1,SER,276,OG,8,0.0002666577780740642
ARG,280,NH2,THR,455,N,8,0.0002666577780740642
ARG,295,NH1,GLU,299,OE1,8,0.0002666577780740642
ARG,295,NH2,HIE,291,ND1,8,0.0002666577780740642
GLN,302,NE2,ARG,298,NH2,8,0.0002666577780740642
HIE,307,N,GLN,427,NE2,8,0.0002666577780740642
ARG,308,N,ILE,304,O,8,0.0002666577780740642
SER,332,N,ARG,330,O,8,0.0002666577780740642
ASP,333,N,ARG,330,O,8,0.0002666577780740642
LEU,334,N,ASP,333,OD2,8,0.0002666577780740642
THR,344,OG1,GLN,345,NE2,8,0.0002666577780740642
HIE,346,N,HIE,346,ND1,8,0.0002666577780740642
ARG,350,NH1,GLU,54,O,8,0.0002666577780740642
ARG,350,NH1,ARG,350,O,8,0.0002666577780740642
ASN,389,ND2,ASN,389,O,8,0.0002666577780740642
GLN,427,N,THR,424,O,8,0.0002666577780740642
ASN,428,ND2,GLN,427,O,8,0.0002666577780740642
LEU,442,N,ASP,441,OD1,8,0.0002666577780740642
ARG,20,NH2,MET,18,O,7,0.00023332555581480617
ASN,89,ND2,PHE,87,O,7,0.00023332555581480617
ARG,92,NH1,GLU,254,OE1,7,0.00023332555581480617
ARG,98,NH1,HID,243,NE2,7,0.00023332555581480617
LEU,129,N,ILE,126,O,7,0.00023332555581480617
SER,132,OG,PHE,460,O,7,0.00023332555581480617
VAL,155,N,CYS,152,O,7,0.00023332555581480617
GLN,176,NE2,GLN,205,OE1,7,0.00023332555581480617
GLN,176,NE2,ASN,209,ND2,7,0.00023332555581480617
ARG,204,NH2,GLN,205,OE1,7,0.00023332555581480617
TYR,207,OH,GLN,211,OE1,7,0.00023332555581480617
ASN,209,ND2,GLU,212,OE2,7,0.00023332555581480617
SER,220,OG,ILE,217,O,7,0.00023332555581480617
SER,231,OG,PRO,230,O,7,0.00023332555581480617
LYS,248,NZ,HIE,257,ND1,7,0.00023332555581480617
ARG,280,NH2,THR,455,OG1,7,0.00023332555581480617
ARG,295,NH2,ASP,383,OD1,7,0.00023332555581480617
ARG,298,NH1,TYR,297,OH,7,0.00023332555581480617
LEU,334,N,ASP,333,OD1,7,0.00023332555581480617
LYS,405,N,LEU,60,O,7,0.00023332555581480617
ARG,406,NH1,ILE,86,O,7,0.00023332555581480617
ARG,406,NH1,TRP,93,NE1,7,0.00023332555581480617
GLU,411,N,GLU,411,OE2,7,0.00023332555581480617
ILE,413,N,ARG,105,NH1,7,0.00023332555581480617
GLN,457,N,GLN,457,OE1,7,0.00023332555581480617
ARG,463,NE,SER,430,OG,7,0.00023332555581480617
ARG,45,NH2,LEU,191,O,6,0.00019999333355554815
LYS,72,N,ARG,70,O,6,0.00019999333355554815
ALA,74,N,LYS,72,O,6,0.00019999333355554815
ASN,89,N,ARG,92,NH1,6,0.00019999333355554815
ASN,89,ND2,ASN,89,O,6,0.00019999333355554815
GLY,90,N,ASN,89,ND2,6,0.00019999333355554815
TRP,93,NE1,VAL,85,O,6,0.00019999333355554815
SER,100,N,ARG,97,O,6,0.00019999333355554815
ARG,112,NE,GLU,116,O,6,0.00019999333355554815
LYS,158,NZ,GLY,157,O,6,0.00019999333355554815
ARG,159,NH2,GLU,120,OE2,6,0.00019999333355554815
GLN,187,NE2,SER,26,OG,6,0.00019999333355554815
LYS,208,NZ,GLN,211,NE2,6,0.00019999333355554815
HIP,224,ND1,LYS,223,O,6,0.00019999333355554815
THR,227,OG1,THR,227,O,6,0.00019999333355554815
SER,249,OG,GLU,245,O,6,0.00019999333355554815
ALA,251,N,SER,249,O,6,0.00019999333355554815
HIE,257,NE2,GLU,222,OE1,6,0.00019999333355554815
GLN,258,NE2,ARG,81,NH1,6,0.00019999333355554815
ASN,259,ND2,SER,256,O,6,0.00019999333355554815
ARG,280,NE,THR,140,OG1,6,0.00019999333355554815
ARG,280,NH1,GLU,273,OE2,6,0.00019999333355554815
ARG,295,NE,TYR,320,OH,6,0.00019999333355554815
THR,300,N,TYR,297,O,6,0.00019999333355554815
ASP,333,N,TYR,281,OH,6,0.00019999333355554815
THR,347,N,GLN,345,O,6,0.00019999333355554815
PHE,349,N,THR,347,O,6,0.00019999333355554815
LYS,356,NZ,HIE,346,ND1,6,0.00019999333355554815
THR,358,N,LYS,356,O,6,0.00019999333355554815
ASN,389,ND2,ALA,388,O,6,0.00019999333355554815
LYS,393,NZ,ASP,383,OD1,6,0.00019999333355554815
ALA,397,N,THR,395,O,6,0.00019999333355554815
SER,402,OG,LEU,403,O,6,0.00019999333355554815
ARG,415,NE,GLU,411,O,6,0.00019999333355554815
SER,430,OG,ARG,463,NH1,6,0.00019999333355554815
ARG,7,NE,GLY,5,O,5,0.00016666111129629013
GLY,13,N,PRO,10,O,5,0.00016666111129629013
ARG,29,NH1,LYS,25,O,5,0.00016666111129629013
ARG,31,NE,LEU,28,O,5,0.00016666111129629013
GLY,52,N,ASP,36,O,5,0.00016666111129629013
GLY,52,N,ILE,363,O,5,0.00016666111129629013
VAL,61,N,ILE,56,O,5,0.00016666111129629013
LYS,63,NZ,SER,348,OG,5,0.00016666111129629013
VAL,76,N,ALA,74,O,5,0.00016666111129629013
LEU,96,N,TRP,93,O,5,0.00016666111129629013
ARG,98,NE,ARG,98,O,5,0.00016666111129629013
GLN,119,NE2,GLU,115,OE2,5,0.00016666111129629013
GLN,123,NE2,GLN,119,NE2,5,0.00016666111129629013
ARG,130,NH1,GLN,123,OE1,5,0.00016666111129629013
LYS,131,NZ,LYS,131,O,5,0.00016666111129629013
ASN,149,ND2,ILE,146,O,5,0.00016666111129629013
PHE,156,N,ILE,151,O,5,0.00016666111129629013
GLN,176,N,PHE,174,O,5,0.00016666111129629013
SER,182,OG,SER,179,O,5,0.00016666111129629013
GLN,187,NE2,GLY,22,O,5,0.00016666111129629013
GLN,187,NE2,ILE,181,O,5,0.00016666111129629013
SER,193,N,LEU,191,O,5,0.00016666111129629013
SER,193,OG,GLU,190,OE2,5,0.00016666111129629013
PHE,195,N,SER,193,O,5,0.00016666111129629013
LYS,197,NZ,SER,193,OG,5,0.00016666111129629013
TYR,198,N,GLY,194,O,5,0.00016666111129629013
ARG,204,NE,HIE,203,NE2,5,0.00016666111129629013
ARG,204,NH1,TYR,198,O,5,0.00016666111129629013
ASN,209,ND2,THR,177,N,5,0.00016666111129629013
ASN,209,ND2,VAL,206,O,5,0.00016666111129629013
TYR,216,OH,ASP,164,OD1,5,0.00016666111129629013
TYR,216,OH,GLN,165,OE1,5,0.00016666111129629013
ARG,225,N,GLU,226,OE2,5,0.00016666111129629013
LYS,234,NZ,LYS,223,O,5,0.00016666111129629013
ASP,235,N,ASP,238,OD1,5,0.00016666111129629013
TYR,240,OH,PHE,255,O,5,0.00016666111129629013
LYS,246,NZ,LYS,246,O,5,0.00016666111129629013
ASN,250,ND2,SER,253,OG,5,0.00016666111129629013
HIE,257,NE2,ASN,261,OD1,5,0.00016666111129629013
ARG,295,NH1,ASP,383,OD1,5,0.00016666111129629013
ARG,295,NH1,ASP,383,OD2,5,0.00016666111129629013
GLU,299,N,TYR,297,O,5,0.00016666111129629013
LEU,312,N,GLU,115,OE2,5,0.00016666111129629013
HID,369,ND1,ARG,330,NH1,5,0.00016666111129629013
ARG,406,NH1,HM1,464,O2A,5,0.00016666111129629013
ARG,463,NH2,SER,430,OG,5,0.00016666111129629013
GLY,13,N,LEU,11,O,4,0.0001333288890370321
ARG,21,N,ASP,19,O,4,0.0001333288890370321
ARG,29,NE,ARG,29,O,4,0.0001333288890370321
ARG,29,NH2,MET,18,O,4,0.0001333288890370321
ARG,31,N,LEU,28,O,4,0.0001333288890370321
LYS,33,NZ,GLN,17,OE1,4,0.0001333288890370321
TYR,34,OH,GLY,5,O,4,0.0001333288890370321
LYS,63,NZ,ASP,62,O,4,0.0001333288890370321
SER,68,OG,SER,68,O,4,0.0001333288890370321
SER,68,OG,ILE,342,O,4,0.0001333288890370321
PHE,79,N,ASP,77,O,4,0.0001333288890370321
ARG,81,NH1,ARG,81,O,4,0.0001333288890370321
TYR,83,OH,ARG,81,NH2,4,0.0001333288890370321
ARG,105,NE,MET,104,O,4,0.0001333288890370321
ARG,105,NE,GLU,115,OE2,4,0.0001333288890370321
ARG,112,N,GLY,110,O,4,0.0001333288890370321
GLN,119,NE2,GLN,123,NE2,4,0.0001333288890370321
GLN,123,NE2,HIE,307,NE2,4,0.0001333288890370321
PHE,143,N,THR,140,O,4,0.0001333288890370321
THR,147,OG1,THR,272,O,4,0.0001333288890370321
ALA,148,N,SER,145,O,4,0.0001333288890370321
ARG,159,NH1,GLU,120,OE1,4,0.0001333288890370321
TYR,175,N,GLN,144,OE1,4,0.0001333288890370321
SER,179,OG,TYR,175,OH,4,0.0001333288890370321
ARG,204,NH1,ARG,204,O,4,0.0001333288890370321
ASN,214,ND2,ASN,261,O,4,0.0001333288890370321
THR,227,OG1,ARG,225,O,4,0.0001333288890370321
THR,227,OG1,LEU,228,O,4,0.0001333288890370321
LEU,228,N,ASP,238,OD2,4,0.0001333288890370321
ASN,259,ND2,ARG,92,NH2,4,0.0001333288890370321
THR,272,OG1,GLN,144,OE1,4,0.0001333288890370321
THR,278,OG1,THR,275,O,4,0.0001333288890370321
TYR,297,OH,ARG,463,O,4,0.0001333288890370321
ARG,298,NE,ARG,298,O,4,0.0001333288890370321
GLU,301,N,ARG,298,O,4,0.0001333288890370321
VAL,324,N,THR,321,O,4,0.0001333288890370321
GLN,329,NE2,TYR,326,N,4,0.0001333288890370321
ASP,333,N,ASP,333,OD1,4,0.0001333288890370321
LEU,334,N,SER,332,OG,4,0.0001333288890370321
THR,344,OG1,PHE,67,N,4,0.0001333288890370321
THR,344,OG1,ASP,357,OD1,4,0.0001333288890370321
ARG,350,NE,GLU,54,OE1,4,0.0001333288890370321
ARG,350,NH2,ALA,55,N,4,0.0001333288890370321
LYS,356,NZ,GLN,345,NE2,4,0.0001333288890370321
LEU,364,N,PRO,336,O,4,0.0001333288890370321
PHE,460,N,ALA,135,O,4,0.0001333288890370321
ARG,1,NH1,TYR,352,OH,3,9.999666677777408e-05
GLN,17,NE2,TYR,34,OH,3,9.999666677777408e-05
ARG,21,NH2,ARG,29,NH1,3,9.999666677777408e-05
LYS,25,NZ,ARG,21,NH1,3,9.999666677777408e-05
ARG,29,NE,GLN,17,O,3,9.999666677777408e-05
ARG,29,NH2,GLN,17,OE1,3,9.999666677777408e-05
ARG,29,NH2,SER,26,OG,3,9.999666677777408e-05
ARG,31,NE,GLY,35,O,3,9.999666677777408e-05
ARG,31,NE,CYS,51,O,3,9.999666677777408e-05
LYS,33,NZ,GLU,32,O,3,9.999666677777408e-05
THR,39,OG1,THR,39,O,3,9.999666677777408e-05
LEU,42,N,VAL,40,O,3,9.999666677777408e-05
ARG,45,NE,GLU,190,O,3,9.999666677777408e-05
ARG,57,NE,VAL,53,O,3,9.999666677777408e-05
ARG,57,NH1,GLU,58,N,3,9.999666677777408e-05
ALA,64,N,LEU,60,O,3,9.999666677777408e-05
SER,68,OG,THR,344,N,3,9.999666677777408e-05
ARG,70,NE,GLY,69,O,3,9.999666677777408e-05
ARG,70,NH1,HID,341,ND1,3,9.999666677777408e-05
ARG,70,NH1,ARG,406,NH2,3,9.999666677777408e-05
GLY,71,N,HID,341,N,3,9.999666677777408e-05
ILE,73,N,GLY,71,O,3,9.999666677777408e-05
ARG,81,NE,TYR,83,OH,3,9.999666677777408e-05
ARG,92,NH2,SER,253,O,3,9.999666677777408e-05
ARG,98,NE,THR,102,OG1,3,9.999666677777408e-05
ARG,98,NH2,GLU,247,OE2,3,9.999666677777408e-05
ARG,105,NH2,VAL,101,O,3,9.999666677777408e-05
SER,113,OG,ARG,105,NH2,3,9.999666677777408e-05
ARG,130,NH2,GLN,123,NE2,3,9.999666677777408e-05
SER,153,OG,ARG,159,N,3,9.999666677777408e-05
GLN,163,NE2,GLN,165,OE1,3,9.999666677777408e-05
GLN,165,NE2,ASP,164,OD1,3,9.999666677777408e-05
GLU,166,N,GLN,165,OE1,3,9.999666677777408e-05
SER,182,OG,GLY,450,O,3,9.999666677777408e-05
GLN,187,NE2,LEU,188,N,3,9.999666677777408e-05
TYR,207,N,ARG,204,O,3,9.999666677777408e-05
LEU,210,N,TYR,207,O,3,9.999666677777408e-05
GLN,211,NE2,ASN,214,OD1,3,9.999666677777408e-05
ARG,225,N,GLU,226,OE1,3,9.999666677777408e-05
ARG,225,NE,GLU,245,OE2,3,9.999666677777408e-05
SER,253,OG,SER,256,OG,3,9.999666677777408e-05
ARG,280,NH1,PRO,453,O,3,9.999666677777408e-05
ARG,295,NE,HIE,291,ND1,3,9.999666677777408e-05
ARG,295,NE,ARG,295,O,3,9.999666677777408e-05
ARG,298,NE,GLU,299,OE1,3,9.999666677777408e-05
ILE,304,N,GLU,301,O,3,9.999666677777408e-05
ARG,308,NH1,ARG,308,O,3,9.999666677777408e-05
GLU,311,N,ARG,308,NH2,3,9.999666677777408e-05
LEU,312,N,GLU,115,OE1,3,9.999666677777408e-05
LEU,312,N,GLN,119,OE1,3,9.999666677777408e-05
TYR,320,OH,VAL,292,O,3,9.999666677777408e-05
THR,321,N,GLU,299,OE2,3,9.999666677777408e-05
ALA,323,N,TYR,320,O,3,9.999666677777408e-05
TYR,326,N,ALA,323,O,3,9.999666677777408e-05
ILE,328,N,ILE,325,O,3,9.999666677777408e-05
ARG,330,NH2,ALA,379,O,3,9.999666677777408e-05
THR,344,OG1,THR,344,O,3,9.999666677777408e-05
LYS,376,NZ,ASN,381,OD1,3,9.999666677777408e-05
ASN,381,ND2,GLU,375,O,3,9.999666677777408e-05
THR,395,OG1,THR,395,O,3,9.999666677777408e-05
GLU,396,N,TYR,373,OH,3,9.999666677777408e-05
GLY,404,N,PHE,401,O,3,9.999666677777408e-05
PHE,419,N,GLU,417,O,3,9.999666677777408e-05
LEU,420,N,GLU,417,O,3,9.999666677777408e-05
PHE,421,N,LEU,418,O,3,9.999666677777408e-05
GLN,427,NE2,GLY,305,N,3,9.999666677777408e-05
ASN,428,ND2,HIE,307,ND1,3,9.999666677777408e-05
SER,430,OG,SER,430,O,3,9.999666677777408e-05
SER,433,OG,ALA,432,O,3,9.999666677777408e-05
LYS,451,NZ,SER,332,OG,3,9.999666677777408e-05
ARG,459,NE,ALA,135,O,3,9.999666677777408e-05
ARG,459,NH2,SER,433,O,3,9.999666677777408e-05
ARG,1,NH1,ARG,350,O,2,6.666444451851606e-05
ARG,7,N,GLN,17,OE1,2,6.666444451851606e-05
LEU,11,N,LEU,9,O,2,6.666444451851606e-05
ARG,20,N,ASP,19,OD2,2,6.666444451851606e-05
ARG,21,NH1,GLU,446,OE1,2,6.666444451851606e-05
LEU,23,N,GLN,187,O,2,6.666444451851606e-05
LYS,25,NZ,THR,443,OG1,2,6.666444451851606e-05
LYS,25,NZ,PRO,444,O,2,6.666444451851606e-05
PHE,27,N,LEU,24,O,2,6.666444451851606e-05
ARG,29,NH1,MET,18,O,2,6.666444451851606e-05
ARG,29,NH1,SER,26,OG,2,6.666444451851606e-05
ARG,29,NH2,ARG,21,NH1,2,6.666444451851606e-05
ARG,31,NH1,CYS,51,O,2,6.666444451851606e-05
GLY,69,N,SER,68,OG,2,6.666444451851606e-05
ARG,70,NH1,ARG,406,NH1,2,6.666444451851606e-05
ARG,70,NH2,HID,341,N,2,6.666444451851606e-05
GLY,84,N,PHE,80,O,2,6.666444451851606e-05
ARG,97,NH1,LEU,409,N,2,6.666444451851606e-05
ARG,98,NE,LYS,94,O,2,6.666444451851606e-05
SER,113,OG,MET,104,O,2,6.666444451851606e-05
ARG,117,NH1,GLU,116,O,2,6.666444451851606e-05
GLN,123,NE2,ARG,130,NH1,2,6.666444451851606e-05
GLN,123,NE2,ARG,130,NH2,2,6.666444451851606e-05
ARG,130,NH1,HIE,307,NE2,2,6.666444451851606e-05
ARG,130,NH2,ASN,428,O,2,6.666444451851606e-05
SER,132,OG,SER,132,O,2,6.666444451851606e-05
SER,153,OG,SER,153,O,2,6.666444451851606e-05
ARG,159,NH2,TYR,162,OH,2,6.666444451851606e-05
HIE,161,N,HIE,161,ND1,2,6.666444451851606e-05
GLN,165,NE2,ASP,164,OD2,2,6.666444451851606e-05
LEU,171,N,LEU,168,O,2,6.666444451851606e-05
TYR,175,N,ASN,172,O,2,6.666444451851606e-05
SER,182,OG,SER,182,O,2,6.666444451851606e-05
GLN,187,NE2,LEU,23,N,2,6.666444451851606e-05
GLN,187,NE2,GLY,448,O,2,6.666444451851606e-05
SER,193,N,GLU,190,O,2,6.666444451851606e-05
ARG,204,N,HIE,203,NE2,2,6.666444451851606e-05
ARG,204,NH1,GLN,205,OE1,2,6.666444451851606e-05
ARG,204,NH2,PHE,199,N,2,6.666444451851606e-05
GLN,205,N,GLN,205,OE1,2,6.666444451851606e-05
GLN,205,NE2,ALA,202,O,2,6.666444451851606e-05
TYR,207,OH,VAL,76,N,2,6.666444451851606e-05
ASN,209,ND2,GLN,205,OE1,2,6.666444451851606e-05
LEU,210,N,ASN,209,OD1,2,6.666444451851606e-05
ASN,214,N,GLN,211,O,2,6.666444451851606e-05
ASN,214,ND2,GLN,258,NE2,2,6.666444451851606e-05
SER,220,OG,VAL,155,O,2,6.666444451851606e-05
ARG,225,NH2,LYS,223,O,2,6.666444451851606e-05
GLU,226,N,ARG,225,NE,2,6.666444451851606e-05
LYS,234,NZ,GLY,110,O,2,6.666444451851606e-05
LYS,246,NZ,GLU,245,OE1,2,6.666444451851606e-05
LYS,246,NZ,GLU,245,OE2,2,6.666444451851606e-05
SER,249,OG,LYS,248,O,2,6.666444451851606e-05
SER,249,OG,SER,249,O,2,6.666444451851606e-05
HIE,252,N,ASN,250,O,2,6.666444451851606e-05
HIE,252,N,HIE,252,ND1,2,6.666444451851606e-05
SER,253,OG,HIE,252,O,2,6.666444451851606e-05
SER,256,OG,PHE,255,O,2,6.666444451851606e-05
HIE,257,NE2,ASN,261,ND2,2,6.666444451851606e-05
ASN,259,ND2,ARG,92,O,2,6.666444451851606e-05
THR,272,N,LEU,267,O,2,6.666444451851606e-05
THR,272,OG1,ALA,148,N,2,6.666444451851606e-05
THR,275,N,THR,272,O,2,6.666444451851606e-05
THR,275,OG1,THR,274,OG1,2,6.666444451851606e-05
ARG,280,NH1,ASP,138,OD2,2,6.666444451851606e-05
ARG,280,NH1,GLU,273,OE1,2,6.666444451851606e-05
TYR,281,N,THR,278,O,2,6.666444451851606e-05
LYS,288,NZ,LYS,288,O,2,6.666444451851606e-05
TYR,289,OH,PHE,380,O,2,6.666444451851606e-05
ARG,295,NH2,GLU,299,N,2,6.666444451851606e-05
TYR,297,OH,ARG,463,OXT,2,6.666444451851606e-05
ARG,298,NE,GLU,294,O,2,6.666444451851606e-05
ARG,298,NE,GLN,302,NE2,2,6.666444451851606e-05
THR,300,OG1,GLN,427,OE1,2,6.666444451851606e-05
GLN,302,NE2,ARG,298,NH1,2,6.666444451851606e-05
GLN,302,NE2,GLU,301,O,2,6.666444451851606e-05
ARG,308,NH1,VAL,303,O,2,6.666444451851606e-05
ARG,308,NH1,GLU,311,N,2,6.666444451851606e-05
ARG,315,NH1,LEU,312,O,2,6.666444451851606e-05
ARG,315,NH1,GLU,411,OE1,2,6.666444451851606e-05
LYS,317,NZ,VAL,303,O,2,6.666444451851606e-05
GLN,329,NE2,ARG,415,NH1,2,6.666444451851606e-05
ARG,330,NH2,ASP,378,O,2,6.666444451851606e-05
SER,332,OG,GLN,329,O,2,6.666444451851606e-05
ASP,333,N,ASP,333,OD2,2,6.666444451851606e-05
LYS,356,NZ,THR,344,OG1,2,6.666444451851606e-05
HID,369,ND1,SER,365,OG,2,6.666444451851606e-05
ALA,379,N,ASP,378,OD1,2,6.666444451851606e-05
LYS,393,N,LEU,386,N,2,6.666444451851606e-05
LYS,393,N,ALA,391,O,2,6.666444451851606e-05
LYS,393,NZ,PHE,385,O,2,6.666444451851606e-05
LYS,394,NZ,LEU,392,O,2,6.666444451851606e-05
THR,395,N,GLU,396,OE2,2,6.666444451851606e-05
PHE,398,N,GLU,396,O,2,6.666444451851606e-05
SER,402,OG,PHE,401,O,2,6.666444451851606e-05
ARG,406,NE,LYS,405,O,2,6.666444451851606e-05
ARG,406,NH1,ASN,89,ND2,2,6.666444451851606e-05
ILE,413,N,ARG,105,NH2,2,6.666444451851606e-05
GLU,417,N,GLU,417,OE1,2,6.666444451851606e-05
THR,423,N,LEU,420,O,2,6.666444451851606e-05
GLN,427,NE2,PRO,306,O,2,6.666444451851606e-05
GLN,427,NE2,HIE,307,O,2,6.666444451851606e-05
SER,430,OG,ARG,463,NH2,2,6.666444451851606e-05
GLN,445,NE2,THR,443,O,2,6.666444451851606e-05
GLN,445,NE2,PRO,454,O,2,6.666444451851606e-05
LYS,451,NZ,THR,277,OG1,2,6.666444451851606e-05
LYS,451,NZ,PRO,336,O,2,6.666444451851606e-05
TYR,456,N,ASP,138,OD1,2,6.666444451851606e-05
ARG,459,NE,LEU,136,N,2,6.666444451851606e-05
ARG,459,NH1,SER,433,O,2,6.666444451851606e-05
LEU,461,N,ARG,459,O,2,6.666444451851606e-05
ARG,463,NE,PHE,429,N,2,6.666444451851606e-05
ARG,463,NH1,ALA,293,O,2,6.666444451851606e-05
ARG,463,NH2,ARG,463,OXT,2,6.666444451851606e-05
ARG,1,N,LEU,2,O,1,3.333222225925803e-05
ARG,1,NH2,HIE,346,ND1,1,3.333222225925803e-05
ARG,1,NH2,SER,348,OG,1,3.333222225925803e-05
ASN,14,ND2,PRO,8,N,1,3.333222225925803e-05
LEU,16,N,GLY,13,O,1,3.333222225925803e-05
ARG,20,N,ASP,19,OD1,1,3.333222225925803e-05
ARG,20,NE,MET,18,O,1,3.333222225925803e-05
ARG,20,NH1,CYS,447,O,1,3.333222225925803e-05
ARG,21,NH2,ARG,20,NH1,1,3.333222225925803e-05
ARG,21,NH2,ARG,29,NH2,1,3.333222225925803e-05
LEU,23,N,GLN,187,NE2,1,3.333222225925803e-05
LYS,25,NZ,LYS,25,O,1,3.333222225925803e-05
ARG,29,NH1,ARG,21,NH1,1,3.333222225925803e-05
ARG,29,NH1,ARG,21,NH2,1,3.333222225925803e-05
ARG,29,NH2,ASP,19,N,1,3.333222225925803e-05
ARG,29,NH2,GLU,32,O,1,3.333222225925803e-05
ARG,31,NE,ASP,36,N,1,3.333222225925803e-05
ARG,31,NH2,LEU,28,O,1,3.333222225925803e-05
ARG,31,NH2,ASP,370,OD1,1,3.333222225925803e-05
GLY,35,N,PHE,30,O,1,3.333222225925803e-05
ASP,36,N,ARG,350,NH2,1,3.333222225925803e-05
VAL,37,N,TYR,34,O,1,3.333222225925803e-05
VAL,37,N,GLY,35,O,1,3.333222225925803e-05
VAL,37,N,ASP,36,OD1,1,3.333222225925803e-05
VAL,37,N,ASP,36,OD2,1,3.333222225925803e-05
VAL,47,N,THR,39,OG1,1,3.333222225925803e-05
GLU,65,N,LYS,63,O,1,3.333222225925803e-05
SER,68,OG,ALA,66,O,1,3.333222225925803e-05
SER,68,OG,VAL,343,O,1,3.333222225925803e-05
GLY,69,N,HM1,464,O2A,1,3.333222225925803e-05
ARG,70,NE,PHE,87,O,1,3.333222225925803e-05
ARG,70,NE,ASN,89,OD1,1,3.333222225925803e-05
ARG,81,NH1,TYR,83,OH,1,3.333222225925803e-05
ARG,81,NH2,ASP,77,O,1,3.333222225925803e-05
ARG,81,NH2,ARG,81,O,1,3.333222225925803e-05
ARG,81,NH2,GLN,211,OE1,1,3.333222225925803e-05
GLY,84,N,ARG,92,NH2,1,3.333222225925803e-05
ILE,86,N,GLY,84,O,1,3.333222225925803e-05
ASN,89,N,GLY,82,O,1,3.333222225925803e-05
ASN,89,ND2,ARG,406,NH1,1,3.333222225925803e-05
ASN,91,N,ASN,89,ND2,1,3.333222225925803e-05
ARG,92,N,ASN,91,OD1,1,3.333222225925803e-05
ARG,92,NH1,TYR,83,OH,1,3.333222225925803e-05
ARG,92,NH1,SER,256,OG,1,3.333222225925803e-05
ARG,92,NH2,ASN,89,OD1,1,3.333222225925803e-05
ARG,92,NH2,HIE,252,ND1,1,3.333222225925803e-05
ARG,92,NH2,ASN,259,ND2,1,3.333222225925803e-05
ARG,97,N,LYS,94,O,1,3.333222225925803e-05
ARG,98,NH1,GLU,247,OE1,1,3.333222225925803e-05
ARG,98,NH2,GLU,247,OE1,1,3.333222225925803e-05
ARG,105,NE,LEU,409,O,1,3.333222225925803e-05
ARG,105,NE,GLU,411,O,1,3.333222225925803e-05
ARG,105,NH1,THR,102,OG1,1,3.333222225925803e-05
ARG,105,NH2,GLY,412,N,1,3.333222225925803e-05
PHE,107,N,ARG,105,N,1,3.333222225925803e-05
ARG,112,NE,ARG,117,NH1,1,3.333222225925803e-05
ARG,112,NE,ARG,117,NH2,1,3.333222225925803e-05
ARG,112,NH2,GLN,119,OE1,1,3.333222225925803e-05
SER,113,N,ARG,112,NH2,1,3.333222225925803e-05
VAL,114,N,ARG,105,NH1,1,3.333222225925803e-05
ARG,117,NE,MET,104,O,1,3.333222225925803e-05
ARG,117,NE,GLU,120,OE2,1,3.333222225925803e-05
ARG,117,NE,SER,153,O,1,3.333222225925803e-05
ARG,117,NH1,GLY,110,O,1,3.333222225925803e-05
ARG,117,NH2,ASP,106,O,1,3.333222225925803e-05
GLN,119,NE2,ARG,112,NH1,1,3.333222225925803e-05
GLN,119,NE2,GLU,116,N,1,3.333222225925803e-05
GLN,119,NE2,GLU,120,N,1,3.333222225925803e-05
GLN,119,NE2,GLU,120,OE2,1,3.333222225925803e-05
ARG,130,NH1,ASN,428,O,1,3.333222225925803e-05
SER,132,N,ARG,130,O,1,3.333222225925803e-05
LEU,136,N,ARG,459,NH1,1,3.333222225925803e-05
THR,140,OG1,ARG,280,NH2,1,3.333222225925803e-05
GLN,144,NE2,ARG,280,NH1,1,3.333222225925803e-05
SER,145,OG,SER,145,O,1,3.333222225925803e-05
ASN,149,ND2,ARG,159,NE,1,3.333222225925803e-05
ASN,149,ND2,ARG,159,NH1,1,3.333222225925803e-05
ASN,149,ND2,ARG,159,NH2,1,3.333222225925803e-05
CYS,152,N,ASN,149,O,1,3.333222225925803e-05
SER,153,OG,ARG,117,NE,1,3.333222225925803e-05
GLY,157,N,VAL,155,N,1,3.333222225925803e-05
ARG,159,NE,ASN,149,ND2,1,3.333222225925803e-05
ARG,159,NE,PHE,160,N,1,3.333222225925803e-05
TYR,162,OH,ARG,159,NH2,1,3.333222225925803e-05
GLN,163,NE2,GLN,163,N,1,3.333222225925803e-05
ASP,164,N,HIE,161,ND1,1,3.333222225925803e-05
ASP,164,N,TYR,162,O,1,3.333222225925803e-05
GLN,165,N,GLN,163,O,1,3.333222225925803e-05
GLN,165,N,ASP,164,OD1,1,3.333222225925803e-05
GLN,165,N,ASP,164,OD2,1,3.333222225925803e-05
LEU,168,N,GLN,165,O,1,3.333222225925803e-05
LYS,169,NZ,GLN,165,NE2,1,3.333222225925803e-05
LYS,169,NZ,GLU,212,O,1,3.333222225925803e-05
GLN,176,NE2,TYR,175,OH,1,3.333222225925803e-05
GLN,176,NE2,GLN,176,N,1,3.333222225925803e-05
PHE,178,N,TYR,175,O,1,3.333222225925803e-05
VAL,184,N,ARG,20,NH1,1,3.333222225925803e-05
GLN,187,NE2,ARG,21,O,1,3.333222225925803e-05
GLN,187,NE2,GLY,22,N,1,3.333222225925803e-05
SER,193,OG,GLU,190,O,1,3.333222225925803e-05
GLY,194,N,PHE,192,O,1,3.333222225925803e-05
TYR,198,N,LEU,196,O,1,3.333222225925803e-05
ARG,204,NE,TYR,198,O,1,3.333222225925803e-05
ARG,204,NE,GLN,205,OE1,1,3.333222225925803e-05
ARG,204,NH1,GLN,211,OE1,1,3.333222225925803e-05
GLN,205,NE2,GLN,176,NE2,1,3.333222225925803e-05
GLN,211,NE2,LYS,208,N,1,3.333222225925803e-05
GLN,211,NE2,GLU,212,N,1,3.333222225925803e-05
GLN,211,NE2,ASN,214,ND2,1,3.333222225925803e-05
ASN,214,ND2,ALA,215,N,1,3.333222225925803e-05
TYR,216,OH,LYS,169,O,1,3.333222225925803e-05
LYS,223,NZ,TYR,216,OH,1,3.333222225925803e-05
LYS,223,NZ,LYS,223,O,1,3.333222225925803e-05
ARG,225,NE,LYS,223,O,1,3.333222225925803e-05
ARG,225,NH1,ARG,225,O,1,3.333222225925803e-05
THR,227,OG1,GLU,245,OE1,1,3.333222225925803e-05
LYS,234,N,THR,227,OG1,1,3.333222225925803e-05
THR,239,OG1,LEU,236,O,1,3.333222225925803e-05
LEU,241,N,ASP,238,O,1,3.333222225925803e-05
LYS,246,NZ,SER,249,OG,1,3.333222225925803e-05
LYS,246,NZ,ASN,250,OD1,1,3.333222225925803e-05
LYS,246,NZ,ASN,250,ND2,1,3.333222225925803e-05
LYS,248,NZ,GLU,226,OE1,1,3.333222225925803e-05
LYS,248,NZ,LYS,248,O,1,3.333222225925803e-05
SER,249,N,GLU,245,O,1,3.333222225925803e-05
SER,249,OG,ASN,250,ND2,1,3.333222225925803e-05
ASN,250,ND2,LYS,246,O,1,3.333222225925803e-05
ASN,250,ND2,GLU,254,OE2,1,3.333222225925803e-05
SER,253,OG,MET,244,O,1,3.333222225925803e-05
SER,253,OG,SER,253,O,1,3.333222225925803e-05
SER,256,N,ASN,259,OD1,1,3.333222225925803e-05
SER,256,OG,TYR,83,OH,1,3.333222225925803e-05
SER,256,OG,HIE,257,ND1,1,3.333222225925803e-05
HIE,257,NE2,ARG,225,NH1,1,3.333222225925803e-05
HIE,257,NE2,GLN,258,NE2,1,3.333222225925803e-05
GLN,258,NE2,ASN,214,ND2,1,3.333222225925803e-05
GLN,258,NE2,LYS,248,O,1,3.333222225925803e-05
GLN,258,NE2,SER,249,O,1,3.333222225925803e-05
GLN,258,NE2,ASN,250,O,1,3.333222225925803e-05
GLN,258,NE2,HIE,257,O,1,3.333222225925803e-05
ASN,259,ND2,ASN,263,OD1,1,3.333222225925803e-05
ASN,263,ND2,ASN,259,OD1,1,3.333222225925803e-05
ALA,270,N,PHE,268,O,1,3.333222225925803e-05
THR,272,OG1,GLU,273,OE2,1,3.333222225925803e-05
SER,276,N,GLY,271,O,1,3.333222225925803e-05
SER,276,N,GLU,273,O,1,3.333222225925803e-05
SER,276,OG,THR,147,OG1,1,3.333222225925803e-05
ARG,280,N,THR,277,O,1,3.333222225925803e-05
ARG,280,NH2,ASP,138,OD2,1,3.333222225925803e-05
TYR,281,OH,LYS,451,O,1,3.333222225925803e-05
ARG,295,NH1,HIE,291,NE2,1,3.333222225925803e-05
ARG,295,NH1,GLN,302,NE2,1,3.333222225925803e-05
ARG,295,NH2,HIE,291,O,1,3.333222225925803e-05
ARG,295,NH2,TYR,320,OH,1,3.333222225925803e-05
TYR,297,N,GLU,294,O,1,3.333222225925803e-05
TYR,297,OH,ARG,298,NH1,1,3.333222225925803e-05
TYR,297,OH,ARG,298,NH2,1,3.333222225925803e-05
ARG,298,N,ARG,295,O,1,3.333222225925803e-05
THR,300,OG1,GLU,301,N,1,3.333222225925803e-05
GLY,305,N,GLN,427,OE1,1,3.333222225925803e-05
HIE,307,NE2,ARG,463,O,1,3.333222225925803e-05
HIE,313,NE2,ASP,314,OD2,1,3.333222225925803e-05
ASP,314,N,HIE,313,ND1,1,3.333222225925803e-05
ARG,315,NH2,GLU,411,OE1,1,3.333222225925803e-05
LYS,317,N,ARG,315,O,1,3.333222225925803e-05
LYS,317,NZ,GLN,302,OE1,1,3.333222225925803e-05
LYS,317,NZ,ALA,316,O,1,3.333222225925803e-05
GLU,327,N,VAL,324,O,1,3.333222225925803e-05
LEU,335,N,ASP,333,OD1,1,3.333222225925803e-05
THR,344,OG1,GLU,65,OE2,1,3.333222225925803e-05
THR,344,OG1,SER,68,O,1,3.333222225925803e-05
GLN,345,N,GLN,345,NE2,1,3.333222225925803e-05
GLN,345,NE2,HIE,346,NE2,1,3.333222225925803e-05
SER,348,OG,ILE,353,N,1,3.333222225925803e-05
ARG,350,NH1,TYR,34,O,1,3.333222225925803e-05
ARG,350,NH1,VAL,37,O,1,3.333222225925803e-05
ARG,350,NH2,TYR,352,OH,1,3.333222225925803e-05
GLY,351,N,SER,348,OG,1,3.333222225925803e-05
THR,358,OG1,ASP,357,O,1,3.333222225925803e-05
SER,365,OG,LEU,335,O,1,3.333222225925803e-05
THR,366,OG1,CYS,51,O,1,3.333222225925803e-05
ALA,367,N,SER,365,O,1,3.333222225925803e-05
HID,369,ND1,ASP,333,OD1,1,3.333222225925803e-05
HID,369,ND1,LEU,368,O,1,3.333222225925803e-05
HIE,372,NE2,ASP,370,OD2,1,3.333222225925803e-05
LYS,376,NZ,LYS,376,O,1,3.333222225925803e-05
ALA,379,N,ASP,378,OD2,1,3.333222225925803e-05
ASN,381,ND2,HIP,384,NE2,1,3.333222225925803e-05
ASP,383,N,ASP,383,OD2,1,3.333222225925803e-05
HIP,384,ND1,ASN,381,O,1,3.333222225925803e-05
ASP,387,N,GLY,390,O,1,3.333222225925803e-05
ASN,389,N,ASN,389,ND2,1,3.333222225925803e-05
GLY,390,N,ASN,389,OD1,1,3.333222225925803e-05
LYS,393,NZ,GLU,375,OE1,1,3.333222225925803e-05
LYS,394,NZ,PHE,398,O,1,3.333222225925803e-05
LYS,405,N,LEU,403,O,1,3.333222225925803e-05
LYS,405,NZ,VAL,61,O,1,3.333222225925803e-05
LYS,405,NZ,PHE,67,O,1,3.333222225925803e-05
ARG,406,NE,TRP,93,NE1,1,3.333222225925803e-05
ILE,407,N,LEU,403,O,1,3.333222225925803e-05
CM1,408,N,GLU,411,OE2,1,3.333222225925803e-05
ALA,414,N,ARG,105,NH2,1,3.333222225925803e-05
ARG,415,N,ILE,413,O,1,3.333222225925803e-05
ARG,415,NH1,ILE,325,O,1,3.333222225925803e-05
ARG,415,NH1,GLU,411,OE1,1,3.333222225925803e-05
ARG,415,NH2,GLU,411,O,1,3.333222225925803e-05
THR,423,OG1,LEU,420,O,1,3.333222225925803e-05
THR,424,N,PHE,421,O,1,3.333222225925803e-05
THR,424,OG1,PHE,421,O,1,3.333222225925803e-05
LEU,426,N,THR,423,O,1,3.333222225925803e-05
SER,430,N,PRO,462,O,1,3.333222225925803e-05
SER,430,OG,MET,431,O,1,3.333222225925803e-05
ALA,432,N,SER,430,O,1,3.333222225925803e-05
GLU,438,N,ALA,436,O,1,3.333222225925803e-05
THR,443,OG1,PRO,444,O,1,3.333222225925803e-05
GLN,445,NE2,GLU,446,OE1,1,3.333222225925803e-05
GLN,445,NE2,THR,455,O,1,3.333222225925803e-05
VAL,449,N,GLN,187,N,1,3.333222225925803e-05
LYS,451,N,PHE,178,O,1,3.333222225925803e-05
LYS,451,NZ,LEU,334,N,1,3.333222225925803e-05
LYS,451,NZ,LEU,442,O,1,3.333222225925803e-05
TYR,456,N,ASP,138,OD2,1,3.333222225925803e-05
TYR,456,OH,LEU,284,N,1,3.333222225925803e-05
GLN,457,NE2,GLN,457,N,1,3.333222225925803e-05
ARG,459,NE,SER,433,O,1,3.333222225925803e-05
ARG,459,NH2,PHE,460,O,1,3.333222225925803e-05
LEU,461,N,SER,430,OG,1,3.333222225925803e-05
ARG,463,NE,TYR,297,OH,1,3.333222225925803e-05
ARG,463,NH1,ASN,428,O,1,3.333222225925803e-05
ARG,463,NH1,PHE,429,N,1,3.333222225925803e-05
ARG,463,NH2,ALA,293,O,1,3.333222225925803e-05
