donor_resname,donor_resid,donor_atom,acceptor_resname,acceptor_resid,acceptor_atom,count,frequency
THR,321,OG1,GLU,299,OE1,29330,0.9776340788640379
ARG,330,NH2,GLU,327,OE1,28923,0.9640678644045199
ASN,381,N,GLU,327,OE1,28775,0.9591346955101496
THR,424,OG1,LEU,420,O,28605,0.9534682177260758
PHE,283,N,LEU,279,O,28340,0.9446351788273725
VAL,40,N,VAL,47,O,28225,0.9408019732675578
TYR,456,OH,ARG,280,O,28162,0.9387020432652244
THR,239,OG1,ASP,235,O,27909,0.9302689910336323
LEU,168,N,ASP,164,O,27821,0.9273357554748175
THR,278,OG1,THR,274,O,27735,0.9244691843605213
PHE,331,N,GLU,327,O,27694,0.9231025632478917
VAL,155,N,ILE,151,O,27643,0.9214026199126696
THR,177,OG1,LEU,173,O,27585,0.9194693510216326
ARG,330,NE,GLU,327,OE2,27563,0.9187360421319289
VAL,95,N,ASN,91,O,27510,0.9169694343521883
PHE,178,N,PHE,174,O,27477,0.9158694710176327
GLN,176,N,ASN,172,O,27407,0.9135362154594847
MET,49,N,PHE,38,O,27361,0.9120029332355588
ILE,458,N,MET,137,O,27317,0.9105363154561514
ILE,363,N,LEU,50,O,27145,0.9048031732275591
SER,332,OG,ILE,328,O,27097,0.9032032265591147
HIP,384,N,ASN,381,O,27095,0.9031365621145961
GLU,417,N,ILE,413,O,27027,0.9008699710009667
PHE,361,N,VAL,48,O,26946,0.8981700609979667
PHE,385,N,PRO,382,O,26847,0.8948701709943002
VAL,48,N,GLU,359,O,26834,0.8944368521049298
THR,423,OG1,PHE,419,O,26802,0.8933702209926335
GLU,301,N,TYR,297,O,26786,0.8928369054364854
VAL,343,N,THR,358,O,26769,0.8922702576580781
THR,366,OG1,ILE,363,O,26768,0.8922369254358188
PHE,349,N,TYR,352,O,26750,0.8916369454351522
LEU,210,N,VAL,206,O,26684,0.8894370187660411
HID,341,N,VAL,360,O,26645,0.8881370620979301
PHE,421,N,GLU,417,O,26645,0.8881370620979301
THR,423,N,PHE,419,O,26643,0.8880703976534116
VAL,85,N,ASN,263,OD1,26625,0.8874704176527449
PHE,160,N,ASN,149,OD1,26555,0.8851371620945968
LEU,420,N,ALA,416,O,26549,0.8849371687610413
THR,264,OG1,LEU,260,O,26505,0.883470550981634
ASN,428,ND2,THR,424,O,26502,0.8833705543148562
LEU,265,N,ASN,261,O,26425,0.8808039732008933
ILE,452,N,GLU,446,O,26418,0.8805706476450785
SER,365,N,PRO,336,O,26363,0.8787373754208193
GLU,273,N,PHE,269,O,26322,0.8773707543081898
ASP,387,N,ALA,391,O,26284,0.8761041298623379
TYR,175,N,LEU,171,O,26246,0.8748375054164861
LEU,267,N,ASN,263,O,26188,0.8729042365254491
PHE,269,N,LEU,265,O,25996,0.8665044498516716
SER,430,N,LEU,461,O,25985,0.8661377954068198
LEU,262,N,GLN,258,O,25940,0.8646378454051532
ASP,164,N,HIE,161,O,25840,0.8613046231792274
VAL,360,N,HID,341,O,25823,0.86073797540082
LYS,208,N,ARG,204,O,25754,0.8584380520649312
ALA,270,N,SER,266,O,25705,0.8568047731742275
ARG,330,NH1,LEU,368,O,25702,0.8567047765074498
ARG,280,N,SER,276,O,25675,0.8558048065064497
GLY,305,N,ILE,300,O,25536,0.8511716276124129
SER,183,OG,LEU,180,O,25525,0.8508049731675611
PHE,38,N,MET,49,O,25473,0.8490716976100796
ALA,148,N,GLN,144,O,25377,0.8458718042731909
THR,39,N,PRO,4,O,25368,0.8455718142728575
LEU,241,N,ILE,237,O,25357,0.8452051598280057
ILE,217,N,ILE,213,O,25350,0.8449718342721909
ASN,14,N,HIE,41,O,25340,0.8446385120495984
ILE,354,N,THR,347,O,25284,0.8427719076030799
LEU,279,N,THR,275,O,25251,0.8416719442685244
ILE,181,N,THR,177,O,25038,0.8345721809273025
CYS,152,N,ALA,148,O,24957,0.8318722709243025
ILE,300,N,VAL,296,O,24949,0.8316056131462285
ARG,70,NH2,HM1,464,O2A,24897,0.829872337588747
SER,276,N,THR,272,O,24897,0.829872337588747
ARG,98,N,LYS,94,O,24857,0.8285390486983767
THR,424,N,LEU,420,O,24848,0.8282390586980434
HIE,41,N,ASN,14,OD1,24830,0.8276390786973767
THR,358,OG1,PRO,355,O,24795,0.8264724509183027
THR,347,N,ILE,354,O,24782,0.8260391320289324
LEU,9,N,GLY,13,O,24720,0.8239725342488584
ILE,126,N,ALA,122,O,24717,0.8238725375820806
TYR,326,N,GLU,322,O,24712,0.8237058764707843
LEU,418,N,ALA,414,O,24655,0.8218059398020066
SER,182,OG,PHE,178,O,24542,0.8180393986867105
GLN,427,NE2,ARG,308,O,24299,0.8099396686777107
LYS,393,N,PHE,385,O,24290,0.8096396786773774
LYS,94,N,GLY,90,O,24087,0.8028732375587481
VAL,206,N,ALA,202,O,24081,0.8026732442251925
VAL,303,N,GLU,299,O,24066,0.8021732608913036
THR,321,N,GLU,299,OE1,23932,0.797706743108563
ARG,57,N,VAL,53,O,23905,0.7968067731075631
GLY,52,N,THR,366,OG1,23828,0.7942401919936002
ASN,214,N,LEU,210,O,23759,0.7919402686577114
THR,274,OG1,ALA,270,O,23702,0.7900403319889338
PHE,143,N,PRO,139,O,23608,0.7869071030965634
LYS,63,N,GLU,58,O,23571,0.785673810872971
ALA,122,N,ILE,118,O,23489,0.7829405686477118
LEU,171,N,PHE,167,O,23470,0.7823072564247858
THR,277,OG1,GLU,273,O,23394,0.7797740075330822
GLN,119,N,GLU,115,O,23332,0.7777074097530082
LEU,129,N,LEU,125,O,23318,0.7772407586413786
TYR,297,N,ALA,293,O,23265,0.775474150861638
GLU,322,N,MET,318,O,23242,0.7747075097496751
MET,137,N,ILE,458,O,23113,0.7704076530782308
LEU,285,N,TYR,281,O,22987,0.7662077930735642
TYR,34,N,PHE,30,O,22827,0.760874637512083
LEU,461,N,SER,430,O,22797,0.7598746708443052
SER,145,N,PHE,141,O,22783,0.7594080197326756
GLN,329,N,ILE,325,O,22637,0.7545415152828239
GLU,222,N,GLY,218,O,22614,0.753774874170861
GLY,22,N,ASP,19,O,22607,0.7535415486150462
ILE,56,N,GLY,52,O,22598,0.7532415586147129
ALA,323,N,PRO,319,O,22542,0.7513749541681944
LYS,356,N,HIE,346,ND1,22482,0.749375020832639
TYR,281,N,THR,277,O,22458,0.7485750474984167
ASN,209,N,GLN,205,O,22448,0.7482417252758241
SER,26,OG,GLY,22,O,22437,0.7478750708309723
LEU,236,N,ILE,154,O,22327,0.7442085263824539
GLU,327,N,ALA,323,O,22308,0.743575214159528
THR,39,OG1,PRO,3,O,22293,0.7430752308256392
ASP,383,N,ASN,381,OD1,22289,0.7429419019366021
LEU,50,N,PHE,361,O,22250,0.741641945268491
ARG,45,NH2,GLU,190,OE2,22202,0.7400419986000467
ILE,325,N,THR,321,O,22069,0.7356088130395654
LEU,188,N,VAL,184,O,22023,0.7340755308156395
LEU,125,N,GLU,121,O,21987,0.7328755708143062
GLN,144,NE2,GLU,273,OE1,21962,0.7320422652578248
THR,272,OG1,PHE,268,O,21814,0.7271090963634546
LEU,173,N,LYS,169,O,21809,0.7269424352521583
THR,277,N,GLU,273,O,21792,0.7263757874737509
LEU,426,N,PHE,422,O,21789,0.7262757908069731
ARG,298,N,GLU,294,O,21749,0.7249425019166028
LEU,334,N,SER,332,O,21713,0.7237425419152695
ARG,97,N,TRP,93,O,21653,0.7217426085797141
THR,344,N,ALA,66,O,21631,0.7210092996900104
PHE,99,N,VAL,95,O,21595,0.719809339688677
PHE,80,N,VAL,76,O,21559,0.7186093796873437
ARG,31,N,PHE,27,O,21547,0.7182093930202327
SER,145,OG,PHE,141,O,21442,0.7147095096830106
SER,100,N,LEU,96,O,21421,0.7140095330155661
MET,244,N,TYR,240,O,21411,0.7136762107929736
GLN,211,N,TYR,207,O,21377,0.7125429152361588
VAL,324,N,TYR,320,O,21325,0.7108096396786774
LYS,223,N,HIE,219,O,21232,0.7077097430085664
ALA,74,N,GLU,190,OE1,21221,0.7073430885637145
ASP,238,N,ASP,235,OD2,21154,0.7051098296723443
ILE,328,N,VAL,324,O,21032,0.7010432985567148
ARG,70,NH1,HM1,464,O1A,20893,0.696410119662678
VAL,221,N,ILE,217,O,20859,0.6952768241058631
MET,286,N,GLY,282,O,20729,0.6909436352121596
ASP,19,N,SER,26,OG,20658,0.6885770474317523
CYS,51,N,ASP,36,O,20556,0.685177160761308
ASN,14,ND2,GLN,17,OE1,20452,0.6817106096463451
TRP,93,NE1,HM1,464,O2D,20422,0.6807106429785674
LEU,260,N,SER,256,O,20417,0.680543981867271
SER,179,OG,TYR,175,O,20414,0.6804439852004933
SER,266,N,LEU,262,O,20381,0.6793440218659378
ALA,414,N,GLY,410,O,20371,0.6790106996433453
VAL,296,N,VAL,292,O,20323,0.6774107529749008
GLY,338,N,LEU,362,O,20295,0.6764774507516416
ASN,149,ND2,GLU,121,OE1,20129,0.6709443018566048
TYR,83,N,PHE,80,O,20094,0.6697776740775307
ASN,261,N,HIE,257,O,20038,0.6679110696310123
HID,243,ND1,THR,239,O,20025,0.667477750741642
GLY,282,N,THR,278,O,20019,0.6672777574080864
ARG,330,N,TYR,326,O,19909,0.663611212959568
ARG,97,NH2,HM1,464,O2D,19897,0.6632112262924569
ARG,92,NH1,GLY,82,O,19827,0.6608779707343089
THR,264,N,LEU,260,O,19692,0.656378120729309
SER,153,OG,ASN,149,O,19625,0.6541448618379387
LYS,317,N,ASP,314,O,19624,0.6541115296156795
ASP,106,N,THR,102,O,19596,0.6531782273924203
ASN,250,N,GLU,247,O,19489,0.6496116796106797
GLY,271,N,LEU,267,O,19410,0.6469784340521982
ALA,215,N,GLN,211,O,19289,0.6429452351588281
ASN,149,ND2,PHE,160,O,19282,0.6427119096030133
GLN,17,NE2,ARG,7,O,19147,0.6382120595980134
CM1,408,N,PHE,401,O,19136,0.6378454051531616
LYS,131,N,GLU,127,O,19132,0.6377120762641245
ALA,59,N,ALA,55,O,19058,0.6352454918169395
ARG,459,N,ALA,432,O,18983,0.6327455751474951
PHE,268,N,THR,264,O,18912,0.6303789873670878
THR,272,N,PHE,268,O,18817,0.6272124262524582
ARG,159,NH2,GLU,121,OE1,18786,0.6261791273624212
ALA,432,N,ARG,459,O,18737,0.6245458484717176
LEU,180,N,GLN,176,O,18580,0.6193126895770141
GLY,71,N,PRO,340,O,18567,0.6188793706876438
THR,275,N,GLY,271,O,18532,0.6177127429085697
SER,179,N,TYR,175,O,18470,0.6156461451284957
TYR,207,N,HIE,203,O,18414,0.6137795406819773
GLY,448,N,GLY,450,O,18404,0.6134462184593847
MET,318,N,ARG,315,O,18385,0.6128129062364588
LEU,60,N,ILE,56,O,18314,0.6104463184560515
PHE,189,N,PHE,185,O,18302,0.6100463317889404
THR,366,N,ILE,363,O,18289,0.60961301289957
ASP,77,N,ILE,73,O,18213,0.6070797640078665
ASN,14,ND2,PRO,6,O,18079,0.6026132462251258
GLY,218,N,ASN,214,O,17989,0.5996133462217926
TYR,162,OH,GLU,121,OE1,17876,0.5958468051064965
PHE,30,N,SER,26,O,17774,0.5924469184360521
LYS,288,NZ,ILE,440,O,17709,0.5902803239892004
LYS,234,N,ASP,238,OD2,17687,0.5895470150994967
ARG,70,NH1,HM1,464,O1D,17683,0.5894136862104596
ILE,118,N,VAL,114,O,17681,0.5893470217659411
TYR,352,N,PHE,349,O,17671,0.5890136995433486
ASN,172,N,LEU,168,O,17631,0.5876804106529783
GLN,427,NE2,GLY,305,O,17616,0.5871804273190894
PHE,255,N,SER,253,OG,17570,0.5856471450951635
GLU,411,N,CM1,408,O,17407,0.5802139928669044
ASN,261,ND2,ASN,214,O,17392,0.5797140095330156
SER,100,OG,LEU,96,O,17212,0.5737142095263491
ASN,263,N,ASN,259,O,17081,0.5693476884103863
THR,102,OG1,ARG,98,O,17028,0.5675810806306456
GLU,294,N,PRO,290,O,16968,0.5655811472950901
ARG,159,NE,GLU,121,OE2,16960,0.5653144895170161
LEU,191,N,LEU,188,O,16804,0.5601146628445719
THR,278,N,THR,274,O,16685,0.5561481283957201
ARG,45,NH2,GLU,190,O,16613,0.5537482083930536
GLN,427,N,THR,423,O,16597,0.5532148928369054
SER,433,OG,GLN,457,O,16582,0.5527149095030166
HIP,224,N,SER,220,O,16500,0.5499816672777574
ASN,149,N,SER,145,O,16498,0.5499150028332389
THR,347,OG1,GLN,345,O,16472,0.5490483650544982
LYS,169,N,GLN,165,O,16442,0.5480483983867205
PHE,87,N,GLY,84,O,16275,0.5424819172694244
ARG,130,N,ILE,126,O,16233,0.5410819639345356
THR,274,N,ALA,270,O,16213,0.5404153194893504
LEU,28,N,LEU,24,O,16212,0.5403819872670911
LYS,288,N,LEU,284,O,16142,0.5380487317089431
ASN,259,ND2,GLU,254,O,16140,0.5379820672644245
PHE,27,N,LEU,23,O,16100,0.5366487783740542
GLY,390,N,ASP,387,O,16019,0.5339488683710543
ILE,353,N,ARG,1,O,16004,0.5334488850371655
ARG,21,N,ASP,19,OD1,15992,0.5330488983700543
MET,170,N,GLU,166,O,15972,0.5323822539248692
ASP,357,N,VAL,343,O,15879,0.5292823572547581
TYR,320,N,GLU,299,OE2,15847,0.5282157261424619
THR,140,OG1,ASP,138,OD2,15792,0.5263824539182027
ARG,463,N,ASN,428,O,15788,0.5262491250291657
SER,182,N,PHE,178,O,15750,0.5249825005833139
GLY,84,N,ASN,259,OD1,15745,0.5248158394720176
PHE,174,N,MET,170,O,15637,0.5212159594680177
THR,239,N,ASP,235,O,15605,0.5201493283557215
SER,365,OG,ASP,333,OD2,15589,0.5196160127995734
GLU,127,N,GLN,123,O,15499,0.5166161127962401
LEU,196,N,PHE,192,O,15437,0.5145495150161661
ARG,295,N,HIE,291,O,15251,0.5083497216759442
PHE,422,N,LEU,418,O,15180,0.5059831338955368
THR,177,N,LEU,173,O,15147,0.5048831705609813
LYS,288,NZ,PRO,437,O,15144,0.5047831738942036
GLN,119,NE2,PRO,310,O,15099,0.5032832238925369
GLN,205,N,GLY,201,O,15080,0.502649911669611
ALA,135,N,SER,132,O,15052,0.5017166094463518
GLU,58,N,GLU,54,O,14904,0.4967834405519816
VAL,101,N,ARG,97,O,14888,0.4962501249958335
VAL,76,N,ILE,73,O,14813,0.4937502083263891
THR,443,OG1,ASP,441,OD2,14597,0.4865504483183894
GLU,121,N,ARG,117,O,14588,0.4862504583180561
ALA,88,N,GLY,84,O,14481,0.48268391053631543
SER,276,OG,THR,272,O,14413,0.4804173194226859
ARG,415,N,GLU,411,O,14409,0.4802839905336489
TYR,240,N,LEU,236,O,14315,0.4771507616412786
GLN,445,N,ILE,452,O,14202,0.47338422052598245
LEU,368,N,LEU,364,O,14140,0.4713176227459085
GLU,32,N,LEU,28,O,14136,0.47118429385687144
GLN,144,NE2,LEU,171,O,14135,0.4711509616346122
HIP,384,ND1,GLU,327,OE2,14120,0.47065097830072333
PHE,374,N,ASP,370,O,14042,0.46805106496450116
THR,140,N,ASP,138,OD2,13964,0.46545115162827905
MET,104,N,PHE,99,O,13909,0.4636178794040199
GLU,226,N,GLU,222,O,13901,0.4633512216259458
PHE,429,N,ILE,425,O,13840,0.4613179560681311
ARG,81,N,ASP,77,O,13722,0.4573847538415386
TYR,289,N,LEU,285,O,13707,0.45688477050764975
GLN,123,N,GLN,119,O,13701,0.45668477717409417
PHE,398,N,THR,395,O,13655,0.4551514949501683
ARG,225,N,VAL,221,O,13552,0.45171827605746473
PHE,199,N,LEU,196,O,13549,0.451618279390687
ALA,397,N,THR,395,OG1,13382,0.44605179827339086
HIE,219,N,ALA,215,O,13318,0.4439185360487984
ARG,45,NH1,GLU,359,OE1,13309,0.44361854604846507
ILE,146,N,LEU,142,O,13295,0.44315189493683543
ALA,66,N,LYS,63,O,13252,0.4417186093796873
PHE,107,N,THR,103,O,13249,0.4416186127129096
THR,443,OG1,ASP,441,OD1,13247,0.44155194826839106
TYR,373,N,ASP,370,O,13154,0.43845205159828005
THR,140,OG1,ASP,138,OD1,13123,0.43741875270824304
SER,153,N,ASN,149,O,13117,0.4372187593746875
GLU,120,N,GLU,116,O,13107,0.43688543715209494
ARG,117,N,SER,113,O,13046,0.4348521715942802
THR,443,N,ASP,441,OD2,12973,0.43241891936935434
ARG,29,N,LYS,25,O,12942,0.43138562047931733
LEU,96,N,ARG,92,O,12876,0.4291856938102063
VAL,53,N,ASP,370,OD1,12862,0.4287190426985767
SER,183,N,LEU,180,O,12806,0.42685243825205826
HID,369,ND1,SER,365,O,12673,0.42241925269157693
SER,231,OG,ASP,229,OD2,12658,0.4219192693576881
SER,332,N,ILE,328,O,12618,0.42058598046731777
PHE,156,N,CYS,152,O,12579,0.4192860237992067
LEU,242,N,ASP,238,O,12563,0.41875270824305855
SER,132,OG,LEU,129,O,12316,0.41051964934502183
ASN,259,N,SER,256,OG,12309,0.41028632378920704
THR,227,OG1,LYS,223,O,12301,0.410019666011133
ARG,31,NH1,ASP,370,OD2,12164,0.4054531515616146
GLU,247,N,HID,243,O,12076,0.4025199160027999
LEU,386,N,ASP,383,O,12051,0.4016866104463185
LYS,111,N,GLY,108,O,12047,0.4015532815572814
LYS,451,NZ,ASP,333,OD1,11909,0.39695343488550383
ARG,81,NH1,PHE,79,O,11839,0.39462017932735577
SER,365,OG,ASP,333,OD1,11803,0.39342021932602245
THR,443,N,ASP,441,OD1,11801,0.393353554881504
ARG,308,NH2,ASP,314,OD2,11731,0.3910202993233559
PHE,195,N,PHE,192,O,11697,0.3898870037665411
THR,140,N,ASP,138,OD1,11643,0.38808706376454116
ASN,209,ND2,THR,177,OG1,11625,0.38748708376387453
HIP,384,NE2,GLU,375,O,11625,0.38748708376387453
THR,147,OG1,GLU,417,OE2,11617,0.3872204259858005
SER,231,OG,ASP,229,OD1,11458,0.38192060264657846
LEU,24,N,GLN,187,OE1,11453,0.38175394153528214
THR,102,N,ARG,98,O,11417,0.38055398153394887
ASP,370,N,ALA,367,O,11363,0.3787540415319489
TRP,93,N,ASN,89,O,11345,0.3781540615312823
ALA,293,N,TYR,289,O,11324,0.37745408486383786
LYS,111,NZ,PHE,107,O,11320,0.37732075597480086
ARG,21,NE,ASP,19,OD1,11279,0.3759541348621713
ARG,308,NH1,ASP,314,OD2,11275,0.3758208059731342
SER,402,OG,ARG,406,O,11270,0.37565414486183796
HIP,224,NE2,ASP,235,OD1,11128,0.3709209693010233
SER,231,N,ASP,229,OD2,10970,0.36565447818406055
THR,147,OG1,GLU,417,OE1,10864,0.36212126262457917
MET,109,N,ASP,106,O,10863,0.3620879304023199
LEU,15,N,LEU,12,O,10781,0.3593546881770608
ARG,45,NH1,GLU,359,OE2,10747,0.358221392620246
SER,253,OG,GLU,247,OE1,10733,0.35775474150861636
TYR,240,OH,PHE,255,O,10663,0.3554214859504683
ARG,70,NE,PRO,340,O,10608,0.35358821372620913
GLN,144,N,THR,140,O,10497,0.3498883370554315
PHE,419,N,ARG,415,O,10494,0.3497883403886537
GLN,17,N,ASN,14,O,10399,0.3466217792740242
ARG,57,NH2,GLU,54,OE1,10377,0.3458884703843205
GLU,128,N,CYS,124,O,10349,0.3449551681610613
ARG,21,N,ASP,19,OD2,10346,0.3448551714942835
ILE,304,N,ILE,300,O,10261,0.3420219326022466
ASP,439,N,ALA,436,O,10239,0.3412886237125429
LYS,133,N,ARG,130,O,10168,0.3389220359321356
ARG,92,NE,GLU,254,OE2,10164,0.33878870704309855
MET,18,N,ASN,14,O,10136,0.33785540481983933
GLY,186,N,SER,183,OG,10135,0.33782207259758007
HID,243,N,THR,239,O,10115,0.3371554281523949
SER,68,OG,GLU,65,O,10111,0.3370220992633579
ARG,204,NH1,LYS,197,O,10052,0.33505549815006164
SER,231,N,ASP,229,OD1,9987,0.3328889037032099
ARG,92,NE,GLU,254,OE1,9959,0.3319556014799507
GLU,245,N,LEU,241,O,9938,0.33125562481250626
ARG,45,NE,LEU,42,O,9868,0.3289223692543582
ARG,29,NH2,GLU,32,OE2,9812,0.32705576480783977
ARG,31,NH2,ASP,370,OD1,9808,0.3269224359188027
LYS,356,NZ,ASP,357,OD2,9748,0.32492250258324723
ARG,21,NH2,ASP,19,OD2,9674,0.3224559181360621
PHE,192,N,PHE,189,O,9595,0.31982267257758074
TYR,216,N,GLU,212,O,9569,0.31895603479884005
ARG,308,NH1,ASP,314,OD1,9491,0.31635612146261793
ASP,314,N,GLU,311,O,9322,0.31072297590080333
LEU,287,N,PHE,283,O,9320,0.3106563114562848
ARG,225,NH2,GLU,222,OE2,9299,0.3099563347888404
VAL,292,N,TYR,289,O,9282,0.309389687010433
ARG,29,NE,GLU,32,OE1,9268,0.3089230358988034
TYR,281,OH,LEU,442,O,9254,0.30845638478717374
ILE,342,N,GLY,69,O,9195,0.3064897836738775
ILE,154,N,ILE,151,O,9146,0.3048565047831739
CYS,124,N,GLU,120,O,9099,0.3032898903369888
LEU,335,N,ASP,333,O,9094,0.30312322922569246
SER,249,N,LYS,246,O,9077,0.3025565814472851
HIP,224,NE2,ASP,235,OD2,9046,0.3015232825572481
SER,253,OG,GLU,247,OE2,8950,0.29832338922035934
LYS,451,NZ,ASP,333,OD2,8922,0.2973900869971001
SER,220,N,TYR,216,O,8888,0.2962567914402853
ARG,308,NH2,ASP,314,OD1,8848,0.294923502549915
PHE,79,N,VAL,76,O,8785,0.29282357254758173
ARG,315,NH1,ARG,415,O,8779,0.2926235792140262
LYS,248,NZ,GLU,245,OE1,8744,0.29145695143495215
GLU,190,N,GLN,187,O,8712,0.29039032032265594
LYS,248,NZ,GLU,245,OE2,8600,0.286657111429619
VAL,61,N,ARG,57,O,8563,0.28542381920602644
VAL,435,N,SER,433,OG,8477,0.2825572480917303
TYR,198,N,PHE,195,O,8468,0.28225725809139696
PHE,67,N,LYS,63,O,8400,0.2799906669777674
ARG,112,NE,GLU,116,OE2,8335,0.2778240725309156
THR,275,OG1,GLY,271,O,8317,0.277224092530249
SER,266,OG,LEU,262,O,8241,0.2746908436385454
ARG,29,NH2,GLU,32,OE1,8169,0.2722909236358788
ILE,425,N,PHE,421,O,8139,0.27129095696810107
SER,26,N,GLY,22,O,8128,0.2709243025232492
ARG,225,NH2,GLU,222,OE1,8126,0.2708576380787307
SER,249,OG,LYS,246,O,8077,0.26922435918802706
ARG,21,NE,ASP,19,OD2,8074,0.26912436252124927
ALA,379,N,LYS,376,O,7977,0.26589113696210126
ARG,29,NE,GLU,32,OE2,7791,0.2596913436218793
GLN,302,N,ARG,298,O,7747,0.2582247258424719
LYS,248,N,MET,244,O,7700,0.2566581113962868
SER,113,OG,GLU,115,OE1,7691,0.2563581213959535
VAL,47,N,VAL,40,O,7683,0.2560914636178794
GLU,311,N,ASP,314,OD2,7623,0.2540915302823239
LYS,234,NZ,ALA,232,O,7569,0.252291590280324
LYS,356,NZ,ASP,357,OD1,7534,0.25112496250124994
ARG,308,NH1,PRO,309,O,7517,0.25055831472284257
ARG,463,NH1,GLU,294,OE1,7474,0.24912502916569448
ARG,31,NH2,ASP,36,OD2,7467,0.24889170360987967
ASP,333,N,ARG,330,O,7432,0.24772507583080564
ARG,463,NH1,GLU,294,OE2,7375,0.24582513916202794
GLN,163,N,HIE,161,ND1,7339,0.24462517916069465
ARG,70,NH2,PRO,340,O,7283,0.2427585747141762
SER,113,OG,GLU,115,OE2,7257,0.24189193693543548
ARG,463,NE,LEU,426,O,7253,0.24175860804639845
GLU,212,N,LYS,208,O,7246,0.24152528249058364
HIP,224,ND1,SER,220,O,7228,0.240925302489917
ARG,415,NH2,GLU,322,OE1,7189,0.23962534582180595
ARG,57,NE,GLU,54,OE2,7130,0.23765874470850973
ARG,463,NH2,GLU,294,OE1,7098,0.23659211359621346
GLN,329,NE2,ILE,325,O,6995,0.2331588947035099
ARG,463,NH2,GLU,294,OE2,6979,0.23262557914736176
ARG,57,NH2,GLU,54,OE2,6965,0.23215892803573215
LYS,63,NZ,GLU,58,OE1,6917,0.23055898136728775
ARG,112,NE,GLU,116,OE1,6895,0.2298256724775841
HIP,384,ND1,GLU,327,OE1,6853,0.22842571914269524
ARG,112,NH2,GLU,116,OE1,6826,0.22752574914169527
ARG,31,NE,ASP,36,OD2,6814,0.2271257624745842
ARG,459,NH1,GLY,134,O,6813,0.22709243025232492
ASN,214,ND2,ASN,261,OD1,6737,0.2245591813606213
LYS,234,N,ASP,238,OD1,6724,0.22412586247125096
ASN,389,ND2,ASP,387,OD2,6721,0.22402586580447317
ARG,406,N,LEU,403,O,6693,0.22309256358121396
LEU,284,N,ARG,280,O,6673,0.2224259191360288
GLU,299,N,ARG,295,O,6627,0.22089263691210292
ARG,330,NH2,PRO,377,O,6618,0.2205926469117696
LYS,63,NZ,GLU,58,OE2,6597,0.21989267024432518
HIE,161,N,ASP,164,OD2,6588,0.21959268024399187
ARG,130,NH2,GLU,127,OE1,6562,0.21872604246525115
ARG,415,NH1,GLU,411,OE1,6545,0.21815939468684378
THR,103,OG1,PHE,99,O,6528,0.21759274690843639
ILE,413,N,GLY,410,O,6512,0.21705943135228825
LYS,72,NZ,ASP,77,OD2,6474,0.21579280690643646
ARG,31,NH2,ASP,36,OD1,6469,0.21562614579514017
TYR,240,OH,SER,256,O,6443,0.21475950801639945
ASN,389,ND2,ASP,387,OD1,6413,0.2137595413486217
GLN,119,NE2,GLU,311,OE1,6406,0.2135262157928069
HIE,372,N,ASP,370,OD2,6388,0.21292623579214026
SER,132,N,GLU,128,O,6340,0.2113262891236959
ARG,117,NH1,ARG,112,O,6337,0.2112262924569181
ARG,415,NH1,GLU,322,OE2,6337,0.2112262924569181
ASN,389,N,ASP,387,OD2,6333,0.21109296356788107
ARG,406,NH1,HM1,464,O2A,6311,0.21035965467817738
ARG,21,NH2,ASP,19,OD1,6309,0.21029299023365888
ARG,112,NH2,GLU,116,OE2,6303,0.21009299690010333
GLU,311,N,ASP,314,OD1,6255,0.20849305023165896
ARG,459,NE,GLY,134,O,6217,0.20722642578580713
ARG,112,NH1,GLU,120,OE2,6213,0.2070930968967701
ARG,112,NH2,GLU,120,OE2,6206,0.2068597713409553
ASN,214,ND2,GLN,258,OE1,6155,0.20515982800573315
LYS,246,N,LEU,242,O,6147,0.20489317022765907
HIE,252,NE2,GLU,254,OE1,6142,0.20472650911636278
ARG,112,NH2,GLU,120,OE1,6119,0.20395986800439986
ALA,367,N,LEU,364,O,6104,0.203459884670511
HIE,161,N,ASP,164,OD1,6103,0.20342655244825172
ARG,112,NH1,GLU,120,OE1,6092,0.20305989800339988
GLN,119,NE2,GLU,311,OE2,6083,0.20275990800306656
GLY,35,N,ARG,31,O,5984,0.19946001799940002
ASN,89,ND2,ARG,70,O,5962,0.19872670910969634
LYS,33,N,PHE,30,O,5875,0.1958268057731409
HIE,252,NE2,GLU,254,OE2,5867,0.19556014799506682
ASN,214,ND2,GLN,211,OE1,5846,0.1948601713276224
ASN,389,N,ASP,387,OD1,5831,0.19436018799373353
ILE,151,N,THR,147,O,5797,0.19322689243691876
LYS,63,NZ,SER,348,O,5776,0.19252691576947434
SER,256,N,TYR,240,OH,5721,0.19069364354521515
ARG,31,NE,ASP,36,OD1,5703,0.1900936635445485
LEU,386,N,PRO,382,O,5687,0.18956034798840038
ARG,130,NH2,GLU,127,OE2,5657,0.18856038132062264
ARG,225,NE,GLU,222,OE1,5657,0.18856038132062264
ARG,315,NE,GLU,322,OE2,5625,0.1874937502083264
LYS,72,NZ,ASP,77,OD1,5611,0.18702709909669676
PHE,67,N,ALA,64,O,5605,0.18682710576314124
ILE,440,N,PRO,437,O,5583,0.18609379687343755
ASP,238,N,ASP,235,OD1,5561,0.18536048798373386
ARG,298,NH1,GLU,301,OE2,5534,0.1844605179827339
TYR,162,OH,GLU,121,OE2,5513,0.1837605413152895
THR,358,N,PRO,355,O,5430,0.18099396686777108
ILE,213,N,ASN,209,O,5390,0.17966067797740076
ASN,263,ND2,SER,100,OG,5328,0.17759408019732675
PHE,192,N,LEU,188,O,5320,0.1773274224192527
LYS,246,N,HID,243,O,5312,0.17706076464117862
ARG,159,NH2,GLU,121,OE2,5300,0.17666077797406754
ARG,105,N,VAL,101,O,5277,0.1758941368621046
ARG,298,NH1,GLU,301,OE1,5240,0.17466084463851206
HIE,252,N,ASN,250,OD1,5231,0.17436085463817871
LYS,197,N,SER,193,O,5217,0.1738942035265491
THR,147,OG1,PHE,143,O,5215,0.1738275390820306
GLN,205,NE2,ASN,209,OD1,5179,0.1726275790806973
ASN,428,N,ILE,425,O,5164,0.17212759574680844
MET,18,N,LEU,15,O,5135,0.17116096130128997
ASN,261,ND2,ASN,214,OD1,5114,0.17046098463384554
TYR,373,OH,GLU,54,OE2,5103,0.1700943301889937
ARG,315,NH2,GLU,322,OE1,5016,0.16719442685243824
ALA,64,N,VAL,61,O,5008,0.16692776907436419
ALA,391,N,ASN,389,OD1,4932,0.16439452018266057
THR,227,N,LYS,223,O,4897,0.16322789240358654
LYS,169,NZ,GLU,212,OE2,4886,0.16286123795873472
ASP,62,N,ARG,57,O,4874,0.16246125129162362
ASN,381,ND2,ASP,383,OD2,4847,0.16156128129062364
ARG,315,NE,GLU,322,OE1,4817,0.1605613146228459
TYR,297,OH,GLU,301,OE1,4780,0.15932802239925337
ILE,407,N,GLY,404,O,4759,0.15862804573180894
HID,369,N,THR,366,O,4748,0.1582613912869571
GLN,187,NE2,SER,183,O,4729,0.1576280790640312
ARG,315,NH2,GLU,322,OE2,4728,0.15759474684177194
LYS,169,NZ,GLU,212,OE1,4661,0.15536148795040167
ASN,259,ND2,ARG,92,O,4642,0.15472817572747574
LYS,248,N,GLU,245,O,4558,0.15192826905769807
ARG,159,NH1,GLU,121,OE1,4534,0.1511282957234759
ARG,57,NE,GLU,54,OE1,4477,0.14922835905469817
TYR,216,OH,GLU,166,OE1,4399,0.14662844571847605
GLY,108,N,MET,104,O,4394,0.14646178460717976
THR,344,OG1,GLN,345,OE1,4391,0.146361787940402
ARG,225,NE,GLU,222,OE2,4361,0.14536182127262426
LYS,131,NZ,GLU,128,OE2,4358,0.14526182460584647
THR,103,N,ARG,98,O,4306,0.14352854904836507
ARG,31,NH2,ASP,370,OD2,4289,0.14296190126995767
LYS,33,N,ARG,29,O,4240,0.14132862237925403
LYS,131,NZ,GLU,128,OE1,4240,0.14132862237925403
LYS,158,N,CYS,152,O,4199,0.13996200126662445
THR,227,N,HIP,224,O,4186,0.1395286823772541
ARG,315,N,LEU,312,O,4168,0.13892870237658744
ARG,105,NE,ASP,106,OD2,4151,0.13836205459818007
TYR,216,OH,GLU,166,OE2,4103,0.13676210792973567
HIE,203,NE2,LEU,196,O,4100,0.1366621112629579
GLN,187,N,SER,183,O,4047,0.13489550348321722
ARG,130,NE,GLU,127,OE2,4013,0.13376220792640245
ARG,406,NH2,PHE,67,O,4007,0.1335622145928469
ALA,316,N,HIE,313,O,3997,0.13322889237025431
ASN,381,ND2,ASP,383,OD1,3990,0.13299556681443953
TYR,373,OH,GLU,54,OE1,3976,0.13252891570280992
TYR,297,OH,GLU,301,OE2,3974,0.1324622512582914
THR,103,N,PHE,99,O,3965,0.13216226125795807
ASN,428,N,THR,424,O,3948,0.13159561347955068
THR,344,OG1,SER,68,OG,3941,0.1313622879237359
LYS,234,NZ,ASP,229,OD1,3934,0.13112896236792107
THR,275,OG1,GLU,417,OE1,3899,0.12996233458884704
LYS,63,NZ,ASP,62,OD2,3887,0.12956234792173593
ARG,57,NH2,ASP,62,OD1,3860,0.12866237792073598
GLU,115,N,GLU,115,OE2,3859,0.12862904569847672
LEU,42,N,ARG,45,O,3821,0.12736242125262492
ARG,57,NH1,ASP,62,OD2,3809,0.12696243458551382
ARG,415,NH1,GLU,411,OE2,3808,0.12692910236325455
GLN,176,NE2,ASN,172,OD1,3804,0.12679577347421753
ALA,416,N,ILE,413,O,3800,0.1266624445851805
ARG,130,NH1,GLU,127,OE2,3798,0.12659578014066197
ARG,92,NH2,GLU,254,OE2,3793,0.12642911902936568
ARG,57,NH1,GLU,396,OE2,3787,0.12622912569581013
GLN,445,NE2,PRO,453,O,3750,0.1249958334722176
ASN,250,ND2,GLU,247,OE2,3726,0.1241958601379954
GLU,115,N,GLU,115,OE1,3698,0.12326255791473617
ARG,298,NE,GLU,294,OE2,3695,0.12316256124795841
GLY,13,N,LEU,9,O,3669,0.1222959234692177
ASN,209,ND2,GLN,176,OE1,3655,0.12182927235758809
ARG,330,NH1,PRO,377,O,3647,0.12156261457951402
ILE,440,N,ALA,436,O,3637,0.12122929235692144
ASN,149,ND2,GLU,121,OE2,3623,0.12076264124529182
LYS,393,NZ,ASP,383,O,3602,0.12006266457784741
GLN,187,N,VAL,184,O,3591,0.11969601013299556
ARG,105,NH2,ASP,106,OD2,3580,0.11932935568814373
ARG,204,N,GLY,201,O,3545,0.1181627279090697
ARG,315,N,GLU,311,O,3530,0.11766274457518083
THR,147,N,PHE,143,O,3521,0.1173627545748475
ARG,130,NH1,GLU,127,OE1,3500,0.11666277790740309
GLU,116,N,SER,113,OG,3488,0.11626279124029198
ARG,92,NH2,GLU,254,OE1,3486,0.11619612679577347
ARG,57,NH1,ASP,62,OD1,3442,0.11472950901636612
SER,132,OG,GLU,128,O,3420,0.11399620012666245
ASN,250,ND2,GLU,247,OE1,3413,0.11376287457084763
LYS,451,N,LEU,334,O,3413,0.11376287457084763
ARG,57,NH2,ASP,62,OD2,3373,0.11242958568047731
GLU,247,N,MET,244,O,3370,0.11232958901369955
ARG,350,NH1,GLU,58,OE1,3304,0.11012966234458851
ALA,74,N,GLU,190,OE2,3288,0.10959634678844038
ARG,105,NH2,ASP,106,OD1,3280,0.10932968901036633
LYS,63,NZ,ASP,62,OD1,3265,0.10882970567647746
GLN,165,NE2,GLN,163,O,3258,0.10859638012066264
ARG,130,NE,GLU,127,OE1,3256,0.10852971567614413
SER,68,N,ILE,342,O,3245,0.1081630612312923
LYS,405,N,LEU,60,O,3235,0.10782973900869972
ARG,350,NH1,GLU,58,OE2,3225,0.10749641678610714
ARG,70,NH1,HM1,464,O2A,3219,0.10729642345255158
THR,344,OG1,ALA,66,O,3212,0.10706309789673678
ILE,413,N,LEU,409,O,3197,0.10656311456284791
MET,104,N,SER,100,O,3189,0.10629645678477384
ARG,57,NH1,GLU,396,OE1,3183,0.10609646345121829
ARG,415,N,GLY,410,O,3181,0.10602979900669977
ARG,298,NE,GLU,294,OE1,3169,0.10562981233958868
ARG,70,NH2,VAL,339,O,3152,0.1050631645611813
THR,275,OG1,GLU,417,OE2,3082,0.10272990900303323
LEU,312,N,GLU,115,OE2,3062,0.10206326455784807
THR,455,OG1,GLN,445,OE1,3051,0.10169661011299623
GLN,123,NE2,GLN,119,O,3036,0.10119662677910736
GLN,144,NE2,GLU,273,OE2,3000,0.09999666677777408
ARG,81,NE,PHE,79,O,2993,0.09976334122195926
HIE,372,N,ASP,370,OD1,2992,0.09973000899970001
ARG,406,NH2,HM1,464,O2A,2977,0.09923002566581114
LYS,317,NZ,ASP,314,OD1,2950,0.09833005566481118
ILE,150,N,ILE,146,O,2926,0.09753008233058898
GLY,108,N,ARG,105,O,2847,0.0948968367721076
ARG,70,NH1,ILE,86,O,2804,0.0934635512149595
LYS,169,NZ,GLU,166,OE1,2743,0.09143028565714476
LYS,169,NZ,GLU,166,OE2,2743,0.09143028565714476
ALA,391,N,ASP,387,O,2728,0.09093030232325588
LYS,234,NZ,ASP,229,OD2,2664,0.08879704009866338
LYS,197,N,GLY,194,O,2657,0.08856371454284857
ARG,415,NH2,GLU,411,OE2,2647,0.088230392320256
VAL,101,N,ARG,98,O,2610,0.08699710009666345
ARG,406,NE,HM1,464,O2A,2610,0.08699710009666345
HID,369,N,SER,365,O,2609,0.08696376787440419
GLU,446,N,ILE,452,O,2607,0.08689710342988567
SER,256,N,GLU,254,O,2604,0.0867971067631079
GLN,187,NE2,CYS,447,O,2602,0.08673044231858938
ARG,295,NH1,ARG,295,O,2602,0.08673044231858938
GLY,90,N,SER,68,O,2588,0.08626379120695976
SER,68,N,GLU,65,O,2571,0.08569714342855238
GLY,69,N,ILE,342,O,2562,0.08539715342821906
HID,341,ND1,PHE,67,O,2557,0.08523049231692277
ARG,45,NH2,GLU,190,OE1,2555,0.08516382787240426
ASN,261,ND2,HIE,257,O,2553,0.08509716342788573
ILE,150,N,THR,147,O,2466,0.08219726009133028
ARG,70,N,ASN,89,OD1,2458,0.08193060231325623
ARG,415,NE,GLU,411,OE2,2455,0.08183060564647845
LEU,312,N,GLU,115,OE1,2428,0.08093063564547849
GLU,212,N,ASN,209,O,2421,0.08069731008966367
ARG,350,NH2,GLU,58,OE1,2421,0.08069731008966367
ARG,350,NH2,GLU,58,OE2,2408,0.08026399120029333
ARG,406,NH2,GLU,65,OE1,2357,0.07856404786507117
TYR,175,OH,GLN,445,OE1,2348,0.07826405786473785
ARG,225,NH1,GLU,222,OE2,2334,0.07779740675310823
ARG,406,NH1,LYS,405,O,2333,0.07776407453084898
ARG,350,NH1,ASP,36,OD1,2321,0.07736408786373787
SER,132,N,LEU,129,O,2313,0.07709743008566382
SER,220,OG,TYR,216,O,2304,0.07679744008533049
ARG,298,NH2,GLU,294,OE2,2282,0.07606413119562681
ARG,204,NH2,LYS,197,O,2239,0.07463084563847872
ALA,416,N,GLY,412,O,2237,0.0745641811939602
ARG,298,NH2,GLU,294,OE1,2229,0.07429752341588614
GLU,166,N,ASP,164,OD2,2226,0.07419752674910836
GLU,116,N,SER,113,O,2193,0.07309756341455285
ASP,106,N,VAL,101,O,2178,0.07259758008066398
ARG,225,NH1,GLU,222,OE1,2168,0.0722642578580714
LYS,405,NZ,GLU,65,OE2,2156,0.0718642711909603
ASN,172,ND2,LEU,168,O,2144,0.0714642845238492
ASN,250,ND2,GLU,247,O,2127,0.07089763674544182
ARG,406,NH2,SER,68,OG,2100,0.06999766674444186
TRP,93,NE1,HM1,464,O1D,2092,0.06973100896636779
GLY,186,N,SER,183,O,2092,0.06973100896636779
ARG,406,NH2,GLU,65,OE2,2086,0.06953101563281223
LYS,405,NZ,GLU,65,OE1,2079,0.06929769007699743
ARG,97,NH1,HM1,464,O1D,2075,0.0691643611879604
TYR,326,OH,GLU,322,OE1,2070,0.06899770007666411
ASN,89,ND2,SER,68,O,2026,0.06753108229725675
SER,153,OG,ILE,150,O,2022,0.06739775340821973
ARG,70,N,ALA,88,O,2018,0.0672644245191827
SER,266,OG,ASN,263,O,2016,0.06719776007466417
GLN,345,N,ALA,66,O,1959,0.06529782340588647
GLY,157,N,ILE,154,O,1941,0.06469784340521982
SER,113,N,GLU,116,OE1,1935,0.06449785007166428
LEU,364,N,LEU,362,O,1916,0.06386453784873837
HIE,313,N,GLU,311,OE1,1909,0.06363121229292357
LYS,234,NZ,SER,231,OG,1908,0.06359788007066432
THR,277,OG1,LYS,451,O,1892,0.06306456451451618
ARG,81,NH1,PRO,78,O,1885,0.06283123895870138
GLU,166,N,ASP,164,OD1,1882,0.0627312422919236
SER,193,N,GLU,190,O,1850,0.06166461117962735
ARG,350,NE,GLU,58,OE2,1815,0.06049798340055332
ARG,57,NH1,GLU,54,OE2,1809,0.060297990066997764
GLY,43,N,HIE,41,O,1807,0.06023132562247925
HIE,313,N,GLU,311,OE2,1792,0.05973134228859038
ASN,149,ND2,SER,145,O,1791,0.059698010066331124
TYR,326,OH,GLU,322,OE2,1776,0.059198026732442253
ILE,154,N,ILE,150,O,1764,0.05879804006533115
ARG,463,NH2,LEU,426,O,1746,0.05819806006466451
ARG,406,NH1,ALA,64,O,1738,0.057931402286590446
ARG,105,NE,ASP,106,OD1,1737,0.05789807006433119
SER,253,N,ASN,250,O,1733,0.057764741175294156
ARG,308,NH1,ILE,304,O,1724,0.05746475117496083
ARG,406,NH1,GLU,65,OE2,1700,0.056664777840738645
ARG,350,NE,GLU,58,OE1,1681,0.05603146561781274
SER,145,OG,LEU,142,O,1644,0.05479817339422019
ARG,159,NH1,GLU,120,OE2,1632,0.054398186727109096
ARG,105,NH2,GLU,411,OE1,1629,0.05429819006033132
TYR,373,OH,GLU,396,OE1,1628,0.05426485783807206
GLU,438,N,GLU,438,OE2,1610,0.05366487783740542
GLY,412,N,LEU,409,O,1603,0.05343155228159061
ARG,98,NH2,GLU,247,OE2,1593,0.05309823005899803
ALA,88,N,VAL,85,O,1579,0.05263157894736842
THR,103,OG1,HID,243,NE2,1577,0.052564914502849905
ASP,229,N,GLU,226,O,1575,0.05249825005833139
ARG,117,NE,ARG,112,O,1573,0.05243158561381287
ARG,97,NH1,ILE,407,O,1562,0.052064931168961034
ARG,159,NH1,GLU,120,OE1,1544,0.05146495116829439
SER,113,N,GLU,116,OE2,1532,0.051064964501183294
ARG,415,NH2,GLU,411,OE1,1520,0.0506649778340722
GLN,345,NE2,GLU,65,O,1493,0.04976500783307223
ARG,98,NH2,GLU,247,OE1,1492,0.04973167561081297
ARG,225,NH2,GLU,226,OE1,1488,0.04959834672177594
GLY,134,N,SER,132,OG,1487,0.04956501449951668
PHE,167,N,ASP,164,O,1486,0.049531682277257426
ARG,159,NH1,GLU,121,OE2,1484,0.049465017832738906
ILE,237,N,VAL,155,O,1453,0.04843171894270191
PHE,167,N,ASP,164,OD2,1437,0.04789840338655378
GLN,302,NE2,ARG,298,O,1430,0.04766507783073898
GLN,205,NE2,GLN,176,OE1,1422,0.04739842005266491
GLN,258,NE2,ASN,214,OD1,1422,0.04739842005266491
SER,430,OG,GLU,294,OE1,1407,0.04689843671877604
LYS,63,NZ,THR,347,OG1,1403,0.04676510782973901
ARG,225,N,GLU,222,O,1388,0.046265124495850136
ARG,295,NH1,GLU,299,OE2,1377,0.0458984700509983
LYS,158,NZ,ARG,159,O,1365,0.045498483383887206
LYS,317,NZ,ASP,314,OD2,1358,0.045265157828072396
GLN,329,NE2,THR,278,OG1,1355,0.045165161161294626
HIE,346,N,GLN,345,OE1,1339,0.04463184560514649
GLN,258,N,SER,256,OG,1331,0.04436518782707243
LYS,451,NZ,PHE,331,O,1321,0.04403186560447985
ARG,415,NE,GLU,411,OE1,1320,0.043998533382220595
ARG,350,NH2,ASP,36,OD2,1319,0.04396520115996133
SER,348,OG,TYR,352,O,1316,0.04386520449318356
ARG,105,N,THR,102,O,1314,0.04379854004866504
ARG,406,NH1,GLU,65,OE1,1307,0.04356521449285024
GLN,445,NE2,TYR,175,OH,1300,0.043331888937035434
GLU,438,N,GLU,438,OE1,1291,0.04303189893670211
ARG,406,NH2,ALA,64,O,1288,0.042931902269924334
GLN,445,NE2,THR,455,OG1,1281,0.04269857671410953
ARG,225,NH2,GLU,226,OE2,1280,0.042665244491850274
GLU,245,N,LEU,242,O,1273,0.04243191893603546
THR,395,OG1,LYS,393,O,1266,0.04219859338022066
ASN,91,ND2,GLU,254,OE2,1264,0.04213192893570214
ARG,406,NH1,PHE,67,O,1255,0.04183193893536882
ASP,370,N,THR,366,O,1247,0.041565281157294756
ASN,91,ND2,GLU,254,OE1,1244,0.041465284490516986
GLN,163,NE2,TYR,162,O,1240,0.04133195560147995
LYS,317,NZ,HIE,313,O,1239,0.041298623379220696
SER,68,N,THR,344,OG1,1234,0.041131962267924406
GLU,226,N,LYS,223,O,1223,0.04076530782307256
GLU,396,N,GLU,396,OE1,1219,0.040631978934035536
LYS,234,NZ,ASP,238,OD2,1211,0.04036532115596147
ARG,330,NH1,HID,369,NE2,1211,0.04036532115596147
ALA,232,N,ASP,229,O,1197,0.039898670044331855
THR,102,N,PHE,99,O,1194,0.039798673377554085
ARG,117,NE,SER,153,OG,1194,0.039798673377554085
ILE,407,N,LYS,405,O,1186,0.03953201559948002
ARG,81,NH2,GLN,258,OE1,1181,0.03936535448818373
HIE,203,NE2,PHE,199,O,1181,0.03936535448818373
ARG,97,NE,HM1,464,O2D,1174,0.039132028932368924
ARG,415,NH2,GLN,329,OE1,1153,0.0384320522649245
VAL,53,N,ASP,370,OD2,1152,0.038398720042665244
LYS,376,NZ,GLU,375,OE1,1147,0.038232058931368954
LEU,142,N,PRO,139,O,1146,0.0381987267091097
GLU,396,N,GLU,396,OE2,1145,0.03816539448685044
PHE,167,N,ASP,164,OD1,1144,0.038132062264591184
VAL,61,N,GLU,58,O,1134,0.0377987400419986
ARG,350,NE,ASP,36,OD1,1122,0.0373987533748875
ARG,117,NH2,ARG,112,O,1107,0.03689877004099863
ASN,259,ND2,GLU,254,OE2,1102,0.03673210892970234
GLU,166,N,GLU,166,OE1,1101,0.036698776707443086
PHE,195,N,SER,193,O,1091,0.036365454484850505
LYS,356,NZ,THR,344,O,1083,0.03609879670677644
ASP,62,N,GLU,58,O,1072,0.0357321422619246
GLN,176,NE2,ASN,172,O,1071,0.035698810039665345
PHE,185,N,SER,183,OG,1068,0.03559881337288757
ASP,333,N,GLN,329,O,1067,0.03556548115062831
GLU,190,N,GLY,186,O,1063,0.03543215226159128
TRP,93,N,GLY,90,O,1058,0.03526549115029499
LYS,405,NZ,VAL,61,O,1051,0.035032165594480184
LYS,376,NZ,ASP,378,OD2,1043,0.03476550781640612
ARG,1,N,ILE,353,O,1038,0.03459884670510983
SER,402,N,ILE,399,O,1037,0.03456551448285057
LYS,376,NZ,GLU,375,OE2,1021,0.034032198926702444
ARG,159,NH2,GLU,120,OE2,1015,0.0338322055931469
PHE,374,N,PRO,371,O,1014,0.03379887337088764
LYS,394,NZ,GLU,396,OE2,1009,0.03363221225959135
ARG,57,NH1,GLU,54,OE1,1008,0.033598880037332086
ARG,350,NH1,ASP,36,OD2,1007,0.03356554781507283
ARG,98,NH1,GLU,247,OE2,997,0.03323222559248025
ARG,105,NH1,GLU,411,OE1,997,0.03323222559248025
SER,430,OG,GLU,294,OE2,993,0.033098896703443216
LEU,23,N,GLN,187,OE1,991,0.0330322322589247
GLU,115,N,SER,113,OG,989,0.03296556781440619
LYS,376,NZ,ASP,378,OD1,988,0.032932235592146926
HIE,372,NE2,GLU,54,OE1,987,0.03289890336988767
GLN,258,N,GLN,258,OE1,983,0.032765574480850636
ARG,45,N,LEU,42,O,982,0.03273224225859138
TYR,373,OH,GLU,396,OE2,961,0.03203226559114696
SER,68,OG,THR,344,OG1,952,0.03173227559081364
ARG,159,NH2,GLU,120,OE1,940,0.031332288923702545
GLN,163,NE2,GLU,128,OE2,921,0.03069897670077664
TYR,240,OH,HIE,257,ND1,920,0.030665644478517384
LYS,133,N,LEU,129,O,916,0.03053231558948035
LYS,394,NZ,GLU,396,OE1,913,0.030432318922702577
ARG,463,NH1,LEU,426,O,909,0.030298990033665544
GLY,338,N,LEU,335,O,903,0.030098996700109997
ASN,259,ND2,GLU,254,OE1,897,0.029899003366554447
ARG,57,NH2,GLU,396,OE1,896,0.02986567114429519
SER,193,OG,PHE,189,O,892,0.029732342255258157
GLN,165,N,GLN,165,OE1,883,0.029432352254924837
ARG,406,NE,HM1,464,O1A,882,0.029399020032665577
ARG,298,NH2,GLU,301,OE2,876,0.02919902669911003
HID,243,N,TYR,240,O,875,0.029165694476850773
ALA,436,N,ASP,439,OD2,866,0.02886570447651745
LYS,111,NZ,PRO,233,O,864,0.028799040031998933
SER,256,OG,GLN,258,OE1,860,0.028665711142961903
ARG,97,NE,HM1,464,O1D,850,0.028332388920369322
LYS,208,NZ,GLN,205,OE1,850,0.028332388920369322
ARG,81,NE,ASP,77,O,845,0.028165727809073032
LYS,131,NZ,GLU,127,O,841,0.028032398920036
SER,256,OG,SER,253,O,839,0.027965734475517482
PHE,419,N,ALA,416,O,839,0.027965734475517482
ARG,81,NH2,PHE,79,O,835,0.027832405586480452
GLU,166,N,GLU,166,OE2,827,0.027565747808406385
SER,113,OG,GLU,116,OE1,825,0.027499083363887872
ARG,225,N,GLU,226,OE2,819,0.02729909003033232
LEU,228,N,GLU,226,OE2,819,0.02729909003033232
LYS,131,NZ,GLU,127,OE2,806,0.026865771140961968
ARG,81,NE,PRO,78,O,805,0.02683243891870271
ARG,98,NH1,GLU,247,OE1,805,0.02683243891870271
GLU,299,N,VAL,296,O,797,0.026565781140628644
ALA,436,N,ASP,439,OD1,797,0.026565781140628644
SER,26,OG,LEU,23,O,790,0.02633245558481384
ARG,1,NE,LEU,2,O,786,0.026199126695776807
ARG,117,NH1,SER,113,O,786,0.026199126695776807
HIP,224,N,VAL,221,O,779,0.025965801139962
ASN,259,ND2,ARG,92,NE,779,0.025965801139962
MET,337,N,GLY,448,O,776,0.025865804473184227
LYS,234,NZ,ASP,238,OD1,766,0.025532482250591647
ARG,298,NH2,GLU,301,OE1,765,0.02549915002833239
GLU,375,N,GLU,375,OE2,764,0.02546581780607313
THR,395,OG1,HIP,384,O,756,0.025199160027999067
LYS,131,NZ,GLU,127,OE1,752,0.025065831138962033
ARG,29,NH1,ASP,19,OD1,751,0.025032498916702776
LEU,368,N,SER,365,O,749,0.02496583447218426
LYS,376,N,GLU,375,OE2,749,0.02496583447218426
MET,337,N,VAL,449,O,748,0.024932502249925003
ARG,117,NH2,ILE,150,O,746,0.024865837805406486
SER,193,N,PHE,189,O,738,0.024599180027332423
LYS,25,NZ,ASP,19,OD2,736,0.024532515582813906
PHE,460,N,GLY,134,O,734,0.02446585113829539
SER,68,N,ALA,66,O,731,0.024365854471517616
GLU,65,N,GLU,65,OE1,728,0.024265857804739843
PHE,141,N,ASP,138,OD2,728,0.024265857804739843
SER,433,OG,VAL,435,O,725,0.02416586113796207
ARG,350,NH2,GLU,54,OE2,723,0.024099196693443552
ASN,89,ND2,SER,68,OG,722,0.024065864471184292
ARG,225,N,GLU,226,OE1,720,0.02399920002666578
ASP,77,N,ALA,74,O,718,0.023932535582147262
ASN,89,ND2,ALA,88,O,716,0.023865871137628746
GLN,211,NE2,ASN,214,OD1,716,0.023865871137628746
THR,103,N,SER,100,O,715,0.02383253891536949
LYS,376,N,GLU,375,OE1,712,0.023732542248591712
HIE,372,NE2,GLU,54,OE2,711,0.023699210026332455
LEU,228,N,ARG,225,O,710,0.0236658778040732
ARG,350,NH2,GLU,54,OE1,710,0.0236658778040732
ARG,70,NE,GLY,71,O,709,0.02363254558181394
SER,256,N,SER,253,O,708,0.023599213359554682
ALA,55,N,GLY,52,O,703,0.023432552248258392
SER,68,OG,ASN,89,OD1,699,0.02329922335922136
ASN,209,ND2,GLN,205,O,695,0.02316589447018433
LYS,72,NZ,ARG,70,O,694,0.023132562247925068
GLN,302,N,GLU,299,O,694,0.023132562247925068
LYS,234,NZ,ASP,235,OD2,692,0.02306589780340655
LYS,25,N,GLY,22,O,688,0.02293256891436952
LYS,223,NZ,GLU,226,OE1,681,0.022699243358554715
GLU,375,N,GLU,375,OE1,681,0.022699243358554715
ALA,316,N,LEU,312,O,677,0.02256591446951768
GLN,163,NE2,GLU,128,OE1,671,0.022365921135962134
ARG,463,NE,ARG,463,O,665,0.022165927802406588
LYS,223,NZ,GLU,226,OE2,662,0.02206593113562881
ARG,117,NH1,ILE,150,O,639,0.021299290023665877
ARG,225,NE,GLU,222,O,637,0.02123262557914736
ARG,350,NH1,GLU,54,OE1,637,0.02123262557914736
LYS,393,NZ,ASP,387,OD1,632,0.02106596446785107
ARG,97,NE,TRP,93,NE1,631,0.021032632245591813
ARG,21,NH1,ASP,19,OD1,625,0.020832638912036266
ALA,388,N,ASP,387,OD2,624,0.020799306689777006
GLU,65,N,GLU,65,OE2,623,0.02076597446751775
GLN,211,NE2,GLN,211,O,614,0.020465984467184426
LYS,393,NZ,ASP,387,OD2,611,0.020365987800406653
ILE,213,N,LEU,210,O,608,0.02026599113362888
ARG,463,NH2,PHE,429,O,604,0.020132662244591846
LYS,451,NZ,SER,332,O,603,0.02009933002233259
GLN,345,NE2,THR,344,OG1,596,0.019866004466517782
GLY,450,N,GLY,448,O,590,0.019666011132962236
GLU,273,N,PHE,268,O,589,0.019632678910702975
ARG,97,NH2,HM1,464,O1D,586,0.019532682243925202
HIE,203,NE2,LYS,197,O,584,0.019466017799406685
LYS,111,NZ,MET,109,O,580,0.019332688910369655
ALA,135,N,SER,132,OG,574,0.019132695576814105
ALA,388,N,ASP,387,OD1,571,0.01903269891003633
MET,109,N,ARG,105,O,570,0.018999366687777075
GLN,187,NE2,ILE,181,O,569,0.018966034465517815
LYS,234,NZ,ASP,235,OD1,556,0.01853271557614746
GLY,134,N,PHE,460,O,553,0.018432718909369688
LEU,60,N,ARG,57,O,550,0.018332722242591915
GLY,108,N,ASP,106,O,550,0.018332722242591915
ARG,20,NH1,MET,18,O,549,0.018299390020332654
SER,253,N,HIE,252,ND1,549,0.018299390020332654
ASP,229,N,THR,227,OG1,547,0.01823272557581414
ASN,259,N,SER,256,O,546,0.01819939335355488
ARG,117,NH2,SER,153,OG,542,0.01806606446451785
LYS,394,NZ,TYR,326,OH,542,0.01806606446451785
ARG,81,NH2,ASP,77,OD1,541,0.01803273224225859
ARG,81,NH2,ASP,77,OD2,541,0.01803273224225859
GLN,163,N,HIE,161,O,540,0.017999400019999334
GLN,258,NE2,TYR,83,OH,540,0.017999400019999334
ARG,45,N,GLY,43,O,539,0.017966067797740074
ARG,112,NH1,GLU,116,OE1,535,0.017832738908703044
ARG,204,NH1,PHE,199,O,534,0.017799406686443784
LYS,72,NZ,GLU,359,OE2,532,0.01773274224192527
ARG,57,NH2,GLU,396,OE2,530,0.017666077797406754
LYS,197,NZ,GLY,194,O,530,0.017666077797406754
LEU,362,N,GLY,338,O,524,0.017466084463851204
ARG,112,NH1,GLU,116,OE2,520,0.017332755574814174
ARG,308,N,HIE,307,ND1,515,0.017166094463517884
HID,341,ND1,HM1,464,O2A,514,0.017132762241258623
THR,227,OG1,HIP,224,O,498,0.016599446685110496
MET,170,N,PHE,167,O,495,0.016499450018332723
SER,220,N,ILE,217,O,494,0.016466117796073463
ASN,259,ND2,SER,256,OG,492,0.01639945335155495
HIE,219,N,TYR,216,O,491,0.01636612112929569
ASN,250,ND2,HIE,252,O,491,0.01636612112929569
ARG,21,NH1,ASP,19,OD2,490,0.016332788907036433
LEU,96,N,TRP,93,O,486,0.0161994600179994
ARG,350,NH1,GLU,54,OE2,478,0.015932802239925336
LYS,394,NZ,THR,395,O,476,0.01586613779540682
SER,365,OG,PRO,336,O,475,0.015832805573147563
GLU,54,N,GLU,54,OE1,474,0.015799473350888302
ASN,172,ND2,GLN,176,NE2,465,0.015499483350554982
ARG,29,NH1,ASP,19,OD2,464,0.015466151128295724
ARG,415,NH2,GLU,322,OE2,464,0.015466151128295724
LEU,287,N,LEU,284,O,462,0.015399486683777207
ARG,225,NH1,HIE,257,ND1,457,0.015232825572480917
ARG,57,NH2,GLU,58,OE1,450,0.014999500016666112
HIP,384,NE2,LYS,376,O,447,0.014899503349888337
ARG,415,NH2,PRO,400,O,443,0.014766174460851305
LEU,191,N,GLN,187,O,439,0.014632845571814273
GLN,345,NE2,THR,347,OG1,436,0.014532848905036498
LEU,15,N,GLY,13,O,434,0.014466184460517983
LYS,131,N,GLU,128,O,434,0.014466184460517983
ARG,308,NE,ILE,304,O,430,0.014332855571480951
CYS,124,N,GLU,121,O,426,0.014199526682443918
LYS,208,NZ,GLU,212,OE2,426,0.014199526682443918
ARG,330,NH2,ASP,378,O,426,0.014199526682443918
ARG,130,NH2,GLN,123,OE1,424,0.014132862237925403
ARG,308,N,GLY,305,O,424,0.014132862237925403
GLN,165,NE2,GLU,166,OE2,422,0.014066197793406886
ARG,1,NH2,GLY,351,O,421,0.014032865571147628
ALA,379,N,PRO,377,O,421,0.014032865571147628
GLU,32,N,ARG,29,O,419,0.013966201126629113
ARG,406,NH2,ALA,88,O,418,0.013932868904369854
THR,455,N,GLN,445,OE1,417,0.013899536682110596
SER,193,OG,GLU,190,O,416,0.013866204459851338
VAL,449,N,GLN,187,NE2,414,0.013799540015332823
LYS,158,NZ,PHE,156,O,412,0.013732875570814306
ASN,428,ND2,GLN,427,OE1,411,0.013699543348555047
ARG,57,NH2,GLU,58,OE2,406,0.013532882237258757
ARG,29,NH2,GLN,17,O,403,0.013432885570480984
ARG,105,N,SER,100,O,399,0.013299556681443952
GLY,157,N,CYS,152,O,398,0.013266224459184694
LYS,246,NZ,LEU,242,O,398,0.013266224459184694
SER,276,OG,GLU,273,OE1,396,0.013199560014666177
LEU,228,N,GLU,226,OE1,392,0.013066231125629145
ARG,117,N,VAL,114,O,387,0.012899570014332855
LYS,405,NZ,ASP,62,O,382,0.012732908903036565
SER,332,N,GLN,329,O,378,0.012599580013999533
ARG,298,NH1,GLN,302,OE1,377,0.012566247791740275
ARG,225,NH2,HIE,257,ND1,376,0.012532915569481017
HIE,161,NE2,GLU,128,OE1,375,0.01249958334722176
LYS,393,NZ,LEU,386,O,373,0.012432918902703243
LYS,25,NZ,ASP,19,OD1,372,0.012399586680443985
SER,100,OG,ARG,97,O,368,0.012266257791406953
PHE,174,N,LEU,171,O,367,0.012232925569147695
PHE,141,N,ASP,138,OD1,364,0.012132928902369921
ARG,1,NE,GLY,351,O,363,0.012099596680110663
GLN,123,NE2,GLN,123,O,360,0.01199960001333289
GLN,165,NE2,GLU,166,OE1,356,0.011866271124295856
ARG,330,NE,GLU,327,OE1,355,0.0118329389020366
ARG,29,NH1,GLU,32,OE1,353,0.011766274457518083
GLN,123,N,GLU,120,O,351,0.011699610012999566
ARG,81,NH1,GLN,258,OE1,350,0.01166627779074031
GLN,119,NE2,GLU,115,O,348,0.011599613346221792
SER,220,OG,ILE,217,O,344,0.01146628445718476
LYS,111,NZ,LYS,234,O,343,0.011432952234925502
ARG,31,NH2,GLU,32,OE1,342,0.011399620012666244
LYS,208,NZ,GLU,212,OE1,337,0.011232958901369954
GLY,134,N,LEU,129,O,336,0.011199626679110695
ARG,225,NH1,GLU,226,OE2,334,0.01113296223459218
GLU,254,N,ASN,91,OD1,334,0.01113296223459218
ARG,1,NH1,LEU,2,O,332,0.011066297790073664
LYS,208,NZ,GLN,211,OE1,331,0.011032965567814405
GLN,345,NE2,ALA,66,O,327,0.010899636678777374
SER,231,OG,ASP,229,O,324,0.0107996400119996
LYS,111,N,MET,109,O,323,0.010766307789740342
ASP,106,N,THR,103,O,321,0.010699643345221825
TYR,281,OH,LYS,451,O,316,0.010532982233925535
ARG,105,NH1,VAL,101,O,310,0.010332988900369988
LEU,228,N,HIP,224,O,305,0.010166327789073698
GLN,187,NE2,SER,182,O,303,0.010099663344555181
LEU,173,N,MET,170,O,302,0.010066331122295923
ARG,463,NE,ARG,463,OXT,302,0.010066331122295923
ARG,7,NH1,PRO,8,O,301,0.010032998900036666
GLY,90,N,SER,68,OG,301,0.010032998900036666
ARG,295,NH1,HIE,291,O,301,0.010032998900036666
ARG,463,NE,PHE,429,O,301,0.010032998900036666
VAL,303,N,ILE,300,O,300,0.009999666677777408
THR,227,N,ARG,225,O,299,0.00996633445551815
GLN,258,NE2,SER,256,OG,299,0.00996633445551815
LEU,142,N,ASP,138,O,298,0.009933002233258891
GLY,84,N,GLY,82,O,297,0.009899670010999633
LYS,72,N,GLU,359,OE2,296,0.009866337788740376
LYS,246,NZ,GLU,247,OE1,292,0.009733008899703343
LYS,158,N,PHE,156,O,291,0.009699676677444086
ALA,391,N,ASP,387,OD2,291,0.009699676677444086
ARG,31,NH2,GLU,32,OE2,290,0.009666344455184828
ARG,31,NE,GLU,32,OE1,288,0.009599680010666311
HIE,161,NE2,GLN,163,OE1,287,0.009566347788407053
ARG,98,NH2,HID,243,NE2,285,0.009499683343888538
ARG,350,NH2,ASP,36,OD1,285,0.009499683343888538
ARG,406,NH1,HM1,464,O2D,284,0.00946635112162928
GLN,165,NE2,GLN,165,O,282,0.009399686677110762
THR,344,OG1,GLU,65,O,281,0.009366354454851506
ARG,225,NE,GLU,226,OE1,280,0.009333022232592247
SER,430,OG,LEU,461,O,280,0.009333022232592247
LYS,246,NZ,HID,243,NE2,276,0.009199693343555216
LYS,72,NZ,ASN,89,OD1,275,0.009166361121295957
ARG,225,NH2,GLU,245,OE2,275,0.009166361121295957
ARG,459,NH2,GLY,134,O,275,0.009166361121295957
ARG,98,NH1,THR,102,OG1,272,0.009066364454518182
ASN,91,ND2,HIE,252,O,271,0.009033032232258926
TYR,456,N,PRO,454,O,271,0.009033032232258926
LYS,72,NZ,GLU,190,OE2,270,0.008999700009999667
SER,183,N,SER,179,O,270,0.008999700009999667
ARG,406,NH2,HM1,464,O1A,270,0.008999700009999667
SER,68,OG,GLU,65,OE1,266,0.008866371120962635
PHE,107,N,MET,104,O,266,0.008866371120962635
ARG,225,NH1,GLU,226,OE1,265,0.008833038898703377
ARG,1,NH1,GLY,351,O,264,0.008799706676444119
ARG,29,N,SER,26,O,263,0.00876637445418486
SER,253,OG,GLU,247,O,263,0.00876637445418486
SER,113,OG,GLU,116,OE2,262,0.008733042231925602
LYS,72,NZ,GLU,359,OE1,261,0.008699710009666345
ASN,214,ND2,ASN,214,O,261,0.008699710009666345
LEU,28,N,LYS,25,O,260,0.008666377787407087
SER,153,N,ILE,150,O,260,0.008666377787407087
ASN,381,ND2,ALA,379,O,259,0.008633045565147828
ARG,81,NH1,TYR,207,OH,258,0.00859971334288857
LYS,133,NZ,LYS,131,O,255,0.008499716676110797
THR,39,OG1,PRO,4,O,252,0.008399720009333022
ALA,391,N,ASP,387,OD1,252,0.008399720009333022
LYS,25,NZ,ARG,21,O,250,0.008333055564814507
ALA,397,N,TYR,373,OH,250,0.008333055564814507
ARG,105,NH2,CM1,408,O,249,0.008299723342555248
TYR,216,N,ILE,213,O,249,0.008299723342555248
GLU,128,N,LEU,125,O,245,0.008166394453518216
ARG,105,NH1,GLU,411,OE2,244,0.008133062231258958
ARG,298,NE,GLU,301,OE2,244,0.008133062231258958
ASP,229,N,THR,227,O,243,0.0080997300089997
ARG,315,NH1,GLU,322,OE2,241,0.008033065564481185
VAL,449,N,ILE,181,O,241,0.008033065564481185
PHE,27,N,LEU,24,O,240,0.007999733342221926
PHE,419,N,GLU,417,O,240,0.007999733342221926
ARG,204,N,HIE,203,ND1,239,0.007966401119962668
LYS,197,NZ,ASP,77,OD1,238,0.00793306889770341
ASP,229,N,GLU,226,OE2,238,0.00793306889770341
ARG,20,NH1,LEU,15,O,237,0.007899736675444151
LYS,72,NZ,PHE,87,O,237,0.007899736675444151
ARG,29,NH1,GLU,32,OE2,236,0.007866404453184895
ARG,97,NH2,ILE,407,O,236,0.007866404453184895
SER,68,OG,GLU,65,OE2,235,0.007833072230925636
PHE,107,N,ARG,105,O,234,0.007799740008666378
GLN,345,NE2,HIE,346,O,233,0.0077664077864071195
ARG,406,NH1,HM1,464,O1A,230,0.007666411119629346
ILE,237,N,ASP,235,OD2,229,0.007633078897370088
ARG,130,NH2,ASN,428,OD1,228,0.007599746675110829
GLY,90,N,ASN,89,OD1,226,0.0075330822305923134
ARG,350,N,GLU,58,OE1,225,0.007499750008333056
ARG,350,NH2,GLU,54,O,225,0.007499750008333056
VAL,435,N,SER,433,O,225,0.007499750008333056
ARG,280,NH1,TYR,175,OH,224,0.0074664177860737976
LYS,111,NZ,SER,153,O,222,0.007399753341555282
LYS,248,NZ,GLU,245,O,222,0.007399753341555282
ASN,259,ND2,TYR,240,OH,221,0.007366421119296023
ARG,7,NH2,GLY,5,O,220,0.007333088897036766
GLN,144,N,PHE,141,O,215,0.007166427785740476
ARG,298,NH1,GLU,294,OE1,215,0.007166427785740476
ARG,117,NE,SER,113,O,214,0.007133095563481217
ARG,315,NH1,GLU,322,OE1,214,0.007133095563481217
ARG,117,NH2,SER,153,O,213,0.007099763341221959
THR,227,N,GLU,226,OE2,213,0.007099763341221959
LEU,242,N,THR,239,O,213,0.007099763341221959
GLN,445,NE2,SER,179,OG,213,0.007099763341221959
LYS,246,NZ,GLU,247,OE2,212,0.007066431118962701
GLN,258,NE2,GLN,258,O,212,0.007066431118962701
ARG,117,NE,ILE,150,O,209,0.006966434452184927
ARG,308,NH2,VAL,303,O,209,0.006966434452184927
GLU,359,N,GLU,359,OE2,208,0.006933102229925669
THR,272,OG1,THR,147,O,207,0.006899770007666411
GLN,302,NE2,GLU,301,OE1,206,0.006866437785407153
TYR,373,N,ASP,370,OD2,206,0.006866437785407153
ASN,214,ND2,GLN,211,O,204,0.006799773340888637
SER,256,OG,GLU,254,O,203,0.006766441118629379
GLN,445,NE2,GLU,446,OE1,203,0.006766441118629379
ARG,105,NE,VAL,101,O,202,0.006733108896370121
SER,183,OG,GLU,446,OE2,202,0.006733108896370121
ARG,29,NH2,ASP,19,OD1,201,0.006699776674110863
LYS,234,NZ,THR,227,O,200,0.006666444451851605
GLU,54,N,GLU,54,OE2,199,0.006633112229592347
ARG,350,N,GLU,58,OE2,199,0.006633112229592347
LYS,94,NZ,ASN,91,OD1,197,0.006566447785073831
GLY,108,N,ASP,106,OD2,197,0.006566447785073831
ARG,459,NH1,PHE,460,O,196,0.006533115562814573
ARG,130,NH1,GLN,123,OE1,195,0.006499783340555315
TYR,162,N,HIE,161,ND1,195,0.006499783340555315
THR,227,OG1,GLU,226,O,195,0.006499783340555315
LYS,33,NZ,TYR,34,OH,194,0.006466451118296057
TYR,207,OH,GLN,211,OE1,194,0.006466451118296057
LEU,260,N,HIE,257,O,194,0.006466451118296057
ARG,406,NE,LEU,60,O,193,0.006433118896036798
ARG,20,NH1,LEU,16,O,192,0.006399786673777541
ARG,29,NE,ASP,19,OD1,191,0.0063664544515182825
PHE,398,N,GLU,396,O,189,0.006299790006999767
ARG,31,NE,GLU,32,OE2,187,0.006233125562481251
ARG,81,NE,GLN,258,OE1,187,0.006233125562481251
PHE,107,N,THR,102,O,187,0.006233125562481251
GLN,211,NE2,TYR,207,OH,187,0.006233125562481251
ARG,295,NE,HIE,291,O,187,0.006233125562481251
ARG,415,NE,GLN,329,OE1,187,0.006233125562481251
GLU,120,N,ARG,117,O,186,0.006199793340221992
ARG,225,NE,GLU,245,OE1,184,0.0061331288957034765
ARG,406,NE,SER,68,OG,184,0.0061331288957034765
ARG,31,NH1,ASP,370,OD1,182,0.006066464451184961
ARG,225,NE,GLU,226,OE2,182,0.006066464451184961
GLN,176,NE2,ASN,209,OD1,180,0.005999800006666445
THR,147,N,GLN,144,O,179,0.005966467784407186
LYS,111,NZ,THR,239,OG1,178,0.005933135562147928
ARG,298,NE,GLU,301,OE1,178,0.005933135562147928
LYS,197,NZ,TYR,198,OH,177,0.0058998033398886705
THR,272,N,PHE,269,O,177,0.0058998033398886705
SER,249,OG,GLU,245,O,176,0.005866471117629412
ASN,261,ND2,GLY,218,N,176,0.005866471117629412
SER,68,N,ALA,64,O,174,0.005799806673110896
SER,68,OG,ALA,64,O,174,0.005799806673110896
ARG,105,NH2,LEU,409,O,174,0.005799806673110896
LEU,188,N,PHE,185,O,174,0.005799806673110896
ARG,308,NH2,GLU,311,OE1,173,0.005766474450851638
LYS,317,NZ,HIE,313,ND1,173,0.005766474450851638
THR,227,OG1,GLU,245,OE2,172,0.00573314222859238
THR,358,OG1,LYS,356,O,172,0.00573314222859238
ILE,425,N,PHE,422,O,171,0.005699810006333122
ARG,57,NH1,TYR,373,OH,170,0.0056664777840738645
HIE,291,N,HIE,291,ND1,170,0.0056664777840738645
ARG,57,NE,GLU,396,OE1,169,0.005633145561814606
GLN,17,N,GLN,17,OE1,167,0.00556648111729609
ARG,308,NH2,GLU,311,OE2,167,0.00556648111729609
ARG,415,NH1,GLU,322,OE1,167,0.00556648111729609
ARG,298,NH1,GLU,294,O,166,0.005533148895036832
SER,249,OG,ASN,250,OD1,165,0.005499816672777574
PHE,422,N,PHE,419,O,165,0.005499816672777574
ARG,81,NH2,GLN,211,OE1,164,0.005466484450518316
ASN,261,ND2,HIE,257,NE2,164,0.005466484450518316
SER,26,N,LEU,23,O,163,0.005433152228259058
ARG,204,NH2,TYR,198,O,163,0.005433152228259058
ARG,415,NH2,LEU,418,O,161,0.005366487783740542
LEU,284,N,TYR,281,O,160,0.005333155561481284
HID,369,ND1,ASP,333,OD2,160,0.005333155561481284
PHE,189,N,GLY,186,O,159,0.005299823339222026
ILE,73,N,ASP,77,OD2,158,0.0052664911169627675
ASN,259,N,GLN,258,OE1,158,0.0052664911169627675
HIE,252,N,ASN,250,ND2,156,0.005199826672444252
ARG,105,NH2,GLU,411,OE2,155,0.005166494450184994
ARG,20,NH1,ASP,19,OD1,153,0.005099830005666478
ARG,31,NH1,ASP,36,OD2,153,0.005099830005666478
GLU,65,N,ASP,62,O,153,0.005099830005666478
LYS,72,NZ,GLU,190,OE1,153,0.005099830005666478
ARG,225,NH1,HIE,257,NE2,153,0.005099830005666478
ARG,315,NH2,ARG,415,O,153,0.005099830005666478
LYS,356,NZ,GLN,345,OE1,153,0.005099830005666478
ARG,57,NE,GLU,396,OE2,152,0.00506649778340722
LYS,223,NZ,HIE,219,ND1,152,0.00506649778340722
ARG,20,NH1,ARG,20,O,149,0.004966501116629446
ARG,97,NH2,LYS,405,O,148,0.004933168894370188
GLN,163,NE2,HIE,161,ND1,148,0.004933168894370188
LYS,197,NZ,ASP,77,OD2,147,0.00489983667211093
ARG,20,NH2,MET,18,O,146,0.004866504449851671
LYS,72,N,GLU,359,OE1,146,0.004866504449851671
ARG,204,NE,PHE,199,O,145,0.004833172227592414
ARG,159,NE,GLU,121,OE1,144,0.0047998400053331555
GLY,69,N,PHE,67,O,143,0.004766507783073898
SER,183,OG,GLU,446,OE1,142,0.00473317556081464
ASN,209,ND2,LEU,173,O,141,0.004699843338555381
HIE,307,N,HIE,307,ND1,141,0.004699843338555381
THR,358,N,VAL,343,O,139,0.004633178894036865
ARG,406,NH2,SER,68,O,139,0.004633178894036865
SER,430,OG,PRO,462,O,139,0.004633178894036865
LYS,208,NZ,ASN,209,OD1,138,0.004599846671777608
SER,231,OG,ALA,232,O,138,0.004599846671777608
LYS,94,NZ,GLU,65,OE1,137,0.0045665144495183494
ARG,98,NH1,THR,103,OG1,135,0.0044998500049998336
ARG,298,NH1,GLU,294,OE2,135,0.0044998500049998336
ARG,350,NE,ASP,36,OD2,135,0.0044998500049998336
GLN,445,NE2,GLU,446,OE2,135,0.0044998500049998336
LEU,12,N,LEU,9,O,134,0.004466517782740575
LYS,33,NZ,ARG,29,O,134,0.004466517782740575
ARG,105,NE,SER,100,O,134,0.004466517782740575
GLN,457,NE2,TYR,456,O,134,0.004466517782740575
ARG,92,N,ASN,89,OD1,132,0.004399853338222059
ARG,81,NH2,TYR,207,OH,130,0.004333188893703543
GLU,121,N,ILE,118,O,130,0.004333188893703543
ARG,225,NH2,GLU,245,OE1,129,0.004299856671444285
HIE,372,N,ASP,370,O,129,0.004299856671444285
GLY,134,N,SER,132,O,128,0.0042665244491850276
MET,244,N,LEU,241,O,128,0.0042665244491850276
LYS,94,NZ,GLU,65,OE2,127,0.004233192226925769
ALA,148,N,SER,145,O,127,0.004233192226925769
GLU,226,N,GLU,226,OE2,126,0.004199860004666511
ARG,225,NH1,HIP,224,O,125,0.004166527782407253
SER,276,OG,GLU,273,OE2,125,0.004166527782407253
GLN,302,NE2,GLU,301,OE2,125,0.004166527782407253
ARG,57,NE,GLU,58,OE1,124,0.004133195560147995
ARG,225,NE,GLU,245,OE2,124,0.004133195560147995
ARG,298,NH1,ARG,298,O,124,0.004133195560147995
GLU,226,N,GLU,226,OE1,123,0.004099863337888737
TYR,34,N,ARG,31,O,122,0.004066531115629479
THR,227,N,GLU,226,OE1,122,0.004066531115629479
GLY,43,N,LEU,12,O,121,0.004033198893370221
LYS,169,NZ,ASN,172,OD1,120,0.003999866671110963
ARG,298,NH2,GLN,302,OE1,120,0.003999866671110963
GLN,345,NE2,THR,344,O,120,0.003999866671110963
GLU,359,N,GLU,359,OE1,120,0.003999866671110963
VAL,449,N,GLN,187,OE1,120,0.003999866671110963
GLN,302,NE2,GLN,302,O,119,0.003966534448851705
LYS,33,NZ,GLU,32,OE1,117,0.003899870004333189
GLU,116,N,GLU,115,OE1,117,0.003899870004333189
ASP,235,N,ASP,238,OD2,117,0.003899870004333189
ARG,20,NH1,ASP,19,OD2,116,0.003866537782073931
THR,39,OG1,PHE,38,O,116,0.003866537782073931
GLU,127,N,CYS,124,O,116,0.003866537782073931
ARG,57,NH1,GLU,396,O,114,0.0037998733375554147
HIE,161,NE2,GLU,128,OE2,114,0.0037998733375554147
ARG,295,NH1,TYR,320,OH,114,0.0037998733375554147
ARG,31,NH1,ASP,36,OD1,113,0.0037665411152961567
ARG,204,NE,LYS,197,O,110,0.003666544448518383
ASN,14,ND2,ARG,7,O,109,0.0036332122262591245
ALA,64,N,ASP,62,O,109,0.0036332122262591245
THR,102,OG1,ASP,106,OD1,109,0.0036332122262591245
TYR,198,OH,GLY,194,O,108,0.0035998800039998666
SER,231,N,ASP,229,O,108,0.0035998800039998666
HIE,257,N,HIE,257,ND1,107,0.0035665477817406087
LYS,63,NZ,GLU,65,OE2,106,0.0035332155594813507
GLN,123,NE2,GLU,127,OE2,106,0.0035332155594813507
HIE,203,N,HIE,203,ND1,106,0.0035332155594813507
HIE,257,NE2,GLU,222,OE2,106,0.0035332155594813507
TYR,373,N,ASP,370,OD1,106,0.0035332155594813507
LYS,394,N,LEU,392,O,106,0.0035332155594813507
THR,395,N,LYS,393,O,106,0.0035332155594813507
LEU,228,N,GLU,226,O,105,0.0034998833372220928
GLY,108,N,ASP,106,OD1,104,0.0034665511149628344
GLN,187,NE2,LEU,24,N,104,0.0034665511149628344
ARG,81,NH2,PRO,78,O,103,0.0034332188927035765
THR,272,OG1,THR,147,OG1,103,0.0034332188927035765
LEU,312,N,GLU,311,OE2,103,0.0034332188927035765
PHE,30,N,PHE,27,O,102,0.0033998866704443185
ARG,117,NH1,GLU,120,OE1,102,0.0033998866704443185
GLN,123,NE2,GLU,127,OE1,101,0.0033665544481850606
GLN,345,NE2,GLU,65,OE2,101,0.0033665544481850606
HIE,372,N,HIE,372,ND1,101,0.0033665544481850606
LYS,393,NZ,HIP,384,O,101,0.0033665544481850606
LYS,133,N,LYS,131,O,100,0.0033332222259258026
THR,177,N,PHE,174,O,98,0.0032665577814072863
TYR,373,OH,LYS,394,O,98,0.0032665577814072863
GLY,22,N,ARG,20,O,97,0.0032332255591480284
GLN,258,NE2,ASN,259,OD1,97,0.0032332255591480284
ILE,399,N,ALA,397,O,97,0.0032332255591480284
ARG,98,NH1,ASP,106,OD1,96,0.0031998933368887704
LYS,158,NZ,SER,220,OG,96,0.0031998933368887704
LYS,223,NZ,THR,227,OG1,96,0.0031998933368887704
TYR,162,OH,CYS,124,O,95,0.0031665611146295125
LEU,180,N,THR,177,O,95,0.0031665611146295125
GLY,450,N,ILE,181,O,94,0.003133228892370254
THR,147,OG1,GLN,144,O,93,0.003099896670110996
ASN,209,ND2,GLN,176,O,93,0.003099896670110996
GLN,345,NE2,GLU,65,OE1,93,0.003099896670110996
THR,227,OG1,GLU,245,OE1,92,0.0030665644478517383
ALA,215,N,GLU,212,O,91,0.0030332322255924803
LYS,288,NZ,GLU,438,O,91,0.0030332322255924803
GLY,390,N,ASP,387,OD2,91,0.0030332322255924803
GLN,123,NE2,GLU,120,O,90,0.0029999000033332224
GLN,345,NE2,GLN,345,O,90,0.0029999000033332224
GLU,116,N,GLU,115,OE2,89,0.002966567781073964
GLN,123,NE2,GLU,120,OE2,89,0.002966567781073964
ARG,459,NH1,LYS,133,O,89,0.002966567781073964
MET,104,N,VAL,101,O,88,0.002933235558814706
ALA,135,N,LYS,133,O,88,0.002933235558814706
ASP,229,N,GLU,226,OE1,88,0.002933235558814706
GLN,445,NE2,GLN,445,O,88,0.002933235558814706
THR,103,OG1,ARG,98,O,87,0.002899903336555448
GLN,211,NE2,GLU,212,OE2,86,0.00286657111429619
LYS,246,NZ,GLU,245,OE2,86,0.00286657111429619
THR,455,N,GLN,445,NE2,86,0.00286657111429619
ARG,97,NH1,LYS,405,O,85,0.0028332388920369322
ARG,117,NH1,GLU,120,OE2,85,0.0028332388920369322
GLY,450,N,SER,182,OG,85,0.0028332388920369322
GLN,205,N,ALA,202,O,84,0.002799906669777674
ARG,225,NH1,GLU,245,OE2,84,0.002799906669777674
ARG,70,NE,VAL,339,O,83,0.002766574447518416
LYS,234,NZ,SER,231,O,83,0.002766574447518416
LEU,403,N,SER,402,OG,83,0.002766574447518416
ASN,261,ND2,HIE,257,ND1,82,0.002733242225259158
ARG,280,NH2,TYR,175,OH,82,0.002733242225259158
ARG,295,NH2,GLU,299,OE2,82,0.002733242225259158
ILE,342,N,PHE,67,O,82,0.002733242225259158
LYS,393,NZ,LYS,394,O,81,0.0026999100029999
ARG,463,NH1,PHE,429,O,81,0.0026999100029999
LYS,394,NZ,GLU,322,OE1,80,0.002666577780740642
ILE,73,N,ASP,77,OD1,79,0.0026332455584813837
ASN,261,ND2,GLN,258,OE1,79,0.0026332455584813837
ARG,130,NH1,ASN,428,OD1,78,0.002599913336222126
VAL,221,N,GLY,218,O,78,0.002599913336222126
LYS,288,NZ,GLU,438,OE1,78,0.002599913336222126
LYS,393,NZ,THR,395,OG1,77,0.002566581113962868
GLN,205,NE2,GLN,205,O,76,0.00253324889170361
VAL,339,N,HID,341,NE2,76,0.00253324889170361
THR,147,OG1,SER,276,OG,75,0.002499916669444352
ARG,225,NH2,GLU,222,O,75,0.002499916669444352
ARG,98,NH2,THR,102,OG1,74,0.002466584447185094
GLN,258,N,GLN,258,NE2,74,0.002466584447185094
THR,274,OG1,PHE,269,O,74,0.002466584447185094
LYS,288,N,LEU,285,O,74,0.002466584447185094
LYS,288,NZ,GLU,438,OE2,73,0.0024332522249258357
LYS,356,N,HIE,346,NE2,73,0.0024332522249258357
LYS,169,NZ,GLN,165,OE1,72,0.0023999200026665777
ASN,261,ND2,ASN,261,O,72,0.0023999200026665777
ALA,293,N,PRO,290,O,72,0.0023999200026665777
ARG,20,NE,MET,18,O,71,0.00236658778040732
LYS,63,NZ,GLU,65,OE1,71,0.00236658778040732
ASN,172,ND2,ASN,172,O,71,0.00236658778040732
SER,182,OG,VAL,449,O,71,0.00236658778040732
ARG,308,NE,PRO,309,O,71,0.00236658778040732
LYS,393,NZ,TYR,373,O,71,0.00236658778040732
ARG,406,NH2,ALA,59,O,71,0.00236658778040732
ARG,21,NH1,ARG,20,O,70,0.002333255558148062
GLY,194,N,PHE,189,O,70,0.002333255558148062
ARG,308,NH2,PRO,309,O,70,0.002333255558148062
ARG,20,NH2,LEU,15,O,69,0.002299923335888804
LYS,33,NZ,GLU,32,OE2,69,0.002299923335888804
ARG,57,NH2,GLU,396,O,69,0.002299923335888804
LYS,72,NZ,SER,193,OG,69,0.002299923335888804
GLN,119,NE2,GLU,115,OE2,69,0.002299923335888804
GLN,187,NE2,LEU,23,O,69,0.002299923335888804
ARG,225,NH2,HIE,257,NE2,69,0.002299923335888804
GLN,258,NE2,ARG,81,NH2,69,0.002299923335888804
TYR,320,N,GLU,299,OE1,69,0.002299923335888804
LYS,234,NZ,GLU,226,OE1,68,0.0022665911136295455
LYS,246,NZ,GLU,245,OE1,68,0.0022665911136295455
ARG,315,NE,LEU,312,O,68,0.0022665911136295455
SER,253,OG,LYS,248,O,67,0.0022332588913702876
ARG,295,NH1,HIE,291,ND1,67,0.0022332588913702876
ARG,1,NH2,LEU,2,O,66,0.0021999266691110297
LYS,223,NZ,HIE,219,O,66,0.0021999266691110297
LEU,362,N,MET,337,O,66,0.0021999266691110297
GLY,390,N,ASP,387,OD1,66,0.0021999266691110297
ASN,14,ND2,HIE,41,ND1,65,0.0021665944468517717
ARG,45,NH2,LEU,42,O,65,0.0021665944468517717
SER,179,OG,GLN,176,O,65,0.0021665944468517717
TYR,207,OH,PRO,78,O,65,0.0021665944468517717
LYS,234,NZ,GLU,226,OE2,65,0.0021665944468517717
SER,249,N,GLU,245,O,65,0.0021665944468517717
ASP,235,N,ASP,238,OD1,64,0.0021332622245925138
ARG,406,NH1,LEU,60,O,64,0.0021332622245925138
GLN,119,NE2,GLU,115,OE1,63,0.0020999300023332554
ASN,149,N,ILE,146,O,63,0.0020999300023332554
ARG,406,NH1,SER,68,OG,63,0.0020999300023332554
ARG,105,NE,LEU,409,O,62,0.0020665977800739975
THR,395,OG1,GLU,396,OE1,62,0.0020665977800739975
ARG,29,NH1,GLN,17,O,61,0.0020332655578147395
ARG,105,NH2,VAL,101,O,61,0.0020332655578147395
GLN,123,NE2,GLU,120,OE1,61,0.0020332655578147395
ASN,172,ND2,GLN,176,OE1,61,0.0020332655578147395
LYS,197,NZ,SER,193,O,59,0.0019666011132962236
SER,220,OG,VAL,155,O,59,0.0019666011132962236
HID,243,ND1,THR,103,OG1,59,0.0019666011132962236
TYR,83,OH,GLN,258,OE1,58,0.0019332688910369655
ILE,151,N,ALA,148,O,58,0.0019332688910369655
GLN,165,N,GLN,163,O,58,0.0019332688910369655
ARG,295,N,VAL,292,O,58,0.0019332688910369655
ARG,308,NH1,GLU,311,OE1,58,0.0019332688910369655
MET,318,N,ASP,314,O,58,0.0019332688910369655
GLU,58,N,ALA,55,O,57,0.0018999366687777073
ARG,70,NH2,HM1,464,O1A,56,0.0018666044465184494
GLU,226,N,HIP,224,O,56,0.0018666044465184494
SER,253,N,ASN,250,OD1,56,0.0018666044465184494
HIE,257,NE2,GLU,222,OE1,56,0.0018666044465184494
ARG,295,NE,TYR,320,OH,56,0.0018666044465184494
ARG,31,NH1,GLU,32,OE2,55,0.0018332722242591915
LEU,312,N,GLU,311,OE1,55,0.0018332722242591915
ASN,389,N,ASP,387,O,55,0.0018332722242591915
ALA,59,N,ILE,56,O,54,0.0017999400019999333
THR,102,OG1,PHE,99,O,54,0.0017999400019999333
VAL,155,N,CYS,152,O,54,0.0017999400019999333
GLN,176,NE2,GLN,176,O,54,0.0017999400019999333
THR,227,OG1,GLU,226,OE1,54,0.0017999400019999333
LEU,236,N,VAL,155,O,54,0.0017999400019999333
ASP,357,N,THR,344,O,54,0.0017999400019999333
PHE,429,N,LEU,426,O,54,0.0017999400019999333
ARG,117,NH1,SER,153,OG,53,0.0017666077797406754
ILE,118,N,GLU,115,O,53,0.0017666077797406754
SER,253,OG,PHE,255,O,53,0.0017666077797406754
ARG,280,NE,THR,140,OG1,53,0.0017666077797406754
THR,347,OG1,SER,348,O,53,0.0017666077797406754
GLN,457,NE2,ASP,138,OD2,53,0.0017666077797406754
LYS,169,N,GLU,166,O,52,0.0017332755574814172
ARG,225,N,LYS,223,O,52,0.0017332755574814172
GLN,258,NE2,HIE,257,ND1,52,0.0017332755574814172
THR,395,OG1,GLU,396,OE2,51,0.0016999433352221593
THR,103,OG1,HID,243,ND1,50,0.0016666111129629013
GLN,163,NE2,ASP,164,OD2,50,0.0016666111129629013
SER,253,OG,ASN,250,O,50,0.0016666111129629013
SER,276,OG,PHE,143,O,50,0.0016666111129629013
ARG,280,NH1,THR,277,OG1,50,0.0016666111129629013
GLY,22,N,ASP,19,OD1,49,0.0016332788907036432
GLY,35,N,PHE,30,O,49,0.0016332788907036432
ARG,57,NE,GLU,396,O,49,0.0016332788907036432
TYR,289,N,MET,286,O,49,0.0016332788907036432
THR,395,OG1,TYR,326,OH,49,0.0016332788907036432
ARG,29,NH2,ASP,19,OD2,48,0.0015999466684443852
ARG,105,NH1,ASP,106,OD1,48,0.0015999466684443852
SER,132,OG,GLU,128,OE1,48,0.0015999466684443852
SER,231,OG,PRO,230,O,48,0.0015999466684443852
ARG,295,NH2,HIE,291,ND1,48,0.0015999466684443852
HIE,313,NE2,GLU,115,OE1,48,0.0015999466684443852
ARG,92,NH1,GLU,254,OE2,47,0.001566614446185127
ASN,209,N,VAL,206,O,47,0.001566614446185127
GLN,258,N,HIE,257,ND1,47,0.001566614446185127
ARG,81,NH1,ASP,77,OD2,46,0.0015332822239258691
ARG,105,NH1,ASP,106,OD2,46,0.0015332822239258691
ARG,20,N,ARG,20,NE,45,0.0014999500016666112
ARG,29,NH1,LYS,25,O,45,0.0014999500016666112
ARG,159,NH2,PHE,160,O,45,0.0014999500016666112
GLN,211,NE2,GLU,212,OE1,45,0.0014999500016666112
LYS,288,NZ,TYR,289,OH,45,0.0014999500016666112
LYS,317,NZ,HIE,313,NE2,45,0.0014999500016666112
MET,75,N,GLU,190,OE1,44,0.001466617779407353
ARG,98,NH1,HID,243,NE2,44,0.001466617779407353
GLN,163,NE2,ASP,164,OD1,44,0.001466617779407353
ARG,225,NH1,GLU,245,OE1,44,0.001466617779407353
TYR,240,OH,ASN,259,O,44,0.001466617779407353
ASN,259,ND2,TYR,83,O,44,0.001466617779407353
GLY,390,N,ALA,388,O,44,0.001466617779407353
SER,26,OG,GLN,17,O,43,0.001433285557148095
GLU,54,N,TYR,373,OH,43,0.001433285557148095
GLN,123,NE2,GLN,119,OE1,43,0.001433285557148095
GLN,163,NE2,GLN,163,O,43,0.001433285557148095
GLN,457,NE2,ASP,138,N,43,0.001433285557148095
ARG,29,NH2,SER,26,OG,42,0.001399953334888837
LYS,111,N,PHE,107,O,42,0.001399953334888837
ASN,250,ND2,SER,249,OG,42,0.001399953334888837
PHE,268,N,LEU,265,O,42,0.001399953334888837
ARG,308,NH1,GLU,311,OE2,42,0.001399953334888837
TYR,352,N,ARG,350,O,42,0.001399953334888837
THR,395,N,GLU,396,OE2,42,0.001399953334888837
ARG,406,NH2,LEU,60,O,42,0.001399953334888837
ARG,415,NH1,PRO,400,O,42,0.001399953334888837
ARG,7,NH1,GLY,5,O,41,0.001366621112629579
ALA,251,N,ASN,250,OD1,41,0.001366621112629579
THR,455,OG1,THR,455,O,41,0.001366621112629579
ASN,14,ND2,GLY,13,O,40,0.001333288890370321
THR,102,N,ARG,97,O,40,0.001333288890370321
ARG,105,NH1,ARG,105,O,40,0.001333288890370321
GLN,163,N,GLN,163,OE1,40,0.001333288890370321
ASN,172,N,LYS,169,O,40,0.001333288890370321
ILE,237,N,ASP,235,OD1,40,0.001333288890370321
ARG,415,N,GLY,412,O,40,0.001333288890370321
GLN,457,NE2,ASP,138,OD1,40,0.001333288890370321
THR,103,OG1,SER,100,O,39,0.001299956668111063
LYS,131,NZ,GLN,163,OE1,39,0.001299956668111063
ASN,250,ND2,HIE,252,ND1,39,0.001299956668111063
GLY,410,N,CM1,408,O,39,0.001299956668111063
ARG,20,NE,LEU,15,O,38,0.001266624445851805
ARG,81,NH1,GLN,258,NE2,38,0.001266624445851805
ARG,81,NH2,ASN,214,OD1,38,0.001266624445851805
PHE,160,N,ASN,149,ND2,38,0.001266624445851805
LYS,234,NZ,THR,227,OG1,38,0.001266624445851805
TYR,240,N,ILE,237,O,38,0.001266624445851805
LEU,267,N,THR,264,O,38,0.001266624445851805
VAL,292,N,HIE,291,ND1,38,0.001266624445851805
GLY,351,N,SER,348,O,38,0.001266624445851805
ASN,91,ND2,ASN,91,O,37,0.001233292223592547
THR,358,OG1,GLU,359,O,37,0.001233292223592547
GLN,445,N,PRO,453,O,37,0.001233292223592547
ARG,130,N,GLU,127,O,36,0.0011999600013332889
ASN,172,ND2,LYS,169,O,36,0.0011999600013332889
THR,227,OG1,GLU,226,OE2,36,0.0011999600013332889
TYR,373,OH,ALA,397,O,36,0.0011999600013332889
GLN,457,NE2,MET,137,O,36,0.0011999600013332889
ARG,57,NH2,PHE,398,O,35,0.001166627779074031
GLY,69,N,THR,344,OG1,35,0.001166627779074031
ARG,105,NH1,SER,100,O,35,0.001166627779074031
GLN,176,NE2,ASN,172,ND2,35,0.001166627779074031
LYS,234,NZ,PHE,156,O,35,0.001166627779074031
ASN,250,N,LYS,248,O,35,0.001166627779074031
HIE,313,NE2,GLU,115,OE2,35,0.001166627779074031
GLU,375,N,TYR,373,O,35,0.001166627779074031
ARG,406,NE,LYS,405,O,35,0.001166627779074031
ARG,406,NH1,VAL,85,O,35,0.001166627779074031
ASP,441,N,ASP,439,O,35,0.001166627779074031
ARG,31,N,LEU,28,O,34,0.0011332955568147728
MET,75,N,GLU,190,OE2,34,0.0011332955568147728
SER,179,OG,GLN,445,OE1,34,0.0011332955568147728
ARG,45,NH2,SER,193,OG,33,0.0010999633345555148
ILE,86,N,SER,266,OG,33,0.0010999633345555148
PHE,143,N,THR,140,O,33,0.0010999633345555148
ARG,204,NH1,TYR,198,O,33,0.0010999633345555148
GLN,205,NE2,ASN,209,ND2,33,0.0010999633345555148
SER,256,OG,ASN,259,OD1,33,0.0010999633345555148
ASN,261,N,GLN,258,O,33,0.0010999633345555148
THR,347,OG1,HIE,346,O,33,0.0010999633345555148
ASN,381,ND2,LYS,376,O,33,0.0010999633345555148
ARG,45,NH1,LYS,72,O,32,0.0010666311122962569
ARG,57,NE,GLU,58,OE2,32,0.0010666311122962569
THR,147,OG1,THR,272,O,32,0.0010666311122962569
TYR,207,N,ARG,204,O,32,0.0010666311122962569
ARG,97,NH1,HM1,464,O2D,31,0.0010332988900369987
GLN,165,N,GLN,165,NE2,31,0.0010332988900369987
SER,193,N,LEU,191,O,31,0.0010332988900369987
ASN,214,ND2,GLN,211,NE2,31,0.0010332988900369987
ARG,406,N,GLY,404,O,31,0.0010332988900369987
ARG,31,NE,ARG,31,O,30,0.0009999666677777408
THR,274,N,GLY,271,O,30,0.0009999666677777408
LYS,393,NZ,LYS,393,O,30,0.0009999666677777408
THR,395,OG1,LYS,394,O,30,0.0009999666677777408
PHE,80,N,ASP,77,O,29,0.0009666344455184827
SER,132,OG,GLU,128,OE2,29,0.0009666344455184827
GLN,176,NE2,GLN,205,OE1,29,0.0009666344455184827
GLN,211,NE2,TYR,207,O,29,0.0009666344455184827
ASN,250,N,LYS,246,O,29,0.0009666344455184827
ASN,250,ND2,SER,249,O,29,0.0009666344455184827
ASN,250,ND2,ASN,250,O,29,0.0009666344455184827
ARG,280,NH2,THR,455,OG1,29,0.0009666344455184827
GLU,294,N,HIE,291,O,29,0.0009666344455184827
ARG,308,NH2,ILE,304,O,29,0.0009666344455184827
ARG,406,NE,GLU,65,OE2,29,0.0009666344455184827
GLN,427,NE2,PRO,306,O,29,0.0009666344455184827
SER,100,N,ARG,97,O,28,0.0009333022232592247
LYS,246,NZ,HID,243,O,28,0.0009333022232592247
THR,344,OG1,SER,68,O,28,0.0009333022232592247
THR,347,OG1,GLN,345,OE1,28,0.0009333022232592247
GLU,396,N,LYS,394,O,28,0.0009333022232592247
ARG,406,NH1,SER,68,O,28,0.0009333022232592247
ARG,415,NE,ARG,415,O,28,0.0009333022232592247
LEU,442,N,ASP,441,OD1,28,0.0009333022232592247
LYS,197,N,PHE,195,O,27,0.0008999700009999666
LYS,223,N,SER,220,O,27,0.0008999700009999666
ARG,298,NH2,GLU,299,OE2,27,0.0008999700009999666
GLU,359,N,PRO,46,O,27,0.0008999700009999666
ARG,81,NH2,GLN,258,NE2,26,0.0008666377787407086
GLN,187,NE2,GLY,448,O,26,0.0008666377787407086
GLU,254,N,GLU,254,OE1,26,0.0008666377787407086
HIE,313,NE2,GLU,311,OE2,26,0.0008666377787407086
ARG,57,NE,ASP,62,OD2,25,0.0008333055564814507
PHE,99,N,LEU,96,O,25,0.0008333055564814507
GLN,329,N,TYR,326,O,25,0.0008333055564814507
LYS,394,NZ,LYS,394,O,25,0.0008333055564814507
ARG,57,NH2,TYR,373,OH,24,0.0007999733342221926
GLN,119,N,GLU,116,O,24,0.0007999733342221926
LYS,169,NZ,GLN,165,O,24,0.0007999733342221926
HIE,252,NE2,ASN,91,OD1,24,0.0007999733342221926
HIE,313,NE2,GLU,311,OE1,24,0.0007999733342221926
ARG,315,NH2,TYR,326,OH,24,0.0007999733342221926
THR,344,OG1,ILE,342,O,24,0.0007999733342221926
LEU,16,N,GLY,13,O,23,0.0007666411119629346
ARG,31,NH1,GLU,32,OE1,23,0.0007666411119629346
HIE,41,NE2,PRO,10,O,23,0.0007666411119629346
ASN,89,ND2,GLU,254,OE1,23,0.0007666411119629346
LEU,125,N,ALA,122,O,23,0.0007666411119629346
THR,147,OG1,THR,275,OG1,23,0.0007666411119629346
HIE,161,NE2,GLN,163,NE2,23,0.0007666411119629346
HIE,161,NE2,ASP,164,OD2,23,0.0007666411119629346
GLN,176,NE2,GLN,205,NE2,23,0.0007666411119629346
SER,182,N,SER,179,O,23,0.0007666411119629346
VAL,184,N,GLU,446,OE1,23,0.0007666411119629346
TYR,198,OH,PRO,78,O,23,0.0007666411119629346
GLY,201,N,PHE,199,O,23,0.0007666411119629346
GLN,205,NE2,GLY,201,O,23,0.0007666411119629346
ASN,209,ND2,GLN,176,NE2,23,0.0007666411119629346
THR,227,OG1,ARG,225,O,23,0.0007666411119629346
SER,253,N,ALA,251,O,23,0.0007666411119629346
ARG,330,N,GLU,327,O,23,0.0007666411119629346
HID,341,ND1,ARG,70,NH2,23,0.0007666411119629346
HID,341,ND1,VAL,339,O,23,0.0007666411119629346
PHE,380,N,TYR,289,OH,23,0.0007666411119629346
ARG,415,NE,GLN,329,NE2,23,0.0007666411119629346
ARG,415,NH1,GLU,411,O,23,0.0007666411119629346
ARG,7,N,GLN,17,OE1,22,0.0007333088897036765
LYS,131,NZ,GLN,163,NE2,22,0.0007333088897036765
TYR,216,OH,GLU,166,O,22,0.0007333088897036765
SER,249,N,GLU,247,O,22,0.0007333088897036765
ASN,261,ND2,ASN,214,ND2,22,0.0007333088897036765
GLN,329,NE2,ARG,415,NE,22,0.0007333088897036765
SER,332,OG,GLN,329,O,22,0.0007333088897036765
GLN,427,N,THR,424,O,22,0.0007333088897036765
ARG,1,NH2,PRO,3,O,21,0.0006999766674444185
ARG,92,N,ASN,89,O,21,0.0006999766674444185
ARG,98,NH1,LYS,94,O,21,0.0006999766674444185
GLN,165,NE2,GLN,163,OE1,21,0.0006999766674444185
LYS,169,NZ,GLU,166,O,21,0.0006999766674444185
ARG,225,NE,HIP,224,O,21,0.0006999766674444185
LYS,234,NZ,ASP,229,O,21,0.0006999766674444185
GLU,254,N,GLU,247,OE2,21,0.0006999766674444185
THR,274,N,PHE,269,O,21,0.0006999766674444185
SER,132,OG,LYS,133,O,20,0.0006666444451851605
LEU,196,N,SER,193,O,20,0.0006666444451851605
LYS,234,N,ALA,232,O,20,0.0006666444451851605
GLU,254,N,GLU,254,OE2,20,0.0006666444451851605
ARG,415,NH2,TYR,326,OH,20,0.0006666444451851605
ASN,89,ND2,GLU,254,OE2,19,0.0006333122229259025
THR,103,OG1,THR,102,OG1,19,0.0006333122229259025
LYS,393,NZ,GLU,375,OE1,19,0.0006333122229259025
GLU,396,N,TYR,373,OH,19,0.0006333122229259025
LEU,442,N,ASP,441,OD2,19,0.0006333122229259025
ARG,7,NH1,ARG,7,O,18,0.0005999800006666444
GLY,22,N,ASP,19,OD2,18,0.0005999800006666444
SER,145,N,LEU,142,O,18,0.0005999800006666444
ARG,159,NH1,GLU,120,O,18,0.0005999800006666444
ARG,280,NH1,GLU,273,OE1,18,0.0005999800006666444
ARG,350,NH1,GLU,54,O,18,0.0005999800006666444
LYS,405,NZ,ALA,64,O,18,0.0005999800006666444
PHE,460,N,SER,132,OG,18,0.0005999800006666444
ARG,29,NH1,ARG,29,O,17,0.0005666477784073864
GLY,71,N,HID,341,N,17,0.0005666477784073864
ARG,98,NE,ARG,98,O,17,0.0005666477784073864
THR,103,N,THR,102,OG1,17,0.0005666477784073864
ARG,105,NH1,LEU,409,O,17,0.0005666477784073864
GLN,119,NE2,GLN,119,O,17,0.0005666477784073864
LYS,133,NZ,ARG,130,O,17,0.0005666477784073864
ARG,204,NE,GLN,205,OE1,17,0.0005666477784073864
GLN,211,N,LYS,208,O,17,0.0005666477784073864
HID,243,ND1,HID,243,O,17,0.0005666477784073864
LYS,248,NZ,MET,244,O,17,0.0005666477784073864
THR,344,OG1,GLN,345,NE2,17,0.0005666477784073864
PHE,398,N,THR,395,OG1,17,0.0005666477784073864
ARG,415,NE,GLU,411,O,17,0.0005666477784073864
GLN,17,NE2,LEU,16,O,16,0.0005333155561481284
LYS,33,N,ARG,31,O,16,0.0005333155561481284
ARG,57,NE,ASP,62,OD1,16,0.0005333155561481284
ARG,98,NH2,ASP,106,OD2,16,0.0005333155561481284
ARG,117,NH2,GLY,157,O,16,0.0005333155561481284
ARG,159,NE,PHE,160,O,16,0.0005333155561481284
LEU,171,N,LEU,168,O,16,0.0005333155561481284
VAL,184,N,GLU,446,OE2,16,0.0005333155561481284
ASN,250,ND2,HIE,252,NE2,16,0.0005333155561481284
ARG,280,NH2,ASP,138,OD2,16,0.0005333155561481284
GLY,351,N,PHE,349,O,16,0.0005333155561481284
THR,395,OG1,THR,395,O,16,0.0005333155561481284
GLN,457,NE2,THR,455,O,16,0.0005333155561481284
LEU,23,N,GLN,187,O,15,0.0004999833338888704
ARG,45,NE,SER,193,OG,15,0.0004999833338888704
LYS,63,NZ,SER,348,OG,15,0.0004999833338888704
ARG,98,NH2,ASP,106,OD1,15,0.0004999833338888704
ARG,112,NH2,GLU,116,O,15,0.0004999833338888704
GLN,187,NE2,GLY,186,O,15,0.0004999833338888704
GLY,194,N,LEU,191,O,15,0.0004999833338888704
PHE,199,N,LYS,197,O,15,0.0004999833338888704
LYS,208,NZ,LYS,208,O,15,0.0004999833338888704
LYS,248,N,LYS,246,O,15,0.0004999833338888704
GLN,258,NE2,ARG,81,NH1,15,0.0004999833338888704
THR,272,N,LEU,267,O,15,0.0004999833338888704
VAL,296,N,ALA,293,O,15,0.0004999833338888704
HIE,307,N,GLY,305,O,15,0.0004999833338888704
ARG,308,N,GLN,427,NE2,15,0.0004999833338888704
ARG,308,NH1,VAL,303,O,15,0.0004999833338888704
HID,369,ND1,ASP,333,OD1,15,0.0004999833338888704
THR,395,N,GLU,396,OE1,15,0.0004999833338888704
THR,395,OG1,TYR,373,O,15,0.0004999833338888704
ARG,406,NH1,ALA,88,O,15,0.0004999833338888704
ARG,415,NH1,TYR,326,OH,15,0.0004999833338888704
LYS,451,NZ,TYR,281,OH,15,0.0004999833338888704
GLN,457,NE2,LEU,136,O,15,0.0004999833338888704
ASP,19,N,GLN,17,O,14,0.00046665111162961235
ALA,64,N,ALA,59,O,14,0.00046665111162961235
ARG,81,NH1,GLN,211,OE1,14,0.00046665111162961235
ARG,98,N,VAL,95,O,14,0.00046665111162961235
LYS,111,NZ,GLY,110,O,14,0.00046665111162961235
ARG,159,NH1,HIE,161,ND1,14,0.00046665111162961235
GLN,176,NE2,ASN,209,ND2,14,0.00046665111162961235
GLU,222,N,HIE,219,O,14,0.00046665111162961235
LYS,234,NZ,GLU,226,O,14,0.00046665111162961235
LYS,246,NZ,SER,249,OG,14,0.00046665111162961235
ASN,250,ND2,LYS,246,O,14,0.00046665111162961235
HIE,252,NE2,ASN,91,ND2,14,0.00046665111162961235
GLN,258,NE2,ASN,214,ND2,14,0.00046665111162961235
SER,266,N,ASN,263,O,14,0.00046665111162961235
ASN,381,ND2,PHE,380,O,14,0.00046665111162961235
GLY,412,N,CM1,408,O,14,0.00046665111162961235
ASP,62,N,ALA,59,O,13,0.0004333188893703543
MET,109,N,PHE,107,O,13,0.0004333188893703543
GLN,123,NE2,ARG,130,NH1,13,0.0004333188893703543
LYS,158,NZ,TYR,216,OH,13,0.0004333188893703543
LYS,208,NZ,GLN,205,NE2,13,0.0004333188893703543
ASN,214,ND2,GLN,258,NE2,13,0.0004333188893703543
ASN,214,ND2,ASN,261,ND2,13,0.0004333188893703543
GLU,254,N,HIE,252,O,13,0.0004333188893703543
PHE,255,N,SER,253,O,13,0.0004333188893703543
MET,286,N,PHE,283,O,13,0.0004333188893703543
THR,347,N,GLN,345,O,13,0.0004333188893703543
GLY,351,N,SER,348,OG,13,0.0004333188893703543
ALA,367,N,ILE,363,O,13,0.0004333188893703543
ASP,378,N,ASP,378,OD2,13,0.0004333188893703543
ASN,389,ND2,ASN,389,O,13,0.0004333188893703543
LYS,393,NZ,ASP,383,OD2,13,0.0004333188893703543
ARG,406,NE,ALA,64,O,13,0.0004333188893703543
GLY,412,N,GLU,411,OE2,13,0.0004333188893703543
ARG,57,NE,VAL,53,O,12,0.0003999866671110963
SER,68,OG,SER,68,O,12,0.0003999866671110963
ARG,97,N,LYS,94,O,12,0.0003999866671110963
ARG,98,NH2,ASN,91,OD1,12,0.0003999866671110963
ARG,105,NH1,ILE,407,O,12,0.0003999866671110963
LYS,111,NZ,ASP,106,O,12,0.0003999866671110963
ARG,117,NH1,PHE,107,O,12,0.0003999866671110963
GLN,165,NE2,ASP,164,OD1,12,0.0003999866671110963
TYR,207,OH,GLN,211,NE2,12,0.0003999866671110963
LYS,223,NZ,GLU,222,OE2,12,0.0003999866671110963
SER,256,OG,ASN,259,ND2,12,0.0003999866671110963
THR,264,OG1,ASN,261,O,12,0.0003999866671110963
LYS,317,NZ,VAL,303,O,12,0.0003999866671110963
SER,348,OG,GLY,351,O,12,0.0003999866671110963
ASP,378,N,ASP,378,OD1,12,0.0003999866671110963
LYS,393,NZ,GLU,375,OE2,12,0.0003999866671110963
ASN,14,ND2,GLN,17,NE2,11,0.00036665444485183826
LEU,23,N,ARG,21,O,11,0.00036665444485183826
ASP,36,N,ARG,350,NH1,11,0.00036665444485183826
ARG,70,N,ASN,89,ND2,11,0.00036665444485183826
ARG,98,NE,THR,102,OG1,11,0.00036665444485183826
ARG,105,NE,ARG,105,O,11,0.00036665444485183826
ARG,117,NE,SER,153,O,11,0.00036665444485183826
GLN,119,NE2,PRO,310,N,11,0.00036665444485183826
ILE,126,N,GLN,123,O,11,0.00036665444485183826
ARG,130,NH2,GLN,123,NE2,11,0.00036665444485183826
LYS,158,NZ,GLY,157,O,11,0.00036665444485183826
ASN,209,ND2,GLN,205,OE1,11,0.00036665444485183826
ASN,209,ND2,GLN,205,NE2,11,0.00036665444485183826
GLN,211,NE2,LYS,208,O,11,0.00036665444485183826
THR,272,OG1,GLY,271,O,11,0.00036665444485183826
LEU,334,N,SER,332,OG,11,0.00036665444485183826
THR,344,N,SER,68,OG,11,0.00036665444485183826
HID,369,ND1,SER,365,OG,11,0.00036665444485183826
ARG,7,NE,GLY,5,O,10,0.00033332222259258026
LYS,33,NZ,GLN,17,OE1,10,0.00033332222259258026
THR,39,N,PRO,3,O,10,0.00033332222259258026
LYS,63,NZ,ASP,62,O,10,0.00033332222259258026
ARG,92,N,ASN,91,OD1,10,0.00033332222259258026
LYS,111,NZ,THR,103,O,10,0.00033332222259258026
LEU,129,N,ILE,126,O,10,0.00033332222259258026
LEU,210,N,TYR,207,O,10,0.00033332222259258026
THR,227,OG1,ASP,238,OD1,10,0.00033332222259258026
LYS,234,NZ,GLY,157,O,10,0.00033332222259258026
LEU,241,N,ASP,238,O,10,0.00033332222259258026
LYS,246,NZ,LYS,246,O,10,0.00033332222259258026
ASN,250,ND2,SER,253,OG,10,0.00033332222259258026
PHE,255,N,GLU,247,OE1,10,0.00033332222259258026
ASN,259,ND2,ARG,92,NH1,10,0.00033332222259258026
THR,275,N,ALA,270,O,10,0.00033332222259258026
TYR,297,OH,PRO,306,O,10,0.00033332222259258026
ARG,298,NH1,GLU,299,OE2,10,0.00033332222259258026
ILE,325,N,GLU,322,O,10,0.00033332222259258026
HID,341,ND1,ARG,406,NH1,10,0.00033332222259258026
ARG,350,NH2,ALA,55,N,10,0.00033332222259258026
LEU,362,N,HID,341,NE2,10,0.00033332222259258026
TYR,373,OH,LYS,393,O,10,0.00033332222259258026
ASP,383,N,ASN,381,ND2,10,0.00033332222259258026
ASN,389,ND2,ALA,388,O,10,0.00033332222259258026
LYS,393,NZ,ASP,383,OD1,10,0.00033332222259258026
ARG,406,NE,SER,68,O,10,0.00033332222259258026
ARG,29,NE,ASP,19,OD2,9,0.0002999900003333222
ARG,81,N,PRO,78,O,9,0.0002999900003333222
ARG,81,NE,ARG,81,O,9,0.0002999900003333222
GLY,84,N,PHE,80,O,9,0.0002999900003333222
ASN,89,ND2,ASN,89,O,9,0.0002999900003333222
ARG,117,NH2,GLU,120,OE1,9,0.0002999900003333222
SER,193,OG,GLU,190,OE2,9,0.0002999900003333222
GLN,205,NE2,PRO,200,O,9,0.0002999900003333222
ILE,217,N,ASN,214,O,9,0.0002999900003333222
GLY,271,N,PHE,268,O,9,0.0002999900003333222
ARG,280,NH1,PRO,453,O,9,0.0002999900003333222
LYS,288,NZ,LYS,288,O,9,0.0002999900003333222
HIE,346,N,GLN,345,NE2,9,0.0002999900003333222
ARG,459,NE,PHE,460,O,9,0.0002999900003333222
ARG,463,NE,GLN,427,O,9,0.0002999900003333222
ARG,20,NE,ARG,20,O,8,0.0002666577780740642
ARG,29,NH1,SER,26,OG,8,0.0002666577780740642
ARG,45,NH1,GLU,190,OE2,8,0.0002666577780740642
ARG,57,NH1,GLU,58,OE1,8,0.0002666577780740642
SER,68,OG,PHE,67,O,8,0.0002666577780740642
ASN,89,ND2,GLY,69,N,8,0.0002666577780740642
ASN,89,ND2,PHE,87,O,8,0.0002666577780740642
LYS,94,NZ,GLY,90,O,8,0.0002666577780740642
THR,102,OG1,HID,243,NE2,8,0.0002666577780740642
ARG,105,NH2,SER,100,O,8,0.0002666577780740642
ARG,105,NH2,ILE,407,O,8,0.0002666577780740642
SER,132,OG,PHE,460,O,8,0.0002666577780740642
ARG,159,NH2,HIE,161,ND1,8,0.0002666577780740642
GLN,187,NE2,GLN,187,O,8,0.0002666577780740642
SER,193,OG,GLU,190,OE1,8,0.0002666577780740642
LYS,208,N,GLN,205,O,8,0.0002666577780740642
ARG,225,NH1,GLU,222,O,8,0.0002666577780740642
THR,227,OG1,THR,227,O,8,0.0002666577780740642
ALA,232,N,ASP,229,OD2,8,0.0002666577780740642
GLU,254,N,GLU,247,OE1,8,0.0002666577780740642
GLN,258,NE2,HIE,257,NE2,8,0.0002666577780740642
TYR,281,N,THR,278,O,8,0.0002666577780740642
ARG,295,NH1,GLN,302,OE1,8,0.0002666577780740642
SER,348,OG,THR,347,O,8,0.0002666577780740642
ARG,350,NE,GLU,54,OE1,8,0.0002666577780740642
LYS,356,NZ,GLN,345,NE2,8,0.0002666577780740642
THR,358,N,LYS,356,O,8,0.0002666577780740642
ALA,391,N,ASN,389,ND2,8,0.0002666577780740642
ALA,391,N,ASN,389,O,8,0.0002666577780740642
SER,402,OG,HM1,464,O2A,8,0.0002666577780740642
LYS,405,NZ,SER,68,OG,8,0.0002666577780740642
THR,455,OG1,GLN,445,NE2,8,0.0002666577780740642
GLN,457,N,GLN,457,OE1,8,0.0002666577780740642
ARG,7,NE,PRO,8,O,7,0.00023332555581480617
LEU,16,N,ASN,14,O,7,0.00023332555581480617
ARG,31,NH1,THR,366,O,7,0.00023332555581480617
LYS,63,N,ALA,59,O,7,0.00023332555581480617
SER,68,OG,ILE,342,O,7,0.00023332555581480617
GLY,71,N,ARG,70,NE,7,0.00023332555581480617
ARG,81,NH1,ASP,77,OD1,7,0.00023332555581480617
ASN,91,ND2,HIE,252,ND1,7,0.00023332555581480617
ARG,112,NE,GLU,116,O,7,0.00023332555581480617
PHE,141,N,ASP,138,O,7,0.00023332555581480617
ILE,146,N,PHE,143,O,7,0.00023332555581480617
GLN,163,NE2,HIE,161,NE2,7,0.00023332555581480617
SER,179,N,GLN,176,O,7,0.00023332555581480617
LYS,208,NZ,ARG,204,O,7,0.00023332555581480617
ARG,225,NE,LYS,223,O,7,0.00023332555581480617
THR,227,OG1,LEU,228,O,7,0.00023332555581480617
TYR,240,OH,SER,256,N,7,0.00023332555581480617
LYS,246,NZ,ASN,250,OD1,7,0.00023332555581480617
SER,249,OG,GLU,247,O,7,0.00023332555581480617
SER,256,OG,GLN,258,NE2,7,0.00023332555581480617
HIE,257,NE2,ASN,261,OD1,7,0.00023332555581480617
SER,266,OG,SER,266,O,7,0.00023332555581480617
ARG,280,NH2,PRO,453,O,7,0.00023332555581480617
ARG,280,NH2,PRO,454,O,7,0.00023332555581480617
ARG,298,NE,ARG,295,O,7,0.00023332555581480617
HID,341,ND1,PRO,340,O,7,0.00023332555581480617
PHE,349,N,THR,347,O,7,0.00023332555581480617
HIE,372,NE2,ASP,370,OD1,7,0.00023332555581480617
ALA,379,N,ASP,378,OD1,7,0.00023332555581480617
GLY,412,N,GLU,411,OE1,7,0.00023332555581480617
LEU,420,N,GLU,417,O,7,0.00023332555581480617
THR,443,N,ASP,441,O,7,0.00023332555581480617
ARG,459,NH2,SER,433,O,7,0.00023332555581480617
ARG,1,NH2,HIE,346,ND1,6,0.00019999333355554815
ARG,20,NH2,LEU,16,O,6,0.00019999333355554815
ARG,21,N,ASP,19,O,6,0.00019999333355554815
ARG,31,NH1,ARG,31,O,6,0.00019999333355554815
THR,39,OG1,VAL,47,O,6,0.00019999333355554815
ILE,56,N,VAL,53,O,6,0.00019999333355554815
ARG,70,NH1,HM1,464,O2D,6,0.00019999333355554815
GLY,82,N,PHE,80,O,6,0.00019999333355554815
LYS,94,N,ASN,91,O,6,0.00019999333355554815
ARG,98,NH1,ASP,106,OD2,6,0.00019999333355554815
LYS,111,NZ,SER,153,OG,6,0.00019999333355554815
ARG,117,NH1,SER,153,O,6,0.00019999333355554815
GLN,119,NE2,GLU,116,OE2,6,0.00019999333355554815
LYS,133,NZ,LYS,133,O,6,0.00019999333355554815
ARG,159,NH2,GLU,120,O,6,0.00019999333355554815
GLN,165,NE2,ASP,164,OD2,6,0.00019999333355554815
GLN,187,NE2,ARG,21,O,6,0.00019999333355554815
THR,227,OG1,ASP,238,OD2,6,0.00019999333355554815
SER,231,OG,ASP,238,OD2,6,0.00019999333355554815
ALA,232,N,ASP,229,OD1,6,0.00019999333355554815
THR,278,N,THR,275,O,6,0.00019999333355554815
ARG,298,NE,ARG,298,O,6,0.00019999333355554815
ARG,298,NE,GLN,302,OE1,6,0.00019999333355554815
GLN,302,NE2,ARG,298,NH1,6,0.00019999333355554815
TYR,326,OH,THR,395,OG1,6,0.00019999333355554815
ARG,330,NH2,GLU,327,OE2,6,0.00019999333355554815
ARG,350,NE,GLU,54,O,6,0.00019999333355554815
ARG,406,NH1,ALA,59,O,6,0.00019999333355554815
ARG,406,NH2,SER,68,N,6,0.00019999333355554815
ALA,414,N,GLU,411,O,6,0.00019999333355554815
ASN,428,ND2,ASN,428,O,6,0.00019999333355554815
GLN,445,NE2,THR,455,N,6,0.00019999333355554815
VAL,449,N,GLY,450,O,6,0.00019999333355554815
ARG,45,NH1,GLU,190,OE1,5,0.00016666111129629013
GLY,69,N,HM1,464,O2A,5,0.00016666111129629013
ASN,89,ND2,ARG,70,N,5,0.00016666111129629013
GLY,90,N,ASN,89,ND2,5,0.00016666111129629013
ARG,105,NH2,THR,102,OG1,5,0.00016666111129629013
ARG,112,NH1,GLY,110,O,5,0.00016666111129629013
GLN,119,NE2,GLU,116,OE1,5,0.00016666111129629013
LYS,158,NZ,GLU,166,OE1,5,0.00016666111129629013
LYS,158,NZ,GLU,166,OE2,5,0.00016666111129629013
TYR,162,N,HIE,161,NE2,5,0.00016666111129629013
GLN,165,N,ASP,164,OD2,5,0.00016666111129629013
GLN,165,NE2,TYR,162,O,5,0.00016666111129629013
GLN,165,NE2,ASN,172,OD1,5,0.00016666111129629013
GLU,166,N,GLN,165,NE2,5,0.00016666111129629013
TYR,175,N,GLN,144,NE2,5,0.00016666111129629013
TYR,175,OH,GLN,445,NE2,5,0.00016666111129629013
ILE,181,N,PHE,178,O,5,0.00016666111129629013
VAL,206,N,HIE,203,O,5,0.00016666111129629013
LYS,223,NZ,HIE,219,NE2,5,0.00016666111129629013
HIP,224,N,GLU,222,O,5,0.00016666111129629013
HIP,224,ND1,THR,227,OG1,5,0.00016666111129629013
TYR,240,OH,LEU,260,N,5,0.00016666111129629013
GLU,254,N,ASN,91,ND2,5,0.00016666111129629013
ASN,259,ND2,SER,256,O,5,0.00016666111129629013
THR,272,N,ALA,270,O,5,0.00016666111129629013
ARG,280,NH1,GLN,445,OE1,5,0.00016666111129629013
ARG,295,NH2,GLN,302,OE1,5,0.00016666111129629013
ARG,298,NH1,GLN,302,NE2,5,0.00016666111129629013
LYS,317,N,HIE,313,O,5,0.00016666111129629013
THR,344,N,SER,68,O,5,0.00016666111129629013
HIE,346,N,HIE,346,ND1,5,0.00016666111129629013
ARG,350,NE,GLU,54,OE2,5,0.00016666111129629013
ALA,379,N,ASP,378,OD2,5,0.00016666111129629013
LYS,393,N,ALA,391,O,5,0.00016666111129629013
ALA,397,N,THR,395,O,5,0.00016666111129629013
ARG,406,NH1,TRP,93,NE1,5,0.00016666111129629013
THR,455,OG1,ASP,138,OD2,5,0.00016666111129629013
GLN,457,NE2,SER,433,OG,5,0.00016666111129629013
ARG,459,NE,SER,433,O,5,0.00016666111129629013
ARG,463,NH2,SER,430,OG,5,0.00016666111129629013
GLN,17,N,LEU,15,O,4,0.0001333288890370321
ARG,29,NE,GLN,17,O,4,0.0001333288890370321
ARG,29,NE,LYS,25,O,4,0.0001333288890370321
LYS,33,NZ,LYS,33,O,4,0.0001333288890370321
ASP,36,N,ARG,350,NH2,4,0.0001333288890370321
VAL,61,N,ILE,56,O,4,0.0001333288890370321
LYS,72,NZ,ALA,88,O,4,0.0001333288890370321
ARG,81,NE,ASP,77,OD2,4,0.0001333288890370321
VAL,95,N,ARG,92,O,4,0.0001333288890370321
ARG,98,NH1,ARG,98,O,4,0.0001333288890370321
ARG,105,N,THR,103,O,4,0.0001333288890370321
ARG,105,NH1,GLY,412,O,4,0.0001333288890370321
GLY,110,N,PHE,107,O,4,0.0001333288890370321
LYS,111,NZ,GLY,157,O,4,0.0001333288890370321
GLN,123,NE2,ASN,428,OD1,4,0.0001333288890370321
SER,132,OG,ALA,135,O,4,0.0001333288890370321
SER,145,OG,TYR,162,O,4,0.0001333288890370321
PHE,156,N,ILE,151,O,4,0.0001333288890370321
GLY,157,N,SER,153,O,4,0.0001333288890370321
ARG,159,NH2,TYR,162,OH,4,0.0001333288890370321
GLN,163,N,HIE,161,NE2,4,0.0001333288890370321
ASN,209,ND2,ASN,209,O,4,0.0001333288890370321
HIP,224,ND1,LYS,223,O,4,0.0001333288890370321
THR,239,N,LEU,236,O,4,0.0001333288890370321
TYR,240,OH,GLU,254,O,4,0.0001333288890370321
LYS,248,NZ,SER,249,OG,4,0.0001333288890370321
SER,256,N,SER,253,OG,4,0.0001333288890370321
THR,264,N,ASN,259,O,4,0.0001333288890370321
SER,276,OG,GLN,144,OE1,4,0.0001333288890370321
TYR,281,OH,ILE,452,O,4,0.0001333288890370321
ARG,295,NH2,VAL,292,N,4,0.0001333288890370321
ARG,298,N,ARG,295,O,4,0.0001333288890370321
HIE,307,NE2,ASN,428,OD1,4,0.0001333288890370321
ARG,315,NH2,LEU,312,O,4,0.0001333288890370321
TYR,320,OH,VAL,292,O,4,0.0001333288890370321
GLU,322,N,PRO,319,O,4,0.0001333288890370321
TYR,326,OH,ARG,415,NH1,4,0.0001333288890370321
HID,341,ND1,GLY,69,O,4,0.0001333288890370321
ARG,350,NH1,ARG,350,O,4,0.0001333288890370321
HIE,372,N,PHE,374,O,4,0.0001333288890370321
THR,395,OG1,TYR,373,OH,4,0.0001333288890370321
ALA,397,N,GLU,396,OE2,4,0.0001333288890370321
ARG,406,N,LEU,60,O,4,0.0001333288890370321
SER,430,OG,MET,431,O,4,0.0001333288890370321
SER,430,OG,ARG,463,NH2,4,0.0001333288890370321
TYR,456,OH,PHE,283,O,4,0.0001333288890370321
TYR,456,OH,LEU,284,N,4,0.0001333288890370321
ARG,459,NH2,LYS,133,O,4,0.0001333288890370321
LEU,461,N,ARG,459,O,4,0.0001333288890370321
ARG,7,NH2,PRO,8,O,3,9.999666677777408e-05
GLN,17,NE2,ARG,7,N,3,9.999666677777408e-05
ARG,20,N,ARG,20,NH1,3,9.999666677777408e-05
LYS,33,NZ,GLU,32,O,3,9.999666677777408e-05
TYR,34,OH,GLY,5,O,3,9.999666677777408e-05
ARG,45,NE,GLU,190,OE2,3,9.999666677777408e-05
ARG,57,NH1,VAL,53,O,3,9.999666677777408e-05
ARG,81,N,PHE,79,O,3,9.999666677777408e-05
ARG,81,NE,ASP,77,OD1,3,9.999666677777408e-05
ARG,81,NH1,TYR,83,OH,3,9.999666677777408e-05
ASN,89,N,ARG,92,NH1,3,9.999666677777408e-05
ASN,91,N,ASN,89,OD1,3,9.999666677777408e-05
ASN,91,ND2,SER,253,OG,3,9.999666677777408e-05
ARG,92,NH2,TYR,83,OH,3,9.999666677777408e-05
LYS,94,NZ,SER,68,OG,3,9.999666677777408e-05
ARG,98,NE,LYS,94,O,3,9.999666677777408e-05
ARG,105,NH2,GLY,412,O,3,9.999666677777408e-05
GLY,108,N,THR,102,O,3,9.999666677777408e-05
GLY,108,N,THR,103,O,3,9.999666677777408e-05
LYS,111,NZ,ASP,235,O,3,9.999666677777408e-05
ARG,112,NE,GLU,120,OE2,3,9.999666677777408e-05
GLN,119,NE2,GLN,123,OE1,3,9.999666677777408e-05
GLN,123,NE2,ARG,130,NH2,3,9.999666677777408e-05
ARG,130,NH1,GLN,123,NE2,3,9.999666677777408e-05
ARG,130,NH1,ARG,463,O,3,9.999666677777408e-05
SER,132,N,ARG,130,O,3,9.999666677777408e-05
ARG,159,NH2,ARG,117,O,3,9.999666677777408e-05
TYR,162,OH,LEU,125,N,3,9.999666677777408e-05
SER,179,OG,TYR,175,OH,3,9.999666677777408e-05
SER,179,OG,GLN,176,OE1,3,9.999666677777408e-05
GLN,187,NE2,VAL,184,O,3,9.999666677777408e-05
SER,193,OG,SER,193,O,3,9.999666677777408e-05
GLY,194,N,PHE,192,O,3,9.999666677777408e-05
ARG,204,NH2,PHE,199,O,3,9.999666677777408e-05
ARG,204,NH2,GLN,205,OE1,3,9.999666677777408e-05
GLN,205,NE2,GLN,176,NE2,3,9.999666677777408e-05
GLY,218,N,ALA,215,O,3,9.999666677777408e-05
LYS,223,NZ,GLU,222,OE1,3,9.999666677777408e-05
HIP,224,NE2,PHE,156,O,3,9.999666677777408e-05
ARG,225,NE,VAL,221,O,3,9.999666677777408e-05
THR,227,OG1,ASP,229,OD2,3,9.999666677777408e-05
LYS,246,NZ,HID,243,ND1,3,9.999666677777408e-05
HIE,252,N,HIE,252,ND1,3,9.999666677777408e-05
SER,253,N,HIE,252,NE2,3,9.999666677777408e-05
PHE,255,N,GLU,247,OE2,3,9.999666677777408e-05
HIE,257,NE2,GLY,218,O,3,9.999666677777408e-05
LEU,262,N,ASN,259,O,3,9.999666677777408e-05
PHE,269,N,SER,266,O,3,9.999666677777408e-05
SER,276,OG,GLU,273,O,3,9.999666677777408e-05
LEU,279,N,SER,276,O,3,9.999666677777408e-05
ARG,280,NH1,GLN,445,NE2,3,9.999666677777408e-05
LEU,285,N,GLY,282,O,3,9.999666677777408e-05
ARG,298,NH2,ARG,295,O,3,9.999666677777408e-05
GLN,302,NE2,GLU,301,O,3,9.999666677777408e-05
GLY,305,N,GLU,301,O,3,9.999666677777408e-05
HIE,307,N,ILE,304,O,3,9.999666677777408e-05
GLU,311,N,ARG,308,NH1,3,9.999666677777408e-05
HIE,313,N,HIE,313,ND1,3,9.999666677777408e-05
ASP,314,N,HIE,313,ND1,3,9.999666677777408e-05
ALA,323,N,TYR,320,O,3,9.999666677777408e-05
PHE,331,N,ILE,328,O,3,9.999666677777408e-05
SER,332,N,ARG,330,O,3,9.999666677777408e-05
GLN,345,NE2,ALA,66,N,3,9.999666677777408e-05
ALA,397,N,GLU,396,OE1,3,9.999666677777408e-05
GLY,412,N,ARG,105,NH2,3,9.999666677777408e-05
SER,430,N,PRO,462,O,3,9.999666677777408e-05
GLN,445,NE2,THR,443,O,3,9.999666677777408e-05
CYS,447,N,GLU,446,OE2,3,9.999666677777408e-05
ARG,463,NH2,ALA,293,O,3,9.999666677777408e-05
ARG,1,N,ILE,353,N,2,6.666444451851606e-05
ARG,1,NH1,HIE,346,ND1,2,6.666444451851606e-05
ARG,7,NE,ARG,7,O,2,6.666444451851606e-05
ARG,7,NH1,GLN,17,OE1,2,6.666444451851606e-05
GLY,13,N,LEU,11,O,2,6.666444451851606e-05
GLN,17,NE2,GLN,17,O,2,6.666444451851606e-05
ASP,19,N,GLY,22,O,2,6.666444451851606e-05
ARG,20,N,ASP,19,OD1,2,6.666444451851606e-05
LEU,24,N,GLN,187,NE2,2,6.666444451851606e-05
LYS,25,NZ,ARG,21,NH1,2,6.666444451851606e-05
LYS,25,NZ,CYS,447,O,2,6.666444451851606e-05
SER,26,OG,ASP,19,O,2,6.666444451851606e-05
ARG,29,NE,ARG,21,NH2,2,6.666444451851606e-05
HIE,41,NE2,PRO,44,O,2,6.666444451851606e-05
ARG,45,NE,GLU,190,OE1,2,6.666444451851606e-05
ARG,45,NH2,GLU,359,OE1,2,6.666444451851606e-05
GLY,52,N,ILE,363,O,2,6.666444451851606e-05
ALA,55,N,VAL,53,O,2,6.666444451851606e-05
GLU,58,N,VAL,53,O,2,6.666444451851606e-05
ALA,64,N,LEU,60,O,2,6.666444451851606e-05
ARG,70,NE,PRO,340,N,2,6.666444451851606e-05
ARG,81,NH1,ASN,214,OD1,2,6.666444451851606e-05
ARG,81,NH2,TYR,83,OH,2,6.666444451851606e-05
TYR,83,OH,GLN,258,NE2,2,6.666444451851606e-05
ASN,91,ND2,HIE,252,NE2,2,6.666444451851606e-05
ARG,97,NH2,CM1,408,O,2,6.666444451851606e-05
ARG,98,NE,HID,243,NE2,2,6.666444451851606e-05
ARG,98,NH2,THR,103,OG1,2,6.666444451851606e-05
VAL,101,N,PHE,99,O,2,6.666444451851606e-05
THR,102,OG1,VAL,101,O,2,6.666444451851606e-05
THR,102,OG1,ARG,105,NH2,2,6.666444451851606e-05
ARG,105,NE,ASP,106,N,2,6.666444451851606e-05
ARG,105,NH1,MET,104,O,2,6.666444451851606e-05
ASP,106,N,MET,104,O,2,6.666444451851606e-05
ARG,112,NH1,GLU,116,O,2,6.666444451851606e-05
ARG,112,NH1,ARG,117,NH1,2,6.666444451851606e-05
GLU,116,N,GLU,116,OE2,2,6.666444451851606e-05
ARG,117,NE,GLU,120,OE2,2,6.666444451851606e-05
ALA,122,N,GLN,119,O,2,6.666444451851606e-05
ARG,130,NH2,ARG,463,O,2,6.666444451851606e-05
LYS,131,NZ,GLU,128,O,2,6.666444451851606e-05
LYS,131,NZ,SER,132,OG,2,6.666444451851606e-05
GLN,144,NE2,TYR,175,N,2,6.666444451851606e-05
THR,147,OG1,ALA,148,N,2,6.666444451851606e-05
SER,153,OG,SER,153,O,2,6.666444451851606e-05
SER,153,OG,GLY,157,O,2,6.666444451851606e-05
LYS,158,NZ,LYS,158,O,2,6.666444451851606e-05
GLN,163,N,GLN,163,NE2,2,6.666444451851606e-05
ASP,164,N,TYR,162,O,2,6.666444451851606e-05
GLN,165,N,ASP,164,OD1,2,6.666444451851606e-05
GLU,166,N,GLN,165,OE1,2,6.666444451851606e-05
TYR,175,N,ASN,172,O,2,6.666444451851606e-05
GLN,176,NE2,LEU,173,N,2,6.666444451851606e-05
GLN,176,NE2,TYR,175,OH,2,6.666444451851606e-05
THR,177,N,TYR,175,O,2,6.666444451851606e-05
SER,183,N,ILE,181,O,2,6.666444451851606e-05
GLN,187,NE2,VAL,449,N,2,6.666444451851606e-05
SER,193,OG,ALA,74,O,2,6.666444451851606e-05
LYS,197,NZ,SER,193,OG,2,6.666444451851606e-05
TYR,207,OH,ARG,81,NH2,2,6.666444451851606e-05
LYS,208,NZ,GLN,211,NE2,2,6.666444451851606e-05
ASN,209,ND2,THR,177,N,2,6.666444451851606e-05
LYS,223,NZ,SER,220,OG,2,6.666444451851606e-05
LYS,223,NZ,GLU,226,O,2,6.666444451851606e-05
HIP,224,ND1,VAL,221,O,2,6.666444451851606e-05
ARG,225,NH1,VAL,221,O,2,6.666444451851606e-05
THR,227,OG1,ASP,229,OD1,2,6.666444451851606e-05
SER,231,OG,ASP,238,OD1,2,6.666444451851606e-05
TYR,240,OH,HIE,257,NE2,2,6.666444451851606e-05
HID,243,ND1,TYR,240,O,2,6.666444451851606e-05
GLU,247,N,GLU,245,O,2,6.666444451851606e-05
ALA,251,N,SER,249,O,2,6.666444451851606e-05
HIE,252,N,ASN,250,O,2,6.666444451851606e-05
HIE,252,NE2,GLN,258,OE1,2,6.666444451851606e-05
SER,253,OG,HIE,252,O,2,6.666444451851606e-05
SER,256,OG,SER,253,OG,2,6.666444451851606e-05
SER,256,OG,PHE,255,O,2,6.666444451851606e-05
GLN,258,NE2,HIE,257,O,2,6.666444451851606e-05
ASN,259,N,GLN,258,NE2,2,6.666444451851606e-05
ASN,259,ND2,ARG,92,NH2,2,6.666444451851606e-05
THR,264,N,ASN,261,O,2,6.666444451851606e-05
GLY,271,N,SER,266,O,2,6.666444451851606e-05
THR,275,N,THR,272,O,2,6.666444451851606e-05
ARG,280,NH2,ASP,138,OD1,2,6.666444451851606e-05
ARG,280,NH2,THR,140,OG1,2,6.666444451851606e-05
ARG,295,NE,ARG,298,NH2,2,6.666444451851606e-05
ARG,295,NH2,TYR,320,OH,2,6.666444451851606e-05
ILE,304,N,GLU,299,O,2,6.666444451851606e-05
ARG,308,N,PRO,306,O,2,6.666444451851606e-05
ARG,308,NE,GLU,311,OE1,2,6.666444451851606e-05
ARG,315,NH2,ARG,415,NH2,2,6.666444451851606e-05
LYS,317,NZ,GLN,302,OE1,2,6.666444451851606e-05
TYR,320,OH,ARG,295,NH1,2,6.666444451851606e-05
TYR,326,OH,ARG,415,NH2,2,6.666444451851606e-05
GLN,345,NE2,SER,68,OG,2,6.666444451851606e-05
LYS,356,NZ,HIE,346,ND1,2,6.666444451851606e-05
THR,366,OG1,CYS,51,O,2,6.666444451851606e-05
ASN,381,ND2,GLU,375,O,2,6.666444451851606e-05
ASP,383,N,ASP,383,OD1,2,6.666444451851606e-05
LYS,394,N,TYR,373,OH,2,6.666444451851606e-05
LYS,394,NZ,LEU,392,O,2,6.666444451851606e-05
SER,402,N,PRO,400,O,2,6.666444451851606e-05
LEU,403,N,ARG,406,O,2,6.666444451851606e-05
LYS,405,NZ,LYS,405,O,2,6.666444451851606e-05
ARG,406,NH2,LYS,405,O,2,6.666444451851606e-05
ILE,407,N,LEU,403,O,2,6.666444451851606e-05
GLU,411,N,LEU,409,O,2,6.666444451851606e-05
ILE,413,N,GLU,411,O,2,6.666444451851606e-05
ALA,414,N,LEU,409,O,2,6.666444451851606e-05
LEU,418,N,ARG,415,O,2,6.666444451851606e-05
PHE,421,N,LEU,418,O,2,6.666444451851606e-05
THR,423,N,LEU,420,O,2,6.666444451851606e-05
SER,430,OG,PHE,429,O,2,6.666444451851606e-05
CYS,447,N,SER,182,O,2,6.666444451851606e-05
THR,455,OG1,ASP,138,OD1,2,6.666444451851606e-05
GLN,457,NE2,THR,455,OG1,2,6.666444451851606e-05
GLN,457,NE2,GLN,457,N,2,6.666444451851606e-05
PHE,460,N,ALA,135,O,2,6.666444451851606e-05
ARG,1,N,ARG,1,NE,1,3.333222225925803e-05
ARG,1,N,LEU,2,O,1,3.333222225925803e-05
ARG,1,NH1,TYR,352,OH,1,3.333222225925803e-05
ARG,1,NH2,HIE,346,NE2,1,3.333222225925803e-05
ARG,1,NH2,ARG,350,O,1,3.333222225925803e-05
ARG,7,NH2,GLN,17,OE1,1,3.333222225925803e-05
LEU,9,N,GLY,13,N,1,3.333222225925803e-05
LEU,11,N,LEU,9,O,1,3.333222225925803e-05
ASN,14,ND2,PRO,8,N,1,3.333222225925803e-05
GLN,17,NE2,TYR,34,OH,1,3.333222225925803e-05
MET,18,N,LEU,16,O,1,3.333222225925803e-05
ARG,20,N,ASP,19,OD2,1,3.333222225925803e-05
ARG,21,NH2,ARG,29,NH1,1,3.333222225925803e-05
LYS,25,NZ,GLY,22,O,1,3.333222225925803e-05
ARG,29,NE,LEU,28,O,1,3.333222225925803e-05
ARG,29,NH1,LEU,28,O,1,3.333222225925803e-05
ARG,29,NH2,MET,18,O,1,3.333222225925803e-05
ARG,29,NH2,ARG,21,NH2,1,3.333222225925803e-05
ARG,31,NE,CYS,51,O,1,3.333222225925803e-05
ARG,31,NH1,GLY,35,O,1,3.333222225925803e-05
ARG,31,NH2,THR,366,O,1,3.333222225925803e-05
TYR,34,OH,PRO,6,N,1,3.333222225925803e-05
VAL,37,N,ASP,36,OD1,1,3.333222225925803e-05
THR,39,OG1,PRO,3,N,1,3.333222225925803e-05
ARG,45,NE,GLU,190,O,1,3.333222225925803e-05
ARG,45,NH2,LYS,72,O,1,3.333222225925803e-05
ARG,57,N,GLU,54,O,1,3.333222225925803e-05
ARG,57,NH2,ALA,397,N,1,3.333222225925803e-05
PHE,67,N,GLU,65,O,1,3.333222225925803e-05
SER,68,OG,ASN,89,ND2,1,3.333222225925803e-05
SER,68,OG,GLY,90,N,1,3.333222225925803e-05
SER,68,OG,GLY,90,O,1,3.333222225925803e-05
SER,68,OG,VAL,343,O,1,3.333222225925803e-05
SER,68,OG,GLN,345,OE1,1,3.333222225925803e-05
GLY,69,N,ARG,406,NE,1,3.333222225925803e-05
GLY,69,N,HM1,464,O1A,1,3.333222225925803e-05
ARG,70,NH2,GLY,71,O,1,3.333222225925803e-05
ARG,70,NH2,HID,341,N,1,3.333222225925803e-05
ARG,70,NH2,HID,341,NE2,1,3.333222225925803e-05
LYS,72,NZ,GLY,71,O,1,3.333222225925803e-05
LYS,72,NZ,ASN,89,ND2,1,3.333222225925803e-05
ARG,81,NE,TYR,207,OH,1,3.333222225925803e-05
ARG,81,NH1,ASP,77,O,1,3.333222225925803e-05
ARG,81,NH1,PHE,80,O,1,3.333222225925803e-05
ARG,81,NH2,ASP,77,O,1,3.333222225925803e-05
ASN,89,N,ARG,92,NH2,1,3.333222225925803e-05
ASN,91,ND2,ASN,89,OD1,1,3.333222225925803e-05
ARG,92,N,ASN,89,ND2,1,3.333222225925803e-05
ARG,92,NE,ASN,259,OD1,1,3.333222225925803e-05
ARG,92,NE,ASN,259,ND2,1,3.333222225925803e-05
ARG,92,NH1,ARG,81,O,1,3.333222225925803e-05
ARG,92,NH1,TYR,83,N,1,3.333222225925803e-05
ARG,92,NH2,GLY,82,O,1,3.333222225925803e-05
ARG,97,NE,LYS,405,O,1,3.333222225925803e-05
ARG,97,NH1,ARG,406,NH1,1,3.333222225925803e-05
ARG,98,NH1,ASN,91,OD1,1,3.333222225925803e-05
ARG,98,NH1,GLU,254,OE2,1,3.333222225925803e-05
THR,102,OG1,THR,103,N,1,3.333222225925803e-05
THR,102,OG1,THR,103,OG1,1,3.333222225925803e-05
ARG,105,N,ASP,106,O,1,3.333222225925803e-05
ARG,105,NE,THR,102,O,1,3.333222225925803e-05
ARG,105,NE,CM1,408,O,1,3.333222225925803e-05
ARG,105,NH1,SER,113,OG,1,3.333222225925803e-05
ARG,105,NH2,SER,100,OG,1,3.333222225925803e-05
PHE,107,N,ASP,106,OD1,1,3.333222225925803e-05
ARG,112,NE,GLU,120,OE1,1,3.333222225925803e-05
ARG,112,NH1,SER,153,OG,1,3.333222225925803e-05
ARG,112,NH1,ARG,159,NH1,1,3.333222225925803e-05
ARG,112,NH2,GLU,115,OE1,1,3.333222225925803e-05
VAL,114,N,GLU,115,OE2,1,3.333222225925803e-05
GLU,116,N,GLU,116,OE1,1,3.333222225925803e-05
ARG,117,NE,GLU,120,OE1,1,3.333222225925803e-05
ARG,117,NH1,GLY,157,O,1,3.333222225925803e-05
ARG,117,NH2,VAL,114,N,1,3.333222225925803e-05
ARG,117,NH2,GLU,120,OE2,1,3.333222225925803e-05
GLN,119,NE2,GLN,123,NE2,1,3.333222225925803e-05
GLN,119,NE2,PRO,309,O,1,3.333222225925803e-05
GLN,123,NE2,GLN,123,N,1,3.333222225925803e-05
ARG,130,NE,ILE,126,O,1,3.333222225925803e-05
ARG,130,NH2,ASN,428,O,1,3.333222225925803e-05
LYS,133,NZ,LEU,136,O,1,3.333222225925803e-05
THR,140,N,ASP,138,O,1,3.333222225925803e-05
GLN,144,NE2,SER,276,OG,1,3.333222225925803e-05
CYS,152,N,ASN,149,O,1,3.333222225925803e-05
SER,153,OG,LYS,158,O,1,3.333222225925803e-05
ILE,154,N,CYS,152,O,1,3.333222225925803e-05
GLY,157,N,VAL,155,N,1,3.333222225925803e-05
ARG,159,NE,HIE,161,ND1,1,3.333222225925803e-05
HIE,161,N,HIE,161,ND1,1,3.333222225925803e-05
HIE,161,NE2,ASP,164,OD1,1,3.333222225925803e-05
GLN,163,NE2,HIE,161,O,1,3.333222225925803e-05
GLN,163,NE2,ASP,164,N,1,3.333222225925803e-05
GLN,163,NE2,GLN,165,OE1,1,3.333222225925803e-05
GLN,163,NE2,GLN,165,NE2,1,3.333222225925803e-05
ASP,164,N,HIE,161,ND1,1,3.333222225925803e-05
GLN,165,N,TYR,162,O,1,3.333222225925803e-05
GLN,165,NE2,GLN,163,NE2,1,3.333222225925803e-05
PHE,167,N,GLN,165,O,1,3.333222225925803e-05
LEU,168,N,GLN,165,O,1,3.333222225925803e-05
TYR,175,OH,THR,140,OG1,1,3.333222225925803e-05
GLN,176,N,LEU,173,O,1,3.333222225925803e-05
THR,177,OG1,ASN,209,OD1,1,3.333222225925803e-05
SER,183,OG,SER,179,O,1,3.333222225925803e-05
GLN,187,NE2,SER,183,N,1,3.333222225925803e-05
SER,193,OG,ARG,45,NH1,1,3.333222225925803e-05
SER,193,OG,ARG,45,NH2,1,3.333222225925803e-05
LYS,197,NZ,ASP,77,O,1,3.333222225925803e-05
TYR,198,N,LEU,196,O,1,3.333222225925803e-05
PHE,199,N,PHE,195,O,1,3.333222225925803e-05
ARG,204,NE,TYR,198,O,1,3.333222225925803e-05
ARG,204,NE,HIE,203,NE2,1,3.333222225925803e-05
ARG,204,NH1,ARG,204,O,1,3.333222225925803e-05
ARG,204,NH2,LEU,196,O,1,3.333222225925803e-05
GLN,205,N,GLN,205,OE1,1,3.333222225925803e-05
GLN,205,N,GLN,205,NE2,1,3.333222225925803e-05
TYR,207,OH,ALA,74,O,1,3.333222225925803e-05
TYR,207,OH,ARG,81,NH1,1,3.333222225925803e-05
TYR,207,OH,TYR,198,OH,1,3.333222225925803e-05
ASN,209,ND2,VAL,206,O,1,3.333222225925803e-05
TYR,216,OH,PHE,167,N,1,3.333222225925803e-05
HIE,219,NE2,GLU,166,OE2,1,3.333222225925803e-05
SER,220,OG,TYR,216,OH,1,3.333222225925803e-05
LYS,223,NZ,LYS,223,O,1,3.333222225925803e-05
ARG,225,NE,HIE,257,ND1,1,3.333222225925803e-05
ARG,225,NH1,ARG,225,O,1,3.333222225925803e-05
ARG,225,NH2,HIP,224,O,1,3.333222225925803e-05
THR,227,N,GLU,222,O,1,3.333222225925803e-05
THR,227,OG1,ASP,229,O,1,3.333222225925803e-05
LYS,234,NZ,HIP,224,NE2,1,3.333222225925803e-05
LYS,234,NZ,HIP,224,O,1,3.333222225925803e-05
THR,239,OG1,LEU,236,O,1,3.333222225925803e-05
TYR,240,OH,ASN,259,ND2,1,3.333222225925803e-05
HID,243,ND1,ASP,106,OD1,1,3.333222225925803e-05
HID,243,ND1,GLU,247,OE1,1,3.333222225925803e-05
HID,243,ND1,GLU,247,OE2,1,3.333222225925803e-05
GLU,245,N,HID,243,O,1,3.333222225925803e-05
SER,249,OG,LYS,248,O,1,3.333222225925803e-05
SER,249,OG,SER,249,O,1,3.333222225925803e-05
SER,249,OG,ASN,250,ND2,1,3.333222225925803e-05
ALA,251,N,ASN,250,ND2,1,3.333222225925803e-05
ALA,251,N,HIE,252,ND1,1,3.333222225925803e-05
SER,253,OG,SER,256,OG,1,3.333222225925803e-05
PHE,255,N,GLU,247,O,1,3.333222225925803e-05
SER,256,N,ASN,259,ND2,1,3.333222225925803e-05
HIE,257,NE2,ARG,225,NH1,1,3.333222225925803e-05
HIE,257,NE2,GLN,258,NE2,1,3.333222225925803e-05
GLN,258,NE2,ARG,81,NE,1,3.333222225925803e-05
GLN,258,NE2,ASN,259,N,1,3.333222225925803e-05
ASN,261,ND2,GLN,258,NE2,1,3.333222225925803e-05
ASN,263,N,LEU,260,O,1,3.333222225925803e-05
ASN,263,ND2,LEU,96,O,1,3.333222225925803e-05
THR,275,OG1,THR,147,OG1,1,3.333222225925803e-05
SER,276,N,GLY,271,O,1,3.333222225925803e-05
SER,276,OG,THR,147,OG1,1,3.333222225925803e-05
SER,276,OG,GLU,273,N,1,3.333222225925803e-05
THR,277,OG1,GLU,273,OE1,1,3.333222225925803e-05
THR,278,OG1,THR,275,O,1,3.333222225925803e-05
ARG,280,NE,ASP,138,OD2,1,3.333222225925803e-05
ARG,280,NH1,GLU,273,OE2,1,3.333222225925803e-05
TYR,289,OH,PHE,380,O,1,3.333222225925803e-05
HIE,291,NE2,ARG,295,NH2,1,3.333222225925803e-05
ARG,295,NH1,GLU,294,OE1,1,3.333222225925803e-05
ARG,295,NH1,ASP,383,OD2,1,3.333222225925803e-05
TYR,297,N,GLU,294,O,1,3.333222225925803e-05
TYR,297,OH,GLN,427,O,1,3.333222225925803e-05
ARG,298,NE,GLN,302,NE2,1,3.333222225925803e-05
ILE,300,N,TYR,297,O,1,3.333222225925803e-05
GLN,302,N,ILE,300,O,1,3.333222225925803e-05
GLN,302,NE2,ARG,298,NH2,1,3.333222225925803e-05
GLN,302,NE2,GLU,299,OE2,1,3.333222225925803e-05
ARG,308,NH1,GLU,311,N,1,3.333222225925803e-05
GLU,311,N,ARG,308,NH2,1,3.333222225925803e-05
LEU,312,N,GLN,119,OE1,1,3.333222225925803e-05
HIE,313,N,GLU,311,O,1,3.333222225925803e-05
ARG,315,NH1,ALA,414,O,1,3.333222225925803e-05
LYS,317,N,ARG,315,O,1,3.333222225925803e-05
THR,321,N,GLU,299,OE2,1,3.333222225925803e-05
VAL,324,N,THR,321,O,1,3.333222225925803e-05
GLU,327,N,VAL,324,O,1,3.333222225925803e-05
ILE,328,N,ILE,325,O,1,3.333222225925803e-05
ARG,330,NH1,ASP,378,O,1,3.333222225925803e-05
ARG,330,NH2,ALA,379,O,1,3.333222225925803e-05
GLY,338,N,PRO,336,O,1,3.333222225925803e-05
GLY,338,N,VAL,449,O,1,3.333222225925803e-05
GLN,345,NE2,HIE,346,ND1,1,3.333222225925803e-05
THR,347,OG1,GLN,345,NE2,1,3.333222225925803e-05
THR,347,OG1,THR,347,O,1,3.333222225925803e-05
ARG,350,NE,ARG,350,O,1,3.333222225925803e-05
ARG,350,NH1,CYS,51,O,1,3.333222225925803e-05
TYR,352,OH,ARG,1,NH1,1,3.333222225925803e-05
LEU,362,N,VAL,339,O,1,3.333222225925803e-05
ALA,367,N,SER,365,O,1,3.333222225925803e-05
HID,369,ND1,PRO,377,O,1,3.333222225925803e-05
TYR,373,N,PRO,371,O,1,3.333222225925803e-05
TYR,373,N,HIE,372,ND1,1,3.333222225925803e-05
LYS,376,NZ,GLU,375,O,1,3.333222225925803e-05
LYS,376,NZ,ASN,381,OD1,1,3.333222225925803e-05
LYS,376,NZ,ASP,383,OD2,1,3.333222225925803e-05
ASP,378,N,LYS,376,O,1,3.333222225925803e-05
ASN,381,ND2,GLU,375,OE2,1,3.333222225925803e-05
ASN,381,ND2,HIP,384,NE2,1,3.333222225925803e-05
ASP,383,N,ASP,383,OD2,1,3.333222225925803e-05
HIP,384,NE2,GLU,375,OE2,1,3.333222225925803e-05
ASP,387,N,LEU,392,N,1,3.333222225925803e-05
LEU,392,N,PRO,319,O,1,3.333222225925803e-05
LYS,393,NZ,TYR,373,OH,1,3.333222225925803e-05
LYS,393,NZ,LEU,392,O,1,3.333222225925803e-05
LYS,394,NZ,GLU,322,OE2,1,3.333222225925803e-05
GLU,396,N,THR,395,OG1,1,3.333222225925803e-05
SER,402,OG,LEU,403,O,1,3.333222225925803e-05
LYS,405,NZ,PHE,67,O,1,3.333222225925803e-05
ARG,406,NH1,ARG,97,NH2,1,3.333222225925803e-05
ARG,406,NH2,HM1,464,O1D,1,3.333222225925803e-05
ILE,407,N,ARG,97,NH1,1,3.333222225925803e-05
ILE,407,N,ARG,97,NH2,1,3.333222225925803e-05
ARG,415,NH1,ARG,315,NH2,1,3.333222225925803e-05
ARG,415,NH2,GLU,411,O,1,3.333222225925803e-05
GLU,417,N,ALA,414,O,1,3.333222225925803e-05
PHE,422,N,GLU,417,O,1,3.333222225925803e-05
THR,424,OG1,ALA,122,O,1,3.333222225925803e-05
THR,424,OG1,PHE,421,O,1,3.333222225925803e-05
GLN,427,NE2,HIE,307,N,1,3.333222225925803e-05
ASN,428,ND2,PRO,306,O,1,3.333222225925803e-05
SER,430,OG,ARG,463,NH1,1,3.333222225925803e-05
ASP,439,N,PRO,437,O,1,3.333222225925803e-05
CYS,447,N,GLU,446,OE1,1,3.333222225925803e-05
GLY,448,N,SER,182,O,1,3.333222225925803e-05
GLY,450,N,MET,337,O,1,3.333222225925803e-05
GLN,457,NE2,MET,137,N,1,3.333222225925803e-05
ARG,459,NE,LYS,133,O,1,3.333222225925803e-05
ARG,459,NE,ALA,135,O,1,3.333222225925803e-05
ARG,459,NE,LEU,136,N,1,3.333222225925803e-05
ARG,459,NH1,SER,433,O,1,3.333222225925803e-05
ARG,459,NH2,PHE,460,O,1,3.333222225925803e-05
ARG,463,NE,GLU,294,OE1,1,3.333222225925803e-05
ARG,463,NE,SER,430,OG,1,3.333222225925803e-05
ARG,463,NH1,GLN,427,O,1,3.333222225925803e-05
