donor_resname,donor_resid,donor_atom,acceptor_resname,acceptor_resid,acceptor_atom,count,frequency
ARG,330,NH2,GLU,327,OE1,29124,0.9707676410786307
THR,321,OG1,GLU,299,OE1,28971,0.9656678110729643
ASN,381,N,GLU,327,OE1,28619,0.9539348688377054
ILE,151,N,THR,147,O,28603,0.9534015532815573
THR,424,OG1,LEU,420,O,28549,0.9516016132795574
VAL,101,N,ARG,97,O,28296,0.9431685610479651
ARG,330,NE,GLU,327,OE2,28260,0.9419686010466318
VAL,343,N,THR,358,O,28126,0.9375020832638912
VAL,40,N,VAL,47,O,28124,0.9374354188193726
GLU,273,N,PHE,269,O,27989,0.9329355688143729
GLU,301,N,TYR,297,O,27970,0.9323022565914469
PHE,349,N,TYR,352,O,27841,0.9280023999200027
THR,264,OG1,LEU,260,O,27730,0.924302523249225
TYR,456,OH,ARG,280,O,27677,0.9225359154694843
SER,365,N,PRO,336,O,27674,0.9224359188027066
PHE,283,N,LEU,279,O,27471,0.9156694776840772
ILE,217,N,ILE,213,O,27409,0.9136028799040032
ARG,330,NH1,LEU,368,O,27295,0.9098030065664477
GLN,427,NE2,ARG,308,O,27290,0.9096363454551515
ILE,458,N,MET,137,O,27117,0.9038698710042998
PHE,361,N,VAL,48,O,27088,0.9029032365587814
THR,366,OG1,ILE,363,O,27082,0.9027032432252258
VAL,155,N,ILE,151,O,26973,0.8990700309989667
THR,423,OG1,PHE,419,O,26910,0.8969701009966334
HIP,384,N,ASN,381,O,26889,0.8962701243291891
LEU,9,N,GLY,13,O,26850,0.894970167661078
PHE,178,N,PHE,174,O,26825,0.8941368621045965
PHE,331,N,GLU,327,O,26712,0.8903703209893004
LEU,426,N,PHE,422,O,26629,0.887603746541782
LEU,418,N,ALA,414,O,26584,0.8861037965401153
PHE,269,N,LEU,265,O,26495,0.8831372287590413
PHE,385,N,PRO,382,O,26477,0.8825372487583747
SER,182,OG,PHE,178,O,26463,0.8820705976467451
THR,423,N,PHE,419,O,26459,0.8819372687577081
MET,49,N,PHE,38,O,26420,0.8806373120895971
THR,272,OG1,PHE,268,O,26392,0.8797040098663378
ALA,148,N,GLN,144,O,26288,0.8762374587513749
THR,277,OG1,GLU,273,O,26288,0.8762374587513749
ASN,14,N,HIE,41,O,26263,0.8754041531948935
ASN,428,ND2,THR,424,O,26226,0.8741708609713009
HID,341,N,VAL,360,O,26201,0.8733375554148195
SER,430,N,LEU,461,O,26174,0.8724375854138195
LEU,171,N,PHE,167,O,26144,0.8714376187460418
GLY,305,N,ILE,300,O,26143,0.8714042865237825
VAL,48,N,GLU,359,O,26104,0.8701043298556714
THR,177,OG1,LEU,173,O,26034,0.8677710742975234
ASN,261,N,HIE,257,O,25977,0.8658711376287457
VAL,360,N,HID,341,O,25917,0.8638712042931902
ARG,70,NH1,ILE,86,O,25878,0.8625712476250792
ILE,452,N,GLU,446,O,25838,0.8612379587347089
ALA,270,N,SER,266,O,25823,0.86073797540082
THR,278,OG1,THR,274,O,25707,0.8568714376187461
HIE,41,N,ASN,14,OD1,25540,0.85130495650145
ILE,363,N,LEU,50,O,25527,0.8508716376120796
THR,358,OG1,PRO,355,O,25391,0.8463384553848206
LEU,262,N,GLN,258,O,25322,0.8440385320489318
LEU,260,N,SER,256,O,25185,0.8394720175994134
THR,264,N,LEU,260,O,25119,0.8372720909303023
PHE,422,N,LEU,418,O,25117,0.8372054264857838
GLN,176,N,ASN,172,O,25067,0.8355388153728209
ILE,126,N,ALA,122,O,24968,0.8322389253691543
PHE,421,N,GLU,417,O,24869,0.8289390353654879
TYR,175,N,LEU,171,O,24687,0.8228725709143029
THR,102,OG1,ARG,98,O,24678,0.8225725809139696
ILE,300,N,VAL,296,O,24670,0.8223059231358955
GLU,327,N,ALA,323,O,24591,0.8196726775774141
THR,347,OG1,GLN,345,O,24537,0.8178727375754141
ARG,280,N,SER,276,O,24443,0.8147395086830439
LEU,241,N,ILE,237,O,24256,0.8085063831205627
GLN,427,NE2,GLY,305,O,24244,0.8081063964534515
ARG,97,N,TRP,93,O,24186,0.8061731275624145
ALA,122,N,ILE,118,O,24137,0.8045398486717109
MET,137,N,ILE,458,O,24009,0.800273324222526
HIP,224,N,SER,220,O,23997,0.7998733375554148
THR,39,N,PRO,4,O,23952,0.7983733875537482
PHE,99,N,VAL,95,O,23937,0.7978734042198593
ASP,387,N,ALA,391,O,23878,0.7959068031065631
ARG,57,N,VAL,53,O,23789,0.7929402353254892
PHE,80,N,VAL,76,O,23770,0.7923069231025632
ARG,406,NH2,ALA,88,O,23749,0.7916069464351189
ASN,14,ND2,GLN,17,OE1,23716,0.7905069831005633
LEU,28,N,LEU,24,O,23651,0.7883403886537116
THR,103,OG1,PHE,99,O,23605,0.7868071064297857
THR,321,N,GLU,299,OE1,23561,0.7853404886503783
LEU,210,N,VAL,206,O,23492,0.7830405653144895
PHE,143,N,PRO,139,O,23453,0.7817406086463784
GLY,338,N,LEU,335,O,23448,0.7815739475350821
THR,424,N,LEU,420,O,23428,0.780907303089897
LEU,265,N,ASN,261,O,23397,0.77987400419986
LYS,356,N,HIE,346,ND1,23293,0.7764074530848972
LEU,188,N,VAL,184,O,23276,0.7758408053064898
VAL,221,N,ILE,217,O,23205,0.7734742175260825
ILE,56,N,GLY,52,O,23014,0.7671077630745642
VAL,85,N,ASN,263,OD1,22998,0.7665744475184161
LEU,285,N,TYR,281,O,22962,0.7653744875170828
LYS,94,N,GLY,90,O,22937,0.7645411819606013
LEU,279,N,THR,275,O,22873,0.7624079197360089
GLN,329,N,ILE,325,O,22852,0.7617079430685644
LYS,393,N,PHE,385,O,22813,0.7604079864004534
VAL,303,N,GLU,299,O,22808,0.760241325289157
GLU,222,N,GLY,218,O,22788,0.7595746808439718
LEU,60,N,ILE,56,O,22762,0.7587080430652312
SER,332,OG,ILE,328,O,22758,0.7585747141761942
LEU,267,N,ASN,263,O,22709,0.7569414352854905
TYR,352,N,PHE,349,O,22532,0.7510416319456018
SER,100,N,LEU,96,O,22501,0.7500083330555648
ASP,383,N,ASN,381,OD1,22493,0.7497416752774908
ARG,308,NH1,ASP,314,OD1,22489,0.7496083463884538
GLU,322,N,MET,318,O,22469,0.7489417019432686
ARG,70,NH1,HM1,464,O1A,22435,0.7478084063864537
ARG,98,N,LYS,94,O,22345,0.7448085063831206
GLY,52,N,THR,366,OG1,22313,0.7437418752708244
LYS,208,N,ARG,204,O,22209,0.7402753241558615
TYR,34,N,PHE,30,O,22134,0.7377754074864171
LEU,196,N,PHE,192,O,22064,0.735442151928269
TYR,207,N,HIE,203,O,21982,0.73270890970301
TYR,83,N,PHE,80,O,21916,0.7305089830338989
LEU,50,N,PHE,361,O,21909,0.7302756574780841
VAL,76,N,ILE,73,O,21869,0.7289423685877138
HID,243,ND1,THR,239,O,21860,0.7286423785873805
ALA,323,N,PRO,319,O,21860,0.7286423785873805
LEU,96,N,ARG,92,O,21850,0.7283090563647878
PHE,38,N,MET,49,O,21771,0.7256758108063065
ARG,31,N,PHE,27,O,21723,0.7240758641378621
ILE,328,N,VAL,324,O,21700,0.7233092230258992
LEU,129,N,LEU,125,O,21642,0.7213759541348622
MET,286,N,GLY,282,O,21630,0.720975967467751
SER,26,OG,GLY,22,O,21565,0.7188093730208993
VAL,206,N,ALA,202,O,21548,0.7182427252424919
TYR,281,N,THR,277,O,21529,0.717609413019566
ILE,354,N,THR,347,O,21518,0.7172427585747142
ASN,172,N,LEU,168,O,21477,0.7158761374620846
LEU,461,N,SER,430,O,21381,0.7126762441251958
PHE,27,N,LEU,23,O,21378,0.7125762474584181
LYS,63,N,GLU,58,O,21325,0.7108096396786774
GLY,448,N,GLY,450,O,21320,0.7106429785673811
ASP,77,N,ILE,73,O,21274,0.7091096963434552
TYR,326,N,GLU,322,O,21252,0.7083763874537515
ASN,14,ND2,PRO,6,O,21188,0.706243125229159
THR,277,N,GLU,273,O,21170,0.7056431452284924
PHE,268,N,THR,264,O,21139,0.7046098463384554
TYR,297,N,ALA,293,O,21075,0.7024765841138628
THR,274,N,ALA,270,O,21032,0.7010432985567148
GLY,271,N,LEU,267,O,20960,0.6986433785540482
THR,347,N,ILE,354,O,20933,0.6977434085530483
CYS,152,N,ALA,148,O,20903,0.6967434418852705
ASP,164,N,HIE,161,O,20819,0.6939435352154928
SER,145,OG,PHE,141,O,20610,0.6869771007633079
PHE,195,N,PHE,192,O,20591,0.686343788540382
VAL,296,N,VAL,292,O,20579,0.6859438018732709
ASN,209,N,GLN,205,O,20548,0.6849105029832339
SER,253,N,ASN,250,O,20496,0.6831772274257525
SER,256,OG,SER,253,O,20467,0.682210592980234
THR,39,OG1,PRO,3,O,20428,0.6809106363121229
ARG,308,NH2,ASP,314,OD2,20318,0.6772440918636046
GLY,71,N,PRO,340,O,20288,0.6762441251958268
ARG,298,N,GLU,294,O,20225,0.6741441951934936
VAL,324,N,TYR,320,O,20206,0.6735108829705676
LYS,131,N,GLU,127,O,20173,0.6724109196360122
THR,274,OG1,ALA,270,O,20137,0.6712109596346788
VAL,95,N,ASN,91,O,20108,0.6702443251891603
THR,239,OG1,ASP,235,O,20093,0.6697443418552715
LYS,169,N,GLN,165,O,19982,0.6660444651844939
MET,104,N,SER,100,O,19953,0.6650778307389754
GLY,282,N,THR,278,O,19942,0.6647111762941236
GLU,245,N,LEU,241,O,19921,0.6640111996266791
ILE,325,N,THR,321,O,19907,0.6635445485150495
ARG,117,N,SER,113,O,19902,0.6633778874037533
MET,244,N,TYR,240,O,19850,0.6616446118462718
ASN,263,N,ASN,259,O,19831,0.6610112996233459
ARG,459,N,ALA,432,O,19720,0.6573114229525683
SER,179,N,TYR,175,O,19513,0.6504116529449019
THR,344,N,ALA,66,O,19407,0.6468784373854205
SER,193,OG,GLU,190,O,19371,0.6456784773840872
THR,103,N,PHE,99,O,19315,0.6438118729375687
CYS,51,N,ASP,36,O,19178,0.6392453584880504
GLN,119,N,GLU,115,O,19127,0.6375454151528283
LEU,191,N,GLN,187,O,19073,0.6357454751508284
ASN,214,N,LEU,210,O,19058,0.6352454918169395
ASP,19,N,SER,26,OG,18933,0.6310789640345322
GLN,211,N,TYR,207,O,18927,0.6308789707009766
ARG,70,NH2,HM1,464,O2A,18902,0.6300456651444952
TYR,240,OH,GLU,254,O,18849,0.6282790573647545
THR,102,N,ARG,98,O,18819,0.6272790906969767
GLN,17,NE2,ARG,7,O,18817,0.6272124262524582
GLU,226,N,GLU,222,O,18778,0.6259124695843472
LEU,368,N,LEU,364,O,18721,0.6240125329155695
SER,179,OG,TYR,175,O,18651,0.6216792773574215
PHE,30,N,SER,26,O,18386,0.612846238458718
SER,182,N,PHE,178,O,18315,0.6104796506783107
THR,366,N,ILE,363,O,18306,0.6101796606779774
MET,318,N,ARG,315,O,18287,0.6095463484550515
SER,276,N,THR,272,O,18248,0.6082463917869404
LEU,180,N,GLN,176,O,18232,0.6077130762307923
LYS,248,N,MET,244,O,18222,0.6073797540081998
ALA,135,N,SER,132,O,18201,0.6066797773407553
LYS,223,N,HIE,219,O,18185,0.6061464617846072
LYS,317,N,ASP,314,O,18183,0.6060797973400887
ALA,432,N,ARG,459,O,18178,0.6059131362287924
SER,193,N,GLU,190,O,18151,0.6050131662277924
PHE,374,N,ASP,370,O,18126,0.6041798606713109
SER,365,OG,ASP,333,OD2,18108,0.6035798806706443
LEU,242,N,ASP,238,O,18023,0.6007466417786074
TRP,93,N,ASN,89,O,18020,0.6006466451118296
ILE,150,N,ILE,146,O,17956,0.5985133828872371
ASN,259,N,SER,256,OG,17898,0.5965801139962001
LYS,288,NZ,ILE,440,O,17869,0.5956134795506817
THR,177,N,LEU,173,O,17826,0.5941801939935335
THR,278,N,THR,274,O,17645,0.5881470617646078
ALA,59,N,ALA,55,O,17624,0.5874470850971635
ARG,295,N,HIE,291,O,17459,0.5819472684243858
GLN,119,NE2,PRO,310,O,17454,0.5817806073130896
SER,145,N,PHE,141,O,17395,0.5798140061997933
ARG,406,NH1,HM1,464,O2D,17363,0.5787473750874971
PHE,398,N,THR,395,O,17358,0.5785807139762008
PHE,174,N,MET,170,O,17253,0.5750808306389787
ILE,213,N,ASN,209,O,17207,0.5735475484150528
GLU,294,N,PRO,290,O,17189,0.5729475684143862
ILE,181,N,THR,177,O,17095,0.5698143395220159
SER,276,OG,THR,272,O,17089,0.5696143461884604
LYS,288,N,LEU,284,O,17016,0.5671810939635346
ARG,308,NH1,PRO,309,O,16970,0.5656478117396087
LEU,168,N,ASP,164,O,16908,0.5635812139595346
ASN,263,ND2,TYR,240,OH,16794,0.5597813406219793
TYR,320,N,GLU,299,OE2,16780,0.5593146895103497
ASP,370,N,ALA,367,O,16751,0.5583480550648312
ARG,130,N,ILE,126,O,16690,0.5563147895070164
MET,170,N,GLU,166,O,16560,0.5519816006133129
GLN,144,NE2,LEU,171,O,16210,0.5403153228225726
LEU,173,N,LYS,169,O,16164,0.5387820405986468
THR,239,N,ASP,235,O,16121,0.5373487550414986
PHE,189,N,PHE,185,O,16085,0.5361487950401653
THR,227,N,LYS,223,O,16033,0.534415519482684
PHE,192,N,LEU,188,O,15804,0.5267824405853139
SER,132,OG,LEU,129,O,15780,0.5259824672510917
TYR,240,N,LEU,236,O,15779,0.5259491350288323
GLU,32,N,LEU,28,O,15420,0.5139828672377588
TYR,373,N,ASP,370,O,15370,0.5123162561247958
SER,433,OG,GLN,457,O,15356,0.5118496050131662
PHE,255,N,SER,253,OG,15237,0.5078830705643145
ARG,105,N,VAL,101,O,15117,0.5038832038932035
GLU,311,N,ASP,314,OD1,15032,0.5010499650011666
GLU,127,N,GLN,123,O,14955,0.49848338388720376
GLN,427,N,THR,423,O,14930,0.49765007833072233
HIE,372,N,ASP,370,OD2,14920,0.49731675610812975
GLY,22,N,ASP,19,O,14883,0.49608346388453717
GLU,58,N,GLU,54,O,14869,0.4956168127729076
HIP,384,ND1,GLU,327,OE2,14757,0.4918836038798707
LYS,288,NZ,PRO,437,O,14667,0.48888370387653746
THR,275,OG1,GLY,271,O,14578,0.4859171360954635
ARG,330,N,TYR,326,O,14577,0.48588380387320423
THR,140,OG1,ASP,138,OD1,14552,0.48505049831672276
LEU,420,N,ALA,416,O,14538,0.4845838472050932
THR,147,OG1,PHE,143,O,14508,0.48358388053731544
THR,443,OG1,ASP,441,OD2,14484,0.4827839072030932
GLY,390,N,ASP,387,O,14339,0.47795073497550083
SER,153,OG,ASN,149,O,14311,0.47701743275224157
ASN,259,ND2,ASN,259,O,14290,0.4763174560847972
GLN,144,N,THR,140,O,14147,0.4715509483017233
ALA,232,N,ASP,229,O,14123,0.47075097496750107
SER,153,N,ASN,149,O,14053,0.468417719409353
SER,266,N,LEU,262,O,14006,0.4668511049631679
GLY,110,N,PHE,107,O,13904,0.46345121829272357
THR,140,OG1,ASP,138,OD2,13831,0.4610179660677977
GLN,123,N,GLN,119,O,13827,0.4608846371787607
ASP,357,N,VAL,343,O,13686,0.4561847938402053
TYR,289,N,LEU,285,O,13653,0.4550848305056498
LYS,111,N,PHE,107,O,13581,0.4526849105029832
LEU,125,N,GLU,121,O,13562,0.4520515982800573
PHE,429,N,ILE,425,O,13518,0.45058498050065
ASN,149,N,SER,145,O,13497,0.44988500383320557
THR,443,OG1,ASP,441,OD1,13494,0.4497850071664278
LYS,133,N,ARG,130,O,13485,0.44948501716609446
HID,243,N,THR,239,O,13371,0.445685143828539
GLU,411,N,CM1,408,O,13273,0.44241858604713175
GLN,205,N,GLY,201,O,13262,0.4420519316022799
ARG,29,N,LYS,25,O,13205,0.4401519949335022
TYR,216,N,GLU,212,O,13160,0.4386520449318356
ARG,45,NH2,GLU,190,OE2,13103,0.4367521082630579
TRP,93,NE1,HM1,464,O1D,13077,0.4358854704843172
THR,443,N,ASP,441,OD2,13059,0.43528549048365056
ARG,204,N,PRO,200,O,12999,0.4332855571480951
GLN,144,NE2,GLU,273,OE2,12848,0.4282523915869471
ARG,225,N,VAL,221,O,12844,0.42811906269791006
SER,231,OG,ASP,229,OD1,12765,0.4254858171394287
SER,231,OG,ASP,229,OD2,12717,0.4238858704709843
GLN,445,N,ILE,452,O,12713,0.42375254158194725
ILE,118,N,VAL,114,O,12708,0.423585880470651
THR,147,N,PHE,143,O,12700,0.42331922269257694
ARG,92,NH1,ASN,259,OD1,12681,0.42268591046965104
GLN,144,NE2,GLU,273,OE1,12677,0.422552581580614
ARG,92,NH2,HIE,252,O,12649,0.42161927935735477
ARG,350,N,GLU,58,OE1,12598,0.4199193360221326
VAL,47,N,VAL,40,O,12597,0.41988600379987334
GLU,247,N,HID,243,O,12572,0.41905269824339186
ASP,314,N,GLU,311,O,12552,0.4183860537982067
THR,140,N,ASP,138,OD1,12452,0.4150528315722809
HIP,384,NE2,GLU,375,O,12452,0.4150528315722809
ARG,225,NH2,GLU,222,OE1,12353,0.41175294156861436
TYR,281,OH,LEU,442,O,12257,0.4085530482317256
GLY,218,N,ASN,214,O,12252,0.4083863871204293
SER,256,N,SER,253,O,12206,0.40685310489650345
THR,443,N,ASP,441,OD1,12106,0.40351988267057765
THR,140,N,ASP,138,OD2,12099,0.40328655711476286
ARG,463,N,ASN,428,O,11927,0.39755341488617046
PHE,419,N,ARG,415,O,11911,0.39702009933002236
GLN,163,N,HIE,161,ND1,11819,0.3939535348821706
SER,332,N,ILE,328,O,11758,0.39192026932435586
HIP,224,ND1,ASP,238,OD1,11701,0.3900203326555782
ASP,62,N,ARG,57,O,11563,0.3854204859838005
ARG,225,NE,GLU,222,OE2,11504,0.3834538848705043
ARG,225,NH2,GLU,222,OE2,11473,0.3824205859804673
ALA,215,N,GLN,211,O,11362,0.37872070930968965
SER,266,OG,LEU,262,O,11270,0.37565414486183796
ARG,21,N,ASP,19,OD1,11173,0.3724209193026899
ARG,45,NH2,GLU,190,OE1,11117,0.37055431485617146
GLU,417,N,ILE,413,O,10990,0.3663211226292457
ALA,416,N,ILE,413,O,10944,0.3647878404053198
ARG,225,NE,GLU,222,OE1,10886,0.36285457151428285
ILE,146,N,LEU,142,O,10870,0.36232125595813475
TYR,83,OH,ALA,251,O,10808,0.36025465817806074
ILE,342,N,GLY,69,O,10731,0.3576880770640979
HID,369,ND1,SER,365,O,10677,0.35588813706209793
ARG,45,NH1,GLU,359,OE2,10648,0.35492150261657945
VAL,435,N,SER,433,OG,10634,0.3544548515049498
ASN,261,ND2,ASN,214,O,10446,0.3481883937202093
ARG,97,NH2,GLU,411,OE2,10442,0.34805506483117227
SER,231,N,ASP,229,OD2,10439,0.34795506816439453
GLU,128,N,CYS,124,O,10399,0.3466217792740242
ALA,397,N,THR,395,OG1,10265,0.3421552614912836
VAL,292,N,TYR,289,O,10224,0.34078864037865403
SER,231,N,ASP,229,OD1,10196,0.3398553381553948
ARG,159,NH2,GLU,121,OE1,10186,0.33952201593280223
MET,18,N,ASN,14,O,10177,0.3392220259324689
HIE,372,N,ASP,370,OD1,10141,0.33802206593113565
LYS,246,N,LEU,242,O,10055,0.3351554948168394
ARG,97,NH1,GLU,411,OE1,10032,0.3343888537048765
SER,26,N,GLY,22,O,10029,0.33428885703809874
ILE,237,N,VAL,155,O,9963,0.3320889303689877
GLU,121,N,ARG,117,O,9947,0.33155561481283957
ARG,57,NH2,GLU,54,OE1,9784,0.3261224625845805
ARG,81,N,ASP,77,O,9692,0.3230558981367288
LEU,386,N,PRO,382,O,9667,0.3222225925802473
ARG,70,NE,PRO,340,O,9636,0.3211892936902103
ILE,154,N,ILE,150,O,9555,0.3184893836872104
ARG,21,N,ASP,19,OD2,9534,0.317789407019766
ASP,439,N,ALA,436,O,9477,0.3158894703509883
ARG,57,NH2,GLU,54,OE2,9406,0.313522882570581
ALA,379,N,LYS,376,O,9405,0.3134895503483217
ALA,66,N,LYS,63,O,9382,0.3127229092363588
ALA,293,N,TYR,289,O,9327,0.3108896370120996
GLN,17,N,ASN,14,O,9297,0.30988967034432185
SER,113,OG,GLU,115,OE2,9246,0.3081897270090997
SER,365,OG,ASP,333,OD1,9200,0.30665644478517384
LYS,451,NZ,ASP,333,OD1,9087,0.30288990366987767
ARG,350,N,GLU,58,OE2,9077,0.3025565814472851
ARG,159,NH2,GLU,121,OE2,9040,0.30132328922369256
SER,183,OG,SER,179,O,9018,0.30058998033398887
LEU,228,N,ARG,225,O,8975,0.29915669477684076
ARG,45,NH1,GLU,359,OE1,8960,0.2986567114429519
SER,100,OG,LEU,96,O,8852,0.29505683143895206
PHE,79,N,VAL,76,O,8776,0.2925235825472484
SER,402,N,ILE,399,O,8769,0.29229025699143363
LYS,356,NZ,ASP,357,OD1,8762,0.29205693143561884
ARG,21,NE,ASP,19,OD1,8744,0.29145695143495215
LEU,287,N,PHE,283,O,8730,0.29099030032332257
ILE,304,N,ILE,300,O,8679,0.2892903569881004
GLY,108,N,ASP,106,OD2,8662,0.28872370920969304
ARG,315,NE,GLU,322,OE2,8662,0.28872370920969304
ILE,413,N,GLY,410,O,8648,0.2882570580980634
LYS,63,NZ,GLU,58,OE2,8581,0.28602379920669313
ARG,112,NE,GLU,116,OE1,8570,0.2856571447618413
PHE,185,N,SER,183,OG,8544,0.28479050698310054
SER,113,OG,GLU,115,OE1,8543,0.2847571747608413
ARG,112,NH2,GLU,120,OE1,8484,0.28279057364754506
HIP,224,ND1,ASP,238,OD2,8425,0.28082397253424884
THR,227,OG1,LYS,223,O,8423,0.2807573080897303
ARG,315,NE,GLU,322,OE1,8368,0.27892403586547115
ASN,261,ND2,HIE,257,O,8357,0.2785573814206193
ARG,234,NE,ASP,235,OD2,8247,0.2748908369721009
ARG,112,NE,GLU,116,OE2,8227,0.27422419252691577
LYS,111,NZ,ASP,106,O,8175,0.27249091696943434
CYS,124,N,GLU,120,O,8156,0.27185760474650844
GLY,108,N,ASP,106,OD1,8139,0.27129095696810107
ARG,112,NH2,GLU,116,OE1,8133,0.2710909636345455
ALA,367,N,LEU,364,O,8132,0.2710576314122863
ARG,459,NE,GLY,134,O,8097,0.2698910036332122
LYS,63,NZ,SER,348,O,8070,0.2689910336322123
ARG,112,NH2,GLU,116,OE2,8034,0.26779107363087895
GLU,120,N,GLU,116,O,8009,0.26695776807439753
HIE,219,N,ALA,215,O,7928,0.2642578580713976
THR,275,N,GLY,271,O,7927,0.26422452584913836
GLU,212,N,LYS,208,O,7918,0.26392453584880504
LEU,15,N,LEU,12,O,7904,0.2634578847371754
THR,272,N,PHE,268,O,7845,0.2614912836238792
ILE,425,N,PHE,421,O,7844,0.2614579514016199
PHE,156,N,CYS,152,O,7833,0.2610912969567681
ARG,21,NE,ASP,19,OD2,7820,0.26065797806739777
ASN,149,ND2,GLU,121,OE2,7786,0.25952468251058297
THR,147,OG1,THR,272,O,7784,0.25945801806606444
ARG,112,NH1,GLU,120,OE2,7621,0.2540248658378054
VAL,61,N,ARG,57,O,7619,0.2539582013932869
ARG,315,NH2,GLU,322,OE2,7567,0.25222492583580547
ARG,21,NH2,ASP,19,OD2,7550,0.2516582780573981
ASN,149,ND2,SER,145,O,7547,0.2515582813906203
ARG,130,NH2,GLU,127,OE1,7537,0.25122495916802773
PHE,160,N,ASN,149,OD1,7505,0.25015832805573146
LEU,284,N,ARG,280,O,7494,0.24979167361087964
ARG,57,NH1,GLU,396,OE2,7455,0.2484917169427686
ARG,463,NH2,GLU,294,OE2,7434,0.24779174027532416
LYS,356,NZ,ASP,357,OD2,7433,0.2477584080530649
LEU,386,N,ASP,383,O,7431,0.24769174360854637
SER,68,OG,GLU,65,O,7334,0.24445851804939836
LYS,131,NZ,GLU,128,OE1,7319,0.2439585347155095
ARG,463,NH1,GLU,294,OE1,7309,0.2436252124929169
ASN,389,N,ASP,387,OD1,7229,0.24095863471217627
ASN,214,ND2,GLN,211,OE1,7211,0.2403586547115096
ASP,235,N,ASP,238,OD2,7159,0.2386253791540282
ARG,112,NH2,GLU,120,OE2,7152,0.2383920535982134
PHE,87,N,GLY,84,O,7138,0.23792540248658378
ARG,315,NH2,GLU,322,OE1,7132,0.23772540915302823
GLY,35,N,ARG,31,O,7106,0.2368587713742875
ARG,70,N,ASN,89,OD1,7091,0.23635878804039864
ARG,130,NH2,GLU,127,OE2,7070,0.23565881137295425
LEU,42,N,ARG,45,O,7068,0.23559214692843572
ASN,389,N,ASP,387,OD2,7024,0.23412552914902837
ASN,389,ND2,ASP,387,OD1,7010,0.23365887803739877
LYS,169,NZ,GLU,166,OE1,6967,0.23222559248025065
ASN,389,ND2,ASP,387,OD2,6912,0.23039232025599146
SER,253,OG,GLU,247,OE1,6885,0.2294923502549915
TYR,216,OH,ASP,164,OD1,6860,0.22865904469851006
GLU,254,N,GLU,254,OE1,6807,0.22689243691876937
TYR,373,OH,GLU,396,OE1,6803,0.22675910802973234
ARG,234,NH2,ASP,235,OD1,6775,0.22582580580647313
ARG,330,NH1,PRO,377,O,6729,0.22429252358254725
LYS,169,NZ,GLU,166,OE2,6683,0.22275924135862138
SER,253,OG,GLU,247,OE2,6661,0.2220259324689177
ARG,112,NH1,GLU,120,OE1,6649,0.2216259458018066
GLU,299,N,ARG,295,O,6504,0.2167927735742142
ARG,463,NH2,GLU,294,OE1,6460,0.21532615579480685
ARG,459,NH1,GLY,134,O,6459,0.2152928235725476
ASP,235,N,ASP,238,OD1,6443,0.21475950801639945
GLN,302,N,ARG,298,O,6443,0.21475950801639945
LYS,63,NZ,GLU,58,OE1,6439,0.21462617912736243
ARG,21,NH2,ASP,19,OD1,6417,0.21389287023765874
ARG,92,NH1,HIE,252,O,6396,0.21319289357021431
HIP,384,ND1,GLU,327,OE1,6345,0.21149295023499218
GLU,190,N,GLY,186,O,6335,0.2111596280123996
GLU,166,N,ASP,164,OD1,6331,0.21102629912336254
ARG,159,NH1,GLU,121,OE1,6284,0.20945968467717743
LYS,72,N,GLU,359,OE1,6278,0.20925969134362188
GLU,254,N,GLU,254,OE2,6251,0.2083597213426219
ARG,57,NH1,GLU,396,OE1,6224,0.20745975134162195
ARG,130,NE,GLU,127,OE2,6133,0.20442651911602946
LYS,131,NZ,GLU,128,OE2,6092,0.20305989800339988
LYS,72,N,GLU,359,OE2,6068,0.2022599246691777
ASN,89,ND2,ARG,70,O,6017,0.20055998133395553
ARG,45,NH2,GLU,359,OE2,6007,0.20022665911136295
SER,132,N,GLU,128,O,5994,0.1997933402219926
ARG,315,N,GLU,311,O,5960,0.19866004466517784
GLU,166,N,ASP,164,OD2,5906,0.19686010466317788
ARG,330,NH2,PRO,377,O,5905,0.19682677244091865
ARG,57,NH2,GLU,396,OE1,5899,0.1966267791073631
ARG,31,NH2,ASP,36,OD2,5868,0.1955934802173261
ARG,159,NH1,GLU,121,OE2,5817,0.19389353688210392
SER,220,N,TYR,216,O,5817,0.19389353688210392
ARG,463,NH1,GLU,294,OE2,5766,0.19219359354688176
ARG,57,NE,GLU,54,OE2,5716,0.19052698243391886
ARG,130,NE,GLU,127,OE1,5694,0.1897936735442152
ARG,406,NH1,VAL,85,O,5673,0.18909369687677077
PHE,67,N,ALA,64,O,5649,0.18829372354254859
HIE,252,N,ASN,250,OD1,5647,0.18822705909803006
ARG,45,NH2,GLU,359,OE1,5644,0.1881270624312523
THR,344,OG1,GLN,345,OE1,5643,0.18809373020899303
TYR,216,OH,ASP,164,OD2,5637,0.18789373687543748
ARG,31,NH2,ASP,36,OD1,5554,0.18512716242791907
LYS,33,N,ARG,29,O,5551,0.18502716576114128
ARG,45,NE,GLU,190,OE2,5537,0.18456051464951168
LEU,334,N,SER,332,O,5514,0.18379387353754875
LYS,451,NZ,ASP,333,OD2,5497,0.18322722575914135
THR,358,N,PRO,355,O,5487,0.18289390353654877
SER,402,OG,ARG,406,O,5420,0.1806606446451785
SER,183,N,SER,179,O,5411,0.18036065464484516
ILE,440,N,PRO,437,O,5341,0.1780273990866971
LYS,248,NZ,GLU,245,OE2,5318,0.17726075797473417
ASP,106,N,THR,103,O,5267,0.175560814639512
LYS,248,NZ,GLU,245,OE1,5247,0.17489417019432685
ASN,149,ND2,GLU,121,OE1,5229,0.17429419019366021
ARG,298,NH1,GLU,301,OE1,5221,0.17402753241558613
HID,341,ND1,PHE,67,O,5198,0.1732608913036232
ARG,45,NE,GLU,190,OE1,5188,0.17292756908103063
GLY,90,N,SER,68,O,5097,0.16989433685543814
ARG,57,NE,GLU,54,OE1,5082,0.16939435352154927
ARG,57,NH2,GLU,396,OE2,5066,0.16886103796540114
PHE,67,N,LYS,63,O,5040,0.16799440018666045
TRP,93,NE1,HM1,464,O2D,5018,0.16726109129695677
TYR,373,OH,GLU,396,OE2,5010,0.1669944335188827
HIE,203,NE2,ALA,74,O,4976,0.16586113796206794
LYS,169,NZ,GLU,212,OE1,4902,0.16339455351488283
LYS,169,NZ,GLU,212,OE2,4898,0.1632612246258458
ALA,414,N,GLY,410,O,4883,0.16276124129195693
ARG,70,NH2,HM1,464,O1A,4795,0.15982800573314224
LYS,393,NZ,ASP,383,O,4795,0.15982800573314224
ARG,45,N,LEU,42,O,4760,0.1586613779540682
LYS,451,NZ,SER,332,O,4645,0.15482817239425353
LYS,33,N,PHE,30,O,4623,0.15409486350454984
ARG,308,NH2,ASP,314,OD1,4606,0.15352821572614248
GLN,329,NE2,ILE,325,O,4605,0.1534948835038832
LYS,248,NZ,GLU,245,O,4594,0.15312822905903137
SER,132,OG,GLU,128,O,4577,0.15256158128062397
ARG,350,NH2,ASP,36,OD2,4565,0.1521615946135129
ARG,117,NH2,GLU,417,OE1,4557,0.1518949368354388
ARG,29,NH1,ASP,19,OD2,4508,0.15026165794473517
ARG,350,NE,GLU,58,OE1,4508,0.15026165794473517
ALA,88,N,VAL,85,O,4507,0.1502283257224759
ASN,172,ND2,LEU,168,O,4478,0.14926169127695743
ARG,298,NH1,GLU,301,OE2,4419,0.1472950901636612
ILE,353,N,ARG,1,O,4410,0.1469951001633279
ASN,428,N,ILE,425,O,4380,0.14599513349555016
ASN,381,ND2,ASP,383,OD2,4371,0.14569514349521684
TYR,297,OH,GLU,301,OE2,4319,0.1439618679377354
ALA,88,N,GLY,84,O,4291,0.1430285657144762
ASN,250,N,GLU,247,O,4262,0.1420619312689577
LYS,63,NZ,ASP,62,OD2,4198,0.13992866904436518
TYR,162,OH,ASN,149,OD1,4195,0.13982867237758742
ASP,106,N,THR,102,O,4140,0.13799540015332823
LEU,312,N,GLU,115,OE2,4126,0.13752874904169862
ASN,209,ND2,GLN,205,O,4078,0.13592880237325422
ARG,204,NE,PHE,199,O,4046,0.13486217126095798
ARG,298,NE,GLU,294,OE1,4044,0.13479550681643945
ASN,381,ND2,ASP,383,OD1,4009,0.13362887903736542
LEU,312,N,GLU,115,OE1,4001,0.13336222125929137
ARG,308,NH1,ASP,314,OD2,3976,0.13252891570280992
LEU,236,N,ILE,154,O,3965,0.13216226125795807
ARG,350,NH2,ASP,36,OD1,3914,0.1304623179227359
ARG,31,NE,ASP,36,OD2,3845,0.1281623945868471
MET,18,N,LEU,15,O,3840,0.12799573347555082
SER,266,OG,ASN,263,O,3835,0.12782907236425453
ARG,298,NE,GLU,294,OE2,3808,0.12692910236325455
TYR,297,OH,GLU,301,OE1,3796,0.12652911569614347
ARG,105,NH2,GLU,411,OE2,3765,0.12549581680610647
HIE,203,N,PRO,200,O,3758,0.12526249125029165
ARG,463,NE,LEU,426,O,3737,0.12456251458284724
ARG,92,NH2,ASN,259,OD1,3726,0.1241958601379954
ARG,105,NH2,GLU,411,OE1,3719,0.1239625345821806
ARG,159,NH2,GLU,120,OE2,3718,0.12392920235992133
LYS,72,NZ,ASP,77,OD2,3703,0.12342921902603246
ALA,391,N,ASP,387,O,3698,0.12326255791473617
GLN,445,NE2,PRO,453,O,3665,0.12216259458018067
ASN,428,N,THR,424,O,3664,0.1221292623579214
ILE,440,N,ALA,436,O,3655,0.12182927235758809
ARG,234,N,ASP,238,OD2,3650,0.1216626112462918
ARG,81,NE,PHE,79,O,3619,0.12062931235625479
ARG,350,NH2,GLU,58,OE1,3608,0.12026265791140295
GLU,116,N,SER,113,O,3582,0.11939602013266225
PHE,167,N,ASP,164,O,3576,0.1191960267991067
ARG,298,NH2,GLU,294,OE2,3568,0.11892936902103263
LYS,63,NZ,ASP,62,OD1,3472,0.11572947568414386
GLY,13,N,LEU,9,O,3391,0.11302956568114396
ALA,316,N,LEU,312,O,3383,0.11276290790306989
LEU,24,N,CYS,447,O,3372,0.11239625345821806
GLN,211,NE2,TYR,207,OH,3364,0.112129595680144
ARG,159,NE,GLU,121,OE2,3257,0.10856304789840339
GLY,134,N,PHE,460,O,3230,0.10766307789740343
ARG,70,NH2,HID,341,NE2,3203,0.10676310789640345
ALA,64,N,VAL,61,O,3142,0.10472984233858872
ARG,159,NH2,GLU,120,OE1,3130,0.10432985567147762
ARG,1,N,ILE,353,O,3068,0.10226325789140361
LYS,405,NZ,GLU,65,OE2,3058,0.10192993566881103
ARG,463,NE,ARG,463,O,3038,0.10126329122362587
SER,132,N,LEU,129,O,3017,0.10056331455618146
ASN,259,ND2,TYR,83,O,3004,0.1001299956668111
ALA,391,N,ASN,389,OD1,2990,0.0996633445551815
HID,369,N,THR,366,O,2980,0.09933002233258892
LYS,405,NZ,GLU,65,OE1,2972,0.09906336455451485
ARG,31,NE,ASP,36,OD1,2920,0.09733008899703344
ASN,261,ND2,ASN,214,OD1,2917,0.09723009233025566
GLY,84,N,PHE,80,O,2902,0.09673010899636679
ARG,295,NH1,ARG,295,O,2890,0.0963301223292557
ARG,234,N,ASP,238,OD1,2806,0.09353021565947801
ARG,29,NH1,ASP,19,OD1,2788,0.09293023565881137
SER,249,OG,GLU,247,O,2741,0.09136362121262624
ARG,415,N,GLY,412,O,2718,0.0905969801006633
THR,455,OG1,GLN,445,OE1,2702,0.09006366454451518
ARG,29,NH2,ASP,19,OD2,2679,0.08929702343255225
ARG,204,NH1,PHE,199,O,2674,0.08913036232125596
GLN,205,NE2,ASN,209,OD1,2672,0.08906369787673744
ARG,463,NE,ARG,463,OXT,2666,0.08886370454318189
ARG,298,NH2,GLU,294,OE1,2637,0.08789707009766341
LYS,317,NZ,HIE,313,O,2595,0.08649711676277458
GLN,123,NE2,GLN,119,OE1,2560,0.08533048898370055
LYS,158,N,CYS,152,O,2537,0.08456384787173761
SER,68,N,GLU,65,O,2527,0.08423052564914503
ARG,234,NH2,ASP,235,OD2,2524,0.08413052898236725
GLN,258,N,GLN,258,OE1,2523,0.08409719676010799
GLU,115,N,GLU,115,OE2,2484,0.08279724009199693
LYS,451,N,LEU,334,O,2453,0.08176394120195994
ARG,21,NH2,GLU,446,OE1,2443,0.08143061897936736
GLU,311,N,ASP,314,OD2,2440,0.08133062231258958
SER,253,OG,ASN,250,O,2421,0.08069731008966367
SER,145,OG,LEU,142,O,2418,0.08059731342288591
ARG,105,NE,GLU,411,OE2,2405,0.08016399453351555
ARG,159,NE,GLU,121,OE1,2404,0.08013066231125629
PHE,401,N,PHE,398,O,2402,0.08006399786673778
LYS,246,N,HID,243,O,2362,0.07873070897636746
GLU,247,N,MET,244,O,2359,0.07863071230958968
ARG,130,NH1,GLU,127,OE2,2346,0.07819739342021932
GLN,123,NE2,GLN,119,O,2345,0.07816406119796007
LYS,72,NZ,ASP,77,OD1,2330,0.0776640778640712
ARG,29,NH2,GLU,32,OE2,2310,0.07699743341888604
ASP,333,N,ARG,330,O,2310,0.07699743341888604
ARG,234,NE,ASP,235,OD1,2307,0.07689743675210826
ARG,350,NH1,GLU,58,OE1,2296,0.07653078230725642
ARG,463,NH1,LEU,426,O,2290,0.07633078897370088
GLU,115,N,GLU,115,OE1,2281,0.07603079897336755
ARG,29,NH2,GLN,17,O,2276,0.07586413786207126
ARG,81,NE,ASP,77,O,2265,0.07549748341721943
LEU,364,N,LEU,362,O,2261,0.07536415452818239
ARG,415,NH1,GLN,329,OE1,2237,0.0745641811939602
VAL,53,N,ASP,370,OD1,2232,0.07439752008266391
LYS,158,N,PHE,156,O,2227,0.07423085897136762
THR,344,OG1,ALA,66,O,2175,0.07249758341388621
ARG,29,NE,GLU,32,OE1,2170,0.07233092230258992
ARG,225,NH2,GLU,226,OE2,2143,0.07143095230158995
HIE,219,N,TYR,216,O,2140,0.07133095563481218
SER,68,N,THR,344,OG1,2107,0.07023099230025666
SER,402,N,PRO,400,O,2101,0.0700309989667011
ALA,316,N,HIE,313,O,2092,0.06973100896636779
GLN,187,N,VAL,184,O,2089,0.06963101229959001
GLU,190,N,GLN,187,O,2089,0.06963101229959001
ARG,308,NH1,ILE,304,O,2087,0.0695643478550715
ARG,225,NH1,GLU,245,OE2,2084,0.06946435118829372
ARG,105,NE,GLU,411,OE1,2059,0.06863104563181227
ARG,29,NH2,GLU,32,OE1,2058,0.06859771340955302
ARG,225,NH2,GLU,226,OE1,2044,0.0681310622979234
ASN,209,ND2,THR,177,OG1,2033,0.06776440785307157
ASN,149,ND2,PHE,160,O,2032,0.0677310756308123
SER,430,OG,PRO,462,O,2029,0.06763107896403453
ARG,295,NH1,GLU,299,OE2,1973,0.06576447451751609
SER,183,OG,GLU,446,OE2,1946,0.06486450451651611
GLN,163,NE2,GLU,128,OE2,1942,0.06473117562747908
ARG,130,NH1,GLU,127,OE1,1940,0.06466451118296057
SER,183,N,LEU,180,O,1929,0.06429785673810873
ARG,29,NE,GLU,32,OE2,1922,0.06406453118229392
ARG,315,N,LEU,312,O,1898,0.06326455784807174
SER,68,N,ILE,342,O,1883,0.06276457451418287
LYS,111,N,GLY,108,O,1883,0.06276457451418287
ASP,333,N,GLN,329,O,1881,0.06269791006966434
GLY,404,N,SER,402,OG,1875,0.0624979167361088
SER,402,OG,HM1,464,O2A,1870,0.06233125562481251
ARG,81,NH2,ASP,77,OD1,1869,0.062297923402553246
GLN,258,NE2,ALA,251,O,1861,0.062031265624479186
ARG,415,NH2,GLU,322,OE2,1859,0.061964601179960666
ARG,350,NH2,GLU,58,OE2,1834,0.061131295623479215
HID,369,N,SER,365,O,1824,0.060797973400886635
PHE,141,N,ASP,138,OD2,1818,0.06059798006733109
ARG,97,NH2,GLU,411,OE1,1790,0.05966467784407187
GLN,119,NE2,GLU,115,O,1788,0.05959801339955335
ARG,92,N,ASN,89,OD1,1775,0.059164694510183
ARG,29,NH2,ASP,19,OD1,1764,0.05879804006533115
GLU,116,N,SER,113,OG,1756,0.05853138228725709
LYS,223,NZ,GLU,226,OE1,1753,0.058431385620479316
ARG,350,NH1,GLU,58,OE2,1730,0.057664744508516386
GLU,120,N,ARG,117,O,1724,0.05746475117496083
ARG,70,NH2,VAL,339,O,1709,0.05696476784107196
ALA,251,N,ASN,250,OD1,1702,0.05673144228525716
SER,220,OG,ILE,217,O,1700,0.056664777840738645
GLU,115,N,SER,113,OG,1689,0.0562981233958868
ARG,280,NH1,TYR,175,OH,1688,0.056264791173627544
GLN,119,NE2,GLU,311,OE2,1686,0.05619812672910903
ARG,21,NH2,GLU,446,OE2,1637,0.054564847838405386
ILE,154,N,ILE,151,O,1635,0.05449818339388687
ARG,57,NH1,GLU,54,OE1,1634,0.05446485117162761
ARG,31,NH2,GLU,32,OE1,1626,0.05419819339355355
ASP,238,N,ASP,235,O,1615,0.05383153894870171
PHE,192,N,PHE,189,O,1607,0.053564881170627646
GLN,345,NE2,GLU,65,O,1601,0.0533648878370721
GLU,116,N,GLU,115,OE2,1594,0.05313156228125729
GLY,134,N,SER,132,OG,1582,0.052731575614146195
ARG,97,NH2,LYS,405,O,1579,0.05263157894736842
GLU,446,N,ILE,452,O,1572,0.052398253391553615
GLU,116,N,GLU,115,OE1,1562,0.052064931168961034
ARG,298,NH2,GLU,301,OE1,1547,0.051564947835072164
GLN,119,NE2,GLU,311,OE1,1543,0.05143161894603513
ARG,225,NH1,GLU,245,OE1,1540,0.05133162227925736
THR,344,OG1,SER,68,OG,1529,0.05096496783440552
LYS,223,NZ,GLU,226,OE2,1517,0.05056498116729442
ASN,214,ND2,ASN,261,OD1,1513,0.05043165227825739
LEU,142,N,ASP,138,O,1506,0.050198326722442586
MET,337,N,VAL,449,O,1503,0.05009833005566481
LEU,191,N,LEU,188,O,1493,0.04976500783307223
SER,183,OG,LEU,180,O,1486,0.049531682277257426
ARG,31,NE,GLU,32,OE2,1482,0.04939835338822039
CM1,408,N,PHE,401,O,1453,0.04843171894270191
GLY,69,N,ILE,342,O,1451,0.048365054498183395
SER,183,OG,GLU,446,OE1,1449,0.048298390053664875
THR,272,N,PHE,269,O,1440,0.04799840005333156
LYS,376,NZ,GLU,375,OE2,1423,0.04743175227492417
SER,113,N,GLU,116,OE1,1405,0.04683177227425753
GLN,345,N,ALA,66,O,1388,0.046265124495850136
LYS,72,NZ,GLU,190,OE1,1367,0.04556514782840572
ARG,204,N,GLY,201,O,1367,0.04556514782840572
GLN,302,NE2,ARG,298,O,1361,0.04536515449485017
ARG,31,NH2,GLU,32,OE2,1346,0.0448651711609613
LYS,72,NZ,GLU,190,OE2,1343,0.044765174494183525
LYS,376,NZ,ASP,378,OD2,1338,0.044598513382887235
ARG,57,NH1,GLU,54,OE2,1329,0.04429852338255391
ARG,234,NE,GLY,108,O,1319,0.04396520115996133
SER,433,OG,VAL,435,O,1317,0.04389853671544282
LYS,376,NZ,GLU,375,OE1,1306,0.04353188227059098
LYS,376,NZ,ASP,378,OD1,1301,0.04336522115929469
GLN,211,NE2,TYR,207,O,1297,0.04323189227025766
SER,113,N,GLU,116,OE2,1282,0.04273190893636879
HIE,257,NE2,GLU,222,OE1,1273,0.04243191893603546
ARG,117,NH1,GLU,417,OE1,1269,0.04229859004699843
PHE,141,N,ASP,138,OD1,1266,0.04219859338022066
ARG,298,NH2,GLU,301,OE2,1262,0.04206526449118363
GLN,165,NE2,GLN,163,O,1257,0.041898603379887336
SER,68,OG,THR,344,OG1,1253,0.0417652744908503
ASN,214,ND2,GLN,258,OE1,1245,0.04149861671277624
ARG,330,NH1,HID,369,NE2,1240,0.04133195560147995
ARG,204,NH2,PHE,199,O,1239,0.041298623379220696
GLY,43,N,HIE,41,O,1235,0.04116529449018366
ARG,415,NH1,GLU,322,OE2,1231,0.04103196560114663
SER,68,OG,ALA,64,O,1226,0.04086530448985034
ARG,97,NH1,GLU,411,OE2,1222,0.040731975600813305
SER,68,N,ALA,64,O,1214,0.040465317822739245
GLU,299,N,VAL,296,O,1211,0.04036532115596147
ARG,57,NH2,ASP,62,OD2,1210,0.04033198893370221
ARG,350,NH1,GLU,54,OE1,1203,0.0400986633778874
GLN,176,NE2,ASN,172,OD1,1198,0.03993200226659111
TYR,326,OH,GLU,322,OE2,1195,0.03983200559981334
ARG,415,NH1,GLU,322,OE1,1194,0.039798673377554085
LYS,94,NZ,GLU,65,OE1,1168,0.03893203559881337
LYS,158,NZ,ARG,159,O,1162,0.038732042265257824
ARG,117,NE,ARG,112,O,1137,0.03789873670877637
ARG,81,NH2,ASP,77,OD2,1133,0.03776540781973934
GLU,212,N,ASN,209,O,1133,0.03776540781973934
HIP,224,ND1,SER,220,O,1131,0.037698743375220826
GLN,205,NE2,GLN,176,OE1,1115,0.0371654278190727
SER,253,N,ASN,250,OD1,1115,0.0371654278190727
ALA,232,N,ASP,229,OD2,1114,0.03713209559681344
GLY,157,N,CYS,152,O,1091,0.036365454484850505
ARG,350,NH1,GLU,54,OE2,1084,0.0361321289290357
ARG,415,NH2,GLU,322,OE1,1083,0.03609879670677644
HIE,257,NE2,GLU,222,OE2,1082,0.03606546448451718
LYS,94,NZ,GLU,65,OE2,1072,0.0357321422619246
GLU,396,N,GLU,396,OE1,1067,0.03556548115062831
GLU,396,N,GLU,396,OE2,1067,0.03556548115062831
ARG,57,NH1,ASP,62,OD1,1063,0.03543215226159128
HIE,346,N,GLN,345,OE1,1053,0.0350988300389987
ARG,350,NE,GLU,58,OE2,1045,0.03483217226092464
ARG,81,NH2,PHE,79,O,1039,0.03463217892736909
GLN,119,N,VAL,114,O,1036,0.034532182260591314
GLU,121,N,ILE,118,O,1027,0.03423219226025799
TYR,175,OH,GLN,445,OE1,1025,0.03416552781573948
ASN,261,ND2,HIE,257,NE2,1022,0.0340655311489617
GLN,302,N,GLU,299,O,1020,0.03399886670444319
LEU,23,N,ARG,21,O,1017,0.03389887003766541
ARG,350,NE,ASP,36,OD1,1015,0.0338322055931469
ASN,209,ND2,GLN,176,OE1,1013,0.03376554114862838
ARG,117,NE,SER,153,OG,1012,0.03373220892636912
HIE,203,N,GLY,201,O,1012,0.03373220892636912
ARG,70,N,ASN,89,ND2,1005,0.033498883370554317
PHE,419,N,ALA,416,O,995,0.033165561147961736
ILE,73,N,ASP,77,OD2,994,0.03313222892570248
ARG,92,NH1,GLY,82,O,989,0.03296556781440619
ASN,250,ND2,GLU,247,OE2,977,0.03256558114729509
ASN,91,N,ASN,89,OD1,974,0.03246558448051732
ALA,232,N,ASP,229,OD1,971,0.03236558781373954
ARG,350,NE,ASP,36,OD2,971,0.03236558781373954
ARG,117,NH2,GLU,417,OE2,970,0.032332255591480286
LYS,197,NZ,SER,193,O,968,0.032265591146961765
THR,39,OG1,VAL,47,O,967,0.03223225892470251
ASN,261,ND2,ASN,261,O,967,0.03223225892470251
CYS,124,N,GLU,121,O,953,0.031765607813072895
SER,220,N,ILE,217,O,946,0.03153228225725809
ARG,415,NH2,GLU,411,OE2,942,0.03139895336822106
ILE,413,N,LEU,409,O,939,0.03129895670144329
THR,147,OG1,SER,276,OG,938,0.031265624479184025
ARG,463,NH2,LEU,426,O,933,0.031098963367887738
GLN,187,N,GLN,187,OE1,932,0.031065631145628478
GLN,123,N,GLU,120,O,929,0.030965634478850704
ARG,415,NH2,GLU,322,O,923,0.030765641145295158
ARG,298,NE,GLU,301,OE2,921,0.03069897670077664
GLN,176,NE2,GLN,205,OE1,909,0.030298990033665544
SER,220,OG,TYR,216,O,907,0.030232325589147027
ARG,415,NH1,GLU,411,OE2,907,0.030232325589147027
THR,347,OG1,HIE,346,O,902,0.030065664477850737
ARG,415,NH2,GLU,411,OE1,901,0.03003233225559148
ARG,92,NE,ASN,259,OD1,896,0.02986567114429519
LYS,356,NZ,THR,344,O,896,0.02986567114429519
TYR,162,OH,GLU,121,OE1,894,0.029799006699776674
ARG,21,NH1,GLU,446,OE1,890,0.029665677810739643
LYS,405,NZ,SER,68,OG,890,0.029665677810739643
ARG,350,NH2,GLU,54,OE1,883,0.029432352254924837
PHE,460,N,GLY,134,O,883,0.029432352254924837
ARG,105,N,THR,102,O,878,0.029265691143628546
ARG,20,NH1,MET,18,O,870,0.028999033365554483
THR,227,N,HIP,224,O,858,0.028599046698443386
GLY,412,N,CM1,408,O,858,0.028599046698443386
ARG,350,NH2,GLU,54,OE2,857,0.028565714476184126
GLN,445,NE2,TYR,175,OH,852,0.028399053364887836
ASN,263,ND2,TYR,83,O,849,0.028299056698110062
ARG,105,NH1,GLU,411,OE1,847,0.028232392253591546
GLN,119,N,GLU,116,O,842,0.028065731142295255
LEU,335,N,ASP,333,O,838,0.027932402253258225
ARG,81,NH1,GLN,258,OE1,836,0.02786573780873971
ARG,130,NH2,GLN,123,OE1,833,0.027765741141961935
THR,274,OG1,HM1,464,NC,828,0.027599080030665645
SER,365,OG,PRO,336,O,827,0.027565747808406385
LYS,451,NZ,PHE,331,O,826,0.02753241558614713
TYR,456,N,PRO,454,O,826,0.02753241558614713
SER,26,OG,LEU,23,O,824,0.02746575114162861
TYR,326,OH,GLU,322,OE1,822,0.027399086697110095
LYS,111,NZ,ASP,235,OD2,821,0.02736575447485084
GLN,445,NE2,THR,455,OG1,820,0.02733242225259158
ARG,31,NH1,ASP,36,OD2,818,0.027265757808073065
SER,256,OG,ALA,251,O,817,0.027232425585813805
HID,341,ND1,GLY,69,O,816,0.027199093363554548
TYR,83,OH,HIE,252,ND1,812,0.027065764474517515
GLN,187,N,SER,183,O,810,0.026999100029999
ARG,159,NH1,SER,153,OG,805,0.02683243891870271
ARG,31,NE,GLU,32,OE1,802,0.026732442251924934
ASN,250,ND2,HIE,252,ND1,801,0.026699110029665678
ALA,414,N,LEU,409,O,799,0.02663244558514716
ARG,31,NH1,GLY,35,O,794,0.02646578447385087
ARG,415,NH1,GLU,411,OE1,790,0.02633245558481384
SER,430,OG,GLU,294,OE2,777,0.025899136695443484
ARG,29,NH1,GLU,32,OE2,769,0.02563247891736942
LYS,111,NZ,ARG,234,O,764,0.02546581780607313
GLU,438,N,GLU,438,OE2,762,0.025399153361554613
LYS,111,NZ,THR,103,O,755,0.02516582780573981
ASN,89,ND2,SER,68,O,748,0.024932502249925003
LYS,131,NZ,GLU,127,O,744,0.02479917336088797
ASN,250,ND2,GLU,247,OE1,734,0.02446585113829539
ARG,45,NH1,LYS,72,O,729,0.0242991900269991
VAL,206,N,HIE,203,O,715,0.02383253891536949
LYS,317,NZ,ASP,314,OD2,707,0.023565881137295422
ARG,31,NH1,ASP,36,OD1,700,0.02333255558148062
GLN,165,NE2,GLU,166,OE1,700,0.02333255558148062
GLU,166,N,GLU,166,OE2,697,0.02323255891470284
PHE,199,N,LEU,196,O,691,0.023032565581147295
PHE,160,N,TYR,162,OH,690,0.022999233358888038
VAL,53,N,ASP,370,OD2,689,0.022965901136628778
ARG,70,NE,HID,341,NE2,685,0.022832572247591748
LEU,142,N,PRO,139,O,683,0.02276590780307323
ARG,31,NH2,ASP,370,OD2,678,0.02259924669177694
GLN,163,N,GLN,163,OE1,678,0.02259924669177694
LYS,208,NZ,GLU,212,OE2,674,0.022465917802739908
ARG,81,NE,PRO,78,O,670,0.022332588913702878
ARG,105,NE,ASP,106,OD1,667,0.0222325922469251
ASP,333,N,PHE,331,O,666,0.022199260024665844
LYS,393,NZ,LEU,386,O,661,0.022032598913369554
GLN,187,NE2,ILE,181,O,660,0.021999266691110297
SER,26,N,LEU,23,O,657,0.02189927002433252
GLN,165,NE2,GLU,166,OE2,656,0.021865937802073264
ARG,117,NH1,ARG,112,O,653,0.02176594113529549
ARG,57,NE,GLU,396,OE2,647,0.02156594780173994
ARG,57,NH2,GLU,396,O,645,0.021499283357221427
GLY,157,N,ILE,154,O,644,0.021465951134962167
ARG,92,NE,GLU,254,OE2,643,0.02143261891270291
ASN,214,ND2,ASN,214,O,643,0.02143261891270291
PHE,189,N,GLY,186,O,633,0.02109929669011033
ARG,29,NH1,GLU,32,OE1,629,0.020965967801073297
ARG,298,NH1,GLU,294,OE1,627,0.02089930335655478
THR,455,N,GLN,445,OE1,626,0.020865971134295523
LYS,405,NZ,ALA,64,O,624,0.020799306689777006
ARG,112,NH1,GLU,116,OE1,623,0.02076597446751775
LYS,133,N,LEU,129,O,623,0.02076597446751775
LYS,111,NZ,MET,104,O,622,0.020732642245258493
PHE,167,N,ASP,164,OD1,622,0.020732642245258493
ALA,215,N,GLU,212,O,619,0.020632645578480716
ARG,81,NH1,PHE,79,O,618,0.02059931335622146
VAL,339,N,HM1,464,O2A,617,0.020565981133962203
ARG,105,NH2,ASP,106,OD2,613,0.02043265224492517
ASN,209,ND2,GLN,205,NE2,613,0.02043265224492517
ARG,117,NH2,ARG,112,O,609,0.020299323355888136
GLU,166,N,GLU,166,OE1,609,0.020299323355888136
ARG,298,NH1,GLU,294,OE2,608,0.02026599113362888
ALA,436,N,ASP,439,OD1,607,0.020232658911369623
ARG,57,NE,GLU,396,OE1,605,0.020165994466851106
ARG,415,NE,GLN,329,OE1,602,0.020065997800073333
GLU,438,N,GLU,438,OE1,602,0.020065997800073333
ARG,105,NH1,GLU,411,OE2,599,0.019966001133295556
VAL,449,N,GLN,187,NE2,597,0.019899336688777042
LYS,393,NZ,ASP,387,OD2,596,0.019866004466517782
ARG,31,NH1,ASP,370,OD1,595,0.019832672244258526
LYS,94,NZ,ASN,91,OD1,591,0.019699343355221492
GLY,450,N,ILE,181,O,589,0.019632678910702975
LYS,208,NZ,GLU,212,OE1,585,0.019499350021665945
VAL,303,N,ILE,300,O,584,0.019466017799406685
LEU,196,N,SER,193,O,583,0.01943268557714743
ARG,97,NH1,HM1,464,O1D,582,0.019399353354888172
SER,256,OG,SER,249,O,580,0.019332688910369655
ARG,21,NE,GLU,446,OE1,579,0.019299356688110395
SER,276,OG,PHE,143,O,578,0.01926602446585114
THR,39,OG1,PRO,4,O,577,0.019232692243591882
LYS,131,NZ,GLU,127,OE1,575,0.019166027799073365
SER,249,OG,GLU,247,OE2,574,0.019132695576814105
ARG,112,NH1,GLU,116,OE2,571,0.01903269891003633
GLN,165,N,GLN,165,OE1,571,0.01903269891003633
VAL,61,N,GLU,58,O,570,0.018999366687777075
GLU,375,N,GLU,375,OE1,566,0.01886603779874004
LYS,131,NZ,GLU,127,OE2,564,0.018799373354221525
LYS,25,NZ,ASP,19,OD2,557,0.01856604779840672
ARG,112,NH2,GLU,121,OE1,556,0.01853271557614746
GLY,22,N,ASP,19,OD1,551,0.01836605446485117
ARG,234,NH1,ALA,232,O,549,0.018299390020332654
ARG,117,NH1,GLU,417,OE2,548,0.018266057798073398
LEU,15,N,GLY,13,O,545,0.018166061131295624
ARG,20,NH1,LEU,15,O,545,0.018166061131295624
SER,256,OG,ASN,250,O,543,0.018099396686777108
LEU,362,N,MET,337,O,543,0.018099396686777108
ARG,298,NE,GLU,301,OE1,540,0.017999400019999334
GLN,258,NE2,HIE,252,ND1,538,0.017932735575480818
LYS,393,NZ,ASP,387,OD1,532,0.01773274224192527
ILE,413,N,GLU,411,O,528,0.017599413352888237
ALA,436,N,ASP,439,OD2,526,0.01753274890836972
ARG,105,NE,ASP,106,OD2,524,0.017466084463851204
ARG,97,NH2,ILE,407,O,522,0.01739942001933269
ARG,29,NH1,GLN,17,O,521,0.01736608779707343
SER,193,OG,PHE,189,O,520,0.017332755574814174
LEU,228,N,HIP,224,O,518,0.017266091130295657
TYR,373,OH,GLU,54,OE2,518,0.017266091130295657
ARG,105,NH2,ASP,106,OD1,515,0.017166094463517884
ARG,159,NH1,GLU,120,OE2,512,0.01706609779674011
ASN,263,ND2,SER,100,OG,511,0.01703276557448085
PHE,167,N,ASP,164,OD2,506,0.01686610446318456
GLN,302,NE2,GLU,301,OE1,505,0.016832772240925303
ARG,92,NH2,ALA,251,O,503,0.016766107796406787
ARG,81,NH1,PRO,78,O,498,0.016599446685110496
LYS,451,NZ,ASP,333,O,498,0.016599446685110496
ARG,21,NH1,GLU,446,OE2,496,0.01653278224059198
ARG,81,NH2,GLN,258,OE1,488,0.016266124462517916
ARG,1,NH1,LEU,2,O,485,0.016166127795740143
HIP,224,NE2,ASP,235,OD2,483,0.016099463351221626
SER,249,OG,GLU,247,OE1,479,0.015966134462184593
SER,249,OG,ASN,250,O,461,0.015366154461517949
GLU,375,N,GLU,375,OE2,457,0.015232825572480917
LEU,287,N,LEU,284,O,451,0.015032832238925369
ARG,1,NE,LEU,2,O,446,0.014866171127629078
ARG,234,NH1,GLY,108,O,446,0.014866171127629078
GLN,163,NE2,TYR,162,OH,444,0.014799506683110563
GLN,211,N,LYS,208,O,443,0.014766174460851305
ARG,21,NH2,GLN,445,O,441,0.014699510016332788
ASN,91,ND2,GLU,254,OE2,440,0.014666177794073532
GLN,176,NE2,ASN,172,O,439,0.014632845571814273
ARG,159,NH1,GLU,120,OE1,437,0.014566181127295756
LYS,208,NZ,GLN,205,OE1,437,0.014566181127295756
LYS,208,NZ,GLN,211,OE1,436,0.014532848905036498
GLN,163,NE2,GLU,128,OE1,432,0.014399520015999466
LYS,248,N,GLU,245,O,429,0.014299523349221693
LYS,25,NZ,ASP,19,OD1,426,0.014199526682443918
GLY,186,N,SER,183,O,426,0.014199526682443918
ALA,55,N,GLY,52,O,425,0.014166194460184661
ARG,234,NH2,GLY,110,O,424,0.014132862237925403
ARG,415,NH1,TYR,326,N,423,0.014099530015666144
ILE,118,N,GLU,115,O,421,0.014032865571147628
HIE,161,N,ASP,164,OD1,416,0.013866204459851338
TYR,373,OH,GLU,54,OE1,416,0.013866204459851338
ALA,388,N,ASP,387,OD2,414,0.013799540015332823
GLN,258,NE2,ASN,214,OD1,407,0.013566214459518016
MET,75,N,GLU,190,OE1,406,0.013532882237258757
LYS,394,NZ,TYR,326,OH,406,0.013532882237258757
ARG,57,NH1,ASP,62,OD2,405,0.0134995500149995
LYS,246,NZ,LEU,242,O,404,0.013466217792740242
GLN,302,NE2,GLU,301,OE2,404,0.013466217792740242
LYS,131,N,GLU,128,O,403,0.013432885570480984
SER,153,OG,ILE,150,O,401,0.013366221125962467
ARG,45,NH2,LYS,72,O,400,0.01333288890370321
ARG,308,NH2,GLU,311,OE1,397,0.013232892236925435
SER,332,N,GLN,329,O,397,0.013232892236925435
ASN,91,ND2,ASN,89,OD1,393,0.013099563347888404
ASN,209,ND2,GLU,212,OE1,392,0.013066231125629145
LYS,246,NZ,HID,243,NE2,390,0.01299956668111063
ARG,463,NH2,PHE,429,O,390,0.01299956668111063
ALA,74,N,GLU,190,OE2,389,0.012966234458851372
LYS,376,N,GLU,375,OE2,389,0.012966234458851372
ARG,81,NH2,GLN,211,OE1,382,0.012732908903036565
ILE,146,N,PHE,143,O,382,0.012732908903036565
GLU,32,N,ARG,29,O,379,0.012632912236258792
VAL,95,N,ARG,92,O,374,0.012466251124962502
ARG,97,NE,LYS,405,O,374,0.012466251124962502
LYS,133,NZ,LYS,131,O,371,0.012366254458184726
SER,402,OG,ILE,399,O,369,0.012299590013666211
LEU,420,N,GLU,417,O,368,0.012266257791406953
ALA,388,N,ASP,387,OD1,367,0.012232925569147695
TYR,207,OH,PRO,78,O,364,0.012132928902369921
TRP,93,N,GLY,90,O,362,0.012066264457851405
HIE,252,NE2,GLU,254,OE1,362,0.012066264457851405
GLN,123,NE2,GLU,120,O,361,0.012032932235592146
ILE,407,N,HM1,464,O1D,359,0.011966267791073631
ARG,92,N,ASN,89,O,358,0.011932935568814373
ARG,308,NH2,PRO,309,O,357,0.011899603346555114
ARG,234,NH1,GLY,110,O,356,0.011866271124295856
LYS,376,N,GLU,375,OE1,356,0.011866271124295856
LYS,169,NZ,ASN,209,OD1,355,0.0118329389020366
ARG,308,NH2,GLU,311,OE2,352,0.011732942235258824
ASN,428,ND2,GLN,427,OE1,351,0.011699610012999566
ARG,97,NH1,LYS,405,O,342,0.011399620012666244
GLY,338,N,VAL,449,O,340,0.011332955568147729
THR,147,OG1,GLN,144,O,337,0.011232958901369954
ALA,379,N,PRO,377,O,337,0.011232958901369954
GLU,128,N,LEU,125,O,335,0.011166294456851439
ARG,21,NE,GLU,446,OE2,334,0.01113296223459218
GLU,226,N,LYS,223,O,334,0.01113296223459218
GLN,163,NE2,TYR,162,O,331,0.011032965567814405
TYR,281,OH,LYS,451,O,328,0.010932968901036632
LEU,60,N,ARG,57,O,327,0.010899636678777374
GLY,134,N,LEU,129,O,327,0.010899636678777374
SER,430,OG,LEU,461,O,327,0.010899636678777374
GLY,22,N,ASP,19,OD2,325,0.010832972234258859
LYS,208,NZ,ASN,209,OD1,325,0.010832972234258859
GLN,187,NE2,CYS,447,O,324,0.0107996400119996
TYR,198,N,PHE,195,O,324,0.0107996400119996
HID,341,ND1,VAL,339,O,323,0.010766307789740342
GLN,187,NE2,SER,183,O,319,0.01063297890070331
GLY,90,N,ASN,89,OD1,315,0.010499650011666278
LYS,394,N,LEU,392,O,315,0.010499650011666278
SER,153,OG,GLY,157,O,313,0.010432985567147762
LEU,312,N,GLU,311,OE2,313,0.010432985567147762
LYS,25,N,GLY,22,O,311,0.010366321122629247
GLN,205,NE2,GLN,205,O,310,0.010332988900369988
ARG,92,NE,GLU,254,OE1,307,0.010232992233592213
ARG,97,NH1,ILE,407,O,307,0.010232992233592213
VAL,449,N,ILE,181,O,307,0.010232992233592213
ARG,105,NH1,VAL,101,O,306,0.010199660011332956
ASN,91,ND2,GLU,254,OE1,304,0.01013299556681444
HID,243,N,TYR,240,O,303,0.010099663344555181
ARG,204,NH1,HIE,203,ND1,300,0.009999666677777408
LYS,158,NZ,ASP,235,OD1,299,0.00996633445551815
GLY,390,N,ASP,387,OD1,295,0.009833005566481118
ARG,81,NH2,TYR,207,OH,294,0.00979967334422186
ARG,7,NH1,PRO,8,O,287,0.009566347788407053
TYR,320,N,GLU,299,OE1,287,0.009566347788407053
GLN,345,NE2,THR,344,OG1,287,0.009566347788407053
GLY,412,N,LEU,409,O,287,0.009566347788407053
ARG,45,NH1,PRO,46,O,284,0.00946635112162928
GLN,445,NE2,GLU,446,OE2,284,0.00946635112162928
ARG,225,NH1,GLU,226,OE2,280,0.009333022232592247
HIE,203,NE2,MET,75,O,278,0.00926635778807373
ARG,130,NH1,GLN,123,OE1,273,0.00909969667677744
TYR,216,N,ILE,213,O,272,0.009066364454518182
ALA,64,N,ASP,62,O,270,0.008999700009999667
LYS,197,N,SER,193,O,268,0.00893303556548115
GLY,186,N,SER,183,OG,267,0.008899703343221892
GLY,450,N,GLY,448,O,266,0.008866371120962635
VAL,435,N,SER,433,O,265,0.008833038898703377
LYS,197,NZ,PHE,195,O,261,0.008699710009666345
GLY,390,N,ASP,387,OD2,260,0.008666377787407087
SER,430,OG,GLU,294,OE1,258,0.00859971334288857
LYS,197,N,PHE,195,O,257,0.008566381120629312
ILE,399,N,ALA,397,O,257,0.008566381120629312
GLN,205,NE2,ASN,209,ND2,256,0.008533048898370055
ARG,57,NH2,ASP,62,OD1,255,0.008499716676110797
LEU,312,N,GLU,311,OE1,254,0.008466384453851538
ARG,350,NH1,ASP,36,OD2,253,0.00843305223159228
ARG,117,N,VAL,114,O,252,0.008399720009333022
GLY,201,N,PHE,199,O,250,0.008333055564814507
ARG,225,NH1,GLU,226,OE1,250,0.008333055564814507
LYS,111,NZ,ASP,235,OD1,248,0.00826639112029599
ARG,112,NH1,GLU,121,OE1,248,0.00826639112029599
ILE,73,N,ASP,77,OD1,247,0.008233058898036731
ALA,391,N,ASP,387,OD2,245,0.008166394453518216
ASP,62,N,GLU,58,O,243,0.0080997300089997
ARG,20,NH1,ASP,19,OD2,242,0.008066397786740441
TYR,162,OH,GLU,128,OE2,241,0.008033065564481185
ARG,57,NE,ASP,62,OD1,239,0.007966401119962668
LEU,168,N,GLN,165,O,238,0.00793306889770341
GLN,176,NE2,GLN,176,O,238,0.00793306889770341
SER,193,OG,GLU,190,OE2,238,0.00793306889770341
SER,253,OG,SER,249,O,238,0.00793306889770341
ILE,407,N,ARG,97,NH2,237,0.007899736675444151
ARG,92,NH1,SER,253,O,236,0.007866404453184895
ASN,250,ND2,GLU,247,O,235,0.007833072230925636
GLN,165,NE2,GLN,165,O,234,0.007799740008666378
ARG,31,NH1,ARG,31,O,229,0.007633078897370088
ARG,1,NH2,GLY,351,O,226,0.0075330822305923134
ASN,209,ND2,GLU,212,OE2,225,0.007499750008333056
ARG,20,NH1,ARG,20,O,224,0.0074664177860737976
LEU,125,N,ALA,122,O,224,0.0074664177860737976
ILE,213,N,LEU,210,O,223,0.007433085563814539
ARG,70,NH1,HM1,464,O2A,222,0.007399753341555282
ARG,117,NH2,SER,153,OG,222,0.007399753341555282
THR,358,N,VAL,343,O,221,0.007366421119296023
ARG,92,NH1,GLU,254,OE2,219,0.0072997566747775074
ILE,425,N,PHE,422,O,218,0.007266424452518249
SER,113,OG,GLU,116,OE1,216,0.007199760007999733
ARG,45,N,GLY,43,O,214,0.007133095563481217
TYR,373,N,ASP,370,OD1,211,0.007033098896703443
ARG,406,NH2,SER,68,O,208,0.006933102229925669
GLN,163,NE2,HIE,161,ND1,206,0.006866437785407153
SER,68,N,ALA,66,O,204,0.006799773340888637
ARG,234,NH1,ASP,229,OD1,204,0.006799773340888637
ASN,261,ND2,HIE,257,ND1,204,0.006799773340888637
ARG,406,NH1,ALA,88,O,204,0.006799773340888637
TYR,373,N,ASP,370,OD2,203,0.006766441118629379
ARG,234,NH1,MET,109,O,202,0.006733108896370121
ARG,29,NE,ASP,19,OD2,201,0.006699776674110863
SER,179,OG,GLN,176,O,201,0.006699776674110863
ARG,29,N,SER,26,O,200,0.006666444451851605
GLU,65,N,GLU,65,OE1,200,0.006666444451851605
ARG,92,NH1,GLU,254,OE1,200,0.006666444451851605
LYS,223,NZ,HIE,219,ND1,200,0.006666444451851605
GLN,345,NE2,THR,347,OG1,200,0.006666444451851605
GLN,258,NE2,TYR,83,OH,199,0.006633112229592347
GLY,69,N,THR,344,OG1,198,0.0065997800073330885
ASN,259,ND2,TYR,240,OH,198,0.0065997800073330885
GLN,17,N,GLN,17,OE1,197,0.006566447785073831
LYS,72,NZ,GLU,359,OE1,197,0.006566447785073831
PHE,141,N,ASP,138,O,197,0.006566447785073831
THR,344,OG1,GLU,65,O,197,0.006566447785073831
CYS,447,N,GLU,446,OE1,197,0.006566447785073831
LYS,317,NZ,ASP,314,OD1,196,0.006533115562814573
GLU,417,N,ALA,414,O,196,0.006533115562814573
GLN,205,N,ALA,202,O,194,0.006466451118296057
ASN,209,ND2,GLN,205,OE1,194,0.006466451118296057
LYS,33,NZ,GLU,32,OE2,192,0.006399786673777541
ARG,98,NH1,THR,102,OG1,192,0.006399786673777541
GLN,119,NE2,GLU,115,OE1,192,0.006399786673777541
ASN,172,ND2,GLN,176,NE2,191,0.0063664544515182825
LYS,405,N,LEU,60,O,191,0.0063664544515182825
ARG,112,NH1,GLU,116,O,190,0.006333122229259025
GLN,123,NE2,GLN,123,O,190,0.006333122229259025
ASN,149,N,ILE,146,O,190,0.006333122229259025
TYR,216,OH,GLU,166,OE2,190,0.006333122229259025
LYS,248,NZ,LYS,246,O,190,0.006333122229259025
VAL,184,N,GLU,446,OE1,189,0.006299790006999767
SER,193,N,PHE,189,O,189,0.006299790006999767
HIE,203,NE2,LYS,197,O,189,0.006299790006999767
HIP,224,NE2,GLY,157,O,188,0.006266457784740508
SER,253,N,SER,256,OG,187,0.006233125562481251
LYS,33,NZ,TYR,34,OH,186,0.006199793340221992
ARG,81,N,PRO,78,O,186,0.006199793340221992
THR,395,OG1,TYR,373,O,186,0.006199793340221992
SER,132,OG,GLU,128,OE2,183,0.006099796673444218
GLN,445,N,PRO,453,O,182,0.006066464451184961
TYR,34,N,ARG,31,O,181,0.006033132228925702
THR,274,OG1,HM1,464,NB,181,0.006033132228925702
ARG,415,NH1,PRO,400,O,180,0.005999800006666445
ARG,295,NH1,HIE,291,ND1,178,0.005933135562147928
HIE,252,N,ASN,250,ND2,177,0.0058998033398886705
GLY,69,N,PHE,67,O,176,0.005866471117629412
GLN,119,NE2,GLU,120,OE1,176,0.005866471117629412
ASN,209,N,VAL,206,O,175,0.005833138895370155
ALA,391,N,ASP,387,OD1,175,0.005833138895370155
PHE,107,N,ASP,106,OD2,174,0.005799806673110896
ARG,234,NH1,PRO,233,O,173,0.005766474450851638
ARG,415,N,GLY,410,O,172,0.00573314222859238
LYS,197,NZ,GLY,194,O,171,0.005699810006333122
ASN,149,ND2,TYR,162,OH,169,0.005633145561814606
HIE,203,NE2,PHE,199,O,169,0.005633145561814606
ASP,164,N,TYR,162,O,168,0.005599813339555348
TYR,83,OH,GLN,258,OE1,167,0.00556648111729609
THR,455,N,GLN,445,NE2,167,0.00556648111729609
ALA,202,N,PRO,200,O,166,0.005533148895036832
ARG,81,NH1,ASP,77,OD2,162,0.0053998200059998
LYS,246,NZ,GLU,245,OE1,162,0.0053998200059998
ARG,406,NH1,HM1,464,O1A,162,0.0053998200059998
ARG,406,NH2,VAL,85,O,161,0.005366487783740542
ARG,29,NH2,SER,26,OG,160,0.005333155561481284
ARG,130,NH2,ASN,428,OD1,160,0.005333155561481284
ARG,204,N,HIE,203,ND1,160,0.005333155561481284
ARG,20,NH2,LEU,15,O,159,0.005299823339222026
LYS,33,NZ,ARG,29,O,158,0.0052664911169627675
HIE,313,N,GLU,311,OE1,158,0.0052664911169627675
ARG,234,NH2,MET,109,O,156,0.005199826672444252
MET,337,N,GLY,448,O,156,0.005199826672444252
ARG,415,NH2,PRO,400,O,156,0.005199826672444252
HIE,161,NE2,GLN,163,OE1,155,0.005166494450184994
ASN,261,ND2,GLN,258,OE1,155,0.005166494450184994
SER,249,N,GLU,247,O,154,0.005133162227925736
CYS,447,N,GLU,446,OE2,150,0.004999833338888704
ARG,1,NE,GLY,351,O,149,0.004966501116629446
GLN,205,NE2,GLY,201,O,149,0.004966501116629446
SER,249,OG,SER,253,OG,149,0.004966501116629446
ARG,330,NE,GLU,327,OE1,149,0.004966501116629446
HIP,384,NE2,LYS,376,O,149,0.004966501116629446
LYS,25,NZ,ARG,21,O,148,0.004933168894370188
LYS,111,NZ,GLY,108,O,148,0.004933168894370188
GLU,120,N,GLU,115,O,148,0.004933168894370188
ARG,234,N,ALA,232,O,148,0.004933168894370188
ARG,159,NH1,ASN,149,OD1,147,0.00489983667211093
GLY,412,N,GLY,410,O,147,0.00489983667211093
ARG,57,NE,ASP,62,OD2,145,0.004833172227592414
LYS,317,NZ,HIE,313,ND1,144,0.0047998400053331555
ARG,92,NH2,GLU,254,OE2,143,0.004766507783073898
SER,193,OG,GLU,190,OE1,143,0.004766507783073898
ARG,295,NH1,HIE,291,O,143,0.004766507783073898
ARG,97,NH2,HM1,464,O1D,142,0.00473317556081464
ALA,135,N,SER,132,OG,142,0.00473317556081464
GLU,245,N,LEU,242,O,142,0.00473317556081464
PHE,380,N,TYR,289,OH,141,0.004699843338555381
GLN,176,NE2,ASN,209,OD1,138,0.004599846671777608
ARG,204,NH1,TYR,198,OH,138,0.004599846671777608
ARG,280,NH1,THR,277,OG1,138,0.004599846671777608
ARG,330,N,GLU,327,O,138,0.004599846671777608
GLY,412,N,GLU,411,OE2,138,0.004599846671777608
ARG,415,NH1,ILE,325,O,138,0.004599846671777608
GLN,119,NE2,GLU,120,OE2,137,0.0045665144495183494
ARG,81,NH1,ASP,77,O,136,0.004533182227259091
SER,249,N,LYS,246,O,136,0.004533182227259091
ASN,381,ND2,ALA,379,O,136,0.004533182227259091
LYS,405,NZ,SER,68,O,136,0.004533182227259091
ARG,81,NH2,PRO,78,O,135,0.0044998500049998336
GLN,176,NE2,GLN,205,NE2,135,0.0044998500049998336
TYR,216,OH,GLU,166,OE1,135,0.0044998500049998336
ILE,150,N,THR,147,O,134,0.004466517782740575
ARG,159,NE,SER,153,OG,134,0.004466517782740575
TYR,162,OH,GLU,128,OE1,133,0.004433185560481318
LYS,33,NZ,GLU,32,OE1,131,0.004366521115962801
LYS,356,NZ,GLN,345,OE1,131,0.004366521115962801
GLN,457,NE2,TYR,456,O,131,0.004366521115962801
ASN,209,ND2,ASN,209,O,130,0.004333188893703543
PHE,107,N,ASP,106,OD1,129,0.004299856671444285
GLU,127,N,CYS,124,O,128,0.0042665244491850276
ARG,159,NE,ASN,149,OD1,127,0.004233192226925769
ARG,204,NH1,TYR,198,O,127,0.004233192226925769
HIE,291,N,HIE,291,ND1,127,0.004233192226925769
ARG,295,NH2,GLU,299,OE2,126,0.004199860004666511
ASP,77,N,ALA,74,O,125,0.004166527782407253
ARG,92,NE,GLY,82,O,125,0.004166527782407253
SER,145,OG,TYR,162,O,125,0.004166527782407253
ARG,315,NH1,LEU,312,O,125,0.004166527782407253
ARG,1,NH1,GLY,351,O,123,0.004099863337888737
ARG,20,NH1,ASP,19,OD1,123,0.004099863337888737
PHE,80,N,ASP,77,O,123,0.004099863337888737
ARG,92,N,ASN,89,ND2,122,0.004066531115629479
HIE,313,N,GLU,311,OE2,122,0.004066531115629479
ARG,415,NH2,GLN,329,OE1,122,0.004066531115629479
THR,358,OG1,LYS,356,O,121,0.004033198893370221
GLN,302,NE2,GLN,302,O,120,0.003999866671110963
ARG,234,NH1,ASP,235,OD2,119,0.003966534448851705
LEU,284,N,TYR,281,O,119,0.003966534448851705
GLN,345,NE2,THR,344,O,119,0.003966534448851705
ARG,406,NE,SER,68,OG,119,0.003966534448851705
LEU,180,N,THR,177,O,118,0.003933202226592447
GLN,211,NE2,ASN,214,OD1,118,0.003933202226592447
VAL,339,N,HID,341,NE2,118,0.003933202226592447
GLN,258,N,HIE,257,ND1,117,0.003899870004333189
ARG,29,NE,ASP,19,OD1,113,0.0037665411152961567
ARG,97,NH1,SER,100,OG,113,0.0037665411152961567
LYS,246,NZ,GLU,247,OE2,113,0.0037665411152961567
ARG,280,NH2,TYR,175,OH,113,0.0037665411152961567
THR,321,OG1,GLU,299,OE2,113,0.0037665411152961567
ARG,98,NH2,THR,102,OG1,111,0.003699876670777641
PHE,107,N,ARG,105,O,111,0.003699876670777641
SER,132,OG,GLU,128,OE1,111,0.003699876670777641
SER,249,OG,LYS,246,O,111,0.003699876670777641
ARG,112,NH2,GLU,116,O,110,0.003666544448518383
LYS,169,NZ,GLN,165,OE1,110,0.003666544448518383
LYS,356,N,HIE,346,NE2,110,0.003666544448518383
PHE,374,N,PRO,371,O,110,0.003666544448518383
GLN,211,NE2,GLN,211,O,109,0.0036332122262591245
LYS,317,NZ,HIE,313,NE2,109,0.0036332122262591245
ILE,73,N,GLY,71,O,108,0.0035998800039998666
HIE,161,N,ASP,164,OD2,107,0.0035665477817406087
GLU,411,N,LEU,409,O,107,0.0035665477817406087
TYR,216,OH,GLU,166,O,105,0.0034998833372220928
ARG,234,N,SER,231,O,104,0.0034665511149628344
ARG,463,NH1,PHE,429,O,104,0.0034665511149628344
THR,147,OG1,THR,275,OG1,103,0.0034332188927035765
LYS,451,NZ,TYR,281,OH,103,0.0034332188927035765
ARG,70,NH1,SER,68,O,102,0.0033998866704443185
LYS,248,N,LYS,246,O,102,0.0033998866704443185
HIE,257,NE2,GLY,218,O,102,0.0033998866704443185
SER,348,OG,TYR,352,O,102,0.0033998866704443185
ARG,92,NH2,GLY,82,O,101,0.0033665544481850606
GLN,123,NE2,GLU,127,OE2,101,0.0033665544481850606
ARG,234,NH2,GLY,108,O,101,0.0033665544481850606
ARG,406,NE,SER,68,O,101,0.0033665544481850606
SER,276,OG,GLU,273,OE2,100,0.0033332222259258026
ARG,298,NH1,GLN,302,OE1,100,0.0033332222259258026
GLN,345,NE2,GLU,65,OE2,100,0.0033332222259258026
GLU,65,N,GLU,65,OE2,99,0.0032998900036665443
ALA,135,N,LYS,133,O,99,0.0032998900036665443
ASN,172,ND2,ASN,172,O,99,0.0032998900036665443
GLN,123,NE2,GLU,127,OE1,98,0.0032665577814072863
ARG,415,NH2,TYR,326,N,98,0.0032665577814072863
ARG,225,N,GLU,222,O,96,0.0031998933368887704
THR,321,N,GLU,299,OE2,96,0.0031998933368887704
LEU,12,N,LEU,9,O,95,0.0031665611146295125
LYS,288,NZ,GLU,438,OE2,95,0.0031665611146295125
HID,369,ND1,ASP,378,OD1,95,0.0031665611146295125
LEU,403,N,SER,402,OG,95,0.0031665611146295125
ARG,21,NH1,ARG,21,O,94,0.003133228892370254
LYS,111,NZ,PHE,107,O,94,0.003133228892370254
ASN,261,ND2,GLY,218,N,94,0.003133228892370254
SER,68,OG,ASN,89,OD1,93,0.003099896670110996
SER,145,N,LEU,142,O,93,0.003099896670110996
ASP,235,N,ALA,232,O,93,0.003099896670110996
GLN,258,NE2,GLN,258,O,93,0.003099896670110996
LYS,288,NZ,GLU,438,O,93,0.003099896670110996
SER,402,OG,PHE,401,O,93,0.003099896670110996
ASN,89,ND2,PHE,87,O,92,0.0030665644478517383
LYS,246,NZ,GLU,247,OE1,92,0.0030665644478517383
GLN,258,N,SER,256,OG,92,0.0030665644478517383
SER,276,OG,GLU,273,OE1,92,0.0030665644478517383
ARG,7,NH2,GLY,5,O,89,0.002966567781073964
SER,68,OG,GLU,65,OE2,89,0.002966567781073964
THR,103,N,SER,100,O,89,0.002966567781073964
LYS,288,NZ,GLU,438,OE1,89,0.002966567781073964
MET,318,N,ASP,314,O,89,0.002966567781073964
HID,341,ND1,VAL,360,O,89,0.002966567781073964
HID,369,ND1,ASP,378,OD2,88,0.002933235558814706
ARG,295,NE,HIE,291,O,87,0.002899903336555448
GLN,445,NE2,GLN,445,O,86,0.00286657111429619
ARG,463,NE,PHE,429,O,86,0.00286657111429619
PHE,30,N,PHE,27,O,85,0.0028332388920369322
ARG,415,NH1,TYR,326,OH,85,0.0028332388920369322
GLN,123,NE2,GLU,120,OE2,84,0.002799906669777674
ARG,159,NE,PHE,160,O,83,0.002766574447518416
GLN,205,N,GLN,205,OE1,83,0.002766574447518416
ARG,234,NH1,ASP,229,OD2,82,0.002733242225259158
ARG,463,NH1,SER,430,OG,82,0.002733242225259158
LYS,111,NZ,ASP,106,OD1,81,0.0026999100029999
GLN,345,NE2,GLU,65,OE1,81,0.0026999100029999
GLY,22,N,ARG,20,O,80,0.002666577780740642
GLU,58,N,ALA,55,O,80,0.002666577780740642
ARG,97,NH2,SER,100,OG,80,0.002666577780740642
THR,103,OG1,SER,100,O,80,0.002666577780740642
GLN,187,NE2,SER,182,O,80,0.002666577780740642
PHE,398,N,THR,395,OG1,80,0.002666577780740642
ARG,45,NH2,GLU,190,O,79,0.0026332455584813837
LYS,169,NZ,GLN,165,O,79,0.0026332455584813837
ASN,214,ND2,GLN,211,O,79,0.0026332455584813837
ARG,234,NH2,ASP,229,OD1,79,0.0026332455584813837
VAL,53,N,TYR,373,OH,78,0.002599913336222126
MET,104,N,VAL,101,O,78,0.002599913336222126
GLN,123,NE2,GLU,120,OE1,78,0.002599913336222126
LEU,312,N,GLN,119,OE1,78,0.002599913336222126
LYS,393,NZ,HIP,384,O,78,0.002599913336222126
ARG,57,NE,GLU,396,O,77,0.002566581113962868
ARG,57,NH1,GLU,396,O,77,0.002566581113962868
LYS,223,NZ,HIE,219,O,77,0.002566581113962868
ARG,308,NE,PRO,309,O,77,0.002566581113962868
GLN,445,NE2,GLU,446,OE1,77,0.002566581113962868
ARG,105,NH1,MET,104,O,76,0.00253324889170361
ILE,342,N,PHE,67,O,76,0.00253324889170361
GLU,417,N,GLU,417,OE1,76,0.00253324889170361
ALA,59,N,ILE,56,O,75,0.002499916669444352
SER,113,OG,GLU,116,OE2,75,0.002499916669444352
ARG,130,NH1,ASN,428,OD1,75,0.002499916669444352
LYS,394,NZ,LEU,392,O,75,0.002499916669444352
ARG,280,NH2,PRO,454,O,74,0.002466584447185094
ASP,106,N,MET,104,O,73,0.0024332522249258357
TYR,162,OH,SER,145,OG,73,0.0024332522249258357
THR,275,OG1,GLU,417,OE2,73,0.0024332522249258357
HIE,313,NE2,GLU,311,OE2,73,0.0024332522249258357
LYS,197,NZ,TYR,198,OH,72,0.0023999200026665777
HIE,252,NE2,GLU,254,OE2,72,0.0023999200026665777
LYS,317,N,HIE,313,O,72,0.0023999200026665777
GLN,345,NE2,HIE,346,O,72,0.0023999200026665777
ILE,407,N,LYS,405,O,72,0.0023999200026665777
LYS,111,NZ,ASP,106,OD2,71,0.00236658778040732
HIE,203,NE2,TYR,198,OH,71,0.00236658778040732
ARG,234,NE,ALA,232,O,71,0.00236658778040732
ARG,308,N,HIE,307,ND1,71,0.00236658778040732
HIE,313,NE2,GLU,311,OE1,71,0.00236658778040732
ASP,106,N,VAL,101,O,70,0.002333255558148062
MET,170,N,PHE,167,O,70,0.002333255558148062
ARG,350,NH1,ARG,350,O,69,0.002299923335888804
SER,153,N,ILE,150,O,68,0.0022665911136295455
ARG,204,NH2,LYS,197,O,68,0.0022665911136295455
ASN,250,ND2,HIE,252,O,68,0.0022665911136295455
ASN,259,N,SER,256,O,68,0.0022665911136295455
GLY,390,N,ALA,388,O,68,0.0022665911136295455
ARG,406,NH1,ILE,86,O,68,0.0022665911136295455
GLY,43,N,LEU,12,O,67,0.0022332588913702876
VAL,221,N,GLY,218,O,67,0.0022332588913702876
SER,253,N,HIE,252,ND1,67,0.0022332588913702876
GLY,351,N,PHE,349,O,67,0.0022332588913702876
THR,39,OG1,PHE,38,O,66,0.0021999266691110297
GLY,110,N,GLY,108,O,66,0.0021999266691110297
LEU,403,N,ILE,399,O,66,0.0021999266691110297
GLY,450,N,SER,182,O,65,0.0021665944468517717
ARG,92,NH2,GLU,254,OE1,64,0.0021332622245925138
GLN,163,NE2,ASP,164,OD2,64,0.0021332622245925138
ARG,105,NH2,GLU,411,O,63,0.0020999300023332554
SER,256,N,GLU,254,O,63,0.0020999300023332554
HIP,224,NE2,PHE,156,O,62,0.0020665977800739975
LYS,288,N,LEU,285,O,62,0.0020665977800739975
ARG,21,NH1,ASP,19,OD1,61,0.0020332655578147395
ARG,21,NH1,GLN,445,O,61,0.0020332655578147395
ARG,57,NH2,TYR,373,OH,61,0.0020332655578147395
SER,332,OG,GLN,329,O,61,0.0020332655578147395
SER,68,OG,GLU,65,OE1,60,0.0019999333355554816
GLN,119,NE2,GLU,115,OE2,60,0.0019999333355554816
GLN,211,N,GLN,211,OE1,60,0.0019999333355554816
THR,275,OG1,THR,274,OG1,60,0.0019999333355554816
ALA,293,N,PRO,290,O,60,0.0019999333355554816
ARG,308,N,GLY,305,O,60,0.0019999333355554816
LYS,72,NZ,GLU,359,OE2,59,0.0019666011132962236
MET,75,N,GLU,190,OE2,59,0.0019666011132962236
TYR,162,N,PHE,160,O,59,0.0019666011132962236
ILE,407,N,GLY,404,O,59,0.0019666011132962236
ARG,7,NH1,GLY,5,O,58,0.0019332688910369655
ILE,181,N,PHE,178,O,58,0.0019332688910369655
THR,239,OG1,LEU,236,O,58,0.0019332688910369655
ALA,251,N,ASN,250,ND2,58,0.0019332688910369655
TYR,289,N,MET,286,O,58,0.0019332688910369655
SER,332,OG,THR,278,OG1,58,0.0019332688910369655
ARG,21,N,ASP,19,O,57,0.0018999366687777073
LYS,133,NZ,ARG,130,O,57,0.0018999366687777073
ARG,234,NH1,ASP,235,OD1,57,0.0018999366687777073
TYR,240,OH,SER,256,O,57,0.0018999366687777073
ARG,234,NH1,SER,231,OG,56,0.0018666044465184494
THR,344,OG1,ILE,342,O,56,0.0018666044465184494
GLN,457,NE2,THR,455,O,56,0.0018666044465184494
ARG,105,N,THR,103,O,54,0.0017999400019999333
ARG,350,NH1,ASP,36,OD1,54,0.0017999400019999333
ARG,415,NE,GLY,412,O,54,0.0017999400019999333
ARG,463,NH1,GLN,427,O,54,0.0017999400019999333
ARG,112,NH2,GLY,110,O,53,0.0017666077797406754
LYS,158,NZ,ASP,235,OD2,53,0.0017666077797406754
ARG,31,NH2,ASP,370,OD1,52,0.0017332755574814172
ASN,381,ND2,LYS,376,O,52,0.0017332755574814172
GLY,412,N,GLU,411,OE1,52,0.0017332755574814172
GLN,258,N,GLN,258,NE2,51,0.0016999433352221593
ARG,406,N,LEU,403,O,51,0.0016999433352221593
GLN,258,NE2,HIE,257,ND1,50,0.0016666111129629013
GLN,345,NE2,ALA,66,O,49,0.0016332788907036432
SER,26,OG,ASP,19,OD2,48,0.0015999466684443852
GLN,165,N,GLN,165,NE2,48,0.0015999466684443852
LYS,394,NZ,GLU,396,OE2,48,0.0015999466684443852
LYS,131,NZ,GLN,163,OE1,47,0.001566614446185127
TYR,162,OH,GLU,121,OE2,47,0.001566614446185127
THR,264,OG1,ASN,261,O,47,0.001566614446185127
VAL,449,N,GLN,187,OE1,47,0.001566614446185127
ARG,81,NH1,TYR,83,OH,46,0.0015332822239258691
ARG,81,NH1,TYR,207,OH,46,0.0015332822239258691
GLY,201,N,TYR,198,OH,46,0.0015332822239258691
GLN,211,NE2,GLU,212,OE1,46,0.0015332822239258691
GLN,211,NE2,GLU,212,OE2,46,0.0015332822239258691
HID,369,ND1,ASP,333,OD1,46,0.0015332822239258691
ARG,1,NH2,LEU,2,O,45,0.0014999500016666112
TYR,207,OH,GLN,211,OE1,45,0.0014999500016666112
HIE,252,N,ASN,250,O,45,0.0014999500016666112
ASN,259,ND2,GLU,254,O,45,0.0014999500016666112
ARG,280,NE,THR,140,OG1,45,0.0014999500016666112
ARG,81,NH1,ARG,81,O,44,0.001466617779407353
ASN,172,ND2,GLN,176,OE1,44,0.001466617779407353
SER,256,OG,GLN,258,OE1,44,0.001466617779407353
ARG,308,NH2,VAL,303,O,44,0.001466617779407353
ALA,391,N,ASN,389,O,44,0.001466617779407353
LYS,393,NZ,LYS,394,O,44,0.001466617779407353
GLY,35,N,PHE,30,O,43,0.001433285557148095
GLN,211,NE2,LYS,208,O,43,0.001433285557148095
TYR,216,OH,ASP,164,O,43,0.001433285557148095
ARG,234,NE,MET,109,O,43,0.001433285557148095
VAL,292,N,HIE,291,ND1,43,0.001433285557148095
GLN,329,NE2,THR,278,OG1,43,0.001433285557148095
LYS,394,NZ,THR,395,O,43,0.001433285557148095
THR,395,N,LYS,393,O,43,0.001433285557148095
GLN,457,NE2,ASP,138,N,43,0.001433285557148095
ARG,97,NE,ARG,97,O,42,0.001399953334888837
THR,177,N,PHE,174,O,42,0.001399953334888837
ARG,204,NE,TYR,198,OH,42,0.001399953334888837
ARG,295,NH1,TYR,320,OH,42,0.001399953334888837
GLN,457,NE2,MET,137,O,42,0.001399953334888837
LYS,246,NZ,GLU,245,OE2,41,0.001366621112629579
ASN,250,ND2,SER,253,OG,41,0.001366621112629579
HID,369,ND1,ASP,333,OD2,41,0.001366621112629579
ASN,389,N,ASP,387,O,41,0.001366621112629579
GLN,457,NE2,ASP,138,OD2,41,0.001366621112629579
ARG,20,NH2,MET,18,O,40,0.001333288890370321
GLY,52,N,ASP,36,O,40,0.001333288890370321
LYS,394,NZ,GLU,322,OE2,40,0.001333288890370321
THR,395,OG1,GLU,396,OE1,40,0.001333288890370321
GLN,457,NE2,ASP,138,OD1,40,0.001333288890370321
ASN,91,ND2,ASN,91,O,39,0.001299956668111063
ARG,97,NE,HM1,464,O1D,39,0.001299956668111063
ASN,214,ND2,ASN,261,ND2,39,0.001299956668111063
ARG,81,NH2,TYR,83,OH,38,0.001266624445851805
SER,100,OG,ARG,97,O,38,0.001266624445851805
ARG,159,NH2,SER,153,OG,38,0.001266624445851805
THR,239,N,LEU,236,O,38,0.001266624445851805
GLN,457,NE2,LEU,136,O,38,0.001266624445851805
GLU,54,N,GLU,54,OE2,37,0.001233292223592547
GLY,84,N,ASN,259,OD1,37,0.001233292223592547
ARG,92,NH1,ARG,81,O,37,0.001233292223592547
ARG,112,NH1,SER,153,OG,37,0.001233292223592547
LEU,188,N,PHE,185,O,37,0.001233292223592547
GLY,218,N,ALA,215,O,37,0.001233292223592547
ARG,234,NH2,ASP,229,OD2,37,0.001233292223592547
SER,253,OG,SER,249,OG,37,0.001233292223592547
THR,395,OG1,GLU,396,OE2,37,0.001233292223592547
GLN,427,N,THR,424,O,37,0.001233292223592547
ARG,1,NH2,PRO,3,O,36,0.0011999600013332889
SER,26,OG,ASP,19,OD1,36,0.0011999600013332889
GLY,90,N,SER,68,OG,36,0.0011999600013332889
ARG,105,NH1,ARG,105,O,36,0.0011999600013332889
ASN,209,ND2,LEU,173,O,36,0.0011999600013332889
ARG,295,NE,TYR,320,OH,36,0.0011999600013332889
ARG,298,NH2,GLN,302,OE1,36,0.0011999600013332889
LEU,418,N,ARG,415,O,36,0.0011999600013332889
ARG,21,NH1,ASP,19,OD2,35,0.001166627779074031
ARG,31,NH1,ASP,370,OD2,35,0.001166627779074031
LYS,63,NZ,SER,348,OG,35,0.001166627779074031
GLU,116,N,GLU,116,OE1,35,0.001166627779074031
GLN,119,NE2,GLN,123,OE1,35,0.001166627779074031
GLN,144,N,PHE,141,O,35,0.001166627779074031
ARG,20,NE,MET,18,O,34,0.0011332955568147728
ARG,57,NH1,TYR,373,OH,34,0.0011332955568147728
ARG,92,NH1,ARG,92,O,34,0.0011332955568147728
ARG,105,NE,VAL,101,O,34,0.0011332955568147728
ARG,105,NH1,GLU,411,O,34,0.0011332955568147728
ARG,117,NE,SER,113,O,34,0.0011332955568147728
TYR,162,N,HIE,161,ND1,34,0.0011332955568147728
SER,182,OG,SER,179,O,34,0.0011332955568147728
ARG,204,NH1,LYS,197,O,34,0.0011332955568147728
THR,227,OG1,HIP,224,O,34,0.0011332955568147728
ALA,367,N,ILE,363,O,34,0.0011332955568147728
ARG,20,NE,ARG,20,O,33,0.0010999633345555148
LEU,23,N,GLN,187,OE1,33,0.0010999633345555148
LYS,169,NZ,ASN,172,OD1,33,0.0010999633345555148
ARG,234,NE,GLY,110,O,33,0.0010999633345555148
SER,253,N,SER,249,OG,33,0.0010999633345555148
ARG,315,NE,LEU,312,O,33,0.0010999633345555148
SER,402,N,PHE,398,O,33,0.0010999633345555148
ASP,441,N,ASP,439,O,33,0.0010999633345555148
GLN,457,N,GLN,457,OE1,33,0.0010999633345555148
LEU,23,N,CYS,447,O,32,0.0010666311122962569
ARG,234,NH2,ALA,232,O,32,0.0010666311122962569
ASN,381,ND2,GLU,375,OE1,32,0.0010666311122962569
LYS,393,NZ,GLU,375,OE1,32,0.0010666311122962569
GLU,417,N,GLU,417,OE2,32,0.0010666311122962569
PHE,429,N,LEU,426,O,32,0.0010666311122962569
THR,455,OG1,THR,455,O,32,0.0010666311122962569
GLN,165,N,GLN,163,O,31,0.0010332988900369987
ASN,250,ND2,HIE,252,NE2,31,0.0010332988900369987
GLU,294,N,HIE,291,O,31,0.0010332988900369987
HIE,307,NE2,ARG,463,O,31,0.0010332988900369987
ARG,315,NH1,GLU,322,OE1,31,0.0010332988900369987
ASP,383,N,ASN,381,ND2,31,0.0010332988900369987
ARG,70,NE,VAL,339,O,30,0.0009999666677777408
GLY,90,N,ASN,89,ND2,30,0.0009999666677777408
SER,179,OG,GLN,445,OE1,30,0.0009999666677777408
HIP,224,N,VAL,221,O,30,0.0009999666677777408
HIP,224,NE2,ASP,238,OD1,30,0.0009999666677777408
THR,239,OG1,THR,103,OG1,30,0.0009999666677777408
HIE,252,NE2,SER,249,OG,30,0.0009999666677777408
ARG,280,NH1,SER,276,OG,30,0.0009999666677777408
ARG,298,NH1,ARG,298,O,30,0.0009999666677777408
THR,344,OG1,ASP,357,OD2,30,0.0009999666677777408
GLN,445,NE2,SER,179,OG,30,0.0009999666677777408
GLY,22,N,VAL,184,O,29,0.0009666344455184827
SER,68,OG,ASN,91,OD1,29,0.0009666344455184827
ARG,81,NE,ARG,81,O,29,0.0009666344455184827
ARG,81,NE,TYR,83,OH,29,0.0009666344455184827
LYS,133,N,LYS,131,O,29,0.0009666344455184827
LYS,169,N,GLU,166,O,29,0.0009666344455184827
LYS,208,N,GLN,205,O,29,0.0009666344455184827
SER,253,OG,GLU,247,O,29,0.0009666344455184827
HID,369,ND1,SER,365,OG,29,0.0009666344455184827
ILE,407,N,ARG,97,NH1,29,0.0009666344455184827
ARG,20,NH1,GLU,446,OE2,28,0.0009333022232592247
ARG,98,NE,ARG,98,O,28,0.0009333022232592247
PHE,174,N,LEU,171,O,28,0.0009333022232592247
ARG,234,NH2,SER,231,OG,28,0.0009333022232592247
HIE,257,N,HIE,257,ND1,28,0.0009333022232592247
ARG,315,NH1,GLU,322,OE2,28,0.0009333022232592247
HID,341,ND1,HM1,464,O2A,28,0.0009333022232592247
ARG,415,NE,GLU,411,OE2,28,0.0009333022232592247
ARG,20,NH1,LEU,188,O,27,0.0008999700009999666
ARG,31,NH1,GLU,32,OE1,27,0.0008999700009999666
ARG,45,NE,LEU,42,O,27,0.0008999700009999666
ASN,89,ND2,ASN,89,O,27,0.0008999700009999666
LYS,94,N,ASN,91,O,27,0.0008999700009999666
LYS,111,NZ,SER,153,O,27,0.0008999700009999666
ARG,112,NE,GLU,116,O,27,0.0008999700009999666
ARG,130,N,GLU,127,O,27,0.0008999700009999666
LEU,173,N,MET,170,O,27,0.0008999700009999666
LYS,288,NZ,TYR,289,OH,27,0.0008999700009999666
GLU,359,N,GLU,359,OE2,27,0.0008999700009999666
ARG,415,NE,PRO,400,O,27,0.0008999700009999666
ARG,98,NH2,HID,243,NE2,26,0.0008666377787407086
LYS,208,NZ,ARG,204,O,26,0.0008666377787407086
ARG,280,NH1,GLU,273,OE1,26,0.0008666377787407086
ILE,325,N,GLU,322,O,26,0.0008666377787407086
ASP,357,N,THR,344,O,26,0.0008666377787407086
LYS,405,NZ,LEU,60,O,26,0.0008666377787407086
ALA,74,N,LYS,72,O,25,0.0008333055564814507
GLY,84,N,GLY,82,O,25,0.0008333055564814507
ASN,91,N,ASN,89,ND2,25,0.0008333055564814507
ARG,92,N,ASN,91,OD1,25,0.0008333055564814507
THR,102,N,PHE,99,O,25,0.0008333055564814507
SER,348,OG,GLY,351,O,25,0.0008333055564814507
LEU,362,N,HID,341,NE2,25,0.0008333055564814507
THR,366,OG1,CYS,51,O,25,0.0008333055564814507
LEU,368,N,SER,365,O,25,0.0008333055564814507
PHE,422,N,PHE,419,O,25,0.0008333055564814507
LEU,442,N,ASP,441,OD1,25,0.0008333055564814507
PHE,143,N,THR,140,O,24,0.0007999733342221926
GLN,163,NE2,GLN,163,O,24,0.0007999733342221926
ASP,238,N,ASP,235,OD1,24,0.0007999733342221926
SER,266,N,ASN,263,O,24,0.0007999733342221926
ARG,298,NE,GLN,302,OE1,24,0.0007999733342221926
TYR,352,OH,ARG,1,O,24,0.0007999733342221926
ASP,370,N,THR,366,O,24,0.0007999733342221926
ARG,406,NH2,ASN,89,OD1,24,0.0007999733342221926
PHE,27,N,LEU,24,O,23,0.0007666411119629346
GLY,157,N,SER,153,O,23,0.0007666411119629346
TYR,162,OH,SER,145,O,23,0.0007666411119629346
ASP,164,N,HIE,161,ND1,23,0.0007666411119629346
LEU,210,N,TYR,207,O,23,0.0007666411119629346
LYS,394,NZ,GLU,396,OE1,23,0.0007666411119629346
SER,26,OG,GLN,17,O,22,0.0007333088897036765
ARG,31,NH1,GLU,32,OE2,22,0.0007333088897036765
LYS,72,NZ,ARG,70,O,22,0.0007333088897036765
ILE,86,N,SER,266,OG,22,0.0007333088897036765
LYS,111,NZ,MET,109,O,22,0.0007333088897036765
LYS,111,NZ,PRO,233,O,22,0.0007333088897036765
ALA,122,N,GLN,119,O,22,0.0007333088897036765
THR,147,N,GLN,144,O,22,0.0007333088897036765
ARG,204,NE,PRO,200,O,22,0.0007333088897036765
LYS,223,N,SER,220,O,22,0.0007333088897036765
LEU,228,N,GLU,226,O,22,0.0007333088897036765
SER,256,OG,GLU,247,O,22,0.0007333088897036765
SER,256,OG,SER,253,OG,22,0.0007333088897036765
SER,332,N,ARG,330,O,22,0.0007333088897036765
LYS,394,NZ,LYS,394,O,22,0.0007333088897036765
LEU,442,N,ASP,441,OD2,22,0.0007333088897036765
ARG,20,N,ARG,20,NH1,21,0.0006999766674444185
LYS,63,NZ,THR,347,OG1,21,0.0006999766674444185
ARG,70,NH2,PRO,340,O,21,0.0006999766674444185
GLY,71,N,HID,341,N,21,0.0006999766674444185
ARG,105,NH1,LEU,409,O,21,0.0006999766674444185
ARG,117,NH1,SER,113,O,21,0.0006999766674444185
GLN,119,NE2,GLN,123,NE2,21,0.0006999766674444185
LYS,158,NZ,SER,220,OG,21,0.0006999766674444185
GLY,194,N,LEU,191,O,21,0.0006999766674444185
TYR,198,N,LEU,196,O,21,0.0006999766674444185
ARG,204,NH2,TYR,198,O,21,0.0006999766674444185
TYR,207,N,ARG,204,O,21,0.0006999766674444185
SER,402,OG,GLU,396,O,21,0.0006999766674444185
ARG,98,N,VAL,95,O,20,0.0006666444451851605
ARG,105,NH2,LEU,409,O,20,0.0006666444451851605
GLN,163,N,HIE,161,NE2,20,0.0006666444451851605
GLN,165,NE2,ASP,164,OD1,20,0.0006666444451851605
LYS,248,NZ,LYS,248,O,20,0.0006666444451851605
LEU,267,N,THR,264,O,20,0.0006666444451851605
ARG,298,NH1,GLU,294,O,20,0.0006666444451851605
THR,344,OG1,ASP,357,OD1,20,0.0006666444451851605
ARG,415,NH1,SER,402,OG,20,0.0006666444451851605
ARG,31,N,LEU,28,O,19,0.0006333122229259025
ARG,117,NH2,VAL,114,O,19,0.0006333122229259025
ARG,204,NH2,TYR,198,OH,19,0.0006333122229259025
ARG,204,NH2,GLN,205,OE1,19,0.0006333122229259025
SER,249,OG,ASN,250,OD1,19,0.0006333122229259025
ARG,295,N,VAL,292,O,19,0.0006333122229259025
ARG,295,NH2,HIE,291,ND1,19,0.0006333122229259025
HIE,307,N,HIE,307,ND1,19,0.0006333122229259025
ARG,315,NH2,ARG,415,O,19,0.0006333122229259025
HID,369,ND1,PRO,377,O,19,0.0006333122229259025
ARG,463,NE,SER,430,OG,19,0.0006333122229259025
ASP,19,N,GLN,17,O,18,0.0005999800006666444
ARG,20,NH1,LEU,16,O,18,0.0005999800006666444
ARG,70,NH2,HID,341,ND1,18,0.0005999800006666444
ALA,74,N,GLU,190,OE1,18,0.0005999800006666444
ARG,92,NH1,ALA,251,O,18,0.0005999800006666444
ARG,97,NH1,HM1,464,O2D,18,0.0005999800006666444
ARG,112,NH1,GLY,110,O,18,0.0005999800006666444
ARG,112,NH2,GLN,119,OE1,18,0.0005999800006666444
VAL,155,N,CYS,152,O,18,0.0005999800006666444
GLN,163,N,HIE,161,O,18,0.0005999800006666444
GLN,165,NE2,ASP,164,OD2,18,0.0005999800006666444
LYS,197,NZ,LEU,196,O,18,0.0005999800006666444
ARG,204,NE,LYS,197,O,18,0.0005999800006666444
ASP,229,N,THR,227,O,18,0.0005999800006666444
TYR,240,N,ILE,237,O,18,0.0005999800006666444
ASN,381,ND2,GLU,375,OE2,18,0.0005999800006666444
ASN,381,ND2,PHE,380,O,18,0.0005999800006666444
GLY,404,N,SER,402,O,18,0.0005999800006666444
ARG,406,N,GLY,404,O,18,0.0005999800006666444
ARG,20,N,ARG,20,NE,17,0.0005666477784073864
ARG,29,NH1,LYS,25,O,17,0.0005666477784073864
ARG,29,NH1,SER,26,OG,17,0.0005666477784073864
ASN,89,ND2,SER,68,OG,17,0.0005666477784073864
ARG,97,NH1,ARG,97,O,17,0.0005666477784073864
ARG,98,NH1,ARG,98,O,17,0.0005666477784073864
ARG,112,NE,GLY,110,O,17,0.0005666477784073864
ARG,159,NE,ASN,149,ND2,17,0.0005666477784073864
GLN,165,NE2,TYR,162,O,17,0.0005666477784073864
ARG,204,NE,GLY,201,O,17,0.0005666477784073864
GLN,205,NE2,GLN,176,NE2,17,0.0005666477784073864
ARG,295,NE,HIE,291,ND1,17,0.0005666477784073864
PHE,421,N,LEU,418,O,17,0.0005666477784073864
ASN,14,ND2,GLY,13,O,16,0.0005333155561481284
ASN,14,ND2,GLN,17,NE2,16,0.0005333155561481284
VAL,37,N,TYR,34,O,16,0.0005333155561481284
TYR,83,OH,HIE,252,NE2,16,0.0005333155561481284
LYS,133,NZ,LYS,133,O,16,0.0005333155561481284
GLN,165,N,ASP,164,OD2,16,0.0005333155561481284
GLN,176,NE2,ASN,172,ND2,16,0.0005333155561481284
SER,182,N,SER,179,O,16,0.0005333155561481284
PHE,185,N,SER,183,O,16,0.0005333155561481284
ASN,214,ND2,ASN,261,O,16,0.0005333155561481284
GLN,258,NE2,SER,256,OG,16,0.0005333155561481284
ARG,308,NH1,GLU,311,OE1,16,0.0005333155561481284
LYS,393,NZ,GLU,375,OE2,16,0.0005333155561481284
ARG,31,NE,GLY,35,O,15,0.0004999833338888704
THR,39,N,PRO,3,O,15,0.0004999833338888704
ARG,81,NE,ASP,77,OD1,15,0.0004999833338888704
ARG,92,NH2,SER,253,O,15,0.0004999833338888704
LEU,96,N,TRP,93,O,15,0.0004999833338888704
ARG,105,N,ASP,106,O,15,0.0004999833338888704
LYS,111,NZ,GLY,110,O,15,0.0004999833338888704
GLN,123,NE2,GLN,119,NE2,15,0.0004999833338888704
LYS,131,NZ,SER,132,OG,15,0.0004999833338888704
GLN,144,NE2,THR,272,O,15,0.0004999833338888704
LYS,158,NZ,PHE,156,O,15,0.0004999833338888704
ARG,159,NH2,ASN,149,OD1,15,0.0004999833338888704
ARG,159,NH2,TYR,162,OH,15,0.0004999833338888704
ASN,214,ND2,GLN,211,NE2,15,0.0004999833338888704
SER,249,OG,LYS,248,O,15,0.0004999833338888704
ASN,250,N,LYS,248,O,15,0.0004999833338888704
HIE,252,NE2,GLN,258,OE1,15,0.0004999833338888704
HIE,257,NE2,ASN,261,OD1,15,0.0004999833338888704
GLN,258,NE2,ARG,81,NH1,15,0.0004999833338888704
PHE,268,N,LEU,265,O,15,0.0004999833338888704
TYR,281,OH,PHE,331,O,15,0.0004999833338888704
VAL,296,N,ALA,293,O,15,0.0004999833338888704
ARG,315,NH1,ARG,415,O,15,0.0004999833338888704
ASP,333,N,ASP,333,OD1,15,0.0004999833338888704
TYR,352,N,ARG,350,O,15,0.0004999833338888704
ASP,378,N,ASP,378,OD2,15,0.0004999833338888704
LYS,393,NZ,ASP,383,OD1,15,0.0004999833338888704
LYS,393,NZ,ASP,383,OD2,15,0.0004999833338888704
GLN,427,NE2,PRO,306,O,15,0.0004999833338888704
THR,455,OG1,GLN,445,NE2,15,0.0004999833338888704
ARG,29,NH1,ARG,29,O,14,0.00046665111162961235
LYS,33,N,ARG,31,O,14,0.00046665111162961235
ARG,92,NH2,ARG,81,O,14,0.00046665111162961235
LYS,94,NZ,ASN,91,O,14,0.00046665111162961235
LEU,129,N,ILE,126,O,14,0.00046665111162961235
LYS,158,NZ,GLY,157,O,14,0.00046665111162961235
ASN,172,ND2,LYS,169,O,14,0.00046665111162961235
HIE,203,NE2,LEU,196,O,14,0.00046665111162961235
ILE,217,N,ASN,214,O,14,0.00046665111162961235
THR,239,OG1,PRO,233,O,14,0.00046665111162961235
GLN,258,NE2,HIE,257,NE2,14,0.00046665111162961235
THR,264,N,ASN,261,O,14,0.00046665111162961235
GLU,273,N,ALA,270,O,14,0.00046665111162961235
ARG,308,NH1,GLU,311,OE2,14,0.00046665111162961235
LYS,393,NZ,LEU,392,O,14,0.00046665111162961235
ARG,459,NE,PHE,460,O,14,0.00046665111162961235
ARG,21,NE,ARG,21,O,13,0.0004333188893703543
ARG,81,NH1,ASP,77,OD1,13,0.0004333188893703543
ARG,92,NH2,HIE,252,ND1,13,0.0004333188893703543
GLU,120,N,GLU,120,OE1,13,0.0004333188893703543
ARG,130,NH2,GLN,123,NE2,13,0.0004333188893703543
ARG,204,NH1,ARG,204,O,13,0.0004333188893703543
LEU,242,N,THR,239,O,13,0.0004333188893703543
SER,256,N,TYR,240,OH,13,0.0004333188893703543
GLN,258,NE2,ASN,250,O,13,0.0004333188893703543
THR,278,N,THR,275,O,13,0.0004333188893703543
TYR,281,N,THR,278,O,13,0.0004333188893703543
HIE,307,NE2,ARG,463,OXT,13,0.0004333188893703543
ARG,308,NE,ILE,304,O,13,0.0004333188893703543
GLN,329,N,TYR,326,O,13,0.0004333188893703543
THR,344,OG1,GLN,345,NE2,13,0.0004333188893703543
LYS,63,NZ,GLU,58,O,12,0.0003999866671110963
ARG,81,NH1,GLN,211,OE1,12,0.0003999866671110963
ARG,92,NH1,HIE,252,ND1,12,0.0003999866671110963
ARG,97,NH1,CM1,408,O,12,0.0003999866671110963
GLN,119,NE2,GLU,116,OE2,12,0.0003999866671110963
GLN,119,NE2,GLU,116,O,12,0.0003999866671110963
GLN,165,NE2,GLN,163,OE1,12,0.0003999866671110963
ARG,204,NH2,HIE,203,ND1,12,0.0003999866671110963
HIE,219,NE2,ASP,164,OD2,12,0.0003999866671110963
ARG,234,NH2,THR,227,O,12,0.0003999866671110963
ASN,389,ND2,ALA,388,O,12,0.0003999866671110963
ASN,389,ND2,ASN,389,O,12,0.0003999866671110963
ARG,463,NH2,SER,430,OG,12,0.0003999866671110963
ASN,89,ND2,ALA,88,O,11,0.00036665444485183826
LYS,94,NZ,GLY,90,O,11,0.00036665444485183826
ARG,98,NE,THR,102,OG1,11,0.00036665444485183826
ARG,117,NH2,SER,153,O,11,0.00036665444485183826
GLN,205,NE2,ALA,202,O,11,0.00036665444485183826
ASN,209,ND2,GLN,176,O,11,0.00036665444485183826
SER,231,N,ASP,229,O,11,0.00036665444485183826
ALA,251,N,SER,249,O,11,0.00036665444485183826
PHE,255,N,GLU,247,OE2,11,0.00036665444485183826
SER,256,OG,HIE,252,ND1,11,0.00036665444485183826
LEU,285,N,GLY,282,O,11,0.00036665444485183826
ARG,308,N,GLN,427,NE2,11,0.00036665444485183826
LEU,392,N,GLY,390,O,11,0.00036665444485183826
ARG,20,NH1,VAL,184,O,10,0.00033332222259258026
LYS,33,NZ,LYS,33,O,10,0.00033332222259258026
ARG,81,NH1,GLN,211,NE2,10,0.00033332222259258026
GLY,82,N,ASP,77,OD1,10,0.00033332222259258026
ASN,89,ND2,ASN,91,OD1,10,0.00033332222259258026
ARG,105,NE,MET,104,O,10,0.00033332222259258026
ILE,126,N,GLN,123,O,10,0.00033332222259258026
GLY,134,N,SER,132,O,10,0.00033332222259258026
ARG,159,NH2,ASN,149,O,10,0.00033332222259258026
TYR,162,OH,CYS,124,O,10,0.00033332222259258026
ASN,214,N,GLN,211,O,10,0.00033332222259258026
HIP,224,NE2,ASP,235,OD1,10,0.00033332222259258026
ARG,234,NH1,GLY,157,O,10,0.00033332222259258026
ARG,280,NH1,PRO,453,O,10,0.00033332222259258026
HIE,307,NE2,ASN,428,OD1,10,0.00033332222259258026
LYS,317,NZ,VAL,303,O,10,0.00033332222259258026
ASP,378,N,ASP,378,OD1,10,0.00033332222259258026
HIP,384,NE2,GLU,375,OE1,10,0.00033332222259258026
LYS,451,NZ,LEU,334,O,10,0.00033332222259258026
ARG,463,NE,GLN,427,O,10,0.00033332222259258026
LEU,28,N,LYS,25,O,9,0.0002999900003333222
ARG,92,NE,TYR,83,O,9,0.0002999900003333222
PHE,99,N,LEU,96,O,9,0.0002999900003333222
ARG,112,NH1,GLN,119,OE1,9,0.0002999900003333222
ARG,117,NE,VAL,114,O,9,0.0002999900003333222
HIE,161,NE2,ASP,164,OD2,9,0.0002999900003333222
TYR,175,OH,ASN,172,OD1,9,0.0002999900003333222
THR,239,OG1,ALA,232,O,9,0.0002999900003333222
MET,244,N,LEU,241,O,9,0.0002999900003333222
LYS,248,NZ,HIE,257,ND1,9,0.0002999900003333222
HIE,252,NE2,ASN,259,OD1,9,0.0002999900003333222
PHE,255,N,GLU,247,OE1,9,0.0002999900003333222
ARG,280,NH2,PRO,453,O,9,0.0002999900003333222
SER,402,OG,PHE,398,O,9,0.0002999900003333222
THR,455,OG1,ASP,138,OD1,9,0.0002999900003333222
ARG,20,N,ASP,19,OD2,8,0.0002666577780740642
ARG,31,NH1,LEU,28,O,8,0.0002666577780740642
PHE,67,N,GLU,65,O,8,0.0002666577780740642
ARG,81,NH1,GLN,258,NE2,8,0.0002666577780740642
TYR,83,OH,HIE,252,O,8,0.0002666577780740642
ASN,89,ND2,ARG,70,N,8,0.0002666577780740642
ARG,98,NH1,LYS,94,O,8,0.0002666577780740642
ARG,105,NH2,THR,102,OG1,8,0.0002666577780740642
GLY,108,N,ASP,106,O,8,0.0002666577780740642
GLN,123,NE2,ARG,130,NH1,8,0.0002666577780740642
LYS,131,NZ,GLU,128,O,8,0.0002666577780740642
GLN,165,N,ASP,164,OD1,8,0.0002666577780740642
ASN,172,N,LYS,169,O,8,0.0002666577780740642
ARG,204,NH1,GLN,205,OE1,8,0.0002666577780740642
GLU,222,N,HIE,219,O,8,0.0002666577780740642
ARG,234,NE,ASP,229,OD2,8,0.0002666577780740642
ASN,250,ND2,SER,249,OG,8,0.0002666577780740642
SER,253,N,ALA,251,O,8,0.0002666577780740642
ASN,261,ND2,ASN,214,ND2,8,0.0002666577780740642
TYR,297,OH,PRO,306,O,8,0.0002666577780740642
ARG,315,NH2,TYR,326,OH,8,0.0002666577780740642
VAL,324,N,THR,321,O,8,0.0002666577780740642
TYR,326,N,ALA,323,O,8,0.0002666577780740642
HIE,346,N,GLN,345,NE2,8,0.0002666577780740642
HIE,346,N,HIE,346,ND1,8,0.0002666577780740642
LYS,376,NZ,ASN,381,OD1,8,0.0002666577780740642
LYS,393,NZ,ALA,391,O,8,0.0002666577780740642
THR,395,OG1,LYS,394,O,8,0.0002666577780740642
ARG,415,NH1,GLU,411,O,8,0.0002666577780740642
ARG,415,NH2,TYR,326,OH,8,0.0002666577780740642
ARG,7,NE,PRO,8,O,7,0.00023332555581480617
ARG,7,NH2,PRO,8,O,7,0.00023332555581480617
GLY,13,N,LEU,11,O,7,0.00023332555581480617
ARG,21,NH2,GLN,445,OE1,7,0.00023332555581480617
ARG,29,NH2,ARG,21,NH2,7,0.00023332555581480617
LYS,63,N,ALA,59,O,7,0.00023332555581480617
ARG,81,N,VAL,76,O,7,0.00023332555581480617
ARG,81,NE,ASP,77,OD2,7,0.00023332555581480617
ARG,81,NH2,GLN,211,NE2,7,0.00023332555581480617
ARG,81,NH2,GLN,258,NE2,7,0.00023332555581480617
LYS,94,NZ,SER,68,OG,7,0.00023332555581480617
ARG,98,NE,LYS,94,O,7,0.00023332555581480617
ARG,105,N,SER,100,O,7,0.00023332555581480617
ARG,105,NE,ARG,105,O,7,0.00023332555581480617
LYS,111,N,MET,109,O,7,0.00023332555581480617
ASN,149,ND2,ARG,159,NH2,7,0.00023332555581480617
LYS,158,NZ,TYR,216,OH,7,0.00023332555581480617
ARG,159,NE,ASN,149,O,7,0.00023332555581480617
HIE,161,NE2,GLN,163,O,7,0.00023332555581480617
TYR,162,OH,GLN,163,OE1,7,0.00023332555581480617
GLN,176,NE2,ASN,209,ND2,7,0.00023332555581480617
ARG,204,NE,TYR,198,O,7,0.00023332555581480617
ARG,204,NE,HIE,203,ND1,7,0.00023332555581480617
LYS,208,NZ,GLN,205,NE2,7,0.00023332555581480617
SER,220,OG,HIE,219,ND1,7,0.00023332555581480617
LYS,223,NZ,HIE,219,NE2,7,0.00023332555581480617
ASN,250,N,SER,249,OG,7,0.00023332555581480617
ASN,250,ND2,SER,249,O,7,0.00023332555581480617
HIE,252,N,HIE,252,ND1,7,0.00023332555581480617
SER,253,OG,ASN,250,OD1,7,0.00023332555581480617
SER,256,N,SER,253,OG,7,0.00023332555581480617
ASN,261,N,GLN,258,O,7,0.00023332555581480617
LEU,262,N,ASN,259,O,7,0.00023332555581480617
MET,286,N,PHE,283,O,7,0.00023332555581480617
ARG,295,NH2,GLN,302,OE1,7,0.00023332555581480617
ARG,298,N,ARG,295,O,7,0.00023332555581480617
TYR,320,OH,VAL,292,O,7,0.00023332555581480617
ARG,330,NH2,ALA,379,O,7,0.00023332555581480617
GLY,351,N,SER,348,O,7,0.00023332555581480617
HIE,372,N,HIE,372,ND1,7,0.00023332555581480617
SER,402,OG,LEU,403,O,7,0.00023332555581480617
GLN,457,N,GLN,457,NE2,7,0.00023332555581480617
ARG,7,NE,GLY,5,O,6,0.00019999333355554815
ARG,29,NE,LYS,25,O,6,0.00019999333355554815
ARG,31,NE,LEU,28,O,6,0.00019999333355554815
ILE,56,N,VAL,53,O,6,0.00019999333355554815
ARG,70,N,ALA,88,O,6,0.00019999333355554815
ARG,70,NE,HID,341,ND1,6,0.00019999333355554815
ARG,81,NE,GLN,258,OE1,6,0.00019999333355554815
TYR,83,OH,GLN,258,NE2,6,0.00019999333355554815
ILE,86,N,HM1,464,O2D,6,0.00019999333355554815
ASN,89,N,ARG,92,NH2,6,0.00019999333355554815
LYS,131,NZ,GLN,163,NE2,6,0.00019999333355554815
ILE,146,N,GLN,144,O,6,0.00019999333355554815
ASN,149,ND2,ILE,146,O,6,0.00019999333355554815
CYS,152,N,ASN,149,O,6,0.00019999333355554815
THR,177,OG1,ASN,209,OD1,6,0.00019999333355554815
GLN,187,NE2,GLY,448,O,6,0.00019999333355554815
PHE,189,N,VAL,184,O,6,0.00019999333355554815
LYS,208,NZ,LYS,208,O,6,0.00019999333355554815
ASN,214,ND2,GLN,258,NE2,6,0.00019999333355554815
LYS,223,NZ,THR,227,OG1,6,0.00019999333355554815
ILE,237,N,ILE,154,O,6,0.00019999333355554815
LYS,246,NZ,PRO,230,O,6,0.00019999333355554815
THR,277,N,THR,274,O,6,0.00019999333355554815
GLN,302,NE2,GLU,301,O,6,0.00019999333355554815
ARG,315,NH2,ARG,415,NH1,6,0.00019999333355554815
LYS,317,NZ,GLN,302,OE1,6,0.00019999333355554815
ARG,330,NH2,GLU,327,OE2,6,0.00019999333355554815
LYS,376,NZ,ASP,383,OD1,6,0.00019999333355554815
ARG,415,N,GLU,411,O,6,0.00019999333355554815
ALA,416,N,GLY,412,O,6,0.00019999333355554815
SER,430,OG,MET,431,O,6,0.00019999333355554815
GLN,457,NE2,THR,455,OG1,6,0.00019999333355554815
LEU,16,N,GLY,13,O,5,0.00016666111129629013
LYS,25,NZ,ARG,21,NH1,5,0.00016666111129629013
ARG,31,NE,ASP,36,N,5,0.00016666111129629013
LYS,33,NZ,GLU,32,O,5,0.00016666111129629013
VAL,37,N,GLY,35,O,5,0.00016666111129629013
ALA,64,N,ALA,59,O,5,0.00016666111129629013
LYS,72,NZ,ARG,81,NH2,5,0.00016666111129629013
ARG,81,NH2,HIE,252,ND1,5,0.00016666111129629013
ARG,97,N,LYS,94,O,5,0.00016666111129629013
ARG,105,NH1,THR,102,OG1,5,0.00016666111129629013
ARG,105,NH2,MET,104,O,5,0.00016666111129629013
GLN,119,NE2,GLN,119,O,5,0.00016666111129629013
ARG,159,NH2,ASN,149,ND2,5,0.00016666111129629013
GLN,176,NE2,TYR,175,OH,5,0.00016666111129629013
VAL,184,N,GLU,446,OE2,5,0.00016666111129629013
GLN,187,NE2,GLY,186,O,5,0.00016666111129629013
LYS,197,N,GLY,194,O,5,0.00016666111129629013
TYR,207,OH,GLN,211,NE2,5,0.00016666111129629013
LYS,248,NZ,GLU,247,O,5,0.00016666111129629013
ALA,251,N,HIE,252,ND1,5,0.00016666111129629013
GLN,258,NE2,ASN,214,ND2,5,0.00016666111129629013
ASN,263,N,LEU,260,O,5,0.00016666111129629013
SER,266,OG,SER,266,O,5,0.00016666111129629013
SER,276,OG,THR,147,OG1,5,0.00016666111129629013
ILE,300,N,TYR,297,O,5,0.00016666111129629013
PHE,331,N,ILE,328,O,5,0.00016666111129629013
ARG,350,NE,ARG,350,O,5,0.00016666111129629013
LYS,356,NZ,GLN,345,NE2,5,0.00016666111129629013
GLU,359,N,PRO,46,O,5,0.00016666111129629013
HIP,384,NE2,GLU,375,OE2,5,0.00016666111129629013
ARG,415,NE,GLU,322,OE1,5,0.00016666111129629013
ARG,415,NH2,SER,402,OG,5,0.00016666111129629013
ARG,415,NH2,GLY,412,O,5,0.00016666111129629013
THR,423,N,LEU,420,O,5,0.00016666111129629013
SER,430,OG,ARG,463,NH1,5,0.00016666111129629013
THR,443,N,ASP,441,O,5,0.00016666111129629013
TYR,456,OH,PHE,283,O,5,0.00016666111129629013
GLN,17,N,LEU,15,O,4,0.0001333288890370321
HIE,41,NE2,PRO,44,O,4,0.0001333288890370321
SER,68,OG,PHE,67,O,4,0.0001333288890370321
ARG,81,NH2,ASP,77,O,4,0.0001333288890370321
ILE,86,N,HM1,464,O1D,4,0.0001333288890370321
ARG,97,NH2,HM1,464,O2D,4,0.0001333288890370321
ARG,112,NE,ARG,117,N,4,0.0001333288890370321
ARG,117,NE,SER,153,O,4,0.0001333288890370321
ARG,117,NH2,ASP,235,OD2,4,0.0001333288890370321
GLN,119,NE2,GLU,116,OE1,4,0.0001333288890370321
GLU,120,N,GLU,120,OE2,4,0.0001333288890370321
GLN,123,NE2,ARG,130,NH2,4,0.0001333288890370321
ARG,159,N,SER,153,OG,4,0.0001333288890370321
TYR,162,N,GLN,163,OE1,4,0.0001333288890370321
TYR,162,OH,ASN,149,O,4,0.0001333288890370321
GLU,166,N,GLN,165,OE1,4,0.0001333288890370321
TYR,175,N,ASN,172,O,4,0.0001333288890370321
HIE,203,N,HIE,203,ND1,4,0.0001333288890370321
ARG,204,NE,HIE,203,NE2,4,0.0001333288890370321
ARG,204,NE,GLN,205,OE1,4,0.0001333288890370321
ARG,225,NH1,HIE,257,ND1,4,0.0001333288890370321
SER,231,OG,PRO,230,O,4,0.0001333288890370321
SER,249,OG,HIE,252,ND1,4,0.0001333288890370321
HIE,257,NE2,GLU,222,N,4,0.0001333288890370321
HIE,257,NE2,ASN,250,OD1,4,0.0001333288890370321
GLN,258,NE2,HIE,252,NE2,4,0.0001333288890370321
LYS,288,NZ,LYS,288,O,4,0.0001333288890370321
ARG,298,NE,GLU,294,O,4,0.0001333288890370321
GLN,302,NE2,ARG,298,NH2,4,0.0001333288890370321
HIE,307,N,GLY,305,O,4,0.0001333288890370321
ARG,308,NH2,ILE,304,O,4,0.0001333288890370321
HIE,313,N,GLU,311,O,4,0.0001333288890370321
GLU,322,N,PRO,319,O,4,0.0001333288890370321
SER,332,OG,PHE,331,O,4,0.0001333288890370321
SER,332,OG,SER,332,O,4,0.0001333288890370321
HID,341,ND1,SER,68,O,4,0.0001333288890370321
THR,347,OG1,ILE,354,O,4,0.0001333288890370321
THR,358,N,LYS,356,O,4,0.0001333288890370321
HIE,372,NE2,GLU,54,OE1,4,0.0001333288890370321
LYS,376,NZ,ASP,383,OD2,4,0.0001333288890370321
ASN,381,ND2,HIP,384,NE2,4,0.0001333288890370321
ALA,391,N,ASN,389,ND2,4,0.0001333288890370321
LYS,405,NZ,LEU,403,O,4,0.0001333288890370321
ARG,406,NH2,ILE,86,O,4,0.0001333288890370321
ARG,415,NE,ARG,315,NH2,4,0.0001333288890370321
ARG,415,NH2,HM1,464,NB,4,0.0001333288890370321
ASN,428,ND2,GLN,427,O,4,0.0001333288890370321
VAL,449,N,SER,183,O,4,0.0001333288890370321
LYS,451,NZ,ASP,333,N,4,0.0001333288890370321
THR,455,OG1,ASP,138,OD2,4,0.0001333288890370321
ARG,463,NH2,GLN,427,O,4,0.0001333288890370321
ARG,7,NE,ARG,7,O,3,9.999666677777408e-05
ARG,7,NH1,TYR,34,OH,3,9.999666677777408e-05
ASN,14,ND2,ARG,7,O,3,9.999666677777408e-05
LEU,16,N,ASN,14,O,3,9.999666677777408e-05
ARG,20,NE,LEU,15,O,3,9.999666677777408e-05
ARG,20,NH1,GLN,445,O,3,9.999666677777408e-05
ARG,29,NE,GLN,17,O,3,9.999666677777408e-05
ARG,57,N,GLU,54,O,3,9.999666677777408e-05
ARG,57,NE,VAL,53,O,3,9.999666677777408e-05
ARG,57,NH2,GLU,58,OE2,3,9.999666677777408e-05
ALA,66,N,GLU,65,OE2,3,9.999666677777408e-05
SER,68,OG,ASN,91,ND2,3,9.999666677777408e-05
TYR,83,N,ARG,81,O,3,9.999666677777408e-05
ARG,92,NH2,TYR,83,O,3,9.999666677777408e-05
VAL,101,N,ARG,98,O,3,9.999666677777408e-05
LYS,111,NZ,ARG,105,O,3,9.999666677777408e-05
ARG,112,N,GLY,110,O,3,9.999666677777408e-05
ARG,112,NE,GLU,120,OE1,3,9.999666677777408e-05
ARG,117,NE,GLU,417,OE1,3,9.999666677777408e-05
GLN,119,NE2,PRO,310,N,3,9.999666677777408e-05
ARG,130,NH1,GLN,123,NE2,3,9.999666677777408e-05
ARG,130,NH1,ASN,428,O,3,9.999666677777408e-05
SER,132,OG,ALA,135,O,3,9.999666677777408e-05
MET,137,N,ALA,135,O,3,9.999666677777408e-05
GLN,144,NE2,TYR,175,N,3,9.999666677777408e-05
ASN,149,ND2,SER,145,OG,3,9.999666677777408e-05
LYS,158,NZ,HIE,219,ND1,3,9.999666677777408e-05
LYS,158,NZ,THR,227,OG1,3,9.999666677777408e-05
ARG,159,NH1,ASN,149,O,3,9.999666677777408e-05
ARG,159,NH2,ILE,150,N,3,9.999666677777408e-05
PHE,160,N,ASN,149,ND2,3,9.999666677777408e-05
HIE,161,NE2,TYR,162,OH,3,9.999666677777408e-05
HIE,161,NE2,GLN,163,NE2,3,9.999666677777408e-05
GLN,165,N,GLU,166,OE1,3,9.999666677777408e-05
LEU,171,N,LEU,168,O,3,9.999666677777408e-05
TYR,175,OH,GLN,445,NE2,3,9.999666677777408e-05
GLN,176,NE2,LEU,173,N,3,9.999666677777408e-05
SER,179,OG,TYR,175,OH,3,9.999666677777408e-05
LYS,197,NZ,SER,193,OG,3,9.999666677777408e-05
PHE,199,N,LYS,197,O,3,9.999666677777408e-05
GLY,201,N,ARG,204,NH2,3,9.999666677777408e-05
ARG,204,NH2,PRO,200,O,3,9.999666677777408e-05
LYS,208,NZ,GLN,205,O,3,9.999666677777408e-05
LYS,208,NZ,TYR,207,OH,3,9.999666677777408e-05
LYS,208,NZ,GLN,211,NE2,3,9.999666677777408e-05
TYR,216,OH,HIE,161,O,3,9.999666677777408e-05
ARG,225,NH2,HIE,257,ND1,3,9.999666677777408e-05
ARG,234,NE,ASP,238,OD2,3,9.999666677777408e-05
ARG,234,NH1,THR,227,O,3,9.999666677777408e-05
ARG,234,NH2,GLY,157,O,3,9.999666677777408e-05
ARG,234,NH2,SER,231,O,3,9.999666677777408e-05
TYR,240,OH,ASN,263,OD1,3,9.999666677777408e-05
LYS,246,NZ,HID,243,ND1,3,9.999666677777408e-05
LYS,246,NZ,LYS,246,O,3,9.999666677777408e-05
GLU,247,N,GLU,245,O,3,9.999666677777408e-05
HIE,252,NE2,TYR,83,OH,3,9.999666677777408e-05
SER,253,OG,GLU,254,OE2,3,9.999666677777408e-05
SER,256,OG,LYS,248,O,3,9.999666677777408e-05
GLN,258,NE2,ASN,250,OD1,3,9.999666677777408e-05
GLY,271,N,PHE,268,O,3,9.999666677777408e-05
THR,275,N,THR,274,OG1,3,9.999666677777408e-05
THR,275,OG1,THR,272,O,3,9.999666677777408e-05
THR,275,OG1,GLU,417,OE1,3,9.999666677777408e-05
LEU,279,N,SER,276,O,3,9.999666677777408e-05
ARG,295,NH1,ASP,383,OD1,3,9.999666677777408e-05
ARG,295,NH1,ASP,383,OD2,3,9.999666677777408e-05
ARG,295,NH2,HIE,291,O,3,9.999666677777408e-05
ARG,295,NH2,ASP,383,OD2,3,9.999666677777408e-05
GLN,302,NE2,GLU,299,OE2,3,9.999666677777408e-05
ILE,304,N,GLU,299,O,3,9.999666677777408e-05
HIE,313,NE2,GLU,115,OE1,3,9.999666677777408e-05
HIE,313,NE2,GLU,115,OE2,3,9.999666677777408e-05
HIE,313,NE2,ARG,308,NH2,3,9.999666677777408e-05
ARG,315,NH2,ARG,415,NH2,3,9.999666677777408e-05
THR,321,N,MET,318,O,3,9.999666677777408e-05
ILE,328,N,ILE,325,O,3,9.999666677777408e-05
THR,344,N,PHE,67,O,3,9.999666677777408e-05
GLN,345,NE2,ALA,66,N,3,9.999666677777408e-05
GLN,345,NE2,GLN,345,O,3,9.999666677777408e-05
PHE,349,N,THR,347,O,3,9.999666677777408e-05
ARG,350,NE,GLU,54,OE2,3,9.999666677777408e-05
LYS,356,NZ,HIE,346,ND1,3,9.999666677777408e-05
GLU,359,N,GLU,359,OE1,3,9.999666677777408e-05
HIE,372,NE2,GLU,54,OE2,3,9.999666677777408e-05
LYS,393,NZ,LYS,393,O,3,9.999666677777408e-05
LYS,393,NZ,THR,395,OG1,3,9.999666677777408e-05
PHE,398,N,GLU,396,O,3,9.999666677777408e-05
SER,402,OG,GLY,404,O,3,9.999666677777408e-05
LYS,405,NZ,VAL,61,O,3,9.999666677777408e-05
ARG,406,NE,HID,341,NE2,3,9.999666677777408e-05
ARG,415,NE,GLU,322,OE2,3,9.999666677777408e-05
ARG,415,NE,GLN,329,NE2,3,9.999666677777408e-05
THR,424,N,PHE,421,O,3,9.999666677777408e-05
SER,430,OG,SER,430,O,3,9.999666677777408e-05
ALA,432,N,SER,430,O,3,9.999666677777408e-05
SER,433,OG,ALA,432,O,3,9.999666677777408e-05
VAL,449,N,SER,182,O,3,9.999666677777408e-05
GLN,457,NE2,SER,433,OG,3,9.999666677777408e-05
LEU,461,N,ARG,459,O,3,9.999666677777408e-05
ARG,1,NH1,TYR,352,OH,2,6.666444451851606e-05
ARG,1,NH2,HIE,346,ND1,2,6.666444451851606e-05
LEU,11,N,LEU,9,O,2,6.666444451851606e-05
GLN,17,NE2,ARG,7,N,2,6.666444451851606e-05
ARG,20,NH1,GLU,446,OE1,2,6.666444451851606e-05
ARG,20,NH2,LEU,16,O,2,6.666444451851606e-05
ARG,20,NH2,LEU,188,O,2,6.666444451851606e-05
ARG,20,NH2,GLU,446,OE2,2,6.666444451851606e-05
ARG,21,NH2,LYS,25,O,2,6.666444451851606e-05
ARG,21,NH2,GLN,445,NE2,2,6.666444451851606e-05
LYS,25,NZ,ARG,21,NH2,2,6.666444451851606e-05
LYS,25,NZ,GLU,32,OE1,2,6.666444451851606e-05
SER,26,OG,ASP,19,O,2,6.666444451851606e-05
ARG,29,NH2,MET,18,O,2,6.666444451851606e-05
ARG,31,NH1,HID,369,O,2,6.666444451851606e-05
ARG,31,NH2,THR,366,O,2,6.666444451851606e-05
TYR,34,OH,GLY,5,O,2,6.666444451851606e-05
LYS,63,NZ,ASP,62,O,2,6.666444451851606e-05
ARG,70,N,ILE,86,O,2,6.666444451851606e-05
ARG,70,NH1,HM1,464,O2D,2,6.666444451851606e-05
TYR,83,OH,ARG,81,NH2,2,6.666444451851606e-05
VAL,85,N,ASN,263,ND2,2,6.666444451851606e-05
ARG,92,NH1,TYR,83,OH,2,6.666444451851606e-05
ARG,92,NH2,TYR,83,N,2,6.666444451851606e-05
LYS,94,NZ,ASN,91,ND2,2,6.666444451851606e-05
ARG,97,NE,SER,100,OG,2,6.666444451851606e-05
ARG,97,NH2,VAL,101,N,2,6.666444451851606e-05
ARG,98,NH1,HID,243,NE2,2,6.666444451851606e-05
ARG,105,NH1,THR,102,O,2,6.666444451851606e-05
ARG,105,NH2,CM1,408,O,2,6.666444451851606e-05
ARG,112,NE,GLU,120,OE2,2,6.666444451851606e-05
ARG,117,NH1,ILE,150,O,2,6.666444451851606e-05
GLN,119,NE2,PRO,309,O,2,6.666444451851606e-05
GLU,120,N,ILE,118,O,2,6.666444451851606e-05
GLN,123,NE2,ALA,122,O,2,6.666444451851606e-05
GLN,123,NE2,ASN,428,OD1,2,6.666444451851606e-05
ARG,130,NE,ILE,126,O,2,6.666444451851606e-05
LYS,133,NZ,SER,132,O,2,6.666444451851606e-05
THR,140,N,ASP,138,O,2,6.666444451851606e-05
ASN,149,ND2,ARG,159,NE,2,6.666444451851606e-05
ASN,149,ND2,ARG,159,NH1,2,6.666444451851606e-05
SER,153,OG,SER,153,O,2,6.666444451851606e-05
ARG,159,NH2,HIE,161,ND1,2,6.666444451851606e-05
HIE,161,NE2,ASP,164,OD1,2,6.666444451851606e-05
TYR,162,OH,GLN,163,NE2,2,6.666444451851606e-05
GLN,163,NE2,HIE,161,NE2,2,6.666444451851606e-05
GLN,163,NE2,ASP,164,OD1,2,6.666444451851606e-05
GLN,165,N,GLU,166,OE2,2,6.666444451851606e-05
GLU,166,N,GLN,165,NE2,2,6.666444451851606e-05
LYS,169,NZ,ASN,209,ND2,2,6.666444451851606e-05
GLN,176,NE2,ALA,202,O,2,6.666444451851606e-05
PHE,178,N,TYR,175,O,2,6.666444451851606e-05
SER,179,OG,GLN,176,OE1,2,6.666444451851606e-05
SER,179,OG,SER,179,O,2,6.666444451851606e-05
SER,183,N,ILE,181,O,2,6.666444451851606e-05
GLN,187,N,GLN,187,NE2,2,6.666444451851606e-05
GLN,187,NE2,GLU,190,OE1,2,6.666444451851606e-05
SER,193,OG,LEU,196,O,2,6.666444451851606e-05
GLY,201,N,HIE,203,ND1,2,6.666444451851606e-05
ALA,202,N,PHE,185,O,2,6.666444451851606e-05
HIE,203,NE2,PRO,200,O,2,6.666444451851606e-05
ARG,204,NE,HIE,203,O,2,6.666444451851606e-05
TYR,207,OH,ARG,81,NH1,2,6.666444451851606e-05
ASN,209,ND2,GLN,176,NE2,2,6.666444451851606e-05
ASN,209,ND2,VAL,206,O,2,6.666444451851606e-05
ASN,214,ND2,LEU,210,O,2,6.666444451851606e-05
THR,227,OG1,LEU,228,N,2,6.666444451851606e-05
ARG,234,NE,PRO,233,O,2,6.666444451851606e-05
ARG,234,NH1,ASP,106,OD1,2,6.666444451851606e-05
LYS,246,N,MET,244,O,2,6.666444451851606e-05
LYS,248,NZ,MET,244,O,2,6.666444451851606e-05
SER,249,OG,SER,249,O,2,6.666444451851606e-05
ASN,250,ND2,ASN,250,O,2,6.666444451851606e-05
ALA,251,N,SER,249,OG,2,6.666444451851606e-05
SER,253,N,ASN,250,ND2,2,6.666444451851606e-05
SER,253,OG,HIE,252,ND1,2,6.666444451851606e-05
SER,253,OG,GLU,254,OE1,2,6.666444451851606e-05
GLN,258,NE2,ARG,81,NH2,2,6.666444451851606e-05
ASN,261,ND2,GLN,258,NE2,2,6.666444451851606e-05
ASN,263,ND2,ASN,263,O,2,6.666444451851606e-05
LEU,265,N,LEU,262,O,2,6.666444451851606e-05
THR,275,N,THR,272,O,2,6.666444451851606e-05
ARG,280,NH2,THR,140,OG1,2,6.666444451851606e-05
TYR,281,OH,SER,332,O,2,6.666444451851606e-05
GLY,282,N,LEU,279,O,2,6.666444451851606e-05
HIE,291,N,TYR,289,O,2,6.666444451851606e-05
ARG,295,NH2,ASP,383,OD1,2,6.666444451851606e-05
TYR,297,OH,ARG,463,OXT,2,6.666444451851606e-05
GLU,299,N,TYR,297,O,2,6.666444451851606e-05
GLN,302,NE2,ARG,298,NH1,2,6.666444451851606e-05
ARG,308,NE,GLU,311,OE2,2,6.666444451851606e-05
GLU,311,N,ARG,308,NH2,2,6.666444451851606e-05
HIE,313,N,GLU,115,OE1,2,6.666444451851606e-05
ALA,323,N,TYR,320,O,2,6.666444451851606e-05
TYR,326,OH,LYS,393,O,2,6.666444451851606e-05
ARG,330,NH1,HID,369,ND1,2,6.666444451851606e-05
HID,341,ND1,PRO,340,O,2,6.666444451851606e-05
GLN,345,N,GLN,345,NE2,2,6.666444451851606e-05
THR,347,N,GLN,345,O,2,6.666444451851606e-05
THR,347,OG1,GLN,345,OE1,2,6.666444451851606e-05
ARG,350,NE,ARG,350,N,2,6.666444451851606e-05
ALA,379,N,ASP,378,OD2,2,6.666444451851606e-05
GLY,390,N,ASN,389,OD1,2,6.666444451851606e-05
LYS,405,NZ,PHE,67,O,2,6.666444451851606e-05
ARG,406,NH2,SER,68,OG,2,6.666444451851606e-05
ALA,414,N,GLY,412,O,2,6.666444451851606e-05
ARG,415,NH1,GLU,322,O,2,6.666444451851606e-05
ARG,415,NH1,GLY,412,O,2,6.666444451851606e-05
THR,424,OG1,ALA,122,O,2,6.666444451851606e-05
ASN,428,ND2,PRO,306,O,2,6.666444451851606e-05
SER,430,OG,PHE,429,O,2,6.666444451851606e-05
GLN,445,NE2,THR,455,N,2,6.666444451851606e-05
GLY,448,N,SER,182,O,2,6.666444451851606e-05
THR,455,OG1,TYR,175,OH,2,6.666444451851606e-05
TYR,456,OH,LEU,284,N,2,6.666444451851606e-05
ARG,459,NE,LEU,136,N,2,6.666444451851606e-05
ARG,1,N,ILE,353,N,1,3.333222225925803e-05
ARG,1,NH1,HIE,346,ND1,1,3.333222225925803e-05
ARG,1,NH2,TYR,352,OH,1,3.333222225925803e-05
ARG,7,NH2,TYR,34,OH,1,3.333222225925803e-05
ASN,14,ND2,PRO,8,N,1,3.333222225925803e-05
ASN,14,ND2,HIE,41,ND1,1,3.333222225925803e-05
GLN,17,NE2,GLY,13,O,1,3.333222225925803e-05
GLN,17,NE2,LEU,16,O,1,3.333222225925803e-05
ARG,20,N,ASP,19,OD1,1,3.333222225925803e-05
ARG,20,N,ARG,21,NH1,1,3.333222225925803e-05
ARG,20,NE,ARG,20,N,1,3.333222225925803e-05
ARG,20,NH1,ASP,19,O,1,3.333222225925803e-05
ARG,21,NE,GLN,445,O,1,3.333222225925803e-05
ARG,21,NH2,PRO,444,O,1,3.333222225925803e-05
LYS,25,N,ARG,21,O,1,3.333222225925803e-05
SER,26,N,LEU,24,O,1,3.333222225925803e-05
SER,26,OG,ARG,29,NH1,1,3.333222225925803e-05
SER,26,OG,ARG,29,NH2,1,3.333222225925803e-05
ARG,29,NH1,MET,18,O,1,3.333222225925803e-05
ARG,31,NE,GLU,32,N,1,3.333222225925803e-05
LEU,42,N,VAL,40,O,1,3.333222225925803e-05
ARG,45,NH1,GLU,190,OE2,1,3.333222225925803e-05
VAL,47,N,THR,39,OG1,1,3.333222225925803e-05
GLU,54,N,GLU,54,OE1,1,3.333222225925803e-05
ARG,57,NH1,ARG,57,O,1,3.333222225925803e-05
VAL,61,N,ILE,56,O,1,3.333222225925803e-05
ASP,62,N,ALA,59,O,1,3.333222225925803e-05
PHE,67,N,GLU,65,N,1,3.333222225925803e-05
SER,68,N,LYS,63,O,1,3.333222225925803e-05
SER,68,OG,ALA,66,O,1,3.333222225925803e-05
SER,68,OG,SER,68,O,1,3.333222225925803e-05
SER,68,OG,GLY,90,O,1,3.333222225925803e-05
ARG,70,N,PHE,87,O,1,3.333222225925803e-05
ARG,70,NE,GLY,71,N,1,3.333222225925803e-05
ARG,70,NH1,ARG,406,NH1,1,3.333222225925803e-05
LYS,72,NZ,GLY,71,O,1,3.333222225925803e-05
LYS,72,NZ,ASP,357,O,1,3.333222225925803e-05
ARG,81,NH2,ALA,251,O,1,3.333222225925803e-05
ARG,81,NH2,GLN,258,O,1,3.333222225925803e-05
GLY,82,N,ASP,77,OD2,1,3.333222225925803e-05
GLY,82,N,ASP,77,O,1,3.333222225925803e-05
ASN,89,N,ASN,89,OD1,1,3.333222225925803e-05
ASN,89,N,ARG,92,NH1,1,3.333222225925803e-05
ASN,91,N,SER,68,OG,1,3.333222225925803e-05
ASN,91,ND2,ASN,89,ND2,1,3.333222225925803e-05
ARG,92,N,ASN,91,ND2,1,3.333222225925803e-05
ARG,92,NH1,GLU,254,N,1,3.333222225925803e-05
ARG,92,NH2,TYR,83,OH,1,3.333222225925803e-05
TRP,93,NE1,ARG,406,NH1,1,3.333222225925803e-05
ARG,97,NH1,ARG,98,NH1,1,3.333222225925803e-05
ARG,97,NH1,ARG,105,NH2,1,3.333222225925803e-05
ARG,98,NH2,ASN,91,OD1,1,3.333222225925803e-05
SER,100,N,ARG,97,O,1,3.333222225925803e-05
SER,100,OG,ARG,97,NH2,1,3.333222225925803e-05
THR,102,OG1,ASP,106,OD1,1,3.333222225925803e-05
THR,103,OG1,THR,239,OG1,1,3.333222225925803e-05
ARG,105,NE,ARG,105,N,1,3.333222225925803e-05
LYS,111,NZ,ARG,117,NH2,1,3.333222225925803e-05
ARG,112,NH1,GLU,121,OE2,1,3.333222225925803e-05
ARG,112,NH1,ARG,159,NH2,1,3.333222225925803e-05
SER,113,OG,SER,113,O,1,3.333222225925803e-05
GLU,116,N,VAL,114,O,1,3.333222225925803e-05
ARG,117,N,GLU,115,O,1,3.333222225925803e-05
ARG,117,NH1,SER,153,O,1,3.333222225925803e-05
ARG,117,NH2,SER,113,O,1,3.333222225925803e-05
ARG,117,NH2,GLY,157,O,1,3.333222225925803e-05
GLN,119,NE2,GLU,120,N,1,3.333222225925803e-05
GLU,121,N,GLU,116,O,1,3.333222225925803e-05
GLN,123,NE2,ASN,428,ND2,1,3.333222225925803e-05
ARG,130,NH2,ASN,428,O,1,3.333222225925803e-05
LYS,131,NZ,TYR,162,OH,1,3.333222225925803e-05
SER,132,OG,SER,132,O,1,3.333222225925803e-05
LYS,133,NZ,ARG,130,NH1,1,3.333222225925803e-05
MET,137,N,ILE,458,N,1,3.333222225925803e-05
SER,145,OG,TYR,162,OH,1,3.333222225925803e-05
THR,147,OG1,GLY,271,O,1,3.333222225925803e-05
SER,153,OG,ARG,117,NH2,1,3.333222225925803e-05
SER,153,OG,ASN,149,OD1,1,3.333222225925803e-05
SER,153,OG,LYS,158,O,1,3.333222225925803e-05
PHE,156,N,ILE,151,O,1,3.333222225925803e-05
LYS,158,N,ASP,235,OD1,1,3.333222225925803e-05
LYS,158,NZ,GLU,166,OE2,1,3.333222225925803e-05
ARG,159,NH1,ASN,149,ND2,1,3.333222225925803e-05
ARG,159,NH1,GLY,157,O,1,3.333222225925803e-05
ARG,159,NH1,LYS,158,O,1,3.333222225925803e-05
ARG,159,NH1,TYR,162,OH,1,3.333222225925803e-05
ARG,159,NH2,ARG,112,NH1,1,3.333222225925803e-05
ARG,159,NH2,PHE,160,O,1,3.333222225925803e-05
HIE,161,NE2,GLU,128,OE2,1,3.333222225925803e-05
TYR,162,OH,ASN,149,ND2,1,3.333222225925803e-05
GLN,163,NE2,SER,145,OG,1,3.333222225925803e-05
ASP,164,N,GLN,163,NE2,1,3.333222225925803e-05
GLN,165,NE2,GLN,163,NE2,1,3.333222225925803e-05
GLN,165,NE2,ASP,164,O,1,3.333222225925803e-05
GLN,165,NE2,GLU,166,N,1,3.333222225925803e-05
GLN,165,NE2,GLU,212,OE2,1,3.333222225925803e-05
TYR,175,N,GLN,144,NE2,1,3.333222225925803e-05
TYR,175,OH,THR,455,OG1,1,3.333222225925803e-05
GLN,176,N,LEU,173,O,1,3.333222225925803e-05
GLN,176,NE2,GLN,205,O,1,3.333222225925803e-05
GLN,176,NE2,VAL,206,N,1,3.333222225925803e-05
THR,177,OG1,ASN,209,ND2,1,3.333222225925803e-05
SER,179,N,GLN,176,O,1,3.333222225925803e-05
SER,179,OG,GLN,445,NE2,1,3.333222225925803e-05
GLN,187,NE2,LYS,72,O,1,3.333222225925803e-05
GLN,187,NE2,GLN,187,O,1,3.333222225925803e-05
GLN,187,NE2,GLU,359,OE2,1,3.333222225925803e-05
GLN,187,NE2,GLY,448,N,1,3.333222225925803e-05
GLN,187,NE2,VAL,449,N,1,3.333222225925803e-05
GLU,190,N,PHE,185,O,1,3.333222225925803e-05
SER,193,OG,LEU,42,O,1,3.333222225925803e-05
SER,193,OG,SER,193,O,1,3.333222225925803e-05
GLY,194,N,SER,193,OG,1,3.333222225925803e-05
PHE,195,N,SER,193,O,1,3.333222225925803e-05
TYR,198,OH,HIE,203,ND1,1,3.333222225925803e-05
TYR,198,OH,ARG,204,NH1,1,3.333222225925803e-05
TYR,198,OH,ARG,204,NH2,1,3.333222225925803e-05
ARG,204,NH1,PRO,200,O,1,3.333222225925803e-05
ARG,204,NH1,GLN,211,OE1,1,3.333222225925803e-05
ARG,204,NH2,PHE,199,N,1,3.333222225925803e-05
ARG,204,NH2,GLN,205,NE2,1,3.333222225925803e-05
GLN,205,NE2,ARG,204,NH2,1,3.333222225925803e-05
GLN,205,NE2,VAL,206,N,1,3.333222225925803e-05
TYR,207,OH,ARG,81,NH2,1,3.333222225925803e-05
TYR,207,OH,TYR,198,OH,1,3.333222225925803e-05
LYS,208,NZ,TYR,198,OH,1,3.333222225925803e-05
LYS,208,NZ,ARG,204,NH1,1,3.333222225925803e-05
LYS,208,NZ,ASN,209,ND2,1,3.333222225925803e-05
ASN,209,ND2,LYS,208,O,1,3.333222225925803e-05
GLN,211,N,GLN,211,NE2,1,3.333222225925803e-05
GLN,211,NE2,ARG,81,NH2,1,3.333222225925803e-05
GLN,211,NE2,LYS,208,N,1,3.333222225925803e-05
TYR,216,OH,PHE,167,N,1,3.333222225925803e-05
HIE,219,NE2,ASP,164,OD1,1,3.333222225925803e-05
HIE,219,NE2,ALA,215,O,1,3.333222225925803e-05
HIE,219,NE2,TYR,216,O,1,3.333222225925803e-05
LYS,223,NZ,GLU,222,OE1,1,3.333222225925803e-05
HIP,224,NE2,SER,220,OG,1,3.333222225925803e-05
SER,231,OG,SER,231,O,1,3.333222225925803e-05
ARG,234,NH1,SER,231,O,1,3.333222225925803e-05
ARG,234,NH1,ASP,238,OD2,1,3.333222225925803e-05
ARG,234,NH2,ASP,238,OD2,1,3.333222225925803e-05
THR,239,OG1,ASP,106,OD1,1,3.333222225925803e-05
THR,239,OG1,ASP,106,OD2,1,3.333222225925803e-05
THR,239,OG1,ARG,234,O,1,3.333222225925803e-05
TYR,240,OH,ASN,259,O,1,3.333222225925803e-05
HID,243,ND1,TYR,240,O,1,3.333222225925803e-05
LYS,248,NZ,ARG,225,NH1,1,3.333222225925803e-05
SER,249,OG,ASN,250,ND2,1,3.333222225925803e-05
SER,249,OG,HIE,252,NE2,1,3.333222225925803e-05
ASN,250,N,ASN,250,ND2,1,3.333222225925803e-05
HIE,252,NE2,ARG,81,O,1,3.333222225925803e-05
HIE,252,NE2,GLY,82,O,1,3.333222225925803e-05
HIE,252,NE2,ARG,92,NH1,1,3.333222225925803e-05
HIE,252,NE2,ARG,92,NH2,1,3.333222225925803e-05
GLU,254,N,GLU,247,OE2,1,3.333222225925803e-05
SER,256,OG,SER,253,N,1,3.333222225925803e-05
HIE,257,NE2,ARG,225,NE,1,3.333222225925803e-05
HIE,257,NE2,SER,249,O,1,3.333222225925803e-05
GLN,258,NE2,ASN,261,OD1,1,3.333222225925803e-05
ASN,259,N,GLN,258,OE1,1,3.333222225925803e-05
ASN,261,ND2,ILE,217,O,1,3.333222225925803e-05
PHE,269,N,SER,266,O,1,3.333222225925803e-05
THR,272,N,LEU,267,O,1,3.333222225925803e-05
GLU,273,N,PHE,268,O,1,3.333222225925803e-05
THR,278,OG1,THR,275,O,1,3.333222225925803e-05
ARG,280,NE,PRO,454,O,1,3.333222225925803e-05
ARG,280,NH1,THR,140,OG1,1,3.333222225925803e-05
ARG,280,NH1,GLU,273,OE2,1,3.333222225925803e-05
ARG,280,NH1,SER,276,O,1,3.333222225925803e-05
ARG,280,NH2,ASP,138,OD2,1,3.333222225925803e-05
ARG,280,NH2,GLU,273,OE1,1,3.333222225925803e-05
ARG,280,NH2,THR,455,OG1,1,3.333222225925803e-05
TYR,281,OH,ASP,333,OD2,1,3.333222225925803e-05
PHE,283,N,ARG,280,O,1,3.333222225925803e-05
LYS,288,NZ,ASP,441,OD2,1,3.333222225925803e-05
TYR,289,OH,PHE,380,O,1,3.333222225925803e-05
ARG,295,NE,ARG,298,NH1,1,3.333222225925803e-05
ARG,295,NE,ARG,298,NH2,1,3.333222225925803e-05
ARG,295,NE,GLU,299,OE2,1,3.333222225925803e-05
ARG,295,NH1,GLU,299,OE1,1,3.333222225925803e-05
ARG,295,NH2,VAL,292,N,1,3.333222225925803e-05
TYR,297,OH,GLN,427,O,1,3.333222225925803e-05
TYR,297,OH,ARG,463,O,1,3.333222225925803e-05
ARG,298,NE,GLN,302,NE2,1,3.333222225925803e-05
ARG,298,NH1,TYR,297,OH,1,3.333222225925803e-05
ARG,298,NH1,GLN,302,NE2,1,3.333222225925803e-05
ARG,298,NH2,GLU,299,OE2,1,3.333222225925803e-05
ARG,298,NH2,GLN,302,NE2,1,3.333222225925803e-05
GLN,302,NE2,GLU,299,O,1,3.333222225925803e-05
GLN,302,NE2,LYS,317,O,1,3.333222225925803e-05
ARG,308,N,ILE,304,O,1,3.333222225925803e-05
ARG,308,NE,GLU,311,OE1,1,3.333222225925803e-05
ARG,308,NH1,ARG,308,O,1,3.333222225925803e-05
HIE,313,N,HIE,313,ND1,1,3.333222225925803e-05
HIE,313,NE2,ARG,308,NH1,1,3.333222225925803e-05
ASP,314,N,GLU,311,OE1,1,3.333222225925803e-05
LYS,317,N,ARG,315,O,1,3.333222225925803e-05
LYS,317,NZ,ASP,314,O,1,3.333222225925803e-05
TYR,326,OH,ARG,415,NH2,1,3.333222225925803e-05
GLN,329,NE2,TYR,326,N,1,3.333222225925803e-05
ASP,333,N,ASP,333,OD2,1,3.333222225925803e-05
LEU,334,N,SER,332,OG,1,3.333222225925803e-05
ILE,342,N,GLY,69,N,1,3.333222225925803e-05
GLN,345,NE2,HIE,346,NE2,1,3.333222225925803e-05
THR,347,OG1,THR,347,O,1,3.333222225925803e-05
THR,347,OG1,SER,348,O,1,3.333222225925803e-05
ARG,350,NH1,GLU,54,O,1,3.333222225925803e-05
ARG,350,NH2,GLU,54,O,1,3.333222225925803e-05
ARG,350,NH2,ARG,57,NH2,1,3.333222225925803e-05
TYR,352,OH,LEU,2,O,1,3.333222225925803e-05
ALA,367,N,SER,365,O,1,3.333222225925803e-05
HID,369,ND1,HID,369,O,1,3.333222225925803e-05
HIE,372,NE2,TYR,373,OH,1,3.333222225925803e-05
GLU,375,N,PRO,371,O,1,3.333222225925803e-05
GLU,375,N,TYR,373,O,1,3.333222225925803e-05
LYS,376,NZ,GLU,375,O,1,3.333222225925803e-05
LYS,376,NZ,ASP,378,O,1,3.333222225925803e-05
ALA,379,N,ASP,378,OD1,1,3.333222225925803e-05
ASP,383,N,ASP,383,OD1,1,3.333222225925803e-05
ASP,387,N,GLY,390,O,1,3.333222225925803e-05
ASN,389,ND2,ALA,391,O,1,3.333222225925803e-05
LYS,393,N,LEU,386,N,1,3.333222225925803e-05
LYS,393,N,ALA,391,O,1,3.333222225925803e-05
LYS,394,NZ,LYS,393,O,1,3.333222225925803e-05
THR,395,OG1,HIP,384,O,1,3.333222225925803e-05
PHE,401,N,ILE,399,O,1,3.333222225925803e-05
SER,402,N,ARG,406,O,1,3.333222225925803e-05
SER,402,OG,PRO,400,O,1,3.333222225925803e-05
LYS,405,N,SER,68,OG,1,3.333222225925803e-05
LYS,405,NZ,ASN,89,OD1,1,3.333222225925803e-05
ARG,406,NH1,HM1,464,O2A,1,3.333222225925803e-05
ILE,407,N,LEU,403,O,1,3.333222225925803e-05
ILE,407,N,HM1,464,O2D,1,3.333222225925803e-05
ARG,415,NE,HM1,464,NB,1,3.333222225925803e-05
ARG,415,NH2,ILE,325,O,1,3.333222225925803e-05
ARG,415,NH2,GLU,411,O,1,3.333222225925803e-05
THR,424,OG1,PHE,421,O,1,3.333222225925803e-05
ASN,428,ND2,HIE,307,ND1,1,3.333222225925803e-05
ASN,428,ND2,ASN,428,O,1,3.333222225925803e-05
SER,430,OG,ARG,463,NH2,1,3.333222225925803e-05
SER,433,OG,GLN,457,OE1,1,3.333222225925803e-05
CYS,447,N,SER,182,O,1,3.333222225925803e-05
GLY,450,N,LEU,334,O,1,3.333222225925803e-05
LYS,451,NZ,SER,365,OG,1,3.333222225925803e-05
ILE,452,N,SER,182,OG,1,3.333222225925803e-05
ARG,459,NH1,SER,433,O,1,3.333222225925803e-05
ARG,463,NE,TYR,297,OH,1,3.333222225925803e-05
ARG,463,NH1,ALA,293,O,1,3.333222225925803e-05
ARG,463,NH2,ARG,463,OXT,1,3.333222225925803e-05
