donor_resname,donor_resid,donor_atom,acceptor_resname,acceptor_resid,acceptor_atom,count,frequency
THR,321,OG1,GLU,299,OE1,29302,0.9767007766407786
ARG,330,NH2,GLU,327,OE1,28799,0.9599346688443718
THR,424,OG1,LEU,420,O,28478,0.9492350254991501
LEU,168,N,ASP,164,O,28471,0.9490016999433353
TYR,456,OH,ARG,280,O,28373,0.9457351421619279
ASN,381,N,GLU,327,OE1,28299,0.9432685577147428
VAL,40,N,VAL,47,O,28137,0.937868737708743
PHE,421,N,GLU,417,O,28101,0.9366687777074097
VAL,155,N,ILE,151,O,27920,0.9306356454784841
ARG,330,NE,GLU,327,OE2,27912,0.93036898770041
THR,239,OG1,ASP,235,O,27885,0.92946901769941
ARG,159,NH2,GLU,121,OE2,27855,0.9284690510316322
LEU,210,N,VAL,206,O,27744,0.9247691743608546
GLU,301,N,TYR,297,O,27665,0.9221359288023733
SER,182,OG,PHE,178,O,27637,0.921202626579114
THR,423,OG1,PHE,419,O,27558,0.9185693810206327
ARG,159,NE,GLU,121,OE1,27422,0.9140361987933735
GLY,71,N,PRO,340,O,27394,0.9131028965701143
ARG,330,NH1,LEU,368,O,27341,0.9113362887903736
ILE,458,N,MET,137,O,27302,0.9100363321222625
VAL,76,N,ILE,73,O,27204,0.9067697743408553
PHE,283,N,LEU,279,O,27168,0.905569814339522
THR,177,OG1,LEU,173,O,27150,0.9049698343388554
THR,423,N,PHE,419,O,27140,0.9046365121162628
ASN,428,ND2,THR,424,O,27117,0.9038698710042998
THR,366,OG1,ILE,363,O,26911,0.8970034332188928
PHE,143,N,PRO,139,O,26901,0.8966701109963001
PHE,178,N,PHE,174,O,26869,0.8956034798840039
PHE,385,N,PRO,382,O,26840,0.8946368454384854
SER,100,OG,LEU,96,O,26804,0.893436885437152
VAL,101,N,ARG,97,O,26738,0.8912369587680411
MET,49,N,PHE,38,O,26733,0.8910702976567447
SER,145,OG,PHE,141,O,26667,0.8888703709876338
THR,264,OG1,LEU,260,O,26578,0.8859038032065598
TYR,162,OH,GLU,121,OE2,26508,0.8835705476484117
LEU,241,N,ILE,237,O,26497,0.8832038932035599
ILE,146,N,LEU,142,O,26432,0.8810372987567081
PHE,99,N,VAL,95,O,26417,0.8805373154228192
HIP,384,N,ASN,381,O,26417,0.8805373154228192
THR,103,N,PHE,99,O,26337,0.8778707376420786
GLN,176,N,ASN,172,O,26300,0.8766374454184861
PHE,160,N,ASN,149,OD1,26299,0.8766041131962268
LEU,9,N,GLY,13,O,26287,0.8762041265291157
HID,341,N,VAL,360,O,26255,0.8751374954168194
ILE,363,N,LEU,50,O,26118,0.8705709809673011
PHE,361,N,VAL,48,O,26057,0.8685377154094863
GLY,52,N,THR,366,OG1,26029,0.8676044131862272
GLN,427,NE2,ARG,308,O,26011,0.8670044331855605
THR,272,OG1,PHE,268,O,25998,0.8665711142961902
ASP,77,N,ILE,73,O,25876,0.8625045831805607
ASP,387,N,ALA,391,O,25869,0.8622712576247459
GLN,329,N,ILE,325,O,25837,0.8612046265124496
THR,424,N,LEU,420,O,25806,0.8601713276224126
HIE,41,N,ASN,14,OD1,25795,0.8598046731775607
SER,332,OG,ILE,328,O,25746,0.8581713942868571
THR,147,OG1,PHE,143,O,25665,0.8554714842838572
SER,365,N,PRO,336,O,25648,0.8549048365054498
PHE,349,N,TYR,352,O,25611,0.8536715442818573
VAL,360,N,HID,341,O,25591,0.8530048998366722
ASN,14,N,HIE,41,O,25508,0.8502383253891537
ILE,217,N,ILE,213,O,25501,0.8500049998333389
ASN,149,ND2,GLU,121,OE2,25364,0.8454384853838205
ALA,148,N,GLN,144,O,25253,0.8417386087130428
ILE,300,N,VAL,296,O,25248,0.8415719476017466
ARG,57,N,VAL,53,O,25184,0.839438685377154
VAL,95,N,ASN,91,O,25062,0.8353721542615247
VAL,343,N,THR,358,O,24938,0.8312389587013767
THR,321,N,GLU,299,OE1,24904,0.8301056631445618
ILE,126,N,ALA,122,O,24871,0.8290056998100064
SER,430,N,LEU,461,O,24817,0.8272057598080064
LEU,96,N,ARG,92,O,24776,0.8258391386953768
ASP,164,N,HIE,161,O,24707,0.823539215359488
ILE,181,N,THR,177,O,24707,0.823539215359488
TYR,207,N,HIE,203,O,24700,0.8233058898036733
THR,358,OG1,PRO,355,O,24680,0.8226392453584881
ARG,406,NH1,HM1,464,O2D,24676,0.822505916469451
VAL,48,N,GLU,359,O,24658,0.8219059364687844
TYR,175,N,LEU,171,O,24614,0.820439318689377
ARG,70,NH1,ILE,86,O,24603,0.8200726642445252
ILE,354,N,THR,347,O,24582,0.8193726875770808
PHE,38,N,MET,49,O,24536,0.8178394053531549
TYR,281,OH,LEU,442,O,24523,0.8174060864637845
MET,137,N,ILE,458,O,24490,0.816306123129229
THR,39,N,PRO,4,O,24476,0.8158394720175994
TYR,83,N,PHE,80,O,24408,0.8135728809039698
THR,347,N,ILE,354,O,24373,0.8124062531248958
ILE,56,N,GLY,52,O,24338,0.8112396253458218
LEU,265,N,ASN,261,O,24326,0.8108396386787107
TYR,281,N,THR,277,O,24247,0.8082063931202293
THR,264,N,LEU,260,O,24207,0.806873104229859
CYS,152,N,ALA,148,O,24179,0.8059398020065998
MET,244,N,TYR,240,O,24060,0.8019732675577481
THR,103,OG1,PHE,99,O,23984,0.7994400186660444
ILE,452,N,GLU,446,O,23898,0.7965734475517483
LEU,125,N,GLU,121,O,23812,0.7937068764374521
LEU,129,N,LEU,125,O,23763,0.7920735975467484
VAL,303,N,GLU,299,O,23738,0.791240291990267
ARG,280,N,SER,276,O,23706,0.7901736608779707
TYR,326,N,GLU,322,O,23658,0.7885737142095264
LEU,420,N,ALA,416,O,23438,0.7812406253124896
LYS,393,N,PHE,385,O,23360,0.7786407119762675
GLU,222,N,GLY,218,O,23332,0.7777074097530082
GLU,327,N,ALA,323,O,23332,0.7777074097530082
LEU,368,N,LEU,364,O,23308,0.776907436418786
ARG,97,N,TRP,93,O,23251,0.7750074997500084
LYS,356,N,HIE,346,ND1,23238,0.774574180860638
ARG,70,NH2,HM1,464,O2A,23227,0.7742075264157862
GLN,144,N,THR,140,O,23202,0.7733742208593047
ASN,149,ND2,PHE,160,O,23168,0.7722409253024899
THR,102,OG1,ARG,98,O,22954,0.7651078297390087
GLU,322,N,MET,318,O,22919,0.7639412019599346
ARG,70,NH1,HM1,464,O1A,22903,0.7634078864037865
GLN,427,NE2,GLY,305,O,22870,0.762307923069231
PHE,269,N,LEU,265,O,22835,0.761141295290157
PHE,268,N,THR,264,O,22822,0.7607079764007867
TYR,297,N,ALA,293,O,22817,0.7605413152894903
ALA,122,N,ILE,118,O,22568,0.7522415919469351
ARG,31,N,PHE,27,O,22560,0.7519749341688611
LEU,173,N,LYS,169,O,22545,0.7514749508349722
ASN,172,N,LEU,168,O,22527,0.7508749708343055
ASN,14,ND2,GLN,17,OE1,22514,0.7504416519449352
GLY,305,N,ILE,300,O,22485,0.7494750174994167
LEU,262,N,GLN,258,O,22459,0.748608379720676
LEU,426,N,PHE,422,O,22389,0.746275124162528
VAL,221,N,ILE,217,O,22321,0.7440085330488984
TYR,34,N,PHE,30,O,22272,0.7423752541581947
ARG,98,N,LYS,94,O,22203,0.7400753308223059
LEU,279,N,THR,275,O,22081,0.7360087997066764
ARG,298,N,GLU,294,O,22070,0.7356421452618246
LYS,223,N,HIE,219,O,21999,0.7332755574814173
LEU,60,N,ILE,56,O,21987,0.7328755708143062
ASP,383,N,ASN,381,OD1,21987,0.7328755708143062
ASN,214,N,LEU,210,O,21977,0.7325422485917136
THR,39,OG1,PRO,3,O,21770,0.7256424785840472
LEU,285,N,TYR,281,O,21673,0.7224092530248992
ALA,323,N,PRO,319,O,21660,0.7219759341355289
THR,277,N,GLU,273,O,21626,0.720842638578714
ALA,59,N,ALA,55,O,21624,0.7207759741341955
SER,100,N,LEU,96,O,21568,0.718909369687677
LEU,418,N,ALA,414,O,21504,0.7167761074630845
LEU,50,N,PHE,361,O,21490,0.7163094563514549
LYS,63,N,GLU,58,O,21332,0.7110429652344922
LYS,94,N,GLY,90,O,21304,0.7101096630112329
ASN,209,N,GLN,205,O,21288,0.7095763474550848
VAL,296,N,VAL,292,O,21269,0.708943035232159
VAL,324,N,TYR,320,O,21087,0.702876570780974
ILE,325,N,THR,321,O,21079,0.7026099130028999
ALA,135,N,SER,132,O,20998,0.6999100029999
ARG,459,N,ALA,432,O,20860,0.6953101563281224
TYR,207,OH,ALA,74,O,20822,0.6940435318822706
ALA,270,N,SER,266,O,20767,0.6922102596580114
ASN,14,ND2,PRO,6,O,20673,0.6890770307656412
SER,26,OG,GLY,22,O,20593,0.6864104529849006
LEU,188,N,VAL,184,O,20541,0.6846771774274191
ASN,261,N,HIE,257,O,20503,0.6834105529815673
LEU,196,N,PHE,192,O,20496,0.6831772274257525
GLY,412,N,LEU,409,O,20483,0.6827439085363821
THR,366,N,ILE,363,O,20318,0.6772440918636046
LEU,180,N,GLN,176,O,20198,0.6732442251924936
PHE,174,N,MET,170,O,20153,0.671744275190827
ARG,117,N,SER,113,O,19958,0.6652444918502717
ILE,328,N,VAL,324,O,19884,0.6627779074030866
LEU,28,N,LEU,24,O,19635,0.6544781840605313
MET,286,N,GLY,282,O,19623,0.6540781973934202
GLY,338,N,LEU,335,O,19610,0.6536448785040498
LEU,171,N,PHE,167,O,19533,0.651078297390087
ASP,370,N,ALA,367,O,19362,0.6453784873837539
SER,193,OG,GLU,190,O,18999,0.6332788907036432
HIP,384,ND1,GLU,327,OE2,18981,0.6326789107029765
THR,102,N,ARG,98,O,18859,0.6286123795873471
GLY,218,N,ASN,214,O,18850,0.6283123895870137
THR,274,OG1,ALA,270,O,18758,0.625245825139162
ASN,250,N,GLU,247,O,18686,0.6228459051364954
LEU,461,N,SER,430,O,18593,0.6197460084663845
PHE,374,N,ASP,370,O,18307,0.6102129929002367
PHE,30,N,SER,26,O,18285,0.609479684010533
LYS,131,N,GLU,127,O,18256,0.6085130495650145
GLN,17,NE2,ARG,7,O,18222,0.6073797540081998
MET,318,N,ARG,315,O,18208,0.6069131028965701
ARG,315,NH1,ARG,415,O,18183,0.6060797973400887
GLN,211,N,TYR,207,O,18103,0.603413219559348
ARG,225,N,VAL,221,O,17969,0.5989467017766075
SER,179,OG,TYR,175,O,17920,0.5973134228859038
GLU,120,N,GLU,116,O,17825,0.5941468617712743
VAL,206,N,ALA,202,O,17817,0.5938802039932002
TYR,352,N,PHE,349,O,17795,0.5931468951034965
PHE,422,N,LEU,418,O,17793,0.5930802306589781
LYS,288,NZ,ILE,440,O,17757,0.5918802706576447
SER,179,N,TYR,175,O,17744,0.5914469517682744
SER,153,OG,ASN,149,O,17740,0.5913136228792374
THR,347,OG1,GLN,345,O,17712,0.5903803206559781
ALA,432,N,ARG,459,O,17618,0.5872470917636079
GLY,69,N,HM1,464,O2A,17590,0.5863137895403486
TRP,93,NE1,HM1,464,O1D,17540,0.5846471784273858
GLY,448,N,GLY,450,O,17525,0.5841471950934969
GLN,427,N,THR,423,O,17504,0.5834472184260525
LEU,236,N,ILE,154,O,17325,0.5774807506416453
PHE,80,N,VAL,76,O,17287,0.5762141261957935
LYS,208,N,ARG,204,O,17256,0.5751808273057565
CYS,51,N,ASP,36,O,17203,0.5734142195260158
GLY,22,N,ASP,19,O,17171,0.5723475884137196
LYS,317,N,ASP,314,O,17112,0.5703809873004233
GLU,247,N,HID,243,O,17081,0.5693476884103863
THR,140,OG1,ASP,138,OD2,16964,0.5654478184060532
SER,183,OG,LEU,180,O,16896,0.5631812272924236
ARG,330,N,TYR,326,O,16877,0.5625479150694976
HIP,224,N,SER,220,O,16845,0.5614812839572014
THR,239,N,ASP,235,O,16844,0.5614479517349422
ARG,130,N,ILE,126,O,16679,0.5559481350621646
TYR,373,N,ASP,370,O,16610,0.5536482117262758
ARG,308,NH1,ASP,314,OD2,16540,0.5513149561681278
THR,344,N,ALA,66,O,16491,0.5496816772774241
SER,132,OG,LEU,129,O,16467,0.5488817039432019
TRP,93,N,ASN,89,O,16438,0.5479150694976834
ASN,259,N,SER,256,OG,16376,0.5458484717176094
ARG,81,N,ASP,77,O,16342,0.5447151761607947
ARG,295,N,HIE,291,O,16257,0.5418819372687577
SER,145,N,PHE,141,O,16246,0.5415152828239058
ARG,463,N,ASN,428,O,16198,0.5399153361554615
ASP,19,N,SER,26,OG,16181,0.5393486883770541
LYS,451,NZ,ASP,333,OD2,16124,0.5374487517082764
ALA,215,N,GLN,211,O,15973,0.5324155861471285
GLY,390,N,ASP,387,O,15959,0.5319489350354988
GLU,226,N,GLU,222,O,15864,0.5287823739208694
GLU,294,N,PRO,290,O,15762,0.525382487250425
GLU,32,N,LEU,28,O,15642,0.5213826205793141
SER,153,N,ASN,149,O,15545,0.518149395020166
LEU,242,N,ASP,238,O,15457,0.5152161594613512
TYR,240,N,LEU,236,O,15419,0.5139495350154994
GLU,411,N,CM1,408,O,15418,0.5139162027932402
GLN,119,N,GLU,115,O,15412,0.5137162094596847
GLU,127,N,GLN,123,O,15379,0.5126162461251291
GLN,144,NE2,GLU,273,OE2,15379,0.5126162461251291
ASP,238,N,ASP,235,OD1,15347,0.5115496150128329
THR,140,N,ASP,138,OD2,15297,0.50988300389987
PHE,398,N,THR,395,O,15242,0.5080497316756108
GLU,311,N,ASP,314,OD2,15200,0.506649778340722
CM1,408,N,PHE,401,O,15196,0.506516449451685
GLU,417,N,GLU,417,OE1,15138,0.504583180560648
ARG,29,N,LYS,25,O,15051,0.5016832772240926
SER,266,OG,LEU,262,O,15016,0.5005166494450185
PHE,255,N,SER,253,OG,14990,0.4996500116662778
ASP,357,N,VAL,343,O,14977,0.49921669277690744
ARG,97,NH1,HM1,464,O1D,14972,0.4990500316656111
THR,227,OG1,LYS,223,O,14942,0.4980500649978334
ARG,315,N,GLU,311,O,14910,0.4969834338855372
ASN,259,ND2,GLU,254,O,14814,0.49378354054864837
LEU,260,N,SER,256,O,14712,0.49038365387820404
HID,243,ND1,THR,239,O,14660,0.48865037832072267
HIP,384,NE2,GLU,375,O,14648,0.48825039165361156
ARG,459,NE,GLY,134,O,14436,0.48118396053464885
THR,443,OG1,ASP,441,OD1,14425,0.480817306089797
PHE,27,N,LEU,23,O,14378,0.4792506916436119
ILE,213,N,ASN,209,O,14370,0.47898403386553784
TYR,320,N,GLU,299,OE2,14327,0.4775507483083897
THR,272,N,PHE,268,O,14318,0.4772507583080564
ASN,149,N,SER,145,O,14180,0.4726509116362788
LYS,288,N,LEU,284,O,14174,0.47245091830272323
THR,147,N,PHE,143,O,14065,0.4688177060764641
LYS,133,N,ARG,130,O,14057,0.46855104829839006
ARG,45,NH1,GLU,359,OE2,14017,0.46721775940801974
SER,68,OG,ALA,64,O,13855,0.46181793940201993
THR,443,OG1,ASP,441,OD2,13809,0.4602846571780941
LYS,288,NZ,PRO,437,O,13783,0.45941801939935334
SER,433,OG,GLN,457,O,13655,0.4551514949501683
PHE,79,N,VAL,76,O,13651,0.45501816606113127
CYS,124,N,GLU,120,O,13625,0.4541515282823906
HIE,219,N,ALA,215,O,13585,0.45281823939202026
VAL,85,N,ASN,263,OD1,13552,0.45171827605746473
ARG,21,N,ASP,19,OD2,13541,0.4513516216126129
ILE,304,N,ILE,300,O,13495,0.44981833938868704
THR,177,N,LEU,173,O,13488,0.44958501383287225
ALA,66,N,LYS,63,O,13480,0.4493183560547982
LYS,234,N,ASP,238,OD2,13470,0.4489850338322056
ARG,308,NH2,ASP,314,OD1,13369,0.44561847938402055
TYR,240,OH,SER,256,O,13349,0.4449518349388354
GLN,123,N,GLN,119,O,13344,0.44478517382753907
GLU,128,N,CYS,124,O,13206,0.4401853271557615
TYR,289,N,LEU,285,O,13206,0.4401853271557615
ASP,238,N,ASP,235,OD2,13182,0.43938535382153926
SER,256,N,TYR,240,OH,13165,0.4388187060431319
ALA,397,N,THR,395,OG1,13142,0.43805206493116894
GLN,187,N,VAL,184,O,13132,0.43771874270857636
MET,104,N,SER,100,O,13109,0.43695210159661346
LYS,246,N,LEU,242,O,12951,0.4316856104796507
THR,443,N,ASP,441,OD1,12946,0.4315189493683544
HID,243,N,THR,239,O,12890,0.42965234492183596
PHE,192,N,LEU,188,O,12882,0.42938568714376185
ARG,92,NH1,GLY,82,O,12877,0.4292190260324656
GLY,282,N,SER,278,O,12787,0.42621912602913237
ALA,414,N,GLY,410,O,12740,0.42465251158294726
ARG,117,NH2,MET,104,O,12724,0.4241191960267991
ALA,293,N,TYR,289,O,12682,0.42271924269191025
VAL,435,N,SER,433,OG,12674,0.4224525849138362
GLU,121,N,ARG,117,O,12599,0.41995266824439187
SER,193,N,GLU,190,O,12429,0.414286190460318
PHE,429,N,ILE,425,O,12410,0.4136528782373921
ARG,97,NH1,ILE,407,O,12388,0.4129195693476884
THR,443,N,ASP,441,OD2,12364,0.4121195960134662
HIP,224,NE2,ASP,235,OD1,12312,0.4103863204559848
ARG,280,NH2,GLU,273,OE1,12286,0.4095196826772441
SER,276,OG,GLU,273,OE2,12246,0.40818639378687377
ASP,106,N,THR,102,O,12185,0.406153128229059
THR,140,OG1,ASP,138,OD1,12074,0.4024532515582814
GLN,144,NE2,GLU,273,OE1,12058,0.40191993600213327
SER,278,N,THR,274,O,11920,0.3973200893303557
SER,182,N,PHE,178,O,11829,0.3942868571047632
PHE,189,N,PHE,185,O,11817,0.3938868704376521
LEU,287,N,PHE,283,O,11806,0.39352021599280024
GLU,245,N,LEU,241,O,11801,0.393353554881504
ARG,45,NH2,GLU,190,OE2,11690,0.38965367821072633
GLU,212,N,LYS,208,O,11597,0.3865537815406153
VAL,47,N,VAL,40,O,11516,0.3838538715376154
HID,369,ND1,SER,365,O,11509,0.3836205459818006
ASN,263,ND2,TYR,83,O,11476,0.3825205826472451
ILE,353,N,ARG,1,O,11471,0.3823539215359488
TYR,216,N,GLU,212,O,11469,0.3822872570914303
SER,68,N,ALA,64,O,11440,0.3813206226459118
ARG,280,NH1,GLU,273,OE2,11382,0.3793873537548748
ILE,425,N,PHE,421,O,11376,0.3791873604213193
LEU,267,N,ASN,263,O,11357,0.3785540481983934
ASN,263,N,ASN,259,O,11339,0.37795406819772676
ALA,379,N,LYS,376,O,11282,0.376054131528949
SER,231,OG,ASP,229,OD1,11243,0.37475417486083795
THR,277,OG1,GLU,273,O,11183,0.37275424152528247
ARG,21,N,ASP,19,OD1,11175,0.3724875837472084
LEU,386,N,ASP,383,O,11041,0.3680210659644679
PHE,87,N,GLY,84,O,11023,0.3674210859638012
LYS,169,N,GLN,165,O,11008,0.36692110262991234
SER,113,OG,GLU,115,OE2,10952,0.36505449818339386
LYS,63,NZ,SER,348,O,10914,0.36378787373754207
HIE,372,N,ASP,370,OD2,10856,0.3618546048465051
SER,276,OG,GLU,273,OE1,10769,0.3589547015099497
PHE,195,N,PHE,192,O,10747,0.358221392620246
SER,231,OG,ASP,229,OD2,10694,0.3564547848405053
GLN,445,N,ILE,452,O,10682,0.3560547981733942
THR,140,N,ASP,138,OD1,10598,0.35325489150361655
SER,266,N,LEU,262,O,10502,0.35005499816672775
ARG,45,NH2,GLU,190,OE1,10491,0.34968834372187596
LYS,234,N,ASP,238,OD1,10409,0.3469551014966168
GLU,58,N,GLU,54,O,10174,0.3391220292656911
ARG,415,NH2,GLU,411,OE1,10174,0.3391220292656911
ARG,92,NE,GLU,254,OE1,10138,0.33792206926435786
SER,113,OG,GLU,115,OE1,9936,0.33118896036798773
ASP,439,N,ALA,436,O,9930,0.3309889670344322
MET,18,N,ASN,14,O,9917,0.33055564814506183
GLU,190,N,GLN,187,O,9911,0.3303556548115063
HIP,224,ND1,SER,220,O,9887,0.3295556814772841
ASN,263,ND2,SER,100,OG,9864,0.32878904036532114
ARG,21,NE,ASP,19,OD2,9843,0.3280890636978767
ILE,413,N,GLY,410,O,9842,0.3280557314756175
ASN,261,ND2,ASN,214,O,9817,0.32722242591913603
SER,402,OG,ARG,406,O,9784,0.3261224625845805
ARG,415,NE,GLU,411,OE2,9622,0.32072264257858074
ARG,280,NH1,GLU,273,OE1,9584,0.3194560181327289
SER,26,N,GLY,22,O,9488,0.31625612479584014
SER,253,OG,GLU,247,OE1,9456,0.3151894936835439
ARG,225,NH2,GLU,222,OE1,9345,0.31148961701276623
ARG,315,NH2,GLU,322,OE1,9336,0.3111896270124329
ARG,315,NE,GLU,322,OE2,9208,0.3069231025632479
GLN,17,N,ASN,14,O,9206,0.30685643811872937
ARG,415,N,GLY,410,O,9099,0.3032898903369888
PHE,331,N,GLU,327,O,9056,0.30185660477984066
ARG,308,NH2,ASP,314,OD2,9052,0.30172327589080367
ARG,415,NH2,GLU,411,OE2,8991,0.2996900103329889
ARG,105,N,VAL,101,O,8967,0.2988900369987667
LYS,356,NZ,ASP,357,OD2,8890,0.29632345588480385
LYS,248,NZ,GLU,245,OE1,8841,0.2946901769941002
HIP,224,NE2,ASP,235,OD2,8778,0.29259024699176694
ASN,209,ND2,THR,177,OG1,8749,0.29162361254624847
ARG,280,NH2,GLU,273,OE2,8745,0.2914902836572114
SER,231,N,ASP,229,OD1,8636,0.2878570714309523
LYS,356,NZ,ASP,357,OD1,8636,0.2878570714309523
GLY,186,N,SER,183,O,8631,0.28769041031965603
PHE,67,N,ALA,64,O,8602,0.28672377587413755
GLY,271,N,LEU,267,O,8591,0.2863571214292857
LYS,248,NZ,GLU,245,OE2,8585,0.28615712809573013
SER,231,N,ASP,229,OD2,8505,0.2834905503149895
ARG,225,NH2,GLU,222,OE2,8405,0.2801573280890637
ARG,415,NE,GLU,411,OE1,8398,0.2799240025332489
TYR,198,N,PHE,195,O,8368,0.27892403586547115
ARG,92,NE,GLU,254,OE2,8314,0.2771240958634712
HIE,372,N,ASP,370,OD1,8264,0.2754574847505083
MET,170,N,GLU,166,O,8215,0.27382420585980466
LYS,63,NZ,GLU,58,OE2,8170,0.2723242558581381
GLN,119,NE2,PRO,310,O,8170,0.2723242558581381
ARG,97,NH2,ILE,407,O,8131,0.271024299190027
ASN,261,ND2,ASN,214,OD1,8128,0.2709243025232492
ARG,21,NH2,ASP,19,OD1,8127,0.27089097030098996
VAL,292,N,TYR,289,O,8120,0.2706576447451752
ASN,214,ND2,GLN,211,OE1,8102,0.27005766474450854
ARG,21,NE,ASP,19,OD1,8074,0.26912436252124927
SER,253,OG,GLU,247,OE2,7897,0.2632245591813606
SER,183,N,LEU,180,O,7896,0.26319122695910135
LEU,284,N,ARG,280,O,7621,0.2540248658378054
ARG,315,NE,GLU,322,OE1,7600,0.253324889170361
ALA,64,N,VAL,61,O,7586,0.25285823805873137
LYS,63,NZ,GLU,58,OE1,7550,0.2516582780573981
SER,332,N,ILE,328,O,7423,0.24742508583047232
ARG,130,NH2,GLU,127,OE2,7406,0.24685843805206492
GLN,302,N,ARG,298,O,7375,0.24582513916202794
THR,277,OG1,GLU,273,OE2,7361,0.2453584880503983
ARG,308,NH1,ASP,314,OD1,7349,0.24495850138328723
HID,341,ND1,HM1,464,O2A,7325,0.24415852804906504
ARG,31,NH2,ASP,36,OD1,7251,0.24169194360187993
ARG,57,NH2,GLU,54,OE2,7247,0.2415586147128429
SER,249,N,LYS,246,O,7232,0.24105863137895403
VAL,53,N,ASP,370,OD1,7180,0.23932535582147263
THR,227,N,LYS,223,O,7145,0.2381587280423986
ARG,57,NH2,GLU,54,OE1,7123,0.2374254191526949
ARG,225,NE,GLU,222,OE2,7115,0.23715876137462086
SER,220,N,TYR,216,O,7113,0.23709209693010233
ARG,70,NE,PRO,340,O,7107,0.23689210359654678
ASP,314,N,GLU,311,O,7017,0.23389220359321355
GLY,108,N,ASP,106,OD1,6954,0.2317922735908803
ARG,330,NH1,PRO,377,O,6910,0.23032565581147296
ARG,406,NE,SER,68,OG,6905,0.23015899470017667
ARG,130,NH2,GLU,127,OE1,6903,0.23009233025565815
GLU,311,N,ASP,314,OD1,6870,0.22899236692110264
LEU,191,N,GLN,187,O,6846,0.22819239358688043
LYS,111,NZ,SER,153,O,6781,0.22602579914002865
LEU,191,N,LEU,188,O,6717,0.22389253691543615
ASN,209,ND2,GLN,176,OE1,6650,0.22165927802406588
ARG,225,NE,GLU,222,OE1,6638,0.22125929135695477
LEU,15,N,LEU,12,O,6617,0.22055931468951034
ARG,21,NH2,ASP,19,OD2,6594,0.21979267357754742
GLU,299,N,ARG,295,O,6585,0.2194926835772141
LYS,405,NZ,GLU,65,OE1,6582,0.2193926869104363
ARG,31,NE,ASP,36,OD1,6569,0.21895936802106597
ASN,389,ND2,ASP,387,OD2,6508,0.21692610246325122
ASN,389,ND2,ASP,387,OD1,6500,0.21665944468517717
VAL,61,N,ARG,57,O,6479,0.21595946801773275
LYS,405,NZ,GLU,65,OE2,6477,0.21589280357321422
GLN,163,N,HIE,161,ND1,6464,0.21545948468384388
LYS,72,NZ,GLU,359,OE1,6461,0.2153594880170661
LYS,451,N,LEU,334,O,6459,0.2152928235725476
THR,455,OG1,GLN,445,OE1,6456,0.2151928269057698
SER,365,OG,PRO,336,O,6412,0.21372620912636245
GLY,108,N,ASP,106,OD2,6380,0.2126595780140662
ALA,202,N,PHE,185,O,6380,0.2126595780140662
ASN,389,N,ASP,387,OD2,6374,0.21245958468051065
LEU,42,N,ARG,45,O,6362,0.21205959801339955
HIE,252,N,ASN,250,OD1,6340,0.2113262891236959
ARG,31,NH2,ASP,36,OD2,6337,0.2112262924569181
LYS,248,N,GLU,245,O,6326,0.21085963801206625
ARG,45,NH1,GLU,359,OE1,6275,0.20915969467684412
MET,109,N,PRO,233,O,6273,0.2090930302323256
ILE,154,N,ILE,150,O,6164,0.20545981800606647
GLY,35,N,ARG,31,O,6161,0.20535982133928868
SER,278,OG,SER,332,OG,6126,0.20419319356021465
ILE,440,N,PRO,437,O,6112,0.20372654244858504
ARG,112,NH2,GLU,120,OE1,6093,0.20309323022565914
ALA,316,N,LEU,312,O,6088,0.20292656911436285
ASN,389,N,ASP,387,OD1,6087,0.2028932368921036
ARG,70,NH2,VAL,339,O,6086,0.20285990466984433
ASN,428,N,ILE,425,O,5989,0.19962667911069631
ARG,298,NH1,GLU,301,OE2,5973,0.19909336355454818
THR,277,OG1,GLU,273,OE1,5953,0.19842671910936302
THR,227,N,HIP,224,O,5922,0.19739342021932602
ARG,315,NH2,GLU,322,OE2,5922,0.19739342021932602
GLN,205,NE2,ASN,209,OD1,5906,0.19686010466317788
ALA,367,N,LEU,364,O,5905,0.19682677244091865
LYS,33,N,ARG,29,O,5886,0.19619346021799272
PHE,156,N,CYS,152,O,5822,0.1940601979934002
PHE,199,N,LEU,196,O,5800,0.19332688910369655
ALA,88,N,GLY,84,O,5710,0.19032698910036333
ARG,463,NE,LEU,426,O,5704,0.19012699576680778
ILE,407,N,GLY,404,O,5699,0.1899603346555115
GLN,187,NE2,GLU,190,OE1,5695,0.18982700576647446
VAL,53,N,ASP,370,OD2,5582,0.1860604646511783
SER,249,OG,LYS,246,O,5580,0.1859938002066598
ARG,112,NH1,GLU,120,OE1,5554,0.18512716242791907
ARG,330,NH2,PRO,377,O,5551,0.18502716576114128
ARG,112,NH2,GLU,120,OE2,5503,0.1834272190926969
ILE,413,N,LEU,409,O,5424,0.18079397353421553
TRP,93,NE1,HM1,464,O2D,5422,0.180727309089697
LYS,158,N,CYS,152,O,5414,0.18046065131162295
ARG,298,NE,GLU,294,OE1,5388,0.17959401353288224
SER,132,N,GLU,128,O,5364,0.17879404019866005
GLN,119,NE2,GLU,311,OE1,5301,0.17669411019632678
ASN,250,ND2,GLU,247,OE1,5267,0.175560814639512
ARG,298,NH1,GLU,301,OE1,5237,0.17456084797173427
ARG,463,NH2,GLU,294,OE2,5230,0.17432752241591948
ASN,250,ND2,GLU,247,OE2,5118,0.17059431352288257
LYS,111,NZ,LYS,234,O,5106,0.17019432685577146
GLN,119,NE2,GLU,311,OE2,5088,0.16959434685510483
ALA,88,N,VAL,85,O,5087,0.16956101463284556
ALA,232,N,ASP,229,O,5043,0.16809439685343822
SER,113,N,GLU,116,OE2,5012,0.1670610979634012
ASP,62,N,ARG,57,O,4970,0.1656611446285124
ARG,463,NH1,GLU,294,OE1,4952,0.16506116462784573
ILE,118,N,VAL,114,O,4938,0.16459451351621612
LEU,386,N,PRO,382,O,4935,0.16449451684943836
SER,113,N,GLU,116,OE1,4896,0.1631945601813273
ARG,204,N,GLY,201,O,4881,0.16269457684743843
GLN,205,N,GLY,201,O,4874,0.16246125129162362
LYS,169,NZ,GLU,212,OE2,4846,0.1615279490683644
TYR,297,OH,GLU,301,OE1,4804,0.16012799573347555
TYR,297,OH,GLU,301,OE2,4740,0.15799473350888305
ARG,31,NE,ASP,36,OD2,4734,0.1577947401753275
GLN,187,NE2,GLN,187,O,4719,0.15729475684143862
PHE,67,N,LYS,63,O,4705,0.15682810572980901
ARG,130,NE,GLU,127,OE1,4638,0.15459484683843872
ARG,112,NE,GLU,120,OE2,4614,0.15379487350421653
LYS,169,NZ,GLU,212,OE1,4573,0.15242825239158694
ARG,112,NH1,GLU,120,OE2,4566,0.15219492683577215
ARG,105,N,THR,102,O,4560,0.1519949335022166
ARG,406,NH2,ALA,88,O,4530,0.15099496683443886
LYS,111,N,GLY,108,O,4528,0.15092830238992033
GLN,445,NE2,PRO,453,O,4515,0.15049498350055
HID,369,N,THR,366,O,4507,0.1502283257224759
PHE,185,N,SER,183,OG,4496,0.1498616712776241
LYS,33,N,PHE,30,O,4473,0.14909503016566114
GLN,165,NE2,GLN,163,O,4473,0.14909503016566114
ASN,381,ND2,ASP,383,OD1,4461,0.14869504349855006
GLN,176,NE2,ASN,172,OD1,4460,0.1486617112762908
ALA,391,N,ASN,389,OD1,4448,0.1482617246091797
SER,132,OG,GLU,128,O,4445,0.14816172794240193
LYS,234,NZ,ASP,238,OD2,4440,0.14799506683110564
ARG,204,NH1,PHE,199,O,4435,0.14782840571980935
ARG,112,NE,GLU,120,OE1,4395,0.14649511682943903
LYS,169,NZ,GLU,166,OE1,4386,0.1461951268291057
LYS,169,NZ,GLU,166,OE2,4322,0.14406186460451317
HIP,384,ND1,GLU,327,OE1,4263,0.14209526349121696
ASN,428,N,THR,424,O,4251,0.14169527682410588
LYS,234,NZ,ASP,238,OD1,4217,0.14056198126729108
LYS,111,N,PHE,107,O,4205,0.14016199460018
PHE,199,N,PHE,195,O,4171,0.13902869904336523
ILE,342,N,GLY,69,O,4140,0.13799540015332823
ARG,308,NH1,PRO,309,O,4114,0.13712876237458752
ARG,92,NH2,GLU,254,OE1,4103,0.13676210792973567
ASN,261,ND2,HIE,257,O,4092,0.13639545348488383
ASN,381,ND2,ASP,383,OD2,4092,0.13639545348488383
ARG,57,NH2,ASP,62,OD2,4061,0.13536215459484685
GLY,13,N,LEU,9,O,3962,0.13206226459118028
TYR,240,OH,ASN,259,OD1,3940,0.13132895570147662
ARG,463,NH1,GLU,294,OE2,3930,0.13099563347888404
LYS,131,NZ,GLU,128,OE2,3928,0.13092896903436552
GLY,186,N,SER,183,OG,3928,0.13092896903436552
ARG,57,NH1,ASP,62,OD1,3891,0.129695676810773
ARG,130,NE,GLU,127,OE2,3883,0.1294290190326989
ILE,151,N,THR,147,O,3880,0.12932902236592114
GLN,187,NE2,GLU,190,OE2,3868,0.12892903569881004
ARG,298,NE,GLU,294,OE2,3854,0.12846238458718043
SER,365,OG,ASP,333,OD1,3845,0.1281623945868471
MET,18,N,LEU,15,O,3839,0.12796240125329156
GLU,115,N,GLU,115,OE2,3751,0.12502916569447686
SER,348,OG,TYR,352,O,3728,0.12426252458251391
ARG,298,NH2,GLU,294,OE1,3613,0.12042931902269924
HIE,252,NE2,GLU,254,OE2,3558,0.11859604679844005
LYS,234,NZ,ALA,232,O,3556,0.11852938235392153
ARG,29,NH1,ASP,19,OD1,3549,0.11829605679810673
ASN,89,ND2,ARG,70,O,3499,0.11662944568514383
LYS,197,N,SER,193,O,3499,0.11662944568514383
GLU,115,N,GLU,115,OE1,3487,0.11622945901803274
GLU,166,N,ASP,164,OD1,3445,0.1148295056831439
TYR,373,OH,GLU,54,OE1,3405,0.11349621679277358
ARG,57,NH1,GLU,396,OE2,3402,0.1133962201259958
ARG,57,NH1,GLU,396,OE1,3398,0.11326289123695876
SER,68,OG,HM1,464,O2A,3394,0.11312956234792174
ARG,81,NE,PHE,79,O,3362,0.11206293123562548
ARG,92,NH2,GLU,254,OE2,3350,0.11166294456851439
GLU,116,N,SER,113,O,3349,0.11162961234625512
SER,332,N,GLN,329,O,3337,0.11122962567914403
LYS,72,NZ,GLU,359,OE2,3318,0.11059631345621812
ARG,57,NE,GLU,54,OE2,3292,0.10972967567747742
LYS,131,NZ,GLU,128,OE1,3281,0.10936302123262558
ASN,91,ND2,GLU,254,OE2,3267,0.10889637012099597
ILE,150,N,ILE,146,O,3201,0.10669644345188493
SER,253,N,ASN,250,O,3172,0.10572980900636646
LYS,248,N,MET,244,O,3125,0.10416319456018133
ARG,45,N,LEU,42,O,3121,0.10402986567114429
TYR,373,OH,GLU,396,OE2,3104,0.10346321789273691
SER,68,N,ILE,342,O,3095,0.10316322789240359
GLU,166,N,ASP,164,OD2,3071,0.10236325455818139
ARG,298,NH2,GLU,294,OE2,3060,0.10199660011332956
THR,358,N,PRO,355,O,3027,0.10089663677877404
PHE,167,N,ASP,164,OD1,3009,0.1002966567781074
ILE,440,N,ALA,436,O,3003,0.10009666344455184
TYR,373,OH,GLU,54,OE2,2987,0.09956334788840372
TYR,326,OH,GLU,322,OE1,2969,0.09896336788773707
HIE,252,NE2,GLU,254,OE1,2961,0.09869671010966301
ASN,209,ND2,GLN,205,O,2957,0.09856338122062598
GLY,134,N,PHE,460,O,2922,0.09739675344155195
ARG,29,NH2,GLU,32,OE1,2919,0.09729675677477417
ASN,214,ND2,GLN,258,OE1,2908,0.09693010232992233
LYS,393,NZ,ASP,383,O,2906,0.09686343788540382
TYR,373,OH,GLU,396,OE1,2900,0.09666344455184828
ARG,81,NE,PRO,78,O,2848,0.09493016899436685
PHE,167,N,ASP,164,OD2,2842,0.09473017566081131
PHE,331,N,ILE,328,O,2841,0.09469684343855204
GLU,116,N,GLU,115,OE2,2834,0.09446351788273724
ARG,29,NH1,ASP,19,OD2,2829,0.09429685677144095
ARG,130,NH1,GLU,127,OE1,2828,0.09426352454918169
SER,132,N,LEU,129,O,2819,0.09396353454884837
GLN,345,N,ALA,66,O,2805,0.09349688343721876
ARG,57,NE,GLU,54,OE1,2802,0.09339688677044099
ARG,463,NH2,GLU,294,OE1,2790,0.0929969001033299
ARG,29,NE,GLU,32,OE2,2762,0.09206359788007067
THR,455,N,GLN,445,OE1,2735,0.0911636278790707
LEU,228,N,ARG,225,O,2712,0.09039698676710776
LYS,234,NZ,ASP,229,OD2,2710,0.09033032232258925
HIE,161,N,ASP,164,OD2,2697,0.0898970034332189
ARG,57,NH1,ASP,62,OD2,2663,0.08876370787640411
LYS,234,NZ,ASP,229,OD1,2647,0.088230392320256
ILE,118,N,GLU,115,O,2640,0.08799706676444119
ARG,463,NH2,LEU,426,O,2578,0.08593046898436718
HIE,161,N,ASP,164,OD1,2558,0.08526382453918202
ARG,29,NH2,GLU,32,OE2,2534,0.08446385120495983
ARG,112,NH2,GLU,116,OE2,2523,0.08409719676010799
ARG,112,NH2,GLU,116,OE1,2515,0.08383053898203394
SER,26,OG,LEU,23,O,2494,0.08313056231458951
ASN,91,ND2,GLU,254,OE1,2440,0.08133062231258958
ARG,70,NH2,HM1,464,O1A,2434,0.08113062897903403
ARG,29,NE,GLU,32,OE1,2430,0.080997300089997
GLU,396,N,GLU,396,OE2,2413,0.08043065231158962
ARG,57,NH2,ASP,62,OD1,2411,0.0803639878670711
ALA,391,N,ASP,387,O,2404,0.08013066231125629
LYS,72,N,GLU,359,OE1,2399,0.07996400119996
LYS,317,NZ,HIE,313,O,2358,0.07859738008733043
PHE,192,N,PHE,189,O,2350,0.07833072230925636
MET,109,N,LYS,234,O,2327,0.07756408119729342
GLN,187,N,SER,183,O,2325,0.07749741675277491
LEU,260,N,HIE,257,O,2325,0.07749741675277491
GLU,116,N,GLU,115,OE1,2314,0.07713076230792307
GLY,271,N,PHE,268,O,2301,0.07669744341855271
ARG,112,NH1,GLU,116,OE2,2280,0.0759974667511083
ARG,406,N,LEU,403,O,2275,0.07583080563981201
ASP,106,N,THR,103,O,2259,0.07529749008366388
LEU,364,N,LEU,362,O,2239,0.07463084563847872
ILE,150,N,THR,147,O,2227,0.07423085897136762
GLN,163,NE2,GLU,128,OE1,2203,0.07343088563714543
ARG,130,NH1,GLU,127,OE2,2184,0.07279757341421952
GLN,205,NE2,GLN,176,OE1,2170,0.07233092230258992
GLN,163,NE2,GLU,128,OE2,2165,0.07216426119129363
ARG,459,NH1,GLY,134,O,2162,0.07206426452451585
ARG,31,NH2,ASP,370,OD1,2152,0.07173094230192327
GLY,43,N,HIE,41,O,2145,0.07149761674610847
ILE,342,N,PHE,67,O,2144,0.0714642845238492
ARG,31,NH1,ASP,370,OD2,2139,0.07129762341255291
GLU,273,N,PHE,269,O,2133,0.07109763007899737
GLY,84,N,ASN,259,OD1,2100,0.06999766674444186
ILE,237,N,VAL,155,O,2096,0.06986433785540482
ILE,154,N,ILE,151,O,2066,0.06886437118762707
GLU,396,N,GLU,396,OE1,2060,0.06866437785407153
ARG,112,NH1,GLU,116,OE1,2057,0.06856438118729376
GLN,187,NE2,SER,183,O,2027,0.06756441451951602
GLN,123,NE2,GLN,119,O,2026,0.06753108229725675
LYS,451,NZ,ASP,333,OD1,1992,0.06639778674044199
GLN,119,N,GLU,116,O,1984,0.06613112896236792
LYS,111,NZ,PHE,107,O,1972,0.06573114229525683
ARG,463,NH2,PHE,429,O,1960,0.06533115562814573
SER,256,N,GLU,254,O,1950,0.06499783340555315
GLN,258,N,SER,256,OG,1944,0.0647978400719976
ARG,57,NH1,GLU,54,OE1,1940,0.06466451118296057
ASN,214,ND2,ASN,261,OD1,1901,0.0633645545148495
ARG,415,NH1,GLU,322,OE2,1896,0.06319789340355321
GLN,329,NE2,ILE,325,O,1864,0.062131262291256956
THR,274,N,ALA,270,O,1863,0.0620979300689977
ARG,117,NH1,MET,104,O,1849,0.061631278957368085
ARG,105,NE,ASP,106,OD2,1812,0.06039798673377554
ALA,74,N,GLU,190,OE1,1798,0.05993133562214593
SER,276,N,THR,272,O,1796,0.059864671177627414
ALA,316,N,HIE,313,O,1796,0.059864671177627414
SER,266,OG,ASN,263,O,1783,0.05943135228825706
ARG,57,NH1,GLU,54,OE2,1780,0.05933135562147929
SER,183,N,SER,179,O,1761,0.05869804339855338
LYS,63,NZ,ASP,62,OD2,1749,0.05829805673144228
LYS,451,NZ,PHE,331,O,1746,0.05819806006466451
SER,278,OG,THR,274,O,1740,0.057998066731108966
ILE,73,N,ASP,77,OD2,1732,0.0577314089530349
ARG,415,NH2,GLU,322,OE1,1730,0.057664744508516386
GLY,134,N,SER,132,OG,1721,0.05736475450818306
ARG,45,NH2,GLU,190,O,1719,0.05729809006366454
LYS,350,N,GLU,58,OE1,1716,0.05719809339688677
LYS,246,N,HID,243,O,1714,0.05713142895236825
LYS,350,NZ,ASP,36,OD2,1701,0.0566981100629979
SER,276,OG,THR,272,O,1685,0.056164794506849774
GLN,445,NE2,THR,455,OG1,1676,0.05586480450651645
ARG,225,NH1,GLU,222,OE2,1673,0.055764807839738674
VAL,61,N,GLU,58,O,1671,0.05569814339522016
LYS,350,N,GLU,58,OE2,1668,0.055598146728442384
GLU,226,N,LYS,223,O,1656,0.05519816006133129
ALA,55,N,GLY,52,O,1644,0.05479817339422019
ARG,295,NH1,ARG,295,O,1640,0.05466484450518316
GLN,187,NE2,ILE,181,O,1636,0.05453151561614613
HIE,346,N,GLN,345,OE1,1618,0.05393153561547948
ARG,117,NH2,ARG,112,O,1615,0.05383153894870171
LEU,24,N,CYS,447,O,1613,0.05376487450418319
LYS,376,NZ,GLU,375,OE2,1590,0.05299823339222026
ILE,73,N,ASP,77,OD1,1579,0.05263157894736842
ASN,172,ND2,LEU,168,O,1579,0.05263157894736842
ARG,117,NH1,SER,153,OG,1557,0.051898270057664744
LYS,223,NZ,GLU,226,OE2,1525,0.05083163894536849
LYS,223,NZ,GLU,226,OE1,1522,0.05073164227859071
THR,344,OG1,ALA,66,O,1516,0.05053164894503517
TYR,326,OH,GLU,322,OE2,1502,0.05006499783340555
GLU,116,N,SER,113,OG,1492,0.04973167561081297
LYS,350,NZ,ASP,36,OD1,1469,0.048965034498850035
ARG,105,NH2,ASP,106,OD1,1465,0.04883170560981301
ARG,295,NH1,GLU,299,OE2,1442,0.04806506449785007
VAL,449,N,GLN,187,OE1,1437,0.04789840338655378
LYS,63,NZ,ASP,62,OD1,1430,0.04766507783073898
VAL,339,N,HID,341,NE2,1428,0.04759841338622046
LYS,376,NZ,GLU,375,OE1,1406,0.046865104496516784
THR,275,OG1,GLY,271,O,1402,0.04673177560747975
LYS,158,NZ,ARG,159,O,1368,0.045598480050664976
THR,344,OG1,GLN,345,OE1,1364,0.04546515116162794
LYS,356,NZ,THR,344,O,1351,0.04503183227225759
LYS,234,NZ,ASP,235,OD1,1343,0.044765174494183525
ARG,29,NH2,GLN,17,O,1336,0.04453184893836872
GLY,450,N,ILE,181,O,1325,0.044165194493516885
GLU,247,N,MET,244,O,1322,0.04406519782673911
LYS,317,NZ,ASP,314,OD1,1321,0.04403186560447985
GLN,302,NE2,ARG,298,O,1312,0.04373187560414653
ARG,105,NH2,GLU,115,OE1,1309,0.04363187893736875
ARG,31,NH2,ASP,370,OD2,1296,0.0431985600479984
SER,278,OG,GLN,329,OE1,1280,0.042665244491850274
ARG,225,NH2,GLU,226,OE2,1277,0.0425652478250725
ARG,105,NH2,GLU,115,OE2,1270,0.042331922269257694
ARG,225,NH1,GLU,222,OE1,1270,0.042331922269257694
GLY,22,N,ASP,19,OD2,1257,0.041898603379887336
GLU,438,N,GLU,438,OE1,1250,0.04166527782407253
ARG,225,NH2,GLU,226,OE1,1247,0.041565281157294756
GLU,254,N,GLU,247,OE2,1245,0.04149861671277624
ARG,315,N,LEU,312,O,1227,0.040898636712109596
ARG,57,NH2,GLU,396,OE1,1223,0.04076530782307256
LYS,234,NZ,SER,231,OG,1223,0.04076530782307256
PHE,167,N,ASP,164,O,1214,0.040465317822739245
ARG,105,NH1,GLU,115,OE1,1207,0.040231992266924435
ALA,416,N,GLU,417,OE1,1205,0.04016532782240592
ALA,74,N,GLU,190,OE2,1192,0.039732008933035565
ARG,1,N,ILE,353,O,1180,0.03933202226592447
ARG,105,NH1,GLU,115,OE2,1170,0.03899870004333189
GLU,190,N,GLY,186,O,1169,0.038965367821072634
SER,68,N,THR,344,OG1,1136,0.03786540448651712
GLN,187,NE2,GLY,186,O,1134,0.0377987400419986
ARG,415,NH2,GLU,322,OE2,1118,0.03726542448585047
GLY,22,N,ASP,19,OD1,1108,0.03693210226325789
LYS,111,NZ,GLY,157,O,1103,0.0367654411519616
GLU,115,N,SER,113,OG,1103,0.0367654411519616
ASN,250,ND2,GLU,247,O,1103,0.0367654411519616
ARG,117,NH1,ARG,112,O,1091,0.036365454484850505
ARG,57,NH2,GLU,396,OE2,1088,0.03626545781807273
ARG,81,NH2,GLN,258,OE1,1080,0.03599880003999867
SER,430,OG,PRO,462,O,1079,0.03596546781773941
ARG,330,NH1,HID,369,NE2,1076,0.035865471150961635
GLU,299,N,VAL,296,O,1074,0.03579880670644312
LYS,405,N,LEU,60,O,1050,0.03499883337222093
ASN,209,ND2,LEU,173,O,1049,0.03496550114996167
LEU,173,N,MET,170,O,1033,0.03443218559381354
ARG,81,NH1,PRO,78,O,1032,0.03439885337155428
PHE,255,N,GLU,247,OE2,1021,0.034032198926702444
GLN,165,N,GLN,165,OE1,1019,0.03396553448218393
ALA,436,N,ASP,439,OD1,1015,0.0338322055931469
MET,170,N,PHE,167,O,1009,0.03363221225959135
ARG,81,NH1,GLN,258,OE1,1003,0.033432218926035796
LEU,23,N,GLN,187,OE1,989,0.03296556781440619
ASN,259,ND2,ARG,92,NE,986,0.03286557114762841
ARG,112,NE,GLU,116,OE1,976,0.03253224892503583
THR,344,OG1,GLU,65,O,949,0.03163227892403587
SER,68,OG,GLU,65,O,945,0.031498950034998835
LYS,208,NZ,GLU,212,OE2,937,0.031232292256924768
TYR,83,OH,GLU,254,OE1,932,0.031065631145628478
ASP,62,N,GLU,58,O,925,0.030832305589813674
ARG,31,NH1,ASP,370,OD1,924,0.030798973367554414
ARG,92,N,ASN,89,OD1,923,0.030765641145295158
ARG,225,N,GLU,222,O,919,0.030632312256258124
ARG,112,NE,GLU,116,OE2,914,0.030465651144961834
ARG,463,NH1,LEU,426,O,914,0.030465651144961834
HID,369,N,SER,365,O,908,0.030265657811406287
GLU,438,N,GLU,438,OE2,904,0.030132328922369254
GLN,258,N,GLN,258,OE1,898,0.029932335588813707
GLU,446,N,ILE,452,O,896,0.02986567114429519
TYR,83,OH,GLU,254,OE2,891,0.0296990100329989
ARG,204,N,HIE,203,ND1,877,0.029232358921369286
PHE,80,N,ASP,77,O,854,0.028465717809406352
LYS,208,NZ,GLU,212,OE1,853,0.028432385587147096
SER,253,OG,GLU,247,O,848,0.028265724475850806
ARG,45,NE,GLU,190,OE1,847,0.028232392253591546
ALA,436,N,ASP,439,OD2,845,0.028165727809073032
ARG,45,NE,LEU,42,O,840,0.027999066697776742
GLY,110,N,PHE,107,O,838,0.027932402253258225
ARG,117,NH2,GLY,412,O,835,0.027832405586480452
LEU,15,N,GLY,13,O,832,0.027732408919702675
ARG,70,N,ASN,89,OD1,820,0.02733242225259158
ASN,261,ND2,ASN,261,O,817,0.027232425585813805
ARG,117,NE,ARG,112,O,810,0.026999100029999
ARG,1,NE,LEU,2,O,800,0.02666577780740642
ARG,81,NH2,PHE,79,O,788,0.026265791140295324
ARG,21,NH2,GLU,446,OE1,783,0.026099130028999034
ARG,112,NH1,GLN,119,OE1,783,0.026099130028999034
ARG,463,NE,ARG,463,OXT,783,0.026099130028999034
GLU,212,N,ASN,209,O,782,0.026065797806739774
LYS,131,NZ,GLU,127,OE2,781,0.026032465584480517
ARG,298,NH2,GLU,301,OE2,781,0.026032465584480517
GLU,121,N,ILE,118,O,780,0.02599913336222126
GLN,205,N,ALA,202,O,774,0.02579914002866571
ARG,204,NH2,LYS,197,O,763,0.025432485583813873
LYS,393,NZ,ASP,387,OD2,759,0.02529915669477684
LYS,72,N,GLU,359,OE2,751,0.025032498916702776
ASN,259,ND2,GLU,254,OE1,749,0.02496583447218426
SER,193,OG,PHE,189,O,742,0.024732508916369453
LYS,63,NZ,THR,347,OG1,736,0.024532515582813906
GLN,176,NE2,ASN,209,OD1,734,0.02446585113829539
LYS,376,NZ,ASP,378,OD1,734,0.02446585113829539
PHE,27,N,LEU,24,O,733,0.024432518916036133
GLU,254,N,GLU,247,OE1,733,0.024432518916036133
GLN,176,NE2,ASN,172,O,731,0.024365854471517616
GLN,163,N,HIE,161,O,730,0.02433252224925836
PHE,460,N,GLY,134,O,730,0.02433252224925836
PHE,255,N,GLU,247,OE1,727,0.024232525582480582
ARG,21,NH2,GLU,446,OE2,726,0.024199193360221326
SER,193,N,PHE,189,O,708,0.023599213359554682
HIE,203,NE2,PHE,199,O,707,0.023565881137295422
GLU,120,N,ARG,117,O,699,0.02329922335922136
ARG,45,NE,GLU,190,OE2,698,0.0232658911369621
GLN,302,N,GLU,299,O,690,0.022999233358888038
ARG,21,NE,GLU,446,OE2,679,0.022632578914036198
ARG,225,NH1,HIE,257,ND1,679,0.022632578914036198
LYS,376,NZ,ASP,378,OD2,676,0.022532582247258424
SER,26,N,LEU,23,O,670,0.022332588913702878
ARG,112,NH2,GLN,119,OE1,661,0.022032598913369554
LYS,208,NZ,GLN,211,OE1,661,0.022032598913369554
GLN,445,NE2,TYR,175,OH,659,0.021965934468851037
LYS,131,NZ,GLU,127,OE1,658,0.02193260224659178
MET,75,N,GLU,190,OE1,651,0.021699276690776974
ASN,259,ND2,GLU,254,OE2,649,0.021632612246258457
ARG,298,NH2,GLU,301,OE1,643,0.02143261891270291
HIE,313,N,GLU,311,OE1,643,0.02143261891270291
LYS,234,NZ,THR,227,O,635,0.021165961134628847
GLN,119,NE2,GLU,115,O,625,0.020832638912036266
LYS,208,NZ,GLN,205,OE1,621,0.020699310022999233
ARG,57,NE,GLU,396,OE2,613,0.02043265224492517
ARG,45,NH1,LYS,72,O,611,0.020365987800406653
GLN,345,NE2,GLU,65,O,605,0.020165994466851106
THR,358,N,VAL,343,O,604,0.020132662244591846
ASN,149,ND2,SER,145,O,603,0.02009933002233259
GLN,258,NE2,ASN,214,OD1,603,0.02009933002233259
LYS,111,NZ,ASP,106,O,595,0.019832672244258526
ARG,57,NE,GLU,396,OE1,594,0.019799340021999266
HIE,313,N,GLU,311,OE2,588,0.01959934668844372
SER,153,OG,ILE,150,O,584,0.019466017799406685
LYS,376,N,GLU,375,OE1,583,0.01943268557714743
ARG,57,NH1,GLU,396,O,579,0.019299356688110395
GLU,245,N,LEU,242,O,576,0.019199360021332622
ASN,250,ND2,HIE,252,O,575,0.019166027799073365
LYS,376,N,GLU,375,OE2,575,0.019166027799073365
LYS,111,NZ,PRO,233,O,574,0.019132695576814105
GLU,166,N,GLU,166,OE1,567,0.0188993700209993
LYS,111,N,MET,109,O,564,0.018799373354221525
LYS,393,NZ,ASP,387,OD1,563,0.018766041131962268
ALA,388,N,ASP,387,OD1,560,0.018666044465184495
GLN,163,NE2,TYR,162,O,559,0.018632712242925235
ARG,280,NH1,SER,276,O,558,0.018599380020665978
GLY,69,N,HM1,464,O1A,545,0.018166061131295624
TYR,216,OH,GLU,166,O,539,0.017966067797740074
LEU,362,N,HID,341,NE2,539,0.017966067797740074
GLY,84,N,GLY,82,O,537,0.01789940335322156
SER,183,OG,GLU,446,OE1,528,0.017599413352888237
SER,430,OG,GLU,294,OE2,521,0.01736608779707343
ALA,388,N,ASP,387,OD2,520,0.017332755574814174
HIE,161,NE2,GLN,163,OE1,519,0.017299423352554914
GLY,157,N,ILE,154,O,516,0.01719942668577714
ARG,204,NH2,PHE,199,O,514,0.017132762241258623
LYS,111,NZ,MET,109,O,509,0.016966101129962333
SER,402,N,ILE,399,O,508,0.016932768907703077
HID,369,ND1,ASP,333,OD1,506,0.01686610446318456
ASN,149,ND2,GLU,121,OE1,504,0.016799440018666043
GLY,157,N,CYS,152,O,503,0.016766107796406787
ILE,407,N,LYS,405,O,502,0.01673277557414753
PHE,419,N,ARG,415,O,502,0.01673277557414753
ARG,459,NH2,GLY,134,O,501,0.01669944335188827
SER,220,N,ILE,217,O,500,0.016666111129629013
ARG,20,NH1,ARG,20,O,498,0.016599446685110496
LYS,393,NZ,LEU,386,O,496,0.01653278224059198
THR,227,OG1,HIP,224,O,494,0.016466117796073463
ARG,29,NH1,GLN,17,O,492,0.01639945335155495
SER,430,OG,GLU,294,OE1,492,0.01639945335155495
ARG,204,NH2,TYR,198,O,489,0.016299456684777173
GLU,166,N,GLU,166,OE2,486,0.0161994600179994
ARG,81,N,PRO,78,O,484,0.016132795573480883
ALA,391,N,ASP,387,OD1,484,0.016132795573480883
LYS,25,N,GLY,22,O,483,0.016099463351221626
GLY,110,N,GLY,108,O,481,0.01603279890670311
GLN,165,NE2,GLU,166,OE2,476,0.01586613779540682
LYS,131,NZ,GLU,127,O,475,0.015832805573147563
LYS,133,N,LEU,129,O,473,0.015766141128629046
ARG,29,NH2,ASP,19,OD1,472,0.01573280890636979
LYS,350,NZ,GLU,54,OE2,472,0.01573280890636979
THR,39,OG1,PRO,4,O,470,0.015666144461851272
SER,332,OG,GLN,329,O,466,0.015532815572814239
LYS,246,NZ,HID,243,NE2,457,0.015232825572480917
ARG,97,NE,HM1,464,O1D,456,0.015199493350221659
SER,253,N,HIE,252,ND1,451,0.015032832238925369
ASP,333,N,GLN,329,O,449,0.014966167794406854
ARG,1,NE,GLY,351,O,446,0.014866171127629078
SER,183,OG,GLU,446,OE2,446,0.014866171127629078
ARG,406,NH1,ALA,88,O,446,0.014866171127629078
ARG,105,NH2,ASP,106,OD2,445,0.014832838905369822
TYR,216,OH,GLU,166,OE1,438,0.014599513349555015
LEU,267,N,THR,264,O,437,0.014566181127295756
HIE,203,NE2,LYS,197,O,435,0.014499516682777241
GLN,187,NE2,CYS,447,O,432,0.014399520015999466
GLN,165,NE2,GLU,166,OE1,430,0.014332855571480951
ARG,29,NH2,ASP,19,OD2,428,0.014266191126962435
GLN,187,NE2,GLY,448,O,428,0.014266191126962435
ARG,406,NH1,HM1,464,O1A,423,0.014099530015666144
VAL,206,N,HIE,203,O,421,0.014032865571147628
ARG,70,NH1,VAL,339,O,420,0.013999533348888371
LYS,350,NZ,GLU,58,OE2,414,0.013799540015332823
ARG,70,NH1,HID,341,NE2,412,0.013732875570814306
HID,341,ND1,PHE,67,O,411,0.013699543348555047
ARG,81,NH1,PHE,79,O,409,0.013632878904036532
TYR,175,OH,GLN,445,OE1,403,0.013432885570480984
HIE,219,N,TYR,216,O,402,0.013399553348221726
ARG,70,NH1,HM1,464,O2A,401,0.013366221125962467
HID,341,ND1,GLY,69,O,400,0.01333288890370321
GLY,69,N,PHE,67,O,399,0.013299556681443952
SER,220,OG,ILE,217,O,398,0.013266224459184694
THR,344,OG1,SER,68,OG,398,0.013266224459184694
ARG,31,NH2,GLU,32,OE1,395,0.01316622779240692
ARG,21,NE,GLU,446,OE1,394,0.013132895570147662
LEU,188,N,PHE,185,O,394,0.013132895570147662
SER,113,OG,GLU,116,OE1,392,0.013066231125629145
LYS,451,NZ,ASP,333,O,388,0.012932902236592114
LEU,228,N,HIP,224,O,384,0.012799573347555082
LYS,131,N,GLU,128,O,378,0.012599580013999533
ILE,342,N,SER,68,O,375,0.01249958334722176
ASN,214,ND2,ASN,214,O,373,0.012432918902703243
ARG,70,NE,GLY,69,O,371,0.012366254458184726
ARG,406,NH2,SER,68,OG,371,0.012366254458184726
ARG,315,NH1,GLU,322,OE1,368,0.012266257791406953
LYS,350,NZ,GLU,54,OE1,368,0.012266257791406953
TRP,93,N,GLY,90,O,365,0.01216626112462918
LEU,142,N,ASP,138,O,365,0.01216626112462918
LYS,317,NZ,ASP,314,OD2,365,0.01216626112462918
ARG,298,NH1,GLU,294,OE2,362,0.012066264457851405
GLY,90,N,ASN,89,OD1,361,0.012032932235592146
LYS,72,NZ,ASP,77,OD1,359,0.011966267791073631
ARG,463,NE,ARG,463,O,358,0.011932935568814373
ARG,31,NE,GLU,32,OE2,357,0.011899603346555114
ARG,70,NE,VAL,339,O,354,0.011799606679777341
ARG,31,NH2,GLU,32,OE2,353,0.011766274457518083
VAL,303,N,ILE,300,O,353,0.011766274457518083
ARG,308,N,HIE,307,ND1,353,0.011766274457518083
LYS,350,NZ,GLU,54,O,353,0.011766274457518083
SER,113,OG,GLU,116,OE2,350,0.01166627779074031
TYR,216,OH,GLU,166,OE2,348,0.011599613346221792
PHE,174,N,LEU,171,O,347,0.011566281123962534
ASN,261,ND2,GLY,218,N,347,0.011566281123962534
CYS,447,N,GLU,446,OE2,345,0.011499616679444019
ASN,428,ND2,GLN,427,OE1,344,0.01146628445718476
ARG,298,NH1,GLU,294,OE1,343,0.011432952234925502
CYS,447,N,GLU,446,OE1,343,0.011432952234925502
GLN,123,N,GLU,120,O,342,0.011399620012666244
LEU,24,N,GLN,187,OE1,339,0.01129962334588847
LEU,60,N,ARG,57,O,336,0.011199626679110695
GLU,375,N,GLU,375,OE1,336,0.011199626679110695
ARG,225,NH1,GLU,226,OE2,335,0.011166294456851439
SER,430,OG,LEU,461,O,334,0.01113296223459218
LEU,312,N,GLU,311,OE2,330,0.010999633345555149
ARG,159,NH2,GLU,121,OE1,329,0.01096630112329589
GLU,375,N,GLU,375,OE2,328,0.010932968901036632
ARG,308,NE,ILE,304,O,327,0.010899636678777374
CYS,124,N,GLU,121,O,326,0.010866304456518115
ARG,415,N,GLU,411,O,326,0.010866304456518115
ARG,204,NH1,TYR,198,O,324,0.0107996400119996
GLN,345,NE2,THR,344,OG1,323,0.010766307789740342
ASN,172,ND2,GLN,176,NE2,320,0.010666311122962568
ARG,81,NE,ASP,77,O,317,0.010566314456184793
TYR,162,N,HIE,161,ND1,315,0.010499650011666278
LEU,196,N,SER,193,O,315,0.010499650011666278
ARG,45,N,GLY,43,O,311,0.010366321122629247
SER,220,OG,TYR,216,O,311,0.010366321122629247
ARG,97,NH2,HM1,464,O1D,310,0.010332988900369988
LYS,223,NZ,HIE,219,ND1,310,0.010332988900369988
GLU,32,N,ARG,29,O,309,0.01029965667811073
VAL,449,N,ILE,181,O,305,0.010166327789073698
GLY,84,N,PHE,80,O,303,0.010099663344555181
THR,227,OG1,GLU,226,OE2,302,0.010066331122295923
THR,264,OG1,ASN,261,O,302,0.010066331122295923
ARG,21,NH1,GLU,446,OE1,301,0.010032998900036666
LEU,312,N,GLU,311,OE1,300,0.009999666677777408
LYS,405,NZ,ALA,64,O,299,0.00996633445551815
ARG,225,NH1,GLU,226,OE1,298,0.009933002233258891
THR,275,N,GLY,271,O,298,0.009933002233258891
GLU,417,N,ILE,413,O,295,0.009833005566481118
MET,104,N,VAL,101,O,293,0.009766341121962601
GLN,258,NE2,TYR,83,OH,293,0.009766341121962601
ARG,98,NH2,HID,243,NE2,292,0.009733008899703343
SER,253,OG,PHE,255,O,291,0.009699676677444086
ARG,117,NH2,SER,153,OG,288,0.009599680010666311
ALA,391,N,ASP,387,OD2,288,0.009599680010666311
MET,337,N,VAL,449,O,287,0.009566347788407053
ARG,98,NH1,THR,102,OG1,284,0.00946635112162928
GLN,302,NE2,GLU,301,OE2,284,0.00946635112162928
TYR,373,N,ASP,370,OD2,284,0.00946635112162928
ARG,406,NE,HM1,464,O1A,284,0.00946635112162928
GLN,445,N,PRO,453,O,283,0.00943301889937002
ARG,1,NH2,GLY,351,O,281,0.009366354454851506
TYR,83,OH,GLN,258,OE1,278,0.00926635778807373
ARG,105,NH2,GLU,411,OE1,275,0.009166361121295957
HID,243,N,TYR,240,O,275,0.009166361121295957
THR,395,OG1,HIP,384,O,275,0.009166361121295957
GLY,134,N,LEU,129,O,273,0.00909969667677744
LEU,142,N,PRO,139,O,273,0.00909969667677744
ARG,20,NH1,MET,18,O,272,0.009066364454518182
GLN,123,NE2,GLN,123,O,272,0.009066364454518182
SER,256,OG,GLN,258,OE1,271,0.009033032232258926
THR,227,OG1,GLU,226,OE1,269,0.008966367787740409
LYS,158,NZ,PHE,156,O,268,0.00893303556548115
SER,256,OG,GLU,254,O,268,0.00893303556548115
GLN,211,NE2,GLN,211,O,264,0.008799706676444119
GLN,302,NE2,GLU,301,OE1,264,0.008799706676444119
VAL,435,N,SER,433,O,264,0.008799706676444119
ARG,81,NH2,ASP,77,OD2,262,0.008733042231925602
SER,433,OG,VAL,435,O,261,0.008699710009666345
ARG,406,NH2,HM1,464,O2A,259,0.008633045565147828
GLN,165,NE2,GLN,165,O,254,0.008466384453851538
TYR,456,N,PRO,454,O,254,0.008466384453851538
ARG,117,NH2,GLU,417,OE2,253,0.00843305223159228
GLN,144,NE2,LEU,171,O,250,0.008333055564814507
ARG,298,NE,GLU,301,OE2,249,0.008299723342555248
GLN,211,NE2,ASN,214,OD1,248,0.00826639112029599
ARG,31,NH1,ASP,36,OD1,246,0.008199726675777475
ARG,31,NH1,ASP,36,OD2,246,0.008199726675777475
PHE,189,N,GLY,186,O,246,0.008199726675777475
ARG,81,NH2,ASP,77,OD1,245,0.008166394453518216
LYS,248,NZ,GLU,245,O,243,0.0080997300089997
PHE,401,N,ILE,399,O,243,0.0080997300089997
ARG,105,NH2,GLU,411,OE2,242,0.008066397786740441
ARG,298,NH1,GLU,294,O,242,0.008066397786740441
GLN,123,NE2,GLU,120,OE2,241,0.008033065564481185
ARG,105,NH1,GLU,411,OE2,240,0.007999733342221926
GLN,211,NE2,GLU,212,OE2,240,0.007999733342221926
GLN,258,NE2,HIE,257,ND1,240,0.007999733342221926
ARG,20,NH1,LEU,15,O,237,0.007899736675444151
LYS,246,NZ,LEU,242,O,237,0.007899736675444151
LYS,350,NZ,GLU,58,OE1,235,0.007833072230925636
GLY,450,N,GLY,448,O,235,0.007833072230925636
ARG,29,NE,ASP,19,OD2,233,0.0077664077864071195
THR,147,OG1,GLN,144,O,230,0.007666411119629346
THR,358,OG1,LYS,356,O,230,0.007666411119629346
GLN,258,NE2,GLN,258,O,229,0.007633078897370088
LYS,394,NZ,TYR,326,OH,229,0.007633078897370088
ARG,1,NH1,LEU,2,O,228,0.007599746675110829
ARG,57,NE,ASP,62,OD1,228,0.007599746675110829
PHE,419,N,ALA,416,O,226,0.0075330822305923134
SER,68,N,GLU,65,O,223,0.007433085563814539
TYR,216,N,ILE,213,O,223,0.007433085563814539
LYS,394,NZ,GLU,322,OE2,222,0.007399753341555282
ARG,415,NH1,GLU,411,OE2,221,0.007366421119296023
GLN,329,NE2,PRO,400,O,217,0.0072330922302589916
SER,365,OG,ASP,333,OD2,217,0.0072330922302589916
ARG,7,NH1,PRO,8,O,214,0.007133095563481217
ASN,89,ND2,SER,68,OG,214,0.007133095563481217
GLY,201,N,PHE,199,O,214,0.007133095563481217
SER,231,N,ASP,229,O,214,0.007133095563481217
GLN,345,NE2,THR,347,OG1,214,0.007133095563481217
ASN,259,ND2,SER,256,OG,213,0.007099763341221959
GLN,345,NE2,THR,344,O,213,0.007099763341221959
ASN,89,ND2,SER,68,O,212,0.007066431118962701
LYS,94,NZ,ASN,91,OD1,212,0.007066431118962701
LEU,287,N,LEU,284,O,212,0.007066431118962701
LEU,228,N,GLU,226,O,211,0.007033098896703443
SER,278,OG,SER,332,O,211,0.007033098896703443
ARG,57,NH2,GLU,396,O,209,0.006966434452184927
HIE,252,N,ASN,250,ND2,209,0.006966434452184927
LYS,158,N,PHE,156,O,208,0.006933102229925669
TYR,373,N,ASP,370,OD1,208,0.006933102229925669
ILE,425,N,PHE,422,O,207,0.006899770007666411
ASP,333,N,ARG,330,O,206,0.006866437785407153
ARG,463,NE,PHE,429,O,206,0.006866437785407153
LYS,25,NZ,ARG,21,O,204,0.006799773340888637
SER,68,OG,THR,344,OG1,204,0.006799773340888637
LYS,246,NZ,GLU,247,OE2,204,0.006799773340888637
ARG,308,N,GLN,427,NE2,204,0.006799773340888637
LYS,405,NZ,PHE,67,O,202,0.006733108896370121
LYS,111,NZ,GLY,108,O,201,0.006699776674110863
ARG,117,NE,SER,113,O,200,0.006666444451851605
GLN,123,NE2,GLU,120,OE1,200,0.006666444451851605
THR,103,N,SER,100,O,199,0.006633112229592347
ARG,159,NE,GLU,121,OE2,197,0.006566447785073831
SER,231,OG,ALA,232,O,197,0.006566447785073831
ASN,259,ND2,TYR,83,O,197,0.006566447785073831
ARG,81,NH2,PRO,78,O,196,0.006533115562814573
PHE,160,N,ASN,149,ND2,195,0.006499783340555315
ASP,229,N,THR,227,O,195,0.006499783340555315
PHE,107,N,ARG,105,O,194,0.006466451118296057
GLU,54,N,GLU,54,OE1,193,0.006433118896036798
ARG,57,NH1,TYR,373,OH,192,0.006399786673777541
LEU,171,N,LEU,168,O,188,0.006266457784740508
ALA,215,N,GLU,212,O,187,0.006233125562481251
LYS,169,NZ,ASN,172,OD1,186,0.006199793340221992
ARG,415,NH1,GLU,411,OE1,185,0.006166461117962735
GLY,390,N,ASP,387,OD1,184,0.0061331288957034765
GLN,123,NE2,GLU,120,O,183,0.006099796673444218
GLN,345,NE2,HIE,346,O,183,0.006099796673444218
ASN,381,ND2,ALA,379,O,183,0.006099796673444218
LYS,246,NZ,GLU,247,OE1,182,0.006066464451184961
LYS,356,NZ,GLN,345,OE1,182,0.006066464451184961
LYS,33,NZ,TYR,34,OH,181,0.006033132228925702
ARG,105,NH1,ASP,106,OD2,181,0.006033132228925702
LEU,362,N,MET,337,O,180,0.005999800006666445
GLN,144,NE2,THR,272,O,179,0.005966467784407186
ARG,1,NH1,GLY,351,O,177,0.0058998033398886705
SER,179,OG,GLN,176,O,176,0.005866471117629412
HIE,291,N,HIE,291,ND1,176,0.005866471117629412
ARG,29,NH1,GLU,32,OE2,175,0.005833138895370155
ALA,64,N,ASP,62,O,174,0.005799806673110896
ARG,298,NE,GLU,301,OE1,174,0.005799806673110896
ARG,315,NH1,GLU,322,OE2,174,0.005799806673110896
GLN,17,N,GLN,17,OE1,173,0.005766474450851638
ARG,31,NE,GLU,32,OE1,173,0.005766474450851638
GLU,54,N,GLU,54,OE2,173,0.005766474450851638
GLN,205,NE2,GLY,201,O,173,0.005766474450851638
THR,227,OG1,GLU,226,O,173,0.005766474450851638
LEU,23,N,ARG,21,O,171,0.005699810006333122
ARG,98,NH2,THR,102,OG1,170,0.0056664777840738645
THR,147,N,GLN,144,O,169,0.005633145561814606
SER,278,OG,THR,275,O,169,0.005633145561814606
TYR,240,OH,GLU,254,O,168,0.005599813339555348
ALA,414,N,GLU,411,O,167,0.00556648111729609
ARG,92,NH1,ASN,89,OD1,166,0.005533148895036832
ASN,261,ND2,HIE,257,NE2,166,0.005533148895036832
THR,147,OG1,THR,272,O,165,0.005499816672777574
GLN,445,NE2,GLU,446,OE2,165,0.005499816672777574
LEU,12,N,LEU,9,O,164,0.005466484450518316
ALA,379,N,PRO,377,O,163,0.005433152228259058
GLN,176,NE2,GLN,205,OE1,161,0.005366487783740542
ALA,135,N,LYS,133,O,159,0.005299823339222026
LYS,72,NZ,ASP,77,OD2,158,0.0052664911169627675
ASN,89,ND2,ALA,88,O,158,0.0052664911169627675
LYS,234,NZ,ASP,229,O,158,0.0052664911169627675
ARG,29,NH1,GLU,32,OE1,157,0.00523315889470351
ARG,130,NH2,ASN,428,OD1,156,0.005199826672444252
HIE,203,NE2,LEU,196,O,156,0.005199826672444252
HIE,372,NE2,GLU,54,OE2,156,0.005199826672444252
ARG,92,NH1,ARG,81,O,155,0.005166494450184994
LYS,25,NZ,ASP,19,OD2,154,0.005133162227925736
SER,249,OG,ASN,250,OD1,154,0.005133162227925736
ARG,57,NE,GLU,396,O,153,0.005099830005666478
LYS,197,N,GLY,194,O,152,0.00506649778340722
GLU,65,N,GLU,65,OE2,151,0.0050331655611479615
ASN,214,ND2,GLN,211,O,150,0.004999833338888704
ASN,259,ND2,TYR,240,OH,148,0.004933168894370188
GLN,205,NE2,GLN,205,O,147,0.00489983667211093
SER,132,OG,GLU,128,OE1,146,0.004866504449851671
HIE,313,NE2,GLU,311,OE2,145,0.004833172227592414
GLN,123,NE2,GLU,127,OE2,144,0.0047998400053331555
LYS,393,NZ,LYS,394,O,144,0.0047998400053331555
ARG,117,N,VAL,114,O,143,0.004766507783073898
LYS,197,NZ,TYR,198,OH,143,0.004766507783073898
ARG,295,NH2,GLU,299,OE2,143,0.004766507783073898
ASN,381,ND2,GLU,375,OE1,143,0.004766507783073898
ASN,261,ND2,GLN,258,OE1,142,0.00473317556081464
HIP,384,NE2,LYS,376,O,141,0.004699843338555381
GLN,163,NE2,HIE,161,ND1,140,0.004666511116296124
GLU,359,N,GLU,359,OE1,140,0.004666511116296124
LYS,317,N,HIE,313,O,139,0.004633178894036865
ARG,330,NE,GLU,327,OE1,139,0.004633178894036865
GLU,65,N,GLU,65,OE1,138,0.004599846671777608
GLN,119,NE2,GLU,116,OE1,136,0.004533182227259091
GLN,211,NE2,GLU,212,OE1,136,0.004533182227259091
THR,147,OG1,GLY,271,O,135,0.0044998500049998336
ARG,406,NH1,VAL,85,O,134,0.004466517782740575
ALA,202,N,PRO,200,O,133,0.004433185560481318
ASN,250,N,LYS,246,O,133,0.004433185560481318
ARG,29,NE,ASP,19,OD1,131,0.004366521115962801
LYS,72,NZ,GLU,190,OE1,131,0.004366521115962801
ASN,172,ND2,ASN,172,O,131,0.004366521115962801
ARG,130,NH2,GLN,123,OE1,130,0.004333188893703543
ARG,20,NH2,LEU,15,O,128,0.0042665244491850276
LYS,33,NZ,GLU,32,OE1,128,0.0042665244491850276
ARG,105,NE,VAL,101,O,128,0.0042665244491850276
ARG,159,NH1,HIE,161,ND1,128,0.0042665244491850276
ASN,172,ND2,GLN,176,OE1,128,0.0042665244491850276
LYS,169,N,GLU,166,O,127,0.004233192226925769
ARG,225,NH2,HIE,257,ND1,127,0.004233192226925769
HIE,313,NE2,GLU,311,OE1,127,0.004233192226925769
LEU,28,N,LYS,25,O,126,0.004199860004666511
PHE,30,N,PHE,27,O,125,0.004166527782407253
ARG,105,NH1,GLU,411,OE1,124,0.004133195560147995
SER,231,OG,ASP,229,O,124,0.004133195560147995
ASP,235,N,ASP,238,OD1,124,0.004133195560147995
ARG,29,N,SER,26,O,123,0.004099863337888737
GLN,187,NE2,SER,182,O,123,0.004099863337888737
HIE,257,NE2,GLU,222,OE2,123,0.004099863337888737
LYS,288,N,LEU,285,O,123,0.004099863337888737
GLN,302,NE2,GLN,302,O,123,0.004099863337888737
THR,344,OG1,ILE,342,O,123,0.004099863337888737
LYS,33,NZ,GLU,32,OE2,121,0.004033198893370221
ARG,105,NE,ARG,105,O,121,0.004033198893370221
ASN,381,ND2,GLU,375,OE2,119,0.003966534448851705
ARG,57,NE,ASP,62,OD2,118,0.003933202226592447
ARG,112,NH1,GLU,116,O,118,0.003933202226592447
PHE,398,N,THR,395,OG1,118,0.003933202226592447
GLU,128,N,LEU,125,O,117,0.003899870004333189
LEU,262,N,ASN,259,O,117,0.003899870004333189
LYS,72,NZ,GLU,190,OE2,116,0.003866537782073931
PHE,141,N,ASP,138,OD1,116,0.003866537782073931
LYS,197,NZ,SER,193,O,116,0.003866537782073931
HIE,307,N,HIE,307,ND1,116,0.003866537782073931
PHE,374,N,PRO,371,O,116,0.003866537782073931
VAL,95,N,ARG,92,O,115,0.003833205559814673
SER,193,OG,GLU,190,OE2,115,0.003833205559814673
ARG,70,NH2,PRO,340,O,114,0.0037998733375554147
ARG,97,NH1,LYS,405,O,114,0.0037998733375554147
ARG,21,NH1,GLU,446,OE2,113,0.0037665411152961567
LEU,180,N,THR,177,O,113,0.0037665411152961567
ASP,19,N,GLN,17,O,112,0.0037332088930368988
ASN,209,N,VAL,206,O,112,0.0037332088930368988
ARG,81,NH1,GLN,258,NE2,111,0.003699876670777641
LYS,288,NZ,GLU,438,OE1,111,0.003699876670777641
ARG,415,NH1,GLU,322,OE1,111,0.003699876670777641
ILE,213,N,LEU,210,O,110,0.003666544448518383
THR,275,OG1,ILE,413,O,110,0.003666544448518383
ARG,29,NH2,SER,26,OG,109,0.0036332122262591245
ARG,308,NH1,ILE,304,O,109,0.0036332122262591245
TYR,34,N,ARG,31,O,108,0.0035998800039998666
HIP,224,N,VAL,221,O,108,0.0035998800039998666
LYS,158,NZ,GLY,110,O,107,0.0035665477817406087
SER,182,OG,VAL,449,O,107,0.0035665477817406087
ALA,135,N,SER,132,OG,106,0.0035332155594813507
ASN,250,ND2,HIE,252,ND1,106,0.0035332155594813507
LEU,284,N,TYR,281,O,106,0.0035332155594813507
LYS,356,N,HIE,346,NE2,106,0.0035332155594813507
ARG,21,NH2,GLN,445,O,105,0.0034998833372220928
LYS,317,NZ,HIE,313,ND1,105,0.0034998833372220928
ARG,204,NE,PHE,199,O,104,0.0034665511149628344
ARG,315,NE,LEU,312,O,104,0.0034665511149628344
ARG,204,NE,GLY,201,O,103,0.0034332188927035765
THR,395,OG1,TYR,373,O,103,0.0034332188927035765
GLU,359,N,GLU,359,OE2,102,0.0033998866704443185
GLN,445,NE2,GLN,445,O,102,0.0033998866704443185
ARG,81,NH2,ASN,259,OD1,101,0.0033665544481850606
TYR,198,OH,GLY,194,O,101,0.0033665544481850606
THR,395,OG1,LYS,393,O,101,0.0033665544481850606
LYS,197,NZ,GLY,194,O,100,0.0033332222259258026
LYS,288,NZ,TYR,289,OH,100,0.0033332222259258026
LYS,451,NZ,ASP,333,N,100,0.0033332222259258026
ARG,308,NH2,VAL,303,O,99,0.0032998900036665443
TYR,320,N,GLU,299,OE1,99,0.0032998900036665443
THR,274,N,GLY,271,O,98,0.0032665577814072863
LYS,394,N,LEU,392,O,98,0.0032665577814072863
ARG,117,NH2,PHE,107,O,97,0.0032332255591480284
LEU,236,N,VAL,155,O,97,0.0032332255591480284
ASN,250,ND2,SER,249,OG,97,0.0032332255591480284
THR,272,N,PHE,269,O,97,0.0032332255591480284
LYS,133,NZ,ARG,130,O,96,0.0031998933368887704
ASN,149,N,ILE,146,O,96,0.0031998933368887704
SER,193,OG,GLU,190,OE1,96,0.0031998933368887704
ARG,280,NH1,SER,276,OG,96,0.0031998933368887704
ARG,295,NH1,HIE,291,O,96,0.0031998933368887704
GLY,404,N,SER,402,OG,96,0.0031998933368887704
ASP,333,N,PHE,331,O,95,0.0031665611146295125
GLN,211,NE2,TYR,207,OH,94,0.003133228892370254
LYS,288,NZ,GLU,438,OE2,94,0.003133228892370254
SER,183,OG,SER,179,O,92,0.0030665644478517383
TYR,207,OH,PRO,78,O,92,0.0030665644478517383
GLU,58,N,ALA,55,O,91,0.0030332322255924803
TYR,326,OH,PHE,398,O,91,0.0030332322255924803
LYS,197,N,PHE,195,O,90,0.0029999000033332224
GLY,390,N,ASP,387,OD2,90,0.0029999000033332224
PHE,398,N,GLU,396,O,90,0.0029999000033332224
ALA,416,N,ILE,413,O,90,0.0029999000033332224
LYS,394,NZ,GLU,322,OE1,89,0.002966567781073964
GLN,119,NE2,GLU,116,OE2,88,0.002933235558814706
ARG,81,NH2,TYR,207,OH,87,0.002899903336555448
ARG,92,NH2,GLY,82,O,87,0.002899903336555448
GLN,123,NE2,GLN,119,OE1,87,0.002899903336555448
SER,153,N,ILE,150,O,86,0.00286657111429619
ARG,105,NH1,ARG,105,O,85,0.0028332388920369322
ASN,259,N,SER,256,O,85,0.0028332388920369322
LYS,234,NZ,MET,109,O,84,0.002799906669777674
LYS,405,NZ,SER,68,OG,84,0.002799906669777674
GLN,176,NE2,GLN,176,O,83,0.002766574447518416
MET,337,N,GLY,448,O,83,0.002766574447518416
GLN,119,NE2,GLN,123,OE1,82,0.002733242225259158
ARG,406,N,GLY,404,O,82,0.002733242225259158
SER,68,OG,ALA,59,O,81,0.0026999100029999
PHE,422,N,PHE,419,O,81,0.0026999100029999
ARG,57,NH2,GLU,58,OE1,80,0.002666577780740642
ARG,406,NH2,SER,68,O,80,0.002666577780740642
ASN,209,ND2,GLN,205,OE1,79,0.0026332455584813837
SER,253,OG,ASN,250,O,79,0.0026332455584813837
ARG,406,NH2,GLU,65,OE2,79,0.0026332455584813837
ARG,117,NH1,ASP,106,O,78,0.002599913336222126
THR,103,OG1,SER,100,O,77,0.002566581113962868
GLN,123,NE2,GLU,127,OE1,77,0.002566581113962868
ILE,146,N,PHE,143,O,77,0.002566581113962868
HIE,203,N,HIE,203,ND1,77,0.002566581113962868
ASP,229,N,THR,227,OG1,77,0.002566581113962868
LEU,403,N,SER,402,OG,77,0.002566581113962868
ARG,70,N,PHE,87,O,76,0.00253324889170361
SER,266,N,ASN,263,O,76,0.00253324889170361
SER,68,OG,PHE,67,O,74,0.002466584447185094
ASN,91,N,ASN,89,OD1,74,0.002466584447185094
ARG,105,NH2,GLU,411,O,74,0.002466584447185094
ILE,151,N,ALA,148,O,74,0.002466584447185094
GLN,163,NE2,ASP,164,OD2,74,0.002466584447185094
ARG,92,N,ASN,89,O,73,0.0024332522249258357
GLN,258,N,HIE,257,ND1,73,0.0024332522249258357
THR,39,OG1,PHE,38,O,72,0.0023999200026665777
GLY,43,N,LEU,12,O,72,0.0023999200026665777
ARG,112,NH1,GLN,123,OE1,72,0.0023999200026665777
GLN,165,NE2,GLN,163,OE1,72,0.0023999200026665777
LYS,169,NZ,GLN,165,O,72,0.0023999200026665777
GLN,187,NE2,LEU,23,O,72,0.0023999200026665777
ASN,263,N,GLN,258,O,72,0.0023999200026665777
LYS,393,NZ,HIP,384,O,72,0.0023999200026665777
ARG,1,NH2,LEU,2,O,71,0.00236658778040732
ARG,415,NH1,TYR,326,OH,71,0.00236658778040732
TYR,175,OH,THR,455,OG1,70,0.002333255558148062
ARG,295,NE,HIE,291,O,70,0.002333255558148062
LYS,394,NZ,GLU,396,OE1,70,0.002333255558148062
ILE,73,N,GLY,71,O,69,0.002299923335888804
LEU,242,N,THR,239,O,69,0.002299923335888804
GLN,345,NE2,ALA,66,O,69,0.002299923335888804
GLN,445,NE2,GLU,446,OE1,69,0.002299923335888804
ARG,57,NH1,ARG,57,O,68,0.0022665911136295455
GLN,205,N,GLN,205,OE1,68,0.0022665911136295455
PHE,141,N,ASP,138,O,67,0.0022332588913702876
GLN,211,NE2,LYS,208,O,67,0.0022332588913702876
THR,395,OG1,GLU,396,OE2,67,0.0022332588913702876
ARG,117,NE,SER,153,OG,66,0.0021999266691110297
ASN,261,ND2,HIE,257,ND1,66,0.0021999266691110297
LYS,63,N,ALA,59,O,65,0.0021665944468517717
PHE,107,N,ASP,106,OD2,65,0.0021665944468517717
SER,182,N,SER,179,O,65,0.0021665944468517717
ARG,204,NH1,TYR,198,OH,65,0.0021665944468517717
LYS,208,NZ,ASN,209,OD1,65,0.0021665944468517717
TYR,289,N,MET,286,O,65,0.0021665944468517717
ARG,295,NE,GLU,294,OE2,65,0.0021665944468517717
ARG,298,NH1,GLN,302,OE1,65,0.0021665944468517717
ARG,105,NH1,GLU,411,O,64,0.0021332622245925138
LYS,131,NZ,GLN,163,NE2,64,0.0021332622245925138
ASP,357,N,THR,344,O,64,0.0021332622245925138
ARG,97,NH2,HM1,464,O2D,63,0.0020999300023332554
LYS,208,N,GLN,205,O,63,0.0020999300023332554
THR,395,OG1,GLU,396,OE1,63,0.0020999300023332554
ARG,57,NH2,TYR,373,OH,62,0.0020665977800739975
LYS,94,NZ,GLY,90,O,62,0.0020665977800739975
ARG,112,NE,GLU,116,O,62,0.0020665977800739975
LYS,223,NZ,HIE,219,O,62,0.0020665977800739975
VAL,292,N,HIE,291,ND1,62,0.0020665977800739975
LYS,393,NZ,THR,395,OG1,62,0.0020665977800739975
ILE,86,N,SER,266,OG,61,0.0020332655578147395
ARG,98,NE,LYS,94,O,61,0.0020332655578147395
HIE,372,NE2,GLU,54,OE1,61,0.0020332655578147395
GLY,22,N,ARG,20,O,60,0.0019999333355554816
GLN,345,NE2,GLU,65,OE1,60,0.0019999333355554816
LYS,394,NZ,GLU,396,OE2,60,0.0019999333355554816
LYS,451,NZ,TYR,281,OH,60,0.0019999333355554816
LYS,33,NZ,ARG,29,O,59,0.0019666011132962236
ASP,235,N,ASP,238,OD2,59,0.0019666011132962236
ARG,295,NH2,GLU,294,OE2,59,0.0019666011132962236
GLY,351,N,PHE,349,O,59,0.0019666011132962236
ARG,159,NH1,GLU,121,OE1,58,0.0019332688910369655
THR,277,OG1,LYS,451,O,58,0.0019332688910369655
ARG,406,NH2,GLU,65,OE1,58,0.0019332688910369655
TYR,207,OH,MET,75,O,57,0.0018999366687777073
LYS,248,NZ,PHE,255,O,57,0.0018999366687777073
ASN,250,ND2,HIE,252,NE2,57,0.0018999366687777073
HIE,257,NE2,ASN,261,OD1,57,0.0018999366687777073
SER,68,OG,GLU,65,OE2,56,0.0018666044465184494
PHE,141,N,ASP,138,OD2,56,0.0018666044465184494
ALA,367,N,ILE,363,O,56,0.0018666044465184494
ARG,7,NH2,GLY,5,O,55,0.0018332722242591915
SER,68,OG,GLU,65,OE1,55,0.0018332722242591915
ARG,315,NH2,ARG,415,O,55,0.0018332722242591915
ASP,383,N,ASN,381,ND2,55,0.0018332722242591915
LYS,25,NZ,ASP,19,OD1,54,0.0017999400019999333
LYS,111,NZ,SER,153,OG,54,0.0017999400019999333
LYS,248,NZ,MET,244,O,54,0.0017999400019999333
ARG,415,NE,GLU,411,O,54,0.0017999400019999333
ARG,97,NH2,CM1,408,O,53,0.0017666077797406754
GLU,396,N,TYR,373,OH,53,0.0017666077797406754
LYS,405,NZ,VAL,61,O,53,0.0017666077797406754
ARG,92,NH1,GLU,254,OE2,52,0.0017332755574814172
SER,132,OG,GLU,128,OE2,52,0.0017332755574814172
ASN,381,ND2,LYS,376,O,52,0.0017332755574814172
ASN,389,N,ASP,387,O,52,0.0017332755574814172
GLN,457,NE2,TYR,456,O,52,0.0017332755574814172
ARG,112,NH2,GLY,110,O,51,0.0016999433352221593
GLN,176,NE2,GLN,205,NE2,50,0.0016666111129629013
HIE,257,NE2,GLU,222,OE1,50,0.0016666111129629013
HIE,372,N,HIE,372,ND1,50,0.0016666111129629013
ARG,117,NH1,PHE,107,O,49,0.0016332788907036432
HIE,161,NE2,GLN,163,NE2,49,0.0016332788907036432
GLN,165,N,GLN,165,NE2,49,0.0016332788907036432
ILE,237,N,ASP,235,OD1,49,0.0016332788907036432
GLU,294,N,HIE,291,O,49,0.0016332788907036432
ARG,117,NH1,SER,153,O,48,0.0015999466684443852
ARG,295,N,VAL,292,O,48,0.0015999466684443852
THR,102,N,PHE,99,O,47,0.001566614446185127
LYS,111,NZ,ASP,106,OD2,47,0.001566614446185127
ARG,159,NH2,HIE,161,ND1,47,0.001566614446185127
ALA,251,N,ASN,250,OD1,47,0.001566614446185127
LYS,451,NZ,SER,332,O,47,0.001566614446185127
ILE,452,N,SER,182,OG,47,0.001566614446185127
ARG,21,N,ASP,19,O,46,0.0015332822239258691
GLN,205,NE2,ASN,209,ND2,46,0.0015332822239258691
LYS,208,NZ,ARG,204,O,46,0.0015332822239258691
GLU,273,N,ALA,270,O,46,0.0015332822239258691
ARG,298,NH1,ARG,298,O,46,0.0015332822239258691
ARG,308,N,GLY,305,O,46,0.0015332822239258691
THR,347,OG1,HIE,346,O,46,0.0015332822239258691
ARG,406,NH1,GLU,65,OE1,46,0.0015332822239258691
GLN,457,NE2,LEU,136,O,46,0.0015332822239258691
ARG,45,NH2,LEU,42,O,45,0.0014999500016666112
LYS,131,NZ,GLN,163,OE1,45,0.0014999500016666112
ARG,81,NH2,GLN,258,NE2,44,0.001466617779407353
LYS,248,N,HID,243,O,44,0.001466617779407353
ASN,263,ND2,ASN,259,OD1,44,0.001466617779407353
GLY,271,N,PHE,269,O,44,0.001466617779407353
ARG,81,NH1,ASN,259,OD1,43,0.001433285557148095
SER,253,N,ASN,250,OD1,43,0.001433285557148095
ARG,280,NH2,TYR,175,OH,43,0.001433285557148095
ARG,295,NH1,HIE,291,ND1,43,0.001433285557148095
ARG,330,N,GLU,327,O,43,0.001433285557148095
GLN,258,NE2,HIE,257,NE2,42,0.001399953334888837
GLY,412,N,GLY,410,O,42,0.001399953334888837
VAL,449,N,GLN,187,NE2,42,0.001399953334888837
THR,177,N,PHE,174,O,41,0.001366621112629579
GLN,187,NE2,LEU,24,N,41,0.001366621112629579
GLY,390,N,ALA,388,O,41,0.001366621112629579
GLU,127,N,CYS,124,O,40,0.001333288890370321
THR,177,OG1,ASN,209,OD1,40,0.001333288890370321
LYS,234,NZ,ASP,235,OD2,40,0.001333288890370321
ILE,237,N,ASP,235,OD2,40,0.001333288890370321
TYR,352,N,LYS,350,O,40,0.001333288890370321
LYS,405,NZ,HM1,464,O2A,40,0.001333288890370321
ARG,463,NH1,SER,430,OG,40,0.001333288890370321
ARG,20,N,ASP,19,OD1,39,0.001299956668111063
ARG,20,NE,MET,18,O,39,0.001299956668111063
ARG,21,NH1,ASP,19,OD2,39,0.001299956668111063
ASN,172,ND2,LYS,169,O,39,0.001299956668111063
THR,455,N,GLN,445,NE2,39,0.001299956668111063
THR,455,OG1,ASP,138,OD1,39,0.001299956668111063
THR,455,OG1,GLN,445,NE2,39,0.001299956668111063
GLN,457,NE2,ASP,138,N,39,0.001299956668111063
SER,26,OG,ASP,19,O,38,0.001266624445851805
ARG,45,NH2,GLU,359,OE2,38,0.001266624445851805
GLU,58,N,VAL,53,O,38,0.001266624445851805
LYS,94,N,ASN,91,O,38,0.001266624445851805
ARG,98,NE,ARG,98,O,38,0.001266624445851805
ARG,98,NH1,LYS,94,O,38,0.001266624445851805
ARG,105,NH1,VAL,101,O,38,0.001266624445851805
LYS,133,N,LYS,131,O,38,0.001266624445851805
LYS,317,NZ,HIE,313,NE2,38,0.001266624445851805
ARG,105,NE,MET,104,O,37,0.001233292223592547
GLN,187,NE2,VAL,184,O,37,0.001233292223592547
ASN,209,ND2,GLN,176,O,37,0.001233292223592547
SER,249,N,GLU,247,O,37,0.001233292223592547
SER,276,OG,PHE,143,O,37,0.001233292223592547
SER,276,OG,GLN,144,N,37,0.001233292223592547
ARG,20,NH1,LEU,16,O,36,0.0011999600013332889
ARG,21,NH1,ASP,19,OD1,36,0.0011999600013332889
ASN,91,ND2,ASN,91,O,36,0.0011999600013332889
PHE,107,N,ASP,106,OD1,36,0.0011999600013332889
GLN,176,NE2,ASN,172,ND2,36,0.0011999600013332889
ARG,330,NH2,GLU,327,OE2,36,0.0011999600013332889
LYS,394,NZ,LEU,392,O,36,0.0011999600013332889
SER,402,N,PRO,400,O,36,0.0011999600013332889
PHE,429,N,LEU,426,O,36,0.0011999600013332889
ARG,463,NE,SER,430,OG,36,0.0011999600013332889
ARG,29,NH1,LYS,25,O,35,0.001166627779074031
ALA,59,N,ILE,56,O,35,0.001166627779074031
THR,147,OG1,SER,276,OG,35,0.001166627779074031
VAL,184,N,GLU,446,OE1,35,0.001166627779074031
GLN,211,NE2,TYR,207,O,35,0.001166627779074031
THR,227,N,ARG,225,O,35,0.001166627779074031
TYR,240,N,ILE,237,O,35,0.001166627779074031
ARG,415,NH1,GLU,411,O,35,0.001166627779074031
ARG,97,NH1,CM1,408,O,34,0.0011332955568147728
ARG,130,NH1,GLN,123,OE1,34,0.0011332955568147728
ASN,209,ND2,GLN,205,NE2,34,0.0011332955568147728
HID,243,ND1,HID,243,O,34,0.0011332955568147728
THR,272,OG1,GLY,271,O,34,0.0011332955568147728
ARG,308,NH2,GLU,311,OE1,34,0.0011332955568147728
ASP,314,N,GLU,311,OE1,34,0.0011332955568147728
HIE,372,NE2,ASP,370,OD1,34,0.0011332955568147728
GLN,445,NE2,SER,179,OG,34,0.0011332955568147728
HIE,161,NE2,GLU,128,OE2,33,0.0010999633345555148
HIE,203,NE2,TYR,198,OH,33,0.0010999633345555148
TYR,207,N,ARG,204,O,33,0.0010999633345555148
GLN,211,N,LYS,208,O,33,0.0010999633345555148
LYS,223,NZ,GLU,222,OE1,33,0.0010999633345555148
ARG,225,NH1,ARG,225,O,33,0.0010999633345555148
ARG,298,NH2,GLN,302,OE1,33,0.0010999633345555148
HIE,313,N,HIE,313,ND1,33,0.0010999633345555148
GLN,345,NE2,GLU,65,OE2,33,0.0010999633345555148
ARG,20,N,ASP,19,OD2,32,0.0010666311122962569
LEU,24,N,GLY,448,O,32,0.0010666311122962569
THR,102,OG1,ASP,106,OD1,32,0.0010666311122962569
GLN,144,NE2,TYR,175,N,32,0.0010666311122962569
ARG,225,NH1,HIE,257,NE2,32,0.0010666311122962569
GLY,271,N,SER,266,O,32,0.0010666311122962569
ALA,293,N,PRO,290,O,32,0.0010666311122962569
ARG,406,NH2,ASN,89,OD1,32,0.0010666311122962569
ARG,130,N,GLU,127,O,31,0.0010332988900369987
VAL,221,N,GLY,218,O,31,0.0010332988900369987
GLN,258,NE2,SER,256,OG,31,0.0010332988900369987
THR,395,N,LYS,393,O,31,0.0010332988900369987
GLY,412,N,CM1,408,O,31,0.0010332988900369987
ARG,204,NE,TYR,198,OH,30,0.0009999666677777408
ASN,214,ND2,ASN,261,O,30,0.0009999666677777408
ASN,250,N,LYS,248,O,30,0.0009999666677777408
GLN,258,NE2,ARG,81,NH1,30,0.0009999666677777408
ASN,261,N,GLN,258,O,30,0.0009999666677777408
ARG,295,NH1,TYR,320,OH,30,0.0009999666677777408
ASN,381,ND2,PHE,380,O,30,0.0009999666677777408
ARG,406,NH1,LYS,405,O,30,0.0009999666677777408
GLY,35,N,PHE,30,O,29,0.0009666344455184827
ARG,105,NE,ASP,106,OD1,29,0.0009666344455184827
MET,318,N,ASP,314,O,29,0.0009666344455184827
ARG,406,NH2,HM1,464,O1A,29,0.0009666344455184827
ARG,81,NE,GLN,258,OE1,28,0.0009333022232592247
ARG,97,NH2,LYS,405,O,28,0.0009333022232592247
GLU,116,N,GLU,116,OE1,28,0.0009333022232592247
SER,231,OG,PRO,230,O,28,0.0009333022232592247
LYS,234,N,ALA,232,O,28,0.0009333022232592247
HIE,252,NE2,ASN,91,ND2,28,0.0009333022232592247
ASN,263,ND2,TYR,240,OH,28,0.0009333022232592247
ALA,414,N,LEU,409,O,28,0.0009333022232592247
ARG,415,NH1,ARG,415,O,28,0.0009333022232592247
ARG,117,NH1,SER,113,O,27,0.0008999700009999666
LYS,133,NZ,LYS,131,O,27,0.0008999700009999666
HIE,161,NE2,GLU,128,OE1,27,0.0008999700009999666
GLN,163,NE2,GLN,163,O,27,0.0008999700009999666
GLN,163,NE2,ASP,164,OD1,27,0.0008999700009999666
ASN,214,ND2,GLN,211,NE2,27,0.0008999700009999666
LYS,246,NZ,GLU,245,OE2,27,0.0008999700009999666
SER,249,OG,GLU,245,O,27,0.0008999700009999666
ARG,295,NE,TYR,320,OH,27,0.0008999700009999666
PHE,380,N,TYR,289,OH,27,0.0008999700009999666
GLN,119,NE2,GLU,115,OE1,26,0.0008666377787407086
GLN,205,NE2,PRO,200,O,26,0.0008666377787407086
LYS,208,NZ,LYS,208,O,26,0.0008666377787407086
LYS,223,NZ,THR,227,OG1,26,0.0008666377787407086
ALA,270,N,LEU,267,O,26,0.0008666377787407086
ASN,89,ND2,ARG,70,N,25,0.0008333055564814507
ARG,105,NH1,GLY,412,O,25,0.0008333055564814507
HIE,203,N,PHE,185,O,25,0.0008333055564814507
ASN,214,ND2,GLN,258,NE2,25,0.0008333055564814507
ALA,232,N,ASP,229,OD1,25,0.0008333055564814507
SER,276,OG,THR,140,O,25,0.0008333055564814507
SER,348,OG,GLY,351,O,25,0.0008333055564814507
ALA,391,N,ASN,389,O,25,0.0008333055564814507
GLN,445,NE2,THR,443,O,25,0.0008333055564814507
ARG,21,NH1,ARG,20,O,24,0.0007999733342221926
SER,26,OG,GLN,17,O,24,0.0007999733342221926
SER,68,N,ALA,66,O,24,0.0007999733342221926
GLN,119,NE2,GLU,120,OE2,24,0.0007999733342221926
ILE,126,N,GLN,123,O,24,0.0007999733342221926
HIE,257,N,HIE,257,ND1,24,0.0007999733342221926
GLN,258,N,GLN,258,NE2,24,0.0007999733342221926
ARG,45,NH2,SER,193,OG,23,0.0007666411119629346
ARG,97,NE,HM1,464,O2D,23,0.0007666411119629346
ARG,98,NE,THR,102,OG1,23,0.0007666411119629346
SER,145,N,LEU,142,O,23,0.0007666411119629346
ASN,172,N,LYS,169,O,23,0.0007666411119629346
GLN,176,NE2,ASN,209,ND2,23,0.0007666411119629346
SER,256,OG,ASN,259,OD1,23,0.0007666411119629346
ARG,308,NH2,ILE,304,O,23,0.0007666411119629346
PHE,401,N,SER,402,O,23,0.0007666411119629346
ARG,415,NH1,GLN,329,OE1,23,0.0007666411119629346
ARG,21,NH1,ARG,21,O,22,0.0007333088897036765
ARG,29,NH1,SER,26,OG,22,0.0007333088897036765
THR,39,N,PRO,3,O,22,0.0007333088897036765
ARG,57,NH2,GLU,58,OE2,22,0.0007333088897036765
ARG,70,N,ILE,86,O,22,0.0007333088897036765
ARG,92,NE,GLY,82,O,22,0.0007333088897036765
ASN,209,ND2,GLN,176,NE2,22,0.0007333088897036765
ARG,225,NH2,HIE,257,NE2,22,0.0007333088897036765
ALA,232,N,ASP,229,OD2,22,0.0007333088897036765
ASN,263,ND2,ASN,259,O,22,0.0007333088897036765
ARG,406,NE,HM1,464,O2A,22,0.0007333088897036765
ARG,463,NH2,SER,430,OG,22,0.0007333088897036765
ARG,7,NH1,GLY,5,O,21,0.0006999766674444185
ARG,45,NH2,LYS,72,O,21,0.0006999766674444185
SER,68,N,LYS,63,O,21,0.0006999766674444185
LYS,111,NZ,ASP,106,OD1,21,0.0006999766674444185
SER,253,N,ALA,251,O,21,0.0006999766674444185
ARG,308,N,ILE,304,O,21,0.0006999766674444185
TYR,352,OH,LEU,2,O,21,0.0006999766674444185
ARG,406,NH1,SER,68,OG,21,0.0006999766674444185
THR,455,OG1,ASP,138,OD2,21,0.0006999766674444185
ARG,31,N,LEU,28,O,20,0.0006666444451851605
LYS,63,NZ,ASP,62,O,20,0.0006666444451851605
LYS,63,NZ,SER,348,OG,20,0.0006666444451851605
GLN,119,NE2,GLU,115,OE2,20,0.0006666444451851605
ARG,204,NE,LYS,197,O,20,0.0006666444451851605
ARG,204,NH2,LEU,196,O,20,0.0006666444451851605
LYS,234,NZ,GLY,110,O,20,0.0006666444451851605
SER,249,N,GLU,245,O,20,0.0006666444451851605
THR,347,N,GLN,345,O,20,0.0006666444451851605
ARG,45,NH2,GLU,359,OE1,19,0.0006333122229259025
ASN,91,ND2,ASN,89,OD1,19,0.0006333122229259025
ASN,91,ND2,HIE,252,ND1,19,0.0006333122229259025
GLN,123,NE2,ALA,122,O,19,0.0006333122229259025
GLN,205,NE2,ALA,202,O,19,0.0006333122229259025
TYR,207,OH,GLN,211,OE1,19,0.0006333122229259025
LYS,246,NZ,GLU,245,OE1,19,0.0006333122229259025
ARG,295,NH2,GLU,294,OE1,19,0.0006333122229259025
ARG,308,NH2,GLU,311,OE2,19,0.0006333122229259025
SER,332,OG,SER,278,OG,19,0.0006333122229259025
THR,344,OG1,ASP,357,OD2,19,0.0006333122229259025
THR,395,OG1,LYS,394,O,19,0.0006333122229259025
ILE,399,N,ALA,397,O,19,0.0006333122229259025
ARG,406,NH1,GLU,65,OE2,19,0.0006333122229259025
ARG,463,NH1,GLN,427,O,19,0.0006333122229259025
ASN,14,ND2,GLY,13,O,18,0.0005999800006666444
LEU,23,N,CYS,447,O,18,0.0005999800006666444
LYS,33,N,ARG,31,O,18,0.0005999800006666444
ARG,70,NH2,GLY,69,O,18,0.0005999800006666444
ARG,117,NH2,SER,153,O,18,0.0005999800006666444
LYS,248,NZ,SER,253,OG,18,0.0005999800006666444
VAL,296,N,ALA,293,O,18,0.0005999800006666444
ALA,367,N,SER,365,O,18,0.0005999800006666444
LYS,376,NZ,ASP,383,OD2,18,0.0005999800006666444
ARG,415,NH2,TYR,326,OH,18,0.0005999800006666444
GLY,69,N,ILE,342,O,17,0.0005666477784073864
GLY,90,N,SER,68,OG,17,0.0005666477784073864
ARG,92,N,ASN,89,ND2,17,0.0005666477784073864
GLN,187,NE2,ARG,21,O,17,0.0005666477784073864
ARG,225,NH2,GLU,245,OE1,17,0.0005666477784073864
ASN,250,ND2,LYS,246,O,17,0.0005666477784073864
ASN,261,ND2,ASN,214,ND2,17,0.0005666477784073864
LYS,288,NZ,GLU,438,O,17,0.0005666477784073864
ALA,397,N,GLU,396,OE2,17,0.0005666477784073864
GLN,457,NE2,THR,455,O,17,0.0005666477784073864
ARG,70,NE,ILE,86,O,16,0.0005333155561481284
ARG,81,NH1,TYR,207,OH,16,0.0005333155561481284
ARG,98,NH1,HID,243,NE2,16,0.0005333155561481284
GLY,194,N,PHE,192,O,16,0.0005333155561481284
GLN,205,NE2,GLN,176,NE2,16,0.0005333155561481284
SER,231,OG,ASP,238,OD2,16,0.0005333155561481284
HID,243,ND1,GLU,247,OE1,16,0.0005333155561481284
GLU,254,N,GLU,254,OE2,16,0.0005333155561481284
SER,256,OG,ASN,259,ND2,16,0.0005333155561481284
PHE,268,N,LEU,265,O,16,0.0005333155561481284
GLN,345,NE2,GLN,345,O,16,0.0005333155561481284
HIP,384,NE2,GLU,375,OE1,16,0.0005333155561481284
ARG,406,NE,HM1,464,O2D,16,0.0005333155561481284
ASP,441,N,ASP,439,O,16,0.0005333155561481284
GLY,450,N,SER,182,O,16,0.0005333155561481284
ARG,463,NE,GLN,427,O,16,0.0005333155561481284
ASN,14,ND2,GLN,17,NE2,15,0.0004999833338888704
SER,68,OG,ASN,89,OD1,15,0.0004999833338888704
ARG,70,NH2,HID,341,NE2,15,0.0004999833338888704
THR,177,OG1,GLN,176,OE1,15,0.0004999833338888704
GLY,194,N,LEU,196,O,15,0.0004999833338888704
SER,256,OG,SER,253,O,15,0.0004999833338888704
ASN,259,ND2,ASN,259,O,15,0.0004999833338888704
LYS,356,NZ,GLN,345,NE2,15,0.0004999833338888704
ALA,397,N,GLU,396,OE1,15,0.0004999833338888704
ARG,406,NH2,ALA,64,O,15,0.0004999833338888704
GLY,448,N,SER,182,O,15,0.0004999833338888704
ASN,14,ND2,ARG,7,O,14,0.00046665111162961235
ALA,55,N,VAL,53,O,14,0.00046665111162961235
ARG,70,NH1,PRO,340,O,14,0.00046665111162961235
LYS,111,N,GLY,157,O,14,0.00046665111162961235
LYS,111,NZ,ALA,232,O,14,0.00046665111162961235
LYS,248,N,LYS,246,O,14,0.00046665111162961235
ASN,263,N,LEU,260,O,14,0.00046665111162961235
THR,277,N,THR,274,O,14,0.00046665111162961235
MET,286,N,PHE,283,O,14,0.00046665111162961235
TYR,352,OH,ARG,1,O,14,0.00046665111162961235
GLN,427,N,THR,424,O,14,0.00046665111162961235
GLN,457,NE2,ASP,138,OD1,14,0.00046665111162961235
ARG,463,NH1,ALA,293,O,14,0.00046665111162961235
ARG,70,NH1,HID,341,ND1,13,0.0004333188893703543
VAL,85,N,SER,266,OG,13,0.0004333188893703543
LYS,223,NZ,GLU,222,OE2,13,0.0004333188893703543
HID,243,ND1,GLU,247,OE2,13,0.0004333188893703543
THR,272,OG1,THR,272,O,13,0.0004333188893703543
ASN,381,ND2,GLU,375,O,13,0.0004333188893703543
ARG,1,NH2,PRO,3,O,12,0.0003999866671110963
ARG,7,NE,PRO,8,O,12,0.0003999866671110963
ARG,20,NE,ARG,20,O,12,0.0003999866671110963
ALA,64,N,ALA,59,O,12,0.0003999866671110963
ARG,70,NH2,HID,341,ND1,12,0.0003999866671110963
GLN,119,NE2,GLN,123,NE2,12,0.0003999866671110963
ARG,159,NH1,GLU,121,OE2,12,0.0003999866671110963
LYS,169,NZ,GLU,212,O,12,0.0003999866671110963
SER,182,OG,SER,179,O,12,0.0003999866671110963
GLY,194,N,GLU,190,O,12,0.0003999866671110963
PHE,199,N,LYS,197,O,12,0.0003999866671110963
ILE,217,N,ASN,214,O,12,0.0003999866671110963
LYS,234,NZ,SER,231,O,12,0.0003999866671110963
LYS,246,NZ,SER,249,OG,12,0.0003999866671110963
ASN,250,ND2,SER,249,O,12,0.0003999866671110963
ASN,259,ND2,ARG,92,NH1,12,0.0003999866671110963
THR,275,OG1,GLU,417,OE1,12,0.0003999866671110963
LEU,279,N,SER,276,O,12,0.0003999866671110963
ARG,308,NH1,GLU,311,OE1,12,0.0003999866671110963
LEU,364,N,MET,337,O,12,0.0003999866671110963
HIP,384,NE2,GLU,375,OE2,12,0.0003999866671110963
SER,402,N,HM1,464,NB,12,0.0003999866671110963
SER,430,OG,ARG,463,NH1,12,0.0003999866671110963
LEU,442,N,ASP,441,OD1,12,0.0003999866671110963
LYS,33,NZ,LYS,33,O,11,0.00036665444485183826
ASN,89,N,ARG,92,NH2,11,0.00036665444485183826
GLN,119,NE2,GLN,119,O,11,0.00036665444485183826
LYS,133,NZ,LYS,133,O,11,0.00036665444485183826
LYS,223,NZ,HIE,219,NE2,11,0.00036665444485183826
TYR,240,OH,ASN,259,O,11,0.00036665444485183826
SER,256,N,SER,253,O,11,0.00036665444485183826
THR,272,N,LEU,267,O,11,0.00036665444485183826
THR,275,N,ALA,270,O,11,0.00036665444485183826
THR,275,OG1,THR,274,OG1,11,0.00036665444485183826
ARG,295,NE,GLU,294,OE1,11,0.00036665444485183826
THR,347,OG1,SER,348,O,11,0.00036665444485183826
ASP,370,N,THR,366,O,11,0.00036665444485183826
GLN,457,NE2,ASP,138,OD2,11,0.00036665444485183826
ARG,45,NE,SER,193,OG,10,0.00033332222259258026
ASN,89,ND2,ASN,89,O,10,0.00033332222259258026
ARG,92,NH1,ASN,259,OD1,10,0.00033332222259258026
VAL,101,N,ARG,98,O,10,0.00033332222259258026
ARG,105,NH2,VAL,101,O,10,0.00033332222259258026
ARG,112,NH2,GLU,116,O,10,0.00033332222259258026
VAL,114,N,ARG,105,NH2,10,0.00033332222259258026
SER,145,OG,LEU,142,O,10,0.00033332222259258026
SER,179,N,GLN,176,O,10,0.00033332222259258026
SER,193,OG,LEU,42,O,10,0.00033332222259258026
ARG,225,NE,GLU,226,OE2,10,0.00033332222259258026
MET,244,N,LEU,241,O,10,0.00033332222259258026
SER,278,N,THR,275,O,10,0.00033332222259258026
GLN,329,NE2,SER,278,OG,10,0.00033332222259258026
GLN,329,NE2,ILE,399,O,10,0.00033332222259258026
LYS,376,NZ,ASN,381,OD1,10,0.00033332222259258026
ASN,381,ND2,ASN,381,O,10,0.00033332222259258026
ASN,389,ND2,ALA,388,O,10,0.00033332222259258026
THR,455,OG1,THR,455,O,10,0.00033332222259258026
LEU,461,N,ARG,459,O,10,0.00033332222259258026
ARG,463,NH1,PHE,429,O,10,0.00033332222259258026
GLU,65,N,LYS,63,O,9,0.0002999900003333222
ARG,70,NE,ARG,70,N,9,0.0002999900003333222
ARG,105,NH2,GLY,412,O,9,0.0002999900003333222
GLY,134,N,SER,132,O,9,0.0002999900003333222
LYS,158,NZ,GLY,157,O,9,0.0002999900003333222
GLN,163,N,HIE,161,NE2,9,0.0002999900003333222
GLN,163,N,GLN,163,OE1,9,0.0002999900003333222
LYS,169,NZ,GLN,165,OE1,9,0.0002999900003333222
SER,179,OG,GLN,445,OE1,9,0.0002999900003333222
ARG,204,NH1,GLN,211,OE1,9,0.0002999900003333222
HIE,252,N,HIE,252,ND1,9,0.0002999900003333222
ARG,315,NH2,LEU,312,O,9,0.0002999900003333222
THR,344,OG1,ASP,357,OD1,9,0.0002999900003333222
LYS,376,NZ,ASP,383,OD1,9,0.0002999900003333222
LEU,392,N,GLY,390,O,9,0.0002999900003333222
SER,402,OG,LEU,403,O,9,0.0002999900003333222
ARG,406,NE,SER,68,O,9,0.0002999900003333222
THR,424,OG1,PHE,421,O,9,0.0002999900003333222
VAL,449,N,SER,182,O,9,0.0002999900003333222
ARG,45,NH1,GLU,190,OE2,8,0.0002666577780740642
LYS,72,NZ,ASP,357,OD2,8,0.0002666577780740642
LYS,94,NZ,GLU,65,OE1,8,0.0002666577780740642
LYS,94,NZ,GLU,65,OE2,8,0.0002666577780740642
ARG,105,NH2,THR,102,OG1,8,0.0002666577780740642
VAL,114,N,ARG,105,NH1,8,0.0002666577780740642
ARG,117,NE,GLU,417,OE2,8,0.0002666577780740642
GLN,119,NE2,PRO,309,O,8,0.0002666577780740642
ARG,130,NH1,ASN,428,OD1,8,0.0002666577780740642
LYS,158,NZ,TYR,216,OH,8,0.0002666577780740642
SER,193,N,LEU,191,O,8,0.0002666577780740642
GLY,201,N,TYR,198,OH,8,0.0002666577780740642
THR,227,OG1,LEU,228,O,8,0.0002666577780740642
LYS,234,NZ,THR,227,OG1,8,0.0002666577780740642
GLN,258,NE2,ARG,81,NH2,8,0.0002666577780740642
ARG,295,NH2,HIE,291,ND1,8,0.0002666577780740642
HIE,307,N,GLY,305,O,8,0.0002666577780740642
ARG,308,NH2,PRO,309,O,8,0.0002666577780740642
THR,347,OG1,GLN,345,OE1,8,0.0002666577780740642
ASP,378,N,ASP,378,OD2,8,0.0002666577780740642
ASN,389,ND2,ASN,389,O,8,0.0002666577780740642
LYS,393,NZ,ASP,383,OD2,8,0.0002666577780740642
LYS,393,NZ,LYS,393,O,8,0.0002666577780740642
ARG,406,NH2,PHE,67,O,8,0.0002666577780740642
ARG,415,N,GLU,417,OE1,8,0.0002666577780740642
SER,430,OG,MET,431,O,8,0.0002666577780740642
LEU,442,N,ASP,441,OD2,8,0.0002666577780740642
ARG,7,NH2,PRO,8,O,7,0.00023332555581480617
ARG,57,NH1,GLU,58,OE1,7,0.00023332555581480617
PHE,79,N,ASP,77,O,7,0.00023332555581480617
ARG,92,NH2,TYR,83,OH,7,0.00023332555581480617
ASP,106,N,MET,104,O,7,0.00023332555581480617
LYS,111,NZ,THR,103,O,7,0.00023332555581480617
LYS,111,NZ,GLY,110,O,7,0.00023332555581480617
GLN,119,NE2,GLU,116,O,7,0.00023332555581480617
ARG,159,NH1,GLU,120,OE2,7,0.00023332555581480617
GLN,163,NE2,HIE,161,NE2,7,0.00023332555581480617
TYR,175,OH,GLN,445,NE2,7,0.00023332555581480617
VAL,184,N,ARG,21,O,7,0.00023332555581480617
GLY,201,N,ARG,204,NE,7,0.00023332555581480617
ARG,204,NE,GLN,205,OE1,7,0.00023332555581480617
LYS,208,NZ,GLN,211,NE2,7,0.00023332555581480617
ASN,214,ND2,ASN,261,ND2,7,0.00023332555581480617
GLU,222,N,HIE,219,O,7,0.00023332555581480617
ARG,225,NE,GLU,226,OE1,7,0.00023332555581480617
THR,227,OG1,THR,227,O,7,0.00023332555581480617
HIE,252,N,ASN,250,O,7,0.00023332555581480617
HIE,252,NE2,ASN,91,OD1,7,0.00023332555581480617
GLN,258,NE2,ASN,259,OD1,7,0.00023332555581480617
SER,266,OG,SER,266,O,7,0.00023332555581480617
GLN,302,NE2,ARG,298,NH2,7,0.00023332555581480617
HIE,307,N,ILE,304,O,7,0.00023332555581480617
ARG,308,NE,PRO,309,O,7,0.00023332555581480617
ARG,308,NH1,GLU,311,OE2,7,0.00023332555581480617
ILE,325,N,GLU,322,O,7,0.00023332555581480617
ASP,333,N,ASP,333,OD2,7,0.00023332555581480617
VAL,339,N,ARG,70,NH1,7,0.00023332555581480617
HID,341,ND1,SER,68,O,7,0.00023332555581480617
HIE,346,N,GLN,345,NE2,7,0.00023332555581480617
HIE,346,N,HIE,346,ND1,7,0.00023332555581480617
ASP,378,N,ASP,378,OD1,7,0.00023332555581480617
GLU,417,N,ALA,414,O,7,0.00023332555581480617
LEU,420,N,GLU,417,O,7,0.00023332555581480617
LYS,451,NZ,SER,365,OG,7,0.00023332555581480617
ARG,1,NH2,LYS,350,O,6,0.00019999333355554815
GLY,22,N,GLU,446,OE2,6,0.00019999333355554815
ARG,29,NH2,ARG,21,NH2,6,0.00019999333355554815
ARG,57,NH1,GLU,58,OE2,6,0.00019999333355554815
PHE,67,N,GLU,65,O,6,0.00019999333355554815
GLY,69,N,ARG,406,NH2,6,0.00019999333355554815
LYS,72,NZ,ASP,357,O,6,0.00019999333355554815
ARG,81,NH1,ASP,77,OD1,6,0.00019999333355554815
ARG,105,NH2,MET,104,O,6,0.00019999333355554815
LYS,111,NZ,ILE,154,O,6,0.00019999333355554815
ARG,117,NE,VAL,114,O,6,0.00019999333355554815
SER,153,OG,GLY,157,O,6,0.00019999333355554815
LYS,158,NZ,GLU,166,OE1,6,0.00019999333355554815
ARG,159,NH1,GLU,120,OE1,6,0.00019999333355554815
ARG,159,NH1,PHE,160,O,6,0.00019999333355554815
ARG,159,NH2,GLU,120,OE1,6,0.00019999333355554815
GLN,163,NE2,GLN,165,OE1,6,0.00019999333355554815
LYS,169,NZ,GLU,166,O,6,0.00019999333355554815
LYS,197,NZ,PHE,195,O,6,0.00019999333355554815
GLY,201,N,HIE,203,ND1,6,0.00019999333355554815
GLY,201,N,ARG,204,NH2,6,0.00019999333355554815
HIE,203,NE2,ARG,204,NH2,6,0.00019999333355554815
ARG,204,NH1,LEU,196,O,6,0.00019999333355554815
ARG,204,NH1,LYS,197,O,6,0.00019999333355554815
LYS,208,NZ,GLN,205,NE2,6,0.00019999333355554815
ALA,251,N,SER,249,O,6,0.00019999333355554815
SER,253,OG,HIE,252,O,6,0.00019999333355554815
THR,264,N,ASN,261,O,6,0.00019999333355554815
TYR,326,OH,ARG,415,NH2,6,0.00019999333355554815
HID,341,ND1,VAL,360,O,6,0.00019999333355554815
GLY,351,N,SER,348,OG,6,0.00019999333355554815
THR,358,N,LYS,356,O,6,0.00019999333355554815
HIE,372,NE2,ASP,370,OD2,6,0.00019999333355554815
SER,402,OG,HM1,464,O1A,6,0.00019999333355554815
ALA,416,N,GLY,412,O,6,0.00019999333355554815
GLU,417,N,GLU,417,OE2,6,0.00019999333355554815
CYS,447,N,SER,182,O,6,0.00019999333355554815
ARG,1,NH2,TYR,352,OH,5,0.00016666111129629013
ARG,20,NE,ASP,19,OD2,5,0.00016666111129629013
ARG,29,NE,SER,26,O,5,0.00016666111129629013
ARG,31,NH1,GLU,32,OE2,5,0.00016666111129629013
VAL,37,N,GLY,35,O,5,0.00016666111129629013
ARG,45,NH1,PRO,46,O,5,0.00016666111129629013
ARG,70,NE,PRO,340,N,5,0.00016666111129629013
ARG,81,NH1,ASP,77,OD2,5,0.00016666111129629013
ARG,81,NH2,TYR,83,OH,5,0.00016666111129629013
ASN,89,ND2,PHE,87,O,5,0.00016666111129629013
ARG,92,NH1,GLU,254,OE1,5,0.00016666111129629013
LYS,94,NZ,ASN,91,O,5,0.00016666111129629013
ARG,97,NH1,ARG,406,O,5,0.00016666111129629013
ARG,105,NH2,SER,113,OG,5,0.00016666111129629013
GLY,108,N,ASP,106,O,5,0.00016666111129629013
MET,109,N,PHE,107,O,5,0.00016666111129629013
GLU,116,N,GLU,116,OE2,5,0.00016666111129629013
ARG,117,NH1,GLY,157,O,5,0.00016666111129629013
CYS,124,N,GLN,123,OE1,5,0.00016666111129629013
ARG,130,NH1,ASN,428,O,5,0.00016666111129629013
ARG,130,NH2,GLN,123,NE2,5,0.00016666111129629013
LYS,158,NZ,GLU,166,OE2,5,0.00016666111129629013
GLN,165,N,GLN,163,O,5,0.00016666111129629013
GLN,165,NE2,GLN,163,NE2,5,0.00016666111129629013
VAL,184,N,GLU,446,OE2,5,0.00016666111129629013
GLY,201,N,ARG,204,NH1,5,0.00016666111129629013
ARG,204,NE,HIE,203,NE2,5,0.00016666111129629013
ARG,204,NH2,GLN,211,OE1,5,0.00016666111129629013
TYR,207,N,GLN,205,O,5,0.00016666111129629013
ASN,209,ND2,ASN,209,O,5,0.00016666111129629013
HIE,219,NE2,GLU,166,OE2,5,0.00016666111129629013
ARG,225,NE,GLU,245,OE1,5,0.00016666111129629013
ARG,225,NH1,GLU,245,OE1,5,0.00016666111129629013
LYS,234,NZ,GLY,157,O,5,0.00016666111129629013
LYS,246,NZ,ASN,250,OD1,5,0.00016666111129629013
GLU,254,N,HIE,252,O,5,0.00016666111129629013
GLN,258,NE2,ASN,214,ND2,5,0.00016666111129629013
TYR,281,N,SER,278,O,5,0.00016666111129629013
ARG,298,N,ARG,295,O,5,0.00016666111129629013
ARG,298,NE,GLN,302,NE2,5,0.00016666111129629013
ARG,315,NH2,TYR,326,OH,5,0.00016666111129629013
GLU,322,N,PRO,319,O,5,0.00016666111129629013
LYS,393,NZ,ASP,383,OD1,5,0.00016666111129629013
ARG,406,NH1,ILE,86,O,5,0.00016666111129629013
SER,430,OG,PHE,429,O,5,0.00016666111129629013
SER,430,OG,ARG,463,NH2,5,0.00016666111129629013
GLY,13,N,LEU,11,O,4,0.0001333288890370321
GLN,17,NE2,ARG,7,N,4,0.0001333288890370321
ARG,20,NH2,ASP,19,OD1,4,0.0001333288890370321
LEU,23,N,GLN,187,NE2,4,0.0001333288890370321
ARG,29,NE,LYS,25,O,4,0.0001333288890370321
ARG,29,NH1,ARG,29,O,4,0.0001333288890370321
TYR,34,OH,GLY,5,O,4,0.0001333288890370321
ILE,56,N,VAL,53,O,4,0.0001333288890370321
GLU,65,N,ASP,62,O,4,0.0001333288890370321
ARG,81,NH1,ASP,77,O,4,0.0001333288890370321
ARG,81,NH1,TYR,83,OH,4,0.0001333288890370321
TYR,83,OH,ARG,92,NH2,4,0.0001333288890370321
ASN,91,ND2,HIE,252,O,4,0.0001333288890370321
ARG,97,N,LYS,94,O,4,0.0001333288890370321
ARG,98,NH1,ARG,98,O,4,0.0001333288890370321
SER,100,OG,SER,100,O,4,0.0001333288890370321
ARG,112,NH2,GLN,119,NE2,4,0.0001333288890370321
LYS,131,NZ,SER,132,OG,4,0.0001333288890370321
GLN,144,N,PHE,141,O,4,0.0001333288890370321
ASP,164,N,HIE,161,ND1,4,0.0001333288890370321
GLN,165,NE2,ASP,164,OD1,4,0.0001333288890370321
LEU,168,N,GLN,165,O,4,0.0001333288890370321
ASN,172,N,MET,170,O,4,0.0001333288890370321
LEU,173,N,LEU,171,O,4,0.0001333288890370321
GLY,186,N,LEU,180,O,4,0.0001333288890370321
GLN,187,N,PHE,185,O,4,0.0001333288890370321
TYR,198,N,LEU,196,O,4,0.0001333288890370321
ARG,204,NH1,ARG,204,O,4,0.0001333288890370321
LYS,223,NZ,LYS,223,O,4,0.0001333288890370321
HIP,224,NE2,PHE,156,O,4,0.0001333288890370321
LEU,241,N,ASP,238,O,4,0.0001333288890370321
SER,249,OG,LYS,248,O,4,0.0001333288890370321
SER,249,OG,SER,249,O,4,0.0001333288890370321
SER,249,OG,ASN,250,ND2,4,0.0001333288890370321
ASN,250,ND2,ASN,250,O,4,0.0001333288890370321
ALA,251,N,HIE,252,ND1,4,0.0001333288890370321
PHE,255,N,SER,253,O,4,0.0001333288890370321
ASN,259,ND2,ARG,92,NH2,4,0.0001333288890370321
ASN,259,ND2,SER,256,O,4,0.0001333288890370321
ASN,263,ND2,ASN,263,O,4,0.0001333288890370321
ARG,280,NE,THR,140,OG1,4,0.0001333288890370321
ARG,280,NH2,THR,277,OG1,4,0.0001333288890370321
LEU,285,N,GLY,282,O,4,0.0001333288890370321
LYS,288,NZ,ASP,439,O,4,0.0001333288890370321
ARG,298,NE,GLN,302,OE1,4,0.0001333288890370321
ARG,330,NH2,ASP,378,O,4,0.0001333288890370321
LEU,334,N,SER,332,OG,4,0.0001333288890370321
LYS,350,NZ,LYS,350,O,4,0.0001333288890370321
LEU,368,N,SER,365,O,4,0.0001333288890370321
ASP,383,N,ASP,383,OD2,4,0.0001333288890370321
LYS,394,NZ,THR,395,O,4,0.0001333288890370321
ARG,406,NH1,SER,68,O,4,0.0001333288890370321
ARG,406,NH2,HM1,464,O2D,4,0.0001333288890370321
VAL,449,N,GLY,450,O,4,0.0001333288890370321
GLN,457,NE2,THR,455,OG1,4,0.0001333288890370321
ARG,463,NH2,GLN,427,O,4,0.0001333288890370321
ARG,1,N,GLY,351,O,3,9.999666677777408e-05
ARG,1,NE,TYR,352,OH,3,9.999666677777408e-05
ARG,1,NH1,TYR,352,OH,3,9.999666677777408e-05
ARG,7,NH1,ARG,7,O,3,9.999666677777408e-05
ASN,14,ND2,HIE,41,ND1,3,9.999666677777408e-05
GLN,17,NE2,LEU,16,O,3,9.999666677777408e-05
ARG,20,NE,LEU,15,O,3,9.999666677777408e-05
ARG,20,NH1,ASP,19,OD1,3,9.999666677777408e-05
ARG,20,NH2,LEU,16,O,3,9.999666677777408e-05
ARG,21,NE,ARG,20,O,3,9.999666677777408e-05
LEU,23,N,ARG,20,O,3,9.999666677777408e-05
LYS,25,NZ,ASP,378,OD1,3,9.999666677777408e-05
LYS,33,NZ,GLU,32,O,3,9.999666677777408e-05
ARG,45,NE,GLU,190,O,3,9.999666677777408e-05
GLU,54,N,GLY,52,O,3,9.999666677777408e-05
ARG,70,NH2,HID,341,N,3,9.999666677777408e-05
GLY,71,N,HID,341,N,3,9.999666677777408e-05
ALA,74,N,LYS,72,O,3,9.999666677777408e-05
ARG,81,NE,ASP,77,OD1,3,9.999666677777408e-05
ARG,81,NE,TYR,83,OH,3,9.999666677777408e-05
ARG,81,NH1,ARG,81,O,3,9.999666677777408e-05
TYR,83,OH,GLN,258,NE2,3,9.999666677777408e-05
ARG,98,N,TRP,93,O,3,9.999666677777408e-05
ARG,105,N,THR,103,O,3,9.999666677777408e-05
GLU,115,N,GLU,116,OE1,3,9.999666677777408e-05
GLN,123,NE2,GLN,119,NE2,3,9.999666677777408e-05
LEU,125,N,ALA,122,O,3,9.999666677777408e-05
GLN,144,NE2,THR,140,O,3,9.999666677777408e-05
SER,145,OG,TYR,162,O,3,9.999666677777408e-05
ALA,148,N,SER,145,O,3,9.999666677777408e-05
ASN,149,ND2,ARG,159,NH1,3,9.999666677777408e-05
VAL,155,N,CYS,152,O,3,9.999666677777408e-05
ARG,159,NH2,TYR,162,OH,3,9.999666677777408e-05
HIE,161,N,HIE,161,ND1,3,9.999666677777408e-05
THR,177,N,TYR,175,O,3,9.999666677777408e-05
SER,179,OG,TYR,175,OH,3,9.999666677777408e-05
SER,183,N,ILE,181,O,3,9.999666677777408e-05
GLN,187,NE2,VAL,449,N,3,9.999666677777408e-05
SER,193,OG,SER,193,O,3,9.999666677777408e-05
PHE,195,N,SER,193,O,3,9.999666677777408e-05
ASN,209,ND2,THR,177,N,3,9.999666677777408e-05
HIE,219,NE2,GLU,166,OE1,3,9.999666677777408e-05
ARG,225,N,LYS,223,O,3,9.999666677777408e-05
ARG,225,NE,HIE,257,ND1,3,9.999666677777408e-05
ALA,232,N,PRO,230,O,3,9.999666677777408e-05
LYS,234,NZ,PHE,156,O,3,9.999666677777408e-05
LYS,246,NZ,LYS,246,O,3,9.999666677777408e-05
HIE,252,NE2,ASN,91,O,3,9.999666677777408e-05
GLU,254,N,GLU,254,OE1,3,9.999666677777408e-05
SER,256,OG,TYR,83,OH,3,9.999666677777408e-05
HIE,257,NE2,ASN,261,ND2,3,9.999666677777408e-05
TYR,281,OH,SER,332,O,3,9.999666677777408e-05
ARG,295,NE,ARG,298,NH2,3,9.999666677777408e-05
ARG,295,NH2,HIE,291,O,3,9.999666677777408e-05
ARG,298,NE,GLU,294,O,3,9.999666677777408e-05
GLN,302,NE2,GLU,301,O,3,9.999666677777408e-05
ARG,308,NH1,GLU,311,N,3,9.999666677777408e-05
LEU,312,N,GLU,115,OE2,3,9.999666677777408e-05
TYR,320,OH,ARG,295,NH1,3,9.999666677777408e-05
VAL,324,N,THR,321,O,3,9.999666677777408e-05
ASP,333,N,ASP,333,OD1,3,9.999666677777408e-05
HID,341,ND1,GLY,69,N,3,9.999666677777408e-05
THR,344,OG1,SER,68,O,3,9.999666677777408e-05
THR,344,OG1,THR,344,O,3,9.999666677777408e-05
GLN,345,NE2,ALA,66,N,3,9.999666677777408e-05
ALA,379,N,ASP,378,OD1,3,9.999666677777408e-05
ASN,381,ND2,HIP,384,NE2,3,9.999666677777408e-05
ALA,391,N,ASN,389,ND2,3,9.999666677777408e-05
LYS,393,NZ,GLU,375,OE1,3,9.999666677777408e-05
LYS,393,NZ,GLU,375,OE2,3,9.999666677777408e-05
LYS,405,N,ALA,64,O,3,9.999666677777408e-05
LYS,405,NZ,ARG,406,NH2,3,9.999666677777408e-05
LEU,418,N,ARG,415,O,3,9.999666677777408e-05
GLN,427,NE2,PRO,306,O,3,9.999666677777408e-05
SER,430,N,PRO,462,O,3,9.999666677777408e-05
SER,430,OG,SER,430,O,3,9.999666677777408e-05
THR,455,OG1,TYR,175,OH,3,9.999666677777408e-05
GLN,457,N,GLN,457,OE1,3,9.999666677777408e-05
ARG,463,NH1,ARG,463,OXT,3,9.999666677777408e-05
ARG,1,N,ILE,353,N,2,6.666444451851606e-05
ARG,7,NE,GLY,5,O,2,6.666444451851606e-05
ARG,7,NE,ARG,7,O,2,6.666444451851606e-05
LEU,16,N,GLY,13,O,2,6.666444451851606e-05
ARG,20,N,MET,18,O,2,6.666444451851606e-05
LYS,25,NZ,ARG,21,NH1,2,6.666444451851606e-05
LYS,25,NZ,GLY,22,O,2,6.666444451851606e-05
LYS,25,NZ,ASP,378,OD2,2,6.666444451851606e-05
SER,26,OG,SER,26,O,2,6.666444451851606e-05
ARG,29,NE,GLN,17,O,2,6.666444451851606e-05
ARG,29,NH2,LYS,25,O,2,6.666444451851606e-05
ARG,31,NE,ARG,31,O,2,6.666444451851606e-05
ARG,57,NE,VAL,53,O,2,6.666444451851606e-05
ARG,57,NE,GLU,58,OE1,2,6.666444451851606e-05
ALA,64,N,ASP,62,N,2,6.666444451851606e-05
ALA,66,N,ALA,64,O,2,6.666444451851606e-05
ASP,77,N,ALA,74,O,2,6.666444451851606e-05
ARG,81,NE,ARG,81,O,2,6.666444451851606e-05
GLY,82,N,PHE,80,O,2,6.666444451851606e-05
ASN,89,ND2,GLY,69,N,2,6.666444451851606e-05
ASN,91,N,ASN,89,ND2,2,6.666444451851606e-05
ARG,92,NH1,TYR,83,OH,2,6.666444451851606e-05
TRP,93,NE1,VAL,85,O,2,6.666444451851606e-05
LYS,94,NZ,ASN,91,ND2,2,6.666444451851606e-05
ARG,98,NH2,LYS,94,O,2,6.666444451851606e-05
SER,100,N,ARG,97,O,2,6.666444451851606e-05
MET,104,N,THR,102,O,2,6.666444451851606e-05
LYS,111,NZ,GLY,108,N,2,6.666444451851606e-05
LYS,111,NZ,THR,239,OG1,2,6.666444451851606e-05
ARG,112,NH1,GLY,110,O,2,6.666444451851606e-05
ARG,112,NH1,LYS,111,O,2,6.666444451851606e-05
ARG,117,NE,SER,153,O,2,6.666444451851606e-05
GLN,123,N,GLN,123,OE1,2,6.666444451851606e-05
GLN,123,NE2,CYS,124,N,2,6.666444451851606e-05
GLN,123,NE2,ARG,130,NH1,2,6.666444451851606e-05
LEU,129,N,ILE,126,O,2,6.666444451851606e-05
ARG,130,NH1,GLN,123,NE2,2,6.666444451851606e-05
ARG,130,NH2,ASN,428,O,2,6.666444451851606e-05
MET,137,N,ALA,135,O,2,6.666444451851606e-05
LEU,142,N,THR,140,O,2,6.666444451851606e-05
PHE,143,N,THR,140,O,2,6.666444451851606e-05
GLY,157,N,SER,153,O,2,6.666444451851606e-05
TYR,175,N,GLN,144,OE1,2,6.666444451851606e-05
TYR,175,OH,ARG,280,NH2,2,6.666444451851606e-05
SER,179,OG,GLN,176,OE1,2,6.666444451851606e-05
SER,179,OG,GLU,446,OE2,2,6.666444451851606e-05
ILE,181,N,PHE,178,O,2,6.666444451851606e-05
GLN,187,NE2,GLN,187,N,2,6.666444451851606e-05
GLY,194,N,LEU,191,O,2,6.666444451851606e-05
PHE,199,N,ARG,204,NH2,2,6.666444451851606e-05
ALA,202,N,GLY,186,O,2,6.666444451851606e-05
ALA,202,N,HIE,203,ND1,2,6.666444451851606e-05
ARG,204,NE,TYR,198,O,2,6.666444451851606e-05
ARG,204,NH2,PRO,200,O,2,6.666444451851606e-05
LYS,223,N,SER,220,O,2,6.666444451851606e-05
ARG,225,NE,ARG,225,O,2,6.666444451851606e-05
ARG,225,NH1,GLU,245,OE2,2,6.666444451851606e-05
ARG,225,NH2,GLU,245,OE2,2,6.666444451851606e-05
THR,239,N,LEU,236,O,2,6.666444451851606e-05
TYR,240,OH,SER,256,N,2,6.666444451851606e-05
LYS,248,NZ,SER,249,OG,2,6.666444451851606e-05
LYS,248,NZ,SER,253,O,2,6.666444451851606e-05
LYS,248,NZ,SER,256,OG,2,6.666444451851606e-05
ASN,250,ND2,SER,253,OG,2,6.666444451851606e-05
GLU,254,N,HIE,252,ND1,2,6.666444451851606e-05
HIE,257,NE2,LYS,248,O,2,6.666444451851606e-05
HIE,257,NE2,GLN,258,NE2,2,6.666444451851606e-05
ASN,259,N,GLN,258,OE1,2,6.666444451851606e-05
ASN,259,ND2,TYR,83,OH,2,6.666444451851606e-05
ASN,261,ND2,GLN,258,O,2,6.666444451851606e-05
ALA,270,N,LEU,265,O,2,6.666444451851606e-05
THR,275,OG1,THR,274,O,2,6.666444451851606e-05
SER,278,OG,SER,278,O,2,6.666444451851606e-05
LYS,288,NZ,LYS,288,O,2,6.666444451851606e-05
HIE,291,N,TYR,289,O,2,6.666444451851606e-05
ARG,295,NH1,GLU,299,OE1,2,6.666444451851606e-05
TYR,297,N,GLU,294,O,2,6.666444451851606e-05
TYR,297,OH,ARG,463,O,2,6.666444451851606e-05
GLY,305,N,GLU,301,O,2,6.666444451851606e-05
HIE,313,NE2,GLU,115,OE1,2,6.666444451851606e-05
LYS,317,NZ,ALA,316,O,2,6.666444451851606e-05
ALA,323,N,TYR,320,O,2,6.666444451851606e-05
SER,332,OG,GLN,329,OE1,2,6.666444451851606e-05
LEU,334,N,SER,332,O,2,6.666444451851606e-05
HID,341,ND1,SER,68,OG,2,6.666444451851606e-05
THR,344,N,ILE,342,O,2,6.666444451851606e-05
SER,348,OG,THR,347,O,2,6.666444451851606e-05
LYS,350,NZ,CYS,51,O,2,6.666444451851606e-05
LYS,350,NZ,TYR,352,OH,2,6.666444451851606e-05
LYS,356,NZ,HIE,346,ND1,2,6.666444451851606e-05
GLU,359,N,PRO,46,O,2,6.666444451851606e-05
LEU,364,N,PRO,336,O,2,6.666444451851606e-05
HID,369,ND1,ASP,333,OD2,2,6.666444451851606e-05
HID,369,ND1,SER,365,OG,2,6.666444451851606e-05
TYR,373,N,PRO,371,O,2,6.666444451851606e-05
ALA,379,N,ASP,378,OD2,2,6.666444451851606e-05
ASP,383,N,ASP,383,OD1,2,6.666444451851606e-05
LYS,393,N,LEU,386,N,2,6.666444451851606e-05
LYS,393,NZ,TYR,373,O,2,6.666444451851606e-05
SER,402,OG,HM1,464,O2A,2,6.666444451851606e-05
LEU,403,N,HM1,464,O1A,2,6.666444451851606e-05
ARG,406,NH1,GLY,69,O,2,6.666444451851606e-05
ARG,406,NH1,HM1,464,O2A,2,6.666444451851606e-05
ARG,415,N,GLY,412,O,2,6.666444451851606e-05
ARG,415,NE,ARG,415,O,2,6.666444451851606e-05
ARG,415,NH2,GLN,329,OE1,2,6.666444451851606e-05
ARG,415,NH2,PRO,400,O,2,6.666444451851606e-05
PHE,421,N,LEU,418,O,2,6.666444451851606e-05
MET,431,N,SER,430,OG,2,6.666444451851606e-05
THR,443,N,ASP,441,O,2,6.666444451851606e-05
GLN,457,NE2,MET,137,N,2,6.666444451851606e-05
GLN,457,NE2,MET,137,O,2,6.666444451851606e-05
ARG,463,NH2,ALA,293,O,2,6.666444451851606e-05
ARG,463,NH2,ARG,463,OXT,2,6.666444451851606e-05
ARG,1,NH1,LYS,350,O,1,3.333222225925803e-05
GLY,13,N,PRO,10,O,1,3.333222225925803e-05
ASN,14,ND2,PRO,8,N,1,3.333222225925803e-05
GLN,17,N,LEU,15,O,1,3.333222225925803e-05
MET,18,N,LEU,16,O,1,3.333222225925803e-05
ARG,20,N,ARG,20,NE,1,3.333222225925803e-05
ARG,20,N,ARG,20,NH1,1,3.333222225925803e-05
ARG,20,NE,ASP,19,OD1,1,3.333222225925803e-05
ARG,20,NH1,ASP,19,OD2,1,3.333222225925803e-05
ARG,20,NH2,MET,18,O,1,3.333222225925803e-05
ARG,21,NE,ARG,21,O,1,3.333222225925803e-05
ARG,21,NH1,GLN,445,O,1,3.333222225925803e-05
ARG,21,NH2,ARG,20,O,1,3.333222225925803e-05
ARG,21,NH2,ARG,29,NE,1,3.333222225925803e-05
ARG,21,NH2,ARG,29,NH1,1,3.333222225925803e-05
LEU,24,N,GLY,22,O,1,3.333222225925803e-05
SER,26,OG,ASP,19,N,1,3.333222225925803e-05
ARG,29,NH1,MET,18,O,1,3.333222225925803e-05
ARG,29,NH1,LEU,28,O,1,3.333222225925803e-05
ARG,29,NH2,ASP,19,N,1,3.333222225925803e-05
ARG,31,NE,GLY,35,O,1,3.333222225925803e-05
ARG,31,NH1,GLU,32,OE1,1,3.333222225925803e-05
ARG,31,NH1,THR,366,O,1,3.333222225925803e-05
LYS,33,NZ,GLN,17,OE1,1,3.333222225925803e-05
THR,39,OG1,VAL,47,O,1,3.333222225925803e-05
HIE,41,NE2,PRO,44,O,1,3.333222225925803e-05
GLY,52,N,ILE,363,O,1,3.333222225925803e-05
VAL,53,N,TYR,373,OH,1,3.333222225925803e-05
ARG,57,NE,TYR,373,OH,1,3.333222225925803e-05
ARG,57,NH1,VAL,53,O,1,3.333222225925803e-05
VAL,61,N,ILE,56,O,1,3.333222225925803e-05
ASP,62,N,ALA,59,O,1,3.333222225925803e-05
LYS,63,NZ,GLU,58,O,1,3.333222225925803e-05
ALA,64,N,GLU,58,O,1,3.333222225925803e-05
ALA,64,N,LEU,60,O,1,3.333222225925803e-05
SER,68,OG,ILE,342,O,1,3.333222225925803e-05
SER,68,OG,HM1,464,O1A,1,3.333222225925803e-05
GLY,69,N,THR,344,OG1,1,3.333222225925803e-05
ARG,70,N,ASN,89,ND2,1,3.333222225925803e-05
ARG,70,NH1,HID,341,N,1,3.333222225925803e-05
MET,75,N,ILE,73,O,1,3.333222225925803e-05
MET,75,N,GLU,190,OE2,1,3.333222225925803e-05
ARG,81,NE,ASP,77,OD2,1,3.333222225925803e-05
ARG,81,NH2,ASP,77,O,1,3.333222225925803e-05
TYR,83,OH,ARG,81,NH1,1,3.333222225925803e-05
TYR,83,OH,ASN,259,OD1,1,3.333222225925803e-05
TYR,83,OH,ASN,259,ND2,1,3.333222225925803e-05
ASN,89,N,ARG,92,NH1,1,3.333222225925803e-05
ASN,89,ND2,GLU,65,OE2,1,3.333222225925803e-05
ASN,89,ND2,ASN,91,OD1,1,3.333222225925803e-05
ASN,89,ND2,ARG,92,NE,1,3.333222225925803e-05
ASN,89,ND2,GLU,254,OE2,1,3.333222225925803e-05
ASN,89,ND2,THR,344,OG1,1,3.333222225925803e-05
GLY,90,N,GLU,65,OE1,1,3.333222225925803e-05
GLY,90,N,ASN,89,ND2,1,3.333222225925803e-05
ARG,92,N,ASN,91,OD1,1,3.333222225925803e-05
ARG,92,NH1,TYR,83,N,1,3.333222225925803e-05
ARG,92,NH2,SER,253,O,1,3.333222225925803e-05
ARG,97,NE,TRP,93,NE1,1,3.333222225925803e-05
ARG,97,NH1,TRP,93,NE1,1,3.333222225925803e-05
ARG,98,NH2,THR,102,N,1,3.333222225925803e-05
ARG,98,NH2,GLU,247,OE1,1,3.333222225925803e-05
ARG,98,NH2,GLU,247,OE2,1,3.333222225925803e-05
ARG,105,NE,ASP,106,N,1,3.333222225925803e-05
ARG,105,NE,GLU,115,OE1,1,3.333222225925803e-05
ARG,105,NE,GLY,412,O,1,3.333222225925803e-05
ARG,112,NH2,GLN,123,OE1,1,3.333222225925803e-05
SER,113,OG,ARG,105,O,1,3.333222225925803e-05
ARG,117,NH2,ASP,106,O,1,3.333222225925803e-05
ARG,117,NH2,ARG,112,N,1,3.333222225925803e-05
ARG,117,NH2,SER,113,O,1,3.333222225925803e-05
ILE,118,N,GLU,116,O,1,3.333222225925803e-05
GLN,119,NE2,ARG,112,NH1,1,3.333222225925803e-05
GLN,119,NE2,ARG,112,NH2,1,3.333222225925803e-05
GLN,119,NE2,GLU,120,OE1,1,3.333222225925803e-05
ALA,122,N,GLN,119,O,1,3.333222225925803e-05
GLN,123,N,GLU,121,O,1,3.333222225925803e-05
GLN,123,NE2,ARG,130,NH2,1,3.333222225925803e-05
CYS,124,N,GLN,123,NE2,1,3.333222225925803e-05
ARG,130,NH1,ARG,463,O,1,3.333222225925803e-05
ARG,130,NH2,ASN,428,ND2,1,3.333222225925803e-05
LYS,131,NZ,LYS,131,O,1,3.333222225925803e-05
SER,132,N,ARG,130,O,1,3.333222225925803e-05
SER,132,OG,ALA,135,O,1,3.333222225925803e-05
THR,140,N,ASP,138,O,1,3.333222225925803e-05
GLN,144,NE2,ASN,172,OD1,1,3.333222225925803e-05
GLN,144,NE2,ARG,280,NH1,1,3.333222225925803e-05
ASN,149,ND2,ILE,146,O,1,3.333222225925803e-05
SER,153,OG,LYS,158,O,1,3.333222225925803e-05
GLY,157,N,VAL,155,N,1,3.333222225925803e-05
ARG,159,NE,HIE,161,ND1,1,3.333222225925803e-05
ARG,159,NH2,GLU,120,OE2,1,3.333222225925803e-05
ARG,159,NH2,GLU,120,O,1,3.333222225925803e-05
TYR,162,N,HIE,161,NE2,1,3.333222225925803e-05
GLN,163,N,GLN,163,NE2,1,3.333222225925803e-05
GLN,163,NE2,GLN,165,NE2,1,3.333222225925803e-05
GLN,165,N,ASP,164,OD1,1,3.333222225925803e-05
GLN,165,NE2,GLN,165,N,1,3.333222225925803e-05
GLU,166,N,GLN,165,OE1,1,3.333222225925803e-05
PHE,167,N,GLN,165,O,1,3.333222225925803e-05
PHE,167,N,GLU,166,OE2,1,3.333222225925803e-05
LYS,169,NZ,LYS,169,O,1,3.333222225925803e-05
TYR,175,OH,PRO,453,O,1,3.333222225925803e-05
GLN,176,NE2,LEU,173,N,1,3.333222225925803e-05
GLN,176,NE2,VAL,206,N,1,3.333222225925803e-05
SER,179,OG,SER,179,O,1,3.333222225925803e-05
VAL,184,N,ARG,21,NH1,1,3.333222225925803e-05
VAL,184,N,ARG,21,NH2,1,3.333222225925803e-05
GLN,187,NE2,VAL,449,O,1,3.333222225925803e-05
GLY,201,N,HIE,203,NE2,1,3.333222225925803e-05
HIE,203,NE2,PRO,200,O,1,3.333222225925803e-05
ARG,204,N,HIE,203,NE2,1,3.333222225925803e-05
ARG,204,NH1,GLN,205,OE1,1,3.333222225925803e-05
TYR,207,N,ALA,202,O,1,3.333222225925803e-05
TYR,207,OH,GLN,211,NE2,1,3.333222225925803e-05
LYS,208,NZ,ARG,204,NH1,1,3.333222225925803e-05
ASN,209,N,TYR,207,O,1,3.333222225925803e-05
LEU,210,N,TYR,207,O,1,3.333222225925803e-05
ASN,214,N,GLN,211,O,1,3.333222225925803e-05
ASN,214,ND2,LEU,210,O,1,3.333222225925803e-05
TYR,216,OH,ASP,164,OD2,1,3.333222225925803e-05
TYR,216,OH,PHE,167,N,1,3.333222225925803e-05
HIP,224,N,GLU,222,O,1,3.333222225925803e-05
ARG,225,NE,GLU,222,O,1,3.333222225925803e-05
GLU,226,N,HIP,224,O,1,3.333222225925803e-05
THR,227,OG1,ASP,229,OD1,1,3.333222225925803e-05
THR,227,OG1,ASP,229,OD2,1,3.333222225925803e-05
ASP,229,N,ASP,238,OD1,1,3.333222225925803e-05
LYS,234,N,ASP,235,OD2,1,3.333222225925803e-05
LYS,234,NZ,HIP,224,NE2,1,3.333222225925803e-05
THR,239,OG1,LEU,236,O,1,3.333222225925803e-05
TYR,240,OH,PHE,255,O,1,3.333222225925803e-05
TYR,240,OH,ASN,259,ND2,1,3.333222225925803e-05
GLU,245,N,HID,243,O,1,3.333222225925803e-05
LYS,246,NZ,HID,243,ND1,1,3.333222225925803e-05
LYS,248,NZ,LYS,246,O,1,3.333222225925803e-05
LYS,248,NZ,LYS,248,O,1,3.333222225925803e-05
LYS,248,NZ,ASN,250,O,1,3.333222225925803e-05
LYS,248,NZ,HIE,257,ND1,1,3.333222225925803e-05
SER,253,N,HIE,252,NE2,1,3.333222225925803e-05
SER,253,OG,ASN,250,OD1,1,3.333222225925803e-05
SER,253,OG,ASN,250,ND2,1,3.333222225925803e-05
SER,253,OG,SER,253,O,1,3.333222225925803e-05
SER,256,OG,GLN,258,NE2,1,3.333222225925803e-05
HIE,257,NE2,GLY,218,O,1,3.333222225925803e-05
HIE,257,NE2,VAL,221,O,1,3.333222225925803e-05
GLN,258,N,SER,256,O,1,3.333222225925803e-05
GLN,258,NE2,ARG,81,NE,1,3.333222225925803e-05
ASN,261,ND2,GLN,258,NE2,1,3.333222225925803e-05
ASN,263,ND2,LEU,96,O,1,3.333222225925803e-05
THR,272,OG1,THR,147,O,1,3.333222225925803e-05
THR,272,OG1,ALA,148,N,1,3.333222225925803e-05
THR,272,OG1,LEU,267,O,1,3.333222225925803e-05
THR,274,OG1,THR,275,OG1,1,3.333222225925803e-05
THR,275,OG1,GLU,417,OE2,1,3.333222225925803e-05
SER,276,OG,GLN,144,NE2,1,3.333222225925803e-05
SER,276,OG,ARG,280,NH1,1,3.333222225925803e-05
THR,277,OG1,ARG,280,NH2,1,3.333222225925803e-05
SER,278,OG,GLN,329,NE2,1,3.333222225925803e-05
ARG,280,NH1,THR,140,OG1,1,3.333222225925803e-05
TYR,281,OH,PHE,331,O,1,3.333222225925803e-05
TYR,281,OH,LYS,451,O,1,3.333222225925803e-05
TYR,281,OH,ILE,452,O,1,3.333222225925803e-05
GLY,282,N,LEU,279,O,1,3.333222225925803e-05
GLY,282,N,ARG,280,N,1,3.333222225925803e-05
PHE,283,N,ARG,280,O,1,3.333222225925803e-05
TYR,289,OH,PHE,380,O,1,3.333222225925803e-05
ARG,295,NH2,VAL,292,N,1,3.333222225925803e-05
TYR,297,OH,ARG,298,NH2,1,3.333222225925803e-05
TYR,297,OH,PRO,306,O,1,3.333222225925803e-05
TYR,297,OH,GLN,427,O,1,3.333222225925803e-05
ARG,298,NH1,GLU,299,OE2,1,3.333222225925803e-05
GLN,302,NE2,ARG,298,NE,1,3.333222225925803e-05
GLN,302,NE2,ARG,298,NH1,1,3.333222225925803e-05
ILE,304,N,GLU,299,O,1,3.333222225925803e-05
HIE,307,N,GLN,427,NE2,1,3.333222225925803e-05
HIE,307,NE2,ILE,304,O,1,3.333222225925803e-05
ARG,308,N,HIE,307,NE2,1,3.333222225925803e-05
ARG,308,NE,GLU,311,OE1,1,3.333222225925803e-05
ARG,308,NH1,VAL,303,O,1,3.333222225925803e-05
LEU,312,N,GLU,115,OE1,1,3.333222225925803e-05
HIE,313,N,GLU,311,O,1,3.333222225925803e-05
HIE,313,NE2,ARG,308,NH1,1,3.333222225925803e-05
HIE,313,NE2,ARG,308,NH2,1,3.333222225925803e-05
ASP,314,N,GLU,311,OE2,1,3.333222225925803e-05
ASP,314,N,HIE,313,ND1,1,3.333222225925803e-05
ARG,315,NH1,ALA,416,O,1,3.333222225925803e-05
ARG,315,NH2,ARG,415,NH1,1,3.333222225925803e-05
LYS,317,N,ARG,315,O,1,3.333222225925803e-05
LYS,317,NZ,GLN,302,OE1,1,3.333222225925803e-05
LYS,317,NZ,VAL,303,O,1,3.333222225925803e-05
LYS,317,NZ,LYS,317,O,1,3.333222225925803e-05
TYR,320,OH,VAL,292,O,1,3.333222225925803e-05
TYR,326,OH,ARG,415,NH1,1,3.333222225925803e-05
GLN,329,NE2,GLN,329,O,1,3.333222225925803e-05
GLN,329,NE2,GLU,411,OE1,1,3.333222225925803e-05
ARG,330,NH2,ALA,379,O,1,3.333222225925803e-05
HID,341,ND1,SER,68,N,1,3.333222225925803e-05
THR,344,N,SER,68,OG,1,3.333222225925803e-05
THR,344,OG1,SER,68,N,1,3.333222225925803e-05
THR,344,OG1,GLN,345,NE2,1,3.333222225925803e-05
GLN,345,NE2,HIE,346,ND1,1,3.333222225925803e-05
LYS,350,NZ,TYR,34,O,1,3.333222225925803e-05
LYS,350,NZ,ALA,55,N,1,3.333222225925803e-05
GLY,351,N,SER,348,O,1,3.333222225925803e-05
TYR,352,OH,ARG,1,NH2,1,3.333222225925803e-05
THR,358,OG1,ASP,357,O,1,3.333222225925803e-05
HID,369,N,ALA,367,O,1,3.333222225925803e-05
HIE,372,NE2,TYR,373,OH,1,3.333222225925803e-05
GLU,375,N,TYR,373,O,1,3.333222225925803e-05
LYS,376,NZ,LYS,376,O,1,3.333222225925803e-05
ASP,378,N,LYS,376,O,1,3.333222225925803e-05
HIP,384,ND1,ARG,330,NE,1,3.333222225925803e-05
LYS,393,N,LEU,386,O,1,3.333222225925803e-05
LYS,393,N,ALA,391,O,1,3.333222225925803e-05
LYS,393,NZ,ALA,391,O,1,3.333222225925803e-05
LYS,394,NZ,LYS,394,O,1,3.333222225925803e-05
THR,395,N,TYR,326,OH,1,3.333222225925803e-05
THR,395,OG1,THR,395,O,1,3.333222225925803e-05
ALA,397,N,THR,395,O,1,3.333222225925803e-05
PHE,401,N,ARG,415,NH2,1,3.333222225925803e-05
GLY,404,N,ALA,59,O,1,3.333222225925803e-05
LYS,405,NZ,ASP,62,O,1,3.333222225925803e-05
LYS,405,NZ,LYS,405,O,1,3.333222225925803e-05
ARG,406,NH1,HM1,464,O1D,1,3.333222225925803e-05
ILE,407,N,ARG,97,NH2,1,3.333222225925803e-05
ILE,407,N,LEU,403,O,1,3.333222225925803e-05
ILE,407,N,HM1,464,O1D,1,3.333222225925803e-05
ARG,415,NH2,ARG,315,NE,1,3.333222225925803e-05
LEU,418,N,ILE,413,O,1,3.333222225925803e-05
THR,424,OG1,ALA,122,O,1,3.333222225925803e-05
GLN,427,NE2,HIE,307,O,1,3.333222225925803e-05
ASN,428,ND2,HIE,307,O,1,3.333222225925803e-05
ALA,436,N,PRO,434,O,1,3.333222225925803e-05
LYS,451,NZ,LYS,451,O,1,3.333222225925803e-05
THR,455,OG1,THR,140,OG1,1,3.333222225925803e-05
TYR,456,OH,LEU,284,N,1,3.333222225925803e-05
PHE,460,N,ALA,135,O,1,3.333222225925803e-05
ARG,463,NE,GLU,294,OE1,1,3.333222225925803e-05
ARG,463,NH2,ARG,463,O,1,3.333222225925803e-05
