donor_resname,donor_resid,donor_atom,acceptor_resname,acceptor_resid,acceptor_atom,count,frequency
THR,321,OG1,GLU,299,OE1,29460,0.9819672677577415
ARG,330,NH2,GLU,327,OE1,29073,0.9690676977434085
ASN,381,N,GLU,327,OE1,28902,0.9633678877370754
LEU,168,N,ASP,164,O,28415,0.9471350954968167
THR,424,OG1,LEU,420,O,28339,0.9446018466051131
ARG,330,NE,GLU,327,OE2,28256,0.9418352721575948
PHE,143,N,PRO,139,O,28150,0.9383020565981134
TYR,456,OH,ARG,280,O,28069,0.9356021465951135
PHE,421,N,GLU,417,O,27970,0.9323022565914469
VAL,40,N,VAL,47,O,27949,0.9316022799240026
THR,423,OG1,PHE,419,O,27817,0.9272024265857804
GLU,301,N,TYR,297,O,27593,0.9197360087997066
LEU,418,N,ALA,414,O,27547,0.9182027265757808
ILE,458,N,MET,137,O,27444,0.9147695076830772
MET,49,N,PHE,38,O,27433,0.9144028532382253
GLN,176,N,ASN,172,O,27374,0.9124362521249292
PHE,361,N,VAL,48,O,27371,0.9123362554581514
PHE,178,N,PHE,174,O,27278,0.9092363587880404
VAL,95,N,ASN,91,O,27250,0.9083030565647812
THR,278,OG1,THR,274,O,27204,0.9067697743408553
SER,100,OG,LEU,96,O,27196,0.9065031165627813
ALA,414,N,GLY,410,O,27191,0.906336455451485
VAL,155,N,ILE,151,O,27137,0.904536515449485
PHE,385,N,PRO,382,O,27109,0.9036032132262258
ARG,330,NH1,LEU,368,O,27102,0.9033698876704109
ASN,428,ND2,THR,424,O,27017,0.900536648778374
THR,177,OG1,LEU,173,O,26947,0.898203393220226
VAL,48,N,GLU,359,O,26931,0.8976700776640779
LEU,210,N,VAL,206,O,26895,0.8964701176627445
TYR,162,OH,GLU,121,OE2,26892,0.8963701209959668
SER,182,OG,PHE,178,O,26853,0.8950701643278557
ASP,387,N,ALA,391,O,26753,0.8917369421019299
SER,145,OG,PHE,141,O,26733,0.8910702976567447
SER,276,N,THR,272,O,26718,0.8905703143228559
LEU,241,N,ILE,237,O,26609,0.8869371020965968
PHE,349,N,TYR,352,O,26609,0.8869371020965968
SER,365,N,PRO,336,O,26583,0.8860704643178561
TYR,175,N,LEU,171,O,26485,0.8828039065364488
LEU,426,N,PHE,422,O,26464,0.8821039298690043
THR,423,N,PHE,419,O,26429,0.8809373020899304
THR,264,OG1,LEU,260,O,26402,0.8800373320889304
VAL,101,N,ARG,97,O,26312,0.8770374320855971
PHE,160,N,ASN,149,OD1,26285,0.8761374620845972
SER,430,N,LEU,461,O,26269,0.8756041465284491
PHE,283,N,LEU,279,O,26261,0.875337488750375
ILE,363,N,LEU,50,O,26254,0.8751041631945602
THR,274,OG1,ALA,270,O,26242,0.8747041765274491
ASP,77,N,ILE,73,O,26213,0.8737375420819306
GLU,273,N,PHE,269,O,26195,0.8731375620812639
HID,341,N,VAL,360,O,26195,0.8731375620812639
CYS,152,N,ALA,148,O,26144,0.8714376187460418
LEU,262,N,GLN,258,O,26052,0.8683710542981901
LEU,265,N,ASN,261,O,26051,0.8683377220759309
ILE,217,N,ILE,213,O,26049,0.8682710576314123
THR,358,OG1,PRO,355,O,26008,0.8669044365187827
ALA,148,N,GLN,144,O,25864,0.8621045965134495
THR,239,OG1,ASP,235,O,25857,0.8618712709576347
ILE,452,N,GLU,446,O,25773,0.859071364287857
HIP,384,N,ASN,381,O,25771,0.8590046998433386
PHE,269,N,LEU,265,O,25733,0.8577380753974867
ASP,164,N,HIE,161,O,25662,0.8553714876170795
ASN,14,N,HIE,41,O,25576,0.8525049165027833
ARG,98,N,LYS,94,O,25576,0.8525049165027833
MET,137,N,ILE,458,O,25405,0.8468051064964501
THR,39,N,PRO,4,O,25388,0.8462384587180427
SER,332,OG,ILE,328,O,25380,0.8459718009399687
VAL,85,N,ASN,263,OD1,25373,0.8457384753841538
THR,347,N,ILE,354,O,25342,0.8447051764941169
VAL,343,N,THR,358,O,25326,0.8441718609379687
PHE,99,N,VAL,95,O,25321,0.8440051998266724
LEU,196,N,PHE,192,O,25303,0.8434052198260058
LEU,267,N,ASN,263,O,25219,0.8406053131562281
LEU,9,N,GLY,13,O,25206,0.8401719942668577
THR,321,N,GLU,299,OE1,25081,0.8360054664844505
ILE,146,N,LEU,142,O,24922,0.8307056431452285
THR,277,OG1,GLU,273,O,24891,0.8296723442551915
SER,276,OG,THR,272,O,24865,0.8288057064764508
ALA,270,N,SER,266,O,24847,0.8282057264757842
THR,424,N,LEU,420,O,24814,0.8271057631412286
ARG,406,NH1,HM1,464,O2D,24765,0.825472484250525
VAL,360,N,HID,341,O,24735,0.8244725175827472
ILE,300,N,VAL,296,O,24704,0.8234392186927102
PHE,422,N,LEU,418,O,24582,0.8193726875770808
LYS,94,N,GLY,90,O,24516,0.8171727609079698
ILE,181,N,THR,177,O,24501,0.8166727775740809
ILE,354,N,THR,347,O,24490,0.816306123129229
ARG,57,N,VAL,53,O,24451,0.815006166461118
THR,366,OG1,ILE,363,O,24431,0.8143395220159328
LEU,279,N,THR,275,O,24396,0.8131728942368588
VAL,76,N,ILE,73,O,24326,0.8108396386787107
LYS,208,N,ARG,204,O,24223,0.8074064197860071
ARG,97,N,TRP,93,O,24196,0.8065064497850072
PHE,38,N,MET,49,O,24131,0.8043398553381554
CYS,51,N,ASP,36,O,24120,0.8039732008933036
GLN,144,NE2,GLU,273,OE2,24116,0.8038398720042665
GLN,427,NE2,ARG,308,O,24088,0.8029065697810073
GLU,327,N,ALA,323,O,24036,0.8011732942235259
HIE,41,N,ASN,14,OD1,24035,0.8011399620012666
LYS,393,N,PHE,385,O,24028,0.8009066364454518
ARG,159,NH2,GLU,121,OE2,24008,0.8002399920002666
SER,433,OG,GLN,457,O,23954,0.7984400519982667
ASN,149,ND2,GLU,121,OE2,23787,0.7928735708809707
LEU,129,N,LEU,125,O,23753,0.7917402753241558
LEU,285,N,TYR,281,O,23688,0.7895736808773041
ILE,126,N,ALA,122,O,23656,0.7885070497650079
ALA,122,N,ILE,118,O,23615,0.7871404286523782
PHE,331,N,GLU,327,O,23613,0.7870737642078597
LEU,125,N,GLU,121,O,23506,0.7835072164261191
GLN,329,N,ILE,325,O,23340,0.7779740675310823
LYS,356,N,HIE,346,ND1,23340,0.7779740675310823
THR,103,OG1,PHE,99,O,23292,0.7763741208626379
VAL,221,N,ILE,217,O,23289,0.7762741241958602
ARG,70,NH1,ILE,86,O,23288,0.7762407919736009
TYR,34,N,PHE,30,O,23220,0.7739742008599714
TYR,83,N,PHE,80,O,23210,0.7736408786373787
SER,100,N,LEU,96,O,23138,0.7712409586347122
ARG,159,NE,GLU,121,OE1,22968,0.7655744808506383
MET,244,N,TYR,240,O,22803,0.7600746641778607
GLY,305,N,ILE,300,O,22688,0.756241458618046
GLN,119,N,GLU,115,O,22666,0.7555081497283423
LEU,420,N,ALA,416,O,22600,0.7533082230592314
ASN,214,N,LEU,210,O,22597,0.7532082263924536
LEU,50,N,PHE,361,O,22590,0.7529749008366388
SER,183,OG,LEU,180,O,22567,0.7522082597246759
LEU,96,N,ARG,92,O,22501,0.7500083330555648
THR,272,OG1,PHE,268,O,22471,0.7490083663877871
ASP,19,N,SER,26,OG,22464,0.7487750408319722
TYR,326,N,GLU,322,O,22379,0.7459418019399353
VAL,296,N,VAL,292,O,22302,0.7433752208259725
THR,102,N,ARG,98,O,22292,0.7430418986033799
SER,365,OG,ASP,333,OD1,22236,0.7411752941568615
ASN,209,N,GLN,205,O,22094,0.7364421185960468
ASP,383,N,ASN,381,OD1,22061,0.7353421552614913
GLN,211,N,TYR,207,O,22042,0.7347088430385654
ALA,323,N,PRO,319,O,22031,0.7343421885937136
LEU,368,N,LEU,364,O,22012,0.7337088763707876
TYR,297,N,ALA,293,O,21926,0.7308423052564914
PHE,268,N,THR,264,O,21860,0.7286423785873805
GLY,52,N,THR,366,OG1,21819,0.7272757574747508
VAL,303,N,GLU,299,O,21815,0.7271424285857138
THR,39,OG1,PRO,3,O,21743,0.7247425085830472
GLY,71,N,PRO,340,O,21743,0.7247425085830472
THR,344,N,ALA,66,O,21719,0.723942535248825
VAL,206,N,ALA,202,O,21704,0.7234425519149361
ASN,149,ND2,PHE,160,O,21599,0.719942668577714
THR,347,OG1,GLN,345,O,21516,0.7171760941301957
ASN,14,ND2,GLN,17,OE1,21493,0.7164094530182328
ARG,298,N,GLU,294,O,21341,0.7113429552348255
GLY,282,N,THR,278,O,21290,0.7096430118996033
ASN,263,N,ASN,259,O,21234,0.7077764074530849
GLN,427,NE2,GLY,305,O,21186,0.7061764607846405
GLU,322,N,MET,318,O,21166,0.7055098163394553
LEU,28,N,LEU,24,O,21100,0.7033098896703444
SER,68,N,ILE,342,O,21044,0.7014432852238258
TYR,281,N,THR,277,O,20847,0.6948768374387521
ARG,280,N,SER,276,O,20841,0.6946768441051965
THR,102,OG1,ARG,98,O,20824,0.694110196326789
GLY,338,N,LEU,335,O,20786,0.6928435718809373
GLY,271,N,LEU,267,O,20777,0.6925435818806039
LEU,171,N,PHE,167,O,20760,0.6919769341021966
ILE,328,N,VAL,324,O,20723,0.690743641878604
PHE,27,N,LEU,23,O,20707,0.6902103263224559
TYR,373,N,ASP,370,O,20669,0.6889437018766041
SER,145,N,PHE,141,O,20555,0.6851438285390486
GLU,411,N,CM1,408,O,20493,0.6830772307589748
SER,179,OG,TYR,175,O,20492,0.6830438985367154
MET,318,N,ARG,315,O,20463,0.682077264091197
VAL,324,N,TYR,320,O,20391,0.6796773440885304
LEU,180,N,GLN,176,O,20348,0.6782440585313823
GLU,417,N,ILE,413,O,20342,0.6780440651978268
ASP,106,N,VAL,101,O,20274,0.6757774740841972
LYS,63,N,GLU,58,O,20250,0.674977500749975
LEU,461,N,SER,430,O,20208,0.6735775474150861
ASN,172,N,LEU,168,O,20029,0.667611079630679
LEU,260,N,SER,256,O,19957,0.6652111596280124
PHE,30,N,SER,26,O,19912,0.6637112096263458
ARG,459,N,ALA,432,O,19887,0.6628779040698644
ILE,325,N,THR,321,O,19822,0.6607113096230126
GLU,222,N,GLY,218,O,19760,0.6586447118429386
THR,277,N,GLU,273,O,19664,0.6554448185060499
ARG,315,N,GLU,311,O,19425,0.6474784173860871
ARG,225,N,VAL,221,O,19337,0.6445451818272724
SER,179,N,TYR,175,O,19318,0.6439118696043465
LEU,173,N,LYS,169,O,19173,0.6390786973767542
ARG,406,NH2,ALA,88,O,19169,0.6389453684877171
ASN,261,N,HIE,257,O,19163,0.6387453751541615
GLU,226,N,GLU,222,O,19048,0.6349121695943468
ASN,14,ND2,PRO,6,O,19033,0.634412186260458
SER,266,N,LEU,262,O,19022,0.6340455318156062
GLY,218,N,ASN,214,O,18950,0.6316456118129395
HID,243,ND1,THR,239,O,18927,0.6308789707009766
ARG,31,N,PHE,27,O,18921,0.6306789773674211
ASN,250,N,GLU,247,O,18892,0.6297123429219026
ARG,81,N,ASP,77,O,18820,0.6273124229192361
ALA,397,N,THR,395,OG1,18799,0.6266124462517916
GLN,205,N,GLY,201,O,18712,0.6237125429152361
ARG,295,N,HIE,291,O,18663,0.6220792640245325
HID,224,N,SER,220,O,18641,0.6213459551348288
GLN,17,NE2,ARG,7,O,18588,0.6195793473550881
GLU,58,N,GLU,54,O,18537,0.617879404019866
THR,275,OG1,GLY,271,O,18342,0.6113796206793107
TYR,207,N,HIE,203,O,18164,0.6054464851171628
THR,103,N,PHE,99,O,17866,0.5955134828839038
THR,177,N,LEU,173,O,17861,0.5953468217726076
GLN,427,N,THR,423,O,17836,0.5945135162161261
SER,153,N,ASN,149,O,17681,0.5893470217659411
MET,286,N,GLY,282,O,17660,0.5886470450984967
GLU,311,N,ASP,314,OD2,17604,0.5867804406519783
GLY,22,N,ASP,19,O,17598,0.5865804473184227
ALA,59,N,ALA,55,O,17592,0.5863804539848672
HIP,384,ND1,GLU,327,OE2,17566,0.5855138162061264
PHE,419,N,ARG,415,O,17534,0.5844471850938302
GLU,247,N,HID,243,O,17449,0.5816139462017933
LEU,60,N,ILE,56,O,17387,0.5795473484217193
LYS,451,NZ,ASP,333,OD2,17315,0.5771474284190526
ARG,70,NE,PRO,340,O,17245,0.5748141728609046
HIE,219,N,ALA,215,O,17221,0.5740141995266824
ARG,92,NH1,GLY,82,O,17215,0.5738142061931268
ASN,259,ND2,GLU,254,O,17016,0.5671810939635346
PHE,199,N,LEU,196,O,16997,0.5665477817406086
LEU,242,N,ASP,238,O,16940,0.564647845071831
ILE,425,N,PHE,421,O,16930,0.5643145228492383
PHE,374,N,ASP,370,O,16924,0.5641145295156829
GLY,390,N,ASP,387,O,16905,0.5634812172927569
THR,264,N,LEU,260,O,16902,0.5633812206259792
ALA,66,N,LYS,63,O,16861,0.5620145995133495
THR,278,N,THR,274,O,16741,0.5580147328422386
LYS,288,NZ,ILE,440,O,16739,0.55794806839772
ASN,149,N,SER,145,O,16622,0.5540481983933869
ARG,97,NH1,HM1,464,O1D,16606,0.5535148828372387
THR,239,N,ASP,235,O,16541,0.551348288390387
THR,272,N,PHE,268,O,16319,0.5439485350488317
THR,274,N,ALA,270,O,16309,0.5436152128262391
ILE,213,N,ASN,209,O,16286,0.5428485717142761
TRP,93,N,ASN,89,O,16133,0.5377487417086098
PHE,255,N,SER,253,OG,16118,0.5372487583747209
SER,266,OG,LEU,262,O,16093,0.5364154528182394
LEU,191,N,LEU,188,O,16080,0.5359821339288691
TYR,320,N,GLU,299,OE2,15966,0.5321822605913136
LEU,24,N,GLN,187,OE1,15910,0.5303156561447951
TYR,352,N,PHE,349,O,15856,0.5285157161427952
ALA,432,N,ARG,459,O,15854,0.5284490516982767
THR,227,OG1,LYS,223,O,15848,0.5282490583647211
GLY,448,N,GLY,450,O,15813,0.5270824305856472
TYR,240,OH,SER,256,O,15798,0.5265824472517583
GLU,294,N,PRO,290,O,15682,0.5227159094696844
ILE,56,N,GLY,52,O,15653,0.5217492750241659
ARG,330,N,TYR,326,O,15577,0.5192160261324622
TRP,93,NE1,HM1,464,O1D,15571,0.5190160327989067
LYS,317,N,ASP,314,O,15472,0.5157161427952401
PHE,398,N,THR,395,O,15329,0.5109496350121663
VAL,53,N,ASP,370,OD1,15196,0.506516449451685
LEU,386,N,ASP,383,O,15051,0.5016832772240926
LYS,288,N,LEU,284,O,15049,0.501616612779574
ILE,342,N,SER,68,O,14949,0.49828339055364823
SER,182,N,PHE,178,O,14945,0.4981500616646112
ALA,232,N,ASP,229,O,14945,0.4981500616646112
THR,140,OG1,ASP,138,OD2,14841,0.4946835105496483
ILE,151,N,THR,147,O,14838,0.4945835138828706
PHE,174,N,MET,170,O,14805,0.49348355054831505
LYS,246,N,LEU,242,O,14733,0.49108363054564846
ILE,118,N,VAL,114,O,14698,0.48991700276657446
ASN,259,N,SER,256,OG,14694,0.4897836738775374
LYS,111,N,GLY,108,O,14600,0.4866504449851672
ILE,304,N,ILE,300,O,14583,0.48608379720675976
THR,140,OG1,ASP,138,OD1,14517,0.48388387053764875
PHE,429,N,ILE,425,O,14511,0.48368387720409317
GLN,144,N,THR,140,O,14472,0.4823839205359821
GLU,127,N,GLN,123,O,14462,0.48205059831338953
ARG,105,NH1,LEU,409,O,14436,0.48118396053464885
PHE,80,N,VAL,76,O,14420,0.48065064497850074
SER,231,OG,ASP,229,OD1,14332,0.477717409419686
SER,220,N,TYR,216,O,14303,0.4767507749741675
ARG,105,NH1,GLU,411,O,14257,0.47521749275024167
PHE,79,N,VAL,76,O,14210,0.47365087830405656
ARG,70,NH1,HM1,464,O1A,14146,0.471517616079464
THR,443,OG1,ASP,441,OD2,14103,0.4700843305223159
PHE,195,N,PHE,192,O,14088,0.46958434718842706
ARG,308,NH1,ASP,314,OD2,14041,0.4680177327422419
GLU,121,N,ARG,117,O,14040,0.4679844005199827
GLU,120,N,GLU,116,O,14023,0.46741775274157527
LEU,188,N,VAL,184,O,14008,0.4669177694076864
HIP,384,NE2,GLU,375,O,13971,0.46568447718409384
LYS,223,N,HIE,219,O,13969,0.46561781273957537
GLY,84,N,ASN,259,OD1,13922,0.4640511982933902
THR,443,OG1,ASP,441,OD1,13902,0.46338455384820504
ARG,463,N,ASN,428,O,13861,0.46201793273557545
ARG,117,N,SER,113,O,13835,0.46115129495683477
SER,183,N,LEU,180,O,13825,0.4608179727342422
ILE,353,N,ARG,1,O,13800,0.45998466717776076
TYR,198,N,PHE,195,O,13533,0.45108496383453883
SER,220,OG,TYR,216,O,13531,0.4510182993900203
TYR,289,N,LEU,285,O,13513,0.45041831938935367
VAL,18,N,ASN,14,O,13298,0.4432518916036132
THR,140,N,ASP,138,OD2,13293,0.4430852304923169
ARG,29,N,LYS,25,O,13290,0.44298523382553917
LYS,288,NZ,PRO,437,O,13224,0.4407853071564281
PHE,192,N,PHE,189,O,13201,0.4400186660444652
PHE,67,N,LYS,63,O,13106,0.43685210492983567
TYR,240,N,LEU,236,O,12985,0.43281890603646545
THR,140,N,ASP,138,OD1,12969,0.43228559048031734
MET,104,N,SER,100,O,12937,0.43121895936802107
ASN,263,ND2,SER,100,OG,12772,0.42571914269524347
LYS,169,N,GLN,165,O,12603,0.42008599713342887
ARG,308,NH2,ASP,314,OD1,12537,0.41788607046431786
SER,26,OG,GLY,22,O,12384,0.41278624045865137
GLN,144,NE2,LEU,171,O,12270,0.408986367121096
THR,147,OG1,GLU,417,OE1,12204,0.4067864404519849
ARG,45,NH1,GLU,359,OE2,12199,0.40661977934068866
THR,443,N,ASP,441,OD2,12196,0.40651978267391087
GLY,404,N,SER,402,OG,12188,0.4062531248958368
ARG,97,NH1,ILE,407,O,12171,0.40568647711742944
THR,443,N,ASP,441,OD1,12115,0.40381987267091096
SER,231,OG,ASP,229,OD2,12106,0.40351988267057765
ARG,70,NH2,HM1,464,O1A,11978,0.39925335822139263
GLU,245,N,LEU,241,O,11904,0.3967867737742075
SER,231,N,ASP,229,OD1,11870,0.3956534782173928
GLN,17,N,ASN,14,O,11802,0.3933868871037632
VAL,292,N,TYR,289,O,11770,0.39232025599146697
HID,224,ND1,ASP,238,OD1,11674,0.38912036265457817
GLY,186,N,SER,183,OG,11484,0.38278724042531914
ARG,92,NE,GLU,254,OE2,11483,0.3827539082030599
VAL,47,N,VAL,40,O,11462,0.38205393153561545
GLN,123,N,GLN,119,O,11370,0.37898736708776376
LEU,287,N,PHE,283,O,11352,0.37838738708709707
ARG,225,NH2,GLU,222,OE2,11312,0.37705409819672675
ASP,357,N,VAL,343,O,11309,0.376954101529949
ALA,379,N,LYS,376,O,11145,0.3714876170794307
GLN,445,N,ILE,452,O,11066,0.3688543715209493
SER,253,OG,GLU,247,OE2,10982,0.3660544648511716
GLY,134,N,LYS,131,O,10887,0.3628879037365421
ARG,315,NH2,GLU,322,OE2,10830,0.3609879670677644
ARG,130,N,ILE,126,O,10742,0.3580547315089497
ARG,45,NH1,GLU,359,OE1,10362,0.3453884870504316
HID,243,N,THR,239,O,10346,0.3448551714942835
ALA,215,N,GLN,211,O,10299,0.3432885570480984
LYS,72,N,GLU,359,OE2,10282,0.342721909269691
ARG,225,NH2,GLU,222,OE1,10264,0.34212192926902435
LEU,236,N,ILE,154,O,10259,0.3419552681577281
ARG,57,NH2,GLU,54,OE2,10215,0.3404886503783207
LYS,131,N,GLU,128,O,10214,0.34045531815606145
PHE,189,N,PHE,185,O,10189,0.33962201259958
HID,224,ND1,ASP,238,OD2,10163,0.3387553748208393
LYS,197,N,SER,193,O,10138,0.33792206926435786
SER,231,N,ASP,229,OD2,10009,0.3336222125929136
LEU,284,N,ARG,280,O,9747,0.32488917036098797
ALA,88,N,GLY,84,O,9691,0.32302256591446954
THR,147,OG1,GLU,417,OE2,9676,0.32252258258058064
THR,227,N,LYS,223,O,9653,0.3217559414686177
VAL,61,N,ARG,57,O,9625,0.3208226392453585
LYS,131,NZ,GLU,128,OE1,9623,0.32075597480083995
GLU,212,N,LYS,208,O,9609,0.32028932368921037
ASP,439,N,ALA,436,O,9598,0.3199226692443585
ARG,463,NE,LEU,426,O,9578,0.31925602479917337
TRP,93,NE1,HM1,464,O2D,9383,0.312756241458618
THR,344,OG1,ALA,66,O,9369,0.31228959034698844
ARG,225,NE,GLU,222,OE1,9349,0.3116229459018033
ARG,92,NE,GLU,254,OE1,9249,0.3082897236758775
SER,113,OG,GLU,115,OE2,9153,0.3050898303389887
ARG,31,NH1,ASP,370,OD2,9151,0.3050231658944702
SER,256,N,TYR,240,OH,9129,0.3042898570047665
LYS,111,NZ,ASP,235,OD1,9097,0.30322322589247025
ARG,70,NH2,HM1,464,O2A,9070,0.3023232558914703
LEU,15,N,LEU,12,O,9068,0.3022565914469518
SER,26,N,GLY,22,O,9025,0.30082330588980366
ASN,261,ND2,ASN,214,O,9021,0.30068997700076666
CYS,124,N,GLU,120,O,9000,0.29999000033332224
MET,170,N,GLU,166,O,8967,0.2988900369987667
PHE,87,N,GLY,84,O,8962,0.29872337588747044
PHE,156,N,CYS,152,O,8948,0.2982567247758408
GLU,32,N,LEU,28,O,8924,0.2974567514416186
LYS,356,NZ,ASP,357,OD2,8921,0.29735675477484086
LYS,248,NZ,GLU,245,OE2,8915,0.2971567614412853
LYS,248,NZ,GLU,245,OE1,8787,0.29289023699210026
GLU,128,N,CYS,124,O,8775,0.29249025032498915
HIE,372,N,ASP,370,OD2,8761,0.2920235992133596
LYS,158,N,CYS,152,O,8751,0.291690276990767
ARG,225,NE,GLU,222,OE2,8742,0.2913902869904337
ARG,21,N,ASP,19,OD2,8723,0.2907569747675077
SER,113,OG,GLU,115,OE1,8713,0.29042365254491515
SER,253,OG,GLU,247,OE1,8666,0.28885703809873003
LYS,131,NZ,GLU,128,OE2,8664,0.2887903736542115
ILE,154,N,ILE,151,O,8532,0.2843905203159895
GLN,302,N,ARG,298,O,8523,0.2840905303156561
ARG,117,NE,ARG,112,O,8403,0.28009066364454516
LYS,72,N,GLU,359,OE1,8182,0.2727242425252492
ARG,350,NH2,GLU,58,OE1,8168,0.27225759141361955
LYS,356,NZ,ASP,357,OD1,8028,0.2675910802973234
ARG,21,N,ASP,19,OD1,7985,0.2661577947401753
ARG,315,NH2,GLU,322,OE1,7973,0.2657578080730642
ARG,459,NE,GLY,134,O,7971,0.26569114362854573
GLU,299,N,ARG,295,O,7960,0.2653244891836939
LYS,33,N,ARG,29,O,7919,0.2639578680710643
SER,193,OG,GLU,190,OE1,7898,0.2632578914036199
ALA,316,N,LEU,312,O,7892,0.26305789807006436
ARG,31,NE,ASP,36,OD1,7867,0.2622245925135829
ARG,31,NH2,ASP,36,OD2,7828,0.2609246358454718
VAL,53,N,ASP,370,OD2,7794,0.259791340288657
ARG,97,NH2,ILE,407,O,7773,0.2590913636212126
SER,153,OG,ASN,149,O,7607,0.2535582147261758
THR,275,N,GLY,271,O,7605,0.25349155028165726
ARG,350,NE,GLU,58,OE2,7597,0.2532248925035832
GLN,119,NE2,PRO,310,O,7518,0.25059164694510183
ARG,57,NE,GLU,54,OE1,7471,0.2490250324989167
TYR,216,N,GLU,212,O,7435,0.24782507249758343
ARG,350,NE,GLU,58,OE1,7379,0.24595846805106497
ILE,150,N,ILE,146,O,7369,0.2456251458284724
ARG,31,NH2,ASP,36,OD1,7361,0.2453584880503983
ASN,261,ND2,ASN,214,OD1,7355,0.24515849471684278
ARG,31,NH2,ASP,370,OD2,7338,0.2445918469384354
LEU,23,N,GLN,187,O,7323,0.24409186360454652
HID,369,ND1,SER,365,O,7279,0.24262524582513917
ARG,315,NE,GLU,322,OE1,7273,0.24242525249158361
ARG,112,NH1,GLU,120,OE1,7256,0.24185860471317622
ARG,117,NH1,SER,153,OG,7209,0.2402919902669911
ARG,315,NE,GLU,322,OE2,7155,0.23849205026499118
THR,366,N,ILE,363,O,7153,0.23842538582047265
ALA,293,N,TYR,289,O,7144,0.23812539582013934
ASN,214,ND2,GLN,211,OE1,7135,0.23782540581980602
ASP,235,N,ASP,238,OD2,7133,0.2377587413752875
HIE,252,N,ASN,250,OD1,7115,0.23715876137462086
LYS,248,N,GLU,245,O,7094,0.23645878470717643
LYS,111,NZ,ASP,235,OD2,7087,0.23622545915136162
ARG,57,NH2,ASP,62,OD1,7067,0.23555881470617646
ARG,130,NH2,GLU,127,OE2,7041,0.23469217692743574
GLN,163,N,HIE,161,ND1,7040,0.2346588447051765
ARG,57,NH1,ASP,62,OD2,6988,0.23292556914769508
ARG,112,NH1,GLU,120,OE2,6986,0.23285890470317655
HIE,252,NE2,GLU,254,OE1,6944,0.23145895136828773
ARG,31,NE,ASP,36,OD2,6940,0.2313256224792507
ARG,57,NH2,GLU,54,OE1,6933,0.23109229692343589
ALA,416,N,GLY,412,O,6926,0.23085897136762107
ARG,330,NH1,PRO,377,O,6872,0.22905903136562114
ARG,112,NH2,GLU,120,OE1,6785,0.2261591280290657
ARG,350,NH2,GLU,58,OE2,6770,0.22565914469517684
ARG,45,NH2,GLU,359,OE1,6738,0.22459251358288057
ARG,130,NH2,GLU,127,OE1,6737,0.2245591813606213
LYS,234,NZ,ASP,235,OD2,6696,0.22319256024799172
ARG,308,NH2,ASP,314,OD2,6684,0.22279257358088064
LEU,42,N,ARG,45,O,6617,0.22055931468951034
ASN,261,ND2,HIE,257,O,6596,0.21985933802206592
LEU,228,N,ARG,225,O,6584,0.21945935135495484
ARG,45,NH2,GLU,190,OE2,6517,0.21722609246358454
ASP,235,N,ASP,238,OD1,6479,0.21595946801773275
VAL,435,N,SER,433,OG,6465,0.21549281690610314
ARG,112,NH2,GLU,120,OE2,6459,0.2152928235725476
ASN,209,ND2,THR,177,OG1,6459,0.2152928235725476
GLN,187,NE2,CYS,447,O,6444,0.21479284023865872
ALA,391,N,ASN,389,OD1,6443,0.21475950801639945
SER,193,OG,GLU,190,OE2,6310,0.21032632245591815
SER,266,OG,ASN,263,O,6243,0.20809306356454785
SER,249,N,LYS,246,O,5992,0.19972667577747408
ASP,370,N,ALA,367,O,5968,0.1989267024432519
LYS,63,NZ,SER,348,O,5849,0.1949601679944002
THR,455,OG1,GLN,445,OE1,5760,0.19199360021332623
ILE,342,N,GLY,69,O,5742,0.19139362021265957
ASN,389,ND2,ASP,387,OD2,5682,0.1893936868771041
THR,147,OG1,PHE,143,O,5677,0.1892270257658078
ASN,209,ND2,GLN,205,O,5674,0.18912702909903004
THR,358,N,PRO,355,O,5657,0.18856038132062264
ASN,250,ND2,GLU,247,OE1,5629,0.18762707909736343
ARG,415,NE,GLN,329,OE1,5602,0.18672710909636345
SER,332,N,ILE,328,O,5564,0.18546048465051165
TYR,281,OH,LEU,442,O,5552,0.18506049798340055
ARG,45,NH2,GLU,359,OE2,5540,0.18466051131628947
ARG,70,N,ASN,89,OD1,5504,0.18346055131495617
ARG,21,NE,ASP,19,OD2,5489,0.1829605679810673
ASN,250,ND2,GLU,247,OE2,5485,0.18282723909203027
ASN,428,N,THR,424,O,5476,0.18252724909169693
ASN,389,ND2,ASP,387,OD1,5435,0.18116062797906737
LEU,334,N,SER,332,O,5430,0.18099396686777108
LYS,234,N,ASP,238,OD2,5368,0.17892736908769707
ASN,381,ND2,ASP,383,OD2,5368,0.17892736908769707
ARG,21,NE,ASP,19,OD1,5352,0.17839405353154894
PHE,67,N,ALA,64,O,5340,0.17799406686443786
HIE,252,NE2,GLU,254,OE2,5340,0.17799406686443786
ARG,130,NE,GLU,127,OE1,5331,0.17769407686410452
ARG,45,NH2,GLU,190,OE1,5306,0.17686077130762307
ASP,314,N,GLU,311,O,5214,0.17379420685977134
GLU,190,N,GLN,187,O,5181,0.1726942435252158
ASN,389,N,ASP,387,OD2,5159,0.17196093463551215
ARG,130,NE,GLU,127,OE2,5153,0.1717609413019566
ARG,29,NH2,ASP,19,OD1,5142,0.17139428685710476
LYS,234,N,ASP,238,OD1,5138,0.17126095796806773
ARG,308,NH1,ASP,314,OD1,5052,0.16839438685377153
HIE,372,N,ASP,370,OD1,5049,0.16829439018699377
ASN,389,N,ASP,387,OD1,5039,0.1679610679644012
ALA,64,N,VAL,61,O,4962,0.1653944868504383
ILE,413,N,GLY,410,O,4946,0.1648611712942902
ARG,21,NH2,ASP,19,OD1,4901,0.1633612212926236
TYR,216,OH,GLU,166,OE1,4730,0.15766141128629046
SER,249,OG,LYS,246,O,4725,0.15749475017499417
ARG,298,NH1,GLU,301,OE1,4695,0.15649478350721643
ILE,440,N,ALA,436,O,4665,0.1554948168394387
ARG,21,NH2,ASP,19,OD2,4664,0.15546148461717943
GLN,165,NE2,GLN,163,O,4655,0.1551614946168461
ARG,31,NH2,ASP,370,OD1,4636,0.15452818239392022
LYS,169,NZ,GLU,166,OE2,4601,0.15336155461484619
LEU,188,N,PHE,185,O,4597,0.15322822572580913
SER,153,OG,ILE,150,O,4584,0.1527949068364388
GLU,446,N,ILE,452,O,4570,0.15232825572480918
ILE,413,N,GLU,411,O,4562,0.1520615979467351
ARG,57,NE,GLU,54,OE2,4525,0.15082830572314257
LYS,169,NZ,GLU,166,OE1,4504,0.15012832905569815
GLN,187,NE2,SER,183,O,4492,0.14972834238858704
SER,26,OG,ASP,19,OD1,4407,0.1468951034965501
ARG,298,NH1,GLU,301,OE2,4371,0.14569514349521684
ILE,440,N,PRO,437,O,4365,0.14549515016166129
ARG,81,NH1,PRO,78,O,4318,0.14392853571547615
GLN,163,NE2,GLU,128,OE1,4318,0.14392853571547615
ARG,57,NH1,ASP,62,OD1,4310,0.1436618779374021
ILE,237,N,VAL,155,O,4259,0.14196193460217993
ARG,112,NE,GLU,116,OE1,4252,0.1417286090463651
ASP,106,N,THR,102,O,4219,0.1406286457118096
GLN,176,NE2,ASN,172,OD1,4189,0.13962867904403187
GLY,35,N,ARG,31,O,4185,0.13949535015499484
ARG,57,NH2,ASP,62,OD2,4144,0.13812872904236526
LYS,111,NZ,SER,153,O,4129,0.13762874570847639
ARG,112,NH2,GLU,116,OE2,4110,0.1369954334855505
ASN,428,N,ILE,425,O,4097,0.13656211459618012
GLN,205,NE2,ASN,209,OD1,4084,0.13612879570680977
HIP,384,ND1,GLU,327,OE1,3961,0.13202893236892105
GLN,123,NE2,GLN,119,O,3946,0.13152894903503218
ASN,381,ND2,ASP,383,OD1,3899,0.12996233458884704
TYR,216,OH,GLU,166,OE2,3886,0.1295290156994767
ARG,112,NH2,GLU,116,OE1,3869,0.1289623679210693
ARG,298,NE,GLU,294,OE2,3833,0.127762407919736
ARG,112,NE,GLU,116,OE2,3810,0.12699576680777308
HIE,161,N,ASP,164,OD1,3810,0.12699576680777308
LEU,23,N,GLN,187,OE1,3771,0.12569581013966202
GLN,187,N,SER,183,O,3740,0.12466251124962502
ILE,154,N,ILE,150,O,3739,0.12462917902736576
GLY,13,N,LEU,9,O,3726,0.1241958601379954
GLN,144,NE2,GLU,273,OE1,3699,0.12329589013699543
SER,365,OG,PRO,336,O,3650,0.1216626112462918
GLU,115,N,GLU,115,OE2,3629,0.12096263457884737
ALA,367,N,LEU,364,O,3617,0.12056264791173628
ARG,298,NE,GLU,294,OE1,3615,0.12049598346721777
ARG,29,NH2,ASP,19,OD2,3579,0.11929602346588447
ARG,45,N,LEU,42,O,3530,0.11766274457518083
ARG,92,NH2,GLU,254,OE1,3511,0.11702943235225492
GLU,115,N,GLU,115,OE1,3499,0.11662944568514383
SER,256,N,GLU,254,O,3497,0.11656278124062532
ARG,463,NH2,LEU,426,O,3495,0.1164961167961068
GLN,187,N,VAL,184,O,3485,0.11616279457351422
HIE,161,N,ASP,164,OD2,3484,0.11612946235125496
LYS,33,N,PHE,30,O,3477,0.11589613679544016
LYS,234,NZ,ASP,235,OD1,3467,0.11556281457284757
LYS,169,NZ,GLU,212,OE2,3457,0.115229492350255
GLN,163,NE2,GLU,128,OE2,3443,0.11476284123862537
ALA,88,N,VAL,85,O,3431,0.11436285457151428
ARG,81,NE,PHE,79,O,3428,0.1142628579047365
ARG,117,NH2,ARG,112,O,3412,0.11372954234858838
ARG,308,NH1,ILE,304,O,3399,0.11329622345921803
ARG,330,NH2,PRO,377,O,3385,0.11282957234758842
ALA,74,N,GLU,190,OE1,3316,0.11052964901169961
ARG,459,NH1,GLY,134,O,3306,0.11019632678910703
ARG,117,NH1,ILE,150,O,3301,0.11002966567781074
PHE,192,N,LEU,188,O,3295,0.1098296723442552
LYS,63,NZ,GLU,58,OE2,3284,0.10946301789940335
LYS,451,NZ,ASP,333,OD1,3269,0.10896303456551448
HID,369,N,SER,365,O,3260,0.10866304456518117
LYS,169,NZ,GLU,212,OE1,3257,0.10856304789840339
ARG,298,NH2,GLU,294,OE2,3236,0.10786307123095897
ARG,298,NH2,GLU,294,OE1,3220,0.10732975567481085
LYS,63,NZ,GLU,58,OE1,3196,0.10652978234058864
TYR,297,OH,GLU,301,OE1,3182,0.10606313122895904
ARG,105,N,VAL,101,O,3181,0.10602979900669977
ARG,92,NH2,GLU,254,OE2,3174,0.10579647345088497
GLN,445,NE2,PRO,453,O,3162,0.10539648678377388
ARG,406,NH1,ALA,88,O,3147,0.104896503449885
TYR,297,OH,GLU,301,OE2,3104,0.10346321789273691
SER,402,OG,ARG,406,O,3101,0.10336322122595913
ARG,29,NH2,GLN,17,O,3081,0.10269657678077397
ARG,31,NH1,ASP,370,OD1,3067,0.10222992566914436
THR,344,OG1,GLN,345,OE1,3047,0.1015632812239592
GLN,329,NE2,ILE,325,O,2996,0.09986333788873704
ARG,105,NE,ASP,106,OD1,2960,0.09866337788740376
ILE,407,N,GLY,404,O,2913,0.09709676344121862
GLU,166,N,ASP,164,OD2,2903,0.09676344121862604
GLN,119,NE2,GLU,115,O,2883,0.09609679677344088
GLN,119,NE2,GLU,311,OE2,2872,0.09573014232858905
SER,26,OG,ASP,19,OD2,2861,0.0953634878837372
LYS,63,NZ,ASP,62,OD1,2861,0.0953634878837372
ARG,70,NH2,HM1,464,O2D,2856,0.09519682677244092
ARG,415,NH2,GLU,411,OE1,2853,0.09509683010566314
GLN,258,N,SER,256,OG,2815,0.09383020565981134
ARG,105,NH2,ASP,106,OD2,2746,0.09153028232392253
GLU,396,N,GLU,396,OE2,2742,0.0913969534348855
ARG,308,NH1,PRO,309,O,2734,0.09113029565681144
TYR,373,OH,GLU,54,OE1,2725,0.09083030565647812
ARG,298,NH2,GLU,301,OE2,2712,0.09039698676710776
ARG,204,N,GLY,201,O,2692,0.0897303423219226
ASN,209,ND2,GLN,176,OE1,2685,0.0894970167661078
GLN,119,NE2,GLU,311,OE1,2653,0.08843038565381153
ASP,62,N,ARG,57,O,2636,0.08786373787540415
ALA,74,N,GLU,190,OE2,2635,0.0878304056531449
ARG,463,NH1,GLU,294,OE1,2632,0.08773040898636712
LYS,63,NZ,ASP,62,OD2,2614,0.08713042898570048
GLU,116,N,SER,113,O,2604,0.0867971067631079
GLU,166,N,ASP,164,OD1,2588,0.08626379120695976
LEU,364,N,LEU,362,O,2588,0.08626379120695976
HIE,203,NE2,LEU,196,O,2582,0.08606379787340422
ARG,415,NH1,GLU,411,OE1,2574,0.08579714009533015
GLU,396,N,GLU,396,OE1,2555,0.08516382787240426
HID,224,ND1,SER,220,O,2541,0.08469717676077464
ASN,149,ND2,SER,145,O,2527,0.08423052564914503
SER,253,N,ASN,250,O,2503,0.08343055231492283
ARG,29,NH1,ASP,19,OD2,2497,0.08323055898136729
ARG,70,NH2,PRO,340,O,2479,0.08263057898070064
ARG,298,NH1,GLU,294,OE1,2473,0.0824305856471451
THR,227,N,HID,224,O,2471,0.08236392120262657
ARG,298,NH2,GLU,301,OE1,2462,0.08206393120229326
ARG,463,NH1,GLU,294,OE2,2451,0.08169727675744141
ARG,29,NH1,ASP,19,OD1,2409,0.08029732342255258
ARG,463,NH2,GLU,294,OE2,2377,0.07923069231025633
TYR,373,OH,GLU,54,OE2,2369,0.07896403453218226
ARG,105,NE,ASP,106,OD2,2358,0.07859738008733043
LYS,317,NZ,HIE,313,O,2348,0.07826405786473785
GLN,187,NE2,ARG,21,O,2312,0.07706409786340455
PHE,167,N,ASP,164,OD2,2305,0.07683077230758975
ARG,225,NH2,GLU,226,OE2,2304,0.07679744008533049
ARG,105,NH2,GLU,411,OE2,2297,0.07656411452951568
ARG,225,NH2,GLU,226,OE1,2220,0.07399753341555282
ARG,105,NH2,ASP,106,OD1,2219,0.07396420119329356
THR,147,N,PHE,143,O,2203,0.07343088563714543
ARG,298,NE,GLU,301,OE1,2189,0.07296423452551581
ASN,91,ND2,GLU,254,OE1,2153,0.07176427452418253
LYS,405,NZ,GLU,65,OE2,2126,0.07086430452318256
ARG,105,N,SER,100,O,2117,0.07056431452284924
ARG,330,NH1,HID,369,NE2,2087,0.0695643478550715
LYS,248,N,MET,244,O,2084,0.06946435118829372
GLU,438,N,GLU,438,OE1,2082,0.06939768674377521
ASN,214,ND2,GLN,258,OE1,2075,0.0691643611879604
ILE,407,N,LYS,405,O,2064,0.06879770674310856
LYS,111,NZ,LYS,234,O,2055,0.06849771674277524
GLU,116,N,SER,113,OG,2042,0.06806439785340489
PHE,167,N,ASP,164,OD1,2040,0.06799773340888637
HID,369,N,THR,366,O,2011,0.06703109896336788
GLN,345,NE2,GLU,65,O,1975,0.0658311389620346
ASN,91,ND2,GLU,254,OE2,1962,0.06539782007266425
LYS,405,NZ,GLU,65,OE1,1944,0.0647978400719976
GLU,311,N,ASP,314,OD1,1917,0.06389787007099763
VAL,18,N,LEU,15,O,1909,0.06363121229292357
ARG,70,NH1,ALA,88,O,1901,0.0633645545148495
ARG,459,NH2,LYS,133,O,1891,0.06303123229225692
ASN,259,ND2,ARG,92,NE,1887,0.06289790340321989
ARG,130,NH1,GLU,127,OE1,1882,0.0627312422919236
ARG,29,NE,ASP,19,OD2,1876,0.06253124895836805
ARG,29,NE,ASP,19,OD1,1874,0.062464584513849536
ARG,204,NH2,LYS,197,O,1871,0.062364587847071766
ARG,105,NH2,GLU,411,O,1851,0.061697943401886605
ARG,159,NH1,GLU,121,OE1,1837,0.06123129229025699
ARG,463,NH2,GLU,294,OE1,1799,0.059964667844405184
ARG,130,NH1,GLU,127,OE2,1796,0.059864671177627414
ARG,406,NH2,GLY,69,O,1795,0.05983133895536816
ARG,415,NH2,GLU,411,OE2,1773,0.05909803006566448
ARG,45,NH2,GLU,190,O,1763,0.058764707843071896
GLY,108,N,ASP,106,O,1737,0.05789807006433119
ARG,117,NE,SER,153,OG,1737,0.05789807006433119
LYS,451,NZ,PHE,331,O,1714,0.05713142895236825
ARG,105,NH2,GLU,411,OE1,1702,0.05673144228525716
GLN,302,NE2,ARG,298,O,1676,0.05586480450651645
LYS,356,NZ,THR,344,O,1668,0.055598146728442384
ARG,415,NH1,GLU,322,OE1,1665,0.055498150061664614
PHE,167,N,ASP,164,O,1663,0.055431485617146094
THR,455,N,GLN,445,OE1,1660,0.055331488950368324
LEU,228,N,HID,224,O,1627,0.054231525615812806
GLU,438,N,GLU,438,OE2,1611,0.05369821005966468
ARG,81,NE,PRO,78,O,1598,0.05326489117029432
LYS,72,NZ,ASP,77,OD1,1591,0.05303156561447952
ARG,315,N,LEU,312,O,1589,0.052964901169961
ARG,105,N,THR,102,O,1550,0.05166494450184994
ARG,415,NH1,GLU,322,OE2,1546,0.05153161561281291
HIE,203,NE2,PHE,199,O,1543,0.05143161894603513
ALA,135,N,SER,132,O,1542,0.051398286723775874
LYS,376,NZ,GLU,375,OE1,1514,0.050464984500516646
GLN,445,NE2,THR,455,OG1,1505,0.05016499450018333
LYS,131,N,GLU,127,O,1498,0.04993166894436852
LYS,376,NZ,GLU,375,OE2,1492,0.04973167561081297
MET,109,N,PRO,233,O,1487,0.04956501449951668
LYS,72,NZ,GLU,190,OE1,1471,0.049031698943368555
ARG,81,NH2,GLN,258,OE1,1469,0.048965034498850035
ASN,214,ND2,ASN,261,OD1,1465,0.04883170560981301
LYS,158,NZ,PHE,156,O,1440,0.04799840005333156
ALA,416,N,ILE,413,O,1434,0.047798406719776004
ARG,298,NH1,GLU,294,OE2,1422,0.04739842005266491
ARG,57,NH1,GLU,54,OE1,1348,0.044931835605479815
LEU,312,N,GLU,311,OE2,1336,0.04453184893836872
ARG,57,NH1,GLU,54,OE2,1334,0.0444651844938502
LEU,312,N,GLU,311,OE1,1292,0.04306523115896137
GLN,258,N,GLN,258,OE1,1291,0.04303189893670211
THR,344,OG1,GLU,65,O,1288,0.042931902269924334
SER,193,N,GLU,190,O,1286,0.04286523782540582
ARG,70,NH2,VAL,339,O,1285,0.042831905603146564
ARG,45,NE,LEU,42,O,1274,0.04246525115829472
TYR,175,OH,GLN,445,OE1,1267,0.04223192560247992
ARG,406,NH2,ASN,89,OD1,1267,0.04223192560247992
GLU,247,N,MET,244,O,1265,0.0421652611579614
ASN,172,ND2,LEU,168,O,1264,0.04213192893570214
ALA,316,N,HIE,313,O,1255,0.04183193893536882
LYS,246,N,HID,243,O,1229,0.040965301156628116
SER,183,OG,SER,179,O,1218,0.04059864671177627
SER,365,OG,ASP,333,OD2,1205,0.04016532782240592
GLU,115,N,SER,113,OG,1202,0.040065331155628145
HIE,313,N,GLU,311,OE1,1190,0.03966534448851705
ALA,436,N,ASP,439,OD2,1190,0.03966534448851705
ARG,45,NE,GLU,190,OE1,1183,0.03943201893270224
LYS,451,N,LEU,334,O,1182,0.039398686710442984
PHE,189,N,GLY,186,O,1175,0.03916536115462818
ARG,298,NE,GLU,301,OE2,1171,0.03903203226559115
ALA,391,N,ASP,387,O,1169,0.038965367821072634
ASP,333,N,PHE,331,O,1164,0.038798706709776344
ARG,1,N,ILE,353,O,1163,0.03876537448751708
ARG,415,NH2,GLN,329,OE1,1152,0.038398720042665244
LYS,25,N,GLY,22,O,1131,0.037698743375220826
HIE,346,N,GLN,345,OE1,1112,0.03706543115229492
GLY,186,N,SER,183,O,1105,0.03683210559648012
ARG,350,N,GLU,58,OE2,1105,0.03683210559648012
SER,276,OG,GLU,273,OE2,1104,0.03679877337422086
ARG,406,NH1,VAL,85,O,1100,0.03666544448518383
LYS,197,N,GLY,194,O,1094,0.03646545115162828
SER,193,OG,GLU,190,O,1093,0.03643211892936902
LYS,72,NZ,GLU,190,OE2,1092,0.03639878670710976
SER,113,N,GLU,116,OE1,1087,0.03623212559581347
LYS,72,NZ,ASP,77,OD2,1080,0.03599880003999867
ARG,225,NH1,GLU,222,OE2,1067,0.03556548115062831
ARG,29,NH2,GLU,32,OE2,1066,0.035532148928369055
ARG,415,NH1,GLU,411,OE2,1066,0.035532148928369055
LEU,386,N,PRO,382,O,1061,0.035365487817072765
SER,113,N,GLU,116,OE2,1057,0.03523215892803573
ARG,29,NE,GLU,32,OE1,1056,0.035198826705776474
ASN,89,ND2,ARG,70,O,1051,0.035032165594480184
LYS,451,NZ,SER,332,O,1047,0.03489883670544315
ALA,367,N,ILE,363,O,1038,0.03459884670510983
ARG,308,NE,ASP,314,OD2,1034,0.0344655178160728
ARG,29,NH2,GLU,32,OE1,1011,0.03369887670410986
LYS,376,NZ,ASP,378,OD2,1011,0.03369887670410986
LYS,234,NZ,ALA,232,O,1009,0.03363221225959135
ARG,350,N,GLU,58,OE1,999,0.03329889003699877
GLN,165,N,GLN,165,OE1,989,0.03296556781440619
ASP,62,N,GLU,58,O,988,0.032932235592146926
LYS,208,NZ,GLN,205,OE1,988,0.032932235592146926
GLN,211,NE2,TYR,207,OH,987,0.03289890336988767
ARG,29,NE,GLU,32,OE2,979,0.03263224559181361
SER,332,N,GLN,329,O,964,0.03213226225792474
LYS,234,NZ,ASP,238,OD2,955,0.031832272257591415
GLY,43,N,HIE,41,O,952,0.03173227559081364
HID,341,ND1,VAL,360,O,947,0.03156561447951735
GLN,176,NE2,ASN,209,OD1,944,0.03146561781273958
LYS,234,NZ,ASP,238,OD1,942,0.03139895336822106
ARG,280,NH1,GLU,273,OE1,942,0.03139895336822106
ARG,98,NH2,THR,102,OG1,935,0.031165627812406255
ARG,81,NH1,GLN,258,OE1,932,0.031065631145628478
LYS,376,NZ,ASP,378,OD1,930,0.030998966701109965
ARG,463,NH2,PHE,429,O,927,0.030898970034332188
LYS,25,NZ,ASP,19,OD2,921,0.03069897670077664
MET,170,N,PHE,167,O,903,0.030098996700109997
HIE,313,N,GLU,311,OE2,902,0.030065664477850737
LYS,72,NZ,GLU,359,OE2,898,0.029932335588813707
ALA,436,N,ASP,439,OD1,886,0.02953234892170261
LYS,111,NZ,MET,109,O,873,0.029099030032332256
LYS,131,NZ,GLU,127,O,870,0.028999033365554483
GLU,254,N,GLU,247,OE1,870,0.028999033365554483
ARG,81,NH2,PHE,79,O,858,0.028599046698443386
ASN,250,ND2,GLU,247,O,857,0.028565714476184126
ARG,112,NH1,GLU,116,OE2,856,0.02853238225392487
GLY,157,N,CYS,152,O,852,0.028399053364887836
ILE,150,N,THR,147,O,847,0.028232392253591546
TYR,216,N,ILE,213,O,846,0.02819906003133229
ARG,70,NE,GLY,69,O,842,0.028065731142295255
THR,395,OG1,LYS,393,O,836,0.02786573780873971
LYS,72,NZ,SER,193,OG,835,0.027832405586480452
LEU,15,N,GLY,13,O,828,0.027599080030665645
LYS,72,NZ,GLU,359,OE1,828,0.027599080030665645
SER,193,OG,PHE,189,O,813,0.027099096696776775
HIE,203,NE2,LYS,197,O,801,0.026699110029665678
ALA,215,N,GLU,212,O,793,0.026432452251591614
GLN,345,NE2,THR,347,OG1,791,0.026365787807073097
ARG,225,NH1,GLU,222,OE1,785,0.02616579447351755
ARG,112,NH1,GLU,116,OE1,766,0.025532482250591647
SER,276,OG,GLU,273,OE1,758,0.025265824472517583
GLN,205,NE2,GLN,176,OE1,754,0.02513249558348055
LYS,111,NZ,PHE,107,O,751,0.025032498916702776
LYS,72,NZ,GLU,190,O,750,0.02499916669444352
THR,102,OG1,ASP,106,OD2,748,0.024932502249925003
LYS,158,NZ,HID,224,NE2,748,0.024932502249925003
VAL,61,N,GLU,58,O,747,0.024899170027665743
ARG,70,NH1,HM1,464,O2D,745,0.02483250558314723
GLU,65,N,GLU,65,OE2,743,0.024765841138628713
GLN,176,NE2,ASN,172,O,743,0.024765841138628713
GLN,123,N,GLU,120,O,735,0.02449918336055465
VAL,303,N,ILE,300,O,734,0.02446585113829539
ALA,388,N,ASP,387,OD2,734,0.02446585113829539
GLN,445,NE2,TYR,175,OH,727,0.024232525582480582
ARG,1,NE,LEU,2,O,719,0.02396586780440652
GLY,90,N,ASN,89,OD1,711,0.023699210026332455
SER,433,OG,VAL,435,O,711,0.023699210026332455
HID,224,N,VAL,221,O,710,0.0236658778040732
ARG,459,NE,LYS,133,O,709,0.02363254558181394
GLY,69,N,ILE,342,O,705,0.02349921669277691
SER,348,OG,TYR,352,O,701,0.023365887803739875
GLU,32,N,ARG,29,O,694,0.023132562247925068
PHE,460,N,ALA,135,O,693,0.02309923002566581
ARG,31,NH1,GLY,35,O,686,0.022865904469851005
GLY,71,N,HID,341,NE2,686,0.022865904469851005
ARG,204,NH1,LYS,197,O,686,0.022865904469851005
GLN,258,NE2,ASN,214,OD1,683,0.02276590780307323
SER,193,N,PHE,189,O,679,0.022632578914036198
GLU,299,N,VAL,296,O,679,0.022632578914036198
ARG,159,NH2,GLU,121,OE1,675,0.022499250024999168
SER,68,OG,GLU,65,O,670,0.022332588913702878
ALA,388,N,ASP,387,OD1,666,0.022199260024665844
PHE,255,N,GLU,247,OE1,664,0.022132595580147327
GLY,108,N,THR,102,O,658,0.02193260224659178
GLU,65,N,GLU,65,OE1,653,0.02176594113529549
ARG,29,NH1,GLU,32,OE1,645,0.021499283357221427
MET,337,N,GLY,448,O,640,0.021332622245925137
CYS,124,N,GLU,121,O,636,0.021199293356888103
GLU,190,N,GLY,186,O,632,0.02106596446785107
LYS,317,NZ,ASP,314,OD1,629,0.020965967801073297
GLN,302,N,GLU,299,O,628,0.02093263557881404
ASN,89,ND2,SER,68,OG,627,0.02089930335655478
TYR,216,OH,GLU,166,O,625,0.020832638912036266
PHE,185,N,SER,183,OG,624,0.020799306689777006
ARG,31,NH1,ASP,36,OD1,621,0.020699310022999233
LEU,60,N,ARG,57,O,621,0.020699310022999233
ASN,261,ND2,HIE,257,NE2,618,0.02059931335622146
ASP,333,N,ARG,330,O,617,0.020565981133962203
ARG,57,NH2,GLU,396,O,612,0.020399320022665913
GLU,212,N,ASN,209,O,611,0.020365987800406653
LYS,376,N,GLU,375,OE2,604,0.020132662244591846
ILE,73,N,ASP,77,OD2,603,0.02009933002233259
ARG,29,NH1,GLU,32,OE2,601,0.020032665577814072
LYS,223,NZ,GLU,226,OE1,600,0.019999333355554816
ASN,89,ND2,SER,68,O,598,0.0199326689110363
LYS,405,NZ,SER,68,OG,597,0.019899336688777042
ILE,73,N,GLY,71,O,595,0.019832672244258526
LYS,376,N,GLU,375,OE1,594,0.019799340021999266
LYS,208,NZ,GLU,212,OE2,593,0.01976600779974001
GLY,157,N,ILE,154,O,590,0.019666011132962236
GLU,245,N,LEU,242,O,585,0.019499350021665945
ARG,81,NH1,PHE,79,O,584,0.019466017799406685
SER,253,N,HIE,252,ND1,584,0.019466017799406685
ALA,135,N,LEU,129,O,582,0.019399353354888172
ARG,295,NE,GLU,294,OE2,581,0.019366021132628912
SER,68,OG,THR,344,OG1,580,0.019332688910369655
ARG,350,NH1,ASP,36,OD2,577,0.019232692243591882
ARG,280,NH1,GLU,273,OE2,569,0.018966034465517815
ASN,250,ND2,HIE,252,O,568,0.01893270224325856
GLN,119,NE2,GLU,115,OE2,565,0.018832705576480785
CM1,408,N,PHE,401,O,560,0.018666044465184495
ARG,81,NH1,ASP,77,OD1,559,0.018632712242925235
THR,103,N,SER,100,O,559,0.018632712242925235
ARG,70,NH1,VAL,85,O,555,0.018499383353888205
ASN,172,ND2,GLN,176,NE2,553,0.018432718909369688
LEU,312,N,GLU,115,OE2,552,0.01839938668711043
LYS,405,NZ,PHE,67,O,551,0.01836605446485117
GLN,163,NE2,TYR,162,O,549,0.018299390020332654
GLU,226,N,LYS,223,O,547,0.01823272557581414
LYS,393,NZ,ASP,383,O,547,0.01823272557581414
SER,26,OG,LEU,23,O,546,0.01819939335355488
LYS,158,NZ,ARG,159,O,546,0.01819939335355488
ARG,406,NE,HID,341,NE2,546,0.01819939335355488
LYS,393,NZ,ASP,387,OD1,542,0.01806606446451785
SER,256,OG,GLN,258,OE1,538,0.017932735575480818
ASN,259,ND2,TYR,240,OH,537,0.01789940335322156
GLN,345,NE2,THR,344,OG1,536,0.0178660711309623
MET,104,N,VAL,101,O,535,0.017832738908703044
ARG,295,NH2,GLU,294,OE1,533,0.017766074464184527
LYS,25,NZ,ASP,19,OD1,530,0.017666077797406754
GLY,22,N,ASP,19,OD1,524,0.017466084463851204
ILE,407,N,HM1,464,O1D,517,0.0172327589080364
ARG,159,NH1,GLU,120,OE1,510,0.016999433352221593
GLU,166,N,GLU,166,OE2,503,0.016766107796406787
ARG,159,NH1,GLU,120,OE2,500,0.016666111129629013
SER,430,OG,GLU,294,OE1,498,0.016599446685110496
GLU,166,N,GLU,166,OE1,495,0.016499450018332723
LYS,208,NZ,GLU,212,OE1,495,0.016499450018332723
ARG,308,NH2,PRO,309,O,483,0.016099463351221626
PHE,460,N,GLY,134,O,479,0.015966134462184593
LYS,63,NZ,THR,347,OG1,477,0.01589947001766608
GLN,163,N,HIE,161,O,476,0.01586613779540682
LYS,246,NZ,HID,243,NE2,475,0.015832805573147563
ARG,350,NH2,GLU,54,OE2,469,0.015632812239592012
ARG,57,NH2,TYR,373,OH,468,0.015599480017332756
TYR,83,OH,GLU,254,OE1,467,0.015566147795073497
LYS,405,NZ,ALA,64,O,467,0.015566147795073497
ARG,130,N,GLU,127,O,462,0.015399486683777207
ARG,350,NH2,GLU,54,OE1,460,0.015332822239258692
LYS,393,NZ,ASP,387,OD2,459,0.015299490016999434
LYS,223,NZ,GLU,226,OE2,454,0.015132828905703144
THR,395,OG1,TYR,373,OH,454,0.015132828905703144
ARG,308,NH2,GLU,311,OE2,448,0.014932835572147595
LEU,196,N,SER,193,O,445,0.014832838905369822
ARG,204,N,HIE,203,ND1,445,0.014832838905369822
GLY,22,N,ASP,19,OD2,444,0.014799506683110563
ARG,308,NH2,GLU,311,OE1,443,0.014766174460851305
HID,341,ND1,VAL,339,O,441,0.014699510016332788
ASP,333,N,GLN,329,O,439,0.014632845571814273
ARG,57,NH1,GLU,396,OE1,436,0.014532848905036498
ARG,1,NH1,LEU,2,O,432,0.014399520015999466
ILE,73,N,ASP,77,OD1,432,0.014399520015999466
GLU,128,N,LEU,125,O,425,0.014166194460184661
TYR,83,OH,GLU,254,OE2,422,0.014066197793406886
ARG,117,NE,SER,113,O,422,0.014066197793406886
ARG,7,NH1,PRO,8,O,415,0.013832872237592081
THR,344,OG1,SER,68,OG,413,0.013766207793073564
ARG,98,NH2,ASP,106,OD2,411,0.013699543348555047
LEU,362,N,MET,337,O,411,0.013699543348555047
ARG,57,NH1,GLU,396,OE2,407,0.013566214459518016
GLN,165,NE2,GLU,166,OE2,407,0.013566214459518016
LEU,142,N,PRO,139,O,400,0.01333288890370321
ARG,350,NH1,GLU,54,OE1,399,0.013299556681443952
GLN,165,NE2,GLU,166,OE1,398,0.013266224459184694
TYR,456,N,PRO,454,O,395,0.01316622779240692
ARG,29,N,SER,26,O,394,0.013132895570147662
PHE,80,N,ASP,77,O,394,0.013132895570147662
ARG,295,NH2,GLU,294,OE2,393,0.013099563347888404
THR,39,OG1,PHE,38,O,392,0.013066231125629145
ARG,57,NH2,GLU,396,OE2,391,0.013032898903369887
ARG,105,NH1,GLU,411,OE2,390,0.01299956668111063
ARG,459,NH1,PHE,460,O,389,0.012966234458851372
ARG,225,NH2,HIE,257,ND1,384,0.012799573347555082
GLN,302,NE2,GLU,301,OE2,384,0.012799573347555082
HID,243,N,TYR,240,O,383,0.012766241125295823
LYS,158,N,PHE,156,O,381,0.012699576680777307
PHE,199,N,PHE,195,O,377,0.012566247791740275
LEU,287,N,LEU,284,O,377,0.012566247791740275
ARG,459,NH2,GLY,134,O,374,0.012466251124962502
ALA,64,N,ASP,62,O,372,0.012399586680443985
ARG,81,NH1,TYR,207,OH,372,0.012399586680443985
GLN,258,NE2,TYR,83,OH,372,0.012399586680443985
VAL,435,N,SER,433,O,371,0.012366254458184726
ARG,315,NH2,ARG,415,O,367,0.012232925569147695
ARG,20,NH1,LEU,15,O,366,0.012199593346888436
LYS,111,N,MET,109,O,366,0.012199593346888436
ARG,225,N,GLU,222,O,366,0.012199593346888436
SER,402,OG,HM1,464,O2A,366,0.012199593346888436
ASN,214,ND2,ASN,214,O,365,0.01216626112462918
ARG,1,NH2,GLY,351,O,363,0.012099596680110663
ARG,81,NH2,TYR,207,OH,362,0.012066264457851405
GLN,302,NE2,GLU,301,OE1,358,0.011932935568814373
GLN,119,NE2,GLN,119,O,357,0.011899603346555114
SER,132,N,GLU,128,O,357,0.011899603346555114
LYS,208,NZ,GLN,211,OE1,355,0.0118329389020366
GLY,35,N,PHE,30,O,350,0.01166627779074031
ARG,280,NH1,THR,277,OG1,350,0.01166627779074031
ARG,406,N,LEU,403,O,350,0.01166627779074031
HIE,161,NE2,GLN,163,OE1,348,0.011599613346221792
GLN,345,NE2,ALA,66,O,345,0.011499616679444019
GLY,404,N,SER,402,O,343,0.011432952234925502
ARG,225,NH1,GLU,226,OE2,342,0.011399620012666244
SER,402,N,PRO,400,O,341,0.011366287790406986
ARG,31,N,LEU,28,O,340,0.011332955568147729
LEU,12,N,LEU,9,O,335,0.011166294456851439
ARG,280,NH2,GLU,273,OE1,335,0.011166294456851439
PHE,107,N,THR,102,O,333,0.011099630012332922
ARG,315,NH1,ARG,415,O,332,0.011066297790073664
ARG,1,NH1,GLY,351,O,331,0.011032965567814405
SER,430,OG,GLU,294,OE2,330,0.010999633345555149
LYS,197,NZ,GLY,194,O,329,0.01096630112329589
ARG,225,NH1,GLU,226,OE1,327,0.010899636678777374
ASN,259,ND2,TYR,83,O,327,0.010899636678777374
ALA,391,N,ASP,387,OD2,326,0.010866304456518115
ARG,204,NH1,PHE,199,O,324,0.0107996400119996
GLU,254,N,GLU,247,OE2,324,0.0107996400119996
GLN,119,NE2,GLU,115,OE1,320,0.010666311122962568
GLY,450,N,ILE,181,O,320,0.010666311122962568
LEU,312,N,GLU,115,OE1,319,0.01063297890070331
GLN,345,N,ALA,66,O,313,0.010432985567147762
GLY,43,N,LEU,12,O,311,0.010366321122629247
LYS,246,NZ,GLU,247,OE2,311,0.010366321122629247
LYS,317,NZ,ASP,314,OD2,310,0.010332988900369988
ARG,1,NE,GLY,351,O,309,0.01029965667811073
ALA,135,N,LYS,131,O,309,0.01029965667811073
PHE,107,N,MET,104,O,308,0.010266324455851471
ARG,20,NH1,ARG,20,O,305,0.010166327789073698
ARG,204,NH2,TYR,198,O,305,0.010166327789073698
LYS,133,N,ARG,130,O,303,0.010099663344555181
ARG,350,NH1,ASP,36,OD1,300,0.009999666677777408
SER,430,OG,LEU,461,O,300,0.009999666677777408
PHE,107,N,ARG,105,O,298,0.009933002233258891
GLN,211,NE2,GLN,211,O,295,0.009833005566481118
THR,239,OG1,LEU,236,O,294,0.00979967334422186
SER,26,N,LEU,23,O,292,0.009733008899703343
GLY,412,N,LEU,409,O,291,0.009699676677444086
THR,272,N,PHE,269,O,289,0.00963301223292557
GLN,211,NE2,ASN,214,OD1,288,0.009599680010666311
GLN,123,NE2,GLU,120,O,286,0.009533015566147796
ARG,81,NH2,PRO,78,O,285,0.009499683343888538
ARG,117,N,VAL,114,O,285,0.009499683343888538
LYS,223,NZ,HIE,219,ND1,285,0.009499683343888538
PHE,255,N,GLU,247,OE2,284,0.00946635112162928
LYS,394,NZ,TYR,326,OH,281,0.009366354454851506
ARG,350,NH1,GLU,54,OE2,280,0.009333022232592247
SER,113,OG,GLU,116,OE1,276,0.009199693343555216
ARG,159,NH2,GLU,120,OE2,276,0.009199693343555216
LYS,131,NZ,GLU,127,OE2,275,0.009166361121295957
GLY,84,N,PHE,80,O,274,0.009133028899036699
GLY,134,N,SER,132,OG,274,0.009133028899036699
THR,147,OG1,THR,272,O,274,0.009133028899036699
SER,132,N,LEU,129,O,273,0.00909969667677744
ARG,295,NH1,HIE,291,O,273,0.00909969667677744
ARG,112,NH2,SER,153,OG,269,0.008966367787740409
ARG,130,NH2,ASN,428,OD1,268,0.00893303556548115
ARG,7,NH2,GLY,5,O,266,0.008866371120962635
TYR,162,N,HIE,161,ND1,266,0.008866371120962635
LYS,393,NZ,LEU,386,O,265,0.008833038898703377
GLU,120,N,ARG,117,O,264,0.008799706676444119
HIE,372,NE2,ASP,36,OD2,263,0.00876637445418486
HIE,257,NE2,GLU,222,OE1,261,0.008699710009666345
ASN,381,ND2,ALA,379,O,260,0.008666377787407087
LYS,223,N,SER,220,O,259,0.008633045565147828
HIE,257,NE2,GLU,222,OE2,258,0.00859971334288857
SER,113,OG,GLU,116,OE2,257,0.008566381120629312
PHE,107,N,THR,103,O,253,0.00843305223159228
ASN,172,ND2,GLN,176,OE1,253,0.00843305223159228
THR,358,N,VAL,343,O,252,0.008399720009333022
LYS,394,NZ,GLU,322,OE1,251,0.008366387787073765
HIE,307,N,ILE,304,O,250,0.008333055564814507
ARG,308,N,HIE,307,ND1,247,0.008233058898036731
LYS,223,NZ,HIE,219,O,246,0.008199726675777475
LYS,94,NZ,ASN,91,OD1,245,0.008166394453518216
ARG,45,N,GLY,43,O,243,0.0080997300089997
SER,183,N,SER,179,O,243,0.0080997300089997
LYS,131,NZ,GLU,127,OE1,242,0.008066397786740441
TYR,240,OH,ASN,259,OD1,242,0.008066397786740441
SER,220,OG,ILE,217,O,241,0.008033065564481185
THR,39,OG1,PRO,4,O,240,0.007999733342221926
LYS,234,N,ALA,232,O,240,0.007999733342221926
SER,256,OG,ASN,259,OD1,240,0.007999733342221926
ARG,159,NH1,HIE,161,ND1,239,0.007966401119962668
ARG,159,NH2,GLU,120,OE1,239,0.007966401119962668
HIE,372,NE2,ASP,36,OD1,238,0.00793306889770341
SER,68,OG,PHE,67,O,237,0.007899736675444151
HIE,219,N,TYR,216,O,236,0.007866404453184895
LEU,191,N,GLN,187,O,235,0.007833072230925636
SER,183,OG,GLU,446,OE2,233,0.0077664077864071195
ALA,135,N,SER,132,OG,230,0.007666411119629346
ALA,232,N,ASP,229,OD1,229,0.007633078897370088
TRP,93,N,GLY,90,O,227,0.007566414452851572
ARG,98,NH2,ASP,106,OD1,227,0.007566414452851572
ASN,172,ND2,ASN,172,O,227,0.007566414452851572
ILE,118,N,GLU,115,O,226,0.0075330822305923134
SER,68,OG,ALA,66,O,225,0.007499750008333056
GLN,123,NE2,GLN,123,O,225,0.007499750008333056
ARG,29,NH1,GLN,17,O,223,0.007433085563814539
GLY,134,N,ARG,130,O,223,0.007433085563814539
THR,395,OG1,HIP,384,O,223,0.007433085563814539
LYS,72,NZ,ARG,70,O,221,0.007366421119296023
LYS,248,NZ,GLU,245,O,221,0.007366421119296023
ARG,308,NH1,HIE,307,ND1,220,0.007333088897036766
ARG,225,NH1,HIE,257,ND1,219,0.0072997566747775074
ARG,280,NH2,GLU,273,OE2,219,0.0072997566747775074
ALA,391,N,ASP,387,OD1,218,0.007266424452518249
TYR,281,OH,LYS,451,O,217,0.0072330922302589916
ARG,31,NH1,ASP,36,OD2,216,0.007199760007999733
LYS,393,NZ,THR,395,OG1,216,0.007199760007999733
LYS,63,NZ,GLU,58,O,215,0.007166427785740476
GLY,108,N,ASP,106,OD1,211,0.007033098896703443
SER,249,OG,ASN,250,OD1,210,0.0069997666744441855
PHE,174,N,LEU,171,O,209,0.006966434452184927
SER,68,N,ALA,64,O,208,0.006933102229925669
ARG,295,NE,GLU,294,OE1,205,0.006833105563147895
GLN,345,NE2,HIE,346,O,202,0.006733108896370121
GLN,165,NE2,GLN,165,O,199,0.006633112229592347
VAL,184,N,GLU,446,OE1,195,0.006499783340555315
LEU,173,N,MET,170,O,194,0.006466451118296057
ARG,330,NE,GLU,327,OE1,194,0.006466451118296057
LYS,63,N,ALA,59,O,193,0.006433118896036798
LYS,394,NZ,GLU,396,OE1,193,0.006433118896036798
ARG,21,NH1,CYS,447,O,192,0.006399786673777541
LYS,197,NZ,TYR,198,OH,192,0.006399786673777541
SER,253,OG,GLU,247,O,192,0.006399786673777541
LEU,364,N,PRO,336,O,192,0.006399786673777541
ARG,57,NH2,GLU,396,OE1,191,0.0063664544515182825
ALA,59,N,ILE,56,O,190,0.006333122229259025
THR,147,N,GLN,144,O,190,0.006333122229259025
LYS,394,NZ,GLU,396,OE2,189,0.006299790006999767
ARG,57,NH1,GLU,396,O,187,0.006233125562481251
GLN,123,NE2,GLN,119,OE1,186,0.006199793340221992
HIE,291,N,HIE,291,ND1,185,0.006166461117962735
LYS,317,N,HIE,313,O,185,0.006166461117962735
MET,337,N,VAL,449,O,185,0.006166461117962735
ARG,20,NH2,LEU,15,O,184,0.0061331288957034765
LYS,33,NZ,TYR,34,OH,183,0.006099796673444218
PHE,30,N,PHE,27,O,182,0.006066464451184961
MET,75,N,GLU,190,OE2,182,0.006066464451184961
ARG,463,NE,PHE,429,O,182,0.006066464451184961
HIE,252,N,ASN,250,ND2,181,0.006033132228925702
SER,68,N,ALA,66,O,179,0.005966467784407186
GLN,445,NE2,GLU,446,OE1,178,0.005933135562147928
GLU,116,N,GLU,115,OE1,176,0.005866471117629412
ARG,45,NE,GLU,190,OE2,171,0.005699810006333122
ARG,20,NH1,VAL,18,O,170,0.0056664777840738645
ARG,459,NH1,LYS,133,O,169,0.005633145561814606
ASN,149,ND2,GLU,121,OE1,168,0.005599813339555348
SER,220,N,ILE,217,O,168,0.005599813339555348
GLN,258,NE2,GLN,258,O,168,0.005599813339555348
THR,147,OG1,GLN,144,O,167,0.00556648111729609
ALA,379,N,PRO,377,O,165,0.005499816672777574
LYS,451,NZ,TYR,281,OH,165,0.005499816672777574
GLU,121,N,ILE,118,O,164,0.005466484450518316
ARG,81,NH1,GLN,258,NE2,162,0.0053998200059998
GLY,108,N,ASP,106,OD2,162,0.0053998200059998
TYR,240,N,ILE,237,O,162,0.0053998200059998
ASN,261,ND2,GLN,258,OE1,159,0.005299823339222026
GLY,134,N,SER,132,O,158,0.0052664911169627675
GLN,119,NE2,GLU,116,OE1,157,0.00523315889470351
SER,153,N,ILE,150,O,157,0.00523315889470351
SER,430,OG,PRO,462,O,157,0.00523315889470351
GLU,116,N,GLU,115,OE2,156,0.005199826672444252
ARG,57,NH1,TYR,373,OH,155,0.005166494450184994
GLN,17,N,GLN,17,OE1,154,0.005133162227925736
ASN,91,ND2,HIE,252,O,150,0.004999833338888704
GLN,345,NE2,THR,344,O,148,0.004933168894370188
LYS,356,NZ,GLN,345,OE1,148,0.004933168894370188
ARG,105,NH1,GLU,411,OE1,146,0.004866504449851671
ASN,259,N,SER,256,O,146,0.004866504449851671
ARG,308,N,GLN,427,NE2,145,0.004833172227592414
HIP,384,NE2,LYS,376,O,145,0.004833172227592414
LYS,25,NZ,ARG,21,O,142,0.00473317556081464
GLN,445,NE2,GLU,446,OE2,142,0.00473317556081464
SER,68,N,THR,344,OG1,141,0.004699843338555381
ARG,98,NE,ARG,98,O,141,0.004699843338555381
GLN,176,NE2,GLN,176,O,141,0.004699843338555381
GLN,258,NE2,HIE,257,ND1,140,0.004666511116296124
ASN,261,ND2,GLY,218,N,140,0.004666511116296124
ILE,213,N,LEU,210,O,139,0.004633178894036865
ARG,295,NE,HIE,291,O,139,0.004633178894036865
SER,332,OG,GLN,329,O,138,0.004599846671777608
ARG,21,NH1,ARG,21,O,137,0.0045665144495183494
ARG,105,N,ASP,106,O,137,0.0045665144495183494
LYS,169,NZ,ASN,172,OD1,137,0.0045665144495183494
ALA,232,N,ASP,229,OD2,137,0.0045665144495183494
ARG,308,N,GLY,305,O,137,0.0045665144495183494
ARG,21,NH1,GLU,446,OE2,136,0.004533182227259091
SER,68,N,GLU,65,O,136,0.004533182227259091
ARG,225,NE,GLU,226,OE1,135,0.0044998500049998336
HIE,313,NE2,GLU,311,OE2,135,0.0044998500049998336
GLU,375,N,GLU,375,OE2,135,0.0044998500049998336
ARG,159,NE,GLU,121,OE2,133,0.004433185560481318
LYS,394,NZ,GLU,322,OE2,133,0.004433185560481318
ASN,209,ND2,LEU,173,O,132,0.004399853338222059
HIE,313,NE2,GLU,311,OE1,131,0.004366521115962801
LYS,234,NZ,MET,109,O,130,0.004333188893703543
LYS,223,NZ,THR,227,OG1,129,0.004299856671444285
GLN,187,NE2,ARG,20,O,128,0.0042665244491850276
LYS,246,NZ,LEU,242,O,127,0.004233192226925769
ASN,259,ND2,GLU,254,OE2,126,0.004199860004666511
ARG,204,NE,PHE,199,O,125,0.004166527782407253
THR,455,N,GLN,445,NE2,125,0.004166527782407253
ASN,259,ND2,SER,256,OG,124,0.004133195560147995
SER,68,OG,GLU,65,OE2,123,0.004099863337888737
TYR,207,OH,PRO,78,O,123,0.004099863337888737
GLN,345,NE2,GLU,65,OE2,123,0.004099863337888737
GLN,123,NE2,GLU,120,OE2,122,0.004066531115629479
SER,132,OG,LEU,129,O,122,0.004066531115629479
TYR,373,OH,GLU,396,OE1,122,0.004066531115629479
GLU,375,N,GLU,375,OE1,122,0.004066531115629479
ARG,117,NH1,ARG,112,O,119,0.003966534448851705
ARG,81,N,PRO,78,O,117,0.003899870004333189
ARG,225,NH1,GLU,245,OE1,117,0.003899870004333189
THR,347,OG1,SER,348,O,117,0.003899870004333189
LEU,368,N,SER,365,O,117,0.003899870004333189
ARG,31,NH1,ARG,31,O,115,0.003833205559814673
ASP,229,N,ASP,238,OD1,115,0.003833205559814673
THR,358,OG1,LYS,356,O,115,0.003833205559814673
ARG,70,N,ASN,89,ND2,113,0.0037665411152961567
VAL,155,N,CYS,152,O,113,0.0037665411152961567
ARG,204,NH1,TYR,198,O,113,0.0037665411152961567
THR,272,OG1,THR,147,OG1,113,0.0037665411152961567
PHE,107,N,ASP,106,OD1,112,0.0037332088930368988
LYS,246,NZ,GLU,247,OE1,112,0.0037332088930368988
LEU,28,N,LYS,25,O,107,0.0035665477817406087
SER,68,OG,GLU,65,OE1,107,0.0035665477817406087
ARG,98,NH2,HID,243,NE2,107,0.0035665477817406087
LEU,236,N,VAL,155,O,107,0.0035665477817406087
TYR,373,N,ASP,370,OD1,107,0.0035665477817406087
ASN,250,ND2,HIE,252,ND1,106,0.0035332155594813507
ASN,428,ND2,GLN,427,OE1,106,0.0035332155594813507
GLY,84,N,GLY,82,O,105,0.0034998833372220928
ARG,21,NE,ARG,21,O,104,0.0034665511149628344
GLN,345,NE2,GLU,65,OE1,104,0.0034665511149628344
GLN,119,NE2,GLU,116,OE2,103,0.0034332188927035765
ARG,406,NH2,HID,341,NE2,103,0.0034332188927035765
ARG,21,NH2,CYS,447,O,102,0.0033998866704443185
GLY,201,N,PHE,199,O,102,0.0033998866704443185
ARG,21,NH1,ASP,19,OD2,101,0.0033665544481850606
TYR,198,OH,GLY,194,O,101,0.0033665544481850606
ASN,214,ND2,GLN,211,O,101,0.0033665544481850606
TYR,216,OH,GLU,212,OE1,101,0.0033665544481850606
GLN,187,NE2,VAL,184,O,100,0.0033332222259258026
GLN,302,NE2,GLN,302,O,100,0.0033332222259258026
ARG,463,NH1,LEU,426,O,100,0.0033332222259258026
ASN,259,ND2,GLU,254,OE1,99,0.0032998900036665443
LYS,288,NZ,GLU,438,O,99,0.0032998900036665443
ARG,406,NH1,TRP,93,NE1,99,0.0032998900036665443
GLN,123,NE2,GLU,120,OE1,98,0.0032665577814072863
SER,256,OG,GLU,254,O,98,0.0032665577814072863
ARG,31,NH2,GLU,32,OE1,97,0.0032332255591480284
LYS,288,NZ,GLU,438,OE1,97,0.0032332255591480284
LYS,288,NZ,GLU,438,OE2,97,0.0032332255591480284
HID,341,ND1,ILE,342,O,97,0.0032332255591480284
ARG,20,NH2,VAL,18,O,96,0.0031998933368887704
GLN,258,NE2,ASN,259,OD1,96,0.0031998933368887704
LEU,260,N,HIE,257,O,96,0.0031998933368887704
ARG,21,NH1,ASP,19,OD1,95,0.0031665611146295125
LEU,23,N,GLN,187,NE2,95,0.0031665611146295125
HIE,372,NE2,GLU,54,OE1,95,0.0031665611146295125
ARG,21,NH2,GLU,446,OE1,94,0.003133228892370254
SER,220,OG,VAL,155,O,94,0.003133228892370254
ASN,261,ND2,ASN,261,O,94,0.003133228892370254
PHE,380,N,TYR,289,OH,94,0.003133228892370254
GLN,427,NE2,HIE,307,O,94,0.003133228892370254
GLN,445,N,PRO,453,O,94,0.003133228892370254
ARG,57,NE,GLU,396,OE2,92,0.0030665644478517383
GLN,119,NE2,GLN,123,OE1,92,0.0030665644478517383
HIE,203,N,HIE,203,ND1,92,0.0030665644478517383
SER,253,OG,PHE,255,O,92,0.0030665644478517383
LYS,288,N,LEU,285,O,92,0.0030665644478517383
MET,109,N,PHE,107,O,91,0.0030332322255924803
LEU,180,N,THR,177,O,91,0.0030332322255924803
GLN,211,NE2,TYR,207,O,91,0.0030332322255924803
ARG,105,NH2,LEU,409,O,90,0.0029999000033332224
LYS,131,N,LEU,129,O,90,0.0029999000033332224
SER,183,OG,GLU,446,OE1,90,0.0029999000033332224
THR,227,OG1,HID,224,O,90,0.0029999000033332224
ARG,298,NH1,GLU,294,O,90,0.0029999000033332224
ARG,98,NH1,THR,102,OG1,89,0.002966567781073964
ASN,261,ND2,HIE,257,ND1,89,0.002966567781073964
PHE,374,N,PRO,371,O,89,0.002966567781073964
ARG,308,NH2,VAL,303,O,88,0.002933235558814706
LYS,169,NZ,GLN,165,O,87,0.002899903336555448
ARG,295,NH1,TYR,320,OH,87,0.002899903336555448
THR,39,OG1,VAL,47,O,86,0.00286657111429619
ARG,98,NE,THR,102,OG1,86,0.00286657111429619
GLN,119,NE2,GLU,116,O,86,0.00286657111429619
ASN,259,ND2,ASN,259,O,86,0.00286657111429619
HID,341,ND1,PHE,67,O,86,0.00286657111429619
LYS,169,N,GLU,166,O,85,0.0028332388920369322
ASN,172,ND2,LYS,169,O,85,0.0028332388920369322
HIE,372,NE2,GLU,54,OE2,85,0.0028332388920369322
ASN,89,ND2,ARG,70,N,84,0.002799906669777674
GLN,205,N,ALA,202,O,84,0.002799906669777674
ARG,31,NE,GLU,32,OE1,83,0.002766574447518416
LYS,248,NZ,MET,244,O,83,0.002766574447518416
ARG,308,NE,PRO,309,O,83,0.002766574447518416
TYR,326,OH,GLU,322,OE1,83,0.002766574447518416
LEU,23,N,ARG,21,O,82,0.002733242225259158
GLN,163,NE2,HIE,161,ND1,82,0.002733242225259158
GLN,205,NE2,PRO,200,O,82,0.002733242225259158
ARG,225,NH2,HIE,257,NE2,82,0.002733242225259158
GLY,412,N,GLU,411,OE2,82,0.002733242225259158
GLN,445,NE2,GLN,445,O,82,0.002733242225259158
ARG,204,NE,LYS,197,O,81,0.0026999100029999
ARG,459,NH2,SER,132,O,81,0.0026999100029999
GLU,127,N,CYS,124,O,80,0.002666577780740642
SER,179,OG,GLN,176,O,80,0.002666577780740642
ARG,81,NH1,ASP,77,OD2,79,0.0026332455584813837
ARG,406,NE,GLY,69,O,79,0.0026332455584813837
ASP,106,N,THR,103,O,78,0.002599913336222126
SER,253,OG,ASN,250,O,78,0.002599913336222126
ARG,415,N,GLY,412,O,77,0.002566581113962868
TYR,34,N,ARG,31,O,76,0.00253324889170361
SER,68,OG,ILE,342,O,76,0.00253324889170361
ILE,151,N,ALA,148,O,76,0.00253324889170361
ARG,31,NH2,GLU,32,OE2,75,0.002499916669444352
LEU,284,N,TYR,281,O,75,0.002499916669444352
ARG,117,NH2,SER,153,O,74,0.002466584447185094
HIE,161,NE2,GLU,128,OE2,73,0.0024332522249258357
GLN,345,NE2,GLN,345,O,72,0.0023999200026665777
ALA,251,N,ASN,250,OD1,71,0.00236658778040732
GLY,22,N,ARG,20,O,70,0.002333255558148062
LYS,33,NZ,GLU,32,OE2,70,0.002333255558148062
THR,347,OG1,HIE,346,O,70,0.002333255558148062
LYS,405,NZ,SER,68,O,70,0.002333255558148062
LYS,33,NZ,GLU,32,OE1,69,0.002299923335888804
LYS,158,NZ,SER,220,OG,69,0.002299923335888804
GLN,187,NE2,SER,182,O,69,0.002299923335888804
LYS,393,NZ,LYS,394,O,69,0.002299923335888804
LYS,131,NZ,GLU,128,O,68,0.0022665911136295455
PHE,160,N,ASN,149,ND2,68,0.0022665911136295455
GLN,211,NE2,LYS,208,O,68,0.0022665911136295455
ARG,308,NH2,ILE,304,O,68,0.0022665911136295455
LYS,405,NZ,ASN,89,OD1,68,0.0022665911136295455
ARG,45,NH1,GLU,190,OE2,67,0.0022332588913702876
TYR,83,OH,GLN,258,OE1,67,0.0022332588913702876
GLN,163,NE2,ASP,164,OD2,67,0.0022332588913702876
ARG,159,NH2,HIE,161,ND1,66,0.0021999266691110297
GLN,258,N,HIE,257,ND1,66,0.0021999266691110297
ASN,261,N,GLN,258,O,66,0.0021999266691110297
GLY,390,N,ASP,387,OD2,66,0.0021999266691110297
ILE,73,N,GLU,359,OE1,64,0.0021332622245925138
ARG,225,NE,GLU,226,OE2,64,0.0021332622245925138
ARG,29,NH1,LYS,25,O,63,0.0020999300023332554
PHE,107,N,ASP,106,OD2,63,0.0020999300023332554
LYS,169,NZ,GLN,165,OE1,63,0.0020999300023332554
VAL,206,N,HIE,203,O,63,0.0020999300023332554
ASN,263,ND2,TYR,240,OH,61,0.0020332655578147395
LYS,394,N,LEU,392,O,61,0.0020332655578147395
ARG,21,NH2,GLU,446,OE2,60,0.0019999333355554816
ALA,74,N,LYS,72,O,60,0.0019999333355554816
ALA,135,N,LYS,133,O,60,0.0019999333355554816
GLY,351,N,SER,348,O,60,0.0019999333355554816
ASN,389,N,ASP,387,O,60,0.0019999333355554816
PHE,27,N,LEU,24,O,59,0.0019666011132962236
ARG,57,NE,GLU,396,OE1,59,0.0019666011132962236
ASP,77,N,ALA,74,O,59,0.0019666011132962236
GLU,58,N,ALA,55,O,58,0.0019332688910369655
GLY,338,N,VAL,449,O,58,0.0019332688910369655
ARG,415,NH2,GLU,411,O,58,0.0019332688910369655
ARG,20,NE,LEU,15,O,57,0.0018999366687777073
ARG,70,NE,HM1,464,O1A,57,0.0018999366687777073
GLN,119,N,GLU,116,O,57,0.0018999366687777073
HIE,161,NE2,GLN,163,NE2,57,0.0018999366687777073
TYR,289,N,MET,286,O,57,0.0018999366687777073
ILE,342,N,PHE,67,O,57,0.0018999366687777073
LYS,356,N,HIE,346,NE2,57,0.0018999366687777073
ILE,425,N,PHE,422,O,57,0.0018999366687777073
VAL,449,N,ILE,181,O,57,0.0018999366687777073
LYS,451,NZ,ASP,333,O,57,0.0018999366687777073
ARG,57,NE,ASP,62,OD2,56,0.0018666044465184494
ARG,81,NH2,GLN,211,OE1,56,0.0018666044465184494
LYS,234,NZ,GLY,110,O,56,0.0018666044465184494
ARG,350,NH2,GLU,54,O,56,0.0018666044465184494
HIE,41,NE2,PRO,10,O,55,0.0018332722242591915
GLN,165,NE2,GLN,163,OE1,55,0.0018332722242591915
HID,341,ND1,HM1,464,O2A,55,0.0018332722242591915
ALA,397,N,TYR,373,OH,55,0.0018332722242591915
ARG,415,NE,GLU,411,O,55,0.0018332722242591915
PHE,107,N,ARG,105,N,54,0.0017999400019999333
ARG,225,NH1,GLU,245,OE2,54,0.0017999400019999333
TYR,373,OH,GLU,396,OE2,54,0.0017999400019999333
SER,26,OG,GLN,17,O,53,0.0017666077797406754
GLN,123,NE2,GLU,127,OE2,53,0.0017666077797406754
TYR,240,OH,ASN,259,O,53,0.0017666077797406754
THR,344,OG1,ILE,342,O,53,0.0017666077797406754
GLY,412,N,GLU,411,OE1,53,0.0017666077797406754
SER,153,OG,GLY,157,O,52,0.0017332755574814172
ARG,280,NH2,THR,277,OG1,52,0.0017332755574814172
SER,68,OG,ALA,64,O,51,0.0016999433352221593
ARG,105,N,THR,103,O,51,0.0016999433352221593
SER,249,OG,GLU,245,O,51,0.0016999433352221593
GLU,359,N,GLU,359,OE2,51,0.0016999433352221593
THR,366,OG1,CYS,51,O,51,0.0016999433352221593
TYR,373,N,ASP,370,OD2,51,0.0016999433352221593
ARG,7,NH1,GLY,5,O,50,0.0016666111129629013
ASN,14,ND2,ARG,7,O,50,0.0016666111129629013
ARG,98,NH1,ASP,106,OD2,50,0.0016666111129629013
LYS,288,NZ,TYR,289,OH,50,0.0016666111129629013
ARG,1,NH2,LEU,2,O,49,0.0016332788907036432
THR,102,N,PHE,99,O,49,0.0016332788907036432
LYS,111,NZ,GLY,157,O,49,0.0016332788907036432
ASN,209,N,VAL,206,O,49,0.0016332788907036432
SER,276,OG,PHE,143,O,49,0.0016332788907036432
GLY,450,N,GLY,448,O,49,0.0016332788907036432
THR,455,OG1,ASP,138,OD2,49,0.0016332788907036432
GLY,134,N,PHE,460,O,48,0.0015999466684443852
TYR,216,OH,GLU,212,OE2,48,0.0015999466684443852
GLY,390,N,ASP,387,OD1,48,0.0015999466684443852
LYS,234,N,THR,239,OG1,47,0.001566614446185127
ALA,293,N,PRO,290,O,47,0.001566614446185127
TYR,373,OH,THR,395,OG1,47,0.001566614446185127
GLN,427,NE2,PRO,306,O,47,0.001566614446185127
LEU,16,N,ASN,14,O,46,0.0015332822239258691
ARG,117,NH2,SER,153,OG,46,0.0015332822239258691
LYS,208,NZ,ASN,209,OD1,46,0.0015332822239258691
ARG,225,NH2,GLU,245,OE1,46,0.0015332822239258691
TYR,352,N,ARG,350,O,46,0.0015332822239258691
ALA,55,N,GLY,52,O,45,0.0014999500016666112
ARG,130,NH2,GLN,123,OE1,45,0.0014999500016666112
ASN,149,N,ILE,146,O,45,0.0014999500016666112
LYS,169,NZ,TYR,216,OH,45,0.0014999500016666112
ARG,308,NE,ILE,304,O,45,0.0014999500016666112
ARG,31,NE,GLU,32,OE2,44,0.001466617779407353
GLN,258,NE2,HIE,257,NE2,44,0.001466617779407353
LYS,317,NZ,HIE,313,ND1,44,0.001466617779407353
LYS,317,NZ,HIE,313,NE2,44,0.001466617779407353
ARG,415,NE,GLU,411,OE2,44,0.001466617779407353
GLY,69,N,PHE,67,O,43,0.001433285557148095
LYS,111,NZ,PRO,233,O,43,0.001433285557148095
LYS,197,N,PHE,195,O,43,0.001433285557148095
ARG,225,NE,GLU,245,OE2,43,0.001433285557148095
HIE,307,N,HIE,307,ND1,43,0.001433285557148095
GLY,351,N,SER,348,OG,43,0.001433285557148095
ARG,295,NH2,HIE,291,ND1,42,0.001399953334888837
ARG,308,NH2,GLU,116,OE1,42,0.001399953334888837
GLU,359,N,PRO,46,O,42,0.001399953334888837
ASP,383,N,ASN,381,ND2,42,0.001399953334888837
THR,102,OG1,ASP,106,OD1,41,0.001366621112629579
LYS,133,NZ,LYS,131,O,41,0.001366621112629579
THR,275,OG1,GLU,417,OE1,41,0.001366621112629579
ARG,330,NH2,ASP,378,O,41,0.001366621112629579
GLN,457,NE2,TYR,456,O,41,0.001366621112629579
ARG,81,NH2,GLN,258,NE2,40,0.001333288890370321
TYR,207,OH,GLN,211,OE1,40,0.001333288890370321
SER,253,N,ASN,250,OD1,40,0.001333288890370321
ARG,298,NH1,GLN,302,OE1,40,0.001333288890370321
ASN,381,ND2,PHE,380,O,40,0.001333288890370321
LYS,393,NZ,TYR,373,OH,40,0.001333288890370321
HIE,161,NE2,GLU,128,OE1,39,0.001299956668111063
GLN,258,NE2,SER,256,OG,39,0.001299956668111063
LYS,376,NZ,ASP,383,OD2,39,0.001299956668111063
ARG,406,NH2,SER,68,O,39,0.001299956668111063
THR,455,OG1,ASP,138,OD1,39,0.001299956668111063
ILE,126,N,GLN,123,O,38,0.001266624445851805
LYS,197,NZ,SER,193,O,38,0.001266624445851805
SER,266,N,ASN,263,O,38,0.001266624445851805
TYR,281,OH,PHE,331,O,38,0.001266624445851805
ARG,308,NH1,GLU,116,OE1,38,0.001266624445851805
ARG,308,NH2,GLU,116,OE2,38,0.001266624445851805
ASN,381,ND2,GLU,375,OE2,38,0.001266624445851805
ARG,29,NH1,ARG,29,O,37,0.001233292223592547
ARG,29,NH2,SER,26,OG,37,0.001233292223592547
ILE,73,N,GLU,359,OE2,37,0.001233292223592547
GLN,187,NE2,LEU,24,N,37,0.001233292223592547
ARG,1,NH2,PRO,3,O,36,0.0011999600013332889
LYS,33,NZ,ARG,29,O,36,0.0011999600013332889
ARG,81,NE,GLN,258,OE1,36,0.0011999600013332889
ARG,97,NH1,CM1,408,O,36,0.0011999600013332889
GLU,294,N,HIE,291,O,36,0.0011999600013332889
GLN,329,NE2,THR,278,OG1,36,0.0011999600013332889
ARG,350,NH2,ASP,36,OD1,36,0.0011999600013332889
THR,395,OG1,GLU,396,OE1,36,0.0011999600013332889
ARG,159,NH1,GLU,120,O,35,0.001166627779074031
THR,177,N,PHE,174,O,35,0.001166627779074031
GLN,205,NE2,GLN,205,O,35,0.001166627779074031
ASN,250,ND2,HIE,252,NE2,35,0.001166627779074031
ARG,406,N,GLY,404,O,35,0.001166627779074031
GLU,54,N,TYR,373,OH,34,0.0011332955568147728
ARG,70,NH2,GLY,69,O,34,0.0011332955568147728
MET,109,N,LYS,234,O,34,0.0011332955568147728
ASP,238,N,ASP,235,O,34,0.0011332955568147728
TYR,320,N,GLU,299,OE1,34,0.0011332955568147728
VAL,339,N,HID,341,NE2,34,0.0011332955568147728
HID,341,ND1,PRO,340,O,34,0.0011332955568147728
LYS,376,NZ,ASN,381,OD1,34,0.0011332955568147728
PHE,429,N,LEU,426,O,34,0.0011332955568147728
ARG,98,NH1,ASP,106,OD1,33,0.0010999633345555148
LYS,111,NZ,SER,153,OG,33,0.0010999633345555148
GLN,176,NE2,ASN,172,ND2,33,0.0010999633345555148
ARG,225,NH2,GLU,245,OE2,33,0.0010999633345555148
ASN,250,N,LYS,246,O,33,0.0010999633345555148
ARG,295,NE,TYR,320,OH,33,0.0010999633345555148
HIE,313,N,HIE,313,ND1,33,0.0010999633345555148
THR,455,OG1,THR,455,O,33,0.0010999633345555148
ARG,21,NH1,ARG,20,O,32,0.0010666311122962569
LYS,248,NZ,PHE,255,O,32,0.0010666311122962569
ASN,259,N,GLN,258,OE1,32,0.0010666311122962569
GLY,390,N,ALA,388,O,32,0.0010666311122962569
ASN,14,ND2,HIE,41,ND1,31,0.0010332988900369987
VAL,184,N,GLU,446,OE2,31,0.0010332988900369987
GLN,205,NE2,ASN,209,ND2,31,0.0010332988900369987
LEU,242,N,THR,239,O,31,0.0010332988900369987
ARG,295,NH1,HIE,291,ND1,31,0.0010332988900369987
ARG,350,NH2,ASP,36,OD2,31,0.0010332988900369987
GLN,123,NE2,GLU,127,OE1,30,0.0009999666677777408
LYS,131,NZ,GLN,163,NE2,30,0.0009999666677777408
GLU,222,N,HIE,219,O,30,0.0009999666677777408
GLN,457,NE2,ASP,138,N,30,0.0009999666677777408
ASN,89,ND2,GLY,69,O,29,0.0009666344455184827
ARG,97,NH2,CM1,408,O,29,0.0009666344455184827
THR,103,OG1,SER,100,O,29,0.0009666344455184827
ARG,130,NH1,ASN,428,OD1,29,0.0009666344455184827
ARG,204,NH2,PHE,199,O,29,0.0009666344455184827
THR,264,OG1,ASN,261,O,29,0.0009666344455184827
ARG,295,N,VAL,292,O,29,0.0009666344455184827
ARG,295,NH2,GLU,299,OE2,29,0.0009666344455184827
LYS,393,NZ,HIP,384,O,29,0.0009666344455184827
PHE,398,N,GLU,396,O,29,0.0009666344455184827
ARG,415,NH1,TYR,326,OH,29,0.0009666344455184827
GLU,417,N,ALA,414,O,29,0.0009666344455184827
ARG,112,NE,GLU,120,OE2,28,0.0009333022232592247
ARG,117,NH1,SER,113,O,28,0.0009333022232592247
GLN,163,NE2,GLN,163,O,28,0.0009333022232592247
GLN,165,N,GLN,165,NE2,28,0.0009333022232592247
TYR,240,OH,GLU,254,O,28,0.0009333022232592247
ARG,20,NH1,ASP,19,OD2,27,0.0008999700009999666
LYS,63,NZ,ASP,62,O,27,0.0008999700009999666
ARG,81,NH2,TYR,198,OH,27,0.0008999700009999666
GLN,119,NE2,PRO,309,O,27,0.0008999700009999666
GLN,176,NE2,GLN,205,NE2,27,0.0008999700009999666
LEU,228,N,GLU,226,O,27,0.0008999700009999666
LEU,267,N,THR,264,O,27,0.0008999700009999666
PHE,141,N,ASP,138,OD1,26,0.0008666377787407086
GLN,205,NE2,GLY,201,O,26,0.0008666377787407086
THR,227,OG1,GLU,226,OE2,26,0.0008666377787407086
ARG,308,N,ILE,304,O,26,0.0008666377787407086
ASN,381,ND2,GLU,375,OE1,26,0.0008666377787407086
ARG,20,NH1,LEU,16,O,25,0.0008333055564814507
ARG,105,NE,MET,104,O,25,0.0008333055564814507
ASN,250,ND2,SER,253,OG,25,0.0008333055564814507
ASP,370,N,THR,366,O,25,0.0008333055564814507
LYS,393,NZ,LYS,393,O,25,0.0008333055564814507
GLN,445,NE2,SER,179,OG,25,0.0008333055564814507
ARG,81,NH1,ASP,77,O,24,0.0007999733342221926
ARG,92,NH1,ASN,259,OD1,24,0.0007999733342221926
ARG,97,NH1,LYS,405,O,24,0.0007999733342221926
ARG,105,NH1,MET,104,O,24,0.0007999733342221926
PHE,141,N,ASP,138,OD2,24,0.0007999733342221926
LYS,158,NZ,TYR,216,OH,24,0.0007999733342221926
LYS,248,N,HID,243,O,24,0.0007999733342221926
LYS,248,N,LYS,246,O,24,0.0007999733342221926
SER,249,N,GLU,247,O,24,0.0007999733342221926
ARG,298,NH2,GLN,302,OE1,24,0.0007999733342221926
ARG,81,NH1,TYR,198,OH,23,0.0007666411119629346
ASN,91,ND2,ASN,91,O,23,0.0007666411119629346
ARG,98,NH1,GLU,247,OE2,23,0.0007666411119629346
LYS,111,NZ,ILE,154,O,23,0.0007666411119629346
GLN,187,NE2,GLN,187,O,23,0.0007666411119629346
HID,243,ND1,GLU,247,OE1,23,0.0007666411119629346
ASP,357,N,THR,344,O,23,0.0007666411119629346
GLU,359,N,GLU,359,OE1,23,0.0007666411119629346
HIP,384,NE2,GLU,375,OE2,23,0.0007666411119629346
ARG,406,NE,SER,68,O,23,0.0007666411119629346
ARG,21,NH1,GLU,446,OE1,22,0.0007333088897036765
GLY,52,N,ILE,363,O,22,0.0007333088897036765
GLU,65,N,ASP,62,O,22,0.0007333088897036765
GLY,90,N,ASN,89,ND2,22,0.0007333088897036765
ARG,105,NE,VAL,101,O,22,0.0007333088897036765
ARG,130,NH1,GLN,123,OE1,22,0.0007333088897036765
SER,132,OG,LYS,131,O,22,0.0007333088897036765
LYS,158,NZ,GLY,157,O,22,0.0007333088897036765
SER,182,N,SER,179,O,22,0.0007333088897036765
ASN,250,N,LYS,248,O,22,0.0007333088897036765
ARG,330,N,GLU,327,O,22,0.0007333088897036765
THR,395,OG1,GLU,396,OE2,22,0.0007333088897036765
ARG,415,NH2,GLU,322,OE1,22,0.0007333088897036765
ARG,98,NH2,GLU,247,OE1,21,0.0006999766674444185
THR,102,OG1,ASP,106,O,21,0.0006999766674444185
LYS,197,NZ,ASP,77,OD1,21,0.0006999766674444185
PHE,199,N,LYS,197,O,21,0.0006999766674444185
ASN,209,ND2,GLN,176,O,21,0.0006999766674444185
ASN,209,ND2,ASN,209,O,21,0.0006999766674444185
ASN,214,ND2,GLN,211,NE2,21,0.0006999766674444185
ASN,214,ND2,GLN,258,NE2,21,0.0006999766674444185
LYS,223,NZ,HIE,219,NE2,21,0.0006999766674444185
LYS,246,NZ,SER,249,OG,21,0.0006999766674444185
ASN,261,ND2,ASN,214,ND2,21,0.0006999766674444185
THR,277,OG1,GLU,273,OE1,21,0.0006999766674444185
LYS,317,NZ,VAL,303,O,21,0.0006999766674444185
THR,347,OG1,GLN,345,OE1,21,0.0006999766674444185
PHE,419,N,ALA,416,O,21,0.0006999766674444185
ARG,459,NE,PHE,460,O,21,0.0006999766674444185
ARG,463,NH1,PHE,429,O,21,0.0006999766674444185
ARG,45,NH2,LEU,42,O,20,0.0006666444451851605
LYS,63,NZ,SER,348,OG,20,0.0006666444451851605
GLN,119,NE2,GLN,123,NE2,20,0.0006666444451851605
GLN,123,NE2,GLN,119,NE2,20,0.0006666444451851605
LYS,133,NZ,SER,132,OG,20,0.0006666444451851605
HIE,219,N,ASN,214,O,20,0.0006666444451851605
LYS,223,NZ,SER,220,O,20,0.0006666444451851605
VAL,292,N,HIE,291,ND1,20,0.0006666444451851605
SER,332,N,ARG,330,O,20,0.0006666444451851605
ARG,20,NE,VAL,18,O,19,0.0006333122229259025
ARG,20,NH1,ASP,19,OD1,19,0.0006333122229259025
LYS,131,NZ,GLN,163,OE1,19,0.0006333122229259025
LEU,171,N,LEU,168,O,19,0.0006333122229259025
LYS,246,NZ,GLU,245,OE1,19,0.0006333122229259025
ASN,263,ND2,TYR,83,O,19,0.0006333122229259025
GLU,273,N,PHE,268,O,19,0.0006333122229259025
MET,318,N,ASP,314,O,19,0.0006333122229259025
PHE,331,N,ILE,328,O,19,0.0006333122229259025
HID,341,ND1,HID,341,O,19,0.0006333122229259025
THR,395,N,LYS,393,O,19,0.0006333122229259025
ASN,14,ND2,GLY,13,O,18,0.0005999800006666444
LYS,111,N,PHE,107,O,18,0.0005999800006666444
LYS,208,NZ,LYS,208,O,18,0.0005999800006666444
GLN,211,NE2,GLU,212,OE1,18,0.0005999800006666444
ASN,214,ND2,ASN,261,ND2,18,0.0005999800006666444
HIE,219,NE2,GLU,166,OE2,18,0.0005999800006666444
SER,253,N,ALA,251,O,18,0.0005999800006666444
HIE,257,N,HIE,257,ND1,18,0.0005999800006666444
TYR,326,OH,GLU,322,OE2,18,0.0005999800006666444
GLN,457,NE2,THR,455,O,18,0.0005999800006666444
ARG,20,N,ARG,20,NE,17,0.0005666477784073864
LYS,63,NZ,GLU,65,OE1,17,0.0005666477784073864
ARG,92,N,ASN,89,O,17,0.0005666477784073864
SER,132,OG,PHE,460,O,17,0.0005666477784073864
ASN,209,ND2,GLN,176,NE2,17,0.0005666477784073864
TYR,240,OH,SER,256,N,17,0.0005666477784073864
SER,256,OG,SER,253,O,17,0.0005666477784073864
PHE,349,N,THR,347,O,17,0.0005666477784073864
HID,369,ND1,ASP,378,OD2,17,0.0005666477784073864
TYR,373,OH,HIP,384,O,17,0.0005666477784073864
ASN,381,ND2,LYS,376,O,17,0.0005666477784073864
LYS,33,NZ,LYS,33,O,16,0.0005333155561481284
ALA,64,N,ALA,59,O,16,0.0005333155561481284
GLY,69,N,ASN,89,OD1,16,0.0005333155561481284
ARG,105,NH1,VAL,101,O,16,0.0005333155561481284
LYS,133,NZ,ARG,130,O,16,0.0005333155561481284
GLN,144,N,PHE,141,O,16,0.0005333155561481284
ASN,172,N,LYS,169,O,16,0.0005333155561481284
LYS,246,NZ,GLU,245,OE2,16,0.0005333155561481284
ASN,263,ND2,ASN,259,O,16,0.0005333155561481284
ARG,308,NE,GLU,311,OE1,16,0.0005333155561481284
ARG,308,NH1,GLU,311,OE1,16,0.0005333155561481284
THR,344,OG1,SER,68,O,16,0.0005333155561481284
HID,369,ND1,ASP,378,OD1,16,0.0005333155561481284
PHE,401,N,ILE,399,O,16,0.0005333155561481284
LEU,403,N,PHE,401,O,16,0.0005333155561481284
LYS,405,NZ,GLU,65,O,16,0.0005333155561481284
ARG,415,NH2,GLN,329,NE2,16,0.0005333155561481284
LEU,442,N,ASP,441,OD2,16,0.0005333155561481284
ILE,86,N,SER,266,OG,15,0.0004999833338888704
ARG,98,NH1,LYS,94,O,15,0.0004999833338888704
LYS,111,NZ,GLY,108,O,15,0.0004999833338888704
ASN,209,ND2,VAL,206,O,15,0.0004999833338888704
THR,239,N,LEU,236,O,15,0.0004999833338888704
ALA,251,N,SER,249,O,15,0.0004999833338888704
SER,256,N,ASN,259,ND2,15,0.0004999833338888704
SER,256,OG,ASN,259,ND2,15,0.0004999833338888704
GLN,258,N,GLN,258,NE2,15,0.0004999833338888704
THR,275,OG1,GLU,417,OE2,15,0.0004999833338888704
ARG,298,NE,GLN,302,OE1,15,0.0004999833338888704
HIE,307,N,GLY,305,O,15,0.0004999833338888704
ARG,308,NH1,HIE,307,O,15,0.0004999833338888704
LEU,334,N,SER,332,OG,15,0.0004999833338888704
ARG,415,NH2,GLU,322,OE2,15,0.0004999833338888704
GLU,417,N,GLU,417,OE2,15,0.0004999833338888704
LEU,420,N,GLU,417,O,15,0.0004999833338888704
LEU,442,N,ASP,441,OD1,15,0.0004999833338888704
ARG,7,NE,GLY,5,O,14,0.00046665111162961235
LEU,96,N,TRP,93,O,14,0.00046665111162961235
LYS,158,NZ,ASP,235,OD1,14,0.00046665111162961235
ASN,209,ND2,THR,177,N,14,0.00046665111162961235
HIE,219,NE2,GLU,166,OE1,14,0.00046665111162961235
HID,243,ND1,HID,243,O,14,0.00046665111162961235
THR,278,OG1,THR,275,O,14,0.00046665111162961235
ILE,325,N,GLU,322,O,14,0.00046665111162961235
GLN,345,N,GLN,345,NE2,14,0.00046665111162961235
PHE,398,N,THR,395,OG1,14,0.00046665111162961235
THR,39,N,PRO,3,O,13,0.0004333188893703543
ARG,57,NE,ASP,62,OD1,13,0.0004333188893703543
ARG,81,NH2,ASP,77,OD2,13,0.0004333188893703543
PHE,107,N,VAL,101,O,13,0.0004333188893703543
LEU,129,N,ILE,126,O,13,0.0004333188893703543
SER,132,OG,GLU,128,O,13,0.0004333188893703543
SER,132,OG,LYS,133,O,13,0.0004333188893703543
GLY,134,N,LEU,129,O,13,0.0004333188893703543
TYR,175,OH,GLN,445,NE2,13,0.0004333188893703543
ARG,204,NH1,ARG,204,O,13,0.0004333188893703543
THR,227,OG1,GLU,226,OE1,13,0.0004333188893703543
LYS,234,NZ,GLY,157,O,13,0.0004333188893703543
LYS,234,NZ,ASP,229,OD1,13,0.0004333188893703543
LYS,246,NZ,PRO,230,O,13,0.0004333188893703543
SER,249,N,GLU,245,O,13,0.0004333188893703543
GLN,258,NE2,ARG,81,NH1,13,0.0004333188893703543
LYS,288,NZ,LYS,288,O,13,0.0004333188893703543
ARG,315,NH1,GLU,322,OE2,13,0.0004333188893703543
THR,347,N,GLN,345,O,13,0.0004333188893703543
ARG,406,NH1,LYS,405,O,13,0.0004333188893703543
GLN,427,NE2,GLN,427,O,13,0.0004333188893703543
ARG,70,NE,GLY,71,O,12,0.0003999866671110963
ARG,81,NE,ARG,81,O,12,0.0003999866671110963
ARG,117,NE,SER,153,O,12,0.0003999866671110963
ARG,204,NE,TYR,198,O,12,0.0003999866671110963
LYS,208,NZ,GLN,205,NE2,12,0.0003999866671110963
LYS,234,NZ,ASP,229,OD2,12,0.0003999866671110963
ASP,235,N,PRO,233,O,12,0.0003999866671110963
LYS,246,NZ,LYS,246,O,12,0.0003999866671110963
GLU,254,N,GLU,254,OE1,12,0.0003999866671110963
GLN,258,NE2,ARG,81,NH2,12,0.0003999866671110963
PHE,268,N,LEU,265,O,12,0.0003999866671110963
MET,286,N,PHE,283,O,12,0.0003999866671110963
ASP,378,N,ASP,378,OD2,12,0.0003999866671110963
ALA,391,N,ASN,389,O,12,0.0003999866671110963
ARG,21,NE,ARG,20,O,11,0.00036665444485183826
LYS,25,NZ,GLY,22,O,11,0.00036665444485183826
ARG,29,NE,LYS,25,O,11,0.00036665444485183826
HIE,41,NE2,PRO,44,O,11,0.00036665444485183826
ARG,45,NH1,PRO,46,O,11,0.00036665444485183826
ARG,45,NH1,LYS,72,O,11,0.00036665444485183826
GLU,54,N,GLU,54,OE2,11,0.00036665444485183826
ILE,56,N,VAL,53,O,11,0.00036665444485183826
SER,68,OG,ASN,89,OD1,11,0.00036665444485183826
ASN,89,ND2,PHE,87,O,11,0.00036665444485183826
LEU,142,N,ASP,138,O,11,0.00036665444485183826
TYR,207,N,ARG,204,O,11,0.00036665444485183826
GLN,211,N,LYS,208,O,11,0.00036665444485183826
LYS,223,NZ,HID,224,NE2,11,0.00036665444485183826
ARG,225,NH1,HIE,257,NE2,11,0.00036665444485183826
MET,244,N,LEU,241,O,11,0.00036665444485183826
HIE,252,NE2,ASN,91,ND2,11,0.00036665444485183826
ARG,308,NE,GLU,311,OE2,11,0.00036665444485183826
SER,348,OG,GLY,351,O,11,0.00036665444485183826
ARG,350,NH2,ALA,55,N,11,0.00036665444485183826
THR,455,OG1,GLN,445,NE2,11,0.00036665444485183826
ARG,463,NE,GLN,427,O,11,0.00036665444485183826
LEU,16,N,GLY,13,O,10,0.00033332222259258026
GLY,22,N,GLN,187,OE1,10,0.00033332222259258026
GLY,71,N,HID,341,N,10,0.00033332222259258026
ARG,98,NH2,GLU,247,OE2,10,0.00033332222259258026
VAL,101,N,ARG,98,O,10,0.00033332222259258026
GLN,119,NE2,ARG,308,NH2,10,0.00033332222259258026
SER,132,OG,SER,132,O,10,0.00033332222259258026
LYS,197,NZ,ASP,77,OD2,10,0.00033332222259258026
ASN,209,ND2,GLN,205,NE2,10,0.00033332222259258026
LYS,246,NZ,ASN,250,OD1,10,0.00033332222259258026
THR,264,N,ASN,259,O,10,0.00033332222259258026
LYS,317,NZ,GLN,302,O,10,0.00033332222259258026
HIE,346,N,GLN,345,NE2,10,0.00033332222259258026
GLY,351,N,PHE,349,O,10,0.00033332222259258026
LYS,394,NZ,THR,395,O,10,0.00033332222259258026
THR,424,OG1,PHE,421,O,10,0.00033332222259258026
SER,430,OG,ARG,463,NH1,10,0.00033332222259258026
ASP,441,N,ASP,439,O,10,0.00033332222259258026
THR,443,N,ASP,441,O,10,0.00033332222259258026
ARG,21,N,ASP,19,O,9,0.0002999900003333222
LYS,25,N,GLN,187,OE1,9,0.0002999900003333222
ASP,62,N,ALA,59,O,9,0.0002999900003333222
LYS,63,NZ,GLU,65,OE2,9,0.0002999900003333222
ALA,66,N,GLU,65,OE2,9,0.0002999900003333222
ASN,89,ND2,ALA,88,O,9,0.0002999900003333222
LYS,94,NZ,GLY,90,O,9,0.0002999900003333222
GLY,110,N,GLY,108,O,9,0.0002999900003333222
ARG,112,NE,GLU,120,OE1,9,0.0002999900003333222
ARG,112,NH1,GLU,116,O,9,0.0002999900003333222
ARG,112,NH2,GLY,110,O,9,0.0002999900003333222
GLN,163,NE2,ASP,164,OD1,9,0.0002999900003333222
LEU,188,N,GLY,186,O,9,0.0002999900003333222
ARG,204,NE,GLN,205,OE1,9,0.0002999900003333222
LYS,208,N,GLN,205,O,9,0.0002999900003333222
VAL,221,N,GLY,218,O,9,0.0002999900003333222
ASP,229,N,THR,227,OG1,9,0.0002999900003333222
LYS,248,NZ,SER,253,O,9,0.0002999900003333222
ARG,298,N,ARG,295,O,9,0.0002999900003333222
ARG,308,NH1,GLU,311,OE2,9,0.0002999900003333222
ARG,308,NH2,GLN,119,OE1,9,0.0002999900003333222
ARG,315,NH1,GLY,412,O,9,0.0002999900003333222
LYS,376,NZ,ASP,383,OD1,9,0.0002999900003333222
HIP,384,NE2,GLU,375,OE1,9,0.0002999900003333222
ILE,413,N,LEU,409,O,9,0.0002999900003333222
PHE,422,N,PHE,419,O,9,0.0002999900003333222
THR,424,OG1,ALA,122,O,9,0.0002999900003333222
GLN,457,NE2,LEU,136,O,9,0.0002999900003333222
ARG,7,NE,PRO,8,O,8,0.0002666577780740642
ARG,21,NH2,GLN,445,O,8,0.0002666577780740642
ARG,29,NH1,SER,26,OG,8,0.0002666577780740642
ARG,31,NH1,GLU,32,OE2,8,0.0002666577780740642
LYS,33,N,ARG,31,O,8,0.0002666577780740642
ARG,45,NH2,LYS,72,O,8,0.0002666577780740642
GLU,65,N,LYS,63,O,8,0.0002666577780740642
PHE,67,N,GLU,65,O,8,0.0002666577780740642
LYS,72,NZ,ASP,357,OD2,8,0.0002666577780740642
ARG,98,NH1,HID,243,NE2,8,0.0002666577780740642
SER,145,OG,TYR,162,O,8,0.0002666577780740642
GLN,163,N,HIE,161,NE2,8,0.0002666577780740642
GLN,163,NE2,HIE,161,NE2,8,0.0002666577780740642
GLN,187,N,GLN,187,OE1,8,0.0002666577780740642
GLN,187,NE2,GLY,448,O,8,0.0002666577780740642
TYR,207,OH,GLN,211,NE2,8,0.0002666577780740642
ASP,229,N,ASP,238,OD2,8,0.0002666577780740642
TYR,240,OH,SER,100,OG,8,0.0002666577780740642
HIE,257,NE2,GLY,218,O,8,0.0002666577780740642
THR,277,OG1,GLU,273,OE2,8,0.0002666577780740642
THR,278,N,THR,275,O,8,0.0002666577780740642
VAL,296,N,ALA,293,O,8,0.0002666577780740642
ARG,330,NH2,GLU,327,OE2,8,0.0002666577780740642
LYS,356,NZ,GLN,345,NE2,8,0.0002666577780740642
ASN,381,ND2,ASN,381,O,8,0.0002666577780740642
GLN,427,N,THR,424,O,8,0.0002666577780740642
SER,430,OG,MET,431,O,8,0.0002666577780740642
GLY,13,N,LEU,11,O,7,0.00023332555581480617
ASN,14,ND2,GLN,17,NE2,7,0.00023332555581480617
ARG,70,NH1,PHE,87,O,7,0.00023332555581480617
ASN,89,ND2,ASN,89,O,7,0.00023332555581480617
ARG,92,NH1,ARG,81,O,7,0.00023332555581480617
ARG,92,NH2,TYR,83,OH,7,0.00023332555581480617
VAL,95,N,ARG,92,O,7,0.00023332555581480617
GLN,119,NE2,GLU,120,OE1,7,0.00023332555581480617
GLN,176,NE2,GLN,205,OE1,7,0.00023332555581480617
GLN,211,NE2,GLU,212,OE2,7,0.00023332555581480617
SER,231,N,ASP,229,O,7,0.00023332555581480617
ASP,238,N,ASP,235,OD1,7,0.00023332555581480617
HIE,252,N,HIE,252,ND1,7,0.00023332555581480617
ASN,259,ND2,ARG,92,NH1,7,0.00023332555581480617
ASN,263,ND2,ASN,263,O,7,0.00023332555581480617
THR,275,OG1,THR,274,OG1,7,0.00023332555581480617
THR,278,OG1,SER,332,OG,7,0.00023332555581480617
GLN,302,NE2,ARG,298,NH2,7,0.00023332555581480617
HIE,307,NE2,ASN,428,OD1,7,0.00023332555581480617
HIE,313,NE2,GLU,115,OE1,7,0.00023332555581480617
VAL,324,N,THR,321,O,7,0.00023332555581480617
VAL,339,N,HM1,464,O2A,7,0.00023332555581480617
ALA,379,N,ASP,378,OD2,7,0.00023332555581480617
SER,402,OG,LEU,403,O,7,0.00023332555581480617
LYS,405,N,SER,402,O,7,0.00023332555581480617
LEU,461,N,ARG,459,O,7,0.00023332555581480617
ARG,31,NH1,THR,366,O,6,0.00019999333355554815
ALA,66,N,GLU,65,OE1,6,0.00019999333355554815
GLY,69,N,SER,68,OG,6,0.00019999333355554815
ARG,130,NH1,ASN,428,O,6,0.00019999333355554815
SER,145,N,LEU,142,O,6,0.00019999333355554815
TYR,175,N,GLN,144,NE2,6,0.00019999333355554815
SER,179,OG,GLN,445,OE1,6,0.00019999333355554815
ASN,209,ND2,GLN,205,OE1,6,0.00019999333355554815
SER,220,OG,TYR,216,OH,6,0.00019999333355554815
THR,227,OG1,GLU,226,O,6,0.00019999333355554815
HID,243,ND1,GLU,247,OE2,6,0.00019999333355554815
HIE,257,NE2,ASN,261,OD1,6,0.00019999333355554815
GLN,258,NE2,ASN,214,ND2,6,0.00019999333355554815
ARG,298,NH1,ARG,298,O,6,0.00019999333355554815
HIE,313,NE2,GLU,115,OE2,6,0.00019999333355554815
LYS,317,NZ,GLN,302,OE1,6,0.00019999333355554815
GLN,329,NE2,ARG,415,N,6,0.00019999333355554815
SER,332,OG,THR,278,OG1,6,0.00019999333355554815
ASP,333,N,ASP,333,OD2,6,0.00019999333355554815
LEU,335,N,ASP,333,O,6,0.00019999333355554815
LEU,364,N,MET,337,O,6,0.00019999333355554815
HID,369,ND1,ASP,333,OD1,6,0.00019999333355554815
LYS,376,NZ,ASN,381,ND2,6,0.00019999333355554815
ASN,381,ND2,GLU,375,O,6,0.00019999333355554815
LYS,393,NZ,GLU,396,OE2,6,0.00019999333355554815
GLY,410,N,CM1,408,O,6,0.00019999333355554815
ARG,7,NH2,PRO,8,O,5,0.00016666111129629013
ARG,45,NH2,LEU,191,O,5,0.00016666111129629013
ALA,66,N,ALA,64,O,5,0.00016666111129629013
ARG,70,NE,ARG,70,N,5,0.00016666111129629013
GLY,82,N,ASP,77,OD2,5,0.00016666111129629013
GLY,82,N,PHE,80,O,5,0.00016666111129629013
TYR,83,OH,GLN,258,NE2,5,0.00016666111129629013
ASN,91,ND2,HIE,252,ND1,5,0.00016666111129629013
ARG,92,NH2,GLY,82,O,5,0.00016666111129629013
ARG,105,NH1,ARG,105,O,5,0.00016666111129629013
ARG,105,NH1,GLU,411,N,5,0.00016666111129629013
ARG,105,NH2,MET,104,O,5,0.00016666111129629013
GLN,119,NE2,ARG,308,NH1,5,0.00016666111129629013
LYS,131,NZ,SER,132,OG,5,0.00016666111129629013
PHE,141,N,ASP,138,O,5,0.00016666111129629013
ILE,146,N,PHE,143,O,5,0.00016666111129629013
GLY,157,N,SER,153,O,5,0.00016666111129629013
GLN,187,NE2,ASP,19,O,5,0.00016666111129629013
ARG,204,NH1,GLN,211,OE1,5,0.00016666111129629013
LEU,210,N,TYR,207,O,5,0.00016666111129629013
ILE,217,N,ASN,214,O,5,0.00016666111129629013
THR,239,OG1,ASP,238,OD2,5,0.00016666111129629013
TYR,240,OH,PHE,255,O,5,0.00016666111129629013
TYR,240,OH,LEU,260,N,5,0.00016666111129629013
ASN,250,ND2,SER,249,OG,5,0.00016666111129629013
SER,256,OG,TYR,83,OH,5,0.00016666111129629013
SER,256,OG,GLN,258,NE2,5,0.00016666111129629013
SER,266,OG,SER,266,O,5,0.00016666111129629013
ARG,280,NH2,PRO,453,O,5,0.00016666111129629013
TYR,297,OH,PRO,306,O,5,0.00016666111129629013
HIE,307,N,GLN,427,NE2,5,0.00016666111129629013
HIE,307,NE2,GLN,123,OE1,5,0.00016666111129629013
ARG,308,NH1,GLU,116,OE2,5,0.00016666111129629013
GLU,322,N,PRO,319,O,5,0.00016666111129629013
THR,344,N,ILE,342,O,5,0.00016666111129629013
HIE,372,N,HIE,372,ND1,5,0.00016666111129629013
TYR,373,OH,ARG,57,NH1,5,0.00016666111129629013
ASP,378,N,ASP,378,OD1,5,0.00016666111129629013
ASP,383,N,ASP,383,OD2,5,0.00016666111129629013
ALA,391,N,ASN,389,ND2,5,0.00016666111129629013
LYS,405,NZ,LEU,60,O,5,0.00016666111129629013
ARG,406,NH1,ILE,86,O,5,0.00016666111129629013
ARG,415,N,GLU,411,O,5,0.00016666111129629013
CYS,447,N,SER,182,O,5,0.00016666111129629013
GLN,457,NE2,ASP,138,OD1,5,0.00016666111129629013
GLN,457,NE2,ASP,138,OD2,5,0.00016666111129629013
ARG,463,NH1,GLN,427,O,5,0.00016666111129629013
GLN,17,NE2,ARG,7,N,4,0.0001333288890370321
GLN,17,NE2,GLN,17,O,4,0.0001333288890370321
ARG,20,N,ASP,19,OD2,4,0.0001333288890370321
ARG,20,NH2,LEU,16,O,4,0.0001333288890370321
ARG,21,NH2,PRO,444,O,4,0.0001333288890370321
SER,26,OG,SER,26,O,4,0.0001333288890370321
GLY,52,N,ASP,36,O,4,0.0001333288890370321
VAL,61,N,ILE,56,O,4,0.0001333288890370321
GLY,69,N,ASN,89,ND2,4,0.0001333288890370321
ARG,70,NE,GLY,71,N,4,0.0001333288890370321
LYS,72,NZ,PHE,87,O,4,0.0001333288890370321
LYS,72,NZ,ASP,357,OD1,4,0.0001333288890370321
VAL,85,N,SER,266,OG,4,0.0001333288890370321
ARG,98,NE,LYS,94,O,4,0.0001333288890370321
GLY,108,N,ARG,105,O,4,0.0001333288890370321
GLN,119,NE2,GLU,116,N,4,0.0001333288890370321
GLN,119,NE2,GLU,120,OE2,4,0.0001333288890370321
ALA,135,N,PHE,460,O,4,0.0001333288890370321
GLN,144,NE2,TYR,175,N,4,0.0001333288890370321
ILE,154,N,CYS,152,O,4,0.0001333288890370321
ARG,159,NH1,GLU,121,OE2,4,0.0001333288890370321
ARG,159,NH2,GLU,120,O,4,0.0001333288890370321
GLN,163,N,GLN,163,OE1,4,0.0001333288890370321
LYS,169,NZ,GLU,166,O,4,0.0001333288890370321
LYS,169,NZ,GLU,212,O,4,0.0001333288890370321
TYR,175,OH,ARG,280,NH2,4,0.0001333288890370321
GLN,176,NE2,TYR,175,OH,4,0.0001333288890370321
PHE,195,N,SER,193,O,4,0.0001333288890370321
ARG,204,NH2,GLN,211,OE1,4,0.0001333288890370321
TYR,240,OH,ASN,259,ND2,4,0.0001333288890370321
SER,249,OG,SER,249,O,4,0.0001333288890370321
ASN,250,ND2,LYS,246,O,4,0.0001333288890370321
HIE,252,N,ASN,250,O,4,0.0001333288890370321
HIE,252,NE2,ASN,91,OD1,4,0.0001333288890370321
HIE,252,NE2,GLU,247,OE1,4,0.0001333288890370321
ASN,259,ND2,ARG,92,O,4,0.0001333288890370321
LEU,262,N,ASN,259,O,4,0.0001333288890370321
TYR,281,N,THR,278,O,4,0.0001333288890370321
LEU,285,N,GLY,282,O,4,0.0001333288890370321
ARG,295,NH2,VAL,292,N,4,0.0001333288890370321
ARG,295,NH2,GLN,302,OE1,4,0.0001333288890370321
ARG,298,NE,GLU,294,O,4,0.0001333288890370321
LEU,312,N,GLN,119,OE1,4,0.0001333288890370321
GLN,329,NE2,TYR,326,N,4,0.0001333288890370321
THR,344,OG1,PHE,67,N,4,0.0001333288890370321
THR,358,N,LYS,356,O,4,0.0001333288890370321
GLU,375,N,TYR,373,O,4,0.0001333288890370321
THR,395,N,HIP,384,O,4,0.0001333288890370321
SER,402,OG,GLY,404,O,4,0.0001333288890370321
LEU,403,N,SER,402,OG,4,0.0001333288890370321
ALA,414,N,GLU,411,O,4,0.0001333288890370321
ARG,415,N,GLY,410,O,4,0.0001333288890370321
ARG,415,NE,GLU,411,OE1,4,0.0001333288890370321
GLY,448,N,SER,182,O,4,0.0001333288890370321
ARG,1,N,ILE,353,N,3,9.999666677777408e-05
ARG,1,NH1,HIE,346,ND1,3,9.999666677777408e-05
GLY,13,N,PRO,10,O,3,9.999666677777408e-05
ASP,19,N,GLN,17,O,3,9.999666677777408e-05
ARG,20,NE,ARG,20,O,3,9.999666677777408e-05
ARG,21,NE,GLN,187,NE2,3,9.999666677777408e-05
GLY,22,N,GLN,187,NE2,3,9.999666677777408e-05
LEU,24,N,GLN,187,NE2,3,9.999666677777408e-05
LYS,25,NZ,LYS,25,O,3,9.999666677777408e-05
ARG,29,NE,LEU,28,O,3,9.999666677777408e-05
ARG,29,NH2,ARG,21,NH2,3,9.999666677777408e-05
ARG,31,NE,GLY,35,O,3,9.999666677777408e-05
TYR,34,OH,GLY,5,O,3,9.999666677777408e-05
VAL,37,N,TYR,34,O,3,9.999666677777408e-05
ARG,45,NH1,GLU,190,OE1,3,9.999666677777408e-05
GLY,69,N,HID,341,NE2,3,9.999666677777408e-05
LYS,72,NZ,LYS,72,O,3,9.999666677777408e-05
ARG,81,NH1,ARG,81,O,3,9.999666677777408e-05
ARG,81,NH2,ASP,77,OD1,3,9.999666677777408e-05
ARG,81,NH2,TYR,83,OH,3,9.999666677777408e-05
GLY,82,N,ASP,77,OD1,3,9.999666677777408e-05
ARG,97,NH1,ARG,406,O,3,9.999666677777408e-05
ARG,98,NH2,THR,102,N,3,9.999666677777408e-05
GLY,108,N,THR,103,O,3,9.999666677777408e-05
LYS,111,NZ,GLY,110,O,3,9.999666677777408e-05
ARG,130,NE,ASN,428,OD1,3,9.999666677777408e-05
LYS,133,NZ,LYS,133,O,3,9.999666677777408e-05
PHE,167,N,GLN,165,O,3,9.999666677777408e-05
GLN,176,NE2,ASN,209,ND2,3,9.999666677777408e-05
SER,179,OG,TYR,175,OH,3,9.999666677777408e-05
SER,193,N,LEU,191,O,3,9.999666677777408e-05
ARG,204,NH2,LEU,196,O,3,9.999666677777408e-05
LYS,208,NZ,ARG,204,O,3,9.999666677777408e-05
LYS,208,NZ,GLN,211,NE2,3,9.999666677777408e-05
SER,220,OG,HIE,219,ND1,3,9.999666677777408e-05
LYS,223,NZ,SER,220,OG,3,9.999666677777408e-05
HID,243,ND1,TYR,240,O,3,9.999666677777408e-05
ASN,250,ND2,SER,249,O,3,9.999666677777408e-05
PHE,255,N,SER,253,O,3,9.999666677777408e-05
ASN,259,ND2,ARG,92,NH2,3,9.999666677777408e-05
ASN,263,N,LEU,260,O,3,9.999666677777408e-05
ASN,263,ND2,ASN,259,OD1,3,9.999666677777408e-05
THR,264,N,ASN,261,O,3,9.999666677777408e-05
THR,274,N,GLY,271,O,3,9.999666677777408e-05
THR,275,N,THR,272,O,3,9.999666677777408e-05
LEU,279,N,SER,276,O,3,9.999666677777408e-05
ARG,295,NE,GLU,299,OE2,3,9.999666677777408e-05
ARG,295,NH2,TYR,320,OH,3,9.999666677777408e-05
TYR,297,OH,GLN,427,O,3,9.999666677777408e-05
ARG,298,NH1,GLN,302,NE2,3,9.999666677777408e-05
GLN,302,NE2,GLU,301,O,3,9.999666677777408e-05
HIE,307,NE2,ARG,463,O,3,9.999666677777408e-05
HIE,307,NE2,ARG,463,OXT,3,9.999666677777408e-05
TYR,326,N,ALA,323,O,3,9.999666677777408e-05
TYR,326,OH,ARG,415,NH2,3,9.999666677777408e-05
GLN,329,NE2,GLN,329,O,3,9.999666677777408e-05
ARG,330,NH2,ALA,379,O,3,9.999666677777408e-05
THR,344,OG1,GLN,345,NE2,3,9.999666677777408e-05
GLN,345,N,GLN,345,OE1,3,9.999666677777408e-05
HIE,346,N,HIE,346,ND1,3,9.999666677777408e-05
ASN,389,ND2,ALA,388,O,3,9.999666677777408e-05
THR,395,OG1,THR,395,O,3,9.999666677777408e-05
GLU,396,N,TYR,373,OH,3,9.999666677777408e-05
ALA,397,N,GLU,396,OE1,3,9.999666677777408e-05
SER,402,N,ILE,399,O,3,9.999666677777408e-05
LYS,405,NZ,GLY,404,O,3,9.999666677777408e-05
ARG,406,N,SER,402,OG,3,9.999666677777408e-05
ARG,406,NE,SER,68,OG,3,9.999666677777408e-05
ARG,406,NH1,ASN,89,OD1,3,9.999666677777408e-05
ARG,415,NE,GLN,329,NE2,3,9.999666677777408e-05
SER,430,OG,SER,430,O,3,9.999666677777408e-05
CYS,447,N,GLU,446,OE1,3,9.999666677777408e-05
GLN,457,NE2,SER,433,OG,3,9.999666677777408e-05
ARG,459,NE,ALA,135,O,3,9.999666677777408e-05
ARG,1,NH2,HIE,346,ND1,2,6.666444451851606e-05
ARG,7,N,GLN,17,OE1,2,6.666444451851606e-05
ARG,7,NE,ARG,7,O,2,6.666444451851606e-05
ARG,20,N,ASP,19,OD1,2,6.666444451851606e-05
ARG,21,NH1,GLN,445,O,2,6.666444451851606e-05
LEU,23,N,ASP,19,O,2,6.666444451851606e-05
LYS,25,N,ARG,21,O,2,6.666444451851606e-05
LYS,25,NZ,CYS,447,O,2,6.666444451851606e-05
ARG,29,NH1,LEU,28,O,2,6.666444451851606e-05
ARG,29,NH2,LYS,25,O,2,6.666444451851606e-05
VAL,37,N,GLY,35,O,2,6.666444451851606e-05
LEU,42,N,VAL,40,O,2,6.666444451851606e-05
ARG,45,NH2,SER,193,OG,2,6.666444451851606e-05
VAL,53,N,TYR,373,OH,2,6.666444451851606e-05
ALA,64,N,LEU,60,O,2,6.666444451851606e-05
SER,68,OG,VAL,343,O,2,6.666444451851606e-05
GLY,71,N,ARG,70,NE,2,6.666444451851606e-05
LYS,72,NZ,ARG,45,NH1,2,6.666444451851606e-05
LYS,72,NZ,ARG,81,O,2,6.666444451851606e-05
LYS,72,NZ,ASP,357,O,2,6.666444451851606e-05
MET,75,N,GLU,190,OE1,2,6.666444451851606e-05
ARG,81,NH1,TYR,83,OH,2,6.666444451851606e-05
GLY,84,N,ASN,259,ND2,2,6.666444451851606e-05
ARG,92,N,ASN,91,OD1,2,6.666444451851606e-05
ARG,92,NH1,ASN,89,O,2,6.666444451851606e-05
ARG,92,NH2,SER,253,O,2,6.666444451851606e-05
LYS,94,N,ASN,91,O,2,6.666444451851606e-05
ARG,98,NH1,ARG,98,O,2,6.666444451851606e-05
THR,102,OG1,ARG,105,NH2,2,6.666444451851606e-05
ARG,105,NH2,VAL,101,O,2,6.666444451851606e-05
ARG,105,NH2,THR,102,OG1,2,6.666444451851606e-05
GLY,110,N,PHE,107,O,2,6.666444451851606e-05
ARG,112,NH1,GLY,110,O,2,6.666444451851606e-05
ARG,112,NH1,ARG,159,NH2,2,6.666444451851606e-05
ARG,112,NH2,GLU,116,O,2,6.666444451851606e-05
ARG,112,NH2,GLN,119,OE1,2,6.666444451851606e-05
ARG,117,NH2,PHE,107,O,2,6.666444451851606e-05
GLN,123,NE2,ALA,122,O,2,6.666444451851606e-05
ARG,130,NH1,ARG,463,OXT,2,6.666444451851606e-05
MET,137,N,ALA,135,O,2,6.666444451851606e-05
THR,140,N,ASP,138,O,2,6.666444451851606e-05
THR,147,OG1,GLY,271,O,2,6.666444451851606e-05
THR,147,OG1,THR,272,OG1,2,6.666444451851606e-05
SER,153,OG,LYS,158,O,2,6.666444451851606e-05
LYS,158,NZ,ASP,164,OD1,2,6.666444451851606e-05
ASP,164,N,HIE,161,ND1,2,6.666444451851606e-05
GLN,165,N,GLN,163,O,2,6.666444451851606e-05
GLN,165,N,ASP,164,OD1,2,6.666444451851606e-05
GLN,165,NE2,GLN,163,NE2,2,6.666444451851606e-05
GLN,176,NE2,LEU,173,N,2,6.666444451851606e-05
SER,179,N,GLN,176,O,2,6.666444451851606e-05
GLN,187,NE2,ARG,21,NH1,2,6.666444451851606e-05
GLN,187,NE2,GLY,22,N,2,6.666444451851606e-05
GLN,187,NE2,VAL,184,N,2,6.666444451851606e-05
LYS,223,NZ,GLU,166,OE1,2,6.666444451851606e-05
LYS,223,NZ,GLU,222,OE2,2,6.666444451851606e-05
ARG,225,NH2,GLY,218,O,2,6.666444451851606e-05
THR,227,OG1,ASP,238,OD1,2,6.666444451851606e-05
LYS,234,NZ,PHE,156,O,2,6.666444451851606e-05
LYS,234,NZ,THR,227,O,2,6.666444451851606e-05
THR,239,OG1,PRO,233,O,2,6.666444451851606e-05
GLU,247,N,GLU,245,O,2,6.666444451851606e-05
LYS,248,NZ,SER,249,OG,2,6.666444451851606e-05
GLU,254,N,GLU,254,OE2,2,6.666444451851606e-05
HIE,257,NE2,VAL,221,O,2,6.666444451851606e-05
HIE,257,NE2,ARG,225,NH1,2,6.666444451851606e-05
ASN,261,ND2,GLN,258,O,2,6.666444451851606e-05
LEU,265,N,LEU,262,O,2,6.666444451851606e-05
GLY,271,N,PHE,268,O,2,6.666444451851606e-05
THR,272,N,LEU,267,O,2,6.666444451851606e-05
THR,272,OG1,GLY,271,O,2,6.666444451851606e-05
SER,276,OG,GLN,144,N,2,6.666444451851606e-05
ARG,280,NH1,THR,140,OG1,2,6.666444451851606e-05
PHE,283,N,ARG,280,O,2,6.666444451851606e-05
GLN,302,NE2,ARG,298,NH1,2,6.666444451851606e-05
GLY,305,N,GLU,301,O,2,6.666444451851606e-05
ARG,308,NH1,GLN,119,OE1,2,6.666444451851606e-05
ARG,308,NH2,GLU,311,N,2,6.666444451851606e-05
HIE,313,N,GLU,311,O,2,6.666444451851606e-05
ARG,315,NH2,ARG,415,NH2,2,6.666444451851606e-05
TYR,326,OH,ARG,415,NH1,2,6.666444451851606e-05
GLN,329,NE2,ARG,415,NE,2,6.666444451851606e-05
THR,347,OG1,GLU,65,OE1,2,6.666444451851606e-05
THR,347,OG1,ALA,66,O,2,6.666444451851606e-05
ARG,350,NH1,GLU,54,O,2,6.666444451851606e-05
ILE,354,N,TYR,352,O,2,6.666444451851606e-05
ALA,379,N,ASP,378,OD1,2,6.666444451851606e-05
ASN,381,ND2,HIP,384,NE2,2,6.666444451851606e-05
LYS,393,NZ,ASP,383,OD1,2,6.666444451851606e-05
LYS,393,NZ,ASP,383,OD2,2,6.666444451851606e-05
LYS,393,NZ,GLU,396,OE1,2,6.666444451851606e-05
LYS,394,NZ,LEU,392,O,2,6.666444451851606e-05
THR,395,OG1,LYS,394,O,2,6.666444451851606e-05
ILE,399,N,ALA,397,O,2,6.666444451851606e-05
ARG,406,NH1,ARG,70,NH1,2,6.666444451851606e-05
ILE,407,N,ARG,97,NH1,2,6.666444451851606e-05
GLY,412,N,ARG,415,NH2,2,6.666444451851606e-05
PHE,421,N,LEU,418,O,2,6.666444451851606e-05
ASN,428,ND2,HIE,307,O,2,6.666444451851606e-05
SER,430,OG,ARG,463,NH2,2,6.666444451851606e-05
SER,433,OG,ALA,432,O,2,6.666444451851606e-05
CYS,447,N,GLU,446,OE2,2,6.666444451851606e-05
TYR,456,N,ASP,138,OD2,2,6.666444451851606e-05
TYR,456,OH,LEU,284,N,2,6.666444451851606e-05
GLN,457,N,GLN,457,OE1,2,6.666444451851606e-05
GLN,457,NE2,MET,137,N,2,6.666444451851606e-05
GLN,457,NE2,MET,137,O,2,6.666444451851606e-05
GLN,457,NE2,GLN,457,O,2,6.666444451851606e-05
ARG,463,NE,TYR,297,OH,2,6.666444451851606e-05
ARG,463,NH2,ALA,293,O,2,6.666444451851606e-05
ARG,1,NH2,ARG,350,O,1,3.333222225925803e-05
ARG,1,NH2,TYR,352,OH,1,3.333222225925803e-05
ARG,7,N,GLN,17,NE2,1,3.333222225925803e-05
ARG,7,NE,ARG,7,N,1,3.333222225925803e-05
LEU,11,N,LEU,9,O,1,3.333222225925803e-05
GLY,13,N,GLY,43,O,1,3.333222225925803e-05
GLN,17,NE2,GLY,13,O,1,3.333222225925803e-05
GLN,17,NE2,LEU,16,O,1,3.333222225925803e-05
ARG,21,NE,ARG,20,NH2,1,3.333222225925803e-05
ARG,21,NE,CYS,447,O,1,3.333222225925803e-05
ARG,21,NH1,GLN,187,NE2,1,3.333222225925803e-05
ARG,21,NH2,LYS,25,O,1,3.333222225925803e-05
ARG,21,NH2,CYS,447,N,1,3.333222225925803e-05
LYS,25,NZ,ARG,21,NH1,1,3.333222225925803e-05
SER,26,OG,ASP,19,O,1,3.333222225925803e-05
ARG,29,NH1,ARG,21,NH2,1,3.333222225925803e-05
ARG,29,NH2,ASP,19,N,1,3.333222225925803e-05
ARG,29,NH2,HID,369,NE2,1,3.333222225925803e-05
ARG,31,NH1,GLU,32,OE1,1,3.333222225925803e-05
ARG,31,NH2,HIE,372,ND1,1,3.333222225925803e-05
GLU,32,N,GLU,32,OE2,1,3.333222225925803e-05
GLY,35,N,GLU,32,O,1,3.333222225925803e-05
ASP,36,N,ARG,350,NH1,1,3.333222225925803e-05
ARG,45,NE,GLU,190,O,1,3.333222225925803e-05
ARG,45,NH1,GLU,190,O,1,3.333222225925803e-05
GLY,52,N,LEU,50,O,1,3.333222225925803e-05
ILE,56,N,CYS,51,O,1,3.333222225925803e-05
ARG,57,N,GLU,54,O,1,3.333222225925803e-05
ARG,57,NE,GLU,54,O,1,3.333222225925803e-05
ARG,57,NH2,GLU,58,OE1,1,3.333222225925803e-05
GLU,58,N,ILE,56,O,1,3.333222225925803e-05
LYS,63,N,LEU,60,O,1,3.333222225925803e-05
ARG,70,N,ARG,406,NH2,1,3.333222225925803e-05
ARG,70,NE,HM1,464,O2A,1,3.333222225925803e-05
ARG,70,NH1,TRP,93,NE1,1,3.333222225925803e-05
ARG,70,NH1,ARG,406,NH1,1,3.333222225925803e-05
ARG,70,NH2,HID,341,N,1,3.333222225925803e-05
LYS,72,N,PRO,340,O,1,3.333222225925803e-05
LYS,72,NZ,GLY,71,O,1,3.333222225925803e-05
ARG,81,NE,TYR,207,OH,1,3.333222225925803e-05
ARG,81,NH2,ASN,259,OD1,1,3.333222225925803e-05
TYR,83,OH,ARG,92,NH1,1,3.333222225925803e-05
TYR,83,OH,ARG,92,NH2,1,3.333222225925803e-05
ALA,88,N,ILE,86,O,1,3.333222225925803e-05
ARG,92,NE,TYR,83,OH,1,3.333222225925803e-05
ARG,92,NE,GLU,254,O,1,3.333222225925803e-05
ARG,92,NH1,TYR,83,N,1,3.333222225925803e-05
ARG,92,NH1,TYR,83,OH,1,3.333222225925803e-05
LYS,94,NZ,ASN,91,ND2,1,3.333222225925803e-05
LYS,94,NZ,ARG,98,NE,1,3.333222225925803e-05
ARG,97,N,LYS,94,O,1,3.333222225925803e-05
ARG,97,NH2,LYS,405,O,1,3.333222225925803e-05
SER,100,N,ARG,97,O,1,3.333222225925803e-05
THR,102,OG1,ARG,98,NH1,1,3.333222225925803e-05
THR,102,OG1,THR,102,O,1,3.333222225925803e-05
THR,103,N,VAL,101,O,1,3.333222225925803e-05
THR,103,OG1,ILE,154,O,1,3.333222225925803e-05
ARG,105,NE,ARG,105,O,1,3.333222225925803e-05
ASP,106,N,MET,104,O,1,3.333222225925803e-05
LYS,111,NZ,ALA,232,O,1,3.333222225925803e-05
LYS,111,NZ,ASP,235,N,1,3.333222225925803e-05
ARG,112,N,ARG,112,NE,1,3.333222225925803e-05
ARG,112,NH1,SER,153,OG,1,3.333222225925803e-05
ARG,112,NH2,ARG,159,NH1,1,3.333222225925803e-05
SER,113,N,ARG,112,NH1,1,3.333222225925803e-05
VAL,114,N,GLU,115,OE1,1,3.333222225925803e-05
ARG,117,NH1,MET,104,O,1,3.333222225925803e-05
ARG,117,NH1,PHE,107,O,1,3.333222225925803e-05
ARG,117,NH1,SER,153,O,1,3.333222225925803e-05
ARG,117,NH2,ILE,150,O,1,3.333222225925803e-05
GLN,119,NE2,GLU,120,N,1,3.333222225925803e-05
GLN,119,NE2,PRO,310,N,1,3.333222225925803e-05
ALA,122,N,GLN,119,O,1,3.333222225925803e-05
GLN,123,NE2,GLU,120,N,1,3.333222225925803e-05
GLN,123,NE2,ARG,130,NH1,1,3.333222225925803e-05
LEU,125,N,ALA,122,O,1,3.333222225925803e-05
ARG,130,NE,ILE,126,O,1,3.333222225925803e-05
ARG,130,NE,GLU,127,O,1,3.333222225925803e-05
ARG,130,NH1,ILE,126,O,1,3.333222225925803e-05
ARG,130,NH2,GLN,123,NE2,1,3.333222225925803e-05
ARG,130,NH2,ARG,463,OXT,1,3.333222225925803e-05
LYS,131,NZ,LYS,133,O,1,3.333222225925803e-05
SER,132,N,ARG,130,O,1,3.333222225925803e-05
SER,132,OG,GLY,134,O,1,3.333222225925803e-05
LYS,133,NZ,SER,132,O,1,3.333222225925803e-05
LEU,136,N,ARG,459,NH1,1,3.333222225925803e-05
PHE,143,N,THR,140,O,1,3.333222225925803e-05
GLN,144,NE2,THR,272,OG1,1,3.333222225925803e-05
ASN,149,ND2,ARG,159,NH2,1,3.333222225925803e-05
ASN,149,ND2,TYR,162,OH,1,3.333222225925803e-05
SER,153,OG,ARG,117,NH2,1,3.333222225925803e-05
SER,153,OG,SER,153,O,1,3.333222225925803e-05
LYS,158,N,HID,224,NE2,1,3.333222225925803e-05
LYS,158,NZ,GLU,166,OE1,1,3.333222225925803e-05
LYS,158,NZ,HID,224,ND1,1,3.333222225925803e-05
ARG,159,NE,ASN,149,ND2,1,3.333222225925803e-05
ARG,159,NH1,HIE,161,NE2,1,3.333222225925803e-05
ARG,159,NH2,PHE,160,O,1,3.333222225925803e-05
ARG,159,NH2,TYR,162,OH,1,3.333222225925803e-05
GLN,163,NE2,GLN,165,OE1,1,3.333222225925803e-05
GLN,163,NE2,GLN,165,NE2,1,3.333222225925803e-05
LYS,169,NZ,GLN,165,NE2,1,3.333222225925803e-05
TYR,175,OH,ASN,172,OD1,1,3.333222225925803e-05
GLN,176,NE2,GLN,176,N,1,3.333222225925803e-05
THR,177,OG1,ASN,209,OD1,1,3.333222225925803e-05
PHE,178,N,TYR,175,O,1,3.333222225925803e-05
SER,179,OG,GLN,176,OE1,1,3.333222225925803e-05
ILE,181,N,PHE,178,O,1,3.333222225925803e-05
SER,182,OG,SER,179,O,1,3.333222225925803e-05
SER,183,N,ILE,181,O,1,3.333222225925803e-05
GLN,187,NE2,LEU,188,N,1,3.333222225925803e-05
LYS,197,NZ,LYS,72,O,1,3.333222225925803e-05
LYS,197,NZ,PHE,195,O,1,3.333222225925803e-05
LYS,197,NZ,LYS,197,O,1,3.333222225925803e-05
GLY,201,N,GLN,205,OE1,1,3.333222225925803e-05
GLY,201,N,GLN,205,NE2,1,3.333222225925803e-05
HIE,203,NE2,ARG,204,NH2,1,3.333222225925803e-05
ARG,204,NH2,PHE,199,N,1,3.333222225925803e-05
ARG,204,NH2,GLN,205,NE2,1,3.333222225925803e-05
GLN,205,NE2,GLN,176,NE2,1,3.333222225925803e-05
GLN,205,NE2,ALA,202,N,1,3.333222225925803e-05
TYR,207,OH,ARG,81,NH1,1,3.333222225925803e-05
TYR,207,OH,ARG,81,NH2,1,3.333222225925803e-05
ASN,214,N,GLN,211,O,1,3.333222225925803e-05
TYR,216,N,ASN,214,O,1,3.333222225925803e-05
GLY,218,N,ALA,215,O,1,3.333222225925803e-05
HIE,219,NE2,ALA,215,O,1,3.333222225925803e-05
LYS,223,NZ,LYS,223,O,1,3.333222225925803e-05
HID,224,ND1,SER,220,OG,1,3.333222225925803e-05
ARG,225,NE,GLU,245,OE1,1,3.333222225925803e-05
ARG,225,NH1,ARG,225,O,1,3.333222225925803e-05
ARG,225,NH2,GLU,222,O,1,3.333222225925803e-05
GLU,226,N,HID,224,O,1,3.333222225925803e-05
THR,227,N,ARG,225,O,1,3.333222225925803e-05
THR,227,OG1,ASP,238,OD2,1,3.333222225925803e-05
ASP,229,N,THR,227,O,1,3.333222225925803e-05
SER,231,OG,PRO,230,O,1,3.333222225925803e-05
SER,231,OG,SER,231,O,1,3.333222225925803e-05
LYS,234,NZ,PRO,233,O,1,3.333222225925803e-05
ASP,238,N,ASP,238,OD1,1,3.333222225925803e-05
THR,239,OG1,ASP,238,OD1,1,3.333222225925803e-05
LEU,241,N,ASP,238,O,1,3.333222225925803e-05
LYS,246,NZ,SER,231,O,1,3.333222225925803e-05
LYS,248,NZ,LYS,248,O,1,3.333222225925803e-05
SER,249,OG,LYS,248,O,1,3.333222225925803e-05
SER,249,OG,ASN,250,ND2,1,3.333222225925803e-05
ASN,250,ND2,ASN,250,O,1,3.333222225925803e-05
HIE,252,NE2,GLU,247,OE2,1,3.333222225925803e-05
SER,253,OG,LYS,248,N,1,3.333222225925803e-05
SER,253,OG,HIE,252,O,1,3.333222225925803e-05
HIE,257,NE2,GLU,222,N,1,3.333222225925803e-05
GLN,258,NE2,ASN,259,N,1,3.333222225925803e-05
GLN,258,NE2,ASN,261,ND2,1,3.333222225925803e-05
ASN,261,ND2,GLU,222,OE2,1,3.333222225925803e-05
ASN,263,ND2,LEU,96,O,1,3.333222225925803e-05
THR,272,OG1,THR,147,O,1,3.333222225925803e-05
THR,275,N,ALA,270,O,1,3.333222225925803e-05
THR,275,OG1,ALA,270,O,1,3.333222225925803e-05
SER,276,OG,THR,147,OG1,1,3.333222225925803e-05
SER,276,OG,GLU,273,O,1,3.333222225925803e-05
ARG,280,NE,THR,140,OG1,1,3.333222225925803e-05
ARG,280,NH2,TYR,175,OH,1,3.333222225925803e-05
GLY,282,N,LEU,279,O,1,3.333222225925803e-05
TYR,289,OH,PHE,380,O,1,3.333222225925803e-05
HIE,291,NE2,TYR,320,OH,1,3.333222225925803e-05
ARG,295,NE,ARG,298,NH2,1,3.333222225925803e-05
ARG,295,NH1,GLN,302,OE1,1,3.333222225925803e-05
ARG,295,NH1,GLN,302,NE2,1,3.333222225925803e-05
ARG,295,NH2,HIE,291,O,1,3.333222225925803e-05
ARG,295,NH2,ALA,388,O,1,3.333222225925803e-05
ARG,295,NH2,ASN,389,O,1,3.333222225925803e-05
TYR,297,N,GLU,294,O,1,3.333222225925803e-05
ARG,298,NH2,TYR,297,O,1,3.333222225925803e-05
ILE,300,N,TYR,297,O,1,3.333222225925803e-05
GLN,302,N,ILE,300,O,1,3.333222225925803e-05
GLN,302,NE2,ARG,298,NE,1,3.333222225925803e-05
GLN,302,NE2,GLU,299,N,1,3.333222225925803e-05
ILE,304,N,GLU,299,O,1,3.333222225925803e-05
HIE,307,NE2,GLN,123,NE2,1,3.333222225925803e-05
HIE,307,NE2,ILE,304,O,1,3.333222225925803e-05
ARG,308,N,HIE,307,NE2,1,3.333222225925803e-05
ARG,308,NE,GLN,119,OE1,1,3.333222225925803e-05
ARG,308,NE,ASP,314,OD1,1,3.333222225925803e-05
ARG,308,NH1,VAL,303,O,1,3.333222225925803e-05
ARG,308,NH1,ARG,308,O,1,3.333222225925803e-05
ARG,308,NH2,GLN,123,OE1,1,3.333222225925803e-05
ASP,314,N,GLU,311,OE2,1,3.333222225925803e-05
ASP,314,N,HIE,313,ND1,1,3.333222225925803e-05
ARG,315,NH1,ALA,416,N,1,3.333222225925803e-05
ARG,315,NH2,GLY,412,O,1,3.333222225925803e-05
ARG,315,NH2,ARG,415,NH1,1,3.333222225925803e-05
LYS,317,NZ,ALA,316,O,1,3.333222225925803e-05
MET,318,N,ALA,316,O,1,3.333222225925803e-05
TYR,320,OH,VAL,292,O,1,3.333222225925803e-05
TYR,320,OH,ARG,295,NH1,1,3.333222225925803e-05
ALA,323,N,TYR,320,O,1,3.333222225925803e-05
ILE,328,N,ILE,325,O,1,3.333222225925803e-05
GLN,329,N,TYR,326,O,1,3.333222225925803e-05
SER,332,OG,SER,332,O,1,3.333222225925803e-05
HID,341,ND1,ARG,70,NH2,1,3.333222225925803e-05
THR,344,OG1,PHE,67,O,1,3.333222225925803e-05
THR,344,OG1,ASP,357,OD1,1,3.333222225925803e-05
GLN,345,NE2,ALA,66,N,1,3.333222225925803e-05
HIE,346,NE2,ARG,1,NH2,1,3.333222225925803e-05
SER,348,OG,SER,348,O,1,3.333222225925803e-05
TYR,352,OH,ARG,1,NH2,1,3.333222225925803e-05
LYS,356,NZ,HIE,346,ND1,1,3.333222225925803e-05
THR,358,OG1,PRO,355,N,1,3.333222225925803e-05
ILE,363,N,PHE,361,O,1,3.333222225925803e-05
LEU,364,N,GLY,338,N,1,3.333222225925803e-05
HID,369,N,ALA,367,O,1,3.333222225925803e-05
HID,369,ND1,SER,365,OG,1,3.333222225925803e-05
HID,369,ND1,LEU,368,O,1,3.333222225925803e-05
HID,369,ND1,PRO,377,O,1,3.333222225925803e-05
HIE,372,NE2,TYR,373,OH,1,3.333222225925803e-05
TYR,373,OH,ARG,57,NH2,1,3.333222225925803e-05
TYR,373,OH,HIE,372,ND1,1,3.333222225925803e-05
ASN,381,N,ALA,379,O,1,3.333222225925803e-05
HIP,384,NE2,PHE,374,O,1,3.333222225925803e-05
ASN,389,ND2,ASN,389,O,1,3.333222225925803e-05
GLY,390,N,ASN,389,OD1,1,3.333222225925803e-05
LYS,393,N,ALA,391,O,1,3.333222225925803e-05
LYS,394,NZ,LYS,394,O,1,3.333222225925803e-05
THR,395,N,TYR,326,OH,1,3.333222225925803e-05
THR,395,OG1,PHE,398,N,1,3.333222225925803e-05
ALA,397,N,THR,395,O,1,3.333222225925803e-05
LYS,405,N,LEU,403,O,1,3.333222225925803e-05
ARG,406,NH1,ARG,70,NH2,1,3.333222225925803e-05
ARG,406,NH1,HM1,464,O1A,1,3.333222225925803e-05
ILE,407,N,ARG,97,NH2,1,3.333222225925803e-05
ILE,407,N,LEU,403,O,1,3.333222225925803e-05
GLU,411,N,LEU,409,O,1,3.333222225925803e-05
GLU,411,N,GLU,411,OE1,1,3.333222225925803e-05
GLY,412,N,ARG,415,NH1,1,3.333222225925803e-05
ILE,413,N,ARG,105,NH2,1,3.333222225925803e-05
ARG,415,NH2,TYR,326,OH,1,3.333222225925803e-05
THR,423,N,LEU,420,O,1,3.333222225925803e-05
THR,423,OG1,LEU,420,O,1,3.333222225925803e-05
THR,424,N,PHE,421,O,1,3.333222225925803e-05
GLN,427,NE2,THR,423,O,1,3.333222225925803e-05
GLN,427,NE2,ASN,428,OD1,1,3.333222225925803e-05
ASN,428,ND2,HIE,307,ND1,1,3.333222225925803e-05
MET,431,N,SER,430,OG,1,3.333222225925803e-05
ALA,432,N,SER,430,O,1,3.333222225925803e-05
ASP,439,N,PRO,437,O,1,3.333222225925803e-05
GLN,445,N,PRO,454,N,1,3.333222225925803e-05
GLN,445,NE2,THR,443,O,1,3.333222225925803e-05
GLN,445,NE2,THR,455,N,1,3.333222225925803e-05
CYS,447,N,ARG,21,NH2,1,3.333222225925803e-05
GLY,450,N,SER,182,OG,1,3.333222225925803e-05
LYS,451,NZ,SER,365,OG,1,3.333222225925803e-05
THR,455,OG1,TYR,175,OH,1,3.333222225925803e-05
GLN,457,N,GLN,457,NE2,1,3.333222225925803e-05
GLN,457,NE2,THR,455,OG1,1,3.333222225925803e-05
ARG,463,NE,PHE,429,N,1,3.333222225925803e-05
ARG,463,NE,SER,430,OG,1,3.333222225925803e-05
ARG,463,NH2,SER,430,OG,1,3.333222225925803e-05
