donor_resname,donor_resid,donor_atom,acceptor_resname,acceptor_resid,acceptor_atom,count,frequency
ARG,330,NH2,GLU,327,OE1,28945,0.9648011732942235
THR,424,OG1,LEU,420,O,28693,0.9564014532848905
ARG,330,NE,GLU,327,OE2,28605,0.9534682177260758
LEU,168,N,ASP,164,O,28424,0.94743508549715
ASN,381,N,GLU,327,OE1,28407,0.9468684377187427
THR,239,OG1,ASP,235,O,28280,0.942635245491817
VAL,101,N,ARG,97,O,28201,0.9400019999333356
VAL,40,N,VAL,47,O,28170,0.9389687010432985
GLU,301,N,TYR,297,O,27907,0.9302023265891137
VAL,343,N,THR,358,O,27664,0.922102596580114
GLN,176,N,ASN,172,O,27522,0.9173694210192993
PHE,143,N,PRO,139,O,27490,0.9163027899070031
SER,365,N,PRO,336,O,27476,0.9158361387953735
GLN,427,NE2,ARG,308,O,27377,0.9125362487917069
LEU,210,N,VAL,206,O,27369,0.9122695910136329
VAL,95,N,ASN,91,O,27366,0.9121695943468551
THR,177,OG1,LEU,173,O,27345,0.9114696176794107
ILE,458,N,MET,137,O,27302,0.9100363321222625
ARG,330,NH1,LEU,368,O,27230,0.907636412119596
SER,100,OG,LEU,96,O,27191,0.906336455451485
TYR,456,OH,ARG,280,O,27045,0.9014699510016333
PHE,361,N,VAL,48,O,26993,0.8997366754441518
MET,49,N,PHE,38,O,26985,0.8994700176660778
HID,341,N,VAL,360,O,26965,0.8988033732208927
ARG,280,N,SER,276,O,26957,0.8985367154428185
PHE,178,N,PHE,174,O,26910,0.8969701009966334
THR,277,OG1,GLU,273,O,26840,0.8946368454384854
PHE,385,N,PRO,382,O,26694,0.8897703409886337
HIP,384,N,ASN,381,O,26670,0.8889703676544115
LEU,241,N,ILE,237,O,26626,0.8875037498750041
THR,102,OG1,ARG,98,O,26572,0.8857038098730042
SER,145,OG,PHE,141,O,26559,0.8852704909836339
THR,264,OG1,LEU,260,O,26501,0.8833372220925969
LEU,196,N,PHE,192,O,26489,0.8829372354254859
ASN,14,N,HIE,41,O,26436,0.8811706276457452
GLY,305,N,ILE,300,O,26392,0.8797040098663378
HIE,41,N,ASN,14,OD1,26345,0.8781373954201527
PHE,160,N,ASN,149,OD1,26342,0.8780373987533749
THR,423,N,PHE,419,O,26329,0.8776040798640046
PHE,349,N,TYR,352,O,26291,0.8763374554181528
PHE,99,N,VAL,95,O,26253,0.8750708309723009
ARG,308,NH1,ASP,314,OD2,26170,0.8723042565247825
THR,366,OG1,ILE,363,O,26154,0.8717709409686344
GLY,52,N,THR,366,OG1,26144,0.8714376187460418
VAL,155,N,ILE,151,O,26048,0.868237725409153
ARG,57,N,VAL,53,O,26025,0.8674710842971901
ASN,428,ND2,THR,424,O,25985,0.8661377954068198
ASP,387,N,ALA,391,O,25977,0.8658711376287457
ILE,363,N,LEU,50,O,25815,0.8604713176227459
ILE,354,N,THR,347,O,25803,0.8600713309556348
SER,182,OG,PHE,178,O,25713,0.8570714309523015
ASP,164,N,HIE,161,O,25474,0.8491050298323389
MET,137,N,ILE,458,O,25429,0.8476050798306723
CYS,152,N,ALA,148,O,25371,0.8456718109396354
THR,358,OG1,PRO,355,O,25315,0.8438052064931169
SER,430,N,LEU,461,O,25138,0.8379054031532283
LEU,9,N,GLY,13,O,25135,0.8378054064864504
VAL,48,N,GLU,359,O,25125,0.8374720842638579
THR,423,OG1,PHE,419,O,25107,0.8368721042631913
PHE,38,N,MET,49,O,25074,0.8357721409286357
ILE,300,N,VAL,296,O,24999,0.8332722242591913
LYS,94,N,GLY,90,O,24891,0.8296723442551915
ILE,452,N,GLU,446,O,24888,0.8295723475884137
THR,39,N,PRO,4,O,24866,0.82883903869871
SER,332,OG,ILE,328,O,24772,0.8257058098063398
ARG,98,N,LYS,94,O,24581,0.8193393553548215
PHE,331,N,GLU,327,O,24573,0.8190726975767474
THR,103,OG1,PHE,99,O,24532,0.8177060764641179
MET,244,N,TYR,240,O,24460,0.8153061564614513
TYR,83,N,PHE,80,O,24384,0.8127729075697476
LEU,265,N,ASN,261,O,24376,0.8125062497916736
LEU,96,N,ARG,92,O,24361,0.8120062664577847
ARG,308,NH2,ASP,314,OD1,24176,0.805839805339822
GLY,218,N,ASN,214,O,24132,0.8043731875604146
THR,347,N,ILE,354,O,24052,0.801706609779674
LYS,393,N,PHE,385,O,23978,0.799240025332489
VAL,221,N,ILE,217,O,23826,0.7941735275490817
TYR,175,N,LEU,171,O,23811,0.7936735442151929
ILE,328,N,VAL,324,O,23726,0.7908403053231559
GLY,338,N,LEU,335,O,23698,0.7899070030998967
GLN,427,NE2,GLY,305,O,23535,0.7844738508716376
TYR,207,N,HIE,203,O,23515,0.7838072064264524
VAL,303,N,GLU,299,O,23396,0.7798406719776008
GLU,322,N,MET,318,O,23392,0.7797073430885637
CM1,408,N,PHE,401,O,23381,0.7793406886437119
VAL,360,N,HID,341,O,23255,0.7751408286390453
SER,276,N,THR,272,O,23243,0.7747408419719343
SER,276,OG,PHE,143,O,23231,0.7743408553048232
ARG,97,N,TRP,93,O,23229,0.7742741908603047
ALA,148,N,GLN,144,O,23184,0.772774240858638
PHE,283,N,LEU,279,O,23147,0.7715409486350455
ALA,122,N,ILE,118,O,23081,0.7693410219659345
LEU,426,N,PHE,422,O,23075,0.7691410286323789
LEU,285,N,TYR,281,O,23022,0.7673744208526383
GLN,329,N,ILE,325,O,22951,0.765007833072231
LEU,125,N,GLU,121,O,22862,0.762041265291157
LEU,171,N,PHE,167,O,22848,0.7615746141795273
THR,102,N,ARG,98,O,22776,0.7591746941768608
LEU,368,N,LEU,364,O,22767,0.7588747041765275
LEU,188,N,VAL,184,O,22765,0.7588080397320089
LEU,50,N,PHE,361,O,22745,0.7581413952868238
LEU,461,N,SER,430,O,22732,0.7577080763974534
LEU,28,N,LEU,24,O,22730,0.7576414119529349
GLU,222,N,GLY,218,O,22723,0.7574080863971201
TYR,326,N,GLU,322,O,22701,0.7566747775074164
LEU,129,N,LEU,125,O,22685,0.7561414619512683
ARG,308,NH1,PRO,309,O,22662,0.7553748208393054
LEU,279,N,THR,275,O,22624,0.7541081963934535
THR,424,N,LEU,420,O,22619,0.7539415352821572
SER,100,N,LEU,96,O,22579,0.7526082463917869
THR,344,N,ALA,66,O,22565,0.7521415952801573
ASP,383,N,ASN,381,OD1,22556,0.751841605279824
THR,39,OG1,PRO,3,O,22486,0.7495083497216759
ASN,209,N,GLN,205,O,22426,0.7475084163861204
THR,275,OG1,GLY,271,O,22210,0.7403086563781207
VAL,85,N,ASN,263,OD1,22152,0.7383753874870838
THR,321,OG1,GLU,299,OE1,22070,0.7356421452618246
LYS,63,N,GLU,58,O,22064,0.735442151928269
MET,286,N,GLY,282,O,22062,0.7353754874837506
LYS,356,N,HIE,346,ND1,22024,0.7341088630378987
TYR,240,OH,SER,256,O,22020,0.7339755341488617
ILE,181,N,THR,177,O,22014,0.7337755408153062
ILE,56,N,GLY,52,O,21946,0.7315089497016766
TYR,34,N,PHE,30,O,21877,0.7292090263657878
ARG,280,NH1,GLU,273,OE1,21762,0.7253758208059732
SER,26,OG,GLY,22,O,21744,0.7247758408053064
SER,179,OG,TYR,175,O,21735,0.7244758508049731
THR,277,N,GLU,273,O,21732,0.7243758541381954
SER,183,OG,LEU,180,O,21640,0.7213092896903437
ASN,214,N,LEU,210,O,21459,0.7152761574614179
ASP,19,N,SER,26,OG,21306,0.7101763274557514
LYS,223,N,HIE,219,O,21305,0.7101429952334922
TYR,297,N,ALA,293,O,21255,0.7084763841205293
ARG,280,NH1,SER,276,OG,21067,0.7022099263357888
ALA,323,N,PRO,319,O,21057,0.7018766041131962
GLU,327,N,ALA,323,O,21037,0.701209959668011
LYS,208,N,ARG,204,O,21025,0.7008099730009
HID,243,ND1,THR,239,O,21024,0.7007766407786407
SER,266,OG,LEU,262,O,20984,0.6994433518882703
TYR,281,N,THR,277,O,20837,0.6945435152161594
GLY,134,N,PHE,460,O,20738,0.6912436252124929
ILE,425,N,PHE,421,O,20597,0.6865437818739375
ASP,314,N,GLU,311,O,20543,0.6847438418719376
ILE,146,N,LEU,142,O,20525,0.684143861871271
ARG,298,N,GLU,294,O,20523,0.6840771974267524
ARG,31,N,PHE,27,O,20462,0.6820439318689377
GLY,22,N,ASP,19,O,20343,0.678077397420086
ASN,14,ND2,GLN,17,OE1,20208,0.6735775474150861
ARG,415,NH1,GLN,329,OE1,20103,0.6700776640778641
ARG,459,N,ALA,432,O,20074,0.6691110296323456
ASN,14,ND2,PRO,6,O,20062,0.6687110429652345
LEU,236,N,ILE,154,O,19949,0.6649445018499384
GLN,211,N,TYR,207,O,19942,0.6647111762941236
ILE,325,N,THR,321,O,19859,0.6619446018466051
ARG,81,N,ASP,77,O,19832,0.6610446318456051
VAL,206,N,ALA,202,O,19650,0.6549781673944202
GLN,119,N,GLU,115,O,19603,0.653411552948235
TRP,93,NE1,HM1,464,O1D,19555,0.6518116062797906
ILE,118,N,VAL,114,O,19486,0.6495116829439018
PHE,174,N,MET,170,O,19419,0.6472784240525316
VAL,324,N,TYR,320,O,19257,0.6418786040465317
TYR,198,N,PHE,195,O,19211,0.640345321822606
LEU,262,N,GLN,258,O,19159,0.6386120462651245
GLN,17,NE2,ARG,7,O,19084,0.6361121295956802
GLU,311,N,ASP,314,OD2,19083,0.6360787973734209
SER,153,N,ASN,149,O,18955,0.6318122729242358
TYR,162,OH,GLU,121,OE2,18954,0.6317789407019766
LYS,288,NZ,ILE,440,O,18869,0.6289457018099397
ASN,172,N,LEU,168,O,18832,0.6277124095863471
THR,274,OG1,ALA,270,O,18820,0.6273124229192361
HIE,219,N,ALA,215,O,18747,0.6248791706943102
LEU,420,N,GLU,417,O,18738,0.6245791806939769
ASN,250,N,GLU,247,O,18678,0.6225792473584214
SER,278,N,THR,274,O,18432,0.6143795206826439
VAL,296,N,VAL,292,O,18397,0.6132128929035698
CYS,51,N,ASP,36,O,18391,0.6130128995700144
ILE,213,N,ASN,209,O,18390,0.612979567347755
MET,318,N,ARG,315,O,18318,0.6105796473450885
THR,177,N,LEU,173,O,18303,0.6100796640111996
PHE,27,N,LEU,23,O,18264,0.6087797073430886
PHE,422,N,LEU,418,O,18207,0.6068797706743109
ALA,414,N,GLY,410,O,18203,0.6067464417852738
GLY,282,N,SER,278,O,18152,0.6050464984500517
TYR,207,OH,MET,75,O,18140,0.6046465117829406
GLN,144,NE2,GLU,273,OE2,18137,0.6045465151161628
LYS,317,N,ASP,314,O,18120,0.6039798673377554
ARG,97,NH1,ILE,407,O,18088,0.6029132362254591
ARG,406,NH2,HM1,464,O2A,18066,0.6021799273357554
GLU,247,N,HID,243,O,18014,0.600446651778274
ALA,432,N,ARG,459,O,17944,0.598113396220126
THR,275,N,GLY,271,O,17843,0.5947468417719409
ALA,59,N,ALA,55,O,17839,0.5946135128829039
LEU,60,N,ILE,56,O,17730,0.5909803006566448
SER,132,OG,GLU,128,O,17689,0.5896136795440152
ARG,97,NH1,HM1,464,O1D,17654,0.5884470517649412
SER,179,N,TYR,175,O,17612,0.5870470984300523
ASN,259,N,SER,256,OG,17527,0.5842138595380154
THR,347,OG1,GLN,345,O,17527,0.5842138595380154
GLY,448,N,GLY,450,O,17477,0.5825472484250525
PHE,374,N,ASP,370,O,17473,0.5824139195360155
GLY,84,N,ASN,259,OD1,17466,0.5821805939802006
ASN,149,N,SER,145,O,17462,0.5820472650911637
ASN,259,ND2,GLU,254,O,17372,0.5790473650878304
ARG,130,N,ILE,126,O,17309,0.5769474350854972
PHE,30,N,SER,26,O,17275,0.5758141395286823
THR,321,N,GLU,299,OE1,17253,0.5750808306389787
PHE,79,N,VAL,76,O,17252,0.5750474984167194
GLN,119,NE2,PRO,310,O,17216,0.5738475384153862
ARG,92,NH1,GLY,82,O,17192,0.573047565081164
ARG,406,NH1,PRO,340,O,17112,0.5703809873004233
ARG,225,N,VAL,221,O,17064,0.568781040631979
GLU,294,N,PRO,290,O,16990,0.5663144561847938
LEU,180,N,GLN,176,O,16954,0.5651144961834605
HID,369,ND1,SER,365,O,16952,0.565047831738942
GLU,121,N,ARG,117,O,16913,0.563747875070831
ILE,353,N,ARG,1,O,16904,0.5634478850704977
THR,140,OG1,ASP,138,OD2,16869,0.5622812572914236
ILE,126,N,ALA,122,O,16702,0.5567147761741276
LYS,288,N,LEU,284,O,16618,0.5539148695043499
ARG,159,NH1,GLU,121,OE1,16586,0.5528482383920535
ASN,263,N,ASN,259,O,16562,0.5520482650578314
SER,365,OG,ASP,333,OD2,16498,0.5499150028332389
MET,104,N,SER,100,O,16457,0.5485483817206093
TYR,352,N,PHE,349,O,16363,0.545415152828239
HIP,384,NE2,GLU,375,O,16358,0.5452484917169428
ASN,149,ND2,PHE,160,O,16224,0.5407819739342022
THR,103,N,PHE,99,O,16108,0.5369154361521282
SER,433,OG,GLN,457,O,16096,0.5365154494850172
ILE,151,N,THR,147,O,16079,0.5359488017066097
GLN,205,N,GLY,201,O,16028,0.5342488583713876
GLY,390,N,ASP,387,O,15956,0.531848938368721
ILE,150,N,ILE,146,O,15922,0.5307156428119063
TYR,373,N,ASP,370,O,15915,0.5304823172560915
PHE,269,N,LEU,265,O,15860,0.5286490450318323
ASP,77,N,ILE,73,O,15827,0.5275490816972768
ARG,295,N,HIE,291,O,15819,0.5272824239192027
SER,182,N,PHE,178,O,15785,0.5261491283623879
TRP,93,N,ASN,89,O,15711,0.5236825439152029
PHE,398,N,THR,395,O,15628,0.5209159694676844
LEU,173,N,LYS,169,O,15553,0.5184160527982401
LYS,246,N,LEU,242,O,15537,0.5178827372420919
GLU,120,N,GLU,116,O,15534,0.5177827405753141
LEU,191,N,LEU,188,O,15327,0.5108829705676478
THR,366,N,ILE,363,O,15326,0.5108496383453884
HIP,224,N,SER,220,O,15291,0.5096830105663145
THR,140,N,ASP,138,OD2,15274,0.5091163627879071
THR,443,OG1,ASP,441,OD2,15062,0.5020499316689444
HIP,384,ND1,GLU,327,OE2,15045,0.501483283890537
ASP,370,N,ALA,367,O,15029,0.5009499683343889
VAL,47,N,VAL,40,O,14890,0.496316789440352
PHE,255,N,SER,253,OG,14794,0.4931168961034632
SER,68,OG,GLU,65,O,14725,0.4908169727675744
ASP,357,N,VAL,343,O,14712,0.49038365387820404
ASP,238,N,ASP,235,OD1,14688,0.4895836805439819
PHE,199,N,LEU,196,O,14686,0.48951701609946335
ILE,217,N,ILE,213,O,14642,0.488050398320056
SER,278,OG,SER,332,OG,14424,0.48078397386753774
PHE,429,N,ILE,425,O,14286,0.47618412719576014
TYR,320,N,GLU,299,OE2,14270,0.47565081163961204
THR,239,N,ASP,235,O,14180,0.4726509116362788
LYS,288,NZ,PRO,437,O,14149,0.4716176127462418
ASN,261,ND2,ASN,214,OD1,14122,0.4707176427452418
ALA,397,N,THR,395,OG1,14082,0.4693843538548715
GLU,226,N,GLU,222,O,13865,0.4621512616246125
THR,227,OG1,LYS,223,O,13650,0.45498483383887206
PHE,419,N,ALA,416,O,13632,0.45438485383820537
SER,220,N,TYR,216,O,13628,0.4542515249491684
TYR,240,N,LEU,236,O,13593,0.4530848971700943
ARG,463,N,ASN,428,O,13568,0.4522515916136129
SER,145,N,PHE,141,O,13532,0.45105163161227957
ASP,238,N,ASP,235,OD2,13401,0.44668511049631676
THR,443,N,ASP,441,OD2,13390,0.446318456051465
PHE,195,N,PHE,192,O,13366,0.44551848271724276
LYS,169,N,GLN,165,O,13364,0.44545181827272423
PHE,67,N,LYS,63,O,13328,0.44425185827139096
HIP,224,ND1,SER,220,O,13249,0.4416186127129096
HID,243,N,THR,239,O,13052,0.4350521649278357
ARG,159,NH2,GLU,121,OE2,12990,0.43298556714776176
SER,231,OG,ASP,229,OD2,12979,0.4326189127029099
THR,443,OG1,ASP,441,OD1,12929,0.430952301589947
TYR,289,N,LEU,285,O,12923,0.43075230825639144
GLN,163,N,HIE,161,ND1,12910,0.4303189893670211
ALA,379,N,LYS,376,O,12834,0.4277857404753175
SER,231,OG,ASP,229,OD1,12761,0.4253524882503917
LYS,451,NZ,ASP,333,OD1,12687,0.42288590380320656
MET,18,N,ASN,14,O,12605,0.4201526615779474
LYS,234,N,ASP,238,OD1,12577,0.4192193593546882
THR,272,OG1,PHE,268,O,12556,0.41851938268724376
ARG,406,NE,HM1,464,O1A,12543,0.4180860637978734
ASN,263,ND2,SER,100,OG,12540,0.41798606713109565
GLN,329,NE2,ARG,415,O,12456,0.41518616046131795
ARG,29,N,LYS,25,O,12419,0.4139528682377254
GLN,427,N,THR,423,O,12144,0.40478650711642944
GLU,245,N,LEU,241,O,12132,0.40438652044931833
VAL,76,N,ILE,73,O,12066,0.4021865937802073
HID,341,ND1,PHE,67,O,11969,0.3989533682210593
GLU,32,N,LEU,28,O,11903,0.39675344155194825
LYS,158,N,CYS,152,O,11895,0.3964867837738742
ARG,45,NH2,GLU,190,OE1,11842,0.3947201759941335
GLN,445,N,ILE,452,O,11840,0.39465351154961503
THR,140,OG1,ASP,138,OD1,11765,0.39215359488017065
THR,274,N,ALA,270,O,11710,0.3903203226559115
VAL,292,N,TYR,289,O,11576,0.3858538048731709
GLU,212,N,LYS,208,O,11549,0.38495383487217094
VAL,435,N,SER,433,OG,11503,0.38342055264824504
PHE,192,N,PHE,189,O,11458,0.38192060264657846
PHE,87,N,GLY,84,O,11447,0.3815539482017266
ALA,88,N,GLY,84,O,11402,0.38005399820006
HIP,224,NE2,ASP,235,OD2,11302,0.37672077597413417
LEU,242,N,ASP,238,O,11299,0.37662077930735643
THR,443,N,ASP,441,OD1,11255,0.37515416152794906
SER,231,N,ASP,229,OD2,11205,0.37348755041498616
SER,231,N,ASP,229,OD1,11090,0.3696543448551715
GLU,127,N,GLN,123,O,11048,0.36825439152028266
ILE,154,N,ILE,150,O,11033,0.36775440818639377
ARG,45,NH2,GLU,190,OE2,11024,0.36745441818606045
ARG,117,N,SER,113,O,11020,0.36732108929702345
LEU,267,N,ASN,263,O,10970,0.36565447818406055
ASN,214,ND2,GLN,211,OE1,10928,0.3642545248491717
LEU,386,N,ASP,383,O,10872,0.3623879204026532
LEU,260,N,SER,256,O,10748,0.35825472484250526
SER,153,OG,ASN,149,O,10722,0.3573880870637645
HIE,372,N,ASP,370,OD2,10710,0.35698810039665346
GLU,273,N,PHE,269,O,10681,0.356021465951135
THR,140,N,ASP,138,OD1,10660,0.35532148928369056
ARG,92,NE,GLU,254,OE1,10645,0.35482150594980166
SER,132,N,GLU,128,O,10591,0.35302156594780176
ARG,70,NH1,ALA,88,O,10572,0.3523882537248758
LEU,334,N,SER,332,O,10478,0.3492550248325056
VAL,53,N,ASP,370,OD1,10435,0.3478217392753575
ASN,149,ND2,SER,145,O,10428,0.3475884137195427
SER,253,OG,GLU,247,OE2,10414,0.34712176260791305
ASN,261,N,HIE,257,O,10388,0.34625512482917237
GLU,58,N,GLU,54,O,10375,0.345821805939802
ILE,342,N,GLY,69,O,10359,0.3452884903836539
ARG,463,NH2,GLU,294,OE2,10354,0.34512182927235757
PHE,268,N,THR,264,O,10289,0.34295523482550583
SER,402,N,ILE,399,O,10282,0.342721909269691
GLN,123,N,GLN,119,O,10235,0.3411552948235059
LEU,15,N,LEU,12,O,10203,0.3400886637112096
ARG,21,N,ASP,19,OD1,10197,0.3398886703776541
SER,266,N,LEU,262,O,10163,0.3387553748208393
PHE,80,N,VAL,76,O,10119,0.33728875704143196
ASP,439,N,ALA,436,O,10096,0.336522115929469
ILE,413,N,GLY,410,O,9908,0.3302556581447285
SER,365,OG,ASP,333,OD1,9892,0.3297223425885804
LYS,111,NZ,THR,239,OG1,9866,0.32885570480983967
ARG,21,N,ASP,19,OD2,9819,0.32728909036365456
SER,253,OG,GLU,247,OE1,9761,0.3253558214726176
ARG,463,NH1,GLU,294,OE1,9686,0.3228559048031732
THR,264,N,LEU,260,O,9601,0.3200226659111363
ARG,31,NH2,ASP,36,OD2,9508,0.3169227692410253
LEU,284,N,ARG,280,O,9500,0.31665611146295125
GLN,17,N,ASN,14,O,9360,0.3119896003466551
SER,113,OG,GLU,115,OE2,9359,0.31195626812439586
HIP,224,NE2,ASP,235,OD1,9299,0.3099563347888404
ARG,330,N,TYR,326,O,9291,0.30968967701076633
LYS,131,N,GLU,127,O,9222,0.30738975367487753
LYS,356,NZ,ASP,357,OD1,9218,0.3072564247858405
CYS,124,N,GLU,120,O,9144,0.30478984033865536
ASN,209,ND2,THR,177,OG1,9133,0.3044231858938035
TYR,162,OH,GLU,121,OE1,9002,0.30005666477784076
LYS,111,N,GLY,108,O,8996,0.2998566714442852
ILE,304,N,ILE,300,O,8987,0.29955668144395187
LYS,248,NZ,GLU,245,OE2,8984,0.2994566847771741
LYS,63,NZ,SER,348,O,8949,0.2982900569981001
ALA,270,N,SER,266,O,8925,0.29749008366387786
LYS,197,N,SER,193,O,8853,0.29509016366121127
ARG,45,NH1,GLU,359,OE2,8849,0.29495683477217427
SER,113,OG,GLU,115,OE1,8835,0.29449018366054464
ARG,92,NE,GLU,254,OE2,8786,0.292856904769841
ALA,215,N,GLN,211,O,8778,0.29259024699176694
GLY,108,N,LYS,111,O,8757,0.2918902703243225
LYS,234,NZ,ALA,232,O,8755,0.291823605879804
LYS,248,NZ,GLU,245,OE1,8678,0.28925702476584114
GLU,128,N,CYS,124,O,8622,0.2873904203193227
ARG,406,NH2,VAL,339,O,8602,0.28672377587413755
HIE,372,N,ASP,370,OD1,8553,0.28509049698343386
PHE,156,N,CYS,152,O,8547,0.28489050364987833
ARG,315,N,LEU,312,O,8512,0.28372387587080433
SER,183,N,LEU,180,O,8473,0.2824239192026932
ARG,330,NH1,PRO,377,O,8460,0.2819906003133229
ARG,463,NH2,GLU,294,OE1,8297,0.27655744808506383
VAL,61,N,ARG,57,O,8262,0.2753908203059898
ARG,45,NH1,GLU,359,OE1,8247,0.2748908369721009
LYS,234,N,ASP,238,OD2,8199,0.27329089030365655
ALA,66,N,LYS,63,O,8138,0.2712576247458418
ASP,106,N,THR,103,O,8135,0.271157628079064
ALA,135,N,SER,132,O,8084,0.26945768474384185
ARG,463,NH1,GLU,294,OE2,8044,0.26812439585347153
ASN,149,ND2,GLU,121,OE1,8038,0.267924402519916
GLN,144,N,THR,140,O,8000,0.2666577780740642
TYR,281,OH,LEU,442,O,7923,0.2640911969601013
ARG,295,NH1,ARG,295,O,7910,0.263657878070731
SER,26,N,GLY,22,O,7821,0.26069131028965703
LYS,356,NZ,ASP,357,OD2,7794,0.259791340288657
ARG,112,NH2,GLU,120,OE2,7773,0.2590913636212126
GLN,144,NE2,GLU,273,OE1,7764,0.2587913736208793
LYS,248,N,GLU,245,O,7580,0.25265824472517584
MET,170,N,GLU,166,O,7567,0.25222492583580547
SER,402,OG,ARG,406,O,7520,0.25065831138962036
VAL,53,N,ASP,370,OD2,7511,0.25035832138928704
ARG,57,NH2,GLU,54,OE2,7462,0.24872504249858338
ASN,209,ND2,GLN,176,OE1,7408,0.24692510249658345
LYS,72,NZ,ASP,77,OD2,7399,0.24662511249625013
ALA,64,N,VAL,61,O,7394,0.24645845138495384
GLY,412,N,LEU,409,O,7237,0.24122529249025032
ARG,21,NE,ASP,19,OD1,7225,0.24082530582313924
PHE,189,N,PHE,185,O,7210,0.24032532248925037
LYS,63,NZ,GLU,58,OE2,7180,0.23932535582147263
LEU,287,N,PHE,283,O,7170,0.23899203359888005
ASN,428,N,THR,424,O,7146,0.23819206026465783
TYR,216,OH,GLU,166,O,7113,0.23709209693010233
ARG,31,NE,ASP,36,OD2,7095,0.2364921169294357
GLY,186,N,SER,183,OG,7083,0.2360921302623246
THR,227,N,HIP,224,O,7072,0.23572547581747275
ARG,459,NH1,GLY,134,O,7069,0.23562547915069498
LEU,42,N,ARG,45,O,7032,0.23439218692710242
TRP,93,NE1,HM1,464,O2D,7022,0.23405886470450984
ARG,112,NH2,GLU,120,OE1,6938,0.23125895803473218
ARG,31,NH2,ASP,36,OD1,6853,0.22842571914269524
LYS,63,NZ,GLU,58,OE1,6850,0.22832572247591748
GLY,35,N,ARG,31,O,6826,0.22752574914169527
THR,321,OG1,GLU,299,OE2,6821,0.22735908803039898
ARG,45,NH2,GLU,359,OE1,6755,0.22515916136128797
ARG,45,NH2,GLU,359,OE2,6734,0.22445918469384354
ARG,225,NH2,GLU,222,OE1,6726,0.22419252691576946
ARG,105,N,VAL,101,O,6720,0.22399253358221394
ALA,293,N,TYR,289,O,6698,0.22325922469251025
ILE,237,N,VAL,155,O,6686,0.22285923802539914
ARG,315,NE,GLU,322,OE1,6681,0.22269257691410285
ARG,21,NE,ASP,19,OD2,6679,0.22262591246958435
LYS,72,NZ,ASP,77,OD1,6630,0.22099263357888072
LYS,451,NZ,ASP,333,OD2,6618,0.2205926469117696
ARG,225,NH2,GLU,222,OE2,6582,0.2193926869104363
ARG,280,NH2,GLU,273,OE1,6537,0.2178927369087697
ASN,149,ND2,GLU,121,OE2,6518,0.2172594246858438
HIP,384,ND1,GLU,327,OE1,6457,0.21522615912802906
PHE,421,N,GLU,417,O,6445,0.21482617246091798
LEU,386,N,PRO,382,O,6420,0.21399286690443653
ARG,315,NE,GLU,322,OE2,6400,0.21332622245925137
GLU,446,N,ILE,452,O,6399,0.2132928902369921
ASP,106,N,VAL,101,O,6379,0.21262624579180694
GLU,166,N,ASP,164,OD1,6368,0.2122595913469551
GLU,190,N,GLN,187,O,6361,0.21202626579114028
ARG,57,NH2,GLU,54,OE1,6306,0.2101929935668811
THR,147,OG1,PHE,143,O,6272,0.20905969801006632
ARG,97,NH2,ILE,407,O,6258,0.20859304689843672
GLU,417,N,GLU,417,OE2,6218,0.2072597580080664
ILE,440,N,PRO,437,O,6218,0.2072597580080664
GLU,166,N,ASP,164,OD2,6191,0.20635978800706642
ARG,70,NH1,HM1,464,O1A,6172,0.20572647578414052
TYR,216,N,GLU,212,O,6154,0.2051264957834739
ARG,330,NH2,PRO,377,O,6154,0.2051264957834739
ASN,389,ND2,ASP,387,OD1,6148,0.20492650244991834
ARG,130,NH2,GLU,127,OE1,6134,0.20445985133828873
HIE,252,NE2,GLU,254,OE2,6080,0.2026599113362888
SER,332,N,ILE,328,O,6079,0.20262657911402954
THR,358,N,PRO,355,O,6077,0.202559914669511
ARG,159,NH1,GLU,121,OE2,6045,0.20149328355721477
ASN,389,ND2,ASP,387,OD2,5921,0.19736008799706675
HIE,252,NE2,GLU,254,OE1,5914,0.19712676244125196
HIE,252,N,ASN,250,OD1,5887,0.19622679244025198
THR,272,N,PHE,268,O,5841,0.1946935102163261
ASN,389,N,ASP,387,OD2,5835,0.19449351688277058
GLN,144,NE2,LEU,171,O,5752,0.19172694243525215
ARG,459,NE,GLY,134,O,5726,0.19086030465651144
LYS,111,NZ,ASP,106,OD1,5717,0.19056031465617812
ASN,209,ND2,GLN,205,O,5690,0.18966034465517817
ARG,415,N,GLY,410,O,5685,0.18949368354388188
SER,256,N,GLU,254,O,5649,0.18829372354254859
GLN,302,N,ARG,298,O,5645,0.18816039465351156
ASN,389,N,ASP,387,OD1,5643,0.18809373020899303
ARG,130,NH2,GLU,127,OE2,5642,0.18806039798673377
ARG,21,NH2,ASP,19,OD2,5611,0.18702709909669676
VAL,114,N,MET,104,O,5600,0.18666044465184495
GLU,299,N,ARG,295,O,5543,0.18476050798306723
ARG,105,NE,ASP,106,OD1,5540,0.18466051131628947
LYS,405,NZ,GLU,65,OE2,5530,0.18432718909369689
ARG,315,NH2,GLU,322,OE2,5435,0.18116062797906737
SER,249,N,LYS,246,O,5416,0.18052731575614145
ARG,225,NE,GLU,222,OE2,5407,0.18022732575580813
ALA,316,N,HIE,313,O,5399,0.17996066797773408
TYR,373,OH,GLU,54,OE2,5377,0.1792273590880304
LYS,405,NZ,GLU,65,OE1,5354,0.17846071797606747
THR,321,N,GLU,299,OE2,5338,0.17792740241991933
ASN,250,ND2,GLU,247,OE1,5315,0.1771607613079564
LEU,420,N,ALA,416,O,5313,0.17709409686343788
LYS,33,N,PHE,30,O,5270,0.1756608113062898
LYS,169,NZ,GLU,166,OE2,5263,0.17542748575047498
ARG,21,NH2,ASP,19,OD1,5255,0.17516082797240093
ASN,250,ND2,GLU,247,OE2,5250,0.17499416686110464
GLY,71,N,PRO,340,O,5217,0.1738942035265491
ASN,381,ND2,ASP,383,OD2,5182,0.17272757574747508
ARG,225,NE,GLU,222,OE1,5142,0.17139428685710476
ALA,391,N,ASN,389,OD1,5110,0.17032765574480851
ARG,315,NH2,GLU,322,OE1,5093,0.16976100796640112
PHE,419,N,ARG,415,O,5069,0.16896103463217893
LYS,111,NZ,ASP,106,OD2,5024,0.16746108463051232
SER,68,N,GLU,65,O,5013,0.16709443018566048
LYS,131,NZ,GLU,128,OE1,5012,0.1670610979634012
LYS,169,NZ,GLU,166,OE1,4985,0.16616112796240126
LYS,33,N,ARG,29,O,4954,0.16512782907236426
GLY,13,N,LEU,9,O,4937,0.16456118129395686
ARG,105,NH2,ASP,106,OD2,4893,0.1630945635145495
GLU,411,N,CM1,408,O,4663,0.15542815239492017
ARG,31,NE,ASP,36,OD1,4654,0.15512816239458685
ARG,70,NH2,HM1,464,O2A,4643,0.154761507949735
ARG,70,NH2,HM1,464,O2D,4630,0.15432818906036466
GLU,116,N,SER,113,O,4619,0.15396153461551282
ARG,415,NE,GLU,411,OE2,4601,0.15336155461484619
HID,369,N,THR,366,O,4595,0.15316156128129063
ARG,112,NH1,GLU,120,OE1,4594,0.15312822905903137
GLN,163,NE2,GLU,128,OE1,4592,0.15306156461451284
LYS,131,NZ,GLU,128,OE2,4565,0.1521615946135129
GLY,271,N,LEU,267,O,4550,0.15166161127962402
GLN,187,N,VAL,184,O,4545,0.15149495016832773
ARG,298,NH1,GLU,301,OE1,4545,0.15149495016832773
THR,227,N,LYS,223,O,4533,0.15109496350121662
LYS,111,NZ,PRO,233,O,4483,0.14942835238825372
ASN,261,ND2,HIE,257,O,4473,0.14909503016566114
ARG,112,NH1,GLU,120,OE2,4371,0.14569514349521684
ARG,57,NH1,GLU,54,OE1,4366,0.14552848238392055
THR,344,OG1,ALA,66,O,4351,0.14502849905003168
GLN,163,NE2,GLU,128,OE2,4344,0.14479517349421686
LYS,393,NZ,ASP,383,O,4288,0.1429285690476984
ARG,415,NH2,GLU,411,OE2,4261,0.14202859904669846
ARG,415,NE,GLU,411,OE1,4252,0.1417286090463651
GLN,445,NE2,PRO,453,O,4243,0.1414286190460318
THR,344,OG1,GLN,345,OE1,4215,0.14049531682277258
ARG,415,NH2,GLU,411,OE1,4215,0.14049531682277258
TYR,373,OH,GLU,54,OE1,4214,0.14046198460051332
ARG,415,N,GLU,417,OE2,4197,0.13989533682210592
ARG,57,NH1,ASP,62,OD2,4178,0.13926202459918002
PHE,199,N,PHE,195,O,4172,0.13906203126562447
ARG,406,NE,HM1,464,O2A,4160,0.1386620445985134
ARG,298,NH2,GLU,301,OE2,4122,0.13739542015266157
SER,278,OG,THR,274,O,4097,0.13656211459618012
ASP,62,N,ARG,57,O,4080,0.13599546681777275
ARG,97,NH2,CM1,408,O,4073,0.13576214126195793
ARG,70,NH2,GLY,71,O,4063,0.13542881903936535
ARG,280,NH1,GLU,273,OE2,4043,0.1347621745941802
ARG,298,NH2,GLU,301,OE1,3958,0.13192893570214326
GLU,115,N,GLU,115,OE2,3940,0.13132895570147662
TYR,297,OH,GLU,301,OE2,3935,0.13116229459018033
ARG,130,NE,GLU,127,OE1,3918,0.13059564681177294
GLY,450,N,ILE,181,O,3881,0.1293623545881804
ARG,70,NH1,HM1,464,O2D,3872,0.12906236458784706
SER,249,OG,LYS,246,O,3872,0.12906236458784706
ARG,57,NH1,GLU,54,OE2,3864,0.128795706809773
ARG,130,NH1,GLU,127,OE1,3850,0.1283290556981434
ARG,130,NH1,GLU,127,OE2,3844,0.12812906236458785
ASN,381,ND2,ASP,383,OD1,3788,0.1262624579180694
PHE,421,N,LEU,418,O,3766,0.12552914902836573
ARG,130,NE,GLU,127,OE2,3739,0.12462917902736576
TYR,320,N,GLU,299,OE1,3700,0.1233292223592547
ALA,367,N,LEU,364,O,3689,0.12296256791440285
ILE,413,N,LEU,409,O,3673,0.12242925235825472
PHE,268,N,LEU,265,O,3672,0.12239592013599547
GLU,115,N,GLU,115,OE1,3669,0.1222959234692177
GLY,186,N,SER,183,O,3635,0.12116262791240293
GLU,116,N,SER,113,OG,3618,0.12059598013399553
SER,402,OG,HM1,464,O2A,3616,0.12052931568947702
ARG,298,NH1,GLU,301,OE2,3600,0.1199960001333289
ARG,463,NE,ARG,463,O,3596,0.11986267124429185
ARG,415,NH2,GLU,322,OE1,3591,0.11969601013299556
ARG,57,NH2,ASP,62,OD1,3575,0.11916269457684744
ARG,45,NE,GLU,190,OE1,3560,0.11866271124295857
HIE,203,NE2,LEU,196,O,3499,0.11662944568514383
ARG,29,NH1,ASP,19,OD2,3473,0.11576280790640311
ARG,117,NH1,SER,153,OG,3430,0.11432952234925503
ASN,428,N,ILE,425,O,3369,0.11229625679144029
GLN,187,N,SER,183,O,3345,0.1114962834572181
ARG,70,N,ASN,89,OD1,3337,0.11122962567914403
ARG,57,NE,GLU,396,OE1,3330,0.11099630012332923
ARG,315,NH1,GLU,417,OE1,3325,0.11082963901203294
LEU,312,N,GLU,115,OE2,3269,0.10896303456551448
ARG,45,NE,GLU,190,OE2,3260,0.10866304456518117
SER,132,N,LEU,129,O,3252,0.1083963867871071
TYR,297,OH,GLU,301,OE1,3249,0.10829639012032932
ARG,463,NH1,LEU,426,O,3247,0.10822972567581081
ARG,57,NH2,GLU,396,OE2,3244,0.10812972900903303
PHE,67,N,ALA,64,O,3238,0.10792973567547748
LEU,418,N,ALA,414,O,3181,0.10602979900669977
THR,147,OG1,THR,272,O,3176,0.10586313789540348
ARG,112,NE,GLU,116,OE1,3169,0.10562981233958868
THR,455,OG1,GLN,445,OE1,3160,0.10532982233925536
LYS,223,NZ,GLU,226,OE1,3152,0.1050631645611813
ASN,91,ND2,GLU,254,OE2,3111,0.10369654344855171
TYR,373,OH,GLU,396,OE2,3092,0.10306323122562581
SER,266,OG,ASN,263,O,3077,0.10256324789173694
GLN,205,NE2,ASN,209,OD1,3074,0.10246325122495917
ARG,112,NE,GLU,116,OE2,3071,0.10236325455818139
ASN,91,ND2,GLU,254,OE1,3070,0.10232992233592214
ARG,57,NH1,ASP,62,OD1,3055,0.10182993900203327
ARG,105,N,THR,102,O,3046,0.10152994900169994
LYS,133,N,ARG,130,O,3024,0.10079664011199627
ARG,315,NH1,ALA,416,O,3010,0.10032998900036666
MET,18,N,LEU,15,O,3009,0.1002966567781074
ARG,204,N,GLY,201,O,3003,0.10009666344455184
ARG,415,NH2,GLU,322,OE2,3001,0.10002999900003333
ARG,112,NH2,GLU,116,OE1,2972,0.09906336455451485
ILE,440,N,ALA,436,O,2966,0.0988633712209593
ARG,315,NH1,GLU,417,OE2,2958,0.09859671344288523
ARG,70,NH2,PRO,340,O,2950,0.09833005566481118
GLN,176,NE2,ASN,172,OD1,2940,0.0979967334422186
LYS,223,NZ,GLU,226,OE2,2926,0.09753008233058898
ILE,407,N,GLY,404,O,2923,0.0974300856638112
ARG,298,NE,GLU,301,OE1,2919,0.09729675677477417
ARG,70,NH1,VAL,85,O,2897,0.0965634478850705
GLU,417,N,GLU,417,OE1,2890,0.0963301223292557
ALA,391,N,ASP,387,O,2885,0.0961634612179594
ARG,57,NH2,GLU,396,OE1,2871,0.09569681010632979
LYS,234,NZ,ASP,229,OD2,2835,0.0944968501049965
LYS,234,NZ,SER,231,OG,2833,0.09443018566047798
GLN,123,NE2,GLN,119,O,2829,0.09429685677144095
ARG,159,NH1,GLU,120,OE1,2798,0.09326355788140395
ARG,70,NE,GLY,71,O,2795,0.09316356121462618
ARG,70,NE,ALA,88,O,2781,0.09269691010299656
SER,433,OG,VAL,435,O,2781,0.09269691010299656
ARG,29,NH2,ASP,19,OD1,2774,0.09246358454718176
PHE,192,N,LEU,188,O,2720,0.09066364454518183
ASP,333,N,PHE,331,O,2711,0.0903636545448485
ARG,57,NE,GLU,396,OE2,2680,0.08933035565481151
LEU,267,N,THR,264,O,2677,0.08923035898803373
ARG,29,NH1,ASP,19,OD1,2636,0.08786373787540415
ARG,298,NE,GLU,301,OE2,2632,0.08773040898636712
TYR,373,OH,GLU,396,OE1,2620,0.08733042231925603
LYS,451,N,LEU,334,O,2620,0.08733042231925603
ARG,105,NH2,GLY,412,O,2612,0.08706376454118196
ARG,105,NH2,ASP,106,OD1,2605,0.08683043898536716
LYS,131,N,GLU,128,O,2603,0.08676377454084863
ARG,57,NH1,GLU,396,O,2584,0.08613046231792273
ARG,57,NE,GLU,54,OE1,2583,0.08609713009566347
ARG,70,NE,PRO,340,O,2567,0.08556381453951535
GLN,205,NE2,GLN,176,OE1,2550,0.08499716676110797
LYS,234,NZ,ASP,229,OD1,2538,0.08459718009399686
ARG,29,NH2,ASP,19,OD2,2535,0.0844971834272191
SER,193,OG,GLU,190,OE2,2529,0.08429719009366354
TYR,326,OH,GLU,322,OE1,2515,0.08383053898203394
LYS,133,N,LEU,129,O,2509,0.08363054564847838
SER,256,N,TYR,240,OH,2479,0.08263057898070064
LYS,72,N,GLU,359,OE1,2472,0.08239725342488584
TYR,216,N,ILE,213,O,2450,0.08166394453518216
ARG,81,NH1,PRO,78,O,2449,0.0816306123129229
GLN,187,NE2,GLY,448,O,2437,0.08123062564581181
ARG,298,NH1,GLU,294,OE1,2403,0.08009733008899704
ARG,105,NE,ASP,106,OD2,2387,0.0795640145328489
SER,253,N,ASN,250,O,2380,0.0793306889770341
ARG,45,N,LEU,42,O,2373,0.0790973634212193
THR,455,N,GLN,445,OE1,2347,0.07823072564247859
ARG,29,NH2,GLU,32,OE1,2339,0.07796406786440452
ARG,225,NH1,GLU,222,OE1,2338,0.07793073564214527
ARG,112,NH2,GLU,116,OE2,2330,0.0776640778640712
ASN,259,ND2,TYR,240,OH,2319,0.07729742341921936
ARG,298,NE,GLU,294,OE2,2297,0.07656411452951568
ARG,57,NH2,ASP,62,OD2,2294,0.07646411786273791
VAL,449,N,ILE,181,O,2249,0.0749641678610713
SER,348,OG,TYR,352,O,2242,0.07473084230525649
ASN,259,ND2,ARG,92,NE,2237,0.0745641811939602
LYS,131,NZ,GLU,127,O,2216,0.07386420452651578
SER,430,OG,PRO,462,O,2194,0.0731308956368121
ARG,29,NE,GLU,32,OE2,2182,0.07273090896970101
GLN,119,NE2,GLU,311,OE2,2154,0.07179760674644178
ASP,106,N,THR,102,O,2123,0.07076430785640479
GLY,69,N,ILE,342,O,2120,0.07066431118962702
LEU,24,N,GLN,187,OE1,2081,0.06936435452151594
GLN,165,NE2,GLN,163,O,2068,0.0689310356321456
ARG,105,NH2,GLU,115,OE1,2063,0.06876437452084931
LYS,350,NZ,GLU,54,O,2033,0.06776440785307157
ARG,117,NE,ARG,112,O,2030,0.0676644111862938
TYR,216,OH,GLU,166,OE1,2030,0.0676644111862938
ARG,81,NE,PHE,79,O,2023,0.06743108563047899
ALA,135,N,LYS,133,O,1991,0.06636445451818272
ARG,159,NH1,GLU,120,OE2,1991,0.06636445451818272
LYS,72,N,GLU,359,OE2,1989,0.06629779007366421
LEU,364,N,LEU,362,O,1989,0.06629779007366421
ARG,298,NE,GLU,294,OE1,1977,0.06589780340655312
LYS,317,NZ,ASP,314,OD1,1972,0.06573114229525683
LYS,111,N,MET,109,O,1971,0.06569781007299756
GLN,119,NE2,GLU,311,OE1,1969,0.06563114562847905
ARG,225,NH1,GLU,222,OE2,1962,0.06539782007266425
ARG,31,NH2,ASP,370,OD1,1957,0.06523115896136795
ASN,214,ND2,ASN,261,OD1,1946,0.06486450451651611
TYR,326,OH,GLU,322,OE2,1943,0.06476450784973835
PHE,185,N,SER,183,OG,1928,0.06426452451584948
GLU,226,N,LYS,223,O,1920,0.06399786673777541
SER,153,OG,ILE,150,O,1893,0.06309789673677545
SER,193,OG,GLU,190,OE1,1891,0.06303123229225692
HIE,203,NE2,PHE,199,O,1885,0.06283123895870138
ARG,117,NH1,GLU,120,OE2,1864,0.062131262291256956
SER,26,OG,LEU,23,O,1857,0.06189793673544215
ARG,308,NH2,ASP,314,OD2,1840,0.06133128895703477
PHE,167,N,ASP,164,O,1835,0.06116462784573848
ARG,81,NE,PRO,78,O,1830,0.06099796673444219
LEU,409,N,HM1,464,ND,1830,0.06099796673444219
ARG,31,NH1,ASP,370,OD2,1829,0.060964634512182925
SER,193,OG,PHE,189,O,1825,0.0608313056231459
GLU,115,N,SER,113,OG,1820,0.06066464451184961
ALA,74,N,GLU,190,OE1,1800,0.05999800006666445
ARG,70,NH1,ILE,86,O,1789,0.059631345621812604
LYS,451,NZ,SER,332,O,1789,0.059631345621812604
LEU,260,N,HIE,257,O,1786,0.059531348955034834
ARG,31,NH2,ASP,370,OD2,1780,0.05933135562147929
TYR,216,OH,GLU,166,OE2,1777,0.05923135895470151
THR,147,N,PHE,143,O,1776,0.059198026732442253
GLY,271,N,SER,266,O,1764,0.05879804006533115
ARG,295,NH1,GLU,299,OE2,1764,0.05879804006533115
ARG,298,NH2,GLU,294,OE2,1762,0.05873137562081264
LEU,23,N,GLN,187,OE1,1755,0.058498050064997836
ARG,315,NE,LEU,312,O,1750,0.058331388953701546
ARG,463,NE,ARG,463,OXT,1737,0.05789807006433119
ARG,463,NE,LEU,426,O,1725,0.057498083397220096
GLN,258,N,GLN,258,OE1,1703,0.056764774507516415
THR,344,OG1,SER,68,OG,1702,0.05673144228525716
GLY,157,N,CYS,152,O,1689,0.0562981233958868
ARG,406,N,LEU,403,O,1683,0.056098130062331254
SER,332,N,GLN,329,O,1676,0.05586480450651645
ARG,81,NH2,GLN,258,OE1,1674,0.05579814006199793
ARG,29,NH2,GLU,32,OE2,1668,0.055598146728442384
ARG,159,NH1,SER,153,OG,1664,0.05546481783940535
ARG,298,NH2,GLU,294,OE1,1659,0.05529815672810906
ARG,295,NH1,GLU,299,OE1,1654,0.05513149561681277
LYS,248,N,MET,244,O,1634,0.05446485117162761
SER,193,N,GLU,190,O,1628,0.05426485783807206
ARG,29,NE,GLU,32,OE1,1608,0.0535982133928869
LYS,63,NZ,ASP,62,OD2,1608,0.0535982133928869
SER,193,N,PHE,189,O,1592,0.053064897836738775
LYS,376,NZ,GLU,375,OE2,1587,0.052898236725442485
ARG,92,NH2,GLU,254,OE2,1576,0.05253158228059065
ARG,159,NH2,GLU,121,OE1,1571,0.05236492116929436
SER,183,OG,GLU,446,OE1,1551,0.0516982767241092
LYS,158,NZ,ARG,159,O,1547,0.051564947835072164
ARG,280,NH2,GLU,273,OE2,1542,0.051398286723775874
ALA,88,N,VAL,85,O,1536,0.05119829339022033
LYS,72,NZ,GLU,359,OE1,1533,0.05109829672344255
ASN,172,ND2,LEU,168,O,1522,0.05073164227859071
ARG,31,NH1,ASP,370,OD1,1499,0.049965001166627776
ARG,159,NH1,GLU,120,O,1485,0.04949835005499817
LEU,418,N,ARG,415,O,1475,0.04916502783240559
GLN,445,NE2,THR,455,OG1,1473,0.04909836338788707
ARG,29,NH2,GLN,17,O,1467,0.04889837005433152
ARG,117,NH1,GLU,120,OE1,1464,0.048798373387553745
SER,132,OG,LEU,129,O,1462,0.04873170894303523
LYS,350,NZ,GLU,58,OE2,1454,0.048465051164961165
ARG,57,NE,GLU,54,OE2,1449,0.048298390053664875
LYS,376,NZ,GLU,375,OE1,1436,0.047865071164294525
ARG,92,NH2,GLU,254,OE1,1422,0.04739842005266491
GLU,299,N,VAL,296,O,1419,0.047298423385887134
SER,278,OG,THR,275,O,1405,0.04683177227425753
SER,220,OG,TYR,216,O,1404,0.046798440051998264
LYS,350,NZ,GLU,58,OE1,1398,0.04659844671844272
LYS,63,NZ,ASP,62,OD1,1393,0.04643178560714643
THR,227,OG1,HIP,224,O,1389,0.04629845671810939
ARG,105,NH2,GLU,115,OE2,1382,0.04606513116229459
PHE,167,N,ASP,164,OD1,1370,0.045665144495183496
LYS,208,NZ,GLU,212,OE2,1365,0.045498483383887206
ARG,112,NE,GLU,120,OE2,1357,0.04523182560581314
GLU,417,N,ALA,414,O,1349,0.04496516782773907
LYS,317,NZ,HIE,313,O,1347,0.04489850338322056
ALA,416,N,GLU,417,OE2,1347,0.04489850338322056
PHE,380,N,TYR,289,OH,1326,0.04419852671577614
VAL,339,N,HM1,464,O2A,1317,0.04389853671544282
SER,193,OG,GLU,190,O,1310,0.043665211159628015
ARG,204,NH2,LYS,197,O,1308,0.043598546715109494
GLN,302,N,GLU,299,O,1296,0.0431985600479984
THR,147,OG1,THR,272,OG1,1268,0.04226525782473917
GLN,445,NE2,TYR,175,OH,1259,0.04196526782440585
ARG,105,NH1,GLU,417,OE1,1255,0.04183193893536882
TYR,175,OH,GLN,445,OE1,1252,0.041731942268591046
PHE,80,N,ASP,77,O,1249,0.041631945601813276
GLY,43,N,HIE,41,O,1244,0.041465284490516986
PHE,189,N,GLY,186,O,1243,0.04143195226825772
PHE,167,N,ASP,164,OD2,1237,0.041231958934702176
ALA,215,N,GLU,212,O,1229,0.040965301156628116
ARG,225,N,GLU,222,O,1213,0.04043198560047998
ALA,55,N,GLY,52,O,1212,0.040398653378220725
ARG,70,NH2,HM1,464,O1A,1210,0.04033198893370221
THR,272,OG1,LEU,267,O,1207,0.040231992266924435
LYS,169,NZ,GLU,212,OE2,1201,0.04003199893336889
LYS,246,N,HID,243,O,1198,0.03993200226659111
ARG,204,N,HIE,203,ND1,1165,0.0388320389320356
VAL,61,N,GLU,58,O,1164,0.038798706709776344
ARG,159,NH2,GLU,120,OE1,1158,0.03859871337622079
LYS,356,NZ,THR,344,O,1158,0.03859871337622079
ARG,406,NH2,HM1,464,O1A,1156,0.03853204893170228
ARG,117,NE,SER,113,O,1135,0.03783207226425786
ARG,315,NH1,GLU,322,OE2,1128,0.03759874670844305
GLN,302,NE2,ARG,298,O,1127,0.03756541448618379
ARG,105,NH2,GLU,417,OE1,1124,0.03746541781940602
GLU,438,N,GLU,438,OE1,1122,0.0373987533748875
ARG,105,NE,SER,113,OG,1119,0.03729875670810973
LEU,173,N,MET,170,O,1119,0.03729875670810973
ARG,415,NH2,GLU,322,O,1119,0.03729875670810973
ARG,117,NH2,ARG,112,O,1108,0.03693210226325789
GLN,187,NE2,ILE,181,O,1108,0.03693210226325789
LYS,197,N,GLY,194,O,1106,0.036865437818739376
ARG,57,NH1,GLU,396,OE2,1105,0.03683210559648012
GLU,396,N,GLU,396,OE2,1101,0.036698776707443086
ARG,70,NH2,HM1,464,O1D,1095,0.03649878337388754
GLU,438,N,GLU,438,OE2,1094,0.03646545115162828
SER,365,OG,PRO,336,O,1087,0.03623212559581347
ARG,112,NE,GLU,120,OE1,1077,0.03589880337322089
GLN,345,NE2,GLU,65,O,1076,0.035865471150961635
LYS,208,NZ,GLU,212,OE1,1075,0.03583213892870238
ARG,81,NH1,GLN,258,OE1,1066,0.035532148928369055
ARG,57,NH1,GLU,396,OE1,1065,0.0354988167061098
GLU,247,N,MET,244,O,1065,0.0354988167061098
SER,430,OG,GLU,294,OE2,1062,0.03539882003933202
ASN,261,ND2,ASN,214,O,1061,0.035365487817072765
HIE,346,N,GLN,345,OE1,1050,0.03499883337222093
ILE,154,N,ILE,151,O,1049,0.03496550114996167
ARG,406,NH1,GLY,69,O,1049,0.03496550114996167
ASN,259,N,SER,256,O,1043,0.03476550781640612
LEU,312,N,GLU,115,OE1,1040,0.03466551114962835
ARG,298,NH1,GLU,294,OE2,1019,0.03396553448218393
GLN,345,NE2,THR,344,OG1,1019,0.03396553448218393
LYS,25,N,GLY,22,O,1009,0.03363221225959135
ARG,105,NH1,GLU,411,OE2,1003,0.033432218926035796
GLN,345,N,ALA,66,O,1002,0.03339888670377654
LEU,418,N,GLU,417,OE1,1000,0.033332222259258026
LYS,169,NZ,GLU,212,OE1,992,0.03306556448118396
THR,103,N,SER,100,O,989,0.03296556781440619
THR,344,OG1,GLU,65,O,987,0.03289890336988767
SER,68,OG,ALA,64,O,984,0.0327989067031099
ARG,406,NH2,ALA,88,O,983,0.032765574480850636
ASP,77,N,ALA,74,O,982,0.03273224225859138
GLN,123,NE2,GLN,119,OE1,973,0.032432252258258056
SER,113,N,GLU,116,OE2,963,0.032098930035665475
GLU,396,N,GLU,396,OE1,962,0.03206559781340622
ARG,406,NH2,PRO,340,O,961,0.03203226559114696
ARG,70,NH2,VAL,339,O,954,0.03179894003533216
LYS,131,NZ,GLU,127,OE2,954,0.03179894003533216
ASN,89,ND2,ARG,70,O,944,0.03146561781273958
ARG,81,NH1,PHE,79,O,934,0.031132295590146995
GLN,258,N,SER,256,OG,928,0.030932302256591448
PHE,269,N,SER,266,O,906,0.03019899336688777
ARG,97,NH1,HM1,464,O2D,902,0.030065664477850737
GLY,271,N,PHE,268,O,896,0.02986567114429519
ASP,333,N,ARG,330,O,895,0.029832338922035934
ARG,159,NH2,GLU,120,OE2,892,0.029732342255258157
ARG,45,NH2,LYS,72,O,891,0.0296990100329989
ASN,250,ND2,GLU,247,O,889,0.029632345588480383
ARG,70,NH2,VAL,85,O,884,0.029465684477184093
SER,68,N,ALA,64,O,878,0.029265691143628546
ARG,117,NH1,SER,113,O,869,0.028965701143295223
SER,113,N,GLU,116,OE1,860,0.028665711142961903
GLN,123,N,GLU,120,O,843,0.028099063364554516
ARG,330,NH1,HID,369,NE2,837,0.027899070030998965
LYS,131,NZ,GLU,127,OE1,833,0.027765741141961935
ARG,105,NH1,GLY,412,O,826,0.02753241558614713
ARG,1,NE,LEU,2,O,824,0.02746575114162861
ASN,214,ND2,ASN,214,O,824,0.02746575114162861
PHE,401,N,ILE,399,O,823,0.027432418919369355
HIE,161,N,ASP,164,OD1,822,0.027399086697110095
PHE,255,N,GLU,247,OE2,821,0.02736575447485084
GLU,254,N,GLU,247,OE2,814,0.02713242891903603
MET,170,N,PHE,167,O,803,0.026765774474184195
ARG,105,NH1,GLU,115,OE1,801,0.026699110029665678
GLN,165,N,GLN,165,OE1,801,0.026699110029665678
ARG,117,NE,SER,153,OG,791,0.026365787807073097
LYS,350,N,GLU,58,OE1,791,0.026365787807073097
SER,68,OG,THR,344,OG1,790,0.02633245558481384
LYS,376,NZ,ASP,378,OD1,786,0.026199126695776807
ARG,117,NH2,GLY,110,O,782,0.026065797806739774
THR,39,OG1,VAL,47,O,778,0.025932468917702744
LYS,133,NZ,ARG,130,O,778,0.025932468917702744
ARG,20,NH1,ARG,20,O,774,0.02579914002866571
ARG,70,NE,HM1,464,O2D,759,0.02529915669477684
SER,276,OG,GLU,273,OE2,759,0.02529915669477684
ARG,308,NH1,ASP,314,OD1,753,0.025099163361221293
ARG,130,NH2,ASN,428,OD1,751,0.025032498916702776
ARG,112,NH1,GLY,110,O,749,0.02496583447218426
GLN,163,NE2,TYR,162,O,744,0.02479917336088797
PHE,174,N,LEU,171,O,735,0.02449918336055465
ARG,105,NH1,GLU,115,OE2,730,0.02433252224925836
SER,26,OG,ASP,19,OD1,728,0.024265857804739843
SER,430,OG,GLU,294,OE1,726,0.024199193360221326
SER,113,OG,GLU,116,OE2,724,0.02413252891570281
ARG,105,NE,GLU,115,OE2,720,0.02399920002666578
ALA,436,N,ASP,439,OD1,717,0.023899203359888002
SER,113,OG,GLU,116,OE1,714,0.02379920669311023
LYS,376,NZ,ASP,378,OD2,709,0.02363254558181394
LEU,15,N,GLY,13,O,700,0.02333255558148062
ARG,415,N,GLU,417,OE1,698,0.0232658911369621
GLY,108,N,ASP,106,OD2,694,0.023132562247925068
ALA,436,N,ASP,439,OD2,690,0.022999233358888038
GLY,43,N,LEU,12,O,689,0.022965901136628778
GLU,128,N,LEU,125,O,687,0.02289923669211026
LEU,12,N,LEU,9,O,683,0.02276590780307323
ALA,388,N,ASP,387,OD2,666,0.022199260024665844
ARG,1,N,ILE,353,O,659,0.021965934468851037
MET,104,N,VAL,101,O,655,0.021832605579814007
LYS,234,NZ,ASP,235,OD1,653,0.02176594113529549
LYS,350,NZ,GLU,54,OE2,649,0.021632612246258457
LYS,405,NZ,SER,68,OG,645,0.021499283357221427
SER,68,N,THR,344,OG1,629,0.020965967801073297
GLY,71,N,GLY,69,O,629,0.020965967801073297
THR,455,N,GLN,445,NE2,628,0.02093263557881404
ARG,105,NH1,ILE,413,O,617,0.020565981133962203
ALA,74,N,GLU,190,OE2,616,0.020532648911702943
LYS,25,NZ,ASP,19,OD2,615,0.020499316689443686
ARG,112,N,ARG,117,NH2,615,0.020499316689443686
GLN,176,NE2,ASN,209,OD1,609,0.020299323355888136
ASP,229,N,THR,227,OG1,606,0.020199326689110363
ARG,117,N,VAL,114,O,604,0.020132662244591846
GLU,127,N,CYS,124,O,602,0.020065997800073333
SER,68,N,ALA,66,O,601,0.020032665577814072
SER,183,N,SER,179,O,601,0.020032665577814072
LEU,287,N,LEU,284,O,600,0.019999333355554816
ARG,315,NH2,GLU,417,OE2,595,0.019832672244258526
LYS,234,NZ,ASP,238,OD2,594,0.019799340021999266
LYS,208,NZ,GLN,211,OE1,582,0.019399353354888172
SER,132,OG,GLU,128,OE1,580,0.019332688910369655
ARG,1,NE,GLY,351,O,574,0.019132695576814105
ARG,315,NH2,GLU,417,OE1,574,0.019132695576814105
ARG,406,NH1,HM1,464,O2D,574,0.019132695576814105
GLY,90,N,ASN,89,OD1,567,0.0188993700209993
LYS,72,NZ,GLU,359,OE2,566,0.01886603779874004
ARG,70,NH2,ALA,88,O,562,0.01873270890970301
SER,132,OG,GLU,128,OE2,560,0.018666044465184495
ASN,250,ND2,HIE,252,O,560,0.018666044465184495
HIE,161,N,ASP,164,OD2,558,0.018599380020665978
GLN,187,NE2,SER,183,O,558,0.018599380020665978
ALA,388,N,ASP,387,OD1,557,0.01856604779840672
ARG,45,NH1,LYS,72,O,554,0.018466051131628945
GLN,187,NE2,CYS,447,O,551,0.01836605446485117
LYS,208,NZ,GLN,205,OE1,549,0.018299390020332654
GLY,22,N,ASP,19,OD1,546,0.01819939335355488
GLU,32,N,ARG,29,O,543,0.018099396686777108
LYS,350,NZ,GLU,54,OE1,542,0.01806606446451785
LYS,25,NZ,ASP,19,OD1,539,0.017966067797740074
SER,26,OG,ASP,19,OD2,539,0.017966067797740074
ARG,225,NH2,GLU,226,OE1,524,0.017466084463851204
ARG,105,N,SER,100,O,523,0.017432752241591947
VAL,303,N,ILE,300,O,522,0.01739942001933269
GLU,375,N,GLU,375,OE1,517,0.0172327589080364
GLU,245,N,LEU,242,O,516,0.01719942668577714
LYS,393,NZ,ASP,387,OD2,510,0.016999433352221593
ARG,406,NH2,PHE,67,O,510,0.016999433352221593
ASN,172,ND2,GLN,176,NE2,509,0.016966101129962333
LEU,312,N,GLU,311,OE2,507,0.01689943668544382
ARG,315,NH1,GLU,322,OE1,502,0.01673277557414753
LYS,234,NZ,ASP,238,OD1,499,0.016632778907369753
ASN,428,ND2,GLN,427,OE1,499,0.016632778907369753
LEU,142,N,PRO,139,O,498,0.016599446685110496
LEU,312,N,GLU,311,OE1,497,0.01656611446285124
ARG,225,NH2,GLU,226,OE2,492,0.01639945335155495
LYS,350,NZ,ASP,36,OD1,491,0.01636612112929569
GLN,345,NE2,HIE,346,O,490,0.016332788907036433
LYS,393,NZ,ASP,387,OD1,486,0.0161994600179994
LYS,350,NZ,ASP,36,OD2,479,0.015966134462184593
CYS,124,N,GLU,121,O,477,0.01589947001766608
ARG,117,NH2,SER,153,O,476,0.01586613779540682
LYS,246,NZ,HID,243,NE2,475,0.015832805573147563
SER,256,OG,GLN,258,OE1,475,0.015832805573147563
HID,369,N,SER,365,O,475,0.015832805573147563
THR,272,N,LEU,267,O,474,0.015799473350888302
SER,253,N,HIE,252,ND1,473,0.015766141128629046
PHE,107,N,ASP,106,OD2,472,0.01573280890636979
ASP,62,N,GLU,58,O,471,0.01569947668411053
GLU,212,N,ASN,209,O,463,0.015432818906036466
LYS,158,N,PHE,156,O,461,0.015366154461517949
LYS,350,N,GLU,58,OE2,461,0.015366154461517949
VAL,449,N,GLN,187,OE1,453,0.015099496683443885
LYS,376,N,GLU,375,OE1,448,0.014932835572147595
ALA,416,N,GLU,417,OE1,440,0.014666177794073532
LYS,111,NZ,GLY,108,O,437,0.014566181127295756
PHE,255,N,GLU,247,OE1,436,0.014532848905036498
LYS,451,NZ,ASP,333,O,434,0.014466184460517983
ARG,415,NH1,TYR,326,N,429,0.014299523349221693
GLN,258,NE2,TYR,83,OH,428,0.014266191126962435
PHE,107,N,ASP,106,OD1,424,0.014132862237925403
ARG,308,NH1,ILE,304,O,422,0.014066197793406886
ARG,415,NH2,TYR,326,OH,420,0.013999533348888371
PHE,107,N,ARG,105,O,417,0.013899536682110596
GLU,254,N,GLU,247,OE1,416,0.013866204459851338
ARG,7,NH1,PRO,8,O,415,0.013832872237592081
GLN,345,NE2,THR,347,OG1,413,0.013766207793073564
TYR,373,N,ASP,370,OD2,411,0.013699543348555047
ILE,86,N,SER,266,OG,409,0.013632878904036532
ARG,1,NH1,LEU,2,O,407,0.013566214459518016
SER,402,N,PRO,400,O,407,0.013566214459518016
LEU,60,N,ARG,57,O,405,0.0134995500149995
ARG,204,NH2,TYR,198,O,402,0.013399553348221726
LYS,376,N,GLU,375,OE2,401,0.013366221125962467
ARG,105,NE,GLU,115,OE1,397,0.013232892236925435
THR,272,N,PHE,269,O,387,0.012899570014332855
ALA,232,N,ASP,229,O,386,0.012866237792073597
GLU,375,N,GLU,375,OE2,386,0.012866237792073597
GLN,176,NE2,ASN,172,O,385,0.01283290556981434
TRP,93,N,GLY,90,O,383,0.012766241125295823
ARG,21,NH2,GLU,446,OE2,382,0.012732908903036565
THR,147,OG1,THR,275,OG1,381,0.012699576680777307
ARG,459,NH2,GLY,134,O,381,0.012699576680777307
GLN,165,NE2,GLU,166,OE2,378,0.012599580013999533
ARG,105,NH1,GLU,411,OE1,376,0.012532915569481017
ASN,89,ND2,ALA,88,O,374,0.012466251124962502
LYS,393,NZ,LEU,386,O,373,0.012432918902703243
GLN,119,NE2,GLU,115,OE2,366,0.012199593346888436
ARG,415,NE,GLU,322,OE1,365,0.01216626112462918
SER,68,OG,GLU,65,OE2,362,0.012066264457851405
GLN,165,NE2,GLN,165,O,361,0.012032932235592146
ARG,81,NH2,PHE,79,O,360,0.01199960001333289
ARG,70,NH1,HM1,464,O2A,359,0.011966267791073631
LEU,418,N,GLU,417,OE2,357,0.011899603346555114
ALA,391,N,ASP,387,OD2,356,0.011866271124295856
ARG,1,NH2,GLY,351,O,353,0.011766274457518083
ASN,259,ND2,SER,256,OG,342,0.011399620012666244
ARG,105,NH1,SER,113,OG,340,0.011332955568147729
VAL,449,N,GLN,187,NE2,339,0.01129962334588847
LYS,72,NZ,ARG,70,O,337,0.011232958901369954
GLN,445,NE2,GLU,446,OE1,335,0.011166294456851439
SER,68,OG,GLU,65,OE1,332,0.011066297790073664
SER,183,N,ILE,181,O,327,0.010899636678777374
GLY,412,N,GLU,411,OE1,324,0.0107996400119996
TYR,373,N,ASP,370,OD1,321,0.010699643345221825
ARG,105,NE,GLY,412,O,320,0.010666311122962568
ILE,150,N,THR,147,O,320,0.010666311122962568
ASN,89,ND2,SER,68,O,318,0.010599646678444052
ARG,29,NH1,GLN,17,O,315,0.010499650011666278
GLN,258,NE2,HIE,257,ND1,311,0.010366321122629247
ASN,261,ND2,HIE,257,NE2,310,0.010332988900369988
ARG,406,NE,SER,68,OG,310,0.010332988900369988
GLU,54,N,GLU,54,OE2,309,0.01029965667811073
HIE,203,NE2,LYS,197,O,306,0.010199660011332956
LEU,196,N,SER,193,O,303,0.010099663344555181
LEU,228,N,ARG,225,O,303,0.010099663344555181
LYS,405,NZ,ALA,64,O,301,0.010032998900036666
ALA,391,N,ASP,387,OD1,297,0.009899670010999633
GLN,187,NE2,LEU,24,N,294,0.00979967334422186
LYS,234,NZ,THR,227,O,294,0.00979967334422186
GLY,412,N,GLU,411,OE2,293,0.009766341121962601
LEU,180,N,THR,177,O,292,0.009733008899703343
HID,243,N,TYR,240,O,291,0.009699676677444086
ARG,29,NH2,SER,26,OG,290,0.009666344455184828
GLN,329,NE2,ALA,414,O,288,0.009599680010666311
ARG,45,NH1,PRO,46,O,287,0.009566347788407053
HIE,313,NE2,GLU,311,OE2,282,0.009399686677110762
GLY,22,N,ASP,19,OD2,281,0.009366354454851506
TYR,281,OH,PHE,331,O,281,0.009366354454851506
ARG,29,NH1,GLU,32,OE1,280,0.009333022232592247
ASP,229,N,THR,227,O,279,0.009299690010332989
LYS,394,NZ,TYR,326,OH,279,0.009299690010332989
ARG,21,NH2,GLU,446,OE1,277,0.009233025565814472
LYS,223,NZ,HIE,219,ND1,277,0.009233025565814472
ARG,295,NE,HIE,291,O,276,0.009199693343555216
LEU,23,N,ARG,21,O,275,0.009166361121295957
ALA,270,N,LEU,265,O,272,0.009066364454518182
ARG,406,NH1,HM1,464,O1A,272,0.009066364454518182
GLN,119,NE2,GLU,115,OE1,271,0.009033032232258926
ARG,57,NH2,GLU,58,OE1,269,0.008966367787740409
GLN,119,NE2,GLU,115,O,267,0.008899703343221892
LYS,394,NZ,GLU,396,OE1,267,0.008899703343221892
SER,249,OG,ASN,250,OD1,265,0.008833038898703377
GLN,302,NE2,GLU,301,OE1,264,0.008799706676444119
ARG,29,NH1,GLU,32,OE2,263,0.00876637445418486
HIE,313,N,GLU,311,OE1,263,0.00876637445418486
PHE,398,N,THR,395,OG1,261,0.008699710009666345
SER,276,OG,GLN,144,N,259,0.008633045565147828
LYS,394,NZ,GLU,396,OE2,259,0.008633045565147828
ARG,406,NH1,PHE,67,O,259,0.008633045565147828
ARG,81,NH2,ASP,77,OD2,257,0.008566381120629312
SER,179,OG,GLN,176,O,256,0.008533048898370055
ARG,204,NH1,TYR,198,O,256,0.008533048898370055
ARG,415,NE,GLU,322,OE2,255,0.008499716676110797
GLU,54,N,GLU,54,OE1,254,0.008466384453851538
ARG,315,NH1,LEU,312,O,254,0.008466384453851538
LYS,25,NZ,ARG,21,O,253,0.00843305223159228
HIE,313,N,GLU,311,OE2,252,0.008399720009333022
TYR,83,OH,GLN,258,OE1,251,0.008366387787073765
THR,147,N,GLN,144,O,251,0.008366387787073765
HIE,313,NE2,GLU,311,OE1,250,0.008333055564814507
ARG,21,NH1,ASP,19,OD2,249,0.008299723342555248
TYR,207,OH,ALA,74,O,248,0.00826639112029599
ARG,463,NH2,PHE,429,O,248,0.00826639112029599
LYS,111,NZ,MET,109,O,247,0.008233058898036731
SER,183,OG,GLU,446,OE2,246,0.008199726675777475
LYS,197,NZ,SER,193,O,243,0.0080997300089997
GLN,165,NE2,GLU,166,OE1,242,0.008066397786740441
THR,227,OG1,GLU,226,O,242,0.008066397786740441
ARG,415,NE,ARG,315,NH2,241,0.008033065564481185
GLY,450,N,GLY,448,O,241,0.008033065564481185
ARG,308,NH2,PRO,309,O,240,0.007999733342221926
ARG,204,NE,PHE,199,O,237,0.007899736675444151
ARG,70,NH1,HM1,464,O1D,236,0.007866404453184895
ASN,209,ND2,LEU,173,O,235,0.007833072230925636
HID,341,ND1,HM1,464,O2A,234,0.007799740008666378
LYS,111,NZ,ASP,106,O,233,0.0077664077864071195
SER,430,OG,LEU,461,O,233,0.0077664077864071195
LYS,248,NZ,GLU,245,O,230,0.007666411119629346
GLY,71,N,ARG,406,NH1,229,0.007633078897370088
ILE,407,N,LYS,405,O,228,0.007599746675110829
ARG,315,N,GLU,311,O,227,0.007566414452851572
LYS,246,NZ,GLU,247,OE1,226,0.0075330822305923134
GLY,69,N,PHE,67,O,225,0.007499750008333056
GLY,84,N,GLY,82,O,221,0.007366421119296023
GLU,120,N,ARG,117,O,221,0.007366421119296023
ARG,225,NH2,GLU,245,OE1,220,0.007333088897036766
LEU,228,N,LYS,223,O,219,0.0072997566747775074
ASN,261,N,GLN,258,O,219,0.0072997566747775074
ARG,20,NH1,LEU,15,O,218,0.007266424452518249
GLN,211,NE2,LYS,208,O,217,0.0072330922302589916
THR,358,N,VAL,343,O,217,0.0072330922302589916
GLN,17,N,GLN,17,OE1,216,0.007199760007999733
GLN,445,NE2,GLU,446,OE2,216,0.007199760007999733
ARG,29,N,SER,26,O,213,0.007099763341221959
GLN,302,NE2,GLU,301,OE2,211,0.007033098896703443
ARG,21,NH1,GLU,446,OE2,210,0.0069997666744441855
ARG,81,NH2,PRO,78,O,210,0.0069997666744441855
THR,227,OG1,GLU,226,OE1,210,0.0069997666744441855
ARG,70,NH2,ILE,86,O,209,0.006966434452184927
THR,264,N,ASN,259,O,209,0.006966434452184927
VAL,114,N,ARG,105,O,208,0.006933102229925669
LEU,228,N,GLU,226,O,208,0.006933102229925669
GLU,65,N,GLU,65,OE2,207,0.006899770007666411
ARG,7,NH2,GLY,5,O,206,0.006866437785407153
LYS,405,N,LEU,60,O,202,0.006733108896370121
LYS,63,NZ,THR,347,OG1,201,0.006699776674110863
ILE,399,N,ALA,397,O,201,0.006699776674110863
GLN,144,N,PHE,141,O,199,0.006633112229592347
GLU,417,N,ILE,413,O,198,0.0065997800073330885
PHE,30,N,PHE,27,O,196,0.006533115562814573
SER,266,N,ASN,263,O,196,0.006533115562814573
ARG,81,NH1,GLN,258,NE2,195,0.006499783340555315
LYS,169,NZ,GLN,165,O,195,0.006499783340555315
LYS,197,NZ,TYR,198,OH,194,0.006466451118296057
ARG,415,NH1,TYR,326,OH,193,0.006433118896036798
TYR,34,N,ARG,31,O,191,0.0063664544515182825
HIP,224,N,VAL,221,O,191,0.0063664544515182825
GLN,345,NE2,THR,344,O,191,0.0063664544515182825
PHE,141,N,ASP,138,OD2,190,0.006333122229259025
ARG,1,NH1,GLY,351,O,189,0.006299790006999767
LYS,94,NZ,ASN,91,OD1,189,0.006299790006999767
SER,220,N,ILE,217,O,189,0.006299790006999767
GLN,187,NE2,GLY,186,O,188,0.006266457784740508
ASP,333,N,GLN,329,O,188,0.006266457784740508
GLN,176,NE2,GLN,176,O,186,0.006199793340221992
LEU,142,N,ASP,138,O,185,0.006166461117962735
LYS,317,NZ,HIE,313,ND1,185,0.006166461117962735
ILE,73,N,ASP,77,OD2,184,0.0061331288957034765
ARG,21,NH1,ASP,19,OD1,183,0.006099796673444218
MET,337,N,GLY,448,O,183,0.006099796673444218
ARG,57,NH2,TYR,373,OH,180,0.005999800006666445
GLN,187,NE2,SER,182,O,180,0.005999800006666445
LEU,191,N,GLN,187,O,180,0.005999800006666445
GLN,205,N,ALA,202,O,180,0.005999800006666445
ILE,217,N,ASN,214,O,180,0.005999800006666445
SER,26,OG,ASP,19,O,177,0.0058998033398886705
PHE,141,N,ASP,138,OD1,176,0.005866471117629412
LYS,197,NZ,GLY,194,O,176,0.005866471117629412
GLU,121,N,ILE,118,O,175,0.005833138895370155
SER,256,OG,GLU,254,O,175,0.005833138895370155
ARG,463,NH1,PHE,429,O,172,0.00573314222859238
ARG,81,NH2,TYR,207,OH,171,0.005699810006333122
HIE,252,N,ASN,250,ND2,170,0.0056664777840738645
HIE,291,N,HIE,291,ND1,170,0.0056664777840738645
ARG,112,NH1,GLU,116,OE1,169,0.005633145561814606
ARG,295,NH2,GLU,299,OE2,169,0.005633145561814606
GLN,211,NE2,GLU,212,OE1,167,0.00556648111729609
ARG,45,N,GLY,43,O,166,0.005533148895036832
ILE,126,N,GLN,123,O,166,0.005533148895036832
GLU,65,N,GLU,65,OE1,165,0.005499816672777574
ARG,204,NH1,LYS,197,O,165,0.005499816672777574
ASN,259,ND2,GLU,254,OE1,164,0.005466484450518316
ARG,308,NH2,GLU,311,OE1,164,0.005466484450518316
LYS,111,NZ,THR,102,O,162,0.0053998200059998
ALA,416,N,ILE,413,O,162,0.0053998200059998
THR,39,OG1,PRO,4,O,161,0.005366487783740542
LYS,246,NZ,GLU,247,OE2,161,0.005366487783740542
ASN,172,ND2,GLN,176,OE1,158,0.0052664911169627675
ARG,406,NH1,ALA,64,O,158,0.0052664911169627675
ARG,57,NH1,GLU,58,OE2,157,0.00523315889470351
LEU,188,N,PHE,185,O,157,0.00523315889470351
ARG,81,NH1,ASP,77,OD1,156,0.005199826672444252
LYS,33,NZ,TYR,34,OH,155,0.005166494450184994
ASN,172,ND2,ASN,172,O,155,0.005166494450184994
ARG,225,NH1,GLU,226,OE2,155,0.005166494450184994
ARG,57,NH1,GLU,58,OE1,154,0.005133162227925736
LYS,223,NZ,GLU,222,OE2,154,0.005133162227925736
ARG,225,NH2,HIE,257,ND1,153,0.005099830005666478
MET,318,N,ASP,314,O,152,0.00506649778340722
ARG,57,NE,GLU,58,OE1,151,0.0050331655611479615
LYS,451,NZ,PHE,331,O,151,0.0050331655611479615
GLU,190,N,GLY,186,O,150,0.004999833338888704
ARG,295,NH1,HIE,291,O,149,0.004966501116629446
ARG,57,NH2,GLU,58,OE2,148,0.004933168894370188
ARG,204,NH2,PHE,199,O,148,0.004933168894370188
THR,147,OG1,GLN,144,O,147,0.00489983667211093
HIE,161,NE2,GLU,128,OE2,146,0.004866504449851671
LYS,223,NZ,THR,227,OG1,146,0.004866504449851671
LYS,169,NZ,TYR,216,OH,145,0.004833172227592414
ASN,214,ND2,ASN,261,ND2,145,0.004833172227592414
GLY,108,N,ASP,106,O,141,0.004699843338555381
LYS,72,NZ,PHE,87,O,140,0.004666511116296124
ALA,64,N,ASP,62,O,138,0.004599846671777608
ARG,130,NH1,ASN,428,OD1,138,0.004599846671777608
LYS,131,NZ,GLN,163,OE1,138,0.004599846671777608
ARG,31,NH2,GLU,32,OE2,137,0.0045665144495183494
ARG,117,NH1,ARG,112,O,135,0.0044998500049998336
ARG,225,NE,GLU,245,OE2,134,0.004466517782740575
VAL,339,N,HID,341,NE2,134,0.004466517782740575
LYS,169,NZ,ASN,172,OD1,132,0.004399853338222059
SER,179,OG,GLU,446,OE2,132,0.004399853338222059
ARG,295,NH1,TYR,320,OH,131,0.004366521115962801
HIE,372,NE2,GLU,54,OE2,131,0.004366521115962801
LYS,393,NZ,LYS,394,O,131,0.004366521115962801
HID,243,ND1,GLU,247,OE1,130,0.004333188893703543
ARG,406,NH2,SER,68,O,130,0.004333188893703543
GLN,119,NE2,GLN,119,O,129,0.004299856671444285
ARG,225,NH2,GLU,245,OE2,129,0.004299856671444285
ARG,81,NH1,TYR,207,OH,128,0.0042665244491850276
GLN,302,NE2,GLN,302,O,128,0.0042665244491850276
ARG,112,NH1,GLU,116,OE2,127,0.004233192226925769
GLN,211,NE2,GLU,212,OE2,126,0.004199860004666511
VAL,435,N,SER,433,O,126,0.004199860004666511
LYS,111,NZ,THR,103,O,125,0.004166527782407253
ARG,31,NH2,GLU,32,OE1,124,0.004133195560147995
THR,177,N,PHE,174,O,124,0.004133195560147995
THR,227,OG1,GLU,226,OE2,124,0.004133195560147995
LEU,284,N,TYR,281,O,124,0.004133195560147995
ARG,463,NH2,LEU,426,O,124,0.004133195560147995
ARG,112,NH1,GLU,116,O,123,0.004099863337888737
ARG,225,NH1,GLU,226,OE1,123,0.004099863337888737
ARG,21,NH1,ARG,21,O,122,0.004066531115629479
LYS,223,NZ,GLU,222,OE1,122,0.004066531115629479
LYS,246,NZ,LEU,242,O,122,0.004066531115629479
LYS,169,N,GLU,166,O,121,0.004033198893370221
ARG,31,NH1,ASP,36,OD2,119,0.003966534448851705
ARG,159,NE,GLU,120,OE1,119,0.003966534448851705
ARG,295,NH2,GLU,299,OE1,119,0.003966534448851705
ARG,57,NH1,TYR,373,OH,118,0.003933202226592447
ARG,70,NH1,ASN,89,OD1,118,0.003933202226592447
LYS,248,N,HID,243,O,118,0.003933202226592447
SER,26,N,LEU,23,O,117,0.003899870004333189
LEU,242,N,THR,239,O,117,0.003899870004333189
ASN,381,ND2,GLU,375,OE1,116,0.003866537782073931
LYS,223,NZ,HIE,219,O,115,0.003833205559814673
SER,231,OG,ALA,232,O,115,0.003833205559814673
THR,275,N,ALA,270,O,115,0.003833205559814673
LYS,317,NZ,VAL,303,O,115,0.003833205559814673
ARG,45,NH2,GLU,190,O,114,0.0037998733375554147
ILE,73,N,ASP,77,OD1,114,0.0037998733375554147
LYS,208,NZ,ASN,209,OD1,114,0.0037998733375554147
HIE,203,N,HIE,203,ND1,113,0.0037665411152961567
ALA,367,N,ILE,363,O,113,0.0037665411152961567
LYS,111,NZ,PHE,107,O,112,0.0037332088930368988
THR,358,OG1,LYS,356,O,112,0.0037332088930368988
LEU,362,N,MET,337,O,111,0.003699876670777641
ARG,92,N,ASN,89,OD1,110,0.003666544448518383
ARG,21,NH1,GLU,446,OE1,109,0.0036332122262591245
GLN,258,NE2,GLN,258,O,109,0.0036332122262591245
ARG,92,NH2,HIE,252,ND1,107,0.0035665477817406087
GLN,211,NE2,TYR,207,O,107,0.0035665477817406087
ASN,259,ND2,GLU,254,OE2,107,0.0035665477817406087
ARG,225,NE,GLU,245,OE1,106,0.0035332155594813507
LYS,356,NZ,GLN,345,OE1,105,0.0034998833372220928
ARG,415,N,GLU,411,O,105,0.0034998833372220928
ASN,209,ND2,GLN,176,O,104,0.0034665511149628344
HIE,219,N,TYR,216,O,104,0.0034665511149628344
LYS,248,NZ,MET,244,O,102,0.0033998866704443185
SER,276,OG,THR,272,O,102,0.0033998866704443185
ASN,381,ND2,ALA,379,O,102,0.0033998866704443185
SER,253,OG,GLU,247,O,101,0.0033665544481850606
ARG,105,NH2,GLU,417,OE2,100,0.0033332222259258026
SER,145,N,LEU,142,O,100,0.0033332222259258026
ARG,406,NH1,SER,68,O,100,0.0033332222259258026
LEU,24,N,GLN,187,NE2,99,0.0032998900036665443
GLY,108,N,THR,102,O,98,0.0032665577814072863
SER,253,OG,ASN,250,O,98,0.0032665577814072863
THR,395,OG1,TYR,373,O,98,0.0032665577814072863
PHE,374,N,PRO,371,O,97,0.0032332255591480284
ARG,20,NE,MET,18,O,96,0.0031998933368887704
SER,145,OG,TYR,162,O,96,0.0031998933368887704
ARG,298,NH2,GLN,302,OE1,96,0.0031998933368887704
ARG,20,NH2,MET,18,O,95,0.0031665611146295125
ARG,112,NH2,GLU,116,O,95,0.0031665611146295125
ARG,117,NE,SER,153,O,95,0.0031665611146295125
SER,231,N,ASP,229,O,95,0.0031665611146295125
GLN,119,NE2,GLU,116,OE2,94,0.003133228892370254
ARG,204,NH1,PHE,199,O,94,0.003133228892370254
ARG,308,N,HIE,307,ND1,94,0.003133228892370254
ALA,414,N,GLU,411,O,93,0.003099896670110996
ARG,20,NH1,MET,18,O,92,0.0030665644478517383
ARG,31,NE,GLU,32,OE2,92,0.0030665644478517383
GLN,123,NE2,GLN,123,O,92,0.0030665644478517383
ALA,293,N,PRO,290,O,92,0.0030665644478517383
ARG,308,NH2,GLU,311,OE2,92,0.0030665644478517383
ARG,225,NH1,HIE,257,ND1,91,0.0030332322255924803
GLU,58,N,ALA,55,O,90,0.0029999000033332224
ARG,81,NE,ASP,77,O,90,0.0029999000033332224
GLN,119,NE2,GLU,116,OE1,90,0.0029999000033332224
ARG,81,NH1,ASP,77,OD2,89,0.002966567781073964
GLN,211,NE2,GLN,211,O,89,0.002966567781073964
ASN,250,N,LYS,246,O,89,0.002966567781073964
ARG,308,N,GLY,305,O,89,0.002966567781073964
GLN,457,NE2,ASP,138,N,89,0.002966567781073964
ARG,308,NE,PRO,309,O,88,0.002933235558814706
GLY,110,N,GLY,108,O,87,0.002899903336555448
ASN,149,N,ILE,146,O,87,0.002899903336555448
HIP,384,NE2,LYS,376,O,87,0.002899903336555448
ARG,406,NH1,VAL,85,O,87,0.002899903336555448
SER,179,OG,GLU,446,OE1,86,0.00286657111429619
GLN,205,NE2,GLN,205,O,86,0.00286657111429619
ARG,406,NH2,HM1,464,O2D,86,0.00286657111429619
LYS,111,NZ,LYS,234,O,84,0.002799906669777674
SER,26,OG,GLN,17,O,83,0.002766574447518416
GLY,134,N,SER,132,OG,83,0.002766574447518416
PHE,160,N,ASN,149,ND2,83,0.002766574447518416
ASN,172,ND2,LYS,169,O,83,0.002766574447518416
ILE,342,N,PHE,67,O,83,0.002766574447518416
MET,75,N,GLU,190,OE1,82,0.002733242225259158
ALA,379,N,PRO,377,O,82,0.002733242225259158
ARG,31,N,LEU,28,O,81,0.0026999100029999
ALA,59,N,ILE,56,O,81,0.0026999100029999
GLN,163,N,HIE,161,O,81,0.0026999100029999
ASN,214,ND2,GLN,211,O,81,0.0026999100029999
ARG,204,NE,LYS,197,O,80,0.002666577780740642
GLY,194,N,LEU,191,O,79,0.0026332455584813837
GLN,427,N,THR,424,O,79,0.0026332455584813837
ALA,316,N,LEU,312,O,78,0.002599913336222126
ARG,92,NH1,HIE,252,ND1,77,0.002566581113962868
ARG,159,NE,GLU,120,OE2,77,0.002566581113962868
HIE,161,NE2,GLU,128,OE1,77,0.002566581113962868
VAL,206,N,HIE,203,O,77,0.002566581113962868
ARG,330,N,GLU,327,O,76,0.00253324889170361
HIE,372,NE2,GLU,54,OE1,76,0.00253324889170361
GLN,445,NE2,THR,443,O,76,0.00253324889170361
GLU,254,N,GLU,254,OE2,75,0.002499916669444352
SER,256,OG,SER,253,O,74,0.002466584447185094
LEU,312,N,GLN,119,OE1,74,0.002466584447185094
LYS,72,NZ,ASN,89,OD1,73,0.0024332522249258357
LYS,356,N,HIE,346,NE2,73,0.0024332522249258357
ARG,415,N,ILE,413,O,73,0.0024332522249258357
SER,231,OG,ASP,229,O,72,0.0023999200026665777
SER,253,OG,PHE,255,O,72,0.0023999200026665777
LYS,288,NZ,GLU,438,OE2,72,0.0023999200026665777
LYS,131,NZ,SER,132,OG,71,0.00236658778040732
LYS,394,NZ,THR,395,O,71,0.00236658778040732
ARG,1,NH2,LEU,2,O,70,0.002333255558148062
ARG,20,NH2,LEU,15,O,70,0.002333255558148062
ARG,31,NH1,ASP,36,OD1,70,0.002333255558148062
ARG,57,NE,ASP,62,OD2,70,0.002333255558148062
PHE,141,N,ASP,138,O,70,0.002333255558148062
THR,275,OG1,ALA,270,O,70,0.002333255558148062
ASN,389,N,ASP,387,O,70,0.002333255558148062
GLN,445,NE2,GLN,445,O,70,0.002333255558148062
ARG,31,NE,GLU,32,OE1,69,0.002299923335888804
ASN,261,ND2,GLY,218,N,69,0.002299923335888804
LYS,317,NZ,ASP,314,OD2,69,0.002299923335888804
GLY,390,N,ASP,387,OD2,69,0.002299923335888804
TYR,207,OH,PRO,78,O,68,0.0022665911136295455
ARG,298,NH1,GLU,294,O,68,0.0022665911136295455
LEU,403,N,SER,402,OG,68,0.0022665911136295455
LEU,403,N,ARG,406,O,68,0.0022665911136295455
GLN,457,NE2,ASP,138,OD1,68,0.0022665911136295455
ARG,45,NH1,GLU,190,OE2,67,0.0022332588913702876
ARG,112,N,GLY,110,O,67,0.0022332588913702876
GLN,144,NE2,ASN,172,OD1,67,0.0022332588913702876
ASN,259,ND2,ARG,92,NH1,67,0.0022332588913702876
LYS,288,NZ,TYR,289,OH,67,0.0022332588913702876
ARG,330,NE,GLU,327,OE1,67,0.0022332588913702876
HIE,372,N,HIE,372,ND1,67,0.0022332588913702876
LYS,33,NZ,GLU,32,OE1,66,0.0021999266691110297
ARG,204,NH2,LEU,196,O,65,0.0021665944468517717
GLY,448,N,SER,182,O,64,0.0021332622245925138
ARG,225,NE,ARG,225,O,63,0.0020999300023332554
ARG,112,NH2,GLY,108,O,62,0.0020665977800739975
THR,227,N,ARG,225,O,62,0.0020665977800739975
TYR,240,OH,ASN,259,OD1,62,0.0020665977800739975
ARG,463,NH1,SER,430,OG,62,0.0020665977800739975
LYS,33,NZ,ARG,29,O,61,0.0020332655578147395
ARG,112,NE,GLY,110,O,61,0.0020332655578147395
GLN,123,NE2,GLU,120,O,61,0.0020332655578147395
SER,182,OG,SER,179,O,61,0.0020332655578147395
TYR,289,N,MET,286,O,61,0.0020332655578147395
GLN,345,NE2,GLU,65,OE1,61,0.0020332655578147395
ASN,172,N,LYS,169,O,60,0.0019999333355554816
SER,276,OG,GLU,273,OE1,59,0.0019666011132962236
ARG,308,NH2,VAL,303,O,59,0.0019666011132962236
ARG,406,NH2,ALA,64,O,59,0.0019666011132962236
TYR,456,N,PRO,454,O,59,0.0019666011132962236
MET,75,N,GLU,190,OE2,58,0.0019332688910369655
LYS,158,NZ,PHE,156,O,58,0.0019332688910369655
GLN,258,NE2,HIE,257,NE2,58,0.0019332688910369655
ALA,270,N,LEU,267,O,58,0.0019332688910369655
ALA,416,N,GLY,412,O,58,0.0019332688910369655
GLY,450,N,SER,182,O,58,0.0019332688910369655
THR,39,OG1,PHE,38,O,57,0.0018999366687777073
GLU,54,N,TYR,373,OH,57,0.0018999366687777073
ARG,81,NE,GLN,258,OE1,57,0.0018999366687777073
ARG,81,NH2,ASP,77,OD1,57,0.0018999366687777073
LEU,236,N,VAL,155,O,57,0.0018999366687777073
ASN,261,ND2,HIE,257,ND1,57,0.0018999366687777073
GLY,390,N,ASP,387,OD1,57,0.0018999366687777073
ARG,105,NH1,ARG,105,O,56,0.0018666044465184494
SER,276,OG,THR,147,OG1,56,0.0018666044465184494
ARG,406,NH1,HM1,464,O2A,56,0.0018666044465184494
ARG,21,NH2,GLN,445,O,55,0.0018332722242591915
ARG,97,NH1,CM1,408,O,55,0.0018332722242591915
LYS,133,NZ,LYS,131,O,55,0.0018332722242591915
LYS,169,NZ,GLN,165,OE1,55,0.0018332722242591915
ILE,237,N,ASP,235,OD2,55,0.0018332722242591915
GLN,187,NE2,LEU,23,O,54,0.0017999400019999333
LYS,234,NZ,GLY,110,O,54,0.0017999400019999333
GLN,457,NE2,THR,455,OG1,54,0.0017999400019999333
GLN,123,NE2,GLU,120,OE1,53,0.0017666077797406754
ASN,209,N,VAL,206,O,53,0.0017666077797406754
ILE,237,N,ASP,235,OD1,53,0.0017666077797406754
ASP,106,N,MET,104,O,52,0.0017332755574814172
ARG,330,NH2,GLU,327,OE2,52,0.0017332755574814172
GLY,108,N,ASP,106,OD1,51,0.0016999433352221593
ARG,130,NH1,GLN,123,OE1,51,0.0016999433352221593
LYS,234,NZ,MET,109,O,51,0.0016999433352221593
SER,256,N,SER,253,O,51,0.0016999433352221593
PHE,283,N,ARG,280,O,51,0.0016999433352221593
GLU,311,N,ASP,314,OD1,51,0.0016999433352221593
ARG,92,NH2,HIE,252,O,50,0.0016666111129629013
THR,455,OG1,ASP,138,OD1,50,0.0016666111129629013
PHE,27,N,LEU,24,O,49,0.0016332788907036432
ARG,92,NH2,SER,253,O,49,0.0016332788907036432
GLY,390,N,ALA,388,O,49,0.0016332788907036432
ARG,406,NH2,HID,341,NE2,49,0.0016332788907036432
GLN,205,NE2,ASN,209,ND2,48,0.0015999466684443852
ALA,251,N,ASN,250,OD1,48,0.0015999466684443852
GLN,345,NE2,GLU,65,OE2,48,0.0015999466684443852
THR,347,OG1,HIE,346,O,48,0.0015999466684443852
ARG,406,NH2,SER,68,OG,48,0.0015999466684443852
GLN,176,NE2,GLN,205,OE1,47,0.001566614446185127
GLN,176,NE2,GLN,205,NE2,47,0.001566614446185127
TYR,216,OH,GLU,212,OE1,47,0.001566614446185127
LYS,234,NZ,GLY,157,O,47,0.001566614446185127
LYS,288,NZ,GLU,438,OE1,47,0.001566614446185127
LEU,362,N,HID,341,NE2,47,0.001566614446185127
GLY,412,N,GLY,410,O,47,0.001566614446185127
ARG,21,NH1,CYS,447,O,46,0.0015332822239258691
THR,102,OG1,PHE,99,O,46,0.0015332822239258691
LYS,133,N,LYS,131,O,46,0.0015332822239258691
GLY,22,N,ARG,20,O,45,0.0014999500016666112
GLN,123,NE2,GLU,120,OE2,45,0.0014999500016666112
ARG,406,NH1,ALA,88,O,45,0.0014999500016666112
ARG,92,NH1,ASN,259,OD1,44,0.001466617779407353
ARG,105,NH1,GLU,411,O,44,0.001466617779407353
ARG,295,NH2,HIE,291,ND1,44,0.001466617779407353
ASP,383,N,ASN,381,ND2,44,0.001466617779407353
GLN,457,NE2,TYR,456,O,44,0.001466617779407353
ARG,57,NE,ASP,62,OD1,43,0.001433285557148095
SER,68,N,ILE,342,O,43,0.001433285557148095
GLN,119,N,GLU,116,O,43,0.001433285557148095
GLN,258,N,HIE,257,ND1,43,0.001433285557148095
ASN,261,ND2,ASN,214,ND2,43,0.001433285557148095
LYS,288,N,LEU,285,O,43,0.001433285557148095
LYS,394,N,LEU,392,O,43,0.001433285557148095
ASP,441,N,ASP,439,O,43,0.001433285557148095
CYS,447,N,GLU,446,OE1,43,0.001433285557148095
ASN,14,ND2,ARG,7,O,42,0.001399953334888837
LEU,28,N,LYS,25,O,42,0.001399953334888837
ARG,57,NE,GLU,58,OE2,42,0.001399953334888837
GLU,166,N,GLU,166,OE1,42,0.001399953334888837
TYR,198,OH,GLY,194,O,42,0.001399953334888837
GLY,201,N,PHE,199,O,42,0.001399953334888837
ASN,209,ND2,GLN,176,NE2,42,0.001399953334888837
THR,275,OG1,THR,272,O,42,0.001399953334888837
TYR,281,OH,LYS,451,O,42,0.001399953334888837
ARG,45,NE,LEU,42,O,41,0.001366621112629579
ARG,57,NH2,GLU,396,O,41,0.001366621112629579
ARG,98,NH1,ASP,106,OD2,41,0.001366621112629579
ASN,214,ND2,GLN,211,NE2,41,0.001366621112629579
SER,253,N,ASN,250,OD1,41,0.001366621112629579
ASN,261,ND2,GLN,258,OE1,41,0.001366621112629579
GLN,457,NE2,ASP,138,OD2,41,0.001366621112629579
LYS,33,NZ,GLU,32,OE2,40,0.001333288890370321
THR,147,OG1,GLY,271,O,40,0.001333288890370321
GLN,205,NE2,GLY,201,O,40,0.001333288890370321
LEU,228,N,HIP,224,O,40,0.001333288890370321
ASN,250,ND2,HIE,252,ND1,40,0.001333288890370321
SER,332,OG,GLN,329,O,40,0.001333288890370321
TYR,207,N,ARG,204,O,39,0.001299956668111063
LYS,208,N,GLN,205,O,39,0.001299956668111063
ILE,213,N,LEU,210,O,39,0.001299956668111063
ARG,295,NH1,HIE,291,ND1,39,0.001299956668111063
LYS,394,NZ,LEU,392,O,39,0.001299956668111063
ARG,81,NH2,GLN,258,NE2,38,0.001266624445851805
GLU,166,N,GLU,166,OE2,38,0.001266624445851805
ARG,308,NE,ILE,304,O,38,0.001266624445851805
ARG,415,NH1,GLU,322,OE2,38,0.001266624445851805
LYS,246,NZ,GLU,245,OE1,37,0.001233292223592547
ARG,295,NE,GLU,299,OE2,37,0.001233292223592547
THR,274,N,PHE,269,O,36,0.0011999600013332889
THR,395,OG1,GLU,396,OE2,36,0.0011999600013332889
ARG,112,NE,ARG,117,NH1,35,0.001166627779074031
TYR,216,OH,GLU,212,OE2,35,0.001166627779074031
ASN,261,ND2,ASN,261,O,35,0.001166627779074031
THR,277,OG1,GLU,273,OE2,35,0.001166627779074031
ARG,415,N,GLY,412,O,35,0.001166627779074031
ARG,31,NH1,GLU,32,OE1,34,0.0011332955568147728
ARG,92,NE,GLY,82,O,34,0.0011332955568147728
LYS,288,NZ,GLU,438,O,34,0.0011332955568147728
ARG,406,NH1,SER,68,OG,34,0.0011332955568147728
ARG,463,NE,PHE,429,O,34,0.0011332955568147728
LYS,158,NZ,TYR,216,OH,33,0.0010999633345555148
GLN,187,NE2,VAL,449,N,33,0.0010999633345555148
GLN,211,N,LYS,208,O,33,0.0010999633345555148
GLU,254,N,GLU,254,OE1,33,0.0010999633345555148
TYR,281,OH,ASP,333,OD1,33,0.0010999633345555148
THR,455,OG1,THR,455,O,33,0.0010999633345555148
ARG,31,NH1,GLU,32,OE2,32,0.0010666311122962569
ARG,92,N,ASN,89,O,31,0.0010332988900369987
ILE,118,N,GLU,115,O,31,0.0010332988900369987
GLN,165,NE2,GLN,163,OE1,31,0.0010332988900369987
ASN,209,ND2,GLN,205,NE2,31,0.0010332988900369987
THR,344,OG1,SER,68,O,31,0.0010332988900369987
ILE,413,N,GLU,411,O,31,0.0010332988900369987
GLN,445,N,PRO,453,O,31,0.0010332988900369987
ARG,7,NH1,ARG,7,O,30,0.0009999666677777408
ARG,70,NE,ARG,70,O,30,0.0009999666677777408
ASN,91,ND2,ASN,91,O,30,0.0009999666677777408
ASN,91,ND2,HIE,252,O,30,0.0009999666677777408
ARG,97,NH1,ARG,406,O,30,0.0009999666677777408
ARG,130,NH2,GLN,123,OE1,30,0.0009999666677777408
LYS,208,NZ,LYS,208,O,30,0.0009999666677777408
ARG,225,NH1,GLU,245,OE1,30,0.0009999666677777408
LYS,234,NZ,THR,227,OG1,30,0.0009999666677777408
GLU,294,N,HIE,291,O,30,0.0009999666677777408
ARG,315,NE,GLU,417,OE1,30,0.0009999666677777408
LYS,317,NZ,HIE,313,NE2,30,0.0009999666677777408
GLN,345,NE2,GLN,345,O,30,0.0009999666677777408
LEU,368,N,SER,365,O,30,0.0009999666677777408
ARG,415,NH1,GLN,329,NE2,30,0.0009999666677777408
GLN,445,NE2,SER,179,OG,30,0.0009999666677777408
GLY,35,N,PHE,30,O,29,0.0009666344455184827
ARG,112,NE,LYS,111,O,29,0.0009666344455184827
HIE,161,NE2,GLN,163,OE1,29,0.0009666344455184827
LEU,171,N,LEU,168,O,29,0.0009666344455184827
LYS,234,NZ,SER,231,O,29,0.0009666344455184827
HID,243,ND1,GLU,247,OE2,29,0.0009666344455184827
LYS,393,NZ,HIP,384,O,29,0.0009666344455184827
GLN,457,NE2,LEU,136,O,29,0.0009666344455184827
ARG,70,NE,ASN,89,OD1,28,0.0009333022232592247
ARG,81,N,PRO,78,O,28,0.0009333022232592247
ARG,112,NH2,GLY,110,O,28,0.0009333022232592247
GLN,123,NE2,GLU,127,OE2,28,0.0009333022232592247
THR,264,OG1,ASN,261,O,28,0.0009333022232592247
ASN,381,ND2,LYS,376,O,28,0.0009333022232592247
VAL,449,N,SER,183,O,28,0.0009333022232592247
ARG,20,NH1,LEU,16,O,27,0.0008999700009999666
GLY,82,N,PHE,80,O,27,0.0008999700009999666
GLN,165,N,GLN,165,NE2,27,0.0008999700009999666
GLN,211,NE2,ASN,214,OD1,27,0.0008999700009999666
THR,395,N,LYS,393,O,27,0.0008999700009999666
THR,395,OG1,GLU,396,OE1,27,0.0008999700009999666
LYS,405,NZ,VAL,61,O,27,0.0008999700009999666
ARG,29,NE,ASP,19,OD2,26,0.0008666377787407086
ARG,70,NE,ILE,86,O,26,0.0008666377787407086
LYS,111,NZ,SER,153,O,26,0.0008666377787407086
LYS,131,NZ,GLN,163,NE2,26,0.0008666377787407086
TYR,352,N,LYS,350,O,26,0.0008666377787407086
ASP,357,N,THR,344,O,26,0.0008666377787407086
ARG,7,NH1,GLY,5,O,25,0.0008333055564814507
ARG,105,NE,VAL,101,O,25,0.0008333055564814507
GLN,144,NE2,ARG,280,NH1,25,0.0008333055564814507
GLN,163,NE2,HIE,161,ND1,25,0.0008333055564814507
GLN,163,NE2,GLN,163,O,25,0.0008333055564814507
THR,227,N,GLU,226,OE1,25,0.0008333055564814507
SER,249,N,GLU,247,O,25,0.0008333055564814507
HIE,252,NE2,ASN,91,ND2,25,0.0008333055564814507
SER,278,N,THR,275,O,25,0.0008333055564814507
ARG,295,N,VAL,292,O,25,0.0008333055564814507
ARG,406,NH2,TRP,93,NE1,25,0.0008333055564814507
THR,455,OG1,THR,140,OG1,25,0.0008333055564814507
ARG,70,NE,GLY,71,N,24,0.0007999733342221926
ARG,105,NH1,CM1,408,O,24,0.0007999733342221926
GLY,157,N,ILE,154,O,24,0.0007999733342221926
ARG,204,NH1,ARG,204,O,24,0.0007999733342221926
ASN,250,ND2,HIE,252,NE2,24,0.0007999733342221926
SER,276,OG,GLU,273,O,24,0.0007999733342221926
LEU,279,N,SER,276,O,24,0.0007999733342221926
VAL,292,N,HIE,291,ND1,24,0.0007999733342221926
GLN,329,NE2,SER,278,OG,24,0.0007999733342221926
GLU,359,N,GLU,359,OE2,24,0.0007999733342221926
LEU,442,N,ASP,441,OD1,24,0.0007999733342221926
ARG,70,N,ASN,89,ND2,23,0.0007666411119629346
ARG,92,NH1,GLN,258,OE1,23,0.0007666411119629346
GLN,176,NE2,ASN,172,ND2,23,0.0007666411119629346
TYR,240,OH,PHE,255,O,23,0.0007666411119629346
THR,275,OG1,GLU,417,OE1,23,0.0007666411119629346
ILE,325,N,GLU,322,O,23,0.0007666411119629346
SER,332,OG,SER,278,OG,23,0.0007666411119629346
HID,341,ND1,VAL,339,O,23,0.0007666411119629346
THR,344,OG1,ASP,357,OD1,23,0.0007666411119629346
GLN,345,NE2,ALA,66,O,23,0.0007666411119629346
ARG,20,NE,LEU,15,O,22,0.0007333088897036765
ARG,98,NH2,HID,243,NE2,22,0.0007333088897036765
ARG,117,NH2,SER,153,OG,22,0.0007333088897036765
GLN,119,NE2,GLN,123,OE1,22,0.0007333088897036765
ARG,130,N,GLU,127,O,22,0.0007333088897036765
LYS,158,NZ,GLU,166,OE2,22,0.0007333088897036765
ILE,181,N,PHE,178,O,22,0.0007333088897036765
TYR,240,N,ILE,237,O,22,0.0007333088897036765
ASN,250,ND2,SER,253,OG,22,0.0007333088897036765
THR,277,OG1,GLU,273,OE1,22,0.0007333088897036765
GLU,396,N,LYS,394,O,22,0.0007333088897036765
ARG,1,NH2,PRO,3,O,21,0.0006999766674444185
ARG,45,NH2,LEU,42,O,21,0.0006999766674444185
ARG,105,NH1,VAL,101,O,21,0.0006999766674444185
VAL,184,N,GLU,446,OE1,21,0.0006999766674444185
ARG,315,NH2,ARG,415,O,21,0.0006999766674444185
THR,344,N,PHE,67,O,21,0.0006999766674444185
LYS,394,NZ,GLU,322,OE2,21,0.0006999766674444185
GLY,412,N,CM1,408,O,21,0.0006999766674444185
LEU,442,N,ASP,441,OD2,21,0.0006999766674444185
GLN,457,NE2,MET,137,O,21,0.0006999766674444185
ARG,29,NH1,ARG,29,O,20,0.0006666444451851605
LYS,72,NZ,ARG,81,O,20,0.0006666444451851605
ARG,112,NE,GLU,116,O,20,0.0006666444451851605
SER,153,N,ILE,150,O,20,0.0006666444451851605
GLN,211,NE2,TYR,207,OH,20,0.0006666444451851605
HIE,257,N,HIE,257,ND1,20,0.0006666444451851605
THR,455,OG1,GLN,445,NE2,20,0.0006666444451851605
ASN,14,ND2,GLY,13,O,19,0.0006333122229259025
LYS,63,NZ,ASP,62,O,19,0.0006333122229259025
ASN,89,ND2,ASN,89,O,19,0.0006333122229259025
ARG,112,NH1,LYS,111,O,19,0.0006333122229259025
GLN,163,N,HIE,161,NE2,19,0.0006333122229259025
TYR,175,OH,GLN,445,NE2,19,0.0006333122229259025
SER,231,OG,PRO,230,O,19,0.0006333122229259025
ASN,250,N,LYS,248,O,19,0.0006333122229259025
ASP,370,N,THR,366,O,19,0.0006333122229259025
ASN,381,ND2,PHE,380,O,19,0.0006333122229259025
ARG,415,NH1,ILE,325,O,19,0.0006333122229259025
ARG,463,NH2,SER,430,OG,19,0.0006333122229259025
ASN,14,ND2,GLN,17,NE2,18,0.0005999800006666444
ARG,21,NE,GLU,446,OE2,18,0.0005999800006666444
LYS,63,NZ,GLU,58,O,18,0.0005999800006666444
ARG,98,NH1,LYS,94,O,18,0.0005999800006666444
SER,113,OG,MET,104,O,18,0.0005999800006666444
ILE,151,N,ALA,148,O,18,0.0005999800006666444
LYS,158,NZ,GLU,166,OE1,18,0.0005999800006666444
ARG,225,NH1,GLU,245,OE2,18,0.0005999800006666444
ALA,232,N,ASP,229,OD1,18,0.0005999800006666444
LYS,248,N,LYS,246,O,18,0.0005999800006666444
ALA,251,N,SER,249,O,18,0.0005999800006666444
SER,266,OG,SER,266,O,18,0.0005999800006666444
ARG,415,NH2,TYR,326,N,18,0.0005999800006666444
ARG,21,NE,GLU,446,OE1,17,0.0005666477784073864
ARG,29,NH1,LYS,25,O,17,0.0005666477784073864
LYS,33,N,ARG,31,O,17,0.0005666477784073864
GLY,69,N,THR,344,OG1,17,0.0005666477784073864
GLY,82,N,ASP,77,OD1,17,0.0005666477784073864
LYS,158,NZ,GLY,157,O,17,0.0005666477784073864
GLU,166,N,GLN,165,OE1,17,0.0005666477784073864
SER,276,N,GLY,271,O,17,0.0005666477784073864
ARG,295,NE,TYR,320,OH,17,0.0005666477784073864
ARG,315,NH1,ARG,415,O,17,0.0005666477784073864
LEU,335,N,ASP,333,O,17,0.0005666477784073864
ASN,389,ND2,ASN,389,O,17,0.0005666477784073864
ARG,21,NH1,GLN,445,O,16,0.0005333155561481284
LYS,94,NZ,GLY,90,O,16,0.0005333155561481284
ARG,97,NH2,LYS,405,O,16,0.0005333155561481284
ARG,98,NH1,HID,243,NE2,16,0.0005333155561481284
GLN,165,NE2,ASP,164,OD1,16,0.0005333155561481284
GLU,226,N,HIP,224,O,16,0.0005333155561481284
GLN,258,N,GLN,258,NE2,16,0.0005333155561481284
THR,344,OG1,GLN,345,NE2,16,0.0005333155561481284
CYS,447,N,GLU,446,OE2,16,0.0005333155561481284
ASP,19,N,GLN,17,O,15,0.0004999833338888704
ARG,70,NH1,TRP,93,NE1,15,0.0004999833338888704
THR,103,OG1,THR,102,OG1,15,0.0004999833338888704
GLU,116,N,GLU,116,OE1,15,0.0004999833338888704
ARG,117,NH1,SER,153,O,15,0.0004999833338888704
ARG,117,NH2,GLY,157,O,15,0.0004999833338888704
GLY,157,N,SER,153,O,15,0.0004999833338888704
TYR,162,N,HIE,161,ND1,15,0.0004999833338888704
GLN,163,N,GLN,163,OE1,15,0.0004999833338888704
ASN,172,ND2,GLN,144,OE1,15,0.0004999833338888704
TYR,240,OH,GLU,254,O,15,0.0004999833338888704
VAL,296,N,ALA,293,O,15,0.0004999833338888704
THR,347,OG1,SER,348,O,15,0.0004999833338888704
GLY,351,N,PHE,349,O,15,0.0004999833338888704
ALA,391,N,ASN,389,O,15,0.0004999833338888704
ARG,406,NE,SER,68,O,15,0.0004999833338888704
ARG,7,NE,GLY,5,O,14,0.00046665111162961235
ARG,7,NE,PRO,8,O,14,0.00046665111162961235
ARG,29,NH1,SER,26,OG,14,0.00046665111162961235
GLN,123,NE2,GLU,127,OE1,14,0.00046665111162961235
HIE,313,NE2,GLU,115,OE1,14,0.00046665111162961235
THR,423,N,LEU,420,O,14,0.00046665111162961235
THR,455,OG1,ASP,138,OD2,14,0.00046665111162961235
ARG,21,NE,ARG,21,O,13,0.0004333188893703543
LYS,72,NZ,ILE,86,O,13,0.0004333188893703543
ARG,97,NH1,LEU,409,N,13,0.0004333188893703543
ARG,105,NH2,ILE,413,O,13,0.0004333188893703543
LYS,208,NZ,GLN,205,NE2,13,0.0004333188893703543
LYS,248,NZ,LYS,248,O,13,0.0004333188893703543
HIE,252,NE2,ASN,91,OD1,13,0.0004333188893703543
HIE,307,N,HIE,307,ND1,13,0.0004333188893703543
ARG,308,N,GLN,427,NE2,13,0.0004333188893703543
HIE,313,NE2,GLU,115,OE2,13,0.0004333188893703543
GLN,329,NE2,ILE,325,O,13,0.0004333188893703543
THR,347,N,GLN,345,O,13,0.0004333188893703543
ILE,407,N,ARG,97,NH2,13,0.0004333188893703543
ILE,425,N,PHE,422,O,13,0.0004333188893703543
LYS,63,N,ALA,59,O,12,0.0003999866671110963
LYS,63,NZ,SER,348,OG,12,0.0003999866671110963
THR,102,N,PHE,99,O,12,0.0003999866671110963
LEU,125,N,ALA,122,O,12,0.0003999866671110963
MET,137,N,ALA,135,O,12,0.0003999866671110963
ARG,159,NH2,TYR,162,OH,12,0.0003999866671110963
TYR,175,OH,GLU,446,OE2,12,0.0003999866671110963
ARG,204,NE,GLY,201,O,12,0.0003999866671110963
ARG,225,NE,GLU,226,OE1,12,0.0003999866671110963
TYR,240,OH,SER,256,N,12,0.0003999866671110963
ARG,298,N,ARG,295,O,12,0.0003999866671110963
LYS,394,NZ,GLU,322,OE1,12,0.0003999866671110963
GLN,427,NE2,PRO,306,O,12,0.0003999866671110963
GLY,13,N,LEU,11,O,11,0.00036665444485183826
ARG,20,N,ARG,20,NE,11,0.00036665444485183826
ARG,92,NH2,ASN,259,OD1,11,0.00036665444485183826
ARG,105,NH1,ILE,407,O,11,0.00036665444485183826
ARG,105,NH2,SER,113,OG,11,0.00036665444485183826
PHE,107,N,THR,102,O,11,0.00036665444485183826
GLU,116,N,GLU,115,OE2,11,0.00036665444485183826
ARG,130,NE,ASN,428,OD1,11,0.00036665444485183826
SER,179,OG,TYR,175,OH,11,0.00036665444485183826
GLN,205,NE2,GLN,176,NE2,11,0.00036665444485183826
LYS,223,N,SER,220,O,11,0.00036665444485183826
THR,227,N,GLU,226,OE2,11,0.00036665444485183826
ASP,235,N,ASP,238,OD2,11,0.00036665444485183826
SER,256,OG,ALA,251,O,11,0.00036665444485183826
GLN,258,NE2,ARG,81,NH1,11,0.00036665444485183826
ASN,259,ND2,SER,256,O,11,0.00036665444485183826
ILE,342,N,ARG,70,O,11,0.00036665444485183826
THR,344,OG1,ASP,357,OD2,11,0.00036665444485183826
THR,347,OG1,GLN,345,OE1,11,0.00036665444485183826
ASN,381,ND2,GLU,375,OE2,11,0.00036665444485183826
ASN,389,ND2,ALA,388,O,11,0.00036665444485183826
SER,68,OG,SER,68,O,10,0.00033332222259258026
VAL,85,N,SER,266,OG,10,0.00033332222259258026
VAL,95,N,ARG,92,O,10,0.00033332222259258026
GLU,116,N,GLU,115,OE1,10,0.00033332222259258026
ARG,117,NH2,LYS,234,O,10,0.00033332222259258026
LYS,197,N,PHE,195,O,10,0.00033332222259258026
GLY,201,N,ARG,204,NE,10,0.00033332222259258026
ASN,214,ND2,LEU,210,O,10,0.00033332222259258026
LYS,234,NZ,ASP,229,O,10,0.00033332222259258026
LYS,248,NZ,PHE,255,O,10,0.00033332222259258026
SER,253,N,ALA,251,O,10,0.00033332222259258026
GLN,258,NE2,ARG,81,NH2,10,0.00033332222259258026
GLN,258,NE2,ALA,251,O,10,0.00033332222259258026
TYR,281,N,SER,278,O,10,0.00033332222259258026
ARG,295,NH1,ASP,383,OD1,10,0.00033332222259258026
ARG,295,NH1,ASP,383,OD2,10,0.00033332222259258026
ARG,298,NH1,ARG,298,O,10,0.00033332222259258026
HIE,307,NE2,ASN,428,OD1,10,0.00033332222259258026
TYR,320,OH,VAL,292,O,10,0.00033332222259258026
VAL,324,N,THR,321,O,10,0.00033332222259258026
THR,344,OG1,ILE,342,O,10,0.00033332222259258026
THR,395,OG1,THR,395,O,10,0.00033332222259258026
SER,68,OG,PHE,67,O,9,0.0002999900003333222
TYR,83,OH,GLN,258,NE2,9,0.0002999900003333222
ARG,92,NH2,GLN,258,OE1,9,0.0002999900003333222
ARG,98,NE,LYS,94,O,9,0.0002999900003333222
VAL,101,N,ARG,98,O,9,0.0002999900003333222
ARG,105,NE,ILE,413,O,9,0.0002999900003333222
ARG,112,NH1,ARG,159,NH1,9,0.0002999900003333222
ALA,122,N,GLN,119,O,9,0.0002999900003333222
SER,153,OG,LYS,158,O,9,0.0002999900003333222
PHE,189,N,GLN,187,O,9,0.0002999900003333222
THR,227,N,GLU,222,O,9,0.0002999900003333222
ASN,250,ND2,SER,249,OG,9,0.0002999900003333222
ASN,250,ND2,SER,249,O,9,0.0002999900003333222
THR,264,N,ASN,261,O,9,0.0002999900003333222
THR,275,OG1,ILE,413,O,9,0.0002999900003333222
THR,321,N,MET,318,O,9,0.0002999900003333222
GLY,351,N,SER,348,O,9,0.0002999900003333222
GLU,359,N,GLU,359,OE1,9,0.0002999900003333222
ASP,378,N,ASP,378,OD2,9,0.0002999900003333222
THR,424,N,PHE,421,O,9,0.0002999900003333222
PHE,429,N,LEU,426,O,9,0.0002999900003333222
LYS,451,NZ,TYR,281,OH,9,0.0002999900003333222
GLN,457,N,GLN,457,OE1,9,0.0002999900003333222
ARG,463,NE,SER,430,OG,9,0.0002999900003333222
ILE,56,N,VAL,53,O,8,0.0002666577780740642
LYS,111,N,PHE,107,O,8,0.0002666577780740642
ARG,117,NH2,GLU,116,OE1,8,0.0002666577780740642
LEU,129,N,ILE,126,O,8,0.0002666577780740642
LYS,131,NZ,GLU,128,O,8,0.0002666577780740642
ALA,135,N,SER,132,OG,8,0.0002666577780740642
SER,153,OG,GLY,157,O,8,0.0002666577780740642
GLN,165,NE2,GLN,163,NE2,8,0.0002666577780740642
SER,182,N,SER,179,O,8,0.0002666577780740642
LYS,197,NZ,SER,193,OG,8,0.0002666577780740642
LYS,223,NZ,HIE,219,NE2,8,0.0002666577780740642
ASN,259,ND2,ASN,263,OD1,8,0.0002666577780740642
ASN,263,N,GLN,258,O,8,0.0002666577780740642
THR,274,N,GLY,271,O,8,0.0002666577780740642
ARG,280,NH2,THR,277,OG1,8,0.0002666577780740642
ARG,295,NH2,ASP,383,OD2,8,0.0002666577780740642
LYS,317,N,HIE,313,O,8,0.0002666577780740642
LYS,356,NZ,HIE,346,ND1,8,0.0002666577780740642
ASP,378,N,ASP,378,OD1,8,0.0002666577780740642
ALA,391,N,ASN,389,ND2,8,0.0002666577780740642
ASN,14,ND2,HIE,41,ND1,7,0.00023332555581480617
ARG,21,N,ASP,19,O,7,0.00023332555581480617
ARG,21,NH2,PRO,444,O,7,0.00023332555581480617
LYS,33,NZ,LYS,33,O,7,0.00023332555581480617
GLY,52,N,ILE,363,O,7,0.00023332555581480617
ARG,92,NH2,TYR,83,OH,7,0.00023332555581480617
ARG,112,NE,MET,109,O,7,0.00023332555581480617
GLN,119,NE2,GLN,123,NE2,7,0.00023332555581480617
TYR,162,OH,CYS,124,O,7,0.00023332555581480617
GLN,187,NE2,ARG,21,O,7,0.00023332555581480617
GLN,187,NE2,GLN,187,O,7,0.00023332555581480617
TYR,207,OH,GLN,211,OE1,7,0.00023332555581480617
VAL,221,N,GLY,218,O,7,0.00023332555581480617
ARG,225,NE,GLU,226,OE2,7,0.00023332555581480617
THR,227,OG1,LEU,228,O,7,0.00023332555581480617
THR,227,OG1,ASP,229,OD1,7,0.00023332555581480617
THR,227,OG1,ASP,229,OD2,7,0.00023332555581480617
ASP,235,N,ASP,238,OD1,7,0.00023332555581480617
HID,243,ND1,HID,243,O,7,0.00023332555581480617
LYS,246,NZ,ASN,250,OD1,7,0.00023332555581480617
GLN,258,NE2,SER,256,OG,7,0.00023332555581480617
THR,272,OG1,PHE,269,O,7,0.00023332555581480617
ARG,295,NH2,GLN,302,OE1,7,0.00023332555581480617
ARG,298,NE,GLN,302,OE1,7,0.00023332555581480617
LEU,334,N,SER,332,OG,7,0.00023332555581480617
GLN,345,NE2,HIE,346,ND1,7,0.00023332555581480617
ARG,406,NH1,HID,341,N,7,0.00023332555581480617
PHE,422,N,PHE,419,O,7,0.00023332555581480617
ASN,428,ND2,PRO,306,O,7,0.00023332555581480617
SER,430,OG,ARG,463,NH1,7,0.00023332555581480617
THR,443,N,ASP,441,O,7,0.00023332555581480617
LYS,451,NZ,LEU,334,O,7,0.00023332555581480617
GLN,457,NE2,THR,455,O,7,0.00023332555581480617
LEU,16,N,GLY,13,O,6,0.00019999333355554815
ARG,20,NH1,ASP,19,OD1,6,0.00019999333355554815
THR,39,N,PRO,3,O,6,0.00019999333355554815
VAL,53,N,TYR,373,OH,6,0.00019999333355554815
GLY,71,N,HID,341,N,6,0.00019999333355554815
LYS,72,NZ,GLU,190,OE2,6,0.00019999333355554815
GLY,84,N,PHE,80,O,6,0.00019999333355554815
ASN,89,ND2,PHE,87,O,6,0.00019999333355554815
ARG,92,NH2,GLY,82,O,6,0.00019999333355554815
ARG,98,NH1,ARG,98,O,6,0.00019999333355554815
PHE,107,N,VAL,101,O,6,0.00019999333355554815
ARG,117,NE,GLU,116,OE1,6,0.00019999333355554815
GLN,119,NE2,GLU,116,O,6,0.00019999333355554815
LYS,158,NZ,ASP,164,OD1,6,0.00019999333355554815
HIE,161,NE2,GLN,163,NE2,6,0.00019999333355554815
TYR,162,OH,GLU,128,OE2,6,0.00019999333355554815
GLN,165,N,GLN,163,O,6,0.00019999333355554815
SER,179,OG,GLN,445,OE1,6,0.00019999333355554815
SER,183,OG,SER,179,O,6,0.00019999333355554815
GLY,186,N,LEU,180,O,6,0.00019999333355554815
LYS,197,NZ,ASP,77,OD1,6,0.00019999333355554815
GLN,205,N,GLN,205,OE1,6,0.00019999333355554815
LYS,223,NZ,LYS,223,O,6,0.00019999333355554815
THR,227,OG1,THR,227,O,6,0.00019999333355554815
THR,239,N,LEU,236,O,6,0.00019999333355554815
THR,275,N,THR,272,O,6,0.00019999333355554815
ARG,280,NH1,THR,140,O,6,0.00019999333355554815
ARG,280,NH2,TYR,175,OH,6,0.00019999333355554815
LEU,285,N,GLY,282,O,6,0.00019999333355554815
MET,286,N,PHE,283,O,6,0.00019999333355554815
ARG,295,NE,GLU,299,OE1,6,0.00019999333355554815
ARG,295,NH2,ASP,383,OD1,6,0.00019999333355554815
ARG,315,NH2,TYR,326,OH,6,0.00019999333355554815
SER,348,OG,GLY,351,O,6,0.00019999333355554815
LYS,356,NZ,GLN,345,NE2,6,0.00019999333355554815
LYS,376,NZ,ASN,381,OD1,6,0.00019999333355554815
HIP,384,NE2,GLU,375,OE1,6,0.00019999333355554815
ARG,406,NH2,ARG,70,NH1,6,0.00019999333355554815
ALA,414,N,GLY,412,O,6,0.00019999333355554815
GLN,17,NE2,ARG,7,N,5,0.00016666111129629013
ARG,20,NH1,ASP,19,OD2,5,0.00016666111129629013
ARG,21,NE,ARG,20,O,5,0.00016666111129629013
ARG,21,NH1,ARG,20,O,5,0.00016666111129629013
ARG,21,NH2,CYS,447,O,5,0.00016666111129629013
SER,26,OG,ARG,29,NH2,5,0.00016666111129629013
ARG,29,NE,LYS,25,O,5,0.00016666111129629013
ARG,31,NE,ASP,36,N,5,0.00016666111129629013
HIE,41,NE2,PRO,10,O,5,0.00016666111129629013
ARG,57,NE,GLU,396,O,5,0.00016666111129629013
GLY,69,N,ALA,66,O,5,0.00016666111129629013
GLY,82,N,ASP,77,OD2,5,0.00016666111129629013
ARG,92,NE,GLU,254,O,5,0.00016666111129629013
ARG,92,NH1,GLU,254,OE1,5,0.00016666111129629013
ARG,97,NH2,ILE,407,N,5,0.00016666111129629013
ARG,98,NH1,ASP,106,OD1,5,0.00016666111129629013
ARG,98,NH2,ASP,106,OD2,5,0.00016666111129629013
SER,100,N,ARG,97,O,5,0.00016666111129629013
GLY,108,N,ARG,112,O,5,0.00016666111129629013
ARG,117,NH1,GLU,116,OE1,5,0.00016666111129629013
ARG,117,NH2,ASP,106,O,5,0.00016666111129629013
SER,132,OG,SER,132,O,5,0.00016666111129629013
ILE,146,N,PHE,143,O,5,0.00016666111129629013
ALA,148,N,SER,145,O,5,0.00016666111129629013
ASN,149,ND2,TYR,162,OH,5,0.00016666111129629013
VAL,155,N,CYS,152,O,5,0.00016666111129629013
GLN,165,NE2,ASP,164,OD2,5,0.00016666111129629013
GLN,187,NE2,VAL,184,O,5,0.00016666111129629013
PHE,199,N,LYS,197,O,5,0.00016666111129629013
ALA,202,N,PRO,200,O,5,0.00016666111129629013
ASN,209,ND2,GLN,205,OE1,5,0.00016666111129629013
ARG,225,NH1,ARG,225,O,5,0.00016666111129629013
THR,239,OG1,LEU,236,O,5,0.00016666111129629013
TYR,240,OH,LEU,260,N,5,0.00016666111129629013
MET,244,N,LEU,241,O,5,0.00016666111129629013
HIE,252,N,HIE,252,ND1,5,0.00016666111129629013
SER,256,OG,ASN,259,ND2,5,0.00016666111129629013
ASN,263,N,LEU,260,O,5,0.00016666111129629013
THR,274,OG1,PHE,269,O,5,0.00016666111129629013
ARG,280,NE,THR,140,OG1,5,0.00016666111129629013
ARG,295,NH2,HIE,291,O,5,0.00016666111129629013
HIE,313,N,HIE,313,ND1,5,0.00016666111129629013
ARG,315,NH2,LEU,312,O,5,0.00016666111129629013
SER,332,N,ARG,330,O,5,0.00016666111129629013
HIE,346,N,GLN,345,NE2,5,0.00016666111129629013
LYS,393,NZ,ASP,383,OD1,5,0.00016666111129629013
ALA,397,N,LYS,394,O,5,0.00016666111129629013
ARG,415,NH1,GLU,322,OE1,5,0.00016666111129629013
ARG,415,NH1,GLU,322,O,5,0.00016666111129629013
ASN,428,ND2,GLN,427,O,5,0.00016666111129629013
SER,430,OG,PHE,429,O,5,0.00016666111129629013
ASP,19,N,GLY,22,O,4,0.0001333288890370321
ARG,20,N,ASP,19,OD1,4,0.0001333288890370321
ARG,20,N,ASP,19,OD2,4,0.0001333288890370321
HIE,41,NE2,PRO,6,O,4,0.0001333288890370321
GLU,65,N,ASP,62,O,4,0.0001333288890370321
ARG,70,NE,ASN,89,ND2,4,0.0001333288890370321
ALA,74,N,LYS,72,O,4,0.0001333288890370321
ASN,91,N,ASN,89,OD1,4,0.0001333288890370321
ARG,92,NH1,ARG,81,O,4,0.0001333288890370321
ARG,98,NH1,THR,102,OG1,4,0.0001333288890370321
ARG,98,NH2,ASN,91,OD1,4,0.0001333288890370321
ARG,105,NH1,MET,104,O,4,0.0001333288890370321
ARG,112,NH1,GLN,119,OE1,4,0.0001333288890370321
ARG,117,NH2,SER,113,O,4,0.0001333288890370321
GLN,144,NE2,THR,140,O,4,0.0001333288890370321
ARG,159,NH1,TYR,162,OH,4,0.0001333288890370321
ASP,164,N,TYR,162,O,4,0.0001333288890370321
SER,179,N,GLN,176,O,4,0.0001333288890370321
SER,182,OG,LYS,451,O,4,0.0001333288890370321
ARG,204,NE,HIE,203,NE2,4,0.0001333288890370321
GLN,205,NE2,PRO,200,O,4,0.0001333288890370321
LYS,208,NZ,GLN,211,NE2,4,0.0001333288890370321
ASN,209,ND2,ASN,209,O,4,0.0001333288890370321
SER,220,OG,PHE,156,O,4,0.0001333288890370321
LYS,246,NZ,GLU,245,OE2,4,0.0001333288890370321
LYS,246,NZ,LYS,246,O,4,0.0001333288890370321
ASN,259,ND2,TYR,83,O,4,0.0001333288890370321
ARG,280,NH1,SER,276,O,4,0.0001333288890370321
GLY,282,N,LEU,279,O,4,0.0001333288890370321
ARG,295,NH2,VAL,292,N,4,0.0001333288890370321
ARG,298,NE,GLU,294,O,4,0.0001333288890370321
GLN,302,NE2,GLU,301,O,4,0.0001333288890370321
PHE,331,N,ILE,328,O,4,0.0001333288890370321
PHE,349,N,THR,347,O,4,0.0001333288890370321
HIP,384,NE2,GLU,375,OE2,4,0.0001333288890370321
LYS,393,NZ,ASP,383,OD2,4,0.0001333288890370321
LYS,393,NZ,LYS,393,O,4,0.0001333288890370321
GLY,404,N,SER,402,OG,4,0.0001333288890370321
ARG,406,NE,ARG,406,O,4,0.0001333288890370321
ARG,406,NE,HM1,464,O2D,4,0.0001333288890370321
ARG,406,NH1,ALA,59,O,4,0.0001333288890370321
ARG,406,NH1,VAL,339,O,4,0.0001333288890370321
ARG,406,NH2,SER,402,OG,4,0.0001333288890370321
SER,430,N,PRO,462,O,4,0.0001333288890370321
SER,430,OG,ARG,463,NH2,4,0.0001333288890370321
CYS,447,N,SER,182,O,4,0.0001333288890370321
LEU,16,N,ASN,14,O,3,9.999666677777408e-05
GLN,17,NE2,LEU,16,O,3,9.999666677777408e-05
ARG,20,NE,ARG,20,O,3,9.999666677777408e-05
LYS,25,NZ,GLY,22,O,3,9.999666677777408e-05
ARG,31,NE,GLY,35,O,3,9.999666677777408e-05
ARG,57,NE,VAL,53,O,3,9.999666677777408e-05
GLU,58,N,VAL,53,O,3,9.999666677777408e-05
ALA,66,N,GLU,65,OE2,3,9.999666677777408e-05
GLY,69,N,ARG,406,NH2,3,9.999666677777408e-05
ARG,81,NH1,ASP,77,O,3,9.999666677777408e-05
ASN,89,N,ARG,92,NH2,3,9.999666677777408e-05
GLY,90,N,ASN,89,ND2,3,9.999666677777408e-05
ASN,91,ND2,ASN,89,OD1,3,9.999666677777408e-05
ARG,92,NH1,GLU,254,OE2,3,9.999666677777408e-05
LYS,94,N,ASN,91,O,3,9.999666677777408e-05
LEU,96,N,TRP,93,O,3,9.999666677777408e-05
ARG,98,NH2,THR,102,OG1,3,9.999666677777408e-05
ARG,105,NH1,GLU,417,OE2,3,9.999666677777408e-05
ARG,105,NH2,VAL,101,O,3,9.999666677777408e-05
LYS,111,NZ,THR,103,OG1,3,9.999666677777408e-05
LYS,111,NZ,LYS,111,O,3,9.999666677777408e-05
ARG,112,NH2,GLN,119,OE1,3,9.999666677777408e-05
GLU,116,N,GLU,116,OE2,3,9.999666677777408e-05
ARG,117,NH1,GLY,110,O,3,9.999666677777408e-05
GLN,119,NE2,GLU,120,OE2,3,9.999666677777408e-05
GLN,123,NE2,ARG,130,NH1,3,9.999666677777408e-05
LEU,136,N,ARG,459,NH1,3,9.999666677777408e-05
GLN,144,NE2,TYR,175,N,3,9.999666677777408e-05
LYS,169,NZ,GLU,166,O,3,9.999666677777408e-05
TYR,175,N,ASN,172,O,3,9.999666677777408e-05
THR,177,OG1,ASN,209,OD1,3,9.999666677777408e-05
SER,179,OG,GLN,176,OE1,3,9.999666677777408e-05
SER,179,OG,SER,179,O,3,9.999666677777408e-05
VAL,184,N,GLU,446,OE2,3,9.999666677777408e-05
PHE,195,N,SER,193,O,3,9.999666677777408e-05
LYS,197,NZ,PRO,78,O,3,9.999666677777408e-05
TYR,198,N,GLY,194,O,3,9.999666677777408e-05
GLY,201,N,GLN,205,OE1,3,9.999666677777408e-05
ARG,204,NH2,GLN,205,OE1,3,9.999666677777408e-05
GLN,205,NE2,GLN,176,O,3,9.999666677777408e-05
ASN,209,ND2,THR,177,N,3,9.999666677777408e-05
HIE,219,NE2,TYR,216,OH,3,9.999666677777408e-05
HIP,224,NE2,ASP,238,OD1,3,9.999666677777408e-05
LYS,234,N,ALA,232,O,3,9.999666677777408e-05
TYR,240,OH,ASN,259,O,3,9.999666677777408e-05
LYS,246,NZ,SER,249,OG,3,9.999666677777408e-05
SER,249,N,GLU,245,O,3,9.999666677777408e-05
SER,249,OG,GLU,245,O,3,9.999666677777408e-05
ASN,263,ND2,ASN,259,O,3,9.999666677777408e-05
ASN,263,ND2,ASN,263,O,3,9.999666677777408e-05
GLU,273,N,ALA,270,O,3,9.999666677777408e-05
THR,274,OG1,GLY,271,O,3,9.999666677777408e-05
TYR,297,OH,PRO,306,O,3,9.999666677777408e-05
ILE,300,N,TYR,297,O,3,9.999666677777408e-05
HIE,313,N,GLU,311,O,3,9.999666677777408e-05
GLU,322,N,PRO,319,O,3,9.999666677777408e-05
ALA,323,N,TYR,320,O,3,9.999666677777408e-05
TYR,326,N,ALA,323,O,3,9.999666677777408e-05
GLU,327,N,VAL,324,O,3,9.999666677777408e-05
ARG,330,NH2,ALA,379,O,3,9.999666677777408e-05
HID,341,ND1,VAL,360,O,3,9.999666677777408e-05
HID,341,ND1,ARG,406,NH1,3,9.999666677777408e-05
THR,344,OG1,GLU,65,OE1,3,9.999666677777408e-05
HIE,346,N,HIE,346,ND1,3,9.999666677777408e-05
LYS,350,NZ,TYR,34,O,3,9.999666677777408e-05
HIE,372,NE2,ASP,370,OD2,3,9.999666677777408e-05
ASN,381,ND2,GLU,375,O,3,9.999666677777408e-05
ALA,397,N,THR,395,O,3,9.999666677777408e-05
ARG,406,N,GLY,404,O,3,9.999666677777408e-05
ARG,406,NH1,HID,341,NE2,3,9.999666677777408e-05
ALA,414,N,GLU,417,OE1,3,9.999666677777408e-05
ARG,415,NH1,ARG,415,O,3,9.999666677777408e-05
SER,430,OG,MET,431,O,3,9.999666677777408e-05
CYS,447,N,ARG,21,NH2,3,9.999666677777408e-05
PHE,460,N,ALA,135,O,3,9.999666677777408e-05
ARG,1,N,ILE,353,N,2,6.666444451851606e-05
ARG,1,NH2,LYS,350,O,2,6.666444451851606e-05
ARG,7,NH2,PRO,8,O,2,6.666444451851606e-05
GLY,13,N,GLY,43,O,2,6.666444451851606e-05
GLN,17,NE2,GLN,17,O,2,6.666444451851606e-05
HIE,41,NE2,PRO,44,O,2,6.666444451851606e-05
ALA,64,N,ALA,59,O,2,6.666444451851606e-05
ALA,66,N,GLU,65,OE1,2,6.666444451851606e-05
SER,68,OG,ASN,89,OD1,2,6.666444451851606e-05
ARG,70,NE,VAL,339,O,2,6.666444451851606e-05
LYS,72,NZ,ALA,88,O,2,6.666444451851606e-05
ARG,81,NE,GLN,258,NE2,2,6.666444451851606e-05
ARG,81,NH1,PHE,80,O,2,6.666444451851606e-05
ARG,92,NE,SER,253,O,2,6.666444451851606e-05
ARG,92,NE,ASN,259,OD1,2,6.666444451851606e-05
ARG,92,NE,ASN,259,ND2,2,6.666444451851606e-05
ARG,92,NH1,HIE,252,O,2,6.666444451851606e-05
ARG,92,NH2,ARG,81,O,2,6.666444451851606e-05
THR,103,N,VAL,101,O,2,6.666444451851606e-05
ARG,105,N,THR,103,O,2,6.666444451851606e-05
ARG,105,NE,ARG,105,O,2,6.666444451851606e-05
GLY,110,N,PHE,107,O,2,6.666444451851606e-05
ARG,112,N,ARG,117,NE,2,6.666444451851606e-05
ARG,112,NH2,MET,109,O,2,6.666444451851606e-05
SER,113,OG,ARG,105,NH2,2,6.666444451851606e-05
SER,113,OG,ARG,105,O,2,6.666444451851606e-05
ARG,117,NH2,ARG,112,N,2,6.666444451851606e-05
ARG,130,NE,GLU,127,O,2,6.666444451851606e-05
LYS,131,NZ,LYS,131,O,2,6.666444451851606e-05
SER,132,OG,LYS,131,O,2,6.666444451851606e-05
GLN,144,NE2,ARG,280,NH2,2,6.666444451851606e-05
THR,147,OG1,SER,276,N,2,6.666444451851606e-05
ASN,149,ND2,ARG,159,NE,2,6.666444451851606e-05
ASN,149,ND2,ARG,159,NH2,2,6.666444451851606e-05
GLN,163,NE2,GLN,165,OE1,2,6.666444451851606e-05
GLN,163,NE2,GLN,165,NE2,2,6.666444451851606e-05
LYS,169,NZ,LYS,169,O,2,6.666444451851606e-05
TYR,175,OH,THR,455,OG1,2,6.666444451851606e-05
GLN,187,NE2,VAL,184,N,2,6.666444451851606e-05
SER,193,N,LEU,191,O,2,6.666444451851606e-05
TYR,198,N,LEU,196,O,2,6.666444451851606e-05
ARG,204,NE,TYR,198,O,2,6.666444451851606e-05
LEU,210,N,TYR,207,O,2,6.666444451851606e-05
ASN,214,N,GLN,211,O,2,6.666444451851606e-05
ASN,214,ND2,ASN,261,O,2,6.666444451851606e-05
GLY,218,N,ALA,215,O,2,6.666444451851606e-05
GLU,222,N,HIE,219,O,2,6.666444451851606e-05
ARG,225,NE,VAL,221,O,2,6.666444451851606e-05
ARG,225,NE,GLU,222,O,2,6.666444451851606e-05
ARG,225,NH1,HIE,257,NE2,2,6.666444451851606e-05
ARG,225,NH2,THR,227,O,2,6.666444451851606e-05
LEU,228,N,ASP,229,OD2,2,6.666444451851606e-05
LYS,234,NZ,ASP,235,OD2,2,6.666444451851606e-05
LYS,248,NZ,HIE,257,ND1,2,6.666444451851606e-05
SER,249,OG,SER,249,O,2,6.666444451851606e-05
HIE,257,NE2,GLU,222,OE1,2,6.666444451851606e-05
HIE,257,NE2,GLU,222,OE2,2,6.666444451851606e-05
ASN,259,ND2,ARG,92,NH2,2,6.666444451851606e-05
LEU,262,N,ASN,259,O,2,6.666444451851606e-05
LEU,265,N,LEU,262,O,2,6.666444451851606e-05
THR,272,OG1,THR,147,OG1,2,6.666444451851606e-05
THR,272,OG1,THR,147,O,2,6.666444451851606e-05
THR,275,OG1,GLU,417,OE2,2,6.666444451851606e-05
LYS,288,NZ,LYS,288,O,2,6.666444451851606e-05
ARG,298,NH2,TYR,297,OH,2,6.666444451851606e-05
GLU,299,N,TYR,297,O,2,6.666444451851606e-05
GLN,302,NE2,ARG,298,NH2,2,6.666444451851606e-05
GLN,302,NE2,GLU,299,OE2,2,6.666444451851606e-05
HIE,307,N,GLY,305,O,2,6.666444451851606e-05
HIE,307,NE2,ARG,463,OXT,2,6.666444451851606e-05
HIE,313,NE2,ARG,308,NH1,2,6.666444451851606e-05
ARG,315,NH1,ALA,416,N,2,6.666444451851606e-05
LYS,317,N,ARG,315,O,2,6.666444451851606e-05
LYS,317,NZ,ALA,316,O,2,6.666444451851606e-05
TYR,320,OH,ARG,295,NH1,2,6.666444451851606e-05
TYR,326,OH,LYS,393,O,2,6.666444451851606e-05
ARG,330,NH2,ASP,378,O,2,6.666444451851606e-05
THR,344,OG1,GLU,65,OE2,2,6.666444451851606e-05
THR,344,OG1,PHE,67,O,2,6.666444451851606e-05
GLN,345,NE2,ALA,66,N,2,6.666444451851606e-05
GLN,345,NE2,HIE,346,NE2,2,6.666444451851606e-05
SER,348,N,THR,347,OG1,2,6.666444451851606e-05
SER,348,OG,THR,347,O,2,6.666444451851606e-05
LYS,350,NZ,LYS,350,O,2,6.666444451851606e-05
GLY,351,N,SER,348,OG,2,6.666444451851606e-05
THR,358,N,LYS,356,O,2,6.666444451851606e-05
HID,369,ND1,ASP,333,OD1,2,6.666444451851606e-05
HID,369,ND1,ASP,333,OD2,2,6.666444451851606e-05
HID,369,ND1,SER,365,OG,2,6.666444451851606e-05
GLU,375,N,HIE,372,O,2,6.666444451851606e-05
ASP,383,N,ASP,383,OD2,2,6.666444451851606e-05
LYS,393,NZ,GLU,375,OE2,2,6.666444451851606e-05
THR,395,OG1,LYS,393,O,2,6.666444451851606e-05
LYS,405,N,LEU,403,O,2,6.666444451851606e-05
ARG,406,NH1,LEU,60,O,2,6.666444451851606e-05
ARG,406,NH1,ILE,86,O,2,6.666444451851606e-05
ARG,406,NH1,TRP,93,NE1,2,6.666444451851606e-05
ARG,406,NH2,GLY,69,O,2,6.666444451851606e-05
ARG,406,NH2,ASN,89,OD1,2,6.666444451851606e-05
GLY,410,N,HM1,464,NC,2,6.666444451851606e-05
ALA,432,N,SER,430,O,2,6.666444451851606e-05
GLN,445,NE2,ILE,452,O,2,6.666444451851606e-05
LYS,451,NZ,SER,365,OG,2,6.666444451851606e-05
GLN,457,N,GLN,457,NE2,2,6.666444451851606e-05
GLN,457,NE2,SER,433,OG,2,6.666444451851606e-05
ARG,459,NH1,SER,433,O,2,6.666444451851606e-05
ARG,459,NH2,SER,433,O,2,6.666444451851606e-05
LEU,461,N,ARG,459,O,2,6.666444451851606e-05
LEU,9,N,GLY,13,N,1,3.333222225925803e-05
LEU,11,N,LEU,9,O,1,3.333222225925803e-05
GLY,13,N,PRO,10,O,1,3.333222225925803e-05
MET,18,N,LEU,16,O,1,3.333222225925803e-05
ARG,20,N,MET,18,O,1,3.333222225925803e-05
ARG,20,N,ARG,20,NH1,1,3.333222225925803e-05
ARG,20,NH2,LEU,16,O,1,3.333222225925803e-05
ARG,21,NH1,PRO,444,O,1,3.333222225925803e-05
LEU,23,N,ASP,19,O,1,3.333222225925803e-05
LEU,23,N,GLN,187,NE2,1,3.333222225925803e-05
LEU,24,N,CYS,447,O,1,3.333222225925803e-05
SER,26,OG,SER,26,O,1,3.333222225925803e-05
ARG,29,NE,ASP,19,OD1,1,3.333222225925803e-05
ARG,29,NH1,ARG,21,NH2,1,3.333222225925803e-05
ARG,29,NH2,LYS,25,O,1,3.333222225925803e-05
ARG,31,NE,CYS,51,O,1,3.333222225925803e-05
ARG,31,NH2,THR,366,O,1,3.333222225925803e-05
LYS,33,NZ,GLU,32,O,1,3.333222225925803e-05
GLY,35,N,GLU,32,O,1,3.333222225925803e-05
THR,39,OG1,PRO,3,N,1,3.333222225925803e-05
THR,39,OG1,VAL,48,N,1,3.333222225925803e-05
ARG,45,NH1,GLU,190,OE1,1,3.333222225925803e-05
VAL,47,N,THR,39,OG1,1,3.333222225925803e-05
ALA,55,N,CYS,51,O,1,3.333222225925803e-05
ALA,55,N,VAL,53,O,1,3.333222225925803e-05
ARG,57,NH1,ARG,57,O,1,3.333222225925803e-05
ARG,57,NH1,GLU,58,N,1,3.333222225925803e-05
ASP,62,N,ALA,59,O,1,3.333222225925803e-05
GLU,65,N,LYS,63,O,1,3.333222225925803e-05
SER,68,OG,ALA,66,O,1,3.333222225925803e-05
SER,68,OG,ARG,406,NH1,1,3.333222225925803e-05
GLY,69,N,ARG,406,NE,1,3.333222225925803e-05
ARG,70,N,PHE,87,O,1,3.333222225925803e-05
ARG,70,NH1,PHE,87,O,1,3.333222225925803e-05
ARG,70,NH1,ARG,406,NH1,1,3.333222225925803e-05
ARG,70,NH2,TRP,93,NE1,1,3.333222225925803e-05
ARG,70,NH2,HID,341,NE2,1,3.333222225925803e-05
ARG,70,NH2,LYS,405,O,1,3.333222225925803e-05
ARG,70,NH2,ARG,406,NH2,1,3.333222225925803e-05
GLY,71,N,ARG,70,NE,1,3.333222225925803e-05
LYS,72,NZ,GLY,71,O,1,3.333222225925803e-05
MET,75,N,ILE,73,O,1,3.333222225925803e-05
MET,75,N,GLY,186,O,1,3.333222225925803e-05
PHE,79,N,ASP,77,O,1,3.333222225925803e-05
ARG,81,NE,ASP,77,OD2,1,3.333222225925803e-05
ARG,81,NE,ARG,81,O,1,3.333222225925803e-05
ARG,81,NH2,TYR,83,OH,1,3.333222225925803e-05
GLY,84,N,ASN,259,ND2,1,3.333222225925803e-05
ASN,89,ND2,SER,68,OG,1,3.333222225925803e-05
ASN,91,ND2,HIE,252,NE2,1,3.333222225925803e-05
ARG,92,N,ASN,89,ND2,1,3.333222225925803e-05
ARG,92,N,GLU,254,OE1,1,3.333222225925803e-05
ARG,92,NH1,TYR,83,OH,1,3.333222225925803e-05
ARG,92,NH1,ASN,259,ND2,1,3.333222225925803e-05
ARG,92,NH2,SER,256,OG,1,3.333222225925803e-05
LEU,96,N,ASN,91,O,1,3.333222225925803e-05
ARG,97,N,LYS,94,O,1,3.333222225925803e-05
ARG,97,NH1,ILE,407,N,1,3.333222225925803e-05
THR,103,OG1,SER,100,O,1,3.333222225925803e-05
MET,104,N,PHE,99,O,1,3.333222225925803e-05
ARG,105,NE,MET,104,O,1,3.333222225925803e-05
GLY,108,N,ARG,112,NH2,1,3.333222225925803e-05
LYS,111,N,PRO,233,O,1,3.333222225925803e-05
LYS,111,N,LYS,234,O,1,3.333222225925803e-05
LYS,111,NZ,MET,104,O,1,3.333222225925803e-05
LYS,111,NZ,GLY,110,O,1,3.333222225925803e-05
LYS,111,NZ,ALA,232,O,1,3.333222225925803e-05
LYS,111,NZ,ASP,235,O,1,3.333222225925803e-05
ARG,112,NE,GLY,108,O,1,3.333222225925803e-05
ARG,112,NH2,LYS,111,O,1,3.333222225925803e-05
ARG,112,NH2,GLN,119,NE2,1,3.333222225925803e-05
GLU,115,N,ARG,105,NH2,1,3.333222225925803e-05
ARG,117,NE,GLU,116,OE2,1,3.333222225925803e-05
ARG,117,NH1,GLU,116,OE2,1,3.333222225925803e-05
ARG,117,NH2,GLU,116,OE2,1,3.333222225925803e-05
ILE,118,N,GLU,116,N,1,3.333222225925803e-05
GLN,119,NE2,GLU,116,N,1,3.333222225925803e-05
GLU,120,N,ILE,118,O,1,3.333222225925803e-05
GLN,123,N,GLU,121,O,1,3.333222225925803e-05
GLN,123,NE2,GLN,119,NE2,1,3.333222225925803e-05
GLN,123,NE2,ALA,122,O,1,3.333222225925803e-05
ARG,130,NH1,GLN,123,NE2,1,3.333222225925803e-05
ARG,130,NH1,ASN,428,O,1,3.333222225925803e-05
LYS,133,NZ,LYS,133,O,1,3.333222225925803e-05
THR,140,OG1,GLN,144,OE1,1,3.333222225925803e-05
PHE,143,N,THR,140,O,1,3.333222225925803e-05
GLN,144,N,LEU,142,O,1,3.333222225925803e-05
GLN,144,NE2,ASN,172,ND2,1,3.333222225925803e-05
THR,147,OG1,SER,276,OG,1,3.333222225925803e-05
CYS,152,N,ASN,149,O,1,3.333222225925803e-05
SER,153,OG,SER,153,O,1,3.333222225925803e-05
GLY,157,N,VAL,155,N,1,3.333222225925803e-05
LYS,158,NZ,ASP,164,OD2,1,3.333222225925803e-05
LYS,158,NZ,HIE,219,ND1,1,3.333222225925803e-05
ARG,159,NE,ARG,117,NH1,1,3.333222225925803e-05
ARG,159,NE,SER,153,OG,1,3.333222225925803e-05
ARG,159,NE,PHE,160,O,1,3.333222225925803e-05
ARG,159,NE,TYR,162,OH,1,3.333222225925803e-05
ARG,159,NH1,ARG,117,O,1,3.333222225925803e-05
ARG,159,NH1,ASN,149,O,1,3.333222225925803e-05
ARG,159,NH2,ARG,112,NH1,1,3.333222225925803e-05
ARG,159,NH2,ARG,117,NH1,1,3.333222225925803e-05
ARG,159,NH2,ASN,149,OD1,1,3.333222225925803e-05
ARG,159,NH2,HIE,161,ND1,1,3.333222225925803e-05
TYR,162,N,HIE,161,NE2,1,3.333222225925803e-05
GLN,163,N,GLN,163,NE2,1,3.333222225925803e-05
ASP,164,N,HIE,161,ND1,1,3.333222225925803e-05
GLN,165,NE2,TYR,162,O,1,3.333222225925803e-05
TYR,175,OH,ARG,280,NH2,1,3.333222225925803e-05
GLN,176,NE2,ASN,209,ND2,1,3.333222225925803e-05
PHE,178,N,TYR,175,O,1,3.333222225925803e-05
SER,182,N,LEU,180,N,1,3.333222225925803e-05
VAL,184,N,CYS,447,O,1,3.333222225925803e-05
LEU,191,N,LEU,42,O,1,3.333222225925803e-05
SER,193,OG,ALA,74,O,1,3.333222225925803e-05
SER,193,OG,SER,193,O,1,3.333222225925803e-05
GLY,194,N,GLU,190,O,1,3.333222225925803e-05
LYS,197,NZ,PHE,195,O,1,3.333222225925803e-05
LYS,197,NZ,LYS,197,O,1,3.333222225925803e-05
ARG,204,N,HIE,203,NE2,1,3.333222225925803e-05
ARG,204,NE,GLN,205,OE1,1,3.333222225925803e-05
ARG,204,NH2,PHE,199,N,1,3.333222225925803e-05
GLN,205,NE2,ALA,202,N,1,3.333222225925803e-05
GLN,205,NE2,ALA,202,O,1,3.333222225925803e-05
TYR,207,OH,GLN,211,NE2,1,3.333222225925803e-05
ASN,209,ND2,GLU,212,OE2,1,3.333222225925803e-05
GLN,211,NE2,GLU,212,N,1,3.333222225925803e-05
GLN,211,NE2,ASN,214,ND2,1,3.333222225925803e-05
SER,220,OG,TYR,216,OH,1,3.333222225925803e-05
LYS,223,NZ,GLU,226,O,1,3.333222225925803e-05
HIP,224,N,GLU,222,O,1,3.333222225925803e-05
HIP,224,ND1,VAL,221,O,1,3.333222225925803e-05
HIP,224,ND1,LYS,223,O,1,3.333222225925803e-05
HIP,224,NE2,PHE,156,O,1,3.333222225925803e-05
ARG,225,NH1,VAL,221,O,1,3.333222225925803e-05
ARG,225,NH2,ARG,225,O,1,3.333222225925803e-05
ARG,225,NH2,HIE,257,O,1,3.333222225925803e-05
THR,227,OG1,ASP,229,O,1,3.333222225925803e-05
THR,227,OG1,ASP,238,OD2,1,3.333222225925803e-05
ASP,229,N,GLU,226,O,1,3.333222225925803e-05
ASP,229,N,ASP,229,OD1,1,3.333222225925803e-05
ASP,229,N,ASP,238,OD1,1,3.333222225925803e-05
ALA,232,N,ASP,229,OD2,1,3.333222225925803e-05
LYS,234,N,ASP,235,OD2,1,3.333222225925803e-05
LYS,234,NZ,HIP,224,O,1,3.333222225925803e-05
LEU,241,N,ASP,238,O,1,3.333222225925803e-05
GLU,245,N,HID,243,O,1,3.333222225925803e-05
LYS,246,NZ,PRO,230,O,1,3.333222225925803e-05
GLU,247,N,GLU,245,O,1,3.333222225925803e-05
LYS,248,NZ,SER,249,OG,1,3.333222225925803e-05
SER,249,OG,GLU,247,O,1,3.333222225925803e-05
ASN,250,ND2,LYS,246,O,1,3.333222225925803e-05
ASN,250,ND2,ASN,250,O,1,3.333222225925803e-05
HIE,252,N,ASN,250,O,1,3.333222225925803e-05
HIE,252,NE2,GLU,247,OE1,1,3.333222225925803e-05
SER,253,OG,ASN,250,OD1,1,3.333222225925803e-05
SER,253,OG,ASN,250,ND2,1,3.333222225925803e-05
SER,253,OG,HIE,252,O,1,3.333222225925803e-05
SER,256,OG,TYR,83,OH,1,3.333222225925803e-05
HIE,257,N,SER,256,OG,1,3.333222225925803e-05
HIE,257,NE2,ARG,225,NH1,1,3.333222225925803e-05
HIE,257,NE2,ASN,261,OD1,1,3.333222225925803e-05
HIE,257,NE2,ASN,261,ND2,1,3.333222225925803e-05
GLN,258,NE2,HIE,257,O,1,3.333222225925803e-05
GLN,258,NE2,ASN,261,ND2,1,3.333222225925803e-05
ASN,259,N,GLN,258,OE1,1,3.333222225925803e-05
ASN,259,ND2,GLN,258,O,1,3.333222225925803e-05
ASN,261,N,ASN,261,ND2,1,3.333222225925803e-05
THR,272,OG1,GLN,144,OE1,1,3.333222225925803e-05
THR,272,OG1,THR,272,O,1,3.333222225925803e-05
THR,277,N,THR,274,O,1,3.333222225925803e-05
THR,277,OG1,ARG,280,NH2,1,3.333222225925803e-05
THR,277,OG1,LYS,451,O,1,3.333222225925803e-05
SER,278,OG,SER,278,O,1,3.333222225925803e-05
SER,278,OG,GLN,329,NE2,1,3.333222225925803e-05
ARG,280,NH1,THR,140,OG1,1,3.333222225925803e-05
ARG,280,NH2,PRO,453,O,1,3.333222225925803e-05
HIE,291,N,TYR,289,O,1,3.333222225925803e-05
ARG,295,NE,GLU,294,OE1,1,3.333222225925803e-05
ARG,295,NH1,GLU,294,OE1,1,3.333222225925803e-05
ARG,295,NH1,GLN,302,OE1,1,3.333222225925803e-05
TYR,297,OH,ARG,298,NH1,1,3.333222225925803e-05
TYR,297,OH,GLN,427,O,1,3.333222225925803e-05
TYR,297,OH,ARG,463,O,1,3.333222225925803e-05
ARG,298,NE,ARG,298,O,1,3.333222225925803e-05
ARG,298,NH2,TYR,297,O,1,3.333222225925803e-05
GLU,301,N,ARG,298,O,1,3.333222225925803e-05
GLN,302,NE2,ARG,298,NH1,1,3.333222225925803e-05
GLN,302,NE2,GLU,299,OE1,1,3.333222225925803e-05
GLN,302,NE2,LYS,317,O,1,3.333222225925803e-05
ILE,304,N,GLU,299,O,1,3.333222225925803e-05
ARG,308,NE,GLU,311,OE1,1,3.333222225925803e-05
ARG,308,NH1,GLU,311,OE1,1,3.333222225925803e-05
ARG,308,NH2,ILE,304,O,1,3.333222225925803e-05
HIE,313,NE2,ARG,308,NH2,1,3.333222225925803e-05
ARG,315,NE,ALA,416,O,1,3.333222225925803e-05
ARG,315,NH1,ARG,415,NH1,1,3.333222225925803e-05
ARG,315,NH1,ARG,415,NH2,1,3.333222225925803e-05
ALA,316,N,ASP,314,O,1,3.333222225925803e-05
LYS,317,NZ,GLN,302,OE1,1,3.333222225925803e-05
TYR,320,OH,ASP,383,OD2,1,3.333222225925803e-05
TYR,326,OH,ARG,415,NH2,1,3.333222225925803e-05
ILE,328,N,ILE,325,O,1,3.333222225925803e-05
GLN,329,N,TYR,326,O,1,3.333222225925803e-05
GLN,329,NE2,PRO,400,O,1,3.333222225925803e-05
HID,341,ND1,GLY,69,O,1,3.333222225925803e-05
HID,341,ND1,ARG,70,NH2,1,3.333222225925803e-05
ILE,342,N,ARG,70,N,1,3.333222225925803e-05
THR,344,OG1,GLY,69,N,1,3.333222225925803e-05
THR,344,OG1,GLN,345,N,1,3.333222225925803e-05
GLN,345,NE2,SER,68,OG,1,3.333222225925803e-05
SER,348,OG,SER,348,O,1,3.333222225925803e-05
LYS,350,NZ,TYR,352,OH,1,3.333222225925803e-05
TYR,352,OH,ARG,1,NH2,1,3.333222225925803e-05
LYS,356,NZ,VAL,343,O,1,3.333222225925803e-05
THR,358,OG1,ASP,357,O,1,3.333222225925803e-05
LEU,364,N,PRO,336,O,1,3.333222225925803e-05
HID,369,ND1,LEU,368,O,1,3.333222225925803e-05
TYR,373,N,PRO,371,O,1,3.333222225925803e-05
TYR,373,N,HIE,372,ND1,1,3.333222225925803e-05
TYR,373,OH,ARG,57,NH1,1,3.333222225925803e-05
GLU,375,N,TYR,373,O,1,3.333222225925803e-05
ALA,379,N,ASP,378,OD1,1,3.333222225925803e-05
ASN,381,ND2,ASN,381,O,1,3.333222225925803e-05
ASN,381,ND2,HIP,384,NE2,1,3.333222225925803e-05
ASP,383,N,ASP,383,OD1,1,3.333222225925803e-05
HIP,384,N,ASN,381,OD1,1,3.333222225925803e-05
ASN,389,N,ASN,389,OD1,1,3.333222225925803e-05
ASN,389,N,ASN,389,ND2,1,3.333222225925803e-05
LYS,394,NZ,LYS,393,O,1,3.333222225925803e-05
LYS,394,NZ,THR,395,OG1,1,3.333222225925803e-05
THR,395,N,GLU,396,OE2,1,3.333222225925803e-05
THR,395,OG1,TYR,326,OH,1,3.333222225925803e-05
ALA,397,N,GLU,396,OE1,1,3.333222225925803e-05
PHE,398,N,GLU,396,O,1,3.333222225925803e-05
GLY,404,N,SER,402,O,1,3.333222225925803e-05
GLY,404,N,ARG,406,O,1,3.333222225925803e-05
LYS,405,NZ,LEU,60,O,1,3.333222225925803e-05
LYS,405,NZ,GLU,65,N,1,3.333222225925803e-05
LYS,405,NZ,PHE,67,O,1,3.333222225925803e-05
ARG,406,NH2,LEU,60,O,1,3.333222225925803e-05
ARG,406,NH2,ARG,70,NH2,1,3.333222225925803e-05
ARG,406,NH2,HID,341,ND1,1,3.333222225925803e-05
ILE,407,N,LEU,403,O,1,3.333222225925803e-05
GLU,411,N,LEU,409,O,1,3.333222225925803e-05
ARG,415,NE,ARG,315,NE,1,3.333222225925803e-05
THR,424,OG1,PHE,421,O,1,3.333222225925803e-05
LEU,426,N,THR,423,O,1,3.333222225925803e-05
GLN,427,NE2,HIE,307,N,1,3.333222225925803e-05
GLN,427,NE2,HIE,307,O,1,3.333222225925803e-05
SER,430,OG,SER,430,O,1,3.333222225925803e-05
SER,430,OG,ARG,463,OXT,1,3.333222225925803e-05
GLN,445,NE2,THR,455,N,1,3.333222225925803e-05
GLY,450,N,SER,182,N,1,3.333222225925803e-05
LYS,451,NZ,ASP,333,N,1,3.333222225925803e-05
THR,455,OG1,TYR,175,OH,1,3.333222225925803e-05
TYR,456,N,ASP,138,OD1,1,3.333222225925803e-05
TYR,456,OH,THR,140,OG1,1,3.333222225925803e-05
TYR,456,OH,PHE,283,O,1,3.333222225925803e-05
TYR,456,OH,LEU,284,N,1,3.333222225925803e-05
GLN,457,NE2,MET,137,N,1,3.333222225925803e-05
ARG,459,NE,ALA,135,O,1,3.333222225925803e-05
ARG,459,NE,LEU,136,N,1,3.333222225925803e-05
ARG,459,NE,SER,433,O,1,3.333222225925803e-05
ARG,463,NH1,ALA,293,O,1,3.333222225925803e-05
ARG,463,NH2,ALA,293,O,1,3.333222225925803e-05
ARG,463,NH2,ARG,463,OXT,1,3.333222225925803e-05
