donor_resname,donor_resid,donor_atom,acceptor_resname,acceptor_resid,acceptor_atom,count,frequency
THR,321,OG1,GLU,299,OE1,29489,0.9829339022032599
ARG,330,NH2,GLU,327,OE1,29007,0.9668677710742976
ASN,381,N,GLU,327,OE1,28962,0.9653678210726309
LEU,168,N,ASP,164,O,28687,0.956201459951335
VAL,101,N,ARG,97,O,28474,0.949101696610113
TYR,456,OH,ARG,280,O,28266,0.9421685943801873
ARG,330,NE,GLU,327,OE2,28262,0.9420352654911502
THR,424,OG1,LEU,420,O,28225,0.9408019732675578
VAL,155,N,ILE,151,O,28015,0.9338022065931135
THR,239,OG1,ASP,235,O,27988,0.9329022365921136
VAL,40,N,VAL,47,O,27968,0.9322355921469284
GLU,301,N,TYR,297,O,27967,0.9322022599246692
SER,365,N,PRO,336,O,27839,0.9279357354754841
VAL,343,N,THR,358,O,27778,0.9259024699176694
PHE,421,N,GLU,417,O,27760,0.9253024899170028
MET,49,N,PHE,38,O,27669,0.9222692576914103
ARG,330,NH1,LEU,368,O,27654,0.9217692743575214
THR,423,OG1,PHE,419,O,27652,0.9217026099130029
ILE,458,N,MET,137,O,27629,0.92093596880104
SER,145,OG,PHE,141,O,27312,0.9103696543448552
PHE,385,N,PRO,382,O,27277,0.9092030265657811
SER,365,OG,ASP,333,OD2,27243,0.9080697310089664
HIP,384,N,ASN,381,O,27164,0.9054364854504849
ASN,428,ND2,THR,424,O,27115,0.9038032065597813
THR,423,N,PHE,419,O,27081,0.9026699110029666
THR,264,OG1,LEU,260,O,26988,0.8995700143328555
PHE,143,N,PRO,139,O,26965,0.8988033732208927
THR,177,OG1,LEU,173,O,26899,0.8966034465517816
PHE,178,N,PHE,174,O,26896,0.8965034498850039
PHE,349,N,TYR,352,O,26870,0.8956368121062631
PHE,160,N,ASN,149,OD1,26698,0.8899036698776708
THR,424,N,LEU,420,O,26686,0.8895036832105596
HIE,41,N,ASN,14,OD1,26590,0.8863037898736709
GLU,273,N,PHE,269,O,26564,0.8854371520949301
THR,277,OG1,GLU,273,O,26564,0.8854371520949301
VAL,48,N,GLU,359,O,26561,0.8853371554281524
TYR,162,OH,GLU,121,OE2,26434,0.8811039632012266
ASP,387,N,ALA,391,O,26405,0.8801373287557082
LEU,241,N,ILE,237,O,26374,0.8791040298656712
ALA,270,N,SER,266,O,26364,0.8787707076430785
SER,153,OG,ASN,149,O,26357,0.8785373820872637
GLN,427,NE2,ARG,308,O,26353,0.8784040531982267
ALA,148,N,GLN,144,O,26213,0.8737375420819306
ASN,149,ND2,GLU,121,OE2,26191,0.873004233192227
GLN,176,N,ASN,172,O,26186,0.8728375720809306
ASN,14,N,HIE,41,O,26094,0.8697710076330789
THR,366,OG1,ILE,363,O,25987,0.8662044598513383
LEU,418,N,ALA,414,O,25730,0.857638078730709
THR,278,OG1,THR,274,O,25703,0.856738108729709
TYR,175,N,LEU,171,O,25652,0.8550381653944868
GLY,52,N,THR,366,OG1,25651,0.8550048331722276
ILE,300,N,VAL,296,O,25651,0.8550048331722276
THR,103,OG1,PHE,99,O,25606,0.853504883170561
ASP,164,N,HIE,161,O,25485,0.8494716842771908
ILE,354,N,THR,347,O,25436,0.8478384053864871
PHE,38,N,MET,49,O,25385,0.846138462051265
THR,347,N,ILE,354,O,25348,0.8449051698276724
ARG,98,N,LYS,94,O,25257,0.8418719376020799
ARG,159,NH2,GLU,121,OE2,25241,0.8413386220459318
ILE,181,N,THR,177,O,25119,0.8372720909303023
THR,358,OG1,PRO,355,O,25070,0.8356388120395987
SER,182,OG,PHE,178,O,25069,0.8356054798173395
THR,272,OG1,PHE,268,O,25024,0.8341055298156728
THR,321,N,GLU,299,OE1,25008,0.8335722142595247
SER,276,OG,THR,272,O,24992,0.8330388987033766
ILE,363,N,LEU,50,O,24931,0.8310056331455619
PHE,283,N,LEU,279,O,24878,0.8292390253658212
THR,39,N,PRO,4,O,24877,0.8292056931435619
SER,430,N,LEU,461,O,24826,0.8275057498083397
PHE,331,N,GLU,327,O,24823,0.827405753141562
LEU,9,N,GLY,13,O,24809,0.8269391020299324
LEU,267,N,ASN,263,O,24802,0.8267057764741176
VAL,95,N,ASN,91,O,24728,0.8242391920269324
LYS,94,N,GLY,90,O,24683,0.8227392420252658
PHE,99,N,VAL,95,O,24482,0.816039465351155
ARG,97,N,TRP,93,O,24476,0.8158394720175994
LYS,393,N,PHE,385,O,24460,0.8153061564614513
SER,100,N,LEU,96,O,24390,0.8129729009033032
PHE,269,N,LEU,265,O,24360,0.8119729342355255
VAL,221,N,ILE,217,O,24330,0.8109729675677477
VAL,360,N,HID,341,O,24199,0.8066064464517849
ARG,57,N,VAL,53,O,24166,0.8055064831172294
ILE,452,N,GLU,446,O,24159,0.8052731575614146
GLU,327,N,ALA,323,O,24158,0.8052398253391554
THR,102,OG1,ARG,98,O,24012,0.8003733208893037
LEU,265,N,ASN,261,O,23957,0.7985400486650445
ILE,217,N,ILE,213,O,23933,0.7977400753308223
LEU,125,N,GLU,121,O,23905,0.7968067731075631
THR,264,N,LEU,260,O,23888,0.7962401253291557
MET,137,N,ILE,458,O,23804,0.793440218659378
GLN,329,N,ILE,325,O,23741,0.7913402886570448
LEU,426,N,PHE,422,O,23734,0.79110696310123
LEU,279,N,THR,275,O,23686,0.7895070164327855
ARG,159,NE,GLU,121,OE1,23670,0.7889737008766374
LEU,196,N,PHE,192,O,23570,0.7856404786507116
LYS,223,N,HIE,219,O,23562,0.7853738208726376
MET,104,N,SER,100,O,23441,0.7813406219792673
LEU,96,N,ARG,92,O,23339,0.777940735308823
ASN,214,N,LEU,210,O,23330,0.7776407453084897
LEU,129,N,LEU,125,O,23329,0.7776074130862305
PHE,361,N,VAL,48,O,23240,0.7746408453051565
CYS,152,N,ALA,148,O,23212,0.7737075430818973
VAL,303,N,GLU,299,O,23163,0.7720742641911936
GLN,427,NE2,GLY,305,O,23089,0.7696076797440086
LYS,356,N,HIE,346,ND1,23062,0.7687077097430086
ILE,328,N,VAL,324,O,22922,0.7640411986267125
ASP,77,N,ILE,73,O,22857,0.7618746041798606
TYR,326,N,GLU,322,O,22848,0.7615746141795273
MET,244,N,TYR,240,O,22821,0.7606746441785274
ALA,122,N,ILE,118,O,22794,0.7597746741775274
SER,332,OG,ILE,328,O,22681,0.7560081330622312
ARG,298,N,GLU,294,O,22635,0.7544748508383053
LEU,28,N,LEU,24,O,22566,0.7521749275024165
TYR,83,N,PHE,80,O,22484,0.7494416852771574
GLU,322,N,MET,318,O,22404,0.7467751074964167
VAL,76,N,ILE,73,O,22341,0.7446751774940835
ASP,383,N,ASN,381,OD1,22338,0.7445751808273058
LEU,285,N,TYR,281,O,22273,0.742408586380454
LEU,461,N,SER,430,O,22261,0.7420085997133429
LYS,63,N,GLU,58,O,22260,0.7419752674910837
GLY,305,N,ILE,300,O,22231,0.7410086330455652
VAL,85,N,ASN,263,OD1,22176,0.739175360821306
TYR,34,N,PHE,30,O,22137,0.7378754041531949
ARG,406,NH2,HM1,464,O2A,22094,0.7364421185960468
THR,39,OG1,PRO,3,O,22016,0.7338422052598247
SER,100,OG,LEU,96,O,21789,0.7262757908069731
THR,347,OG1,GLN,345,O,21620,0.7206426452451585
LEU,368,N,LEU,364,O,21592,0.7197093430218993
GLU,58,N,GLU,54,O,21517,0.7172094263524549
GLY,218,N,ASN,214,O,21497,0.7165427819072697
ALA,323,N,PRO,319,O,21488,0.7162427919069364
ILE,146,N,LEU,142,O,21383,0.7127429085697143
THR,277,N,GLU,273,O,21289,0.7096096796773441
LEU,171,N,PHE,167,O,21279,0.7092763574547515
GLY,282,N,THR,278,O,21279,0.7092763574547515
TYR,297,N,ALA,293,O,21165,0.7054764841171961
ARG,280,N,SER,276,O,21128,0.7042431918936035
TYR,281,OH,LEU,442,O,21093,0.7030765641145296
VAL,296,N,VAL,292,O,21042,0.7013766207793074
GLU,222,N,GLY,218,O,21036,0.7011766274457518
CYS,51,N,ASP,36,O,21022,0.7007099763341222
LEU,188,N,VAL,184,O,21016,0.7005099830005667
ASN,149,ND2,PHE,160,O,20899,0.6966101129962334
ILE,325,N,THR,321,O,20728,0.6909103029899003
LEU,50,N,PHE,361,O,20709,0.6902769907669745
GLY,22,N,ASP,19,O,20659,0.6886103796540115
ARG,92,NH1,GLY,82,O,20590,0.6863104563181227
ILE,126,N,ALA,122,O,20536,0.6845105163161228
PHE,422,N,LEU,418,O,20377,0.6792106929769007
SER,26,OG,GLY,22,O,20351,0.6783440551981601
MET,318,N,ARG,315,O,20349,0.6782773907536416
LEU,210,N,VAL,206,O,20277,0.6758774707509749
TRP,93,NE1,HM1,464,O1D,20194,0.6731108963034566
VAL,324,N,TYR,320,O,20049,0.6682777240758642
ASN,172,N,LEU,168,O,19987,0.6662111262957902
ASN,149,N,SER,145,O,19963,0.6654111529615679
VAL,339,N,HM1,464,O2A,19942,0.6647111762941236
ARG,31,N,PHE,27,O,19934,0.6644445185160495
ARG,225,N,VAL,221,O,19891,0.6630112329589014
LEU,262,N,GLN,258,O,19829,0.6609446351788274
TYR,281,N,THR,277,O,19574,0.6524449185027166
ASN,14,ND2,PRO,6,O,19480,0.6493116896103464
SER,179,N,TYR,175,O,19390,0.6463117896070131
PHE,30,N,SER,26,O,19339,0.6446118462717909
PHE,268,N,THR,264,O,19290,0.6429785673810873
ASN,250,N,GLU,247,O,19246,0.6415119496016799
PHE,419,N,ARG,415,O,19211,0.640345321822606
PHE,398,N,THR,395,O,19166,0.6388453718209393
SER,183,OG,LEU,180,O,19163,0.6387453751541615
ASN,209,N,GLN,205,O,19092,0.6363787873737542
ARG,315,N,GLU,311,O,19079,0.6359454684843838
LEU,236,N,ILE,154,O,18959,0.6319456018132729
PHE,27,N,LEU,23,O,18925,0.6308123062564581
THR,344,N,ALA,66,O,18868,0.6289123695876804
ARG,70,NH2,HM1,464,O1A,18717,0.6238792040265324
ASN,14,ND2,GLN,17,OE1,18595,0.6198126729109029
LYS,451,NZ,ASP,333,OD1,18572,0.61904603179894
ILE,407,N,GLY,404,O,18516,0.6171794273524216
GLU,127,N,GLN,123,O,18419,0.6139462017932735
ILE,56,N,GLY,52,O,18409,0.613612879570681
CYS,459,N,ALA,432,O,18398,0.6132462251258292
ARG,295,N,HIE,291,O,18388,0.6129129029032365
LEU,173,N,LYS,169,O,18356,0.6118462717909403
TRP,93,N,ASN,89,O,18345,0.6114796173460885
SER,179,OG,TYR,175,O,18188,0.6062464584513849
ASP,19,N,SER,26,OG,18096,0.6031798940035332
ALA,397,N,THR,395,OG1,18018,0.6005799806673111
ALA,59,N,ALA,55,O,17952,0.5983800539982
PHE,374,N,ASP,370,O,17918,0.5972467584413853
SER,145,N,PHE,141,O,17866,0.5955134828839038
TYR,373,N,ASP,370,O,17738,0.5912469584347189
HID,341,N,VAL,360,O,17643,0.5880803973200893
GLY,271,N,LEU,267,O,17532,0.5843805206493117
SER,132,OG,GLU,128,O,17484,0.5827805739808674
PHE,174,N,MET,170,O,17427,0.5808806373120896
ALA,432,N,CYS,459,O,17351,0.578347388420386
LYS,317,N,ASP,314,O,17308,0.5769141028632379
LEU,420,N,ALA,416,O,17276,0.5758474717509416
LYS,288,NZ,ILE,440,O,17226,0.5741808606379787
GLU,247,N,HID,243,O,17070,0.5689810339655345
SER,266,OG,LEU,262,O,17047,0.5682143928535716
SER,433,OG,GLN,457,O,16970,0.5656478117396087
PHE,80,N,VAL,76,O,16905,0.5634812172927569
LEU,386,N,ASP,383,O,16901,0.5633478884037199
GLY,71,N,PRO,340,O,16876,0.5625145828472384
GLU,226,N,GLU,222,O,16875,0.5624812506249791
ILE,342,N,GLY,69,O,16846,0.5615146161794606
GLY,390,N,ASP,387,O,16812,0.5603813206226459
GLN,144,N,THR,140,O,16811,0.5603479884003867
GLU,294,N,PRO,290,O,16801,0.560014666177794
ARG,130,N,ILE,126,O,16771,0.5590146995100164
ASN,261,N,HIE,257,O,16770,0.558981367287757
GLY,338,N,LEU,335,O,16770,0.558981367287757
PHE,79,N,VAL,76,O,16767,0.5588813706209793
MET,286,N,GLY,282,O,16736,0.5578480717309423
GLN,17,NE2,ARG,7,O,16696,0.556514782840572
TYR,352,N,PHE,349,O,16691,0.5563481217292757
ASN,259,N,SER,256,OG,16688,0.5562481250624979
SER,266,N,LEU,262,O,16669,0.555614812839572
ASP,238,N,ASP,235,OD1,16629,0.5542815239492017
ASN,263,N,ASN,259,O,16552,0.5517149428352388
HIP,224,N,SER,220,O,16365,0.5454818172727576
THR,140,OG1,ASP,138,OD2,16359,0.545281823939202
THR,239,N,ASP,235,O,16325,0.5441485283823873
GLY,134,N,PHE,460,O,16312,0.5437152094930169
LEU,260,N,SER,256,O,16310,0.5436485450484984
GLY,448,N,GLY,450,O,16287,0.5428819039365355
HIE,219,N,ALA,215,O,16286,0.5428485717142761
ALA,215,N,GLN,211,O,16262,0.542048598380054
ARG,97,NH1,ILE,407,O,16154,0.5384487183760541
GLN,119,N,GLU,115,O,16117,0.5372154261524615
GLU,417,N,ILE,413,O,16108,0.5369154361521282
PHE,255,N,SER,253,OG,16102,0.5367154428185728
THR,278,N,THR,274,O,15897,0.5298823372554248
GLN,144,NE2,GLU,273,OE1,15854,0.5284490516982767
LEU,242,N,ASP,238,O,15804,0.5267824405853139
SER,220,N,TYR,216,O,15786,0.5261824605846471
ILE,118,N,VAL,114,O,15783,0.5260824639178694
THR,227,OG1,LYS,223,O,15734,0.5244491850271658
LEU,180,N,GLN,176,O,15545,0.518149395020166
THR,177,N,LEU,173,O,15132,0.5043831872270924
SER,182,N,PHE,178,O,15015,0.5004833172227593
GLN,427,N,THR,423,O,15014,0.5004499850005
TYR,240,N,LEU,236,O,14977,0.49921669277690744
ASN,214,ND2,GLN,211,OE1,14961,0.4986833772207593
ASP,370,N,ALA,367,O,14927,0.49755008166394454
LYS,234,N,ASP,238,OD2,14871,0.49568347721742606
ILE,353,N,ARG,1,O,14869,0.4956168127729076
CYS,124,N,GLU,120,O,14739,0.49128362387920405
THR,140,N,ASP,138,OD2,14697,0.4898836705443152
HID,369,ND1,SER,365,O,14636,0.48785040498650045
TYR,320,N,GLU,299,OE2,14605,0.48681710609646345
LEU,15,N,LEU,12,O,14585,0.4861504616512783
TYR,207,N,HIE,203,O,14525,0.4841505283157228
ARG,105,NH1,GLU,417,OE1,14503,0.4834172194260191
ILE,304,N,ILE,300,O,14353,0.4784173860871304
ARG,81,N,ASP,77,O,14230,0.4743175227492417
GLU,120,N,GLU,116,O,14198,0.47325089163694545
LYS,288,NZ,PRO,437,O,14191,0.4730175660811306
TYR,240,OH,SER,256,O,14183,0.47275090830305655
ARG,406,NE,HM1,464,O1A,14121,0.47068431052298254
THR,443,OG1,ASP,441,OD2,14117,0.47055098163394554
GLN,144,NE2,LEU,171,O,14095,0.46981767274424185
ALA,66,N,LYS,63,O,14056,0.4685177160761308
THR,443,OG1,ASP,441,OD1,13995,0.46648445051831605
LYS,288,N,LEU,284,O,13949,0.4649511682943902
THR,366,N,ILE,363,O,13910,0.46365121162627915
GLU,121,N,ARG,117,O,13895,0.46315122829239025
ASP,357,N,VAL,343,O,13873,0.46241791940268656
HIP,384,ND1,GLU,327,OE2,13814,0.46045131828939034
PHE,189,N,PHE,185,O,13804,0.46011799606679776
HID,243,ND1,THR,239,O,13769,0.45895136828772376
SER,276,N,THR,272,O,13760,0.45865137828739044
ARG,21,N,ASP,19,OD1,13747,0.45821805939802007
TYR,198,N,PHE,195,O,13695,0.45648478384053864
LEU,60,N,ILE,56,O,13651,0.45501816606113127
ARG,308,NH1,ASP,314,OD1,13522,0.450718309389687
GLU,128,N,CYS,124,O,13271,0.4423519216026133
ARG,29,N,LYS,25,O,13268,0.4422519249358355
PHE,192,N,LEU,188,O,13221,0.4406853104896504
ARG,330,N,TYR,326,O,13195,0.43981867271090963
GLU,311,N,ASP,314,OD1,13189,0.4396186793773541
TYR,289,N,LEU,285,O,13185,0.43948535048831705
HID,243,N,THR,239,O,13073,0.43575214159528014
GLN,211,N,TYR,207,O,12992,0.43305223159228023
THR,443,N,ASP,441,OD2,12916,0.43051898270057665
THR,140,OG1,ASP,138,OD1,12902,0.430052331588947
THR,443,N,ASP,441,OD1,12725,0.42415252824905836
LYS,131,N,GLU,127,O,12643,0.4214192860237992
ASN,261,ND2,ASN,214,OD1,12611,0.420352654911503
ARG,57,NH2,GLU,54,OE1,12546,0.4181860604646512
PHE,429,N,ILE,425,O,12508,0.4169194360187994
HIP,384,NE2,GLU,375,O,12460,0.415319489350355
ILE,151,N,THR,147,O,12433,0.414419519349355
SER,231,OG,ASP,229,OD2,12425,0.41415286157128095
ARG,308,NH2,ASP,314,OD2,12349,0.41161961267957736
LYS,63,NZ,SER,348,O,12348,0.4115862804573181
PHE,199,N,LEU,196,O,12326,0.4108529715676144
ARG,21,N,ASP,19,OD2,12247,0.40821972600913303
ARG,57,NH2,ASP,62,OD2,12226,0.4075197493416886
ARG,57,NH1,ASP,62,OD1,12151,0.4050198326722443
LYS,246,N,LEU,242,O,11974,0.3991200293323556
ARG,415,N,GLU,411,O,11924,0.3974534182193927
SER,153,N,ASN,149,O,11817,0.3938868704376521
ARG,105,NH2,GLU,417,OE2,11816,0.3938535382153928
ARG,57,NH2,GLU,54,OE2,11812,0.39372020932635576
ARG,57,NE,GLU,54,OE2,11781,0.3926869104363188
LYS,208,N,ARG,204,O,11760,0.3919869337688744
HIP,224,NE2,ASP,235,OD2,11539,0.38462051264957836
ARG,97,NH1,HM1,464,O1D,11476,0.3825205826472451
GLU,245,N,LEU,241,O,11430,0.38098730042331924
ARG,406,NH1,HID,341,NE2,11430,0.38098730042331924
THR,140,N,ASP,138,OD1,11401,0.38002066597780076
ASN,259,ND2,GLU,254,O,11313,0.377087430418986
SER,231,OG,ASP,229,OD1,11264,0.3754541515282824
LEU,287,N,PHE,283,O,11230,0.37432085597146764
ARG,92,NE,GLU,254,OE2,11184,0.37278757374754173
HIE,372,N,ASP,370,OD2,11102,0.37005433152228256
GLY,84,N,ASN,259,OD1,11063,0.3687543748541715
ARG,57,NE,GLU,54,OE1,11033,0.36775440818639377
GLU,32,N,LEU,28,O,11006,0.3668544381853938
VAL,206,N,ALA,202,O,10934,0.3644545181827272
PHE,195,N,PHE,192,O,10911,0.36368787707076433
ARG,21,NE,ASP,19,OD1,10903,0.3634212192926902
TYR,207,OH,MET,75,O,10841,0.36135462151261627
ASP,238,N,ASP,235,OD2,10691,0.35635478817372757
GLN,123,N,GLN,119,O,10661,0.3553548215059498
SER,132,N,GLU,128,O,10566,0.3521882603913203
SER,26,N,GLY,22,O,10561,0.352021599280024
SER,253,OG,GLU,247,OE1,10530,0.350988300389987
GLN,144,NE2,GLU,273,OE2,10518,0.3505883137228759
ARG,70,NH1,HM1,464,O2D,10500,0.3499883337222093
ILE,425,N,PHE,421,O,10498,0.34992166927769075
VAL,53,N,ASP,370,OD1,10358,0.3452551581613946
SER,231,N,ASP,229,OD2,10337,0.3445551814939502
SER,183,N,LEU,180,O,10325,0.3441551948268391
ARG,57,NH1,ASP,62,OD2,10319,0.34395520149328357
PHE,87,N,GLY,84,O,10126,0.33752208259724675
ILE,413,N,GLY,410,O,10114,0.33712209593013565
SER,256,N,TYR,240,OH,9940,0.3313222892570248
ARG,57,NH2,ASP,62,OD1,9884,0.3294556848105063
ARG,45,NH2,GLU,190,OE2,9849,0.3282890570314323
ARG,45,NH2,GLU,190,OE1,9755,0.325155828139062
ARG,21,NH2,ASP,19,OD2,9692,0.3230558981367288
HIP,224,ND1,SER,220,O,9636,0.3211892936902103
LYS,169,N,GLN,165,O,9630,0.3209893003566548
ARG,463,NH2,GLU,294,OE2,9622,0.32072264257858074
GLN,445,N,ILE,452,O,9575,0.3191560281323956
ASP,439,N,ALA,436,O,9556,0.3185227159094697
SER,253,OG,GLU,247,OE2,9528,0.31758941368621046
VAL,292,N,TYR,289,O,9480,0.3159894670177661
HIP,224,NE2,ASP,235,OD1,9409,0.31362287923735876
LEU,334,N,SER,332,O,9349,0.3116229459018033
ARG,225,NH2,GLU,222,OE1,9319,0.31062297923402554
ARG,70,NH2,HM1,464,O2D,9261,0.3086897103429886
ARG,463,NH2,GLU,294,OE1,9252,0.30838972034265527
LYS,356,NZ,ASP,357,OD2,9241,0.3080230658978034
VAL,47,N,VAL,40,O,9190,0.30632312256258126
ARG,463,N,ASN,428,O,9170,0.3056564781173961
SER,231,N,ASP,229,OD1,9162,0.30538982033932205
LYS,248,NZ,GLU,245,OE1,9119,0.30395653478217394
ALA,88,N,GLY,84,O,9104,0.30345655144828504
GLN,205,N,GLY,201,O,9083,0.3027565747808406
GLY,108,N,LYS,111,O,9041,0.3013566214459518
ALA,414,N,GLY,410,O,9040,0.30132328922369256
ARG,463,NH1,GLU,294,OE2,8976,0.2991900269991
ARG,21,NE,ASP,19,OD2,8947,0.29822339255358155
ARG,225,NH2,GLU,222,OE2,8903,0.29675677477417417
LEU,284,N,ARG,280,O,8875,0.29582347255091496
THR,102,N,ARG,98,O,8763,0.29209026365787805
ARG,92,NE,GLU,254,OE1,8716,0.29052364921169294
GLU,311,N,ASP,314,OD2,8708,0.2902569914336189
ALA,293,N,TYR,289,O,8699,0.28995700143328557
LYS,248,NZ,GLU,245,OE2,8676,0.2891903603213226
SER,68,OG,ALA,64,O,8624,0.2874570847638412
THR,455,OG1,GLN,445,OE1,8593,0.2864237858738042
ARG,45,NH2,GLU,190,O,8563,0.28542381920602644
ARG,70,N,ASN,89,OD1,8558,0.2852571580947302
VAL,435,N,SER,433,OG,8542,0.2847238425385821
ALA,379,N,LYS,376,O,8502,0.28339055364821175
MET,18,N,ASN,14,O,8487,0.28289057031432285
SER,332,N,ILE,328,O,8481,0.2826905769807673
HIE,372,N,ASP,370,OD1,8477,0.2825572480917303
VAL,61,N,ARG,57,O,8472,0.282390586980434
SER,249,N,LYS,246,O,8404,0.2801239958668044
TYR,216,N,GLU,212,O,8298,0.2765907803073231
LEU,23,N,GLN,187,OE1,8297,0.27655744808506383
GLN,17,N,ASN,14,O,8272,0.2757241425285824
LYS,197,N,SER,193,O,8072,0.2690576980767308
ARG,308,NH1,ASP,314,OD2,8019,0.2672910902969901
ARG,105,NH2,GLU,417,OE1,8006,0.26685777140761974
ARG,463,NH1,GLU,294,OE1,7998,0.2665911136295457
ARG,315,NH2,GLU,322,OE2,7968,0.26559114696176794
ARG,45,NH1,GLU,190,O,7901,0.26335788807039767
MET,170,N,GLU,166,O,7832,0.2610579647345089
ARG,204,N,GLY,201,O,7822,0.2607246425119163
PHE,67,N,LYS,63,O,7777,0.25922469251024965
ALA,135,N,SER,132,O,7774,0.25912469584347186
ASP,314,N,GLU,311,O,7744,0.2581247291756941
ARG,225,NE,GLU,222,OE2,7708,0.25692476917436086
ARG,298,NH1,GLU,301,OE1,7621,0.2540248658378054
LYS,356,NZ,ASP,357,OD1,7615,0.25382487250424984
THR,147,OG1,PHE,143,O,7609,0.2536248791706943
PHE,156,N,CYS,152,O,7583,0.2527582413919536
ARG,130,NH2,GLU,127,OE1,7568,0.25225825805806473
ARG,21,NH2,ASP,19,OD1,7510,0.2503249891670278
LYS,63,NZ,GLU,58,OE1,7499,0.24995833472217593
TYR,207,OH,ALA,74,O,7477,0.24922502583247225
GLY,186,N,SER,183,OG,7329,0.24429185693810207
ARG,45,NH1,LEU,42,O,7254,0.24179194026865772
ARG,315,NH2,GLU,322,OE1,7164,0.2387920402653245
SER,68,N,ILE,342,O,7151,0.23835872137595412
LYS,158,N,CYS,152,O,7151,0.23835872137595412
THR,103,N,SER,100,O,7143,0.23809206359788007
ALA,416,N,GLY,412,O,7139,0.23795873470884304
ASN,428,N,ILE,425,O,7120,0.23732542248591715
HIP,384,ND1,GLU,327,OE1,7107,0.23689210359654678
ALA,316,N,LEU,312,O,7094,0.23645878470717643
ARG,130,NH2,GLU,127,OE2,7038,0.23459218026065798
LYS,248,N,GLU,245,O,7034,0.23445885137162095
ARG,70,NH1,ILE,86,O,7027,0.23422552581580613
ASN,89,ND2,ARG,70,O,7019,0.23395886803773208
GLY,35,N,ARG,31,O,7013,0.23375887470417653
ARG,225,NE,GLU,222,OE1,6994,0.23312556248125063
ARG,97,NH2,ILE,407,O,6985,0.23282557248091731
LEU,191,N,LEU,188,O,6975,0.23249225025832473
GLN,302,N,ARG,298,O,6918,0.23059231358954702
GLU,116,N,SER,113,O,6856,0.228525715809473
ARG,308,NH2,ASP,314,OD1,6853,0.22842571914269524
LYS,234,N,ASP,238,OD1,6839,0.22795906803106564
GLU,190,N,GLN,187,O,6695,0.2231592280257325
GLU,115,N,SER,113,OG,6681,0.22269257691410285
ASP,106,N,THR,103,O,6650,0.22165927802406588
GLU,299,N,ARG,295,O,6617,0.22055931468951034
ALA,391,N,ASN,389,OD1,6610,0.22032598913369555
ARG,117,NH2,GLU,120,OE1,6565,0.21882603913202894
SER,249,OG,LYS,246,O,6540,0.2179927335755475
ALA,64,N,VAL,61,O,6534,0.21779274024199194
LYS,33,N,PHE,30,O,6454,0.2151261624612513
THR,147,OG1,THR,272,O,6390,0.2129929002366588
LEU,191,N,GLN,187,O,6356,0.211859604679844
HIE,252,NE2,GLU,254,OE1,6299,0.2099596680110663
ARG,45,NH1,GLU,359,OE1,6286,0.20952634912169593
LYS,63,NZ,GLU,58,OE2,6267,0.20889303689877003
VAL,53,N,ASP,370,OD2,6258,0.20859304689843672
THR,103,N,PHE,99,O,6234,0.20779307356421453
ARG,117,NH2,GLU,120,OE2,6194,0.2064597846738442
ARG,45,NH1,GLU,359,OE2,6160,0.20532648911702944
ARG,112,NH2,GLU,116,OE1,6111,0.20369321022632578
ARG,45,NH2,GLU,359,OE2,5994,0.1997933402219926
THR,227,N,LYS,223,O,5972,0.19906003133228892
HIE,252,NE2,GLU,254,OE2,5948,0.19826005799806673
ARG,112,NE,GLU,116,OE1,5939,0.1979600679977334
ARG,112,NH2,GLU,116,OE2,5902,0.19672677577414086
THR,227,N,HIP,224,O,5837,0.19456018132728908
GLN,163,N,HIE,161,ND1,5770,0.1923269224359188
LYS,208,N,GLN,205,O,5673,0.18909369687677077
PHE,67,N,ALA,64,O,5671,0.18902703243225225
GLU,212,N,LYS,208,O,5650,0.18832705576480785
GLN,119,NE2,PRO,310,O,5638,0.18792706909769674
GLN,205,N,ALA,202,O,5637,0.18789373687543748
ARG,45,NE,GLU,359,OE1,5630,0.1876604113196227
ILE,154,N,ILE,150,O,5567,0.18556048131728942
ARG,463,NE,ARG,463,O,5528,0.18426052464917836
LYS,111,N,GLY,108,O,5526,0.18419386020465983
SER,193,OG,PHE,189,O,5516,0.18386053798206725
ASN,381,ND2,ASP,383,OD2,5514,0.18379387353754875
TYR,297,OH,GLU,301,OE2,5509,0.18362721242625246
TYR,240,OH,ASN,259,OD1,5442,0.18139395353488216
ASN,389,ND2,ASP,387,OD2,5291,0.1763607879737342
ASN,250,ND2,GLU,247,OE2,5288,0.17626079130695643
ASN,389,ND2,ASP,387,OD1,5279,0.17596080130662312
ARG,298,NH1,GLU,301,OE2,5274,0.17579414019532683
ARG,130,NE,GLU,127,OE2,5259,0.17529415686143796
ARG,112,NE,GLU,116,OE2,5227,0.1742275257491417
HIE,252,N,ASN,250,OD1,5196,0.17319422685910468
LEU,42,N,ARG,45,O,5186,0.1728609046365121
ASN,263,ND2,ASN,259,O,5162,0.17206093130228992
HID,341,ND1,VAL,339,O,5108,0.17026099130029
ARG,45,NH2,GLU,359,OE1,5069,0.16896103463217893
LYS,169,NZ,GLU,212,OE2,5059,0.16862771240958635
LYS,234,NZ,ASP,238,OD2,5032,0.16772774240858637
ILE,440,N,PRO,437,O,5023,0.16742775240825306
ASN,263,ND2,TYR,83,O,4978,0.16592780240658644
ASN,389,N,ASP,387,OD2,4946,0.1648611712942902
ARG,308,NH1,PRO,309,O,4940,0.16466117796073465
LYS,405,NZ,GLU,65,OE1,4934,0.1644611846271791
THR,358,N,PRO,355,O,4863,0.16209459684677177
ARG,70,NH2,HM1,464,O2A,4854,0.16179460684643845
ASN,250,ND2,GLU,247,OE1,4823,0.16076130795640145
ASN,389,N,ASP,387,OD1,4803,0.1600946635112163
ARG,330,NH1,PRO,377,O,4767,0.158894703509883
SER,402,N,ILE,399,O,4750,0.15832805573147563
GLN,165,NE2,GLN,163,O,4744,0.15812806239792007
THR,272,N,PHE,269,O,4739,0.15796140128662378
GLY,13,N,LEU,9,O,4713,0.15709476350788307
SER,68,N,ALA,64,O,4680,0.15599480017332756
ARG,406,NH2,HID,341,NE2,4677,0.15589480350654977
ILE,150,N,ILE,146,O,4660,0.1553281557281424
ARG,406,N,LEU,403,O,4645,0.15482817239425353
PHE,199,N,PHE,195,O,4641,0.1546948435052165
ARG,130,NE,GLU,127,OE1,4630,0.15432818906036466
LYS,169,NZ,GLU,212,OE1,4594,0.15312822905903137
ASN,263,ND2,SER,100,OG,4529,0.1509616346121796
ARG,92,N,ASN,89,OD1,4527,0.15089497016766107
ASN,261,ND2,HIE,257,O,4506,0.15019499350021667
ARG,117,N,SER,113,O,4500,0.14999500016666112
ARG,463,NE,ARG,463,OXT,4470,0.14899503349888338
THR,272,N,PHE,268,O,4415,0.1471617612746242
ARG,45,NE,GLU,359,OE2,4411,0.14702843238558716
ILE,213,N,ASN,209,O,4394,0.14646178460717976
LYS,405,NZ,GLU,65,OE2,4388,0.1462617912736242
ALA,367,N,LEU,364,O,4362,0.1453951534948835
ARG,415,NH1,GLU,322,OE2,4307,0.1435618812706243
GLN,163,NE2,GLU,128,OE1,4295,0.14316189460351322
GLN,187,N,SER,183,O,4291,0.1430285657144762
SER,430,OG,PRO,462,O,4271,0.14236192126929104
GLU,446,N,ILE,452,O,4264,0.14212859571347622
LYS,451,NZ,ASP,333,OD2,4202,0.1400619979334022
MET,18,N,LEU,15,O,4196,0.13986200459984668
HID,369,N,THR,366,O,4187,0.13956201459951334
GLN,163,NE2,GLU,128,OE2,4176,0.13919536015466152
PHE,192,N,PHE,189,O,4158,0.13859538015399486
ILE,440,N,ALA,436,O,4119,0.1372954234858838
LYS,111,NZ,THR,239,OG1,4093,0.1364287857071431
ARG,350,NH2,GLU,58,OE2,4092,0.13639545348488383
LYS,451,N,LEU,334,O,4091,0.1363621212626246
ASN,381,ND2,ASP,383,OD1,4045,0.13482883903869872
ARG,105,NH1,GLU,417,OE2,4038,0.1345955134828839
THR,274,N,ALA,270,O,4027,0.13422885903803206
ARG,112,NH2,GLU,120,OE2,4010,0.13366221125962469
ASN,261,ND2,ASN,214,O,3994,0.13312889570347655
ARG,315,NE,GLU,322,OE2,3978,0.13259558014732842
LYS,169,NZ,GLU,166,OE2,3958,0.13192893570214326
ARG,31,NH2,ASP,36,OD1,3944,0.13146228459051365
ARG,350,NH2,GLU,58,OE1,3887,0.12956234792173593
ARG,112,NH1,GLU,120,OE1,3861,0.12869571014299525
ARG,350,NE,GLU,58,OE2,3845,0.1281623945868471
HID,341,ND1,PHE,67,O,3843,0.12809573014232858
LYS,72,NZ,GLU,359,OE2,3834,0.12779574014199527
LYS,72,NZ,GLU,359,OE1,3830,0.12766241125295824
ARG,298,NE,GLU,294,OE1,3789,0.12629579014032866
ARG,350,NH1,ASP,36,OD2,3779,0.12596246791773608
LYS,169,NZ,GLU,166,OE1,3758,0.12526249125029165
GLU,166,N,ASP,164,OD1,3747,0.12489583680543982
GLU,166,N,ASP,164,OD2,3743,0.12476250791640278
LYS,33,N,ARG,29,O,3727,0.12422919236025466
TRP,93,NE1,HM1,464,O2D,3706,0.12352921569281024
GLN,176,NE2,ASN,172,OD1,3688,0.12292923569214359
ARG,117,NE,GLU,120,OE2,3684,0.12279590680310656
ASN,209,ND2,GLN,205,O,3681,0.12269591013632879
LYS,234,NZ,ALA,232,O,3681,0.12269591013632879
ARG,117,NH1,GLU,116,OE2,3654,0.12179594013532882
ARG,31,NH2,GLU,32,OE1,3640,0.12132928902369922
ARG,31,NH2,GLU,32,OE2,3622,0.12072930902303257
TYR,297,OH,GLU,301,OE1,3618,0.12059598013399553
ARG,29,NH1,ASP,19,OD2,3565,0.11882937235425486
ARG,315,NE,GLU,322,OE1,3562,0.11872937568747709
SER,266,OG,ASN,263,O,3553,0.11842938568714376
GLN,205,NE2,ASN,209,OD1,3524,0.11746275124162528
SER,256,N,GLU,254,O,3521,0.1173627545748475
ARG,112,NH1,GLU,120,OE2,3492,0.11639612012932903
ALA,232,N,ASP,229,O,3465,0.11549615012832906
GLY,186,N,SER,183,O,3431,0.11436285457151428
VAL,206,N,HIE,203,O,3415,0.11382953901536616
ARG,31,NH1,ASP,36,OD1,3362,0.11206293123562548
ARG,70,NH1,HM1,464,O1A,3346,0.11152961567947735
LYS,133,N,ARG,130,O,3336,0.11119629345688477
THR,147,N,PHE,143,O,3308,0.11026299123362554
ASN,428,N,THR,424,O,3268,0.10892970234325522
LYS,405,N,LEU,60,O,3243,0.10809639678677377
GLU,190,N,GLY,186,O,3240,0.107996400119996
LYS,131,NZ,GLU,128,OE1,3217,0.10722975900803307
HIE,161,N,ASP,164,OD2,3210,0.10699643345221826
LYS,131,NZ,GLU,128,OE2,3185,0.10616312789573681
THR,274,OG1,ALA,270,O,3141,0.10469651011632945
GLY,108,N,ASP,106,OD2,3134,0.10446318456051465
ARG,117,NH2,GLY,157,O,3128,0.1042631912269591
ARG,112,NH2,GLU,120,OE1,3114,0.10379654011532949
ARG,350,NE,GLU,58,OE1,3080,0.10266324455851472
ASN,209,ND2,THR,177,OG1,3066,0.1021965934468851
LEU,362,N,HID,341,NE2,3055,0.10182993900203327
ARG,31,NE,GLU,32,OE1,3029,0.10096330122329256
HIE,203,NE2,LEU,196,O,3014,0.10046331788940369
GLU,212,N,ASN,209,O,3009,0.1002966567781074
ARG,350,N,GLU,58,OE2,2993,0.09976334122195926
ILE,237,N,VAL,155,O,2972,0.09906336455451485
LYS,248,N,MET,244,O,2965,0.09883003899870005
ARG,31,NH1,ASP,370,OD2,2963,0.09876337455418152
ARG,31,NE,GLU,32,OE2,2898,0.09659678010732975
ARG,463,NH1,LEU,426,O,2880,0.09599680010666312
GLN,345,N,ALA,66,O,2879,0.09596346788440385
ARG,117,NE,GLU,120,OE1,2871,0.09569681010632979
ARG,298,NH2,GLU,301,OE1,2860,0.09533015566147796
LYS,317,NZ,ASP,314,OD1,2825,0.09416352788240392
ARG,204,NH1,LYS,197,O,2814,0.09379687343755208
ARG,31,NE,ASP,36,OD1,2810,0.09366354454851505
ARG,298,NH2,GLU,301,OE2,2807,0.09356354788173728
ARG,298,NH2,GLU,294,OE1,2777,0.09256358121395954
ARG,117,NH1,GLU,116,OE1,2774,0.09246358454718176
GLY,108,N,ASP,106,OD1,2762,0.09206359788007067
ARG,31,NH2,ASP,370,OD2,2736,0.09119696010132995
ARG,330,NH2,PRO,377,O,2732,0.09106363121229293
ARG,298,NE,GLU,294,OE2,2721,0.09069697676744108
PHE,185,N,SER,183,OG,2706,0.09019699343355221
LYS,234,NZ,ASP,229,OD1,2701,0.09003033232225592
GLY,110,N,PHE,107,O,2692,0.0897303423219226
ALA,88,N,VAL,85,O,2668,0.0889303689877004
ARG,45,NE,LEU,42,O,2651,0.08836372120929302
ILE,73,N,GLY,71,O,2633,0.08776374120862637
SER,68,N,GLU,65,O,2632,0.08773040898636712
THR,344,OG1,GLU,65,O,2618,0.0872637578747375
ARG,350,NH1,ASP,36,OD1,2616,0.08719709343021899
THR,344,OG1,SER,68,O,2604,0.0867971067631079
SER,220,OG,TYR,216,O,2582,0.08606379787340422
ARG,81,NE,PHE,79,O,2555,0.08516382787240426
ARG,29,NH2,GLU,32,OE1,2532,0.08439718676044132
LEU,228,N,ARG,225,O,2531,0.08436385453818206
GLN,187,N,VAL,184,O,2499,0.0832972234258858
ALA,316,N,HIE,313,O,2492,0.083063897870071
ASP,333,N,PHE,331,O,2480,0.0826639112029599
THR,455,N,GLN,445,OE1,2479,0.08263057898070064
ARG,406,NH1,HM1,464,O2D,2473,0.0824305856471451
ARG,31,NH1,ASP,36,OD2,2463,0.08209726342455252
SER,402,OG,HM1,464,O1A,2451,0.08169727675744141
GLY,450,N,ILE,181,O,2432,0.08106396453451552
ARG,406,NH2,ALA,88,O,2427,0.08089730342321923
ARG,29,NE,GLU,32,OE2,2412,0.08039732008933036
GLN,445,NE2,PRO,453,O,2386,0.07953068231058964
CM1,408,N,PHE,401,O,2381,0.07936402119929335
ARG,97,NH2,CM1,408,O,2378,0.07926402453251559
GLU,116,N,SER,113,OG,2374,0.07913069564347855
SER,402,N,PRO,400,O,2354,0.07846405119829339
ARG,298,NH2,GLU,294,OE2,2347,0.07823072564247859
ARG,81,NH2,GLN,258,OE1,2296,0.07653078230725642
ARG,112,NH1,GLU,116,OE2,2292,0.0763974534182194
ASN,214,ND2,ASN,261,OD1,2289,0.07629745675144162
ARG,92,NH2,GLU,254,OE1,2275,0.07583080563981201
LYS,111,NZ,THR,103,O,2264,0.07546415119496017
ARG,81,NH1,PRO,78,O,2263,0.07543081897270092
THR,344,OG1,ALA,66,O,2246,0.07486417119429352
ARG,415,NH2,GLU,411,OE2,2220,0.07399753341555282
GLY,84,N,PHE,80,O,2211,0.07369754341521949
GLU,411,N,CM1,408,O,2203,0.07343088563714543
ARG,29,NH2,GLU,32,OE2,2193,0.07309756341455285
ARG,204,NH2,LYS,197,O,2190,0.07299756674777508
ILE,150,N,THR,147,O,2168,0.0722642578580714
ASN,209,ND2,GLN,176,OE1,2164,0.07213092896903436
ARG,130,NH1,GLU,127,OE2,2162,0.07206426452451585
LYS,234,NZ,ASP,229,OD2,2152,0.07173094230192327
ARG,70,NE,PRO,340,O,2138,0.07126429119029366
LYS,111,NZ,LYS,234,O,2129,0.07096430118996033
ARG,415,NH1,GLU,322,OE1,2125,0.0708309723009233
ARG,29,NE,GLU,32,OE1,2114,0.07046431785607146
GLN,445,NE2,THR,455,OG1,2112,0.07039765341155295
ARG,92,NH2,GLU,254,OE2,2111,0.07036432118929369
ARG,130,NH1,GLU,127,OE1,2090,0.06966434452184928
ARG,81,NE,PRO,78,O,2088,0.06959768007733076
SER,193,OG,GLU,190,OE1,2088,0.06959768007733076
ASN,259,ND2,ARG,92,NE,2082,0.06939768674377521
PHE,167,N,ASP,164,OD2,2075,0.0691643611879604
PHE,167,N,ASP,164,OD1,2053,0.06843105229825673
ARG,315,NH1,GLU,322,OE1,2051,0.0683643878537382
ARG,298,NE,GLU,301,OE1,2044,0.0681310622979234
LYS,317,NZ,HIE,313,O,2040,0.06799773340888637
ARG,330,NH1,HID,369,NE2,2039,0.06796440118662711
SER,253,N,ASN,250,O,2032,0.0677310756308123
ARG,298,NH1,GLU,294,OE2,2032,0.0677310756308123
SER,132,N,LEU,129,O,2025,0.0674977500749975
SER,132,OG,LEU,129,O,2022,0.06739775340821973
SER,68,OG,GLU,65,O,2007,0.06689777007433086
MET,170,N,PHE,167,O,2001,0.0666977767407753
SER,193,OG,GLU,190,OE2,1906,0.06353121562614579
THR,272,OG1,THR,147,OG1,1883,0.06276457451418287
ARG,112,NH1,GLU,116,OE1,1879,0.06263124562514583
ARG,70,NH2,VAL,339,O,1858,0.06193126895770141
GLU,396,N,GLU,396,OE1,1853,0.06176460784640512
LYS,72,NZ,ASP,77,OD1,1836,0.061197960067997735
LYS,376,NZ,GLU,375,OE1,1830,0.06099796673444219
ARG,31,NH2,ASP,370,OD1,1824,0.060797973400886635
ARG,29,NH1,ASP,19,OD1,1822,0.06073130895636812
SER,402,OG,ARG,406,O,1798,0.05993133562214593
ARG,415,NH2,GLU,411,OE1,1791,0.059698010066331124
ILE,154,N,ILE,151,O,1785,0.05949801673277558
LYS,111,NZ,ASP,106,O,1780,0.05933135562147929
ASN,91,ND2,GLU,254,OE2,1775,0.059164694510183
SER,113,OG,GLU,115,OE2,1767,0.05889803673210893
HIE,346,N,GLN,345,OE1,1763,0.058764707843071896
TYR,207,N,ARG,204,O,1751,0.0583647211759608
GLN,123,NE2,GLN,119,O,1735,0.057831405619812676
HIE,203,NE2,PHE,199,O,1729,0.05763141228625712
ARG,97,NH2,HM1,464,O1D,1726,0.05753141561947935
ASP,62,N,ARG,57,O,1695,0.056498116729442355
ALA,74,N,GLU,190,OE1,1674,0.05579814006199793
LYS,223,NZ,GLU,226,OE1,1674,0.05579814006199793
GLU,226,N,LYS,223,O,1669,0.05563147895070164
GLU,396,N,GLU,396,OE2,1660,0.055331488950368324
ARG,105,NH1,GLU,115,OE2,1653,0.055098163394553513
LYS,376,NZ,GLU,375,OE2,1647,0.05489817006099797
LYS,72,NZ,ASP,77,OD2,1631,0.05436485450484984
ARG,350,N,GLU,58,OE1,1607,0.053564881170627646
ARG,45,N,LEU,42,O,1596,0.05319822672577581
THR,147,OG1,GLN,144,O,1594,0.05313156228125729
LYS,133,N,LEU,129,O,1592,0.053064897836738775
ASN,91,ND2,GLU,254,OE1,1578,0.05259824672510916
HIE,161,N,ASP,164,OD1,1554,0.05179827339088697
ASN,172,ND2,LEU,168,O,1554,0.05179827339088697
ARG,105,NH1,GLU,115,OE1,1552,0.051731608946368454
ARG,70,NH1,HM1,464,O1D,1551,0.0516982767241092
PHE,167,N,ASP,164,O,1544,0.05146495116829439
GLN,302,NE2,ARG,298,O,1534,0.05113162894570181
ARG,117,NH2,GLU,116,OE1,1520,0.0506649778340722
LYS,223,NZ,GLU,226,OE2,1519,0.05063164561181294
ARG,70,NE,HM1,464,O1A,1511,0.050364987833738876
ARG,415,NE,GLU,411,O,1493,0.04976500783307223
SER,113,OG,GLU,115,OE1,1488,0.04959834672177594
LYS,246,N,HID,243,O,1484,0.049465017832738906
TYR,373,OH,GLU,396,OE1,1483,0.04943168561047965
ARG,31,NH1,ASP,370,OD1,1466,0.048865037832072265
LEU,364,N,LEU,362,O,1466,0.048865037832072265
GLN,258,N,SER,256,OG,1450,0.04833172227592414
GLU,411,N,GLU,411,OE2,1449,0.048298390053664875
ARG,315,NH1,GLU,322,OE2,1442,0.04806506449785007
ARG,29,NH2,GLN,17,O,1439,0.047965067831072294
ARG,117,NH2,GLU,116,OE2,1436,0.047865071164294525
HIE,203,NE2,LYS,197,O,1436,0.047865071164294525
THR,147,OG1,GLY,271,O,1434,0.047798406719776004
TYR,373,OH,GLU,396,OE2,1425,0.04749841671944269
ARG,117,N,VAL,114,O,1396,0.0465317822739242
LYS,131,NZ,GLU,127,O,1393,0.04643178560714643
ARG,225,NH2,GLU,226,OE2,1390,0.04633178894036866
ASN,250,ND2,GLU,247,O,1389,0.04629845671810939
ASN,89,ND2,SER,68,O,1380,0.045998466717776076
ARG,45,NH1,GLU,190,OE2,1376,0.04586513782873904
VAL,449,N,ILE,181,O,1375,0.045831805606479786
ARG,415,NH2,GLU,322,OE2,1371,0.04569847671744275
ARG,415,NH2,GLU,322,OE1,1362,0.04539848671710943
ARG,31,NH2,ASP,36,OD2,1356,0.04519849338355388
TYR,216,OH,GLU,166,OE1,1320,0.043998533382220595
ARG,225,NH2,GLU,226,OE1,1318,0.043931868937702075
ARG,204,NH1,TYR,198,O,1316,0.04386520449318356
ARG,350,NH2,ASP,36,OD2,1313,0.043765207826405784
ARG,81,NH1,GLN,258,OE1,1301,0.04336522115929469
LYS,197,N,GLY,194,O,1299,0.04329855671477617
ARG,298,NH1,GLU,294,OE1,1278,0.042598580047331754
SER,26,OG,LEU,23,O,1274,0.04246525115829472
THR,344,OG1,SER,68,OG,1274,0.04246525115829472
LYS,356,NZ,THR,344,O,1272,0.04239858671377621
ALA,436,N,ASP,439,OD2,1267,0.04223192560247992
ARG,298,NE,GLU,301,OE2,1256,0.04186527115762808
SER,183,N,SER,179,O,1254,0.04179860671310956
GLU,411,N,GLU,411,OE1,1238,0.04126529115696143
ARG,415,NH1,ARG,415,O,1230,0.04099863337888737
SER,348,OG,TYR,352,O,1221,0.04069864337855405
GLN,119,NE2,GLU,115,O,1214,0.040465317822739245
ARG,31,NH1,GLY,35,O,1204,0.040131995600146665
LEU,24,N,GLN,187,OE1,1197,0.039898670044331855
ARG,225,NH1,GLU,222,OE1,1196,0.0398653378220726
GLN,119,NE2,GLU,311,OE2,1180,0.03933202226592447
LYS,111,NZ,PRO,233,O,1173,0.03909869671010966
GLN,211,N,LYS,208,O,1169,0.038965367821072634
ALA,391,N,ASP,387,O,1166,0.03886537115429486
TYR,216,OH,GLU,166,OE2,1147,0.038232058931368954
GLN,119,NE2,GLU,311,OE1,1139,0.03796540115329489
ARG,159,NH1,GLU,121,OE1,1138,0.03793206893103563
ASN,263,ND2,ASN,259,OD1,1119,0.03729875670810973
LYS,94,NZ,GLU,65,OE2,1118,0.03726542448585047
LYS,234,NZ,ASP,238,OD1,1105,0.03683210559648012
ILE,213,N,LEU,210,O,1095,0.03649878337388754
GLU,299,N,VAL,296,O,1088,0.03626545781807273
LYS,111,N,PHE,107,O,1081,0.036032132262257925
SER,402,OG,PHE,401,O,1069,0.03563214559514683
ARG,29,NH1,GLN,17,O,1068,0.03559881337288757
GLU,247,N,MET,244,O,1064,0.03546548448385054
ARG,406,NH2,SER,68,O,1049,0.03496550114996167
ARG,225,NH1,GLU,222,OE2,1046,0.034865504483183894
LYS,234,NZ,SER,231,OG,1045,0.03483217226092464
GLY,412,N,GLU,411,OE1,1039,0.03463217892736909
ALA,416,N,ILE,413,O,1039,0.03463217892736909
GLY,43,N,HIE,41,O,1025,0.03416552781573948
LYS,94,NZ,GLU,65,OE1,1008,0.033598880037332086
LYS,405,NZ,SER,68,OG,1001,0.03336555448151728
TYR,216,N,ILE,213,O,995,0.033165561147961736
LYS,131,N,GLU,128,O,981,0.03269891003633212
GLN,176,NE2,ASN,172,O,981,0.03269891003633212
ARG,406,NH1,VAL,85,O,978,0.032598913369554346
SER,433,OG,VAL,435,O,975,0.032498916702776576
MET,109,N,ASP,106,O,971,0.03236558781373954
GLY,412,N,GLU,411,OE2,965,0.032165594480183995
ARG,415,NE,GLU,411,OE2,962,0.03206559781340622
LEU,362,N,MET,337,O,959,0.03196560114662845
GLU,438,N,GLU,438,OE2,959,0.03196560114662845
GLN,187,NE2,GLY,448,O,956,0.03186560447985067
LEU,210,N,ASN,209,OD1,956,0.03186560447985067
LEU,312,N,GLU,311,OE1,955,0.031832272257591415
HID,369,N,SER,365,O,943,0.031432285590480315
HID,341,ND1,VAL,360,O,932,0.031065631145628478
LEU,312,N,GLU,311,OE2,924,0.030798973367554414
SER,68,OG,THR,344,OG1,921,0.03069897670077664
SER,183,OG,GLU,446,OE1,920,0.030665644478517384
ARG,21,NH1,ARG,20,O,919,0.030632312256258124
ALA,74,N,LYS,72,O,917,0.030565647811739607
LYS,131,NZ,GLU,127,OE2,913,0.030432318922702577
LYS,451,NZ,PHE,331,O,912,0.030398986700443317
ARG,406,NH1,SER,68,OG,907,0.030232325589147027
ALA,436,N,ASP,439,OD1,886,0.02953234892170261
ARG,315,NE,LEU,312,O,883,0.029432352254924837
VAL,61,N,GLU,58,O,879,0.029299023365887803
ARG,70,NE,VAL,339,O,874,0.029132362254591513
LYS,131,NZ,GLU,127,OE1,872,0.029065697810072996
ARG,406,NE,HM1,464,O2A,868,0.028932368921035966
ARG,225,N,GLU,222,O,864,0.028799040031998933
LEU,260,N,HIE,257,O,862,0.028732375587480416
ARG,81,NH1,PHE,79,O,854,0.028465717809406352
GLN,187,NE2,CYS,447,O,854,0.028465717809406352
LYS,111,NZ,ASP,106,OD2,853,0.028432385587147096
THR,275,OG1,GLY,271,O,853,0.028432385587147096
ARG,315,N,LEU,312,O,853,0.028432385587147096
LYS,208,NZ,GLN,205,OE1,842,0.028065731142295255
ARG,350,NH2,ASP,36,OD1,838,0.027932402253258225
GLN,187,NE2,ASP,19,O,835,0.027832405586480452
GLU,115,N,GLU,115,OE2,833,0.027765741141961935
ARG,280,NH2,PRO,453,O,831,0.02769907669744342
GLY,69,N,ILE,342,O,830,0.027665744475184162
ALA,388,N,ASP,387,OD2,814,0.02713242891903603
GLN,165,N,GLN,165,OE1,812,0.027065764474517515
LEU,60,N,ARG,57,O,799,0.02663244558514716
ASN,259,N,SER,256,O,794,0.02646578447385087
LYS,158,NZ,ARG,159,O,791,0.026365787807073097
THR,227,OG1,HIP,224,O,791,0.026365787807073097
ARG,159,NH2,GLU,121,OE1,789,0.02629912336255458
ARG,117,NH1,GLY,157,O,787,0.026232458918036064
LEU,142,N,PRO,139,O,786,0.026199126695776807
LYS,234,NZ,THR,227,O,785,0.02616579447351755
GLU,438,N,GLU,438,OE1,784,0.02613246225125829
THR,102,N,PHE,99,O,780,0.02599913336222126
ARG,20,NH1,MET,18,O,773,0.025765807806406454
GLN,302,N,GLU,299,O,770,0.02566581113962868
VAL,184,N,GLU,446,OE2,767,0.025565814472850903
ARG,1,N,ILE,353,O,755,0.02516582780573981
VAL,339,N,HID,341,NE2,747,0.024899170027665743
GLN,329,NE2,THR,278,OG1,745,0.02483250558314723
SER,365,OG,ASP,333,OD1,745,0.02483250558314723
TYR,373,OH,GLU,54,OE2,739,0.02463251224959168
GLU,32,N,ARG,29,O,738,0.024599180027332423
ALA,74,N,GLU,190,OE2,738,0.024599180027332423
ARG,70,NH1,ALA,88,O,728,0.024265857804739843
GLY,157,N,CYS,152,O,727,0.024232525582480582
GLU,115,N,GLU,115,OE1,716,0.023865871137628746
SER,183,OG,GLU,446,OE2,716,0.023865871137628746
LYS,63,NZ,ASP,62,OD2,711,0.023699210026332455
PHE,80,N,ASP,77,O,711,0.023699210026332455
ARG,350,NH1,GLU,58,OE1,702,0.023399220025999132
ASP,106,N,THR,102,O,700,0.02333255558148062
LEU,228,N,HIP,224,O,688,0.02293256891436952
GLN,258,NE2,GLN,258,O,686,0.022865904469851005
LEU,12,N,LEU,9,O,685,0.022832572247591748
LYS,246,NZ,HID,243,NE2,684,0.022799240025332488
LYS,376,NZ,ASP,378,OD1,680,0.022665911136295458
ARG,117,NH1,ARG,112,O,676,0.022532582247258424
ASN,259,ND2,ASN,259,O,674,0.022465917802739908
THR,344,OG1,GLN,345,OE1,673,0.02243258558048065
ARG,31,NH1,ARG,31,O,671,0.022365921135962134
LYS,376,N,GLU,375,OE2,669,0.022299256691443618
GLN,258,N,GLN,258,OE1,667,0.0222325922469251
TYR,373,OH,GLU,54,OE1,667,0.0222325922469251
GLN,123,N,GLU,120,O,665,0.022165927802406588
GLN,119,NE2,GLU,116,O,664,0.022132595580147327
ARG,204,N,HIE,203,ND1,661,0.022032598913369554
SER,193,N,GLU,190,O,660,0.021999266691110297
ASN,149,ND2,SER,145,O,655,0.021832605579814007
ASN,259,ND2,SER,256,OG,654,0.021799273357554747
LYS,376,N,GLU,375,OE1,654,0.021799273357554747
ALA,388,N,ASP,387,OD1,650,0.021665944468517717
ARG,1,NE,LEU,2,O,642,0.02139928669044365
SER,132,OG,GLU,128,OE2,634,0.021132628912369587
ALA,135,N,LYS,133,O,630,0.020999300023332557
SER,113,N,GLU,116,OE1,628,0.02093263557881404
LEU,188,N,PHE,185,O,628,0.02093263557881404
LYS,72,N,GLU,359,OE2,627,0.02089930335655478
GLU,245,N,LEU,242,O,625,0.020832638912036266
GLN,345,NE2,GLU,65,O,625,0.020832638912036266
THR,147,N,GLN,144,O,623,0.02076597446751775
GLN,345,NE2,THR,347,OG1,618,0.02059931335622146
LEU,386,N,PRO,382,O,615,0.020499316689443686
GLU,120,N,ARG,117,O,589,0.019632678910702975
ALA,391,N,ASP,387,OD2,586,0.019532682243925202
GLN,163,NE2,TYR,162,O,584,0.019466017799406685
ARG,31,NE,ASP,36,OD2,577,0.019232692243591882
TYR,326,OH,GLU,411,OE1,575,0.019166027799073365
GLY,43,N,LEU,12,O,572,0.019066031132295592
ASN,250,ND2,HIE,252,O,572,0.019066031132295592
ASN,214,ND2,ASN,214,O,568,0.01893270224325856
ARG,20,NH1,LEU,15,O,564,0.018799373354221525
GLN,176,NE2,ASN,209,OD1,562,0.01873270890970301
LYS,208,NZ,GLU,212,OE1,562,0.01873270890970301
SER,113,N,GLU,116,OE2,559,0.018632712242925235
ARG,280,NE,PRO,454,O,558,0.018599380020665978
ASN,209,N,VAL,206,O,553,0.018432718909369688
HIE,257,NE2,GLU,222,OE1,547,0.01823272557581414
LYS,25,NZ,ASP,19,OD2,546,0.01819939335355488
LYS,223,NZ,HIE,219,ND1,545,0.018166061131295624
GLN,345,NE2,THR,344,OG1,543,0.018099396686777108
VAL,303,N,ILE,300,O,538,0.017932735575480818
ARG,406,NH2,HID,341,ND1,538,0.017932735575480818
GLN,119,N,GLU,116,O,537,0.01789940335322156
ASN,259,ND2,GLU,254,OE2,536,0.0178660711309623
SER,113,OG,GLU,116,OE1,533,0.017766074464184527
ARG,29,NH2,ASP,19,OD2,531,0.01769941001966601
VAL,184,N,GLU,446,OE1,530,0.017666077797406754
SER,253,N,HIE,252,ND1,530,0.017666077797406754
GLN,187,NE2,VAL,184,O,529,0.017632745575147494
SER,68,OG,GLU,65,OE1,525,0.017499416686110464
PHE,107,N,ASP,106,OD1,525,0.017499416686110464
ARG,45,NH1,GLU,190,OE1,521,0.01736608779707343
LYS,393,NZ,ASP,383,O,520,0.017332755574814174
LYS,376,NZ,ASP,378,OD2,518,0.017266091130295657
ARG,45,N,GLY,43,O,517,0.0172327589080364
SER,68,OG,GLU,65,OE2,515,0.017166094463517884
GLU,166,N,GLU,166,OE2,505,0.016832772240925303
ARG,415,NE,GLU,411,OE1,504,0.016799440018666043
LYS,72,N,GLU,359,OE1,498,0.016599446685110496
LYS,63,NZ,ASP,62,OD1,493,0.016432785573814206
LYS,111,NZ,ASP,106,OD1,492,0.01639945335155495
HIE,372,NE2,GLU,54,OE1,492,0.01639945335155495
ARG,81,NH2,ASP,77,OD1,489,0.016299456684777173
ASN,261,ND2,GLN,258,OE1,488,0.016266124462517916
ARG,406,NH2,HM1,464,O1A,486,0.0161994600179994
GLU,166,N,GLU,166,OE1,484,0.016132795573480883
GLN,163,N,HIE,161,O,477,0.01589947001766608
LYS,208,NZ,GLU,212,OE2,476,0.01586613779540682
GLN,205,NE2,GLN,176,OE1,475,0.015832805573147563
GLN,187,NE2,SER,183,O,473,0.015766141128629046
LYS,111,N,MET,109,O,472,0.01573280890636979
SER,256,OG,GLU,254,O,472,0.01573280890636979
THR,274,OG1,HM1,464,NB,471,0.01569947668411053
ARG,29,NE,ASP,19,OD2,467,0.015566147795073497
ARG,204,NH1,PHE,199,O,467,0.015566147795073497
ARG,7,NH1,PRO,8,O,466,0.015532815572814239
ILE,73,N,ASP,77,OD2,456,0.015199493350221659
PHE,107,N,ASP,106,OD2,454,0.015132828905703144
MET,75,N,GLU,190,OE1,449,0.014966167794406854
LEU,15,N,GLY,13,O,445,0.014832838905369822
GLN,445,NE2,GLU,446,OE2,444,0.014799506683110563
LYS,197,NZ,GLY,194,O,443,0.014766174460851305
ARG,1,NH2,GLY,351,O,429,0.014299523349221693
HIE,257,NE2,GLU,222,OE2,424,0.014132862237925403
PHE,419,N,ALA,416,O,424,0.014132862237925403
ARG,280,NH1,THR,277,OG1,415,0.013832872237592081
GLN,329,NE2,GLN,329,O,414,0.013799540015332823
LYS,393,NZ,ASP,387,OD1,412,0.013732875570814306
SER,193,OG,GLU,190,O,410,0.01366621112629579
ARG,105,N,VAL,101,O,406,0.013532882237258757
ARG,97,NH1,LYS,405,O,404,0.013466217792740242
ARG,204,NH2,TYR,198,O,401,0.013366221125962467
ARG,225,NH1,HIE,257,ND1,399,0.013299556681443952
LYS,25,N,GLY,22,O,397,0.013232892236925435
ARG,81,NH2,PHE,79,O,393,0.013099563347888404
ARG,1,NE,GLY,351,O,391,0.013032898903369887
LYS,393,NZ,ASP,387,OD2,391,0.013032898903369887
ASN,428,ND2,GLN,427,OE1,391,0.013032898903369887
ARG,45,NH1,LYS,72,O,389,0.012966234458851372
GLN,445,NE2,TYR,175,OH,387,0.012899570014332855
ALA,391,N,ASP,387,OD1,385,0.01283290556981434
HID,369,ND1,ASP,333,OD2,383,0.012766241125295823
SER,231,OG,ALA,232,O,382,0.012732908903036565
ASN,259,ND2,TYR,240,OH,382,0.012732908903036565
ARG,81,NE,ASP,77,O,373,0.012432918902703243
LYS,133,NZ,ARG,130,O,373,0.012432918902703243
HIE,161,NE2,GLN,163,OE1,371,0.012366254458184726
SER,113,OG,GLU,116,OE2,369,0.012299590013666211
LYS,111,NZ,MET,109,O,360,0.01199960001333289
TYR,175,OH,GLN,445,OE1,359,0.011966267791073631
ARG,159,NH1,GLU,120,OE1,358,0.011932935568814373
ARG,117,NH1,GLU,120,OE1,357,0.011899603346555114
GLY,157,N,ILE,154,O,347,0.011566281123962534
THR,39,OG1,VAL,47,O,346,0.011532948901703276
MET,109,N,PRO,233,O,346,0.011532948901703276
GLN,123,NE2,GLN,119,OE1,344,0.01146628445718476
LEU,287,N,LEU,284,O,343,0.011432952234925502
HID,341,ND1,HM1,464,O2A,342,0.011399620012666244
ARG,57,NE,GLU,396,O,341,0.011366287790406986
SER,132,OG,GLU,128,OE1,338,0.011266291123629212
VAL,53,N,TYR,373,OH,337,0.011232958901369954
MET,75,N,GLU,190,OE2,337,0.011232958901369954
ASN,214,ND2,GLN,258,OE1,337,0.011232958901369954
GLY,410,N,CM1,408,O,337,0.011232958901369954
ARG,20,NH1,ARG,20,O,333,0.011099630012332922
ASP,333,N,GLN,329,O,331,0.011032965567814405
ASP,229,N,THR,227,OG1,329,0.01096630112329589
ARG,29,N,SER,26,O,323,0.010766307789740342
ASN,259,ND2,TYR,83,O,323,0.010766307789740342
GLN,258,NE2,HIE,257,ND1,322,0.010732975567481083
ARG,350,NH1,GLU,58,OE2,321,0.010699643345221825
PHE,189,N,GLY,186,O,320,0.010666311122962568
LYS,393,NZ,LEU,386,O,320,0.010666311122962568
GLN,211,NE2,GLU,212,OE1,317,0.010566314456184793
LYS,111,NZ,MET,104,O,316,0.010532982233925535
ARG,295,NH1,ARG,295,O,316,0.010532982233925535
SER,332,N,GLN,329,O,316,0.010532982233925535
ARG,225,NH1,GLU,226,OE1,315,0.010499650011666278
ARG,105,NE,ASP,106,OD1,314,0.01046631778940702
LYS,317,NZ,ASP,314,OD2,314,0.01046631778940702
ARG,308,N,GLN,427,NE2,312,0.010399653344888503
GLY,90,N,ASN,89,OD1,307,0.010232992233592213
ASP,62,N,GLU,58,O,305,0.010166327789073698
HIP,384,NE2,LYS,376,O,302,0.010066331122295923
ARG,20,NH1,LEU,16,O,300,0.009999666677777408
ARG,295,NH1,GLU,299,OE2,300,0.009999666677777408
ARG,117,NH1,GLU,120,OE2,299,0.00996633445551815
PHE,160,N,ASN,149,ND2,299,0.00996633445551815
TYR,198,N,GLY,194,O,297,0.009899670010999633
SER,276,OG,PHE,143,O,297,0.009899670010999633
GLN,123,NE2,GLU,127,OE2,295,0.009833005566481118
LYS,246,NZ,GLU,247,OE2,295,0.009833005566481118
TYR,456,N,PRO,454,O,295,0.009833005566481118
ARG,57,NH1,GLU,396,OE1,294,0.00979967334422186
SER,179,OG,GLU,446,OE2,294,0.00979967334422186
ARG,57,NH2,GLU,396,O,291,0.009699676677444086
ARG,1,NH1,GLY,351,O,289,0.00963301223292557
ARG,130,NH2,GLN,123,OE1,286,0.009533015566147796
GLU,375,N,GLU,375,OE1,285,0.009499683343888538
GLN,205,NE2,ALA,202,O,282,0.009399686677110762
ARG,105,NH2,ASP,106,OD2,281,0.009366354454851506
ARG,350,NE,ASP,36,OD2,280,0.009333022232592247
GLN,211,NE2,GLU,212,OE2,277,0.009233025565814472
SER,256,OG,GLN,258,OE1,274,0.009133028899036699
SER,68,N,ALA,66,O,273,0.00909969667677744
ASN,261,ND2,HIE,257,NE2,272,0.009066364454518182
ARG,308,NH1,ILE,304,O,272,0.009066364454518182
ARG,1,NH1,LEU,2,O,270,0.008999700009999667
GLN,165,NE2,GLU,166,OE1,268,0.00893303556548115
HIE,372,NE2,GLU,54,OE2,266,0.008866371120962635
ARG,57,NH1,GLU,396,O,265,0.008833038898703377
ARG,70,NH2,HM1,464,O1D,265,0.008833038898703377
ASN,172,ND2,GLN,176,NE2,265,0.008833038898703377
LYS,111,NZ,PHE,107,O,264,0.008799706676444119
THR,39,OG1,PRO,4,O,263,0.00876637445418486
THR,102,OG1,ASP,106,OD2,263,0.00876637445418486
ALA,215,N,GLU,212,O,263,0.00876637445418486
ASN,261,ND2,GLY,218,N,263,0.00876637445418486
LYS,208,NZ,GLN,211,OE1,262,0.008733042231925602
ASN,149,ND2,GLU,121,OE1,258,0.00859971334288857
ARG,308,N,HIE,307,ND1,257,0.008566381120629312
SER,430,OG,LEU,461,O,256,0.008533048898370055
LYS,25,NZ,ASP,19,OD1,255,0.008499716676110797
ILE,73,N,ASP,77,OD1,254,0.008466384453851538
GLY,201,N,PHE,199,O,252,0.008399720009333022
ARG,57,NH1,GLU,396,OE2,251,0.008366387787073765
ARG,81,NH1,ASP,77,OD2,251,0.008366387787073765
VAL,435,N,SER,433,O,251,0.008366387787073765
GLN,302,NE2,GLU,301,OE2,250,0.008333055564814507
ILE,425,N,PHE,422,O,249,0.008299723342555248
TYR,34,N,ARG,31,O,248,0.00826639112029599
ARG,225,NH1,GLU,226,OE2,247,0.008233058898036731
ARG,315,NH1,LEU,312,O,247,0.008233058898036731
GLN,119,NE2,GLU,115,OE2,245,0.008166394453518216
ILE,118,N,GLU,115,O,241,0.008033065564481185
PHE,27,N,LEU,24,O,240,0.007999733342221926
ARG,406,NE,SER,68,O,240,0.007999733342221926
ARG,308,NH2,GLU,311,OE2,238,0.00793306889770341
ASN,89,ND2,ALA,88,O,237,0.007899736675444151
GLN,302,NE2,GLU,301,OE1,237,0.007899736675444151
LEU,210,N,TYR,207,O,236,0.007866404453184895
GLY,22,N,ASP,19,OD2,235,0.007833072230925636
ARG,117,NE,SER,153,OG,232,0.007733075564147862
LEU,180,N,THR,177,O,232,0.007733075564147862
SER,68,OG,ILE,342,O,231,0.007699743341888604
ARG,204,NE,PHE,199,O,228,0.007599746675110829
ASP,229,N,THR,227,O,226,0.0075330822305923134
SER,26,OG,GLN,187,OE1,223,0.007433085563814539
THR,39,OG1,PHE,38,O,223,0.007433085563814539
GLN,165,NE2,GLN,165,O,222,0.007399753341555282
SER,402,OG,HM1,464,O2A,222,0.007399753341555282
GLN,176,NE2,GLN,205,OE1,221,0.007366421119296023
LEU,420,N,GLU,417,O,221,0.007366421119296023
THR,455,N,GLN,445,NE2,221,0.007366421119296023
ARG,117,NH1,PHE,107,O,219,0.0072997566747775074
LEU,173,N,MET,170,O,218,0.007266424452518249
ASN,209,ND2,VAL,206,O,218,0.007266424452518249
GLN,445,NE2,GLU,446,OE1,217,0.0072330922302589916
GLY,108,N,ASP,106,O,216,0.007199760007999733
GLY,22,N,ASP,19,OD1,215,0.007166427785740476
TYR,207,OH,GLN,205,OE1,214,0.007133095563481217
GLN,123,NE2,GLN,123,O,213,0.007099763341221959
ASP,333,N,ARG,330,O,213,0.007099763341221959
ARG,81,NH1,GLN,258,NE2,212,0.007066431118962701
TRP,93,N,GLY,90,O,212,0.007066431118962701
ASN,89,ND2,SER,68,OG,211,0.007033098896703443
GLN,187,NE2,ARG,20,O,211,0.007033098896703443
GLU,121,N,ILE,118,O,210,0.0069997666744441855
GLY,69,N,PHE,67,O,209,0.006966434452184927
LYS,248,NZ,GLU,245,O,209,0.006966434452184927
ARG,308,NH2,GLU,311,OE1,209,0.006966434452184927
GLU,375,N,GLU,375,OE2,209,0.006966434452184927
HID,243,N,TYR,240,O,208,0.006933102229925669
HIE,313,NE2,GLU,311,OE2,208,0.006933102229925669
ASN,209,ND2,MET,75,O,207,0.006899770007666411
SER,182,OG,SER,179,O,206,0.006866437785407153
LYS,94,NZ,ASN,91,OD1,204,0.006799773340888637
LYS,234,NZ,ASP,235,OD1,204,0.006799773340888637
ARG,117,NH1,SER,113,O,203,0.006766441118629379
GLN,258,NE2,TYR,83,OH,203,0.006766441118629379
GLU,417,N,ALA,414,O,203,0.006766441118629379
THR,102,OG1,ASP,106,OD1,200,0.006666444451851605
ALA,367,N,ILE,363,O,200,0.006666444451851605
PHE,255,N,GLU,247,OE2,199,0.006633112229592347
ASN,261,ND2,ASN,261,O,198,0.0065997800073330885
ARG,130,NH2,ASN,428,OD1,197,0.006566447785073831
ARG,350,NH1,GLU,54,OE1,197,0.006566447785073831
THR,358,OG1,LYS,356,O,197,0.006566447785073831
SER,332,OG,GLN,329,O,194,0.006466451118296057
LYS,158,NZ,PHE,156,O,193,0.006433118896036798
ASN,209,ND2,GLU,212,OE1,193,0.006433118896036798
ARG,350,NH1,GLU,54,OE2,193,0.006433118896036798
GLU,254,N,GLU,247,OE2,191,0.0063664544515182825
ARG,308,NE,ASP,314,OD1,191,0.0063664544515182825
GLN,176,NE2,GLN,176,O,190,0.006333122229259025
ASN,209,ND2,GLU,212,OE2,188,0.006266457784740508
GLN,119,NE2,GLU,115,OE1,187,0.006233125562481251
LEU,196,N,SER,193,O,186,0.006199793340221992
SER,249,OG,ASN,250,OD1,185,0.006166461117962735
ALA,379,N,PRO,377,O,185,0.006166461117962735
ARG,20,NH2,MET,18,O,184,0.0061331288957034765
ARG,415,NH2,TYR,326,OH,184,0.0061331288957034765
ARG,159,NH2,GLU,120,OE1,182,0.006066464451184961
TYR,83,OH,GLN,258,OE1,181,0.006033132228925702
ASN,91,N,ASN,89,OD1,181,0.006033132228925702
ASP,235,N,ASP,238,OD2,179,0.005966467784407186
ARG,57,NH2,GLU,396,OE1,178,0.005933135562147928
GLY,134,N,SER,132,OG,178,0.005933135562147928
GLN,205,NE2,GLY,201,O,178,0.005933135562147928
LYS,356,NZ,GLN,345,OE1,178,0.005933135562147928
THR,147,OG1,SER,276,OG,177,0.0058998033398886705
ASN,172,ND2,ASN,172,O,176,0.005866471117629412
ARG,406,NE,SER,68,OG,176,0.005866471117629412
ARG,105,N,THR,102,O,175,0.005833138895370155
ARG,29,NH1,GLU,32,OE1,174,0.005799806673110896
LYS,33,NZ,TYR,34,OH,173,0.005766474450851638
ARG,81,N,PRO,78,O,173,0.005766474450851638
GLN,144,NE2,THR,272,OG1,173,0.005766474450851638
PHE,460,N,GLY,134,O,173,0.005766474450851638
GLN,258,N,HIE,257,ND1,172,0.00573314222859238
ARG,308,NE,ILE,304,O,172,0.00573314222859238
THR,344,OG1,ILE,342,O,172,0.00573314222859238
LYS,246,NZ,LEU,242,O,171,0.005699810006333122
HIE,291,N,HIE,291,ND1,171,0.005699810006333122
GLN,187,NE2,LEU,24,N,170,0.0056664777840738645
ARG,81,NE,GLN,258,OE1,169,0.005633145561814606
THR,147,OG1,THR,275,OG1,169,0.005633145561814606
GLN,345,NE2,HIE,346,O,169,0.005633145561814606
ARG,98,NH2,GLU,247,OE2,168,0.005599813339555348
GLN,119,NE2,GLN,119,O,168,0.005599813339555348
ARG,20,NH2,LEU,15,O,167,0.00556648111729609
SER,231,OG,ASP,229,O,166,0.005533148895036832
THR,264,OG1,ASN,261,O,166,0.005533148895036832
ARG,57,NH2,GLU,396,OE2,164,0.005466484450518316
GLU,359,N,GLU,359,OE2,164,0.005466484450518316
ARG,20,NH1,ASP,19,OD1,162,0.0053998200059998
SER,26,N,LEU,23,O,162,0.0053998200059998
HIE,219,N,TYR,216,O,162,0.0053998200059998
THR,227,OG1,GLU,226,O,162,0.0053998200059998
LYS,158,N,PHE,156,O,161,0.005366487783740542
ARG,330,NE,GLU,327,OE1,161,0.005366487783740542
LEU,335,N,ASP,333,O,161,0.005366487783740542
LYS,394,NZ,TYR,326,OH,161,0.005366487783740542
LYS,405,NZ,ALA,64,O,161,0.005366487783740542
LEU,228,N,GLU,226,O,160,0.005333155561481284
ARG,45,NH2,SER,193,OG,159,0.005299823339222026
HIE,313,NE2,GLU,311,OE1,159,0.005299823339222026
HIE,252,N,ASN,250,ND2,158,0.0052664911169627675
ARG,45,NH2,LEU,42,O,156,0.005199826672444252
GLN,165,NE2,GLU,166,OE2,156,0.005199826672444252
ARG,225,NH2,HIE,257,ND1,156,0.005199826672444252
TYR,326,OH,GLU,411,OE2,156,0.005199826672444252
LYS,197,NZ,TYR,198,OH,155,0.005166494450184994
LYS,72,NZ,PHE,87,O,153,0.005099830005666478
GLN,123,NE2,GLU,127,OE1,152,0.00506649778340722
HIE,313,N,GLU,311,OE2,152,0.00506649778340722
GLN,17,N,GLN,17,OE1,151,0.0050331655611479615
ARG,406,NH1,PHE,67,O,151,0.0050331655611479615
CYS,447,N,GLU,446,OE1,151,0.0050331655611479615
LYS,197,N,PHE,195,O,150,0.004999833338888704
ILE,399,N,ALA,397,O,150,0.004999833338888704
ARG,117,NH2,ARG,112,O,149,0.004966501116629446
THR,227,OG1,GLU,226,OE1,149,0.004966501116629446
GLN,345,NE2,THR,344,O,147,0.00489983667211093
SER,253,OG,GLU,247,O,146,0.004866504449851671
LYS,72,NZ,ASN,89,OD1,145,0.004833172227592414
PHE,195,N,SER,193,O,144,0.0047998400053331555
LYS,288,N,LEU,285,O,144,0.0047998400053331555
ARG,298,NH2,GLN,302,OE1,144,0.0047998400053331555
ARG,92,N,ASN,89,ND2,142,0.00473317556081464
LYS,197,NZ,SER,193,O,139,0.004633178894036865
LYS,393,NZ,LYS,394,O,139,0.004633178894036865
ARG,81,NH2,ASP,77,OD2,138,0.004599846671777608
HIE,313,NE2,GLU,115,OE2,138,0.004599846671777608
GLN,329,NE2,SER,332,O,138,0.004599846671777608
HIE,313,N,GLU,311,OE1,137,0.0045665144495183494
ARG,98,NH2,GLU,247,OE1,136,0.004533182227259091
ARG,298,NH1,GLN,302,OE1,136,0.004533182227259091
LEU,28,N,LYS,25,O,135,0.0044998500049998336
SER,193,N,PHE,189,O,135,0.0044998500049998336
HIE,313,NE2,GLU,115,OE1,135,0.0044998500049998336
ALA,64,N,ASP,62,O,133,0.004433185560481318
LYS,169,N,GLU,166,O,133,0.004433185560481318
LYS,197,NZ,ASP,77,OD2,133,0.004433185560481318
GLU,65,N,GLU,65,OE1,132,0.004399853338222059
PHE,141,N,ASP,138,OD2,131,0.004366521115962801
ASN,209,ND2,LEU,173,O,131,0.004366521115962801
TYR,373,N,ASP,370,OD2,131,0.004366521115962801
GLN,345,NE2,ALA,66,O,130,0.004333188893703543
ASN,263,ND2,TYR,240,OH,129,0.004299856671444285
ARG,20,NE,MET,18,O,128,0.0042665244491850276
SER,179,OG,GLU,446,OE1,127,0.004233192226925769
ARG,204,NE,LYS,197,O,127,0.004233192226925769
LYS,234,NZ,GLY,110,O,127,0.004233192226925769
LYS,234,NZ,SER,231,O,127,0.004233192226925769
THR,358,N,VAL,343,O,127,0.004233192226925769
SER,68,N,THR,344,OG1,126,0.004199860004666511
GLN,211,NE2,GLN,211,O,126,0.004199860004666511
ASN,381,ND2,ALA,379,O,126,0.004199860004666511
TYR,162,N,HIE,161,ND1,125,0.004166527782407253
PHE,255,N,GLU,247,OE1,125,0.004166527782407253
GLY,110,N,GLY,108,O,124,0.004133195560147995
GLY,134,N,LEU,129,O,123,0.004099863337888737
PHE,141,N,ASP,138,OD1,123,0.004099863337888737
ASN,172,ND2,GLN,176,OE1,123,0.004099863337888737
LYS,246,NZ,GLU,247,OE1,122,0.004066531115629479
ASN,250,N,LYS,246,O,121,0.004033198893370221
LYS,158,NZ,TYR,216,OH,120,0.003999866671110963
SER,253,OG,PHE,255,O,120,0.003999866671110963
GLN,187,NE2,ARG,21,O,119,0.003966534448851705
LEU,284,N,TYR,281,O,119,0.003966534448851705
GLU,65,N,GLU,65,OE2,118,0.003933202226592447
PHE,374,N,PRO,371,O,118,0.003933202226592447
ARG,159,NH1,GLU,120,O,117,0.003899870004333189
ARG,81,NH1,ASP,77,OD1,116,0.003866537782073931
LYS,234,NZ,THR,227,OG1,116,0.003866537782073931
ILE,237,N,ASP,235,OD1,114,0.0037998733375554147
LYS,72,NZ,SER,193,OG,113,0.0037665411152961567
GLN,302,NE2,GLN,302,O,113,0.0037665411152961567
LYS,405,NZ,VAL,61,O,113,0.0037665411152961567
ARG,98,NH2,HID,243,NE2,112,0.0037332088930368988
PHE,174,N,LEU,171,O,112,0.0037332088930368988
TYR,373,N,ASP,370,OD1,112,0.0037332088930368988
ARG,29,NH1,GLU,32,OE2,111,0.003699876670777641
CYS,124,N,GLU,121,O,111,0.003699876670777641
HIP,224,N,VAL,221,O,111,0.003699876670777641
HIE,203,N,HIE,203,ND1,110,0.003666544448518383
THR,227,OG1,GLU,226,OE2,110,0.003666544448518383
ARG,81,NH2,PRO,78,O,109,0.0036332122262591245
GLU,254,N,GLU,247,OE1,109,0.0036332122262591245
LYS,158,NZ,GLU,120,OE1,108,0.0035998800039998666
SER,231,N,ASP,229,O,107,0.0035665477817406087
GLU,128,N,LEU,125,O,106,0.0035332155594813507
LYS,169,NZ,ASN,172,OD1,106,0.0035332155594813507
LEU,236,N,VAL,155,O,106,0.0035332155594813507
THR,344,OG1,PHE,67,O,106,0.0035332155594813507
ARG,159,NH1,GLU,120,OE2,105,0.0034998833372220928
SER,365,OG,PRO,336,O,105,0.0034998833372220928
PHE,30,N,PHE,27,O,104,0.0034665511149628344
LYS,72,NZ,ARG,70,O,104,0.0034665511149628344
TYR,175,OH,GLU,446,OE2,104,0.0034665511149628344
ARG,463,NH1,PHE,429,O,104,0.0034665511149628344
SER,183,OG,SER,179,O,103,0.0034332188927035765
ASN,209,ND2,ALA,202,O,103,0.0034332188927035765
ARG,308,NH1,GLU,311,OE1,103,0.0034332188927035765
LEU,418,N,ARG,415,O,103,0.0034332188927035765
ARG,7,NH2,GLY,5,O,100,0.0033332222259258026
ARG,70,N,ASN,89,ND2,100,0.0033332222259258026
ASN,381,ND2,LYS,376,O,99,0.0032998900036665443
ARG,130,N,GLU,127,O,98,0.0032665577814072863
ARG,159,NH1,GLU,121,OE2,97,0.0032332255591480284
GLN,445,NE2,THR,443,O,96,0.0031998933368887704
LEU,24,N,GLN,187,NE2,95,0.0031665611146295125
ASN,91,ND2,ASN,89,OD1,95,0.0031665611146295125
ARG,98,NH1,GLU,247,OE2,95,0.0031665611146295125
LYS,248,NZ,MET,244,O,95,0.0031665611146295125
LYS,394,NZ,GLU,396,OE2,95,0.0031665611146295125
CYS,447,N,GLU,446,OE2,95,0.0031665611146295125
ARG,20,NH1,ASP,19,OD2,94,0.003133228892370254
TYR,240,OH,PHE,255,O,94,0.003133228892370254
LEU,262,N,ASN,259,O,94,0.003133228892370254
LYS,288,NZ,GLU,438,OE1,94,0.003133228892370254
LYS,131,NZ,SER,132,OG,93,0.003099896670110996
GLY,390,N,ASP,387,OD2,93,0.003099896670110996
ARG,406,NH2,VAL,339,O,93,0.003099896670110996
LYS,451,NZ,ASP,333,O,92,0.0030665644478517383
GLU,359,N,GLU,359,OE1,91,0.0030332322255924803
ARG,29,NH2,SER,26,OG,90,0.0029999000033332224
ARG,117,NH2,SER,153,O,89,0.002966567781073964
GLN,445,NE2,GLN,445,O,89,0.002966567781073964
GLN,205,NE2,PRO,200,O,88,0.002933235558814706
LYS,223,NZ,THR,227,OG1,88,0.002933235558814706
LYS,288,NZ,GLU,438,OE2,88,0.002933235558814706
ARG,130,NH1,ASN,428,OD1,87,0.002899903336555448
LYS,208,NZ,ASN,209,OD1,86,0.00286657111429619
GLN,187,NE2,GLN,187,O,85,0.0028332388920369322
GLN,258,NE2,HIE,257,NE2,85,0.0028332388920369322
LYS,288,NZ,GLU,438,O,85,0.0028332388920369322
LYS,63,NZ,THR,347,OG1,84,0.002799906669777674
ARG,130,NH1,GLN,123,OE1,84,0.002799906669777674
LEU,23,N,GLN,187,NE2,83,0.002766574447518416
ARG,98,NH2,THR,102,OG1,83,0.002766574447518416
ASN,214,ND2,GLN,211,O,83,0.002766574447518416
ARG,295,NH1,HIE,291,O,83,0.002766574447518416
THR,395,OG1,TYR,373,OH,83,0.002766574447518416
GLU,54,N,GLU,54,OE1,82,0.002733242225259158
ARG,92,NH2,GLY,82,O,82,0.002733242225259158
GLN,163,NE2,HIE,161,ND1,79,0.0026332455584813837
HIE,307,N,HIE,307,ND1,79,0.0026332455584813837
ARG,350,NH2,GLU,54,OE1,79,0.0026332455584813837
GLY,448,N,SER,182,O,79,0.0026332455584813837
ASN,381,ND2,GLU,375,OE2,78,0.002599913336222126
THR,395,OG1,GLU,396,OE1,78,0.002599913336222126
LYS,451,NZ,SER,332,O,78,0.002599913336222126
ARG,92,NH1,ASN,259,OD1,77,0.002566581113962868
TYR,281,OH,LYS,451,O,77,0.002566581113962868
GLN,211,NE2,ASN,214,OD1,76,0.00253324889170361
LYS,317,N,HIE,313,O,76,0.00253324889170361
TYR,240,OH,ASN,259,O,75,0.002499916669444352
ASN,261,ND2,HIE,257,ND1,75,0.002499916669444352
ARG,295,NH1,TYR,320,OH,75,0.002499916669444352
ILE,342,N,SER,68,OG,75,0.002499916669444352
ARG,159,NH2,GLU,120,OE2,74,0.002466584447185094
LEU,242,N,THR,239,O,74,0.002466584447185094
SER,253,OG,ASN,250,O,74,0.002466584447185094
THR,347,OG1,HIE,346,O,74,0.002466584447185094
ARG,350,NH2,GLU,54,O,74,0.002466584447185094
ARG,29,NH2,ASP,19,OD1,73,0.0024332522249258357
ILE,126,N,GLN,123,O,73,0.0024332522249258357
ARG,415,NH2,GLU,411,O,73,0.0024332522249258357
ASN,259,ND2,GLU,254,OE1,72,0.0023999200026665777
LEU,23,N,ARG,21,O,71,0.00236658778040732
MET,109,N,LYS,234,O,71,0.00236658778040732
GLN,445,N,PRO,453,O,71,0.00236658778040732
ASN,14,ND2,GLY,13,O,70,0.002333255558148062
ARG,98,NH1,THR,102,OG1,70,0.002333255558148062
ILE,146,N,PHE,143,O,70,0.002333255558148062
SER,193,N,LEU,191,O,70,0.002333255558148062
GLN,205,NE2,ASN,209,ND2,70,0.002333255558148062
THR,344,N,PHE,67,O,70,0.002333255558148062
LYS,169,NZ,GLN,165,O,69,0.002299923335888804
ARG,315,NH2,ARG,415,O,69,0.002299923335888804
THR,347,OG1,SER,348,O,69,0.002299923335888804
GLY,390,N,ASP,387,OD1,69,0.002299923335888804
THR,278,OG1,GLN,329,OE1,68,0.0022665911136295455
ARG,350,NH2,GLU,54,OE2,68,0.0022665911136295455
GLN,211,NE2,LYS,208,O,67,0.0022332588913702876
ARG,308,N,GLY,305,O,67,0.0022332588913702876
ARG,117,NE,ARG,112,O,66,0.0021999266691110297
ASN,209,ND2,GLN,205,NE2,66,0.0021999266691110297
ASN,389,N,ASP,387,O,65,0.0021665944468517717
ARG,92,N,ASN,89,O,64,0.0021332622245925138
ASN,214,ND2,GLN,211,NE2,64,0.0021332622245925138
ARG,97,NH1,CM1,408,O,63,0.0020999300023332554
ARG,308,NH2,VAL,303,O,63,0.0020999300023332554
LYS,33,NZ,ARG,29,O,61,0.0020332655578147395
GLY,84,N,GLY,82,O,61,0.0020332655578147395
HID,341,ND1,ILE,342,O,60,0.0019999333355554816
ILE,342,N,SER,68,O,60,0.0019999333355554816
ASN,381,ND2,GLU,375,OE1,60,0.0019999333355554816
LYS,72,NZ,GLU,190,OE2,59,0.0019666011132962236
ARG,159,NE,GLU,121,OE2,59,0.0019666011132962236
ARG,159,NH1,HIE,161,ND1,59,0.0019666011132962236
ARG,204,NH1,ARG,204,O,59,0.0019666011132962236
ARG,204,NH2,PHE,199,O,59,0.0019666011132962236
TYR,326,OH,GLU,322,OE1,59,0.0019666011132962236
ARG,406,NH1,ALA,88,O,59,0.0019666011132962236
SER,68,OG,ALA,59,O,58,0.0019332688910369655
ARG,81,NH2,GLN,258,NE2,58,0.0019332688910369655
VAL,95,N,ARG,92,O,58,0.0019332688910369655
ASN,172,ND2,LYS,169,O,58,0.0019332688910369655
SER,220,N,ILE,217,O,58,0.0019332688910369655
ARG,308,NE,GLU,311,OE2,58,0.0019332688910369655
LYS,394,NZ,GLU,396,OE1,58,0.0019332688910369655
LYS,33,NZ,GLU,32,OE2,57,0.0018999366687777073
ALA,55,N,GLY,52,O,57,0.0018999366687777073
ARG,105,NH2,ASP,106,OD1,57,0.0018999366687777073
GLN,123,NE2,GLU,120,O,57,0.0018999366687777073
ARG,31,N,LEU,28,O,56,0.0018666044465184494
ARG,117,NH2,SER,153,OG,56,0.0018666044465184494
LYS,131,NZ,GLN,163,OE1,56,0.0018666044465184494
SER,179,OG,GLN,176,O,56,0.0018666044465184494
GLN,205,NE2,GLN,205,O,56,0.0018666044465184494
ASN,261,ND2,ASN,214,ND2,56,0.0018666044465184494
ARG,330,N,GLU,327,O,56,0.0018666044465184494
TYR,352,OH,ARG,1,O,56,0.0018666044465184494
LEU,403,N,SER,402,OG,56,0.0018666044465184494
ARG,29,NE,ASP,19,OD1,55,0.0018332722242591915
GLU,54,N,GLU,54,OE2,55,0.0018332722242591915
LYS,111,NZ,GLY,157,O,55,0.0018332722242591915
ARG,21,NH1,ASP,19,OD1,54,0.0017999400019999333
ARG,97,NH2,HM1,464,O2D,54,0.0017999400019999333
THR,227,N,ARG,225,O,54,0.0017999400019999333
GLN,345,NE2,GLU,65,OE1,54,0.0017999400019999333
ARG,21,NH1,ASP,19,OD2,53,0.0017666077797406754
LYS,25,NZ,ARG,21,O,53,0.0017666077797406754
GLY,35,N,PHE,30,O,53,0.0017666077797406754
ARG,112,NH2,GLY,157,O,53,0.0017666077797406754
LYS,133,N,LYS,131,O,53,0.0017666077797406754
LYS,223,NZ,HIE,219,O,53,0.0017666077797406754
THR,275,OG1,THR,274,OG1,53,0.0017666077797406754
THR,395,OG1,GLU,396,OE2,53,0.0017666077797406754
ARG,406,N,GLY,404,O,53,0.0017666077797406754
ALA,135,N,SER,132,OG,52,0.0017332755574814172
SER,153,N,ILE,150,O,52,0.0017332755574814172
TYR,198,OH,GLY,194,O,52,0.0017332755574814172
TYR,240,OH,GLU,254,O,52,0.0017332755574814172
ARG,308,NE,ASP,314,OD2,52,0.0017332755574814172
PHE,422,N,PHE,419,O,52,0.0017332755574814172
LYS,197,NZ,LYS,72,O,51,0.0016999433352221593
ASN,14,ND2,GLN,17,NE2,50,0.0016666111129629013
TYR,289,N,MET,286,O,50,0.0016666111129629013
ARG,308,NH1,GLU,311,OE2,50,0.0016666111129629013
ARG,350,NE,ASP,36,OD1,50,0.0016666111129629013
LYS,356,N,HIE,346,NE2,50,0.0016666111129629013
LYS,131,NZ,GLN,163,NE2,49,0.0016332788907036432
ASN,209,ND2,GLN,205,OE1,49,0.0016332788907036432
GLN,258,NE2,ASN,214,OD1,49,0.0016332788907036432
ALA,293,N,PRO,290,O,49,0.0016332788907036432
TYR,352,N,ARG,350,O,49,0.0016332788907036432
ARG,1,NH2,LEU,2,O,48,0.0015999466684443852
ASP,77,N,ALA,74,O,48,0.0015999466684443852
ARG,97,NH2,LYS,405,O,48,0.0015999466684443852
ASP,235,N,ASP,238,OD1,48,0.0015999466684443852
ILE,237,N,ASP,235,OD2,48,0.0015999466684443852
LYS,33,NZ,GLU,32,OE1,47,0.001566614446185127
ASN,149,N,ILE,146,O,47,0.001566614446185127
SER,183,N,ILE,181,O,47,0.001566614446185127
SER,276,OG,GLU,273,OE2,47,0.001566614446185127
LYS,63,NZ,SER,348,OG,46,0.0015332822239258691
ARG,204,NE,GLY,201,O,46,0.0015332822239258691
ALA,251,N,ASN,250,OD1,46,0.0015332822239258691
HIE,252,NE2,ASN,91,OD1,46,0.0015332822239258691
ASN,259,ND2,ARG,92,O,46,0.0015332822239258691
ARG,406,NH1,HM1,464,O1A,46,0.0015332822239258691
GLN,457,NE2,ASP,138,N,46,0.0015332822239258691
ARG,92,NH1,GLU,254,OE2,45,0.0014999500016666112
HIE,372,NE2,ASP,36,OD1,45,0.0014999500016666112
THR,455,OG1,THR,455,O,45,0.0014999500016666112
ARG,81,NH1,ASP,77,O,44,0.001466617779407353
ARG,98,NH1,GLU,247,OE1,44,0.001466617779407353
GLN,119,NE2,GLN,123,OE1,44,0.001466617779407353
LYS,133,NZ,LYS,131,O,44,0.001466617779407353
ARG,225,NE,GLU,226,OE2,44,0.001466617779407353
HIE,313,N,HIE,313,ND1,44,0.001466617779407353
ARG,315,NH1,GLY,412,O,43,0.001433285557148095
ILE,407,N,LEU,403,O,43,0.001433285557148095
ALA,59,N,ILE,56,O,42,0.001399953334888837
GLN,165,NE2,GLN,163,OE1,42,0.001399953334888837
LYS,234,NZ,HIP,224,O,42,0.001399953334888837
ASN,428,ND2,PRO,306,O,42,0.001399953334888837
VAL,114,N,ARG,105,O,41,0.001366621112629579
GLN,176,NE2,ASN,172,ND2,41,0.001366621112629579
ARG,315,NH2,LEU,312,O,41,0.001366621112629579
HIE,372,NE2,ASP,36,OD2,41,0.001366621112629579
ALA,414,N,GLU,411,O,41,0.001366621112629579
LYS,197,NZ,SER,193,OG,40,0.001333288890370321
GLN,211,NE2,TYR,207,O,40,0.001333288890370321
ASN,263,N,LEU,260,O,40,0.001333288890370321
ARG,20,N,ARG,20,NE,39,0.001299956668111063
ASN,91,ND2,ASN,91,O,39,0.001299956668111063
LYS,111,NZ,SER,153,O,39,0.001299956668111063
LYS,158,NZ,GLU,120,OE2,39,0.001299956668111063
THR,177,N,PHE,174,O,39,0.001299956668111063
ARG,308,NH2,PRO,309,O,39,0.001299956668111063
LYS,393,NZ,HIP,384,O,39,0.001299956668111063
PHE,460,N,SER,132,OG,39,0.001299956668111063
SER,145,N,LEU,142,O,38,0.001266624445851805
ARG,204,NH2,LEU,196,O,38,0.001266624445851805
ARG,225,NE,GLU,226,OE1,38,0.001266624445851805
ARG,7,NH1,GLY,5,O,37,0.001233292223592547
ARG,21,NH2,GLU,446,OE2,37,0.001233292223592547
ARG,57,NE,GLU,396,OE2,37,0.001233292223592547
LYS,111,NZ,GLY,108,O,37,0.001233292223592547
GLU,254,N,GLU,254,OE1,37,0.001233292223592547
TYR,320,N,GLU,299,OE1,37,0.001233292223592547
GLY,351,N,PHE,349,O,37,0.001233292223592547
ARG,31,NE,LEU,28,O,36,0.0011999600013332889
LYS,33,N,ARG,31,O,36,0.0011999600013332889
ARG,20,NE,LEU,15,O,35,0.001166627779074031
SER,332,OG,THR,278,OG1,35,0.001166627779074031
THR,344,OG1,GLU,65,OE2,35,0.001166627779074031
GLN,123,NE2,GLU,120,OE1,34,0.0011332955568147728
LYS,197,NZ,ASP,77,OD1,34,0.0011332955568147728
LYS,208,NZ,TYR,207,OH,34,0.0011332955568147728
LYS,234,NZ,MET,109,O,34,0.0011332955568147728
ARG,295,NE,HIE,291,O,34,0.0011332955568147728
ARG,298,NH1,ARG,298,O,34,0.0011332955568147728
GLN,345,NE2,GLU,65,OE2,34,0.0011332955568147728
TYR,373,OH,THR,395,OG1,34,0.0011332955568147728
ARG,406,NH1,HID,341,ND1,34,0.0011332955568147728
ILE,407,N,LYS,405,O,34,0.0011332955568147728
GLY,22,N,ARG,20,O,33,0.0010999633345555148
ARG,98,NH1,HID,243,NE2,33,0.0010999633345555148
PHE,107,N,ARG,105,O,33,0.0010999633345555148
LYS,111,N,PRO,233,O,33,0.0010999633345555148
ASN,250,ND2,HIE,252,ND1,33,0.0010999633345555148
ARG,308,NH2,ILE,304,O,33,0.0010999633345555148
LYS,394,N,LEU,392,O,33,0.0010999633345555148
ARG,105,N,THR,103,O,32,0.0010666311122962569
GLN,123,NE2,GLU,120,OE2,32,0.0010666311122962569
SER,132,OG,PHE,460,O,32,0.0010666311122962569
LYS,169,NZ,GLN,165,OE1,32,0.0010666311122962569
SER,231,OG,PRO,230,O,32,0.0010666311122962569
ASN,259,N,GLN,258,OE1,32,0.0010666311122962569
GLN,427,NE2,PRO,306,O,32,0.0010666311122962569
THR,455,OG1,THR,140,OG1,32,0.0010666311122962569
GLN,457,NE2,TYR,456,O,32,0.0010666311122962569
GLY,82,N,ASP,77,OD2,31,0.0010332988900369987
ASN,89,ND2,GLU,254,OE2,31,0.0010332988900369987
ASP,106,N,MET,104,O,31,0.0010332988900369987
TYR,216,OH,ASP,164,OD1,31,0.0010332988900369987
TYR,240,N,ILE,237,O,31,0.0010332988900369987
HIE,257,N,HIE,257,ND1,31,0.0010332988900369987
ARG,308,NE,GLU,311,OE1,31,0.0010332988900369987
MET,318,N,ASP,314,O,31,0.0010332988900369987
LYS,393,NZ,LYS,393,O,31,0.0010332988900369987
LYS,72,NZ,ASP,357,O,30,0.0009999666677777408
ASN,89,N,PHE,87,O,30,0.0009999666677777408
LYS,111,NZ,ARG,112,O,30,0.0009999666677777408
SER,132,OG,LYS,133,O,30,0.0009999666677777408
TYR,326,OH,GLU,322,OE2,30,0.0009999666677777408
GLY,450,N,GLY,448,O,30,0.0009999666677777408
ASN,89,ND2,GLU,254,OE1,29,0.0009666344455184827
LYS,208,NZ,ARG,204,O,29,0.0009666344455184827
LYS,208,NZ,LYS,208,O,29,0.0009666344455184827
LEU,262,N,ASN,261,OD1,29,0.0009666344455184827
THR,277,OG1,GLU,273,OE2,29,0.0009666344455184827
TYR,281,OH,PHE,331,O,29,0.0009666344455184827
ARG,308,NE,PRO,309,O,29,0.0009666344455184827
HID,341,ND1,HID,341,O,29,0.0009666344455184827
HIE,372,N,HIE,372,ND1,29,0.0009666344455184827
ARG,57,NH2,TYR,373,OH,28,0.0009333022232592247
ARG,70,NH1,SER,68,O,28,0.0009333022232592247
GLN,119,NE2,GLU,120,OE2,28,0.0009333022232592247
GLU,127,N,CYS,124,O,28,0.0009333022232592247
GLY,186,N,LEU,180,O,28,0.0009333022232592247
LYS,246,NZ,SER,249,OG,28,0.0009333022232592247
SER,276,OG,GLU,273,OE1,28,0.0009333022232592247
GLY,351,N,SER,348,O,28,0.0009333022232592247
GLU,58,N,ALA,55,O,27,0.0008999700009999666
GLY,82,N,ASP,77,OD1,27,0.0008999700009999666
ASN,89,N,ARG,92,NH2,27,0.0008999700009999666
LYS,94,NZ,GLY,90,O,27,0.0008999700009999666
ARG,112,NE,GLY,157,O,27,0.0008999700009999666
PHE,141,N,ASP,138,O,27,0.0008999700009999666
HIE,161,NE2,GLN,163,NE2,27,0.0008999700009999666
ASN,209,ND2,GLN,176,NE2,27,0.0008999700009999666
ASN,261,N,GLN,258,O,27,0.0008999700009999666
PHE,398,N,THR,395,OG1,27,0.0008999700009999666
LEU,142,N,ASP,138,O,26,0.0008666377787407086
ASN,259,ND2,SER,256,O,26,0.0008666377787407086
THR,278,OG1,SER,332,OG,26,0.0008666377787407086
MET,286,N,PHE,283,O,26,0.0008666377787407086
VAL,292,N,HIE,291,ND1,26,0.0008666377787407086
TYR,297,OH,PRO,306,O,26,0.0008666377787407086
LEU,368,N,SER,365,O,26,0.0008666377787407086
GLY,390,N,ALA,388,O,26,0.0008666377787407086
ARG,57,NE,GLU,396,OE1,25,0.0008333055564814507
GLN,119,NE2,GLN,123,NE2,25,0.0008333055564814507
GLN,163,N,GLN,163,OE1,25,0.0008333055564814507
SER,249,OG,GLU,245,O,25,0.0008333055564814507
THR,344,OG1,GLU,65,OE1,25,0.0008333055564814507
ASP,357,N,THR,344,O,25,0.0008333055564814507
GLY,90,N,SER,68,O,24,0.0007999733342221926
ARG,204,NE,TYR,207,OH,24,0.0007999733342221926
PHE,429,N,LEU,426,O,24,0.0007999733342221926
SER,26,OG,ASP,19,OD2,23,0.0007666411119629346
GLY,69,N,THR,344,OG1,23,0.0007666411119629346
GLN,165,N,GLN,165,NE2,23,0.0007666411119629346
SER,266,N,ASN,263,O,23,0.0007666411119629346
ARG,295,NH2,GLU,299,OE2,23,0.0007666411119629346
SER,430,N,PRO,462,O,23,0.0007666411119629346
ARG,463,NH1,SER,430,OG,23,0.0007666411119629346
ARG,20,NH2,LEU,16,O,22,0.0007333088897036765
THR,39,N,PRO,3,O,22,0.0007333088897036765
SER,193,N,LEU,188,O,22,0.0007333088897036765
GLU,294,N,HIE,291,O,22,0.0007333088897036765
LYS,317,NZ,HIE,313,ND1,22,0.0007333088897036765
LYS,405,NZ,PHE,67,O,22,0.0007333088897036765
ARG,31,NH1,GLU,32,OE2,21,0.0006999766674444185
SER,68,OG,PHE,67,O,21,0.0006999766674444185
HID,243,ND1,HID,243,O,21,0.0006999766674444185
ASN,250,N,LYS,248,O,21,0.0006999766674444185
SER,256,OG,SER,253,O,21,0.0006999766674444185
VAL,339,N,HM1,464,O1A,21,0.0006999766674444185
ASN,381,ND2,PHE,380,O,21,0.0006999766674444185
GLN,457,NE2,LEU,136,O,21,0.0006999766674444185
ARG,7,NH1,ARG,7,O,20,0.0006666444451851605
ILE,56,N,VAL,53,O,20,0.0006666444451851605
GLY,108,N,THR,102,O,20,0.0006666444451851605
ARG,117,NE,SER,113,O,20,0.0006666444451851605
TYR,207,OH,ARG,204,O,20,0.0006666444451851605
MET,244,N,LEU,241,O,20,0.0006666444451851605
THR,275,OG1,ALA,270,O,20,0.0006666444451851605
ARG,295,NH1,HIE,291,ND1,20,0.0006666444451851605
ARG,7,NE,PRO,8,O,19,0.0006333122229259025
ASN,14,ND2,ARG,7,O,19,0.0006333122229259025
PHE,67,N,GLU,65,O,19,0.0006333122229259025
ARG,92,NH1,GLU,254,OE1,19,0.0006333122229259025
HIE,161,NE2,GLU,128,OE2,19,0.0006333122229259025
GLN,176,NE2,ASN,209,ND2,19,0.0006333122229259025
GLY,201,N,ARG,204,NE,19,0.0006333122229259025
ARG,204,NE,GLN,205,OE1,19,0.0006333122229259025
SER,249,N,GLU,247,O,19,0.0006333122229259025
ARG,308,N,ILE,304,O,19,0.0006333122229259025
SER,68,OG,SER,68,O,18,0.0005999800006666444
ARG,81,NE,ASP,77,OD1,18,0.0005999800006666444
LYS,94,N,ASN,91,O,18,0.0005999800006666444
ARG,97,NH1,HM1,464,O2D,18,0.0005999800006666444
ARG,98,NH1,ARG,98,O,18,0.0005999800006666444
LYS,111,NZ,ASP,235,O,18,0.0005999800006666444
ARG,112,NH1,GLU,116,O,18,0.0005999800006666444
VAL,206,N,ARG,204,O,18,0.0005999800006666444
ASN,250,ND2,HIE,252,NE2,18,0.0005999800006666444
HIE,252,NE2,ASN,91,ND2,18,0.0005999800006666444
ARG,315,NH1,ARG,415,O,18,0.0005999800006666444
ILE,325,N,GLU,322,O,18,0.0005999800006666444
GLN,427,N,THR,424,O,18,0.0005999800006666444
ARG,31,NH1,GLU,32,OE1,17,0.0005666477784073864
GLY,71,N,GLY,69,O,17,0.0005666477784073864
ARG,98,NE,ARG,98,O,17,0.0005666477784073864
ARG,98,NE,THR,102,OG1,17,0.0005666477784073864
SER,100,OG,ARG,97,O,17,0.0005666477784073864
HID,243,ND1,GLU,247,OE1,17,0.0005666477784073864
ASN,250,ND2,SER,249,OG,17,0.0005666477784073864
ALA,251,N,SER,249,O,17,0.0005666477784073864
SER,253,N,ASN,250,OD1,17,0.0005666477784073864
ASN,263,N,GLN,258,O,17,0.0005666477784073864
ARG,295,NH2,HIE,291,ND1,17,0.0005666477784073864
HIE,313,NE2,ARG,308,NH2,17,0.0005666477784073864
ASP,441,N,ASP,439,O,17,0.0005666477784073864
ARG,70,NH1,VAL,85,O,16,0.0005333155561481284
ARG,112,N,GLY,110,O,16,0.0005333155561481284
GLN,119,NE2,GLU,116,OE2,16,0.0005333155561481284
GLN,163,NE2,GLN,163,O,16,0.0005333155561481284
LYS,169,NZ,ASN,209,OD1,16,0.0005333155561481284
LYS,223,NZ,GLU,222,OE1,16,0.0005333155561481284
LYS,234,NZ,GLY,157,O,16,0.0005333155561481284
LYS,288,NZ,TYR,289,OH,16,0.0005333155561481284
SER,348,OG,GLY,351,O,16,0.0005333155561481284
ASP,383,N,ASN,381,ND2,16,0.0005333155561481284
ARG,21,N,ASP,19,O,15,0.0004999833338888704
ARG,21,NH1,GLU,446,OE2,15,0.0004999833338888704
ARG,70,NH1,HM1,464,O2A,15,0.0004999833338888704
ARG,112,NH2,GLU,115,OE1,15,0.0004999833338888704
ARG,117,NH1,SER,153,OG,15,0.0004999833338888704
ASN,172,N,LYS,169,O,15,0.0004999833338888704
GLN,187,NE2,LEU,23,O,15,0.0004999833338888704
ASN,214,ND2,ASN,261,ND2,15,0.0004999833338888704
ASN,214,ND2,ASN,261,O,15,0.0004999833338888704
ALA,232,N,ASP,229,OD1,15,0.0004999833338888704
ASN,250,ND2,SER,249,O,15,0.0004999833338888704
GLN,258,NE2,SER,256,OG,15,0.0004999833338888704
ARG,280,NH2,PRO,454,O,15,0.0004999833338888704
GLN,345,NE2,GLN,345,O,15,0.0004999833338888704
GLN,176,NE2,GLN,205,NE2,14,0.00046665111162961235
SER,182,N,SER,179,O,14,0.00046665111162961235
GLN,258,N,GLN,258,NE2,14,0.00046665111162961235
GLN,258,NE2,ARG,81,NH1,14,0.00046665111162961235
ARG,280,NH1,THR,140,OG1,14,0.00046665111162961235
LEU,312,N,GLN,119,OE1,14,0.00046665111162961235
LEU,334,N,SER,332,OG,14,0.00046665111162961235
HIE,346,N,GLN,345,NE2,14,0.00046665111162961235
THR,347,N,GLN,345,O,14,0.00046665111162961235
TYR,352,OH,LEU,2,O,14,0.00046665111162961235
GLY,412,N,LEU,409,O,14,0.00046665111162961235
ASN,89,ND2,ASN,91,OD1,13,0.0004333188893703543
ASN,91,ND2,HIE,252,O,13,0.0004333188893703543
MET,104,N,VAL,101,O,13,0.0004333188893703543
ARG,105,NH1,ARG,105,O,13,0.0004333188893703543
MET,109,N,PHE,107,O,13,0.0004333188893703543
GLN,123,NE2,ALA,122,O,13,0.0004333188893703543
ARG,130,NH1,ASN,428,O,13,0.0004333188893703543
HIE,161,NE2,GLU,128,OE1,13,0.0004333188893703543
LYS,208,NZ,GLN,205,NE2,13,0.0004333188893703543
LYS,223,NZ,HIE,219,NE2,13,0.0004333188893703543
HID,243,ND1,GLU,247,OE2,13,0.0004333188893703543
TYR,281,N,THR,278,O,13,0.0004333188893703543
HIE,307,NE2,ARG,463,OXT,13,0.0004333188893703543
LYS,317,NZ,HIE,313,NE2,13,0.0004333188893703543
ARG,330,NH2,GLU,327,OE2,13,0.0004333188893703543
HID,341,ND1,GLY,69,O,13,0.0004333188893703543
LEU,442,N,ASP,441,OD1,13,0.0004333188893703543
LYS,451,NZ,TYR,281,OH,13,0.0004333188893703543
ARG,1,NH2,PRO,3,O,12,0.0003999866671110963
ARG,7,NH2,GLN,17,OE1,12,0.0003999866671110963
ARG,20,NE,ARG,20,O,12,0.0003999866671110963
ARG,45,NE,SER,193,OG,12,0.0003999866671110963
ARG,57,NH1,GLU,54,OE2,12,0.0003999866671110963
LEU,125,N,ALA,122,O,12,0.0003999866671110963
GLU,222,N,HIE,219,O,12,0.0003999866671110963
ARG,225,NH1,HIE,257,NE2,12,0.0003999866671110963
ALA,232,N,ASP,229,OD2,12,0.0003999866671110963
TYR,240,OH,SER,256,N,12,0.0003999866671110963
SER,249,N,GLU,245,O,12,0.0003999866671110963
SER,253,N,ALA,251,O,12,0.0003999866671110963
GLN,258,NE2,ASN,214,ND2,12,0.0003999866671110963
ARG,280,NH1,TYR,175,OH,12,0.0003999866671110963
TYR,297,OH,ARG,463,OXT,12,0.0003999866671110963
HIE,307,N,GLY,305,O,12,0.0003999866671110963
HIE,307,NE2,ARG,463,O,12,0.0003999866671110963
LEU,312,N,GLU,115,OE2,12,0.0003999866671110963
PHE,380,N,TYR,289,OH,12,0.0003999866671110963
ALA,391,N,ASN,389,O,12,0.0003999866671110963
ARG,415,N,GLY,410,O,12,0.0003999866671110963
GLN,457,NE2,ASP,138,OD2,12,0.0003999866671110963
GLN,17,NE2,TYR,34,OH,11,0.00036665444485183826
ARG,21,NH1,ARG,21,O,11,0.00036665444485183826
SER,26,OG,ASP,19,OD1,11,0.00036665444485183826
ARG,70,N,SER,68,O,11,0.00036665444485183826
ARG,70,NE,HM1,464,O2A,11,0.00036665444485183826
LYS,72,NZ,GLY,71,O,11,0.00036665444485183826
ARG,105,NH2,LEU,409,O,11,0.00036665444485183826
GLN,119,NE2,GLU,116,OE1,11,0.00036665444485183826
PHE,199,N,LYS,197,O,11,0.00036665444485183826
ARG,280,NH1,GLU,273,OE2,11,0.00036665444485183826
ARG,295,N,VAL,292,O,11,0.00036665444485183826
LYS,317,NZ,VAL,303,O,11,0.00036665444485183826
ARG,406,NH1,PRO,340,O,11,0.00036665444485183826
ARG,463,NH2,SER,430,OG,11,0.00036665444485183826
ARG,21,NH2,GLU,446,OE1,10,0.00033332222259258026
SER,26,OG,ASP,19,O,10,0.00033332222259258026
LYS,33,NZ,LYS,33,O,10,0.00033332222259258026
LYS,72,NZ,LYS,72,O,10,0.00033332222259258026
LYS,72,NZ,SER,193,O,10,0.00033332222259258026
MET,109,N,ASP,106,OD2,10,0.00033332222259258026
ARG,117,NH2,ARG,112,NH2,10,0.00033332222259258026
GLN,119,NE2,GLU,120,OE1,10,0.00033332222259258026
SER,153,OG,LYS,158,O,10,0.00033332222259258026
GLN,163,N,HIE,161,NE2,10,0.00033332222259258026
VAL,221,N,GLY,218,O,10,0.00033332222259258026
LYS,248,N,LYS,246,O,10,0.00033332222259258026
LEU,267,N,THR,264,O,10,0.00033332222259258026
GLU,273,N,ALA,270,O,10,0.00033332222259258026
SER,276,OG,THR,147,OG1,10,0.00033332222259258026
THR,278,N,THR,275,O,10,0.00033332222259258026
ARG,280,NH1,GLU,273,OE1,10,0.00033332222259258026
THR,347,OG1,GLN,345,OE1,10,0.00033332222259258026
LYS,394,NZ,GLU,411,OE1,10,0.00033332222259258026
ARG,406,NH1,ILE,86,O,10,0.00033332222259258026
GLN,457,NE2,THR,455,O,10,0.00033332222259258026
ARG,7,NE,GLN,17,OE1,9,0.0002999900003333222
ALA,66,N,ALA,64,O,9,0.0002999900003333222
SER,68,OG,ARG,70,O,9,0.0002999900003333222
GLY,69,N,ALA,66,O,9,0.0002999900003333222
ARG,81,NE,ARG,81,O,9,0.0002999900003333222
ILE,86,N,SER,266,OG,9,0.0002999900003333222
ARG,92,N,ASN,91,OD1,9,0.0002999900003333222
ARG,98,NH1,LYS,94,O,9,0.0002999900003333222
ARG,112,N,ARG,117,NH2,9,0.0002999900003333222
ARG,117,NH1,SER,153,O,9,0.0002999900003333222
GLN,144,N,PHE,141,O,9,0.0002999900003333222
ARG,159,NH2,HIE,161,ND1,9,0.0002999900003333222
LEU,171,N,LEU,168,O,9,0.0002999900003333222
ASN,214,ND2,LEU,210,O,9,0.0002999900003333222
TYR,216,OH,ASP,164,OD2,9,0.0002999900003333222
ILE,217,N,ASN,214,O,9,0.0002999900003333222
ALA,232,N,MET,109,O,9,0.0002999900003333222
GLU,359,N,PRO,46,O,9,0.0002999900003333222
ARG,406,NH1,GLY,69,O,9,0.0002999900003333222
ARG,406,NH2,PRO,340,O,9,0.0002999900003333222
SER,430,OG,MET,431,O,9,0.0002999900003333222
GLN,445,NE2,SER,179,OG,9,0.0002999900003333222
GLN,457,NE2,MET,137,O,9,0.0002999900003333222
GLN,457,NE2,ASP,138,OD1,9,0.0002999900003333222
ARG,463,NE,SER,430,OG,9,0.0002999900003333222
GLN,17,NE2,LEU,16,O,8,0.0002666577780740642
ARG,21,NH2,GLN,445,O,8,0.0002666577780740642
ARG,29,NH1,SER,26,OG,8,0.0002666577780740642
ASN,89,ND2,PHE,87,O,8,0.0002666577780740642
PHE,99,N,LEU,96,O,8,0.0002666577780740642
SER,113,N,ARG,112,NH1,8,0.0002666577780740642
SER,193,OG,ALA,74,O,8,0.0002666577780740642
ARG,204,NE,HIE,203,NE2,8,0.0002666577780740642
GLN,205,NE2,TYR,207,OH,8,0.0002666577780740642
LYS,246,NZ,ASN,250,OD1,8,0.0002666577780740642
LYS,248,NZ,SER,253,OG,8,0.0002666577780740642
GLN,258,NE2,ASN,259,OD1,8,0.0002666577780740642
THR,275,N,GLY,271,O,8,0.0002666577780740642
ARG,280,NE,THR,140,OG1,8,0.0002666577780740642
ARG,280,NH2,GLU,273,OE2,8,0.0002666577780740642
ARG,298,N,ARG,295,O,8,0.0002666577780740642
ARG,308,NH1,VAL,303,O,8,0.0002666577780740642
HIE,313,N,GLU,311,O,8,0.0002666577780740642
PHE,349,N,THR,347,O,8,0.0002666577780740642
ARG,350,NH2,ALA,55,N,8,0.0002666577780740642
GLY,351,N,SER,348,OG,8,0.0002666577780740642
ASP,378,N,ASP,378,OD1,8,0.0002666577780740642
ASN,389,ND2,ALA,388,O,8,0.0002666577780740642
ASN,389,ND2,ASN,389,O,8,0.0002666577780740642
THR,395,OG1,HIP,384,O,8,0.0002666577780740642
ALA,397,N,GLU,396,OE1,8,0.0002666577780740642
LYS,451,NZ,SER,365,OG,8,0.0002666577780740642
THR,455,OG1,GLN,445,NE2,8,0.0002666577780740642
ARG,1,NH2,TYR,352,OH,7,0.00023332555581480617
ARG,7,NH2,PRO,8,O,7,0.00023332555581480617
LEU,16,N,GLY,13,O,7,0.00023332555581480617
GLN,17,NE2,ARG,7,N,7,0.00023332555581480617
GLN,17,NE2,GLN,17,O,7,0.00023332555581480617
LYS,25,NZ,ARG,21,NH1,7,0.00023332555581480617
ARG,29,NH1,LYS,25,O,7,0.00023332555581480617
ARG,29,NH2,ARG,21,NH2,7,0.00023332555581480617
VAL,37,N,TYR,34,O,7,0.00023332555581480617
SER,68,OG,ASN,89,OD1,7,0.00023332555581480617
ARG,81,NH2,TYR,83,OH,7,0.00023332555581480617
THR,103,OG1,SER,100,O,7,0.00023332555581480617
ARG,112,NH1,GLU,115,OE1,7,0.00023332555581480617
ARG,130,NH2,GLN,123,NE2,7,0.00023332555581480617
LYS,131,NZ,GLU,128,O,7,0.00023332555581480617
GLN,163,NE2,ASP,164,OD1,7,0.00023332555581480617
ILE,181,N,PHE,178,O,7,0.00023332555581480617
ARG,204,NH1,GLN,205,OE1,7,0.00023332555581480617
LYS,223,N,SER,220,O,7,0.00023332555581480617
LYS,223,NZ,GLU,222,OE2,7,0.00023332555581480617
ARG,225,NH2,GLU,245,OE1,7,0.00023332555581480617
ARG,225,NH2,GLU,245,OE2,7,0.00023332555581480617
LYS,234,NZ,GLU,226,OE1,7,0.00023332555581480617
LYS,246,NZ,LYS,246,O,7,0.00023332555581480617
GLN,258,NE2,ARG,81,NH2,7,0.00023332555581480617
PHE,268,N,LEU,265,O,7,0.00023332555581480617
PHE,269,N,SER,266,O,7,0.00023332555581480617
THR,275,N,ALA,270,O,7,0.00023332555581480617
THR,277,OG1,GLU,273,OE1,7,0.00023332555581480617
THR,344,N,SER,68,O,7,0.00023332555581480617
LEU,364,N,MET,337,O,7,0.00023332555581480617
HID,369,ND1,ASP,333,OD1,7,0.00023332555581480617
HIP,384,NE2,GLU,375,OE2,7,0.00023332555581480617
LYS,394,NZ,LEU,392,O,7,0.00023332555581480617
PHE,398,N,GLU,396,O,7,0.00023332555581480617
LYS,405,NZ,SER,68,O,7,0.00023332555581480617
ARG,415,NE,TYR,326,OH,7,0.00023332555581480617
PHE,421,N,LEU,418,O,7,0.00023332555581480617
LEU,461,N,CYS,459,O,7,0.00023332555581480617
ARG,29,NH1,ARG,29,O,6,0.00019999333355554815
LYS,63,N,ALA,59,O,6,0.00019999333355554815
LYS,63,NZ,ASP,62,O,6,0.00019999333355554815
ARG,81,NE,TYR,83,OH,6,0.00019999333355554815
VAL,85,N,SER,266,OG,6,0.00019999333355554815
GLY,90,N,ASN,89,ND2,6,0.00019999333355554815
ARG,92,NH1,ASN,89,OD1,6,0.00019999333355554815
ARG,98,NE,LYS,94,O,6,0.00019999333355554815
ARG,105,NH1,VAL,101,O,6,0.00019999333355554815
LYS,111,NZ,GLY,110,O,6,0.00019999333355554815
ARG,112,NH1,GLY,157,O,6,0.00019999333355554815
GLN,119,NE2,PRO,309,O,6,0.00019999333355554815
LEU,129,N,ILE,126,O,6,0.00019999333355554815
LYS,131,NZ,LYS,131,O,6,0.00019999333355554815
TYR,216,OH,GLU,166,O,6,0.00019999333355554815
ARG,225,NH2,HIE,257,NE2,6,0.00019999333355554815
THR,227,OG1,LEU,228,O,6,0.00019999333355554815
LYS,248,NZ,PHE,255,O,6,0.00019999333355554815
HIE,252,N,ASN,250,O,6,0.00019999333355554815
PHE,283,N,ARG,280,O,6,0.00019999333355554815
LYS,288,NZ,LYS,288,O,6,0.00019999333355554815
ARG,295,NE,HIE,291,ND1,6,0.00019999333355554815
HIE,307,N,ILE,304,O,6,0.00019999333355554815
HIE,313,NE2,GLU,116,OE1,6,0.00019999333355554815
GLN,329,N,TYR,326,O,6,0.00019999333355554815
SER,332,OG,SER,332,O,6,0.00019999333355554815
HIE,346,N,HIE,346,ND1,6,0.00019999333355554815
ALA,379,N,ASP,378,OD1,6,0.00019999333355554815
ALA,391,N,ASN,389,ND2,6,0.00019999333355554815
THR,395,OG1,TYR,373,O,6,0.00019999333355554815
LEU,442,N,ASP,441,OD2,6,0.00019999333355554815
LEU,16,N,ASN,14,O,5,0.00016666111129629013
LYS,25,NZ,GLY,22,O,5,0.00016666111129629013
LYS,33,NZ,GLN,17,OE1,5,0.00016666111129629013
LYS,33,NZ,GLU,32,O,5,0.00016666111129629013
ARG,57,NH2,GLU,58,OE1,5,0.00016666111129629013
LYS,63,NZ,GLU,58,O,5,0.00016666111129629013
LYS,72,NZ,ASN,89,ND2,5,0.00016666111129629013
LYS,72,NZ,GLY,194,O,5,0.00016666111129629013
LYS,72,NZ,ASP,357,OD2,5,0.00016666111129629013
PHE,79,N,ASP,77,O,5,0.00016666111129629013
ARG,81,NE,ASP,77,OD2,5,0.00016666111129629013
ASN,89,N,ARG,92,NH1,5,0.00016666111129629013
ASN,89,ND2,ARG,70,N,5,0.00016666111129629013
ARG,92,NH1,ARG,81,O,5,0.00016666111129629013
ARG,92,NH2,TYR,83,OH,5,0.00016666111129629013
TRP,93,N,ALA,88,O,5,0.00016666111129629013
LEU,96,N,TRP,93,O,5,0.00016666111129629013
GLU,120,N,GLU,120,OE1,5,0.00016666111129629013
GLU,120,N,GLU,120,OE2,5,0.00016666111129629013
GLN,123,NE2,GLN,119,NE2,5,0.00016666111129629013
GLY,134,N,SER,132,O,5,0.00016666111129629013
ASN,149,ND2,TYR,162,OH,5,0.00016666111129629013
VAL,155,N,CYS,152,O,5,0.00016666111129629013
GLN,165,NE2,GLN,163,NE2,5,0.00016666111129629013
TYR,175,OH,GLU,446,OE1,5,0.00016666111129629013
SER,179,OG,TYR,175,OH,5,0.00016666111129629013
TYR,198,OH,PRO,78,O,5,0.00016666111129629013
LYS,208,NZ,GLN,211,NE2,5,0.00016666111129629013
SER,220,OG,ILE,217,O,5,0.00016666111129629013
LYS,234,NZ,ASP,229,O,5,0.00016666111129629013
TYR,240,OH,LEU,260,N,5,0.00016666111129629013
LYS,246,NZ,HID,243,O,5,0.00016666111129629013
SER,249,OG,SER,249,O,5,0.00016666111129629013
HIE,252,N,HIE,252,ND1,5,0.00016666111129629013
HIE,252,NE2,GLU,247,OE2,5,0.00016666111129629013
PHE,255,N,SER,253,O,5,0.00016666111129629013
SER,256,OG,TYR,83,OH,5,0.00016666111129629013
ASN,263,ND2,ASN,263,O,5,0.00016666111129629013
THR,264,N,ASN,261,O,5,0.00016666111129629013
SER,276,OG,GLU,273,O,5,0.00016666111129629013
ARG,295,NE,TYR,320,OH,5,0.00016666111129629013
VAL,296,N,ALA,293,O,5,0.00016666111129629013
TYR,297,OH,GLN,427,O,5,0.00016666111129629013
ARG,298,NE,GLN,302,OE1,5,0.00016666111129629013
GLN,302,NE2,GLU,301,O,5,0.00016666111129629013
GLU,311,N,GLU,311,OE2,5,0.00016666111129629013
VAL,324,N,THR,321,O,5,0.00016666111129629013
TYR,326,OH,ARG,415,NH2,5,0.00016666111129629013
PHE,331,N,ILE,328,O,5,0.00016666111129629013
THR,344,OG1,THR,344,O,5,0.00016666111129629013
GLN,345,N,GLN,345,OE1,5,0.00016666111129629013
LYS,356,NZ,GLN,345,NE2,5,0.00016666111129629013
HIE,372,NE2,ASP,370,OD1,5,0.00016666111129629013
ASP,378,N,ASP,378,OD2,5,0.00016666111129629013
ASN,381,ND2,GLU,375,O,5,0.00016666111129629013
LYS,393,NZ,GLU,375,OE1,5,0.00016666111129629013
LYS,394,NZ,GLU,322,OE2,5,0.00016666111129629013
LYS,394,NZ,THR,395,O,5,0.00016666111129629013
THR,395,OG1,LYS,394,O,5,0.00016666111129629013
THR,395,OG1,THR,395,O,5,0.00016666111129629013
THR,424,OG1,PHE,421,O,5,0.00016666111129629013
GLY,450,N,SER,182,O,5,0.00016666111129629013
ARG,1,NE,TYR,352,OH,4,0.0001333288890370321
ARG,1,NH1,TYR,352,OH,4,0.0001333288890370321
ARG,20,N,ARG,20,NH1,4,0.0001333288890370321
GLY,35,N,GLU,32,O,4,0.0001333288890370321
ARG,45,NH1,PRO,46,O,4,0.0001333288890370321
ARG,57,NH1,TYR,373,OH,4,0.0001333288890370321
SER,68,OG,GLY,69,O,4,0.0001333288890370321
TYR,83,OH,GLN,258,NE2,4,0.0001333288890370321
ASN,89,ND2,GLY,69,N,4,0.0001333288890370321
GLY,90,N,SER,68,OG,4,0.0001333288890370321
ARG,92,NH1,SER,256,OG,4,0.0001333288890370321
ARG,97,NH1,ARG,406,O,4,0.0001333288890370321
ARG,105,NH1,LEU,409,O,4,0.0001333288890370321
MET,109,N,ASP,106,OD1,4,0.0001333288890370321
ARG,112,NE,GLU,120,OE1,4,0.0001333288890370321
GLN,163,NE2,HIE,161,NE2,4,0.0001333288890370321
LYS,169,NZ,GLU,166,O,4,0.0001333288890370321
LYS,169,NZ,GLU,212,O,4,0.0001333288890370321
TYR,175,OH,GLN,445,NE2,4,0.0001333288890370321
GLN,187,NE2,SER,182,O,4,0.0001333288890370321
GLY,201,N,ARG,204,NH2,4,0.0001333288890370321
ARG,204,NE,TYR,198,O,4,0.0001333288890370321
SER,220,OG,HIE,219,ND1,4,0.0001333288890370321
HIP,224,NE2,PHE,156,O,4,0.0001333288890370321
ARG,225,NE,GLU,245,OE2,4,0.0001333288890370321
LYS,248,NZ,SER,249,OG,4,0.0001333288890370321
SER,256,N,SER,253,O,4,0.0001333288890370321
SER,256,OG,ASN,259,OD1,4,0.0001333288890370321
ASN,261,ND2,GLN,258,NE2,4,0.0001333288890370321
SER,276,OG,GLN,144,N,4,0.0001333288890370321
LEU,279,N,SER,276,O,4,0.0001333288890370321
LEU,285,N,GLY,282,O,4,0.0001333288890370321
GLU,311,N,GLU,311,OE1,4,0.0001333288890370321
ARG,315,NE,ARG,415,NH2,4,0.0001333288890370321
ARG,315,NH1,TYR,326,OH,4,0.0001333288890370321
ARG,315,NH2,HIE,313,ND1,4,0.0001333288890370321
ARG,315,NH2,GLY,412,O,4,0.0001333288890370321
TYR,320,OH,ARG,295,NH1,4,0.0001333288890370321
GLU,322,N,PRO,319,O,4,0.0001333288890370321
SER,332,N,ARG,330,O,4,0.0001333288890370321
ARG,350,NH1,ARG,350,O,4,0.0001333288890370321
LYS,376,NZ,ASN,381,OD1,4,0.0001333288890370321
LYS,376,NZ,ASP,383,OD1,4,0.0001333288890370321
ASN,381,ND2,HIP,384,NE2,4,0.0001333288890370321
LYS,393,NZ,THR,395,OG1,4,0.0001333288890370321
ALA,397,N,TYR,373,OH,4,0.0001333288890370321
ALA,414,N,GLU,411,N,4,0.0001333288890370321
ARG,415,N,GLY,412,O,4,0.0001333288890370321
ARG,415,NH2,ARG,315,NH2,4,0.0001333288890370321
ASN,428,ND2,GLN,427,O,4,0.0001333288890370321
SER,430,OG,SER,430,O,4,0.0001333288890370321
GLN,445,NE2,THR,455,O,4,0.0001333288890370321
ARG,463,NH2,ARG,463,OXT,4,0.0001333288890370321
ARG,1,NE,ILE,353,O,3,9.999666677777408e-05
ARG,7,NE,GLY,5,O,3,9.999666677777408e-05
GLN,17,NE2,GLY,13,O,3,9.999666677777408e-05
ARG,21,NH1,GLU,446,OE1,3,9.999666677777408e-05
ARG,31,NH1,CYS,51,O,3,9.999666677777408e-05
ARG,31,NH1,THR,366,O,3,9.999666677777408e-05
ARG,31,NH2,THR,366,O,3,9.999666677777408e-05
ARG,45,NE,ARG,45,O,3,9.999666677777408e-05
ARG,57,NH1,GLU,54,OE1,3,9.999666677777408e-05
ARG,70,N,ALA,88,O,3,9.999666677777408e-05
ARG,70,NH2,PRO,340,O,3,9.999666677777408e-05
ARG,81,NH2,GLN,211,OE1,3,9.999666677777408e-05
GLY,82,N,PHE,80,O,3,9.999666677777408e-05
ARG,92,NE,ASN,89,OD1,3,9.999666677777408e-05
ARG,97,NE,HM1,464,O1D,3,9.999666677777408e-05
ARG,97,NH2,GLY,404,O,3,9.999666677777408e-05
ARG,98,N,VAL,95,O,3,9.999666677777408e-05
ARG,105,NE,VAL,101,O,3,9.999666677777408e-05
ARG,105,NE,MET,104,O,3,9.999666677777408e-05
ARG,105,NE,ASP,106,OD2,3,9.999666677777408e-05
ARG,112,NH1,MET,109,O,3,9.999666677777408e-05
GLU,116,N,GLU,116,OE1,3,9.999666677777408e-05
GLN,119,N,GLN,119,OE1,3,9.999666677777408e-05
SER,132,N,ARG,130,O,3,9.999666677777408e-05
LYS,133,NZ,LYS,133,O,3,9.999666677777408e-05
THR,147,OG1,ALA,148,N,3,9.999666677777408e-05
ARG,159,NE,ASN,149,ND2,3,9.999666677777408e-05
ARG,159,NH1,ARG,159,O,3,9.999666677777408e-05
TYR,175,OH,ARG,280,NH2,3,9.999666677777408e-05
TYR,198,N,LEU,196,O,3,9.999666677777408e-05
ARG,204,NH2,TYR,207,OH,3,9.999666677777408e-05
GLN,205,N,GLN,205,OE1,3,9.999666677777408e-05
GLN,205,NE2,ARG,204,O,3,9.999666677777408e-05
ASN,209,ND2,GLN,176,O,3,9.999666677777408e-05
ASN,209,ND2,THR,177,N,3,9.999666677777408e-05
GLU,226,N,HIP,224,O,3,9.999666677777408e-05
ALA,232,N,PRO,230,O,3,9.999666677777408e-05
ASN,250,ND2,ASN,250,O,3,9.999666677777408e-05
SER,256,OG,ASN,259,ND2,3,9.999666677777408e-05
ASN,259,ND2,ARG,92,NH1,3,9.999666677777408e-05
GLY,271,N,PHE,268,O,3,9.999666677777408e-05
THR,275,OG1,THR,272,O,3,9.999666677777408e-05
THR,275,OG1,GLU,417,OE1,3,9.999666677777408e-05
THR,275,OG1,GLU,417,OE2,3,9.999666677777408e-05
TYR,289,OH,PHE,380,O,3,9.999666677777408e-05
TYR,297,N,GLU,294,O,3,9.999666677777408e-05
ARG,298,NE,GLU,294,O,3,9.999666677777408e-05
HIE,307,NE2,GLN,123,OE1,3,9.999666677777408e-05
HIE,313,NE2,GLU,116,OE2,3,9.999666677777408e-05
ASP,314,N,HIE,313,ND1,3,9.999666677777408e-05
ARG,330,NH2,ASP,378,O,3,9.999666677777408e-05
ARG,330,NH2,ALA,379,O,3,9.999666677777408e-05
THR,344,OG1,ASP,357,OD1,3,9.999666677777408e-05
GLN,345,NE2,ALA,66,N,3,9.999666677777408e-05
LYS,356,NZ,HIE,346,ND1,3,9.999666677777408e-05
ASP,370,N,THR,366,O,3,9.999666677777408e-05
HIE,372,NE2,ASP,370,OD2,3,9.999666677777408e-05
GLU,375,N,TYR,373,O,3,9.999666677777408e-05
HIP,384,N,ASN,381,OD1,3,9.999666677777408e-05
HIP,384,NE2,GLU,375,OE1,3,9.999666677777408e-05
LYS,393,NZ,LEU,392,O,3,9.999666677777408e-05
LYS,394,NZ,LYS,394,O,3,9.999666677777408e-05
ARG,415,NH1,TYR,326,OH,3,9.999666677777408e-05
SER,430,OG,GLU,294,OE1,3,9.999666677777408e-05
ALA,432,N,SER,430,O,3,9.999666677777408e-05
PHE,460,N,ALA,135,O,3,9.999666677777408e-05
ARG,7,NE,ARG,7,O,2,6.666444451851606e-05
LEU,9,N,GLY,13,N,2,6.666444451851606e-05
LEU,11,N,LEU,9,O,2,6.666444451851606e-05
GLY,13,N,LEU,11,O,2,6.666444451851606e-05
MET,18,N,LEU,16,O,2,6.666444451851606e-05
LEU,24,N,GLY,448,O,2,6.666444451851606e-05
SER,26,OG,GLN,17,O,2,6.666444451851606e-05
SER,26,OG,SER,26,O,2,6.666444451851606e-05
ARG,29,NE,GLN,17,O,2,6.666444451851606e-05
ARG,29,NH1,MET,18,O,2,6.666444451851606e-05
ARG,29,NH2,GLN,17,OE1,2,6.666444451851606e-05
ARG,29,NH2,ARG,21,NE,2,6.666444451851606e-05
ARG,31,NE,GLY,35,O,2,6.666444451851606e-05
ARG,31,NH1,ASP,36,N,2,6.666444451851606e-05
ARG,31,NH2,HIE,372,ND1,2,6.666444451851606e-05
ASP,36,N,TYR,34,O,2,6.666444451851606e-05
VAL,37,N,GLY,35,O,2,6.666444451851606e-05
HIE,41,NE2,PRO,10,O,2,6.666444451851606e-05
ARG,45,NE,GLU,190,O,2,6.666444451851606e-05
ARG,57,NH2,GLU,58,OE2,2,6.666444451851606e-05
ALA,64,N,ALA,59,O,2,6.666444451851606e-05
GLY,71,N,HID,341,N,2,6.666444451851606e-05
LYS,72,NZ,ARG,45,NH1,2,6.666444451851606e-05
LYS,72,NZ,ARG,45,NH2,2,6.666444451851606e-05
TYR,83,OH,GLU,254,OE2,2,6.666444451851606e-05
ASN,89,ND2,THR,344,OG1,2,6.666444451851606e-05
ASN,91,N,ASN,89,ND2,2,6.666444451851606e-05
ARG,92,NH2,GLU,254,O,2,6.666444451851606e-05
ARG,97,NH1,GLY,404,O,2,6.666444451851606e-05
SER,100,N,ARG,97,O,2,6.666444451851606e-05
LYS,111,NZ,SER,153,OG,2,6.666444451851606e-05
ARG,112,NH1,LYS,111,O,2,6.666444451851606e-05
ARG,112,NH2,GLU,115,OE2,2,6.666444451851606e-05
ARG,112,NH2,GLU,116,O,2,6.666444451851606e-05
GLU,116,N,GLU,115,OE2,2,6.666444451851606e-05
ARG,117,NE,ARG,112,NH2,2,6.666444451851606e-05
ARG,117,NH1,GLU,116,O,2,6.666444451851606e-05
ARG,117,NH2,PHE,107,O,2,6.666444451851606e-05
GLN,123,N,GLU,121,O,2,6.666444451851606e-05
LYS,133,NZ,GLY,134,O,2,6.666444451851606e-05
LYS,133,NZ,ALA,135,O,2,6.666444451851606e-05
LYS,133,NZ,LEU,136,O,2,6.666444451851606e-05
MET,137,N,ALA,135,O,2,6.666444451851606e-05
PHE,143,N,THR,140,O,2,6.666444451851606e-05
ILE,151,N,ALA,148,O,2,6.666444451851606e-05
SER,153,OG,GLY,157,O,2,6.666444451851606e-05
GLY,157,N,SER,153,O,2,6.666444451851606e-05
LYS,158,NZ,GLY,157,O,2,6.666444451851606e-05
LYS,158,NZ,GLU,166,OE1,2,6.666444451851606e-05
ARG,159,N,ARG,112,NH1,2,6.666444451851606e-05
HIE,161,N,HIE,161,ND1,2,6.666444451851606e-05
GLN,165,N,ASP,164,OD2,2,6.666444451851606e-05
GLN,165,NE2,ASN,172,OD1,2,6.666444451851606e-05
LEU,168,N,GLN,165,O,2,6.666444451851606e-05
ASN,172,ND2,GLN,144,OE1,2,6.666444451851606e-05
TYR,175,OH,THR,140,OG1,2,6.666444451851606e-05
SER,179,N,GLN,176,O,2,6.666444451851606e-05
SER,179,OG,GLN,176,OE1,2,6.666444451851606e-05
GLY,194,N,PHE,192,O,2,6.666444451851606e-05
LYS,197,NZ,LYS,197,O,2,6.666444451851606e-05
HIE,203,NE2,PRO,200,O,2,6.666444451851606e-05
HIE,203,NE2,ARG,204,NH2,2,6.666444451851606e-05
ARG,204,NH2,PRO,200,O,2,6.666444451851606e-05
GLN,205,N,HIE,203,O,2,6.666444451851606e-05
ASN,209,ND2,LEU,210,N,2,6.666444451851606e-05
GLN,211,NE2,ASN,214,ND2,2,6.666444451851606e-05
ARG,225,N,LYS,223,O,2,6.666444451851606e-05
ARG,225,NH1,GLU,245,OE1,2,6.666444451851606e-05
THR,227,OG1,ARG,225,O,2,6.666444451851606e-05
THR,227,OG1,THR,227,O,2,6.666444451851606e-05
LYS,234,NZ,SER,153,O,2,6.666444451851606e-05
LYS,234,NZ,LEU,228,N,2,6.666444451851606e-05
THR,239,OG1,LEU,236,O,2,6.666444451851606e-05
LYS,248,NZ,LYS,248,O,2,6.666444451851606e-05
SER,256,N,ASN,259,ND2,2,6.666444451851606e-05
HIE,257,NE2,GLY,218,O,2,6.666444451851606e-05
GLN,258,NE2,ASN,261,ND2,2,6.666444451851606e-05
ASN,259,ND2,ARG,92,NH2,2,6.666444451851606e-05
ASN,259,ND2,ASN,263,OD1,2,6.666444451851606e-05
ASN,259,ND2,ASN,263,ND2,2,6.666444451851606e-05
GLY,271,N,SER,266,O,2,6.666444451851606e-05
THR,272,OG1,GLN,144,O,2,6.666444451851606e-05
THR,272,OG1,GLY,271,O,2,6.666444451851606e-05
SER,276,OG,THR,272,OG1,2,6.666444451851606e-05
ARG,280,NH1,PRO,453,O,2,6.666444451851606e-05
ARG,280,NH2,GLN,445,OE1,2,6.666444451851606e-05
ARG,295,NE,HIE,291,NE2,2,6.666444451851606e-05
ARG,295,NH2,VAL,292,N,2,6.666444451851606e-05
ARG,298,NH1,GLU,294,O,2,6.666444451851606e-05
ARG,298,NH1,GLN,302,NE2,2,6.666444451851606e-05
ARG,298,NH2,GLN,302,NE2,2,6.666444451851606e-05
ARG,298,NH2,ARG,463,NH2,2,6.666444451851606e-05
GLN,302,NE2,ARG,298,NH2,2,6.666444451851606e-05
HIE,307,NE2,ARG,130,NH1,2,6.666444451851606e-05
LEU,312,N,GLU,115,OE1,2,6.666444451851606e-05
ASP,314,N,GLU,311,OE1,2,6.666444451851606e-05
ARG,315,NH2,ARG,415,NH1,2,6.666444451851606e-05
LYS,317,N,ARG,315,O,2,6.666444451851606e-05
TYR,320,OH,VAL,292,O,2,6.666444451851606e-05
TYR,326,OH,ARG,415,NH1,2,6.666444451851606e-05
GLN,329,NE2,ARG,415,N,2,6.666444451851606e-05
MET,337,N,VAL,449,O,2,6.666444451851606e-05
THR,344,OG1,PHE,67,N,2,6.666444451851606e-05
GLN,345,N,GLN,345,NE2,2,6.666444451851606e-05
SER,348,N,THR,347,OG1,2,6.666444451851606e-05
SER,348,OG,THR,347,O,2,6.666444451851606e-05
SER,348,OG,ILE,353,N,2,6.666444451851606e-05
THR,358,N,LYS,356,O,2,6.666444451851606e-05
THR,358,OG1,ASP,357,O,2,6.666444451851606e-05
HIE,372,NE2,TYR,373,OH,2,6.666444451851606e-05
TYR,373,N,PRO,371,O,2,6.666444451851606e-05
LYS,376,NZ,ASP,378,O,2,6.666444451851606e-05
ALA,379,N,ASP,378,OD2,2,6.666444451851606e-05
ASP,383,N,ASP,383,OD1,2,6.666444451851606e-05
LYS,393,NZ,GLU,375,OE2,2,6.666444451851606e-05
SER,402,OG,ARG,406,NE,2,6.666444451851606e-05
ARG,406,NH2,PHE,67,O,2,6.666444451851606e-05
ARG,406,NH2,ARG,70,NH2,2,6.666444451851606e-05
ARG,406,NH2,MET,337,O,2,6.666444451851606e-05
GLY,412,N,GLY,410,O,2,6.666444451851606e-05
ARG,415,NH2,ARG,315,NH1,2,6.666444451851606e-05
THR,423,N,LEU,420,O,2,6.666444451851606e-05
THR,423,OG1,LEU,420,O,2,6.666444451851606e-05
SER,430,OG,ARG,463,N,2,6.666444451851606e-05
SER,430,OG,ARG,463,NH1,2,6.666444451851606e-05
THR,455,OG1,ASP,138,OD1,2,6.666444451851606e-05
GLN,457,N,GLN,457,OE1,2,6.666444451851606e-05
ARG,463,NH2,ALA,293,O,2,6.666444451851606e-05
ARG,1,N,GLY,351,O,1,3.333222225925803e-05
ARG,1,NH2,ILE,353,O,1,3.333222225925803e-05
ARG,7,NH1,TYR,34,OH,1,3.333222225925803e-05
GLY,13,N,PRO,10,O,1,3.333222225925803e-05
GLY,13,N,GLY,43,O,1,3.333222225925803e-05
GLN,17,N,LEU,15,O,1,3.333222225925803e-05
ASP,19,N,GLN,17,O,1,3.333222225925803e-05
ARG,20,NH2,ASP,19,O,1,3.333222225925803e-05
ARG,21,NH1,ARG,20,NH1,1,3.333222225925803e-05
ARG,21,NH2,LYS,25,O,1,3.333222225925803e-05
LEU,23,N,CYS,447,O,1,3.333222225925803e-05
LYS,25,NZ,ARG,21,NH2,1,3.333222225925803e-05
LYS,25,NZ,LYS,25,O,1,3.333222225925803e-05
LYS,25,NZ,ARG,29,NH2,1,3.333222225925803e-05
ARG,29,NE,LYS,25,O,1,3.333222225925803e-05
ARG,29,NE,ARG,29,O,1,3.333222225925803e-05
ARG,29,NH1,ASP,19,N,1,3.333222225925803e-05
ARG,29,NH2,MET,18,O,1,3.333222225925803e-05
ARG,29,NH2,ASP,19,N,1,3.333222225925803e-05
ARG,29,NH2,LYS,25,O,1,3.333222225925803e-05
ARG,29,NH2,GLU,32,O,1,3.333222225925803e-05
ARG,31,NE,CYS,51,O,1,3.333222225925803e-05
ARG,31,NH2,LEU,28,O,1,3.333222225925803e-05
ARG,31,NH2,CYS,51,O,1,3.333222225925803e-05
GLU,32,N,GLU,32,OE2,1,3.333222225925803e-05
TYR,34,OH,GLY,5,O,1,3.333222225925803e-05
ASP,36,N,ARG,350,NH1,1,3.333222225925803e-05
THR,39,OG1,PRO,3,N,1,3.333222225925803e-05
THR,39,OG1,VAL,48,N,1,3.333222225925803e-05
HIE,41,NE2,PRO,44,O,1,3.333222225925803e-05
LEU,42,N,VAL,40,O,1,3.333222225925803e-05
ARG,45,NH2,LYS,72,O,1,3.333222225925803e-05
GLY,52,N,ILE,363,O,1,3.333222225925803e-05
GLU,54,N,TYR,373,OH,1,3.333222225925803e-05
ARG,57,NE,GLU,54,O,1,3.333222225925803e-05
ARG,57,NH2,GLU,54,O,1,3.333222225925803e-05
LYS,63,NZ,GLN,345,OE1,1,3.333222225925803e-05
GLU,65,N,LYS,63,O,1,3.333222225925803e-05
PHE,67,N,SER,68,OG,1,3.333222225925803e-05
GLY,69,N,ASN,89,OD1,1,3.333222225925803e-05
ARG,70,NH1,TRP,93,NE1,1,3.333222225925803e-05
ARG,70,NH2,ARG,406,O,1,3.333222225925803e-05
LYS,72,NZ,GLU,190,OE1,1,3.333222225925803e-05
LYS,72,NZ,ASP,357,OD1,1,3.333222225925803e-05
ALA,74,N,SER,193,OG,1,3.333222225925803e-05
ARG,81,NH1,GLY,71,O,1,3.333222225925803e-05
ARG,81,NH1,TYR,83,OH,1,3.333222225925803e-05
ARG,81,NH1,TYR,198,OH,1,3.333222225925803e-05
ARG,81,NH2,TYR,198,OH,1,3.333222225925803e-05
ARG,81,NH2,ASN,214,OD1,1,3.333222225925803e-05
TYR,83,N,ARG,81,O,1,3.333222225925803e-05
TYR,83,OH,ARG,81,NH1,1,3.333222225925803e-05
TYR,83,OH,ARG,81,NH2,1,3.333222225925803e-05
ASN,89,ND2,ASN,89,O,1,3.333222225925803e-05
ASN,89,ND2,ASN,91,ND2,1,3.333222225925803e-05
ARG,92,NE,GLU,254,O,1,3.333222225925803e-05
ARG,92,NE,ASN,259,OD1,1,3.333222225925803e-05
ARG,92,NH2,ASN,89,OD1,1,3.333222225925803e-05
ARG,92,NH2,HIE,252,O,1,3.333222225925803e-05
TRP,93,NE1,LYS,405,O,1,3.333222225925803e-05
LYS,94,NZ,ASN,91,ND2,1,3.333222225925803e-05
LYS,94,NZ,ASN,91,O,1,3.333222225925803e-05
ARG,97,N,LYS,94,O,1,3.333222225925803e-05
VAL,101,N,ARG,98,O,1,3.333222225925803e-05
THR,102,N,SER,100,O,1,3.333222225925803e-05
THR,102,OG1,ARG,98,NH2,1,3.333222225925803e-05
ARG,105,NH2,THR,102,OG1,1,3.333222225925803e-05
LYS,111,NZ,LYS,111,O,1,3.333222225925803e-05
ARG,112,N,LYS,234,O,1,3.333222225925803e-05
ARG,112,NE,GLU,120,OE2,1,3.333222225925803e-05
ARG,112,NH1,GLY,108,O,1,3.333222225925803e-05
ARG,112,NH1,ARG,117,NH1,1,3.333222225925803e-05
GLU,116,N,GLU,116,OE2,1,3.333222225925803e-05
ARG,117,NE,ARG,117,N,1,3.333222225925803e-05
ARG,117,NH1,ARG,112,NH1,1,3.333222225925803e-05
ARG,117,NH1,ARG,112,NH2,1,3.333222225925803e-05
ARG,117,NH2,VAL,114,N,1,3.333222225925803e-05
ARG,117,NH2,GLU,116,O,1,3.333222225925803e-05
GLN,119,NE2,GLU,116,N,1,3.333222225925803e-05
GLN,119,NE2,GLU,120,N,1,3.333222225925803e-05
ALA,122,N,GLN,119,O,1,3.333222225925803e-05
GLN,123,NE2,GLU,120,N,1,3.333222225925803e-05
GLN,123,NE2,CYS,124,N,1,3.333222225925803e-05
GLN,123,NE2,ARG,130,NH1,1,3.333222225925803e-05
GLN,123,NE2,ARG,130,NH2,1,3.333222225925803e-05
GLN,123,NE2,HIE,307,O,1,3.333222225925803e-05
ARG,130,NH2,HIE,307,ND1,1,3.333222225925803e-05
SER,132,OG,LYS,131,O,1,3.333222225925803e-05
SER,132,OG,SER,132,O,1,3.333222225925803e-05
SER,132,OG,ALA,135,O,1,3.333222225925803e-05
GLN,144,N,LEU,142,O,1,3.333222225925803e-05
GLN,144,NE2,TYR,175,N,1,3.333222225925803e-05
SER,153,OG,SER,153,O,1,3.333222225925803e-05
LYS,158,NZ,GLU,166,OE2,1,3.333222225925803e-05
ARG,159,NH1,HIE,161,NE2,1,3.333222225925803e-05
TYR,162,N,HIE,161,NE2,1,3.333222225925803e-05
TYR,162,OH,LEU,125,N,1,3.333222225925803e-05
GLN,165,NE2,ASP,164,OD2,1,3.333222225925803e-05
GLN,165,NE2,GLU,166,N,1,3.333222225925803e-05
TYR,175,N,GLN,144,NE2,1,3.333222225925803e-05
TYR,175,OH,THR,455,OG1,1,3.333222225925803e-05
GLN,176,NE2,ALA,202,O,1,3.333222225925803e-05
THR,177,OG1,ASN,209,ND2,1,3.333222225925803e-05
THR,177,OG1,ASN,209,O,1,3.333222225925803e-05
PHE,178,N,TYR,175,O,1,3.333222225925803e-05
SER,179,OG,GLN,445,OE1,1,3.333222225925803e-05
GLN,187,NE2,LEU,188,N,1,3.333222225925803e-05
GLU,190,N,LEU,188,O,1,3.333222225925803e-05
SER,193,OG,ARG,45,NH2,1,3.333222225925803e-05
SER,193,OG,PHE,192,O,1,3.333222225925803e-05
LYS,197,N,PHE,192,O,1,3.333222225925803e-05
LYS,197,NZ,PHE,195,O,1,3.333222225925803e-05
LYS,197,NZ,HIE,203,O,1,3.333222225925803e-05
LYS,197,NZ,ARG,204,O,1,3.333222225925803e-05
TYR,198,OH,ASP,77,OD2,1,3.333222225925803e-05
TYR,198,OH,PHE,195,O,1,3.333222225925803e-05
GLY,201,N,ARG,204,NH1,1,3.333222225925803e-05
ARG,204,NE,PRO,200,O,1,3.333222225925803e-05
ARG,204,NH1,TYR,207,OH,1,3.333222225925803e-05
ARG,204,NH2,PHE,199,N,1,3.333222225925803e-05
ARG,204,NH2,PRO,200,N,1,3.333222225925803e-05
GLN,205,NE2,GLN,176,NE2,1,3.333222225925803e-05
GLN,205,NE2,GLN,176,O,1,3.333222225925803e-05
TYR,207,OH,VAL,76,N,1,3.333222225925803e-05
TYR,207,OH,HIE,203,O,1,3.333222225925803e-05
LYS,208,N,VAL,206,O,1,3.333222225925803e-05
LYS,208,NZ,GLN,205,O,1,3.333222225925803e-05
ASN,209,N,TYR,207,O,1,3.333222225925803e-05
ASN,209,ND2,ASN,209,O,1,3.333222225925803e-05
HIE,219,NE2,GLU,166,OE2,1,3.333222225925803e-05
HIP,224,NE2,ASP,238,OD2,1,3.333222225925803e-05
ARG,225,NE,GLU,222,O,1,3.333222225925803e-05
ARG,225,NE,HIE,257,NE2,1,3.333222225925803e-05
ARG,225,NH1,ARG,225,O,1,3.333222225925803e-05
ARG,225,NH1,GLU,245,OE2,1,3.333222225925803e-05
GLU,226,N,GLU,226,OE1,1,3.333222225925803e-05
LEU,228,N,ASP,229,OD1,1,3.333222225925803e-05
ASP,229,N,ASP,238,OD1,1,3.333222225925803e-05
ASP,229,N,ASP,238,OD2,1,3.333222225925803e-05
SER,231,OG,MET,109,O,1,3.333222225925803e-05
LYS,234,N,ALA,232,O,1,3.333222225925803e-05
LYS,234,NZ,PHE,156,O,1,3.333222225925803e-05
LYS,234,NZ,GLU,226,OE2,1,3.333222225925803e-05
LYS,234,NZ,PRO,233,O,1,3.333222225925803e-05
LYS,234,NZ,ASP,235,OD2,1,3.333222225925803e-05
THR,239,N,LEU,236,O,1,3.333222225925803e-05
LEU,241,N,ASP,238,O,1,3.333222225925803e-05
ASN,250,ND2,LYS,246,O,1,3.333222225925803e-05
ASN,250,ND2,SER,253,OG,1,3.333222225925803e-05
ALA,251,N,ASN,250,ND2,1,3.333222225925803e-05
SER,253,OG,MET,244,O,1,3.333222225925803e-05
SER,253,OG,SER,253,O,1,3.333222225925803e-05
GLU,254,N,HIE,252,O,1,3.333222225925803e-05
SER,256,N,SER,253,OG,1,3.333222225925803e-05
SER,256,OG,ALA,251,O,1,3.333222225925803e-05
SER,256,OG,PHE,255,O,1,3.333222225925803e-05
SER,256,OG,GLN,258,NE2,1,3.333222225925803e-05
HIE,257,NE2,VAL,221,O,1,3.333222225925803e-05
HIE,257,NE2,ARG,225,NH1,1,3.333222225925803e-05
HIE,257,NE2,GLN,258,NE2,1,3.333222225925803e-05
ASN,259,ND2,SER,256,N,1,3.333222225925803e-05
ASN,261,ND2,GLN,258,O,1,3.333222225925803e-05
LEU,262,N,ASN,261,ND2,1,3.333222225925803e-05
THR,264,N,ASN,259,O,1,3.333222225925803e-05
LEU,265,N,LEU,262,O,1,3.333222225925803e-05
SER,266,OG,SER,266,O,1,3.333222225925803e-05
THR,272,N,ALA,270,O,1,3.333222225925803e-05
THR,272,OG1,ALA,148,N,1,3.333222225925803e-05
THR,274,OG1,GLU,273,O,1,3.333222225925803e-05
THR,275,N,THR,272,O,1,3.333222225925803e-05
THR,275,OG1,THR,147,OG1,1,3.333222225925803e-05
THR,277,N,THR,274,O,1,3.333222225925803e-05
ARG,280,NE,ASP,138,OD2,1,3.333222225925803e-05
ARG,280,NH2,ASP,138,OD1,1,3.333222225925803e-05
ARG,280,NH2,ASP,138,OD2,1,3.333222225925803e-05
ARG,280,NH2,TYR,175,OH,1,3.333222225925803e-05
ARG,280,NH2,THR,455,OG1,1,3.333222225925803e-05
ARG,295,NE,ARG,295,O,1,3.333222225925803e-05
ARG,295,NH1,GLU,299,OE1,1,3.333222225925803e-05
ARG,295,NH2,GLN,302,OE1,1,3.333222225925803e-05
ARG,295,NH2,TYR,320,OH,1,3.333222225925803e-05
TYR,297,OH,ARG,298,NH1,1,3.333222225925803e-05
TYR,297,OH,ARG,463,O,1,3.333222225925803e-05
ARG,298,NE,GLN,302,NE2,1,3.333222225925803e-05
GLU,299,N,TYR,297,O,1,3.333222225925803e-05
GLN,302,NE2,GLU,299,N,1,3.333222225925803e-05
HIE,307,N,GLN,427,NE2,1,3.333222225925803e-05
HIE,307,NE2,ILE,304,O,1,3.333222225925803e-05
GLU,311,N,ARG,308,NH1,1,3.333222225925803e-05
GLU,311,N,PRO,309,O,1,3.333222225925803e-05
ASP,314,N,GLU,311,OE2,1,3.333222225925803e-05
ARG,315,NH1,ARG,415,NH1,1,3.333222225925803e-05
ARG,315,NH1,ARG,415,NH2,1,3.333222225925803e-05
THR,321,N,MET,318,O,1,3.333222225925803e-05
TYR,326,N,ALA,323,O,1,3.333222225925803e-05
GLN,329,NE2,ILE,325,O,1,3.333222225925803e-05
GLN,329,NE2,ALA,414,O,1,3.333222225925803e-05
ASP,333,N,ASP,333,OD1,1,3.333222225925803e-05
GLY,338,N,VAL,449,O,1,3.333222225925803e-05
HID,341,ND1,ARG,70,NH2,1,3.333222225925803e-05
ILE,342,N,PHE,67,O,1,3.333222225925803e-05
ILE,342,N,GLY,69,N,1,3.333222225925803e-05
THR,344,N,ILE,342,O,1,3.333222225925803e-05
THR,347,OG1,ALA,66,O,1,3.333222225925803e-05
THR,347,OG1,GLN,345,NE2,1,3.333222225925803e-05
SER,348,OG,SER,348,O,1,3.333222225925803e-05
ARG,350,NH1,ALA,55,N,1,3.333222225925803e-05
ILE,353,N,ARG,1,NH2,1,3.333222225925803e-05
LEU,364,N,PRO,336,O,1,3.333222225925803e-05
ALA,367,N,SER,365,O,1,3.333222225925803e-05
HID,369,ND1,LEU,368,O,1,3.333222225925803e-05
LYS,393,NZ,TYR,373,OH,1,3.333222225925803e-05
LYS,393,NZ,TYR,373,O,1,3.333222225925803e-05
LYS,394,NZ,GLU,411,OE2,1,3.333222225925803e-05
THR,395,OG1,LYS,393,O,1,3.333222225925803e-05
GLU,396,N,TYR,373,OH,1,3.333222225925803e-05
ALA,397,N,GLU,396,OE2,1,3.333222225925803e-05
ILE,399,N,ALA,367,O,1,3.333222225925803e-05
SER,402,OG,LEU,403,O,1,3.333222225925803e-05
LEU,403,N,ARG,406,O,1,3.333222225925803e-05
LYS,405,NZ,ASN,89,OD1,1,3.333222225925803e-05
ARG,406,NE,SER,402,OG,1,3.333222225925803e-05
ARG,406,NH1,TRP,93,NE1,1,3.333222225925803e-05
ARG,406,NH2,SER,68,OG,1,3.333222225925803e-05
ARG,406,NH2,GLY,69,N,1,3.333222225925803e-05
ARG,406,NH2,VAL,85,O,1,3.333222225925803e-05
ARG,406,NH2,ASN,89,OD1,1,3.333222225925803e-05
ILE,407,N,ARG,97,NH2,1,3.333222225925803e-05
ARG,415,NH1,ARG,315,NH1,1,3.333222225925803e-05
ARG,415,NH1,ARG,315,NH2,1,3.333222225925803e-05
ARG,415,NH1,TYR,326,N,1,3.333222225925803e-05
ARG,415,NH2,ARG,315,NE,1,3.333222225925803e-05
GLU,417,N,GLU,417,OE2,1,3.333222225925803e-05
THR,424,OG1,ALA,122,O,1,3.333222225925803e-05
ASN,428,ND2,HIE,307,O,1,3.333222225925803e-05
SER,430,OG,GLU,294,OE2,1,3.333222225925803e-05
SER,430,OG,ARG,463,NH2,1,3.333222225925803e-05
MET,431,N,PHE,429,O,1,3.333222225925803e-05
SER,433,OG,ALA,432,O,1,3.333222225925803e-05
THR,443,N,ASP,441,O,1,3.333222225925803e-05
GLY,448,N,GLU,446,O,1,3.333222225925803e-05
VAL,449,N,GLY,450,O,1,3.333222225925803e-05
GLN,457,N,GLN,457,NE2,1,3.333222225925803e-05
ARG,463,N,PHE,429,N,1,3.333222225925803e-05
ARG,463,NH1,ARG,298,NH2,1,3.333222225925803e-05
ARG,463,NH1,GLN,427,O,1,3.333222225925803e-05
ARG,463,NH2,ARG,463,O,1,3.333222225925803e-05
