donor_resname,donor_resid,donor_atom,acceptor_resname,acceptor_resid,acceptor_atom,count,frequency
THR,321,OG1,GLU,299,OE1,29475,0.9824672510916302
ARG,330,NH2,GLU,327,OE1,28803,0.9600679977334089
ASN,381,N,GLU,327,OE1,28770,0.9589680343988534
THR,424,OG1,LEU,420,O,28560,0.9519682677244092
LEU,168,N,ASP,164,O,28210,0.9403019899336689
THR,239,OG1,ASP,235,O,28166,0.9388353721542615
ARG,330,NE,GLU,327,OE2,28129,0.937602079930669
ALA,414,N,GLY,410,O,28087,0.9362021265957802
VAL,343,N,THR,358,O,28062,0.9353688210392986
PHE,178,N,PHE,174,O,27958,0.9319022699243359
VAL,40,N,VAL,47,O,27953,0.9317356088130395
GLU,301,N,TYR,297,O,27874,0.9291023632545582
LEU,426,N,PHE,422,O,27862,0.928702376587447
PHE,143,N,PRO,139,O,27848,0.9282357254758175
PHE,361,N,VAL,48,O,27713,0.9237358754708176
PHE,349,N,TYR,352,O,27561,0.9186693776874104
ARG,330,NH1,LEU,368,O,27532,0.9177027432418919
THR,177,OG1,LEU,173,O,27443,0.914736175460818
GLN,427,NE2,ARG,308,O,27441,0.9146695110162995
HIP,384,N,ASN,381,O,27292,0.90970300989967
THR,423,OG1,PHE,419,O,27229,0.9076030798973368
ILE,146,N,LEU,142,O,27131,0.9043365221159295
ILE,458,N,MET,137,O,27099,0.9032698910036332
GLN,176,N,ASN,172,O,27029,0.9009366354454852
PHE,421,N,GLU,417,O,26914,0.8971034298856705
PHE,385,N,PRO,382,O,26866,0.8955034832172261
VAL,101,N,ARG,97,O,26844,0.8947701743275224
ARG,70,NH1,ILE,86,O,26820,0.8939702009933003
THR,366,OG1,ILE,363,O,26747,0.8915369487683744
MET,49,N,PHE,38,O,26645,0.8881370620979301
THR,423,N,PHE,419,O,26479,0.8826039132028932
VAL,48,N,GLU,359,O,26334,0.8777707409753008
PHE,283,N,LEU,279,O,26321,0.8773374220859305
ASN,428,ND2,THR,424,O,26300,0.8766374454184861
ILE,363,N,LEU,50,O,26128,0.8709043031898936
TYR,456,OH,ARG,280,O,26116,0.8705043165227826
LEU,241,N,ILE,237,O,26094,0.8697710076330789
GLY,305,N,ILE,300,O,25893,0.863071230958968
ASP,164,N,HIE,161,O,25879,0.8626045798473384
THR,278,OG1,THR,274,O,25830,0.8609713009566348
ASN,14,N,HIE,41,O,25742,0.8580380653978201
LEU,265,N,ASN,261,O,25704,0.8567714409519682
THR,264,OG1,LEU,260,O,25691,0.856338122062598
SER,430,N,LEU,461,O,25683,0.8560714642845239
HID,341,N,VAL,360,O,25470,0.8489717009433019
ARG,406,NH2,ALA,88,O,25460,0.8486383787207094
VAL,155,N,ILE,151,O,25370,0.8456384787173761
VAL,95,N,ASN,91,O,25332,0.8443718542715243
LYS,94,N,GLY,90,O,25326,0.8441718609379687
VAL,360,N,HID,341,O,25299,0.8432718909369687
PHE,160,N,ASN,149,OD1,25278,0.8425719142695244
ILE,217,N,ILE,213,O,25123,0.8374054198193394
TYR,326,N,GLU,322,O,24927,0.8308723042565248
ASP,387,N,ALA,391,O,24792,0.826372454251525
THR,358,OG1,PRO,355,O,24649,0.8216059464684511
ARG,98,N,LYS,94,O,24640,0.8213059564681178
LEU,9,N,GLY,13,O,24629,0.8209393020232659
HIE,41,N,ASN,14,OD1,24530,0.8176394120195993
CYS,152,N,ALA,148,O,24511,0.8170060997966735
LEU,210,N,VAL,206,O,24493,0.8164061197960067
SER,145,OG,PHE,141,O,24487,0.8162061264624513
SER,183,OG,LEU,180,O,24360,0.8119729342355255
ILE,300,N,VAL,296,O,24349,0.8116062797906737
SER,26,OG,GLY,22,O,24304,0.810106329789007
THR,39,N,PRO,4,O,24291,0.8096730108996367
MET,137,N,ILE,458,O,24284,0.8094396853438218
PHE,80,N,VAL,76,O,24280,0.8093063564547849
LEU,28,N,LEU,24,O,24192,0.8063731208959701
GLY,71,N,PRO,340,O,24184,0.806106463117896
ARG,57,N,VAL,53,O,24055,0.8018066064464517
ARG,31,N,PHE,27,O,23999,0.7999400019999333
ILE,354,N,THR,347,O,23998,0.7999066697776741
THR,321,N,GLU,299,OE1,23795,0.7931402286590447
LYS,356,N,HIE,346,ND1,23782,0.7927069097696744
GLY,52,N,THR,366,OG1,23698,0.7899070030998967
PHE,99,N,VAL,95,O,23570,0.7856404786507116
ILE,181,N,THR,177,O,23489,0.7829405686477118
THR,347,N,ILE,354,O,23452,0.7817072764241192
GLU,322,N,MET,318,O,23435,0.7811406286457118
ARG,406,NH1,HM1,464,O2D,23434,0.7811072964234526
TYR,281,N,THR,277,O,23373,0.7790740308656378
MET,244,N,TYR,240,O,23293,0.7764074530848972
PHE,192,N,LEU,188,O,23283,0.7760741308623046
ARG,280,N,SER,276,O,23281,0.7760074664177861
PHE,27,N,LEU,23,O,23256,0.7751741608613046
GLN,329,N,ILE,325,O,23250,0.7749741675277491
ALA,122,N,ILE,118,O,23207,0.773540881970601
SER,182,N,PHE,178,O,23140,0.7713076230792307
LEU,129,N,LEU,125,O,23133,0.7710742975234159
VAL,303,N,GLU,299,O,23079,0.7692743575214159
GLN,427,NE2,GLY,305,O,23018,0.7672410919636012
LEU,420,N,ALA,416,O,22988,0.7662411252958234
THR,277,OG1,GLU,273,O,22924,0.7641078630712309
LEU,60,N,ILE,56,O,22893,0.763074564181194
PHE,331,N,GLU,327,O,22884,0.7627745741808606
LEU,50,N,PHE,361,O,22868,0.7622412586247125
LEU,285,N,TYR,281,O,22769,0.758941368621046
THR,264,N,LEU,260,O,22763,0.7587413752874904
LYS,393,N,PHE,385,O,22706,0.7568414386187127
VAL,324,N,TYR,320,O,22701,0.7566747775074164
PHE,269,N,LEU,265,O,22698,0.7565747808406387
ALA,148,N,GLN,144,O,22605,0.7534748841705277
THR,347,OG1,GLN,345,O,22605,0.7534748841705277
THR,103,OG1,PHE,99,O,22564,0.752108263057898
LEU,461,N,SER,430,O,22548,0.7515749475017499
GLN,119,N,GLU,115,O,22533,0.7510749641678611
GLU,222,N,GLY,218,O,22524,0.7507749741675277
LEU,279,N,THR,275,O,22480,0.7493083563881204
LYS,317,N,ASP,314,O,22461,0.7486750441651945
THR,424,N,LEU,420,O,22345,0.7448085063831206
ASP,383,N,ASN,381,OD1,22325,0.7441418619379354
ASN,263,N,ASN,259,O,22196,0.7398420052664911
TYR,175,N,LEU,171,O,22005,0.7334755508149728
VAL,221,N,ILE,217,O,21855,0.7284757174760841
SER,276,N,THR,272,O,21818,0.7272424252524916
SER,433,OG,GLN,457,O,21808,0.726909103029899
TYR,34,N,PHE,30,O,21784,0.7261091296956768
GLU,417,N,ILE,413,O,21780,0.7259758008066398
THR,277,N,GLU,273,O,21743,0.7247425085830472
VAL,206,N,ALA,202,O,21735,0.7244758508049731
ILE,126,N,ALA,122,O,21719,0.723942535248825
LEU,196,N,PHE,192,O,21635,0.7211426285790473
ALA,323,N,PRO,319,O,21631,0.7210092996900104
ASN,214,N,LEU,210,O,21598,0.7199093363554548
ILE,56,N,GLY,52,O,21437,0.7145428485717142
LEU,171,N,PHE,167,O,21309,0.7102763241225293
LYS,208,N,ARG,204,O,21262,0.7087097096763442
GLU,327,N,ALA,323,O,21227,0.7075430818972701
THR,102,OG1,ARG,98,O,21160,0.7053098230058998
LEU,188,N,VAL,184,O,21100,0.7033098896703444
ARG,415,NH2,GLU,322,OE1,21072,0.7023765874470851
PHE,38,N,MET,49,O,20988,0.6995766807773074
TYR,297,N,ALA,293,O,20963,0.698743375220826
ASN,14,ND2,GLN,17,OE1,20897,0.6965434485517149
TYR,83,N,PHE,80,O,20895,0.6964767841071964
TYR,352,N,PHE,349,O,20883,0.6960767974400853
LEU,173,N,LYS,169,O,20701,0.6900103329889004
VAL,296,N,VAL,292,O,20696,0.6898436718776041
LEU,236,N,ILE,154,O,20693,0.6897436752108264
ILE,325,N,THR,321,O,20687,0.6895436818772708
THR,275,OG1,GLY,271,O,20681,0.6893436885437152
LYS,223,N,HIE,219,O,20656,0.6885103829872338
THR,275,N,GLY,271,O,20615,0.6871437618746041
LYS,63,N,GLU,58,O,20465,0.6821439285357155
ILE,328,N,VAL,324,O,20451,0.6816772774240859
THR,39,OG1,PRO,3,O,20438,0.6812439585347155
SER,100,N,LEU,96,O,20432,0.68104396520116
ARG,97,N,TRP,93,O,20401,0.680010666311123
GLY,22,N,ASP,19,O,20288,0.6762441251958268
ARG,308,NH1,PRO,309,O,20243,0.6747441751941602
ASN,149,N,SER,145,O,20194,0.6731108963034566
PHE,422,N,LEU,418,O,20149,0.67161094630179
ASN,209,N,GLN,205,O,20144,0.6714442851904936
MET,318,N,ARG,315,O,20098,0.6699110029665678
ARG,459,N,ALA,432,O,20084,0.6694443518549381
LEU,125,N,GLU,121,O,20012,0.6670444318522716
ARG,159,NH2,GLU,121,OE1,19899,0.6632778907369754
ARG,415,NH1,GLU,322,OE2,19808,0.6602446585113829
ARG,159,NE,GLU,121,OE2,19805,0.6601446618446052
THR,344,N,ALA,66,O,19778,0.6592446918436052
CYS,51,N,ASP,36,O,19641,0.6546781773940868
ARG,70,NH1,HM1,464,O1A,19639,0.6546115129495683
GLN,211,N,TYR,207,O,19573,0.6524115862804574
ASN,14,ND2,PRO,6,O,19549,0.6516116129462352
MET,104,N,SER,100,O,19401,0.6466784440518649
ALA,59,N,ALA,55,O,19287,0.6428785707143095
ASN,149,ND2,PHE,160,O,19226,0.6408453051564947
PHE,398,N,THR,395,O,19173,0.6390786973767542
ASN,149,ND2,GLU,121,OE1,19170,0.6389787007099763
ARG,298,N,GLU,294,O,19166,0.6388453718209393
GLY,218,N,ASN,214,O,19118,0.6372454251524949
ASP,19,N,SER,26,OG,19064,0.635445485150495
MET,286,N,GLY,282,O,19051,0.6350121662611247
ARG,308,NH1,ASP,314,OD2,18953,0.6317456084797174
ARG,45,NH2,GLU,190,OE1,18933,0.6310789640345322
THR,102,N,ARG,98,O,18898,0.6299123362554582
PHE,30,N,SER,26,O,18854,0.6284457184760508
PHE,374,N,ASP,370,O,18796,0.6265124495850138
VAL,76,N,ILE,73,O,18772,0.6257124762507916
SER,179,N,TYR,175,O,18770,0.6256458118062731
TYR,320,N,GLU,299,OE2,18732,0.6243791873604213
LEU,368,N,LEU,364,O,18710,0.6236458784707176
TYR,207,N,HIE,203,O,18707,0.6235458818039399
ASP,238,N,ASP,235,OD1,18665,0.622145928469051
PHE,174,N,MET,170,O,18548,0.6182460584647178
HID,243,ND1,THR,239,O,18513,0.6170794306856439
SER,179,OG,TYR,175,O,18450,0.6149795006833105
GLY,338,N,LEU,335,O,18438,0.6145795140161995
ASN,250,N,GLU,247,O,18380,0.6126462451251625
THR,278,N,THR,274,O,18333,0.6110796306789774
GLN,187,N,SER,183,O,18325,0.6108129729009033
ASP,370,N,ALA,367,O,18218,0.6072464251191627
GLY,450,N,LEU,334,O,18108,0.6035798806706443
ALA,432,N,ARG,459,O,18088,0.6029132362254591
GLY,282,N,THR,278,O,18084,0.6027799073364222
ASN,172,N,LEU,168,O,17916,0.5971800939968668
GLN,119,NE2,PRO,310,O,17834,0.5944468517716076
LEU,260,N,SER,256,O,17815,0.5938135395486817
TYR,162,OH,GLU,121,OE1,17790,0.5929802339922002
SER,153,N,ASN,149,O,17531,0.5843471884270525
ALA,270,N,SER,266,O,17471,0.582347255091497
ARG,308,NH2,ASP,314,OD1,17442,0.5813806206459785
GLN,445,N,ILE,452,O,17319,0.5772807573080897
ARG,225,N,VAL,221,O,17280,0.5759808006399787
GLU,247,N,HID,243,O,17228,0.5742475250824972
SER,193,N,PHE,189,O,17073,0.5690810306323123
THR,366,N,ILE,363,O,17017,0.5672144261857938
SER,145,N,PHE,141,O,16999,0.5666144461851271
GLU,294,N,PRO,290,O,16857,0.5618812706243125
LYS,288,NZ,ILE,440,O,16749,0.5582813906203127
THR,140,OG1,ASP,138,OD2,16705,0.5568147728409053
PHE,195,N,PHE,192,O,16630,0.5543148561714609
ASN,259,ND2,GLU,254,O,16579,0.5526149128362388
LYS,288,N,LEU,284,O,16566,0.5521815939468684
SER,100,OG,LEU,96,O,16433,0.5477484083863872
GLU,121,N,ARG,117,O,16432,0.5477150761641278
GLU,226,N,GLU,222,O,16326,0.5441818606046465
ARG,117,NH1,SER,153,OG,16278,0.5425819139362021
THR,239,N,ASP,235,O,16266,0.542181927269091
ARG,295,N,HIE,291,O,16199,0.5399486683777207
PHE,255,N,SER,253,OG,16175,0.5391486950434986
ARG,45,NH2,GLU,190,O,16065,0.5354821505949802
HIP,224,N,SER,220,O,15981,0.5326822439252025
ARG,130,N,ILE,126,O,15951,0.5316822772574248
SER,193,OG,PHE,189,O,15889,0.5296156794773508
ASP,314,N,GLU,311,O,15807,0.5268824372520916
GLU,32,N,LEU,28,O,15776,0.5258491383620546
SER,256,N,TYR,240,OH,15745,0.5248158394720176
THR,227,OG1,LYS,223,O,15717,0.5238825372487583
ALA,416,N,ILE,413,O,15639,0.5212826239125362
THR,140,N,ASP,138,OD2,15580,0.51931602279924
TRP,93,NE1,HM1,464,O1D,15490,0.5163161227959068
TYR,373,N,ASP,370,O,15431,0.5143495216826106
GLU,58,N,GLU,54,O,15390,0.512982900569981
ARG,81,N,ASP,77,O,15384,0.5127829072364255
GLN,144,N,THR,140,O,15306,0.5101829939002033
LYS,451,NZ,ASP,333,OD1,15303,0.5100829972334255
THR,443,OG1,ASP,441,OD2,15218,0.5072497583413886
ALA,215,N,GLN,211,O,15115,0.5038165394486851
HIP,384,ND1,GLU,327,OE2,15062,0.5020499316689444
GLU,120,N,GLU,116,O,15005,0.5001499950001667
ILE,213,N,ASN,209,O,14995,0.4998166727775741
CYS,124,N,GLU,120,O,14843,0.49475017499416685
ARG,70,NH2,HM1,464,O2A,14763,0.4920835972134262
PHE,429,N,ILE,425,O,14708,0.49025032498916704
SER,332,N,ILE,328,O,14678,0.4892503583213893
HID,243,N,THR,239,O,14648,0.48825039165361156
TYR,289,N,LEU,285,O,14643,0.48808373054231524
LEU,262,N,GLN,258,O,14570,0.48565047831738944
GLY,390,N,ASP,387,O,14537,0.4845505149828339
ARG,21,N,ASP,19,OD1,14520,0.48398386720442654
ALA,74,N,GLU,190,OE2,14454,0.4817839405353155
LYS,246,N,LEU,242,O,14418,0.4805839805339822
GLN,17,NE2,ARG,7,O,14383,0.47941735275490815
TYR,240,N,LEU,236,O,14335,0.4778174060864638
ARG,92,NH1,GLY,82,O,14240,0.4746508449718343
ARG,29,N,LYS,25,O,14205,0.47348421719276024
SER,231,OG,ASP,229,OD2,14166,0.4721842605246492
GLU,127,N,GLN,123,O,14165,0.4721509283023899
SER,266,OG,LEU,262,O,14039,0.4679510682977234
LEU,96,N,ARG,92,O,14026,0.46751774940835306
LEU,242,N,ASP,238,O,13580,0.452651578280724
GLY,134,N,PHE,460,O,13480,0.4493183560547982
HID,369,ND1,SER,365,O,13466,0.44885170494316856
LEU,418,N,GLU,417,OE2,13460,0.44865171160961304
LYS,288,NZ,PRO,437,O,13449,0.4482850571647612
THR,103,N,PHE,99,O,13431,0.4476850771640945
LEU,180,N,GLN,176,O,13345,0.44481850604979833
ASN,259,N,SER,256,OG,13289,0.4429519016032799
LEU,191,N,LEU,188,O,13271,0.4423519216026133
SER,365,N,PRO,336,O,13269,0.44228525715809475
THR,443,N,ASP,441,OD2,13201,0.4400186660444652
TYR,281,OH,LYS,451,O,13142,0.43805206493116894
ASP,77,N,ILE,73,O,13105,0.4368187727075764
LYS,234,N,ASP,238,OD2,12927,0.4308856371454285
SER,132,OG,GLU,128,O,12827,0.4275524149195027
THR,443,OG1,ASP,441,OD1,12812,0.4270524315856138
TRP,93,N,ASN,89,O,12753,0.42508583047231757
ASP,357,N,VAL,343,O,12735,0.42448585047165094
HIE,372,N,ASP,370,OD1,12640,0.42131928935702145
GLN,427,N,THR,423,O,12613,0.42041931935602145
GLY,186,N,SER,183,OG,12562,0.4187193760207993
ASN,261,N,HIE,257,O,12503,0.41675277490750307
MET,170,N,GLU,166,O,12383,0.4127529082363921
ILE,118,N,VAL,114,O,12380,0.41265291156961437
HIP,224,ND1,SER,220,O,12292,0.4097196760107996
ARG,21,NE,ASP,19,OD1,12232,0.40771974267524413
ARG,21,N,ASP,19,OD2,12120,0.4039865337822073
THR,177,N,LEU,173,O,12119,0.403953201559948
LEU,284,N,ARG,280,O,12067,0.4022199260024666
LYS,131,N,GLU,127,O,12066,0.4021865937802073
SER,266,N,LEU,262,O,12060,0.4019866004466518
HIP,384,NE2,GLU,375,O,11875,0.39582013932868904
SER,332,OG,ILE,328,O,11838,0.3945868471050965
ASN,89,ND2,ARG,70,O,11804,0.3934535515482817
ARG,330,N,TYR,326,O,11750,0.3916536115462818
GLN,123,N,GLN,119,O,11733,0.3910869637678744
GLU,128,N,CYS,124,O,11729,0.3909536348788374
THR,140,OG1,ASP,138,OD1,11725,0.39082030598980033
ARG,45,NH1,GLU,359,OE2,11708,0.39025365821139296
VAL,292,N,TYR,289,O,11652,0.3883870537648745
SER,231,OG,ASP,229,OD1,11645,0.3881537282090597
TYR,216,N,GLU,212,O,11572,0.38572047598413384
LYS,169,N,GLN,165,O,11560,0.3853204893170228
SER,231,N,ASP,229,OD2,11560,0.3853204893170228
SER,26,N,GLY,22,O,11516,0.3838538715376154
ALA,397,N,THR,395,OG1,11454,0.3817872737575414
ARG,463,N,ASN,428,O,11432,0.3810539648678377
SER,68,OG,GLU,65,O,11407,0.3802206593113563
ASP,62,N,ARG,57,O,11340,0.377987400419986
HIE,372,N,ASP,370,OD2,11339,0.37795406819772676
SER,402,N,ILE,399,O,11337,0.37788740375320823
ARG,315,NH1,ARG,415,O,11333,0.3777540748641712
ARG,280,NH1,SER,276,OG,11313,0.377087430418986
ARG,21,NH2,ASP,19,OD2,11307,0.3768874370854305
SER,276,OG,PHE,143,O,11306,0.3768541048631712
THR,147,OG1,PHE,143,O,11257,0.3752208259724676
ARG,45,NH1,GLU,359,OE1,11248,0.37492083597213427
GLU,245,N,LEU,241,O,11189,0.37295423485883805
LEU,386,N,ASP,383,O,11179,0.37262091263624547
ILE,425,N,PHE,421,O,11112,0.37038765374487514
THR,443,N,ASP,441,OD1,11104,0.3701209959668011
ILE,342,N,GLY,69,O,10977,0.36588780373987534
ARG,57,NH2,GLU,54,OE1,10919,0.3639545348488384
GLU,311,N,ASP,314,OD2,10868,0.3622545915136162
PHE,79,N,VAL,76,O,10859,0.3619546015132829
PHE,87,N,GLY,84,O,10805,0.36015466151128295
SER,132,N,GLU,128,O,10777,0.35922135928802373
THR,140,N,ASP,138,OD1,10772,0.3590546981767274
GLU,111,N,ASP,106,O,10666,0.3555214826172461
LEU,15,N,LEU,12,O,10599,0.3532882237258758
TRP,93,NE1,HM1,464,O2D,10510,0.35032165594480186
ASN,214,ND2,GLN,211,OE1,10432,0.3477217426085797
HIP,224,NE2,ASP,235,OD1,10431,0.3476884103863205
HIP,224,NE2,ASP,235,OD2,10406,0.346855104829839
GLN,144,NE2,GLU,273,OE1,10401,0.34668844371854274
HIE,219,N,ALA,215,O,10356,0.3451884937168761
GLN,17,N,ASN,14,O,10348,0.34492183593880205
ILE,353,N,ARG,1,O,10327,0.3442218592713576
ARG,21,NE,ASP,19,OD2,10325,0.3441551948268391
ASN,261,ND2,ASN,214,OD1,10205,0.34015532815572813
HID,341,ND1,PHE,67,O,10179,0.33928869037698745
ARG,225,NH2,GLU,222,OE2,9885,0.32948901703276556
ALA,135,N,SER,132,O,9838,0.32792240258658045
MET,109,N,ASP,106,O,9829,0.32762241258624714
ASP,439,N,ALA,436,O,9747,0.32488917036098797
VAL,47,N,VAL,40,O,9654,0.32178927369087695
SER,231,N,ASP,229,OD1,9480,0.3159894670177661
ARG,463,NH2,GLU,294,OE2,9421,0.3140228659044699
ASP,238,N,ASP,235,OD2,9393,0.3130895636812106
SER,182,OG,PHE,178,O,9376,0.31252291590280323
ARG,21,NH2,ASP,19,OD1,9294,0.30978967367754406
GLY,108,N,GLU,111,O,9273,0.30908969701009964
GLN,187,NE2,SER,182,O,9220,0.307323089230359
SER,365,OG,ASP,333,OD2,9176,0.30585647145095163
GLY,194,N,LEU,191,O,9130,0.3043231892270258
ILE,304,N,ILE,300,O,9113,0.30375654144861836
ARG,463,NH1,GLU,294,OE1,9112,0.30372320922635915
TYR,240,OH,SER,256,O,9088,0.30292323589213693
LYS,356,NZ,ASP,357,OD1,9008,0.3002566581113963
GLN,205,N,GLY,201,O,8985,0.29949001699943334
MET,18,N,LEU,15,O,8952,0.29839005366487786
ARG,225,NH2,GLU,222,OE1,8951,0.2983567214426186
ARG,92,NE,GLU,254,OE1,8930,0.2976567447751742
ARG,112,NH2,GLU,120,OE1,8842,0.2947235092163595
PHE,107,N,MET,104,O,8830,0.2943235225492484
LYS,248,NZ,GLU,245,OE2,8825,0.29415686143795206
PHE,67,N,LYS,63,O,8819,0.29395686810439653
SER,253,OG,GLU,247,OE2,8801,0.2933568881037299
ARG,105,N,VAL,101,O,8738,0.2912569581013966
ARG,57,NH2,GLU,54,OE2,8699,0.28995700143328557
ARG,112,NH2,GLU,120,OE2,8638,0.2879237358754708
LYS,248,NZ,GLU,245,OE1,8590,0.28632378920702645
LYS,63,NZ,SER,348,O,8538,0.284590513649545
ARG,105,NH2,ASP,106,OD2,8523,0.2840905303156561
ARG,105,NE,ASP,106,OD1,8503,0.28342388587047096
LYS,158,N,CYS,152,O,8445,0.281490616979434
SER,276,OG,THR,272,O,8386,0.2795240158661378
GLY,35,N,ARG,31,O,8381,0.2793573547548415
ARG,130,NH2,GLU,127,OE2,8368,0.27892403586547115
GLU,212,N,LYS,208,O,8347,0.27822405919802673
VAL,85,N,ASN,263,OD1,8245,0.2748241725275824
THR,272,N,PHE,268,O,8223,0.2740908636378787
SER,332,OG,THR,278,OG1,8179,0.2726242458584714
LYS,356,NZ,ASP,357,OD2,8168,0.27225759141361955
ARG,308,NH2,ASP,314,OD2,8121,0.27069097696743444
ARG,350,N,GLU,58,OE1,8103,0.27009099696676775
PHE,156,N,CYS,152,O,8093,0.26975767474417517
ARG,70,N,ASN,89,OD1,8072,0.2690576980767308
LYS,63,NZ,GLU,58,OE1,8027,0.26755774807506416
LEU,287,N,PHE,283,O,8025,0.26749108363054563
SER,253,OG,GLU,247,OE1,8021,0.26735775474150864
ARG,204,N,GLY,201,O,8020,0.26732442251924937
ARG,225,NE,GLU,222,OE1,7890,0.26299123362554583
ALA,379,N,LYS,376,O,7885,0.2628245725142495
GLN,163,N,HIE,161,ND1,7867,0.2622245925135829
ARG,117,NH2,ARG,112,O,7821,0.26069131028965703
ARG,70,NH2,HM1,464,O1A,7800,0.2599913336222126
ILE,154,N,ILE,150,O,7784,0.25945801806606444
LYS,63,NZ,GLU,58,OE2,7774,0.25912469584347186
ARG,112,NH1,GLU,120,OE1,7702,0.25672477584080533
ARG,45,NE,LEU,42,O,7672,0.2557248091730276
ASN,389,ND2,ASP,387,OD1,7643,0.25475817472750906
PHE,268,N,THR,264,O,7624,0.25412486250458316
VAL,61,N,ARG,57,O,7500,0.2499916669444352
GLU,116,N,SER,113,OG,7489,0.24962501249958335
GLN,302,N,ARG,298,O,7479,0.24929169027699077
ASN,261,ND2,ASN,214,O,7476,0.24919169361021298
ARG,308,NH1,ASP,314,OD1,7463,0.24875837472084264
ARG,112,NH1,GLU,120,OE2,7433,0.2477584080530649
ARG,463,NH2,GLU,294,OE1,7424,0.24745841805273158
SER,183,N,LEU,180,O,7419,0.2472917569414353
ASP,106,N,THR,102,O,7391,0.24635845471817605
ARG,92,NE,GLU,254,OE2,7363,0.24542515249491684
ARG,117,N,SER,113,O,7341,0.24469184360521315
ARG,130,NH2,GLU,127,OE1,7307,0.24355854804839838
GLN,445,NE2,PRO,453,O,7282,0.24272524249191693
ASN,389,ND2,ASP,387,OD2,7276,0.24252524915836138
ALA,367,N,LEU,364,O,7222,0.24072530915636145
VAL,435,N,SER,433,OG,7204,0.24012532915569482
ALA,88,N,GLY,84,O,7194,0.23979200693310224
GLU,299,N,ARG,295,O,7108,0.23692543581880604
GLN,144,NE2,LEU,171,O,7097,0.2365587813739542
ASN,428,N,THR,424,O,7044,0.23479217359421353
SER,249,N,LYS,246,O,7042,0.234725509149695
THR,227,N,LYS,223,O,7037,0.23455884803839872
ARG,225,NE,GLU,222,OE2,7001,0.23335888803706542
LYS,248,N,GLU,245,O,6981,0.23269224359188026
ASN,389,N,ASP,387,OD2,6931,0.23102563247891736
LEU,267,N,ASN,263,O,6915,0.23049231692276925
PHE,189,N,PHE,185,O,6901,0.23002566581113962
THR,274,OG1,ALA,270,O,6846,0.22819239358688043
LYS,451,NZ,ASP,333,OD2,6844,0.22812572914236193
THR,274,N,ALA,270,O,6841,0.22802573247558414
ALA,293,N,TYR,289,O,6817,0.22722575914136195
HIE,252,NE2,GLU,254,OE1,6741,0.22469251024965833
GLU,190,N,GLN,187,O,6668,0.2222592580247325
ASN,389,N,ASP,387,OD1,6584,0.21945935135495484
ARG,463,NH1,LEU,426,O,6523,0.2174260857971401
LYS,33,N,PHE,30,O,6485,0.2161594613512883
HIE,252,NE2,GLU,254,OE2,6476,0.21585947135095496
ARG,350,N,GLU,58,OE2,6471,0.21569281023965867
ALA,66,N,LYS,63,O,6357,0.21189293690210326
SER,220,N,TYR,216,O,6349,0.2116262791240292
ALA,74,N,GLU,190,OE1,6328,0.21092630245658478
ARG,280,NH1,GLU,273,OE2,6324,0.21079297356754775
HIP,384,ND1,GLU,327,OE1,6140,0.20465984467184428
GLN,187,NE2,ILE,181,O,6081,0.20269324355854804
LYS,234,N,ASP,238,OD1,6060,0.20199326689110364
LYS,451,N,LEU,334,O,5970,0.19899336688777042
LEU,386,N,PRO,382,O,5961,0.19869337688743707
GLN,144,NE2,GLU,273,OE2,5939,0.1979600679977334
ILE,151,N,THR,147,O,5918,0.197260091330289
LEU,23,N,GLN,187,OE1,5906,0.19686010466317788
ASN,209,ND2,THR,177,OG1,5886,0.19619346021799272
GLU,411,N,CM1,408,O,5885,0.19616012799573349
ASN,263,ND2,ASN,259,O,5878,0.19592680243991867
TYR,240,OH,ASN,263,OD1,5874,0.19579347355088164
LEU,418,N,GLU,417,OE1,5862,0.19539348688377053
LYS,197,N,SER,193,O,5857,0.19522682577247424
ARG,350,NH2,ASP,36,OD2,5835,0.19449351688277058
ARG,105,NE,ASP,106,OD2,5798,0.19326022465917803
ARG,280,NH1,GLU,273,OE1,5735,0.19116029465684478
ARG,463,NH1,GLU,294,OE2,5728,0.19092696910102996
PHE,199,N,LEU,196,O,5714,0.19046031798940036
ARG,105,NH2,ASP,106,OD1,5625,0.1874937502083264
ARG,70,NE,PRO,340,O,5611,0.18702709909669676
THR,227,N,HIP,224,O,5591,0.1863604546515116
ARG,130,NE,GLU,127,OE1,5482,0.18272724242525248
ARG,112,NE,GLU,116,OE2,5463,0.1820939302023266
ARG,57,NH2,GLU,396,OE2,5454,0.18179394020199327
THR,358,N,PRO,355,O,5443,0.18142728575714143
ARG,112,N,GLU,111,OE2,5441,0.1813606213126229
SER,249,OG,LYS,246,O,5420,0.1806606446451785
ASN,263,ND2,TYR,83,O,5417,0.1805606479784007
SER,113,OG,GLU,115,OE1,5390,0.17966067797740076
LYS,72,NZ,ASP,77,OD2,5271,0.17569414352854903
SER,113,OG,GLU,115,OE2,5214,0.17379420685977134
TYR,373,OH,GLU,396,OE1,5208,0.1735942135262158
ARG,112,NE,GLU,116,OE1,5185,0.17282757241425287
ARG,57,NH2,GLU,396,OE1,5178,0.17259424685843805
GLU,115,N,GLU,115,OE1,5148,0.1715942801906603
SER,153,OG,ASN,149,O,5084,0.1694610179660678
ILE,150,N,ILE,146,O,5080,0.16932768907703077
ARG,415,N,GLY,412,O,5065,0.1688277057431419
VAL,53,N,ASP,370,OD2,5050,0.16832772240925303
LYS,451,N,GLY,448,O,5042,0.16806106463117895
ARG,159,NH1,GLU,121,OE2,4928,0.16426119129362354
TYR,373,OH,GLU,396,OE2,4915,0.1638278724042532
GLU,115,N,GLU,115,OE2,4903,0.1634278857371421
ILE,440,N,PRO,437,O,4868,0.16226125795806806
THR,272,OG1,PHE,268,O,4828,0.16092796906769774
GLY,110,N,ASP,106,O,4823,0.16076130795640145
GLY,13,N,LEU,9,O,4812,0.1603946535115496
ILE,237,N,VAL,155,O,4798,0.15992800239992
ARG,112,N,GLU,111,OE1,4749,0.15829472350921636
ARG,459,NE,GLY,134,O,4725,0.15749475017499417
GLN,187,NE2,SER,183,O,4661,0.15536148795040167
ARG,57,NE,GLU,54,OE2,4659,0.15529482350588314
ARG,280,NH2,GLU,273,OE2,4600,0.15332822239258692
LYS,234,NZ,ALA,232,O,4583,0.15276157461417952
ARG,81,NH1,PRO,78,O,4574,0.1524615846138462
LEU,42,N,ARG,45,O,4556,0.15186160461317957
ASN,250,ND2,GLU,247,OE1,4524,0.1507949735008833
ARG,130,NE,GLU,127,OE2,4513,0.15042831905603146
ARG,29,NH1,ASP,19,OD2,4511,0.15036165461151296
ASN,381,ND2,ASP,383,OD1,4499,0.14996166794440186
ARG,459,NH1,GLY,134,O,4485,0.14949501683277225
ARG,330,NH1,PRO,377,O,4460,0.1486617112762908
ASN,381,ND2,ASP,383,OD2,4456,0.14852838238725377
ARG,31,NH2,ASP,36,OD1,4452,0.14839505349821672
THR,272,OG1,LEU,267,O,4423,0.14742841905269824
ARG,70,NH2,HID,341,NE2,4421,0.14736175460817974
THR,275,OG1,GLU,417,OE1,4412,0.1470617646078464
LYS,133,N,ARG,130,O,4402,0.14672844238525382
ALA,88,N,VAL,85,O,4347,0.14489517016099462
ARG,117,NE,ARG,112,O,4330,0.14432852238258725
GLU,311,N,ASP,314,OD1,4307,0.1435618812706243
GLY,271,N,PHE,268,O,4296,0.1431952268257725
GLN,258,N,SER,256,OG,4284,0.14279524015866138
LYS,169,NZ,GLU,166,OE2,4247,0.14156194793506882
GLN,165,NE2,GLN,163,O,4240,0.14132862237925403
ARG,350,NH1,GLU,58,OE2,4233,0.14109529682343921
LYS,169,NZ,GLU,166,OE1,4174,0.139128695710143
ALA,316,N,HIE,313,O,4164,0.13879537348755042
GLN,176,NE2,ASN,172,OD1,4134,0.13779540681977268
ARG,57,NH1,GLU,54,OE2,4104,0.13679544015199493
HIE,161,N,ASP,164,OD2,4087,0.13622879237358754
ARG,57,NH1,GLU,54,OE1,4081,0.136028799040032
ILE,440,N,ALA,436,O,4043,0.1347621745941802
SER,430,OG,PRO,462,O,4042,0.13472884237192093
ARG,350,NH1,GLU,58,OE1,4040,0.13466217792740243
THR,272,N,LEU,267,O,4023,0.13409553014899503
SER,266,OG,ASN,263,O,3994,0.13312889570347655
ARG,463,NE,ARG,463,O,3900,0.1299956668111063
ARG,97,NH1,ILE,407,O,3895,0.12982900569981
ASN,250,ND2,GLU,247,OE2,3866,0.12886237125429154
GLU,273,N,PHE,268,O,3851,0.12836238792040267
ARG,315,NH2,ARG,415,O,3844,0.12812906236458785
ARG,463,NE,ARG,463,OXT,3840,0.12799573347555082
ILE,452,N,GLU,446,O,3833,0.127762407919736
SER,68,N,GLU,65,O,3822,0.12739575347488416
PHE,67,N,ALA,64,O,3790,0.12632912236258792
ARG,92,NH2,GLU,254,OE2,3772,0.12572914236192126
ARG,45,NH2,GLU,190,OE2,3745,0.12482917236092131
ARG,112,NH2,GLU,116,OE2,3743,0.12476250791640278
ARG,29,NH1,ASP,19,OD1,3742,0.12472917569414353
GLU,111,N,GLY,108,O,3663,0.12209593013566214
ARG,81,NE,PHE,79,O,3657,0.1218959368021066
ASN,209,ND2,GLN,176,OE1,3614,0.1204626512449585
LYS,131,NZ,GLU,128,OE1,3586,0.11952934902169927
ALA,232,N,ASP,229,O,3568,0.11892936902103263
GLN,205,NE2,ASN,209,OD1,3559,0.11862937902069931
ARG,112,NH2,GLU,116,OE1,3543,0.11809606346455118
LYS,72,NZ,ASP,77,OD1,3504,0.11679610679644012
LYS,169,NZ,GLU,212,OE2,3492,0.11639612012932903
TYR,281,OH,LEU,442,O,3480,0.11599613346221793
GLY,271,N,LEU,267,O,3471,0.1156961434618846
ARG,406,NH1,VAL,85,O,3399,0.11329622345921803
THR,344,OG1,GLN,345,OE1,3379,0.11262957901403287
ASN,209,ND2,GLN,205,O,3354,0.11179627345755141
HIE,252,N,ASN,250,OD1,3353,0.11176294123529215
HID,369,N,THR,366,O,3336,0.11119629345688477
ARG,298,NH1,GLU,301,OE1,3326,0.11086297123429219
ASN,214,ND2,GLN,258,OE1,3312,0.11039632012266258
ASN,259,N,SER,256,O,3288,0.10959634678844038
ARG,350,NH2,ASP,36,OD1,3274,0.10912969567681077
ARG,117,NE,SER,113,O,3255,0.10849638345388488
ALA,64,N,VAL,61,O,3248,0.10826305789807006
LYS,169,NZ,GLU,212,OE1,3222,0.10739642011932936
TYR,297,OH,GLU,301,OE2,3211,0.10702976567447751
LYS,63,NZ,ASP,62,OD1,3137,0.10456318122729243
LYS,72,NZ,GLU,359,OE2,3131,0.10436318789373687
ARG,315,N,LEU,312,O,3122,0.10406319789340356
THR,147,N,PHE,143,O,3107,0.10356321455951469
SER,132,OG,LEU,129,O,3067,0.10222992566914436
ARG,105,N,THR,102,O,3063,0.10209659678010732
LYS,33,N,ARG,29,O,3039,0.10129662344588514
ARG,57,NH1,GLU,396,OE1,3035,0.10116329455684811
ARG,57,NH1,ASP,62,OD1,3019,0.10062997900069998
THR,344,OG1,SER,68,OG,2997,0.0998966701109963
ARG,57,NH1,GLU,396,OE2,2989,0.09963001233292224
ASN,172,ND2,LEU,168,O,2981,0.09936335455484817
ASN,89,ND2,SER,68,O,2964,0.09879670677644078
ARG,97,NH1,HM1,464,O1D,2962,0.09873004233192227
LYS,131,NZ,GLU,128,OE2,2951,0.09836338788707043
ALA,391,N,ASP,387,O,2928,0.09759674677510749
ILE,150,N,THR,147,O,2916,0.0971967601079964
HIE,161,N,ASP,164,OD1,2915,0.09716342788573715
VAL,339,N,HM1,464,O2A,2907,0.09689677010766308
ARG,57,NE,GLU,54,OE1,2904,0.0967967734408853
TYR,198,N,PHE,195,O,2904,0.0967967734408853
ARG,315,NE,GLU,322,OE2,2890,0.0963301223292557
ASN,428,N,ILE,425,O,2877,0.09589680343988534
THR,344,OG1,ALA,66,O,2864,0.09546348455051498
VAL,449,N,GLN,187,NE2,2835,0.0944968501049965
SER,182,OG,GLY,450,O,2791,0.09303023232558914
LYS,72,NZ,GLU,359,OE1,2786,0.09286357121429285
SER,132,N,LEU,129,O,2770,0.09233025565814473
LYS,234,NZ,ASP,235,OD2,2767,0.09223025899136696
ALA,391,N,ASN,389,OD1,2739,0.09129695676810773
TYR,297,OH,GLU,301,OE1,2718,0.0905969801006633
MET,18,N,ASN,14,O,2707,0.09023032565581147
LYS,234,NZ,ASP,238,OD2,2637,0.08789707009766341
GLU,116,N,SER,113,O,2631,0.08769707676410786
LYS,223,NZ,GLU,226,OE2,2631,0.08769707676410786
LYS,223,NZ,GLU,226,OE1,2630,0.08766374454184861
LEU,364,N,LEU,362,O,2623,0.08743041898603379
GLY,448,N,SER,182,O,2613,0.08709709676344121
ARG,29,NH2,GLN,17,O,2601,0.08669711009633012
PHE,167,N,ASP,164,OD1,2598,0.08659711342955234
SER,113,N,GLU,116,OE1,2597,0.08656378120729309
PHE,167,N,ASP,164,OD2,2594,0.08646378454051531
GLN,163,NE2,GLU,128,OE2,2579,0.08596380120662644
ARG,330,NH2,PRO,377,O,2579,0.08596380120662644
PHE,189,N,GLY,186,O,2565,0.08549715009499684
ASP,106,N,THR,103,O,2564,0.08546381787273757
LYS,405,NZ,GLU,65,OE2,2556,0.08519716009466351
ARG,31,NH2,ASP,36,OD2,2549,0.0849638345388487
ARG,298,NH2,GLU,301,OE1,2546,0.08486383787207093
PHE,107,N,THR,103,O,2514,0.08379720675977467
LEU,24,N,GLN,187,OE1,2509,0.08363054564847838
PHE,460,N,GLY,134,O,2484,0.08279724009199693
VAL,53,N,ASP,370,OD1,2480,0.0826639112029599
SER,182,OG,VAL,449,O,2480,0.0826639112029599
LYS,405,NZ,GLU,65,OE1,2478,0.08259724675844139
ARG,130,NH1,GLU,127,OE1,2476,0.08253058231392287
ARG,204,NH2,LYS,197,O,2438,0.08126395786807107
ARG,57,NE,GLU,396,OE2,2434,0.08113062897903403
THR,272,OG1,THR,147,O,2414,0.08046398453384887
ARG,315,N,GLU,311,O,2414,0.08046398453384887
ARG,298,NH2,GLU,301,OE2,2411,0.0803639878670711
ARG,57,NE,GLU,396,OE1,2380,0.0793306889770341
VAL,449,N,GLN,187,OE1,2379,0.07929735675477484
ASP,106,N,VAL,101,O,2361,0.07869737675410819
ARG,31,NE,ASP,36,OD1,2332,0.07773074230858971
LEU,267,N,THR,264,O,2314,0.07713076230792307
ARG,57,NH2,ASP,62,OD2,2312,0.07706409786340455
LYS,248,N,MET,244,O,2309,0.07696410119662678
LEU,334,N,SER,332,O,2268,0.0755974800839972
LYS,393,NZ,ASP,383,O,2256,0.0751974934168861
GLU,166,N,ASP,164,OD1,2255,0.07516416119462685
ARG,57,NH1,ASP,62,OD2,2242,0.07473084230525649
ARG,298,NH1,GLU,301,OE2,2242,0.07473084230525649
SER,183,OG,SER,179,O,2238,0.07459751341621947
ARG,330,NH1,HID,369,NE2,2210,0.07366421119296024
ARG,298,NH1,GLU,294,OE2,2186,0.07286423785873804
GLU,446,N,ILE,452,O,2182,0.07273090896970101
GLU,166,N,ASP,164,OD2,2158,0.07193093563547882
GLN,329,NE2,ALA,414,O,2157,0.07189760341321956
SER,113,OG,GLU,116,OE1,2154,0.07179760674644178
ARG,298,NE,GLU,294,OE1,2149,0.0716309456351455
GLN,119,NE2,GLU,311,OE2,2140,0.07133095563481218
LYS,317,NZ,HIE,313,O,2128,0.07093096896770108
GLN,119,NE2,GLU,311,OE1,2108,0.07026432452251592
ARG,130,NH1,GLU,127,OE2,2093,0.06976434118862705
GLN,302,NE2,ARG,298,O,2084,0.06946435118829372
LEU,23,N,CYS,447,O,2083,0.06943101896603447
ARG,315,NH2,GLU,322,OE2,2083,0.06943101896603447
HIE,203,NE2,PHE,199,O,2067,0.06889770340988634
GLN,123,NE2,GLN,119,O,2062,0.06873104229859005
LYS,234,NZ,ASP,229,OD2,2042,0.06806439785340489
LYS,131,NZ,GLU,127,O,2041,0.06803106563114562
ARG,92,NH2,GLU,254,OE1,2019,0.06729775674144195
SER,68,N,THR,344,OG1,1975,0.0658311389620346
GLY,43,N,HIE,41,O,1968,0.0655978134062198
ASN,91,ND2,GLU,254,OE1,1957,0.06523115896136795
LYS,234,NZ,ASP,229,OD1,1938,0.06459784673844206
ARG,98,NH1,GLU,247,OE2,1925,0.0641645278490717
SER,433,OG,VAL,435,O,1909,0.06363121229292357
ARG,98,NH2,GLU,247,OE1,1906,0.06353121562614579
ARG,81,NE,PRO,78,O,1890,0.06299790006999767
TYR,373,OH,GLU,54,OE1,1864,0.062131262291256956
ARG,298,NE,GLU,294,OE2,1856,0.061864604513182896
ARG,350,NE,ASP,36,OD2,1854,0.061797940068664375
ARG,298,NE,GLU,301,OE2,1837,0.06123129229025699
ARG,45,N,LEU,42,O,1813,0.0604313189560348
ARG,112,NE,GLU,111,OE2,1804,0.060131328955701474
ARG,298,NH2,GLU,294,OE2,1804,0.060131328955701474
LYS,376,NZ,GLU,375,OE1,1793,0.05976467451084964
ARG,20,NH1,ARG,20,O,1786,0.059531348955034834
ARG,350,NE,ASP,36,OD1,1779,0.05929802339922002
LYS,158,NZ,ARG,159,O,1778,0.05926469117696077
ILE,413,N,GLY,410,O,1767,0.05889803673210893
ARG,406,N,LEU,403,O,1734,0.05779807339755341
LEU,228,N,ARG,225,O,1730,0.057664744508516386
SER,182,OG,GLY,448,O,1720,0.057331422285923805
SER,253,N,ASN,250,O,1710,0.056998100063331225
GLU,396,N,GLU,396,OE2,1710,0.056998100063331225
ARG,112,NH2,GLU,111,OE1,1702,0.05673144228525716
ARG,298,NE,GLU,301,OE1,1669,0.05563147895070164
LYS,376,NZ,GLU,375,OE2,1669,0.05563147895070164
LEU,312,N,GLU,311,OE1,1666,0.05553148228392387
ARG,57,NH2,ASP,62,OD1,1636,0.05453151561614613
ASN,261,ND2,HIE,257,O,1636,0.05453151561614613
ARG,31,NE,ASP,36,OD2,1635,0.05449818339388687
LEU,312,N,GLU,311,OE2,1587,0.052898236725442485
SER,113,N,GLU,116,OE2,1571,0.05236492116929436
ARG,298,NH2,GLU,294,OE1,1553,0.05176494116862771
GLU,226,N,LYS,223,O,1540,0.05133162227925736
ARG,1,N,ILE,353,O,1538,0.05126495783473884
LYS,234,NZ,SER,231,OG,1536,0.05119829339022033
ASN,91,ND2,GLU,254,OE2,1512,0.05039832005599813
GLN,211,NE2,TYR,207,OH,1510,0.05033165561147962
LYS,63,NZ,ASP,62,OD2,1506,0.050198326722442586
LYS,234,NZ,ASP,238,OD1,1503,0.05009833005566481
ASN,250,ND2,GLU,247,O,1502,0.05006499783340555
GLY,448,N,SER,182,OG,1498,0.04993166894436852
LYS,72,N,GLU,359,OE2,1491,0.049698343388553716
HIE,346,N,GLN,345,OE1,1489,0.049631678944035196
GLN,211,N,LYS,208,O,1484,0.049465017832738906
ILE,154,N,ILE,151,O,1476,0.049198360054664846
LYS,133,N,LEU,129,O,1473,0.04909836338788707
ARG,225,NH2,GLU,226,OE1,1465,0.04883170560981301
ARG,20,NH1,LEU,15,O,1463,0.04876504116529449
LYS,131,N,GLU,128,O,1449,0.048298390053664875
LEU,180,N,THR,177,O,1447,0.04823172560914636
GLY,69,N,ILE,342,O,1437,0.04789840338655378
LEU,228,N,HIP,224,O,1436,0.047865071164294525
LYS,234,NZ,GLU,111,OE1,1423,0.04743175227492417
GLU,212,N,ASN,209,O,1400,0.04666511116296124
GLU,396,N,GLU,396,OE1,1400,0.04666511116296124
SER,402,OG,ARG,406,O,1360,0.045331822272590916
ARG,105,NH1,GLU,411,OE1,1359,0.04529849005033165
SER,113,OG,GLU,116,OE2,1358,0.045265157828072396
SER,365,OG,PRO,336,O,1350,0.044998500049998336
VAL,85,N,SER,266,OG,1333,0.044431852271590945
GLY,157,N,CYS,152,O,1332,0.04439852004933169
LYS,246,N,HID,243,O,1318,0.043931868937702075
THR,147,OG1,THR,275,OG1,1317,0.04389853671544282
ASP,77,N,ALA,74,O,1306,0.04353188227059098
MET,104,N,VAL,101,O,1298,0.043265224492516914
ARG,225,NH2,GLU,226,OE2,1296,0.0431985600479984
ARG,20,NH1,MET,18,O,1295,0.043165227825739144
HIE,219,N,TYR,216,O,1295,0.043165227825739144
LYS,405,N,LEU,60,O,1294,0.04313189560347988
ASN,149,ND2,GLU,121,OE2,1284,0.0427985733808873
GLN,163,NE2,TYR,162,O,1280,0.042665244491850274
SER,220,N,ILE,217,O,1275,0.042498583380553984
ARG,415,NH2,GLU,411,OE1,1265,0.0421652611579614
ARG,315,NE,GLU,322,OE1,1259,0.04196526782440585
TYR,373,OH,GLU,54,OE2,1243,0.04143195226825772
GLY,84,N,PHE,80,O,1240,0.04133195560147995
ARG,112,N,GLY,108,O,1240,0.04133195560147995
LYS,405,NZ,SER,68,OG,1240,0.04133195560147995
ARG,29,NH1,GLN,17,O,1239,0.041298623379220696
THR,147,OG1,THR,272,O,1239,0.041298623379220696
ALA,135,N,LYS,133,O,1227,0.040898636712109596
THR,103,N,SER,100,O,1210,0.04033198893370221
ARG,225,N,GLU,222,O,1197,0.039898670044331855
LYS,234,NZ,GLU,111,OE2,1197,0.039898670044331855
TYR,326,OH,GLU,322,OE1,1181,0.03936535448818373
LYS,356,NZ,THR,344,O,1173,0.03909869671010966
ARG,117,N,VAL,114,O,1156,0.03853204893170228
ARG,31,NH2,GLU,32,OE2,1141,0.03803206559781341
ARG,117,NH2,GLU,111,OE2,1139,0.03796540115329489
GLN,445,NE2,TYR,175,OH,1131,0.037698743375220826
ASN,149,ND2,SER,145,O,1126,0.037532082263924536
ARG,31,NH2,GLU,32,OE1,1123,0.03743208559714676
SER,183,N,SER,179,O,1103,0.0367654411519616
GLU,247,N,MET,244,O,1101,0.036698776707443086
GLU,115,N,SER,113,OG,1085,0.03616546115129496
ARG,29,NH2,GLU,32,OE2,1078,0.03593213559548015
LYS,131,NZ,GLU,127,OE2,1076,0.035865471150961635
ARG,415,NH1,GLU,115,OE1,1066,0.035532148928369055
LYS,72,N,GLU,359,OE1,1060,0.03533215559481351
GLN,176,NE2,GLN,205,O,1053,0.0350988300389987
GLN,345,NE2,GLU,65,O,1051,0.035032165594480184
ALA,316,N,LEU,312,O,1046,0.034865504483183894
CYS,447,N,GLU,446,OE1,1042,0.03473217559414686
GLY,134,N,LEU,129,O,1039,0.03463217892736909
ARG,350,NH2,GLU,58,OE2,1030,0.03433218892703577
SER,68,OG,THR,344,OG1,1013,0.03376554114862838
ARG,350,NH1,GLU,54,OE2,1011,0.03369887670410986
LYS,131,NZ,GLU,127,OE1,1008,0.033598880037332086
GLN,163,NE2,GLU,128,OE1,1006,0.03353221559281357
SER,253,OG,LYS,248,O,1006,0.03353221559281357
ARG,29,NH2,GLU,32,OE1,1000,0.033332222259258026
ARG,350,NH2,GLU,58,OE1,996,0.03319889337022099
GLU,190,N,GLY,186,O,994,0.03313222892570248
PHE,268,N,LEU,265,O,994,0.03313222892570248
GLN,205,NE2,GLN,176,OE1,988,0.032932235592146926
ARG,406,NH1,ALA,88,O,968,0.032265591146961765
ARG,415,NH2,GLU,411,OE2,964,0.03213226225792474
ARG,29,NE,GLU,32,OE1,962,0.03206559781340622
HID,369,N,SER,365,O,961,0.03203226559114696
TYR,456,N,PRO,454,O,938,0.031265624479184025
LEU,142,N,PRO,139,O,932,0.031065631145628478
LEU,362,N,MET,337,O,932,0.031065631145628478
GLY,134,N,SER,132,OG,928,0.030932302256591448
GLU,299,N,VAL,296,O,928,0.030932302256591448
GLN,345,N,ALA,66,O,927,0.030898970034332188
ARG,112,NE,GLU,111,OE1,923,0.030765641145295158
ARG,29,NE,GLU,32,OE2,920,0.030665644478517384
SER,249,OG,PHE,255,O,916,0.03053231558948035
ALA,436,N,ASP,439,OD2,916,0.03053231558948035
ARG,225,NH1,GLU,222,OE2,913,0.030432318922702577
SER,132,OG,GLU,128,OE1,912,0.030398986700443317
ARG,350,NH1,GLU,54,OE1,909,0.030298990033665544
ARG,31,NE,GLU,32,OE1,908,0.030265657811406287
GLN,302,N,GLU,299,O,908,0.030265657811406287
ARG,225,NH1,HIE,257,ND1,897,0.029899003366554447
PHE,167,N,ASP,164,O,894,0.029799006699776674
ARG,1,NE,LEU,2,O,892,0.029732342255258157
ARG,45,N,GLY,43,O,886,0.02953234892170261
GLU,438,N,GLU,438,OE2,881,0.02936568781040632
ARG,81,NH2,ASP,77,OD1,877,0.029232358921369286
GLU,438,N,GLU,438,OE1,877,0.029232358921369286
ARG,225,NH1,GLU,222,OE1,868,0.028932368921035966
ARG,350,NH2,GLU,54,OE1,865,0.028832372254258193
CYS,447,N,GLU,446,OE2,860,0.028665711142961903
LYS,208,N,GLN,205,O,859,0.028632378920702643
ARG,70,NH2,VAL,339,O,858,0.028599046698443386
ARG,117,NH1,SER,113,O,857,0.028565714476184126
THR,227,OG1,HIP,224,O,855,0.028499050031665613
ARG,98,NH2,GLU,247,OE2,854,0.028465717809406352
ARG,105,NH1,GLU,411,OE2,853,0.028432385587147096
GLN,165,N,GLN,165,OE1,847,0.028232392253591546
ARG,81,NH2,PHE,79,O,843,0.028099063364554516
ARG,117,NH2,GLU,111,OE1,841,0.028032398920036
TYR,175,OH,GLN,445,OE1,840,0.027999066697776742
LYS,208,NZ,GLN,205,OE1,839,0.027965734475517482
ARG,415,NH2,GLU,322,OE2,836,0.02786573780873971
ARG,112,NH2,GLU,111,OE2,831,0.02769907669744342
ARG,415,N,ILE,413,O,819,0.02729909003033232
SER,256,N,GLU,254,O,805,0.02683243891870271
ARG,31,NE,GLU,32,OE2,798,0.026599113362887904
ASN,259,ND2,SER,256,OG,789,0.02629912336255458
ARG,159,NH1,GLU,120,OE2,787,0.026232458918036064
ARG,350,NH2,GLU,54,OE2,786,0.026199126695776807
THR,147,OG1,GLY,271,O,785,0.02616579447351755
GLU,245,N,LEU,242,O,782,0.026065797806739774
MET,75,N,GLU,190,OE2,780,0.02599913336222126
ARG,81,NE,ASP,77,O,769,0.02563247891736942
ASP,333,N,PHE,331,O,769,0.02563247891736942
ARG,415,NH1,GLU,322,OE1,768,0.025599146695110164
ARG,20,NH1,GLU,446,OE1,767,0.025565814472850903
ARG,20,NH2,GLU,446,OE2,765,0.02549915002833239
GLY,90,N,ASN,89,OD1,763,0.025432485583813873
LEU,418,N,ALA,414,O,761,0.025365821139295357
GLY,110,N,ARG,105,O,755,0.02516582780573981
SER,276,OG,GLU,273,OE2,755,0.02516582780573981
ARG,159,NH2,GLU,121,OE2,751,0.025032498916702776
LYS,234,NZ,THR,227,O,751,0.025032498916702776
LEU,260,N,HIE,257,O,751,0.025032498916702776
GLN,123,N,GLU,120,O,747,0.024899170027665743
SER,132,OG,GLU,128,OE2,745,0.02483250558314723
LYS,246,NZ,HID,243,NE2,743,0.024765841138628713
ARG,20,NH2,GLU,446,OE1,739,0.02463251224959168
ALA,436,N,ASP,439,OD1,735,0.02449918336055465
GLN,258,NE2,ASN,214,OD1,729,0.0242991900269991
GLU,375,N,GLU,375,OE1,726,0.024199193360221326
GLY,404,N,SER,402,OG,720,0.02399920002666578
GLN,176,NE2,ASN,172,O,718,0.023932535582147262
THR,455,OG1,GLN,445,OE1,715,0.02383253891536949
TRP,93,N,GLY,90,O,704,0.02346588447051765
ARG,204,NH2,TYR,198,O,704,0.02346588447051765
LEU,196,N,SER,193,O,701,0.023365887803739875
THR,102,OG1,PHE,99,O,697,0.02323255891470284
SER,276,OG,GLU,273,OE1,697,0.02323255891470284
THR,347,OG1,HIE,346,O,696,0.023199226692443585
GLN,165,NE2,GLU,166,OE1,692,0.02306589780340655
VAL,206,N,HIE,203,O,692,0.02306589780340655
ARG,204,NH1,PHE,199,O,687,0.02289923669211026
SER,256,OG,GLN,258,OE1,687,0.02289923669211026
ARG,20,NH1,GLU,446,OE2,682,0.02273257558081397
ALA,55,N,GLY,52,O,672,0.02239925335822139
ARG,97,NH2,ILE,407,O,672,0.02239925335822139
ARG,92,NH2,GLY,82,O,666,0.022199260024665844
MET,109,N,MET,104,O,662,0.02206593113562881
ARG,350,NE,GLU,58,OE2,655,0.021832605579814007
ASN,214,ND2,GLN,211,O,654,0.021799273357554747
ARG,295,NE,GLU,294,OE2,653,0.02176594113529549
ARG,1,NE,GLY,351,O,652,0.02173260891303623
PHE,107,N,ARG,105,O,651,0.021699276690776974
ARG,204,NE,PHE,199,O,648,0.0215992800239992
ARG,463,NE,LEU,426,O,644,0.021465951134962167
LYS,197,NZ,SER,193,O,638,0.02126595780140662
THR,344,OG1,GLU,65,O,633,0.02109929669011033
GLN,163,N,HIE,161,O,629,0.020965967801073297
THR,147,N,GLN,144,O,625,0.020832638912036266
HID,341,ND1,GLY,69,O,624,0.020799306689777006
VAL,61,N,GLU,58,O,619,0.020632645578480716
SER,68,OG,ALA,64,O,618,0.02059931335622146
ARG,130,NH2,ASN,428,OD1,616,0.020532648911702943
SER,145,OG,LEU,142,O,614,0.020465984467184426
HIE,313,N,GLU,311,OE1,614,0.020465984467184426
HIE,203,NE2,LYS,197,O,605,0.020165994466851106
ASN,250,ND2,HIE,252,O,604,0.020132662244591846
SER,348,OG,TYR,352,O,602,0.020065997800073333
THR,177,N,PHE,174,O,595,0.019832672244258526
LYS,393,NZ,LEU,386,O,594,0.019799340021999266
ARG,295,NH2,GLU,294,OE1,589,0.019632678910702975
GLN,119,NE2,GLU,115,O,582,0.019399353354888172
VAL,114,N,GLY,108,O,566,0.01886603779874004
TYR,207,N,ARG,204,O,566,0.01886603779874004
GLU,375,N,GLU,375,OE2,566,0.01886603779874004
GLN,445,NE2,THR,455,OG1,555,0.018499383353888205
THR,274,OG1,HM1,464,NB,553,0.018432718909369688
LYS,208,NZ,GLU,212,OE1,552,0.01839938668711043
ARG,1,NH2,GLY,351,O,549,0.018299390020332654
ARG,159,NH1,GLU,121,OE1,546,0.01819939335355488
ARG,97,NH2,CM1,408,O,542,0.01806606446451785
GLN,165,NE2,GLU,166,OE2,542,0.01806606446451785
SER,332,N,GLN,329,O,541,0.01803273224225859
LEU,287,N,LEU,284,O,540,0.017999400019999334
LYS,376,N,GLU,375,OE1,539,0.017966067797740074
ARG,415,NE,GLU,411,OE2,538,0.017932735575480818
GLU,273,N,ALA,270,O,535,0.017832738908703044
LYS,393,NZ,ASP,387,OD2,530,0.017666077797406754
GLN,187,NE2,ARG,20,O,525,0.017499416686110464
TYR,326,OH,GLU,322,OE2,519,0.017299423352554914
TYR,162,OH,GLU,121,OE2,518,0.017266091130295657
SER,253,N,HIE,252,ND1,517,0.0172327589080364
TYR,216,OH,GLU,166,O,515,0.017166094463517884
ARG,159,NH2,GLU,120,OE1,513,0.017099430018999367
HIE,313,N,GLU,311,OE2,509,0.016966101129962333
ARG,159,NH2,GLU,120,OE2,508,0.016932768907703077
VAL,303,N,ILE,300,O,508,0.016932768907703077
ARG,29,NH2,ASP,19,OD1,507,0.01689943668544382
SER,179,OG,GLN,176,O,507,0.01689943668544382
THR,39,OG1,VAL,47,O,504,0.016799440018666043
GLN,123,NE2,GLN,119,OE1,502,0.01673277557414753
LEU,173,N,MET,170,O,502,0.01673277557414753
LYS,376,N,GLU,375,OE2,500,0.016666111129629013
THR,39,OG1,PRO,4,O,499,0.016632778907369753
ARG,159,NH1,GLU,120,OE1,490,0.016332788907036433
ARG,117,NH1,GLU,111,OE2,488,0.016266124462517916
ARG,29,NE,ASP,19,OD1,486,0.0161994600179994
ARG,81,NH1,PHE,79,O,485,0.016166127795740143
LYS,376,NZ,ASP,378,OD1,481,0.01603279890670311
MET,170,N,PHE,167,O,478,0.015932802239925336
ARG,350,NH1,ASP,36,OD1,476,0.01586613779540682
LYS,72,NZ,GLU,190,OE1,475,0.015832805573147563
ILE,86,N,SER,266,OG,472,0.01573280890636979
GLU,166,N,GLU,166,OE1,472,0.01573280890636979
ASN,209,ND2,GLN,176,O,469,0.015632812239592012
LYS,248,NZ,GLU,245,O,469,0.015632812239592012
ILE,452,N,SER,182,OG,462,0.015399486683777207
GLN,176,NE2,ASN,209,OD1,461,0.015366154461517949
GLN,258,N,GLN,258,OE1,461,0.015366154461517949
ARG,81,NH2,ASP,77,OD2,460,0.015332822239258692
GLY,108,N,THR,103,O,456,0.015199493350221659
LYS,169,NZ,ASN,172,OD1,456,0.015199493350221659
LYS,208,NZ,GLU,212,OE2,456,0.015199493350221659
ASN,261,ND2,GLN,258,OE1,456,0.015199493350221659
ARG,21,NH1,ASP,19,OD1,455,0.015166161127962402
ASN,259,ND2,GLU,254,OE1,454,0.015132828905703144
SER,402,OG,HM1,464,O2A,454,0.015132828905703144
ARG,97,NH1,LYS,405,O,450,0.014999500016666112
ALA,388,N,ASP,387,OD1,447,0.014899503349888337
GLU,166,N,GLU,166,OE2,443,0.014766174460851305
LEU,15,N,GLY,13,O,440,0.014666177794073532
LYS,394,NZ,TYR,326,OH,440,0.014666177794073532
ALA,391,N,ASP,387,OD2,439,0.014632845571814273
ARG,31,NH2,ASP,370,OD2,438,0.014599513349555015
ARG,117,NH1,GLU,111,OE1,437,0.014566181127295756
ARG,21,NH1,ASP,19,OD2,434,0.014466184460517983
ASN,428,ND2,GLN,427,OE1,433,0.014432852238258725
GLN,119,NE2,GLU,115,OE2,429,0.014299523349221693
ARG,406,NH2,SER,68,O,422,0.014066197793406886
GLN,345,NE2,THR,347,OG1,419,0.013966201126629113
ALA,388,N,ASP,387,OD2,417,0.013899536682110596
GLN,205,N,ALA,202,O,412,0.013732875570814306
GLN,345,NE2,THR,344,OG1,412,0.013732875570814306
GLY,186,N,SER,183,O,407,0.013566214459518016
ASN,263,ND2,SER,100,OG,407,0.013566214459518016
SER,68,N,ALA,66,O,403,0.013432885570480984
GLU,32,N,ARG,29,O,402,0.013399553348221726
ARG,350,NH1,ASP,36,OD2,401,0.013366221125962467
TYR,162,N,HIE,161,ND1,400,0.01333288890370321
ASN,209,ND2,LEU,173,O,398,0.013266224459184694
GLY,271,N,THR,274,OG1,398,0.013266224459184694
ARG,350,NE,GLU,58,OE1,398,0.013266224459184694
ARG,81,NH1,ASP,77,OD2,394,0.013132895570147662
ARG,112,N,GLY,110,O,391,0.013032898903369887
TYR,216,OH,GLU,166,OE1,389,0.012966234458851372
ARG,31,NH1,ASP,370,OD1,388,0.012932902236592114
ARG,117,NH2,SER,153,O,388,0.012932902236592114
ALA,135,N,SER,132,OG,386,0.012866237792073597
SER,253,OG,PHE,255,O,384,0.012799573347555082
ARG,98,NH1,GLU,247,OE1,383,0.012766241125295823
ARG,415,NE,GLU,411,O,383,0.012766241125295823
ALA,391,N,ASP,387,OD1,380,0.01266624445851805
HIP,384,NE2,LYS,376,O,379,0.012632912236258792
ARG,117,NH2,GLU,111,O,370,0.01233292223592547
PHE,192,N,PHE,189,O,369,0.012299590013666211
LYS,376,NZ,ASP,378,OD2,365,0.01216626112462918
ARG,415,NH1,GLU,115,OE2,365,0.01216626112462918
LYS,393,NZ,ASP,387,OD1,361,0.012032932235592146
GLY,108,N,GLU,111,OE1,359,0.011966267791073631
HIE,257,NE2,GLU,222,OE2,357,0.011899603346555114
ARG,7,NH1,PRO,8,O,353,0.011766274457518083
LEU,188,N,PHE,185,O,353,0.011766274457518083
GLY,108,N,GLU,111,OE2,352,0.011732942235258824
ARG,415,N,GLU,411,O,348,0.011599613346221792
ASN,381,ND2,ALA,379,O,346,0.011532948901703276
ARG,31,NH2,ASP,370,OD1,344,0.01146628445718476
ASN,172,N,LYS,169,O,344,0.01146628445718476
ARG,298,NH1,GLU,294,OE1,343,0.011432952234925502
ARG,29,NH2,ASP,19,OD2,342,0.011399620012666244
LYS,451,NZ,PHE,331,O,342,0.011399620012666244
ARG,225,NH1,GLU,226,OE1,340,0.011332955568147729
HIE,257,NE2,GLU,222,OE1,340,0.011332955568147729
GLN,187,NE2,ASP,19,O,339,0.01129962334588847
ARG,225,NH1,GLU,226,OE2,337,0.011232958901369954
LYS,405,NZ,ALA,64,O,334,0.01113296223459218
MET,109,N,ARG,105,O,332,0.011066297790073664
ARG,117,NE,SER,153,OG,332,0.011066297790073664
ARG,81,NH1,ASP,77,OD1,331,0.011032965567814405
GLN,119,NE2,GLU,115,OE1,330,0.010999633345555149
ARG,29,NH1,GLU,32,OE1,329,0.01096630112329589
GLU,111,N,PHE,107,O,329,0.01096630112329589
ASN,259,ND2,GLU,254,OE2,329,0.01096630112329589
GLY,108,N,MET,104,O,328,0.010932968901036632
THR,455,OG1,ASP,138,OD2,328,0.010932968901036632
THR,455,N,GLN,445,OE1,327,0.010899636678777374
ARG,295,NH1,ARG,295,O,326,0.010866304456518115
LYS,246,NZ,GLU,247,OE2,321,0.010699643345221825
GLN,329,NE2,ILE,325,O,321,0.010699643345221825
LYS,451,NZ,ASP,333,O,318,0.010599646678444052
ARG,280,NH2,GLU,273,OE1,314,0.01046631778940702
ARG,315,NE,LEU,312,O,314,0.01046631778940702
ARG,31,NH1,ASP,370,OD2,310,0.010332988900369988
ILE,118,N,GLU,115,O,306,0.010199660011332956
ARG,406,NH2,ASN,89,OD1,306,0.010199660011332956
ASP,62,N,GLU,58,O,304,0.01013299556681444
HIE,161,NE2,GLU,128,OE1,301,0.010032998900036666
PHE,419,N,ALA,416,O,299,0.00996633445551815
SER,430,OG,GLU,294,OE1,299,0.00996633445551815
ARG,117,NH1,SER,153,O,296,0.009866337788740376
ARG,117,NH2,GLY,157,O,294,0.00979967334422186
ARG,117,NH2,PHE,107,O,293,0.009766341121962601
ASN,214,ND2,ASN,214,O,293,0.009766341121962601
ARG,308,NH1,ILE,304,O,292,0.009733008899703343
HIE,161,NE2,GLU,128,OE2,288,0.009599680010666311
TYR,216,OH,GLU,166,OE2,288,0.009599680010666311
LYS,317,NZ,ASP,314,OD1,287,0.009566347788407053
LYS,133,NZ,ARG,130,O,286,0.009533015566147796
ALA,416,N,GLU,417,OE1,285,0.009499683343888538
ARG,29,NH1,GLU,32,OE2,284,0.00946635112162928
GLY,108,N,ARG,105,O,284,0.00946635112162928
ARG,45,NH1,GLU,190,OE2,281,0.009366354454851506
TYR,373,N,ASP,370,OD2,281,0.009366354454851506
GLU,411,N,LEU,409,O,281,0.009366354454851506
ARG,29,NE,ASP,19,OD2,280,0.009333022232592247
ASN,214,ND2,ASN,261,OD1,280,0.009333022232592247
TYR,162,OH,SER,145,OG,279,0.009299690010332989
ARG,159,NH1,GLU,120,O,277,0.009233025565814472
TYR,373,N,ASP,370,OD1,275,0.009166361121295957
ARG,97,NH2,SER,100,OG,274,0.009133028899036699
SER,249,OG,ASN,250,OD1,274,0.009133028899036699
TYR,34,N,ARG,31,O,273,0.00909969667677744
GLN,165,NE2,GLN,165,O,268,0.00893303556548115
ASN,250,N,LYS,248,O,268,0.00893303556548115
SER,68,OG,GLU,65,OE1,266,0.008866371120962635
ARG,295,NH2,GLU,294,OE2,266,0.008866371120962635
HIE,161,NE2,GLN,163,OE1,265,0.008833038898703377
GLN,187,N,VAL,184,O,265,0.008833038898703377
GLN,163,NE2,HIE,161,ND1,262,0.008733042231925602
ALA,379,N,PRO,377,O,260,0.008666377787407087
ALA,416,N,GLU,417,OE2,260,0.008666377787407087
ARG,105,NH1,THR,102,O,259,0.008633045565147828
GLN,187,NE2,GLU,446,OE1,258,0.00859971334288857
GLY,110,N,PHE,107,O,253,0.00843305223159228
ILE,213,N,LEU,210,O,252,0.008399720009333022
GLN,302,NE2,GLU,301,OE2,252,0.008399720009333022
ARG,81,NH1,TYR,207,OH,251,0.008366387787073765
ASN,381,ND2,GLU,375,OE2,251,0.008366387787073765
GLN,187,NE2,CYS,447,O,250,0.008333055564814507
SER,430,OG,LEU,461,O,248,0.00826639112029599
GLY,110,N,GLU,111,O,247,0.008233058898036731
GLN,123,NE2,GLN,123,O,247,0.008233058898036731
TYR,240,OH,ASN,259,OD1,247,0.008233058898036731
PHE,255,N,GLU,247,OE1,247,0.008233058898036731
ALA,64,N,ASP,62,O,244,0.008133062231258958
ARG,92,N,ASN,89,OD1,242,0.008066397786740441
ARG,225,NH1,ARG,225,O,241,0.008033065564481185
GLU,254,N,GLU,247,OE2,241,0.008033065564481185
ARG,45,NH2,GLU,359,OE1,240,0.007999733342221926
ARG,117,NH2,GLY,108,O,238,0.00793306889770341
ASN,172,ND2,GLN,176,NE2,238,0.00793306889770341
ASP,229,N,THR,227,OG1,238,0.00793306889770341
GLN,302,NE2,GLU,301,OE1,237,0.007899736675444151
SER,68,OG,GLU,65,OE2,235,0.007833072230925636
ARG,117,NH1,LYS,234,O,235,0.007833072230925636
ASN,261,ND2,GLY,218,N,233,0.0077664077864071195
SER,332,OG,GLN,329,O,231,0.007699743341888604
ARG,1,NH1,LEU,2,O,228,0.007599746675110829
ARG,81,NH2,TYR,207,OH,226,0.0075330822305923134
ARG,20,NH2,LEU,15,O,224,0.0074664177860737976
LYS,33,NZ,ARG,29,O,221,0.007366421119296023
THR,455,OG1,ASP,138,OD1,220,0.007333088897036766
ARG,81,NH2,GLN,258,OE1,219,0.0072997566747775074
CYS,124,N,GLU,121,O,219,0.0072997566747775074
ARG,295,NH1,GLU,299,OE2,219,0.0072997566747775074
ARG,112,NH1,GLU,116,OE1,218,0.007266424452518249
HIE,257,N,SER,249,OG,216,0.007199760007999733
TYR,216,N,ILE,213,O,215,0.007166427785740476
LEU,60,N,ARG,57,O,212,0.007066431118962701
GLN,258,NE2,HIE,257,ND1,212,0.007066431118962701
ASN,259,ND2,ASN,263,OD1,212,0.007066431118962701
ARG,159,NH1,HIE,161,ND1,208,0.006933102229925669
GLU,65,N,GLU,65,OE1,207,0.006899770007666411
SER,153,OG,ILE,150,O,207,0.006899770007666411
ALA,215,N,GLU,212,O,207,0.006899770007666411
ASN,261,ND2,ASN,214,ND2,207,0.006899770007666411
ARG,29,N,SER,26,O,206,0.006866437785407153
ARG,45,NH2,LEU,42,O,203,0.006766441118629379
LYS,33,NZ,TYR,34,OH,202,0.006733108896370121
PHE,195,N,LEU,191,O,201,0.006699776674110863
HIE,203,N,HIE,203,ND1,200,0.006666444451851605
VAL,435,N,SER,433,O,200,0.006666444451851605
GLY,110,N,PRO,233,O,199,0.006633112229592347
ARG,463,NH1,PHE,429,O,199,0.006633112229592347
THR,102,N,PHE,99,O,197,0.006566447785073831
LYS,317,NZ,ASP,314,OD2,197,0.006566447785073831
LEU,191,N,GLN,187,O,195,0.006499783340555315
ARG,97,NE,ARG,97,O,193,0.006433118896036798
ARG,97,NH2,GLU,411,OE1,193,0.006433118896036798
ASP,229,N,THR,227,O,190,0.006333122229259025
HIE,252,N,ASN,250,ND2,189,0.006299790006999767
ILE,407,N,GLY,404,O,188,0.006266457784740508
ARG,97,NH1,SER,100,OG,187,0.006233125562481251
LYS,197,N,PHE,195,O,187,0.006233125562481251
LYS,25,NZ,ASP,19,OD2,186,0.006199793340221992
LYS,94,NZ,ASN,91,OD1,185,0.006166461117962735
GLU,254,N,GLU,247,OE1,185,0.006166461117962735
ALA,270,N,LEU,267,O,184,0.0061331288957034765
GLU,65,N,GLU,65,OE2,183,0.006099796673444218
LEU,228,N,GLU,226,O,183,0.006099796673444218
LYS,393,NZ,GLU,375,OE2,183,0.006099796673444218
ARG,105,NH2,GLU,411,OE2,182,0.006066464451184961
LEU,12,N,LEU,9,O,181,0.006033132228925702
LYS,158,N,PHE,156,O,181,0.006033132228925702
TYR,216,OH,ASP,164,OD1,180,0.005999800006666445
THR,227,OG1,GLU,226,OE1,178,0.005933135562147928
GLN,445,NE2,GLU,446,OE2,178,0.005933135562147928
ARG,31,NH1,ASP,36,OD2,177,0.0058998033398886705
ARG,7,NH2,GLY,5,O,176,0.005866471117629412
SER,183,OG,GLU,446,OE1,176,0.005866471117629412
ARG,70,N,ASN,89,ND2,175,0.005833138895370155
ARG,295,NE,HIE,291,O,175,0.005833138895370155
LYS,72,NZ,SER,193,OG,174,0.005799806673110896
HIE,203,NE2,LEU,196,O,174,0.005799806673110896
HID,243,N,TYR,240,O,174,0.005799806673110896
LYS,246,NZ,GLU,247,OE1,174,0.005799806673110896
ARG,406,N,GLY,404,O,174,0.005799806673110896
ARG,20,NH1,ASP,19,OD2,173,0.005766474450851638
GLN,345,NE2,HIE,346,O,173,0.005766474450851638
GLN,176,NE2,GLN,176,O,172,0.00573314222859238
SER,220,OG,TYR,216,O,172,0.00573314222859238
PHE,255,N,GLU,247,OE2,172,0.00573314222859238
GLN,258,NE2,ASN,259,OD1,172,0.00573314222859238
LYS,197,NZ,GLY,194,O,171,0.005699810006333122
LYS,405,NZ,SER,68,O,170,0.0056664777840738645
THR,277,OG1,GLU,273,OE2,169,0.005633145561814606
ARG,330,NE,GLU,327,OE1,168,0.005599813339555348
PHE,30,N,PHE,27,O,164,0.005466484450518316
THR,227,OG1,GLU,226,O,164,0.005466484450518316
THR,358,OG1,LYS,356,O,164,0.005466484450518316
THR,272,N,ALA,270,O,162,0.0053998200059998
ARG,1,NH1,GLY,351,O,160,0.005333155561481284
ILE,407,N,LYS,405,O,160,0.005333155561481284
GLY,201,N,PHE,199,O,159,0.005299823339222026
THR,455,N,GLN,445,NE2,158,0.0052664911169627675
GLN,211,NE2,GLN,211,O,156,0.005199826672444252
LEU,236,N,VAL,155,O,156,0.005199826672444252
LYS,33,NZ,GLU,32,OE2,155,0.005166494450184994
ASP,235,N,ASP,238,OD2,154,0.005133162227925736
GLY,108,N,ARG,112,O,152,0.00506649778340722
THR,227,OG1,GLU,226,OE2,152,0.00506649778340722
LYS,246,NZ,LEU,242,O,152,0.00506649778340722
THR,358,N,VAL,343,O,152,0.00506649778340722
ARG,112,NH1,GLU,116,OE2,151,0.0050331655611479615
GLN,144,NE2,SER,276,OG,151,0.0050331655611479615
GLN,187,NE2,GLU,446,OE2,151,0.0050331655611479615
LYS,451,NZ,TYR,281,OH,151,0.0050331655611479615
GLU,128,N,LEU,125,O,150,0.004999833338888704
LYS,158,NZ,PHE,156,O,150,0.004999833338888704
HIE,291,N,HIE,291,ND1,150,0.004999833338888704
LYS,72,NZ,GLU,190,OE2,149,0.004966501116629446
ARG,97,NH1,CM1,408,O,148,0.004933168894370188
GLY,157,N,ILE,154,O,148,0.004933168894370188
LYS,208,NZ,GLN,211,OE1,148,0.004933168894370188
ASN,261,N,GLN,258,O,148,0.004933168894370188
SER,183,OG,GLU,446,OE2,147,0.00489983667211093
THR,277,OG1,GLU,273,OE1,147,0.00489983667211093
GLN,445,NE2,GLU,446,OE1,147,0.00489983667211093
ARG,280,NH1,TYR,175,OH,146,0.004866504449851671
GLY,69,N,PHE,67,O,145,0.004833172227592414
LYS,356,NZ,GLN,345,OE1,144,0.0047998400053331555
PHE,269,N,SER,266,O,143,0.004766507783073898
THR,147,OG1,GLN,144,O,142,0.00473317556081464
ARG,98,NH1,HID,243,NE2,141,0.004699843338555381
PHE,174,N,LEU,171,O,141,0.004699843338555381
ILE,399,N,ALA,397,O,141,0.004699843338555381
GLN,211,NE2,ASN,214,OD1,140,0.004666511116296124
SER,182,OG,SER,179,O,138,0.004599846671777608
PHE,185,N,SER,183,OG,138,0.004599846671777608
ARG,204,N,HIE,203,ND1,138,0.004599846671777608
LYS,288,NZ,GLU,438,OE2,138,0.004599846671777608
THR,227,OG1,ASP,238,OD1,137,0.0045665144495183494
ARG,31,NH1,ASP,36,OD1,136,0.004533182227259091
ARG,204,NH1,LYS,197,O,136,0.004533182227259091
LYS,33,NZ,GLU,32,OE1,135,0.0044998500049998336
ARG,81,NH2,PRO,78,O,135,0.0044998500049998336
GLY,448,N,GLU,446,O,134,0.004466517782740575
LYS,197,N,GLY,194,O,132,0.004399853338222059
PHE,160,N,ASN,149,ND2,130,0.004333188893703543
LYS,234,NZ,GLY,110,O,130,0.004333188893703543
ARG,415,NH1,GLU,411,OE1,129,0.004299856671444285
SER,26,N,LEU,23,O,128,0.0042665244491850276
ARG,415,NE,GLU,411,OE1,128,0.0042665244491850276
GLN,258,NE2,GLN,258,O,127,0.004233192226925769
TYR,83,OH,GLU,254,OE2,126,0.004199860004666511
HIE,252,NE2,GLU,247,OE1,126,0.004199860004666511
GLU,359,N,GLU,359,OE1,125,0.004166527782407253
LYS,393,NZ,GLU,375,OE1,125,0.004166527782407253
HIP,224,N,VAL,221,O,124,0.004133195560147995
THR,264,OG1,ASN,261,O,123,0.004099863337888737
LYS,63,NZ,THR,347,OG1,121,0.004033198893370221
ARG,57,NH2,TYR,373,OH,120,0.003999866671110963
GLN,445,NE2,SER,179,OG,120,0.003999866671110963
ARG,308,NE,ILE,304,O,118,0.003933202226592447
LYS,393,NZ,LYS,394,O,118,0.003933202226592447
SER,26,OG,LEU,23,O,117,0.003899870004333189
LYS,223,NZ,THR,227,OG1,117,0.003899870004333189
ARG,98,N,VAL,95,O,116,0.003866537782073931
PHE,141,N,ASP,138,O,115,0.003833205559814673
GLN,144,N,PHE,141,O,115,0.003833205559814673
LYS,197,NZ,PHE,195,O,115,0.003833205559814673
GLN,187,NE2,ARG,21,O,114,0.0037998733375554147
ARG,45,NH2,GLU,359,OE2,113,0.0037665411152961567
SER,256,OG,GLU,254,O,113,0.0037665411152961567
THR,395,OG1,LYS,393,O,113,0.0037665411152961567
ARG,81,NH1,GLN,258,OE1,112,0.0037332088930368988
GLU,111,N,MET,109,O,112,0.0037332088930368988
GLN,345,NE2,THR,344,O,111,0.003699876670777641
ARG,463,NH2,LEU,426,O,111,0.003699876670777641
GLY,84,N,ASN,259,OD1,110,0.003666544448518383
ASN,389,N,ASP,387,O,110,0.003666544448518383
ARG,81,NE,ASP,77,OD1,109,0.0036332122262591245
SER,193,OG,GLU,190,O,109,0.0036332122262591245
ARG,81,NE,ASP,77,OD2,106,0.0035332155594813507
GLN,123,NE2,GLU,120,O,106,0.0035332155594813507
ASN,172,ND2,GLN,176,OE1,106,0.0035332155594813507
TYR,207,OH,PRO,78,O,106,0.0035332155594813507
LYS,288,NZ,GLU,438,OE1,106,0.0035332155594813507
LYS,25,NZ,ARG,21,O,105,0.0034998833372220928
TYR,83,OH,GLU,254,OE1,105,0.0034998833372220928
MET,109,N,PHE,107,O,104,0.0034665511149628344
MET,109,N,PRO,233,O,104,0.0034665511149628344
TYR,240,OH,GLU,254,O,104,0.0034665511149628344
GLY,108,N,PRO,233,O,103,0.0034332188927035765
LYS,356,N,HIE,346,NE2,103,0.0034332188927035765
LYS,248,NZ,MET,244,O,102,0.0033998866704443185
ASN,263,ND2,ASN,263,O,102,0.0033998866704443185
LYS,197,NZ,TYR,198,OH,101,0.0033665544481850606
ILE,237,N,ASP,235,OD1,101,0.0033665544481850606
GLN,345,NE2,ALA,66,O,101,0.0033665544481850606
LYS,133,NZ,LYS,131,O,100,0.0033332222259258026
LYS,223,NZ,HIE,219,ND1,100,0.0033332222259258026
GLN,302,NE2,GLN,302,O,100,0.0033332222259258026
LYS,131,NZ,SER,132,OG,98,0.0032665577814072863
LYS,234,NZ,THR,227,OG1,98,0.0032665577814072863
ARG,57,NH1,GLU,396,O,97,0.0032332255591480284
ASN,209,N,VAL,206,O,97,0.0032332255591480284
SER,179,OG,GLN,445,OE1,96,0.0031998933368887704
ARG,117,NH1,ARG,112,O,95,0.0031665611146295125
LEU,403,N,SER,402,OG,95,0.0031665611146295125
ARG,20,NH1,LEU,16,O,94,0.003133228892370254
ARG,98,NH2,THR,102,OG1,94,0.003133228892370254
ARG,112,N,MET,109,O,94,0.003133228892370254
GLN,345,NE2,GLU,65,OE2,93,0.003099896670110996
THR,395,OG1,HIP,384,O,93,0.003099896670110996
GLU,120,N,ARG,117,O,91,0.0030332322255924803
ASN,259,N,GLN,258,OE1,91,0.0030332322255924803
GLN,427,N,THR,424,O,91,0.0030332322255924803
ARG,105,NH2,GLU,411,OE1,90,0.0029999000033332224
ARG,117,NE,SER,153,O,90,0.0029999000033332224
GLN,119,NE2,GLU,116,O,90,0.0029999000033332224
ALA,251,N,ASN,250,OD1,90,0.0029999000033332224
ASN,261,ND2,HIE,257,NE2,90,0.0029999000033332224
ARG,105,N,THR,103,O,88,0.002933235558814706
GLU,127,N,CYS,124,O,88,0.002933235558814706
ARG,280,NH2,PRO,454,O,88,0.002933235558814706
ARG,350,NH2,GLU,54,O,88,0.002933235558814706
GLN,17,N,GLN,17,OE1,87,0.002899903336555448
PHE,80,N,ASP,77,O,87,0.002899903336555448
ARG,1,NH2,LEU,2,O,86,0.00286657111429619
VAL,53,N,TYR,373,OH,84,0.002799906669777674
GLY,82,N,PHE,80,O,84,0.002799906669777674
ARG,463,NH2,PHE,429,O,84,0.002799906669777674
GLY,390,N,ASP,387,OD2,83,0.002766574447518416
THR,395,OG1,GLU,396,OE2,82,0.002733242225259158
ILE,151,N,ALA,148,O,81,0.0026999100029999
LYS,234,NZ,SER,231,O,81,0.0026999100029999
GLU,121,N,ILE,118,O,80,0.002666577780740642
SER,249,N,MET,244,O,80,0.002666577780740642
ALA,293,N,PRO,290,O,80,0.002666577780740642
THR,39,OG1,PHE,38,O,79,0.0026332455584813837
GLN,258,NE2,SER,256,OG,79,0.0026332455584813837
GLN,345,NE2,GLU,65,OE1,79,0.0026332455584813837
ARG,81,N,PHE,79,O,78,0.002599913336222126
GLY,90,N,ASN,89,ND2,78,0.002599913336222126
GLN,258,N,HIE,257,ND1,78,0.002599913336222126
PHE,374,N,PRO,371,O,78,0.002599913336222126
ARG,406,NE,SER,68,O,78,0.002599913336222126
GLY,448,N,GLU,446,OE1,78,0.002599913336222126
SER,68,N,ALA,64,O,77,0.002566581113962868
VAL,101,N,ARG,98,O,77,0.002566581113962868
ARG,159,NE,GLU,120,OE1,77,0.002566581113962868
PHE,199,N,LYS,197,O,77,0.002566581113962868
SER,231,N,ASP,229,O,76,0.00253324889170361
SER,266,N,ASN,263,O,76,0.00253324889170361
ARG,295,NH1,TYR,320,OH,76,0.00253324889170361
GLN,205,NE2,GLN,205,O,75,0.002499916669444352
ASN,259,ND2,ARG,92,NH1,75,0.002499916669444352
LYS,393,NZ,HIP,384,O,75,0.002499916669444352
GLN,457,NE2,ASP,138,N,75,0.002499916669444352
THR,395,OG1,GLU,396,OE1,74,0.002466584447185094
ARG,117,NH1,GLU,120,OE1,73,0.0024332522249258357
LYS,169,N,GLU,166,O,73,0.0024332522249258357
ARG,97,NH2,LYS,405,O,72,0.0023999200026665777
GLY,110,N,LYS,234,O,72,0.0023999200026665777
ARG,130,NH1,ASN,428,OD1,72,0.0023999200026665777
LEU,28,N,LYS,25,O,71,0.00236658778040732
GLU,359,N,GLU,359,OE2,71,0.00236658778040732
ALA,367,N,ILE,363,O,71,0.00236658778040732
GLN,445,NE2,GLN,445,O,71,0.00236658778040732
ARG,315,NH1,GLU,322,OE2,70,0.002333255558148062
ARG,70,NE,HID,341,NE2,69,0.002299923335888804
GLN,119,NE2,GLN,119,O,69,0.002299923335888804
ARG,130,NH2,GLN,123,OE1,69,0.002299923335888804
TYR,207,OH,GLN,211,OE1,69,0.002299923335888804
ARG,225,NH2,HIE,257,ND1,69,0.002299923335888804
GLY,110,N,MET,104,O,68,0.0022665911136295455
LYS,131,NZ,GLN,163,OE1,68,0.0022665911136295455
GLN,205,NE2,ASN,209,ND2,68,0.0022665911136295455
SER,276,OG,GLN,144,N,68,0.0022665911136295455
ARG,308,N,HIE,307,ND1,68,0.0022665911136295455
ARG,415,NH2,GLU,115,OE2,68,0.0022665911136295455
ILE,452,N,GLY,450,O,68,0.0022665911136295455
ARG,225,NH2,GLU,245,OE2,67,0.0022332588913702876
GLY,351,N,PHE,349,O,67,0.0022332588913702876
GLU,54,N,GLU,54,OE2,66,0.0021999266691110297
GLN,119,NE2,GLU,116,OE2,66,0.0021999266691110297
SER,100,OG,ARG,97,O,65,0.0021665944468517717
THR,103,OG1,THR,103,O,65,0.0021665944468517717
GLN,119,NE2,GLU,116,OE1,65,0.0021665944468517717
ARG,159,NE,GLU,121,OE1,65,0.0021665944468517717
ARG,298,NH1,GLU,294,O,65,0.0021665944468517717
ARG,330,N,GLU,327,O,65,0.0021665944468517717
TYR,352,OH,ARG,1,O,65,0.0021665944468517717
LYS,394,NZ,LEU,392,O,65,0.0021665944468517717
ILE,407,N,ARG,97,NH1,65,0.0021665944468517717
ARG,159,NE,GLU,120,OE2,64,0.0021332622245925138
GLY,390,N,ASP,387,OD1,64,0.0021332622245925138
GLN,165,NE2,GLN,163,OE1,62,0.0020665977800739975
TYR,320,N,GLU,299,OE1,62,0.0020665977800739975
GLN,445,N,PRO,453,O,62,0.0020665977800739975
GLN,445,NE2,THR,443,O,62,0.0020665977800739975
ARG,112,NH1,GLY,110,O,61,0.0020332655578147395
ARG,204,NE,LYS,197,O,61,0.0020332655578147395
HIE,313,NE2,GLU,311,OE2,61,0.0020332655578147395
ILE,425,N,PHE,422,O,61,0.0020332655578147395
ARG,117,NH1,GLU,120,OE2,60,0.0019999333355554816
SER,231,OG,ASP,229,O,60,0.0019999333355554816
SER,402,N,PRO,400,O,60,0.0019999333355554816
ARG,112,NH2,GLU,116,O,59,0.0019666011132962236
ILE,181,N,PHE,178,O,59,0.0019666011132962236
ARG,225,NH2,GLU,245,OE1,59,0.0019666011132962236
ARG,295,NE,GLU,294,OE1,59,0.0019666011132962236
ARG,29,NH1,LYS,25,O,58,0.0019332688910369655
ARG,81,NH2,GLN,211,OE1,58,0.0019332688910369655
PHE,141,N,ASP,138,OD2,58,0.0019332688910369655
ASN,172,ND2,ASN,172,O,58,0.0019332688910369655
LEU,242,N,THR,239,O,58,0.0019332688910369655
ASN,381,ND2,LYS,376,O,58,0.0019332688910369655
THR,395,OG1,TYR,373,O,58,0.0019332688910369655
LYS,25,NZ,ASP,19,OD1,57,0.0018999366687777073
LYS,133,N,LYS,131,O,57,0.0018999366687777073
THR,177,OG1,ASN,209,OD1,57,0.0018999366687777073
ALA,232,N,ASP,229,OD2,57,0.0018999366687777073
THR,272,OG1,ALA,148,N,57,0.0018999366687777073
ARG,295,NH2,HIE,291,ND1,57,0.0018999366687777073
ARG,298,NH1,ARG,298,O,57,0.0018999366687777073
SER,365,OG,ASP,333,OD1,57,0.0018999366687777073
ALA,391,N,ASN,389,O,57,0.0018999366687777073
LYS,394,NZ,GLU,396,OE1,57,0.0018999366687777073
ARG,21,N,ASP,19,O,56,0.0018666044465184494
ASN,91,ND2,HIE,252,O,56,0.0018666044465184494
GLY,134,N,SER,132,O,56,0.0018666044465184494
GLN,205,NE2,GLY,201,O,56,0.0018666044465184494
GLY,84,N,GLY,82,O,55,0.0018332722242591915
ILE,146,N,PHE,143,O,55,0.0018332722242591915
GLN,176,NE2,GLN,205,OE1,55,0.0018332722242591915
ARG,415,NH1,GLU,411,OE2,55,0.0018332722242591915
ARG,81,NH1,PHE,80,O,54,0.0017999400019999333
GLN,211,NE2,TYR,207,O,54,0.0017999400019999333
GLN,144,NE2,THR,140,O,53,0.0017666077797406754
ASN,261,ND2,GLN,258,O,53,0.0017666077797406754
LEU,262,N,ASN,259,O,53,0.0017666077797406754
MET,109,N,GLU,111,O,52,0.0017332755574814172
THR,395,OG1,LYS,394,O,52,0.0017332755574814172
ASN,89,ND2,PHE,87,O,51,0.0016999433352221593
SER,182,OG,LYS,451,N,51,0.0016999433352221593
LYS,208,NZ,ARG,204,O,51,0.0016999433352221593
LYS,208,NZ,ASN,209,OD1,51,0.0016999433352221593
ARG,225,NH1,GLU,245,OE2,51,0.0016999433352221593
ASN,250,ND2,HIE,252,ND1,51,0.0016999433352221593
ARG,415,NH2,GLU,115,OE1,51,0.0016999433352221593
ILE,73,N,ASP,77,OD2,50,0.0016666111129629013
ARG,81,N,VAL,76,O,50,0.0016666111129629013
ARG,105,NH1,ASP,106,OD2,50,0.0016666111129629013
GLN,123,NE2,GLU,127,OE2,50,0.0016666111129629013
GLN,176,NE2,TYR,175,OH,50,0.0016666111129629013
SER,276,OG,THR,147,OG1,50,0.0016666111129629013
LYS,288,NZ,GLU,438,O,50,0.0016666111129629013
LYS,451,N,SER,182,OG,50,0.0016666111129629013
ASN,14,ND2,GLY,13,O,49,0.0016332788907036432
ARG,97,NH2,GLU,411,OE2,49,0.0016332788907036432
GLY,108,N,ASP,106,O,49,0.0016332788907036432
ASN,259,ND2,ARG,92,NE,49,0.0016332788907036432
LYS,288,NZ,TYR,289,OH,49,0.0016332788907036432
ARG,350,NH1,ARG,350,O,49,0.0016332788907036432
ASP,383,N,ASN,381,ND2,49,0.0016332788907036432
ALA,59,N,ILE,56,O,48,0.0015999466684443852
THR,103,OG1,THR,239,OG1,48,0.0015999466684443852
TYR,216,OH,ASP,164,OD2,48,0.0015999466684443852
ARG,225,NH1,GLU,245,OE1,48,0.0015999466684443852
LYS,288,N,LEU,285,O,48,0.0015999466684443852
LYS,317,NZ,HIE,313,ND1,48,0.0015999466684443852
ASN,14,ND2,ARG,7,O,47,0.001566614446185127
HIE,252,NE2,GLU,247,OE2,47,0.001566614446185127
LEU,171,N,LEU,168,O,46,0.0015332822239258691
ASN,172,ND2,LYS,169,O,46,0.0015332822239258691
LEU,210,N,ASN,209,OD1,46,0.0015332822239258691
LYS,223,NZ,HIE,219,O,46,0.0015332822239258691
LYS,234,NZ,ASP,235,OD1,46,0.0015332822239258691
LYS,248,N,HID,243,O,46,0.0015332822239258691
ARG,308,N,GLY,305,O,46,0.0015332822239258691
PHE,331,N,ILE,328,O,46,0.0015332822239258691
THR,455,OG1,THR,455,O,46,0.0015332822239258691
GLN,457,NE2,TYR,456,O,46,0.0015332822239258691
ARG,463,NH1,SER,430,OG,46,0.0015332822239258691
GLU,54,N,GLU,54,OE1,45,0.0014999500016666112
GLY,69,N,THR,344,OG1,45,0.0014999500016666112
ARG,81,NH1,GLN,211,OE1,45,0.0014999500016666112
ILE,126,N,GLN,123,O,45,0.0014999500016666112
ARG,225,NE,GLU,226,OE2,45,0.0014999500016666112
GLY,390,N,ALA,388,O,44,0.001466617779407353
ARG,70,NH2,HID,341,ND1,43,0.001433285557148095
GLN,123,NE2,GLU,120,OE1,43,0.001433285557148095
ARG,204,NH2,PHE,199,O,43,0.001433285557148095
ASN,209,ND2,GLN,205,OE1,43,0.001433285557148095
ASN,214,ND2,GLN,211,NE2,43,0.001433285557148095
ALA,416,N,GLY,412,O,43,0.001433285557148095
LYS,451,NZ,GLY,448,O,43,0.001433285557148095
GLN,457,NE2,THR,455,O,43,0.001433285557148095
ARG,117,NE,PHE,107,O,42,0.001399953334888837
ASN,209,ND2,GLN,205,NE2,42,0.001399953334888837
ARG,308,NH2,VAL,303,O,42,0.001399953334888837
ILE,407,N,ARG,97,NH2,42,0.001399953334888837
PHE,422,N,PHE,419,O,42,0.001399953334888837
ARG,98,NH2,ASP,106,OD1,41,0.001366621112629579
GLN,119,N,GLU,116,O,41,0.001366621112629579
SER,145,N,LEU,142,O,41,0.001366621112629579
GLN,176,NE2,ASN,172,ND2,41,0.001366621112629579
ASN,214,ND2,ASN,261,ND2,41,0.001366621112629579
VAL,221,N,GLY,218,O,41,0.001366621112629579
GLU,294,N,HIE,291,O,41,0.001366621112629579
ARG,57,NH2,GLU,58,OE2,40,0.001333288890370321
SER,231,OG,ALA,232,O,40,0.001333288890370321
LYS,246,NZ,GLU,245,OE1,40,0.001333288890370321
SER,253,OG,GLU,247,O,40,0.001333288890370321
SER,256,OG,ASN,259,ND2,40,0.001333288890370321
ARG,7,NH1,GLY,5,O,39,0.001299956668111063
LYS,25,N,GLY,22,O,39,0.001299956668111063
ARG,31,NH2,HID,369,O,39,0.001299956668111063
ARG,57,NH1,TYR,373,OH,39,0.001299956668111063
LYS,72,NZ,ARG,81,O,39,0.001299956668111063
ARG,81,NH2,GLN,258,NE2,39,0.001299956668111063
THR,227,N,ARG,225,O,39,0.001299956668111063
ARG,298,NH2,GLN,302,OE1,39,0.001299956668111063
ARG,308,NH2,GLU,311,OE2,39,0.001299956668111063
HIE,313,NE2,GLU,311,OE1,39,0.001299956668111063
ASN,381,ND2,GLU,375,O,39,0.001299956668111063
ARG,112,N,PHE,107,O,38,0.001266624445851805
LYS,394,NZ,GLU,396,OE2,38,0.001266624445851805
ARG,463,NE,PHE,429,O,38,0.001266624445851805
ASN,14,ND2,GLN,17,NE2,37,0.001233292223592547
SER,100,N,ARG,97,O,37,0.001233292223592547
ARG,105,NH1,ASP,106,OD1,37,0.001233292223592547
LYS,169,NZ,GLN,165,O,37,0.001233292223592547
MET,286,N,PHE,283,O,37,0.001233292223592547
GLY,71,N,HID,341,N,36,0.0011999600013332889
ARG,97,NE,SER,100,OG,36,0.0011999600013332889
ARG,98,NH1,THR,102,OG1,36,0.0011999600013332889
SER,276,OG,GLN,144,OE1,36,0.0011999600013332889
ARG,295,N,VAL,292,O,36,0.0011999600013332889
ARG,308,NH2,GLU,311,OE1,36,0.0011999600013332889
SER,430,OG,GLU,294,OE2,36,0.0011999600013332889
GLY,448,N,GLU,446,OE2,36,0.0011999600013332889
ARG,57,NH2,GLU,396,O,35,0.001166627779074031
ARG,81,NH2,ASN,259,OD1,35,0.001166627779074031
LYS,234,NZ,GLY,157,O,35,0.001166627779074031
GLU,58,N,ALA,55,O,34,0.0011332955568147728
ARG,112,NH1,GLU,111,O,34,0.0011332955568147728
LYS,131,NZ,GLN,163,NE2,34,0.0011332955568147728
GLN,258,NE2,TYR,83,OH,34,0.0011332955568147728
HID,369,ND1,SER,365,OG,34,0.0011332955568147728
LYS,394,N,LEU,392,O,34,0.0011332955568147728
LYS,394,NZ,GLU,322,OE1,34,0.0011332955568147728
LEU,125,N,ALA,122,O,33,0.0010999633345555148
HIE,219,NE2,GLU,166,OE2,33,0.0010999633345555148
SER,249,OG,GLU,245,O,33,0.0010999633345555148
LEU,284,N,TYR,281,O,33,0.0010999633345555148
ARG,295,NH1,HIE,291,O,33,0.0010999633345555148
ARG,1,NH2,PRO,3,O,32,0.0010666311122962569
LEU,23,N,GLN,187,O,32,0.0010666311122962569
ARG,81,NH1,ASP,77,O,32,0.0010666311122962569
GLN,123,NE2,GLU,120,OE2,32,0.0010666311122962569
HIE,161,NE2,GLN,163,NE2,32,0.0010666311122962569
LYS,246,NZ,GLU,245,OE2,32,0.0010666311122962569
GLY,271,N,SER,266,O,32,0.0010666311122962569
ARG,20,NE,ARG,20,O,31,0.0010332988900369987
THR,103,OG1,SER,100,O,31,0.0010332988900369987
GLN,123,NE2,GLU,127,OE1,31,0.0010332988900369987
LYS,158,NZ,GLY,157,O,31,0.0010332988900369987
GLN,165,N,GLN,165,NE2,31,0.0010332988900369987
ARG,298,NE,GLN,302,OE1,31,0.0010332988900369987
ARG,298,NH1,GLN,302,OE1,31,0.0010332988900369987
LEU,312,N,GLU,115,OE1,31,0.0010332988900369987
THR,344,OG1,ILE,342,O,31,0.0010332988900369987
LYS,393,NZ,THR,395,OG1,31,0.0010332988900369987
ASN,428,ND2,PRO,306,O,31,0.0010332988900369987
PHE,27,N,LEU,24,O,30,0.0009999666677777408
ARG,112,N,ASP,106,O,30,0.0009999666677777408
VAL,155,N,CYS,152,O,30,0.0009999666677777408
ARG,159,NH2,HIE,161,ND1,30,0.0009999666677777408
GLN,163,N,GLN,163,OE1,30,0.0009999666677777408
SER,249,OG,HIE,257,ND1,30,0.0009999666677777408
LYS,317,NZ,HIE,313,NE2,30,0.0009999666677777408
ARG,463,NH1,GLN,427,O,30,0.0009999666677777408
GLY,43,N,LEU,12,O,29,0.0009666344455184827
ASN,89,ND2,ASN,89,O,29,0.0009666344455184827
LYS,94,NZ,GLU,65,OE1,29,0.0009666344455184827
GLU,111,N,GLU,111,OE2,29,0.0009666344455184827
HIE,219,NE2,GLU,166,OE1,29,0.0009666344455184827
LYS,234,NZ,MET,109,O,29,0.0009666344455184827
SER,256,OG,PHE,255,O,29,0.0009666344455184827
ASN,261,ND2,HIE,257,ND1,29,0.0009666344455184827
LEU,262,N,ASN,261,OD1,29,0.0009666344455184827
THR,274,N,GLY,271,O,29,0.0009666344455184827
PHE,421,N,LEU,418,O,29,0.0009666344455184827
ASN,14,ND2,HIE,41,ND1,28,0.0009333022232592247
ARG,20,NH1,ASP,19,OD1,28,0.0009333022232592247
VAL,95,N,ARG,92,O,28,0.0009333022232592247
PHE,99,N,LEU,96,O,28,0.0009333022232592247
THR,102,OG1,ASP,106,OD1,28,0.0009333022232592247
ARG,225,NH1,HIE,257,NE2,28,0.0009333022232592247
ASN,261,ND2,ASN,261,O,28,0.0009333022232592247
ARG,295,NE,TYR,320,OH,28,0.0009333022232592247
GLY,410,N,CM1,408,O,28,0.0009333022232592247
GLY,412,N,GLU,411,OE1,28,0.0009333022232592247
GLN,457,NE2,ASP,138,OD2,28,0.0009333022232592247
GLY,22,N,ARG,20,O,27,0.0008999700009999666
LYS,72,NZ,PHE,80,O,27,0.0008999700009999666
ALA,148,N,SER,145,O,27,0.0008999700009999666
TYR,240,N,ILE,237,O,27,0.0008999700009999666
HIE,257,N,HIE,257,ND1,27,0.0008999700009999666
THR,264,N,ASN,261,O,27,0.0008999700009999666
ILE,407,N,HM1,464,O1D,27,0.0008999700009999666
ARG,29,NE,GLN,17,O,26,0.0008666377787407086
ARG,130,N,GLU,127,O,26,0.0008666377787407086
ARG,204,NH1,TYR,198,O,26,0.0008666377787407086
GLN,211,NE2,GLU,212,OE1,26,0.0008666377787407086
ASN,259,ND2,TYR,240,OH,26,0.0008666377787407086
HID,341,ND1,VAL,339,O,26,0.0008666377787407086
ASN,381,ND2,GLU,375,OE1,26,0.0008666377787407086
THR,455,OG1,GLN,445,NE2,26,0.0008666377787407086
ARG,31,NH1,CYS,51,O,25,0.0008333055564814507
LEU,142,N,ASP,138,O,25,0.0008333055564814507
SER,153,N,ILE,150,O,25,0.0008333055564814507
SER,182,OG,GLU,446,O,25,0.0008333055564814507
ARG,204,NE,GLY,201,O,25,0.0008333055564814507
LYS,223,NZ,GLU,222,OE2,25,0.0008333055564814507
ILE,237,N,ASP,235,OD2,25,0.0008333055564814507
THR,272,OG1,THR,147,OG1,25,0.0008333055564814507
MET,318,N,ASP,314,O,25,0.0008333055564814507
HIP,384,NE2,GLU,375,OE2,25,0.0008333055564814507
GLN,445,NE2,ASP,441,OD2,25,0.0008333055564814507
LYS,451,N,VAL,449,O,25,0.0008333055564814507
ARG,7,NH1,ARG,7,O,24,0.0007999733342221926
ILE,73,N,ASP,77,OD1,24,0.0007999733342221926
LEU,96,N,TRP,93,O,24,0.0007999733342221926
PHE,107,N,THR,102,O,24,0.0007999733342221926
GLN,144,NE2,THR,272,O,24,0.0007999733342221926
ARG,295,NH1,HIE,291,ND1,24,0.0007999733342221926
ARG,295,NH2,GLU,299,OE2,24,0.0007999733342221926
GLU,396,N,TYR,373,OH,24,0.0007999733342221926
CM1,408,N,PHE,401,O,24,0.0007999733342221926
LYS,451,NZ,CYS,447,O,24,0.0007999733342221926
ARG,57,NH2,GLU,58,OE1,23,0.0007666411119629346
LYS,169,NZ,GLN,165,OE1,23,0.0007666411119629346
ALA,232,N,ASP,229,OD1,23,0.0007666411119629346
SER,256,OG,SER,249,O,23,0.0007666411119629346
VAL,292,N,HIE,291,ND1,23,0.0007666411119629346
ARG,7,NE,PRO,8,O,22,0.0007333088897036765
ARG,31,NE,CYS,51,O,22,0.0007333088897036765
TYR,83,OH,GLU,254,O,22,0.0007333088897036765
ASN,91,ND2,ASN,91,O,22,0.0007333088897036765
ARG,92,N,ASN,89,O,22,0.0007333088897036765
ASN,149,N,ILE,146,O,22,0.0007333088897036765
VAL,184,N,GLU,446,OE1,22,0.0007333088897036765
SER,256,OG,ASN,259,OD1,22,0.0007333088897036765
THR,275,OG1,THR,272,O,22,0.0007333088897036765
HIE,313,NE2,GLU,115,OE1,22,0.0007333088897036765
ALA,432,N,SER,430,O,22,0.0007333088897036765
LYS,63,N,ALA,59,O,21,0.0006999766674444185
ARG,117,NH1,GLY,157,O,21,0.0006999766674444185
ARG,130,NH1,ASN,428,O,21,0.0006999766674444185
GLN,211,NE2,GLU,212,OE2,21,0.0006999766674444185
ASP,235,N,ASP,238,OD1,21,0.0006999766674444185
SER,249,OG,GLU,247,O,21,0.0006999766674444185
SER,256,OG,SER,249,OG,21,0.0006999766674444185
GLN,457,NE2,ASP,138,OD1,21,0.0006999766674444185
PHE,141,N,ASP,138,OD1,20,0.0006666444451851605
SER,182,N,SER,179,O,20,0.0006666444451851605
VAL,184,N,GLU,446,OE2,20,0.0006666444451851605
ASN,209,ND2,GLN,176,NE2,20,0.0006666444451851605
ARG,225,NE,GLU,226,OE1,20,0.0006666444451851605
SER,266,OG,SER,266,O,20,0.0006666444451851605
TYR,281,OH,PHE,331,O,20,0.0006666444451851605
TYR,289,N,MET,286,O,20,0.0006666444451851605
LEU,312,N,GLN,119,OE1,20,0.0006666444451851605
THR,39,N,PRO,3,O,19,0.0006333122229259025
ARG,45,NH1,GLU,190,OE1,19,0.0006333122229259025
GLY,90,N,SER,68,O,19,0.0006333122229259025
LYS,197,NZ,ASP,77,OD1,19,0.0006333122229259025
ARG,204,NH1,GLN,205,OE1,19,0.0006333122229259025
GLN,205,N,GLN,205,OE1,19,0.0006333122229259025
GLU,222,N,HIE,219,O,19,0.0006333122229259025
ASN,250,ND2,ASN,250,O,19,0.0006333122229259025
GLN,258,NE2,ASN,214,ND2,19,0.0006333122229259025
LEU,312,N,GLU,115,OE2,19,0.0006333122229259025
ARG,330,NH2,GLU,327,OE2,19,0.0006333122229259025
PHE,380,N,TYR,289,OH,19,0.0006333122229259025
GLN,457,N,GLN,457,OE1,19,0.0006333122229259025
ARG,57,NE,ASP,62,OD1,18,0.0005999800006666444
ARG,92,NH1,ASN,89,OD1,18,0.0005999800006666444
ARG,97,NH1,GLU,411,OE1,18,0.0005999800006666444
ARG,98,NH2,HID,243,NE2,18,0.0005999800006666444
ARG,112,NH2,LYS,234,O,18,0.0005999800006666444
ARG,117,NH2,LYS,234,O,18,0.0005999800006666444
GLN,205,NE2,PRO,200,O,18,0.0005999800006666444
ARG,225,NE,GLU,245,OE2,18,0.0005999800006666444
LYS,234,N,ALA,232,O,18,0.0005999800006666444
GLU,273,N,PHE,269,O,18,0.0005999800006666444
THR,278,OG1,GLN,329,OE1,18,0.0005999800006666444
HIE,307,NE2,ASN,428,OD1,18,0.0005999800006666444
ARG,308,NH2,PRO,309,O,18,0.0005999800006666444
CYS,447,N,SER,182,O,18,0.0005999800006666444
LYS,33,N,ARG,31,O,17,0.0005666477784073864
ARG,57,NE,ASP,62,OD2,17,0.0005666477784073864
GLN,144,NE2,ARG,280,NH1,17,0.0005666477784073864
ARG,159,NH2,TYR,162,OH,17,0.0005666477784073864
GLN,163,NE2,ASP,164,OD1,17,0.0005666477784073864
ASN,209,ND2,THR,177,N,17,0.0005666477784073864
GLN,258,NE2,HIE,257,NE2,17,0.0005666477784073864
THR,344,OG1,GLN,345,NE2,17,0.0005666477784073864
TYR,352,N,ARG,350,O,17,0.0005666477784073864
LYS,376,NZ,ASP,383,OD2,17,0.0005666477784073864
ASN,381,ND2,PHE,380,O,17,0.0005666477784073864
ARG,459,NE,PHE,460,O,17,0.0005666477784073864
ARG,463,NE,SER,430,OG,17,0.0005666477784073864
ARG,31,NE,GLY,35,O,16,0.0005333155561481284
ARG,31,NH1,HID,369,O,16,0.0005333155561481284
MET,75,N,GLU,190,OE1,16,0.0005333155561481284
TYR,83,OH,GLN,258,OE1,16,0.0005333155561481284
VAL,85,N,ASN,263,ND2,16,0.0005333155561481284
ARG,130,NH2,ARG,463,O,16,0.0005333155561481284
ASN,149,ND2,TYR,162,OH,16,0.0005333155561481284
TYR,175,OH,ASN,172,OD1,16,0.0005333155561481284
GLN,176,N,LEU,173,O,16,0.0005333155561481284
LYS,248,NZ,LYS,246,O,16,0.0005333155561481284
ASN,250,ND2,SER,249,OG,16,0.0005333155561481284
ASN,263,ND2,TYR,240,OH,16,0.0005333155561481284
THR,272,OG1,GLY,271,O,16,0.0005333155561481284
THR,275,OG1,GLU,417,OE2,16,0.0005333155561481284
ARG,298,N,ARG,295,O,16,0.0005333155561481284
ARG,308,N,GLN,427,NE2,16,0.0005333155561481284
ASN,389,ND2,ALA,388,O,16,0.0005333155561481284
LYS,393,NZ,LYS,393,O,16,0.0005333155561481284
ARG,98,NE,ARG,98,O,15,0.0004999833338888704
ARG,105,NH2,PRO,233,O,15,0.0004999833338888704
ARG,112,NH1,GLU,116,O,15,0.0004999833338888704
ARG,112,NH1,GLY,157,O,15,0.0004999833338888704
GLN,163,NE2,HIE,161,NE2,15,0.0004999833338888704
GLU,166,N,GLN,165,OE1,15,0.0004999833338888704
LYS,169,NZ,GLU,212,O,15,0.0004999833338888704
ARG,225,NE,GLU,245,OE1,15,0.0004999833338888704
GLN,258,N,GLN,258,NE2,15,0.0004999833338888704
ARG,280,NH2,ASP,138,OD1,15,0.0004999833338888704
VAL,296,N,ALA,293,O,15,0.0004999833338888704
ARG,315,NH1,GLU,322,OE1,15,0.0004999833338888704
GLY,412,N,LEU,409,O,15,0.0004999833338888704
GLY,412,N,GLU,411,OE2,15,0.0004999833338888704
GLU,417,N,GLU,417,OE1,15,0.0004999833338888704
ASP,441,N,ASP,439,O,15,0.0004999833338888704
ARG,29,NH2,GLN,17,OE1,14,0.00046665111162961235
ARG,81,N,PRO,78,O,14,0.00046665111162961235
ARG,97,N,LYS,94,O,14,0.00046665111162961235
ARG,98,NH1,LYS,94,O,14,0.00046665111162961235
ARG,98,NH1,ASP,106,OD1,14,0.00046665111162961235
ARG,105,NH1,VAL,101,O,14,0.00046665111162961235
ARG,112,NH1,MET,109,O,14,0.00046665111162961235
ARG,130,NE,ASN,428,OD1,14,0.00046665111162961235
GLN,163,NE2,GLN,163,O,14,0.00046665111162961235
GLN,258,NE2,ARG,81,NH2,14,0.00046665111162961235
TYR,281,OH,ASP,333,OD2,14,0.00046665111162961235
ASP,357,N,THR,344,O,14,0.00046665111162961235
THR,395,N,LYS,393,O,14,0.00046665111162961235
ARG,31,NE,LEU,28,O,13,0.0004333188893703543
ARG,31,NH2,CYS,51,O,13,0.0004333188893703543
ILE,56,N,VAL,53,O,13,0.0004333188893703543
ARG,57,NH1,GLU,58,OE1,13,0.0004333188893703543
LYS,63,NZ,ASP,62,O,13,0.0004333188893703543
GLU,116,N,GLU,115,OE2,13,0.0004333188893703543
ARG,117,NH2,SER,153,OG,13,0.0004333188893703543
GLN,119,NE2,GLN,123,OE1,13,0.0004333188893703543
ARG,130,NH1,GLN,123,OE1,13,0.0004333188893703543
ASN,250,N,LYS,246,O,13,0.0004333188893703543
THR,278,OG1,SER,332,OG,13,0.0004333188893703543
TYR,281,N,THR,278,O,13,0.0004333188893703543
ARG,295,NH2,GLN,302,OE1,13,0.0004333188893703543
GLU,359,N,PRO,46,O,13,0.0004333188893703543
LEU,442,N,ASP,441,OD1,13,0.0004333188893703543
LEU,442,N,ASP,441,OD2,13,0.0004333188893703543
ARG,1,N,GLY,351,O,12,0.0003999866671110963
LEU,23,N,GLN,187,NE2,12,0.0003999866671110963
HIE,41,NE2,PRO,10,O,12,0.0003999866671110963
GLY,69,N,ALA,66,O,12,0.0003999866671110963
ASN,89,ND2,ALA,88,O,12,0.0003999866671110963
VAL,114,N,GLU,115,OE2,12,0.0003999866671110963
ARG,159,NH2,GLU,111,OE1,12,0.0003999866671110963
TYR,175,OH,PRO,453,O,12,0.0003999866671110963
LYS,223,NZ,GLU,222,OE1,12,0.0003999866671110963
HIE,252,NE2,ASN,91,O,12,0.0003999866671110963
HIE,252,NE2,GLU,247,O,12,0.0003999866671110963
GLU,254,N,GLU,254,OE1,12,0.0003999866671110963
ASN,263,ND2,ASN,259,OD1,12,0.0003999866671110963
ARG,280,NH1,PRO,453,O,12,0.0003999866671110963
LYS,288,NZ,LYS,288,O,12,0.0003999866671110963
ARG,308,NH2,ILE,304,O,12,0.0003999866671110963
LYS,405,NZ,LEU,60,O,12,0.0003999866671110963
GLU,411,N,GLU,411,OE1,12,0.0003999866671110963
ARG,1,NH2,ARG,350,O,11,0.00036665444485183826
GLN,17,NE2,LEU,16,O,11,0.00036665444485183826
ARG,70,NE,VAL,339,O,11,0.00036665444485183826
LYS,72,NZ,ARG,45,NH2,11,0.00036665444485183826
TYR,83,OH,ASN,259,OD1,11,0.00036665444485183826
LYS,94,NZ,GLU,65,OE2,11,0.00036665444485183826
ARG,105,NH2,THR,102,OG1,11,0.00036665444485183826
GLY,108,N,LYS,234,O,11,0.00036665444485183826
GLU,111,N,ASP,106,OD2,11,0.00036665444485183826
ARG,130,NH2,ARG,463,OXT,11,0.00036665444485183826
TYR,162,OH,ASN,149,OD1,11,0.00036665444485183826
GLN,163,N,HIE,161,NE2,11,0.00036665444485183826
LEU,168,N,GLN,165,O,11,0.00036665444485183826
SER,179,N,GLN,176,O,11,0.00036665444485183826
SER,179,OG,GLN,176,OE1,11,0.00036665444485183826
SER,182,OG,CYS,447,O,11,0.00036665444485183826
GLY,201,N,ARG,204,NE,11,0.00036665444485183826
SER,231,OG,PRO,230,O,11,0.00036665444485183826
THR,239,N,LEU,236,O,11,0.00036665444485183826
MET,244,N,LEU,241,O,11,0.00036665444485183826
HIE,252,N,ASN,250,O,11,0.00036665444485183826
SER,256,OG,SER,253,O,11,0.00036665444485183826
ASN,259,ND2,GLN,258,OE1,11,0.00036665444485183826
THR,278,N,THR,275,O,11,0.00036665444485183826
ARG,280,NE,PRO,454,O,11,0.00036665444485183826
ARG,280,NH2,TYR,175,OH,11,0.00036665444485183826
TYR,281,OH,ASP,333,O,11,0.00036665444485183826
ARG,308,NE,PRO,309,O,11,0.00036665444485183826
ARG,315,NH2,TYR,326,OH,11,0.00036665444485183826
HIE,346,N,GLN,345,NE2,11,0.00036665444485183826
LYS,393,NZ,ASP,383,OD1,11,0.00036665444485183826
GLN,427,NE2,PRO,306,O,11,0.00036665444485183826
LEU,461,N,ARG,459,O,11,0.00036665444485183826
ARG,7,N,GLN,17,OE1,10,0.00033332222259258026
ARG,57,NH1,LEU,403,O,10,0.00033332222259258026
LYS,63,NZ,GLU,65,OE2,10,0.00033332222259258026
ASN,91,N,ASN,89,OD1,10,0.00033332222259258026
GLY,110,N,GLY,108,O,10,0.00033332222259258026
SER,132,OG,PHE,460,O,10,0.00033332222259258026
GLN,165,NE2,GLN,163,NE2,10,0.00033332222259258026
GLN,187,NE2,VAL,184,N,10,0.00033332222259258026
ARG,204,NE,HIE,203,NE2,10,0.00033332222259258026
LYS,208,NZ,GLN,205,NE2,10,0.00033332222259258026
GLN,211,NE2,LYS,208,O,10,0.00033332222259258026
LYS,234,NZ,ASP,229,O,10,0.00033332222259258026
HIE,252,NE2,ASN,91,ND2,10,0.00033332222259258026
HIE,257,NE2,GLY,218,O,10,0.00033332222259258026
THR,274,OG1,GLY,271,O,10,0.00033332222259258026
LEU,285,N,GLY,282,O,10,0.00033332222259258026
ARG,295,NE,HIE,291,ND1,10,0.00033332222259258026
HIE,307,N,HIE,307,ND1,10,0.00033332222259258026
ILE,325,N,GLU,322,O,10,0.00033332222259258026
THR,344,OG1,ASP,357,OD1,10,0.00033332222259258026
HIE,372,NE2,GLU,54,OE2,10,0.00033332222259258026
LYS,376,NZ,ASN,381,OD1,10,0.00033332222259258026
PHE,398,N,THR,395,OG1,10,0.00033332222259258026
GLN,457,NE2,LEU,136,O,10,0.00033332222259258026
GLN,457,NE2,THR,455,OG1,10,0.00033332222259258026
PHE,460,N,ALA,135,O,10,0.00033332222259258026
ARG,463,NH2,SER,430,OG,10,0.00033332222259258026
LYS,33,NZ,LYS,33,O,9,0.0002999900003333222
LYS,63,NZ,SER,348,OG,9,0.0002999900003333222
SER,68,OG,SER,68,O,9,0.0002999900003333222
ARG,70,NH1,HM1,464,O2D,9,0.0002999900003333222
ARG,105,NE,ARG,105,O,9,0.0002999900003333222
ARG,130,NH1,ARG,463,O,9,0.0002999900003333222
SER,132,OG,SER,132,O,9,0.0002999900003333222
GLN,165,NE2,TYR,162,O,9,0.0002999900003333222
LYS,197,NZ,LEU,196,O,9,0.0002999900003333222
ARG,204,NE,GLN,205,OE1,9,0.0002999900003333222
ILE,217,N,ASN,214,O,9,0.0002999900003333222
LYS,234,NZ,PHE,156,O,9,0.0002999900003333222
ASN,250,ND2,SER,249,O,9,0.0002999900003333222
ASN,250,ND2,HIE,252,NE2,9,0.0002999900003333222
GLU,254,N,GLU,254,OE2,9,0.0002999900003333222
HIE,257,NE2,VAL,221,O,9,0.0002999900003333222
ARG,280,NE,THR,140,OG1,9,0.0002999900003333222
HIE,307,NE2,ARG,463,O,9,0.0002999900003333222
ASP,333,N,ARG,330,O,9,0.0002999900003333222
ASN,389,ND2,ASN,389,O,9,0.0002999900003333222
ALA,391,N,ASN,389,ND2,9,0.0002999900003333222
ARG,7,NE,GLY,5,O,8,0.0002666577780740642
GLN,17,NE2,ARG,7,N,8,0.0002666577780740642
ARG,20,NH2,MET,18,O,8,0.0002666577780740642
ALA,66,N,GLU,65,OE1,8,0.0002666577780740642
LYS,72,NZ,GLU,190,O,8,0.0002666577780740642
THR,103,N,VAL,101,O,8,0.0002666577780740642
GLU,111,N,ASP,106,OD1,8,0.0002666577780740642
GLU,111,N,GLU,111,OE1,8,0.0002666577780740642
ARG,112,NE,GLU,120,OE2,8,0.0002666577780740642
ARG,112,NH2,GLY,157,O,8,0.0002666577780740642
GLN,176,NE2,GLN,205,NE2,8,0.0002666577780740642
SER,193,N,GLU,190,O,8,0.0002666577780740642
LYS,223,NZ,GLU,166,OE1,8,0.0002666577780740642
SER,249,N,GLU,245,O,8,0.0002666577780740642
ALA,251,N,SER,249,O,8,0.0002666577780740642
HIE,252,NE2,ASN,91,OD1,8,0.0002666577780740642
SER,253,OG,SER,249,OG,8,0.0002666577780740642
ASN,263,N,GLN,258,O,8,0.0002666577780740642
ASN,263,N,LEU,260,O,8,0.0002666577780740642
THR,275,N,THR,272,O,8,0.0002666577780740642
ARG,280,NH2,THR,140,OG1,8,0.0002666577780740642
ARG,298,NE,GLU,294,O,8,0.0002666577780740642
HIE,307,NE2,ARG,463,OXT,8,0.0002666577780740642
TYR,320,OH,VAL,292,O,8,0.0002666577780740642
GLN,345,NE2,GLN,345,O,8,0.0002666577780740642
ARG,350,NH2,ALA,55,N,8,0.0002666577780740642
GLY,351,N,SER,348,O,8,0.0002666577780740642
ASP,378,N,ASP,378,OD1,8,0.0002666577780740642
ARG,415,NH1,ALA,414,O,8,0.0002666577780740642
LEU,420,N,GLU,417,O,8,0.0002666577780740642
THR,424,OG1,ALA,122,O,8,0.0002666577780740642
ARG,20,NE,MET,18,O,7,0.00023332555581480617
LYS,25,NZ,ARG,21,NH1,7,0.00023332555581480617
LYS,33,NZ,GLN,17,OE1,7,0.00023332555581480617
ALA,66,N,GLU,65,OE2,7,0.00023332555581480617
ARG,70,NH2,PRO,340,O,7,0.00023332555581480617
ARG,81,NE,ARG,81,O,7,0.00023332555581480617
ASN,91,ND2,ASN,89,OD1,7,0.00023332555581480617
LYS,94,N,ASN,91,O,7,0.00023332555581480617
ARG,98,NE,LYS,94,O,7,0.00023332555581480617
ARG,98,NE,THR,102,OG1,7,0.00023332555581480617
ARG,105,NH1,THR,102,OG1,7,0.00023332555581480617
GLU,116,N,GLU,115,OE1,7,0.00023332555581480617
GLN,119,NE2,GLN,123,NE2,7,0.00023332555581480617
ARG,159,NH1,ARG,117,O,7,0.00023332555581480617
PHE,167,N,GLN,165,O,7,0.00023332555581480617
ASN,172,ND2,LEU,171,O,7,0.00023332555581480617
TYR,198,N,GLY,194,O,7,0.00023332555581480617
ARG,204,NH2,PHE,199,N,7,0.00023332555581480617
GLU,226,N,HIP,224,O,7,0.00023332555581480617
TYR,240,OH,SER,256,N,7,0.00023332555581480617
TYR,240,OH,ASN,259,O,7,0.00023332555581480617
HID,243,ND1,HID,243,O,7,0.00023332555581480617
SER,249,N,GLU,247,O,7,0.00023332555581480617
SER,253,N,ASN,250,OD1,7,0.00023332555581480617
SER,256,OG,ALA,251,O,7,0.00023332555581480617
SER,276,OG,GLU,273,O,7,0.00023332555581480617
ARG,295,NH1,ASP,383,OD2,7,0.00023332555581480617
HIE,313,NE2,GLU,115,OE2,7,0.00023332555581480617
ARG,315,NH1,ALA,414,O,7,0.00023332555581480617
THR,344,OG1,ASP,357,OD2,7,0.00023332555581480617
GLN,345,NE2,ALA,66,N,7,0.00023332555581480617
THR,347,OG1,SER,348,O,7,0.00023332555581480617
LEU,362,N,HID,341,NE2,7,0.00023332555581480617
LEU,368,N,SER,365,O,7,0.00023332555581480617
ALA,379,N,ASP,378,OD2,7,0.00023332555581480617
LYS,393,NZ,ASP,383,OD2,7,0.00023332555581480617
LYS,394,NZ,THR,395,O,7,0.00023332555581480617
LEU,403,N,ARG,406,O,7,0.00023332555581480617
GLU,417,N,GLU,417,OE2,7,0.00023332555581480617
PHE,419,N,ARG,415,O,7,0.00023332555581480617
THR,424,N,PHE,421,O,7,0.00023332555581480617
ASN,428,ND2,GLN,427,O,7,0.00023332555581480617
ARG,1,NH1,SER,348,OG,6,0.00019999333355554815
ARG,1,NH2,TYR,352,OH,6,0.00019999333355554815
ARG,7,NE,ARG,7,O,6,0.00019999333355554815
ARG,20,NH2,LEU,16,O,6,0.00019999333355554815
SER,26,OG,GLN,17,O,6,0.00019999333355554815
ARG,29,NH2,ARG,21,NH2,6,0.00019999333355554815
VAL,37,N,GLY,35,O,6,0.00019999333355554815
LYS,63,NZ,GLU,58,O,6,0.00019999333355554815
ARG,70,NH1,HM1,464,O2A,6,0.00019999333355554815
LYS,72,NZ,ARG,70,O,6,0.00019999333355554815
ARG,81,NH1,ASN,259,OD1,6,0.00019999333355554815
ASN,89,N,ARG,92,NH2,6,0.00019999333355554815
LEU,96,N,ASN,91,O,6,0.00019999333355554815
ARG,105,NH1,ARG,105,O,6,0.00019999333355554815
ARG,112,NE,GLU,111,O,6,0.00019999333355554815
ARG,112,NE,GLU,120,OE1,6,0.00019999333355554815
SER,153,OG,GLY,157,O,6,0.00019999333355554815
GLN,163,NE2,ASP,164,OD2,6,0.00019999333355554815
THR,177,OG1,PHE,174,O,6,0.00019999333355554815
SER,179,OG,GLU,446,OE1,6,0.00019999333355554815
PHE,199,N,PHE,195,O,6,0.00019999333355554815
LYS,208,NZ,LYS,208,O,6,0.00019999333355554815
GLY,218,N,ALA,215,O,6,0.00019999333355554815
LYS,223,NZ,LYS,223,O,6,0.00019999333355554815
TYR,240,OH,LEU,260,N,6,0.00019999333355554815
SER,249,OG,MET,244,O,6,0.00019999333355554815
SER,249,OG,SER,249,O,6,0.00019999333355554815
HIE,252,N,HIE,252,ND1,6,0.00019999333355554815
SER,253,N,ALA,251,O,6,0.00019999333355554815
SER,256,N,SER,253,O,6,0.00019999333355554815
GLY,271,N,PHE,269,O,6,0.00019999333355554815
ARG,295,NE,ARG,295,O,6,0.00019999333355554815
ARG,295,NH2,ASP,383,OD1,6,0.00019999333355554815
TYR,297,OH,PRO,306,O,6,0.00019999333355554815
GLN,329,N,TYR,326,O,6,0.00019999333355554815
SER,348,OG,GLY,351,O,6,0.00019999333355554815
ARG,350,NH1,GLU,54,O,6,0.00019999333355554815
HIE,372,NE2,GLU,54,OE1,6,0.00019999333355554815
ASP,378,N,ASP,378,OD2,6,0.00019999333355554815
LYS,394,NZ,GLU,322,OE2,6,0.00019999333355554815
ARG,406,NE,SER,68,OG,6,0.00019999333355554815
ARG,415,NH1,ARG,415,O,6,0.00019999333355554815
ARG,415,NH2,TYR,326,OH,6,0.00019999333355554815
PHE,429,N,LEU,426,O,6,0.00019999333355554815
SER,430,OG,SER,430,O,6,0.00019999333355554815
GLY,450,N,GLY,448,O,6,0.00019999333355554815
ARG,1,N,TYR,352,OH,5,0.00016666111129629013
ARG,7,NH2,PRO,8,O,5,0.00016666111129629013
ARG,29,NH2,MET,18,O,5,0.00016666111129629013
GLY,35,N,PHE,30,O,5,0.00016666111129629013
ARG,70,NE,HID,341,ND1,5,0.00016666111129629013
GLY,82,N,ASP,77,OD2,5,0.00016666111129629013
TYR,83,N,ARG,81,O,5,0.00016666111129629013
ARG,92,NH1,GLU,254,OE2,5,0.00016666111129629013
ARG,97,NH1,ARG,97,O,5,0.00016666111129629013
THR,102,OG1,HID,243,NE2,5,0.00016666111129629013
ARG,105,NE,THR,102,O,5,0.00016666111129629013
GLU,116,N,GLU,116,OE2,5,0.00016666111129629013
ARG,130,NH1,ARG,463,OXT,5,0.00016666111129629013
LEU,136,N,ARG,459,NH1,5,0.00016666111129629013
THR,147,OG1,SER,276,OG,5,0.00016666111129629013
LYS,158,NZ,ASP,164,OD1,5,0.00016666111129629013
TYR,162,OH,GLU,128,OE2,5,0.00016666111129629013
TYR,175,OH,GLN,445,NE2,5,0.00016666111129629013
THR,177,N,TYR,175,O,5,0.00016666111129629013
SER,182,OG,SER,182,O,5,0.00016666111129629013
SER,183,N,ILE,181,O,5,0.00016666111129629013
LYS,197,NZ,ASP,77,OD2,5,0.00016666111129629013
ASN,214,ND2,GLN,258,NE2,5,0.00016666111129629013
LYS,223,N,SER,220,O,5,0.00016666111129629013
ARG,225,NH2,HIE,257,NE2,5,0.00016666111129629013
THR,227,OG1,ARG,225,O,5,0.00016666111129629013
THR,227,OG1,THR,227,O,5,0.00016666111129629013
LYS,234,NZ,GLY,108,O,5,0.00016666111129629013
LYS,248,N,LYS,246,O,5,0.00016666111129629013
LEU,279,N,SER,276,O,5,0.00016666111129629013
ARG,280,NH1,SER,276,O,5,0.00016666111129629013
PHE,283,N,ARG,280,O,5,0.00016666111129629013
ARG,295,NH2,ASP,383,OD2,5,0.00016666111129629013
LYS,317,NZ,VAL,303,O,5,0.00016666111129629013
TYR,326,OH,ARG,415,NH2,5,0.00016666111129629013
VAL,339,N,MET,337,O,5,0.00016666111129629013
TYR,352,OH,LEU,2,O,5,0.00016666111129629013
ARG,415,NE,ALA,414,O,5,0.00016666111129629013
ARG,415,NH1,GLY,412,O,5,0.00016666111129629013
SER,430,N,PRO,462,O,5,0.00016666111129629013
GLY,13,N,LEU,11,O,4,0.0001333288890370321
GLN,17,NE2,GLN,17,O,4,0.0001333288890370321
ARG,29,NH1,ARG,29,O,4,0.0001333288890370321
TYR,34,OH,GLY,5,O,4,0.0001333288890370321
ARG,45,NH1,LYS,72,O,4,0.0001333288890370321
LYS,72,NZ,PHE,87,O,4,0.0001333288890370321
ARG,81,NE,TYR,83,OH,4,0.0001333288890370321
ARG,81,NH2,GLN,258,O,4,0.0001333288890370321
GLY,82,N,ASP,77,OD1,4,0.0001333288890370321
TYR,83,OH,GLN,258,O,4,0.0001333288890370321
ASN,89,ND2,ARG,70,N,4,0.0001333288890370321
ARG,92,NH1,ARG,81,O,4,0.0001333288890370321
ARG,97,NH1,ARG,406,O,4,0.0001333288890370321
ARG,97,NH1,LEU,409,N,4,0.0001333288890370321
ARG,97,NH2,VAL,101,N,4,0.0001333288890370321
ARG,98,NH1,ASP,106,OD2,4,0.0001333288890370321
ARG,98,NH2,ASN,91,OD1,4,0.0001333288890370321
ARG,105,NE,GLU,411,OE2,4,0.0001333288890370321
ARG,130,NH2,ASN,428,O,4,0.0001333288890370321
SER,132,OG,LYS,133,O,4,0.0001333288890370321
LYS,133,NZ,LYS,133,O,4,0.0001333288890370321
GLY,157,N,SER,153,O,4,0.0001333288890370321
ASN,172,N,MET,170,O,4,0.0001333288890370321
TYR,175,N,ASN,172,O,4,0.0001333288890370321
THR,177,OG1,GLN,176,O,4,0.0001333288890370321
GLN,187,NE2,VAL,184,O,4,0.0001333288890370321
ASN,209,ND2,VAL,206,O,4,0.0001333288890370321
ASN,209,ND2,GLU,212,OE1,4,0.0001333288890370321
ARG,225,NE,VAL,221,O,4,0.0001333288890370321
SER,231,OG,ASP,238,OD2,4,0.0001333288890370321
LYS,234,NZ,PRO,233,O,4,0.0001333288890370321
GLU,247,N,LEU,242,O,4,0.0001333288890370321
ASN,250,ND2,LYS,248,O,4,0.0001333288890370321
SER,256,OG,GLN,258,NE2,4,0.0001333288890370321
HIE,257,NE2,ARG,225,NH1,4,0.0001333288890370321
THR,274,N,GLY,271,N,4,0.0001333288890370321
ARG,280,NH2,ASP,138,OD2,4,0.0001333288890370321
ARG,295,NH1,ASP,383,OD1,4,0.0001333288890370321
ARG,295,NH2,VAL,292,N,4,0.0001333288890370321
ARG,298,NH2,GLN,302,NE2,4,0.0001333288890370321
GLN,302,NE2,ARG,298,NH2,4,0.0001333288890370321
GLN,302,NE2,GLU,301,O,4,0.0001333288890370321
TYR,326,N,ALA,323,O,4,0.0001333288890370321
TYR,326,OH,ARG,415,NH1,4,0.0001333288890370321
ILE,328,N,ILE,325,O,4,0.0001333288890370321
ASP,333,N,GLN,329,O,4,0.0001333288890370321
THR,347,N,GLN,345,O,4,0.0001333288890370321
THR,347,OG1,GLN,345,OE1,4,0.0001333288890370321
PHE,349,N,THR,347,O,4,0.0001333288890370321
GLY,351,N,SER,348,OG,4,0.0001333288890370321
HIP,384,NE2,GLU,375,OE1,4,0.0001333288890370321
LYS,405,N,LEU,403,O,4,0.0001333288890370321
LYS,405,NZ,VAL,61,O,4,0.0001333288890370321
ARG,406,NH1,HM1,464,O1D,4,0.0001333288890370321
GLU,411,N,GLU,411,OE2,4,0.0001333288890370321
ARG,415,NH1,GLU,411,O,4,0.0001333288890370321
SER,430,OG,ARG,463,NH1,4,0.0001333288890370321
TYR,456,N,ASP,138,OD2,4,0.0001333288890370321
GLN,457,NE2,MET,137,O,4,0.0001333288890370321
ARG,1,NE,TYR,352,OH,3,9.999666677777408e-05
ARG,1,NH1,TYR,352,OH,3,9.999666677777408e-05
LYS,25,NZ,ASP,378,OD1,3,9.999666677777408e-05
ARG,31,NE,ARG,31,O,3,9.999666677777408e-05
LYS,33,NZ,GLU,32,O,3,9.999666677777408e-05
HIE,41,NE2,PRO,44,O,3,9.999666677777408e-05
GLU,58,N,VAL,53,O,3,9.999666677777408e-05
ARG,70,NH1,ARG,406,NH1,3,9.999666677777408e-05
LYS,72,NZ,ARG,45,NH1,3,9.999666677777408e-05
ARG,81,NH2,ASP,77,O,3,9.999666677777408e-05
ARG,81,NH2,GLN,211,NE2,3,9.999666677777408e-05
GLY,84,N,ASN,263,OD1,3,9.999666677777408e-05
ARG,92,N,ASN,91,OD1,3,9.999666677777408e-05
ARG,92,NH1,TYR,83,OH,3,9.999666677777408e-05
ARG,92,NH2,TYR,83,OH,3,9.999666677777408e-05
LYS,94,NZ,GLY,90,O,3,9.999666677777408e-05
SER,113,N,ARG,112,NH1,3,9.999666677777408e-05
ARG,117,NH2,SER,113,O,3,9.999666677777408e-05
LEU,129,N,ILE,126,O,3,9.999666677777408e-05
LYS,131,NZ,GLU,128,O,3,9.999666677777408e-05
LYS,131,NZ,LYS,131,O,3,9.999666677777408e-05
MET,137,N,ALA,135,O,3,9.999666677777408e-05
TYR,162,OH,CYS,124,O,3,9.999666677777408e-05
TYR,162,OH,GLU,128,OE1,3,9.999666677777408e-05
GLN,165,N,ASP,164,OD2,3,9.999666677777408e-05
LYS,169,NZ,GLN,176,OE1,3,9.999666677777408e-05
SER,193,N,LEU,191,O,3,9.999666677777408e-05
PHE,195,N,SER,193,O,3,9.999666677777408e-05
LYS,197,NZ,SER,193,OG,3,9.999666677777408e-05
GLN,205,NE2,GLN,176,NE2,3,9.999666677777408e-05
GLN,205,NE2,GLN,176,O,3,9.999666677777408e-05
TYR,207,OH,GLN,211,NE2,3,9.999666677777408e-05
ASN,214,ND2,ASN,261,O,3,9.999666677777408e-05
ARG,225,NE,GLU,222,O,3,9.999666677777408e-05
THR,239,OG1,LEU,236,O,3,9.999666677777408e-05
LYS,246,NZ,HID,243,ND1,3,9.999666677777408e-05
LYS,246,NZ,SER,249,OG,3,9.999666677777408e-05
GLU,247,N,GLU,245,O,3,9.999666677777408e-05
LYS,248,NZ,ASN,250,OD1,3,9.999666677777408e-05
SER,249,OG,LYS,248,O,3,9.999666677777408e-05
SER,249,OG,SER,253,OG,3,9.999666677777408e-05
ASN,250,ND2,SER,253,OG,3,9.999666677777408e-05
ASN,259,ND2,TYR,83,OH,3,9.999666677777408e-05
ASN,259,ND2,SER,253,O,3,9.999666677777408e-05
ARG,280,NH2,PRO,453,O,3,9.999666677777408e-05
TYR,281,OH,ASP,333,OD1,3,9.999666677777408e-05
GLY,282,N,LEU,279,O,3,9.999666677777408e-05
GLN,302,NE2,LYS,317,O,3,9.999666677777408e-05
ILE,304,N,GLU,299,O,3,9.999666677777408e-05
HIE,307,N,GLY,305,O,3,9.999666677777408e-05
ARG,308,NH1,GLU,311,OE1,3,9.999666677777408e-05
HIE,313,N,GLU,311,O,3,9.999666677777408e-05
HIE,313,NE2,ARG,308,NH1,3,9.999666677777408e-05
ARG,315,NH2,LEU,312,O,3,9.999666677777408e-05
SER,332,OG,THR,278,N,3,9.999666677777408e-05
LEU,334,N,ASP,333,OD2,3,9.999666677777408e-05
HID,341,ND1,VAL,360,O,3,9.999666677777408e-05
THR,347,OG1,ILE,354,O,3,9.999666677777408e-05
ARG,350,NE,ARG,350,O,3,9.999666677777408e-05
GLU,375,N,TYR,373,O,3,9.999666677777408e-05
ALA,379,N,ASP,378,OD1,3,9.999666677777408e-05
ASP,383,N,ASP,383,OD1,3,9.999666677777408e-05
GLY,390,N,ASN,389,OD1,3,9.999666677777408e-05
LYS,405,NZ,PHE,67,O,3,9.999666677777408e-05
ARG,415,NH2,ALA,414,O,3,9.999666677777408e-05
SER,430,OG,MET,431,O,3,9.999666677777408e-05
SER,430,OG,ARG,463,OXT,3,9.999666677777408e-05
THR,443,N,ASP,441,O,3,9.999666677777408e-05
CYS,447,N,GLN,187,NE2,3,9.999666677777408e-05
ARG,459,NE,SER,433,O,3,9.999666677777408e-05
ARG,1,NH2,HIE,346,ND1,2,6.666444451851606e-05
GLY,13,N,PRO,10,O,2,6.666444451851606e-05
GLN,17,NE2,TYR,34,OH,2,6.666444451851606e-05
ARG,21,NH2,LYS,25,O,2,6.666444451851606e-05
ARG,21,NH2,ARG,29,NH1,2,6.666444451851606e-05
LEU,24,N,CYS,447,O,2,6.666444451851606e-05
LYS,25,NZ,ARG,21,NH2,2,6.666444451851606e-05
SER,26,OG,ASP,19,O,2,6.666444451851606e-05
ARG,29,NH1,GLN,17,OE1,2,6.666444451851606e-05
ARG,29,NH2,SER,26,OG,2,6.666444451851606e-05
ARG,31,NH1,GLU,32,OE1,2,6.666444451851606e-05
ARG,31,NH1,THR,366,O,2,6.666444451851606e-05
ASP,36,N,ARG,350,NH1,2,6.666444451851606e-05
ARG,45,NE,SER,193,OG,2,6.666444451851606e-05
ARG,57,NH1,GLU,58,OE2,2,6.666444451851606e-05
ALA,64,N,ALA,59,O,2,6.666444451851606e-05
ARG,70,N,ALA,88,O,2,6.666444451851606e-05
LYS,72,NZ,LYS,72,O,2,6.666444451851606e-05
PHE,79,N,ASP,77,O,2,6.666444451851606e-05
ARG,81,NE,GLN,258,OE1,2,6.666444451851606e-05
ARG,81,NH1,GLN,258,NE2,2,6.666444451851606e-05
TYR,83,OH,ARG,81,NH2,2,6.666444451851606e-05
ASN,91,ND2,HIE,252,ND1,2,6.666444451851606e-05
ARG,92,NE,GLU,254,O,2,6.666444451851606e-05
ARG,97,NH1,GLU,411,OE2,2,6.666444451851606e-05
ARG,98,NE,HID,243,NE2,2,6.666444451851606e-05
ARG,98,NH1,ASN,91,OD1,2,6.666444451851606e-05
ARG,98,NH1,ARG,98,O,2,6.666444451851606e-05
ARG,105,NH1,MET,109,O,2,6.666444451851606e-05
ARG,105,NH2,MET,109,O,2,6.666444451851606e-05
ARG,112,NE,MET,109,O,2,6.666444451851606e-05
ARG,112,NH1,GLY,108,O,2,6.666444451851606e-05
ARG,112,NH2,GLY,110,O,2,6.666444451851606e-05
VAL,114,N,GLU,115,OE1,2,6.666444451851606e-05
ARG,117,NE,GLU,111,O,2,6.666444451851606e-05
GLN,119,NE2,GLU,116,N,2,6.666444451851606e-05
GLN,123,NE2,CYS,124,N,2,6.666444451851606e-05
SER,132,N,ARG,130,O,2,6.666444451851606e-05
ASN,149,ND2,SER,145,OG,2,6.666444451851606e-05
ASP,164,N,TYR,162,O,2,6.666444451851606e-05
GLN,165,N,GLN,163,O,2,6.666444451851606e-05
GLN,165,N,ASP,164,OD1,2,6.666444451851606e-05
GLN,176,NE2,ASN,209,ND2,2,6.666444451851606e-05
SER,179,OG,TYR,175,OH,2,6.666444451851606e-05
GLY,186,N,LEU,180,O,2,6.666444451851606e-05
GLN,187,NE2,ARG,20,NH1,2,6.666444451851606e-05
GLN,187,NE2,GLY,186,O,2,6.666444451851606e-05
SER,193,OG,GLU,190,OE1,2,6.666444451851606e-05
GLY,194,N,GLU,190,O,2,6.666444451851606e-05
ALA,202,N,PHE,185,O,2,6.666444451851606e-05
ARG,204,NE,TYR,198,O,2,6.666444451851606e-05
LYS,208,NZ,GLN,211,NE2,2,6.666444451851606e-05
LEU,210,N,TYR,207,O,2,6.666444451851606e-05
GLU,212,N,GLU,212,OE1,2,6.666444451851606e-05
LYS,223,NZ,HIE,219,NE2,2,6.666444451851606e-05
TYR,240,OH,ASN,263,ND2,2,6.666444451851606e-05
SER,253,N,HIE,252,NE2,2,6.666444451851606e-05
SER,256,OG,TYR,83,OH,2,6.666444451851606e-05
HIE,257,N,LYS,248,O,2,6.666444451851606e-05
GLN,258,NE2,ARG,81,NH1,2,6.666444451851606e-05
ASN,259,ND2,ARG,92,NH2,2,6.666444451851606e-05
ASN,259,ND2,GLN,258,O,2,6.666444451851606e-05
ASN,261,ND2,GLN,258,NE2,2,6.666444451851606e-05
THR,274,OG1,PHE,269,O,2,6.666444451851606e-05
ARG,295,NE,ARG,298,NH2,2,6.666444451851606e-05
ARG,295,NH2,HIE,291,O,2,6.666444451851606e-05
TYR,297,OH,GLN,427,O,2,6.666444451851606e-05
TYR,297,OH,ARG,463,OXT,2,6.666444451851606e-05
ILE,300,N,TYR,297,O,2,6.666444451851606e-05
GLN,302,N,ILE,300,O,2,6.666444451851606e-05
GLN,302,NE2,ARG,298,NE,2,6.666444451851606e-05
HIE,313,N,HIE,313,ND1,2,6.666444451851606e-05
HIE,313,NE2,ARG,308,NH2,2,6.666444451851606e-05
LYS,317,NZ,GLN,302,O,2,6.666444451851606e-05
TYR,320,OH,ASP,383,OD1,2,6.666444451851606e-05
THR,321,N,GLU,299,OE2,2,6.666444451851606e-05
GLU,322,N,PRO,319,O,2,6.666444451851606e-05
VAL,324,N,THR,321,O,2,6.666444451851606e-05
SER,332,N,ARG,330,O,2,6.666444451851606e-05
SER,332,OG,SER,332,O,2,6.666444451851606e-05
LEU,334,N,SER,332,OG,2,6.666444451851606e-05
LEU,335,N,ASP,333,OD2,2,6.666444451851606e-05
ILE,342,N,PHE,67,O,2,6.666444451851606e-05
ILE,342,N,ARG,70,N,2,6.666444451851606e-05
HIE,346,N,HIE,346,ND1,2,6.666444451851606e-05
SER,348,OG,SER,348,O,2,6.666444451851606e-05
LYS,356,NZ,GLN,345,NE2,2,6.666444451851606e-05
HID,369,ND1,ASP,333,OD2,2,6.666444451851606e-05
ASP,370,N,THR,366,O,2,6.666444451851606e-05
ASN,381,ND2,HIP,384,NE2,2,6.666444451851606e-05
ALA,397,N,THR,395,O,2,6.666444451851606e-05
GLY,404,N,SER,402,O,2,6.666444451851606e-05
LYS,405,NZ,ASN,89,OD1,2,6.666444451851606e-05
ARG,406,NH1,HM1,464,O1A,2,6.666444451851606e-05
ILE,407,N,LEU,403,O,2,6.666444451851606e-05
ILE,407,N,HM1,464,O2D,2,6.666444451851606e-05
ARG,415,NH1,TYR,326,OH,2,6.666444451851606e-05
SER,430,OG,ARG,463,NH2,2,6.666444451851606e-05
MET,431,N,PHE,429,O,2,6.666444451851606e-05
MET,431,N,SER,430,OG,2,6.666444451851606e-05
GLN,457,NE2,SER,433,OG,2,6.666444451851606e-05
ARG,459,NE,ALA,135,O,2,6.666444451851606e-05
ARG,459,NH1,PHE,460,O,2,6.666444451851606e-05
ARG,463,NH2,ARG,463,O,2,6.666444451851606e-05
ARG,1,NH1,PRO,3,O,1,3.333222225925803e-05
ARG,1,NH1,HIE,346,ND1,1,3.333222225925803e-05
ARG,7,N,GLN,17,NE2,1,3.333222225925803e-05
ARG,7,NH1,GLN,17,NE2,1,3.333222225925803e-05
LEU,9,N,GLY,13,N,1,3.333222225925803e-05
ASN,14,ND2,ARG,7,N,1,3.333222225925803e-05
ASN,14,ND2,PRO,8,N,1,3.333222225925803e-05
GLN,17,N,LEU,15,O,1,3.333222225925803e-05
GLN,17,NE2,ARG,7,NH2,1,3.333222225925803e-05
ARG,20,N,ASP,19,OD1,1,3.333222225925803e-05
ARG,20,N,ASP,19,OD2,1,3.333222225925803e-05
ARG,20,NH1,ASP,19,O,1,3.333222225925803e-05
GLY,22,N,ASP,19,OD1,1,3.333222225925803e-05
GLY,22,N,GLN,187,OE1,1,3.333222225925803e-05
LYS,25,NZ,CYS,447,O,1,3.333222225925803e-05
SER,26,OG,SER,26,O,1,3.333222225925803e-05
SER,26,OG,GLN,187,OE1,1,3.333222225925803e-05
ARG,29,NE,ARG,21,NH2,1,3.333222225925803e-05
ARG,29,NE,LYS,25,O,1,3.333222225925803e-05
ARG,29,NH1,MET,18,O,1,3.333222225925803e-05
ARG,31,N,LEU,28,O,1,3.333222225925803e-05
ASP,36,N,ASP,36,OD1,1,3.333222225925803e-05
ASP,36,N,ARG,350,NH2,1,3.333222225925803e-05
THR,39,OG1,PRO,3,N,1,3.333222225925803e-05
THR,39,OG1,VAL,48,N,1,3.333222225925803e-05
LEU,42,N,VAL,40,O,1,3.333222225925803e-05
GLY,43,N,HIE,41,ND1,1,3.333222225925803e-05
ARG,45,NE,GLU,190,O,1,3.333222225925803e-05
ARG,45,NH1,GLU,190,O,1,3.333222225925803e-05
GLY,52,N,ASP,36,O,1,3.333222225925803e-05
ARG,57,NH1,VAL,53,O,1,3.333222225925803e-05
ARG,57,NH1,ARG,57,O,1,3.333222225925803e-05
ARG,57,NH1,GLU,58,N,1,3.333222225925803e-05
ASP,62,N,ALA,59,O,1,3.333222225925803e-05
GLU,65,N,ASP,62,O,1,3.333222225925803e-05
ARG,81,NE,ASN,259,OD1,1,3.333222225925803e-05
ARG,81,NH2,TYR,83,OH,1,3.333222225925803e-05
TYR,83,N,ARG,81,N,1,3.333222225925803e-05
TYR,83,OH,ARG,92,NH2,1,3.333222225925803e-05
ILE,86,N,GLY,84,O,1,3.333222225925803e-05
ASN,89,ND2,SER,68,OG,1,3.333222225925803e-05
ASN,91,N,ASN,89,ND2,1,3.333222225925803e-05
ASN,91,ND2,ASN,89,ND2,1,3.333222225925803e-05
ARG,92,NH1,GLU,254,O,1,3.333222225925803e-05
VAL,95,N,ASN,91,OD1,1,3.333222225925803e-05
ARG,97,NE,LYS,405,O,1,3.333222225925803e-05
ARG,98,NH1,HID,243,ND1,1,3.333222225925803e-05
THR,102,OG1,ASP,106,OD2,1,3.333222225925803e-05
THR,103,OG1,THR,102,O,1,3.333222225925803e-05
THR,103,OG1,LEU,236,N,1,3.333222225925803e-05
ARG,105,NE,MET,104,O,1,3.333222225925803e-05
ARG,105,NE,GLU,411,OE1,1,3.333222225925803e-05
ARG,105,NH1,MET,104,O,1,3.333222225925803e-05
ASP,106,N,MET,104,O,1,3.333222225925803e-05
GLY,108,N,SER,113,N,1,3.333222225925803e-05
MET,109,N,LYS,234,O,1,3.333222225925803e-05
GLY,110,N,ASP,106,OD2,1,3.333222225925803e-05
GLY,110,N,GLU,111,OE1,1,3.333222225925803e-05
GLY,110,N,GLU,111,OE2,1,3.333222225925803e-05
GLY,110,N,ARG,112,O,1,3.333222225925803e-05
ARG,112,NE,GLU,116,O,1,3.333222225925803e-05
ARG,112,NH1,SER,113,OG,1,3.333222225925803e-05
ARG,112,NH1,SER,153,OG,1,3.333222225925803e-05
ARG,112,NH1,LYS,234,O,1,3.333222225925803e-05
ARG,112,NH2,ARG,117,NH1,1,3.333222225925803e-05
ARG,112,NH2,SER,153,OG,1,3.333222225925803e-05
ARG,112,NH2,ARG,159,NH2,1,3.333222225925803e-05
SER,113,N,GLU,111,O,1,3.333222225925803e-05
SER,113,OG,GLY,108,O,1,3.333222225925803e-05
SER,113,OG,MET,109,O,1,3.333222225925803e-05
VAL,114,N,PHE,107,O,1,3.333222225925803e-05
GLU,116,N,GLU,116,OE1,1,3.333222225925803e-05
ARG,117,NE,ARG,112,NH1,1,3.333222225925803e-05
ARG,117,NH2,VAL,114,N,1,3.333222225925803e-05
GLN,123,NE2,GLN,119,NE2,1,3.333222225925803e-05
GLN,123,NE2,ALA,122,O,1,3.333222225925803e-05
GLN,123,NE2,GLN,123,N,1,3.333222225925803e-05
ARG,130,NE,GLU,127,O,1,3.333222225925803e-05
ARG,130,NH2,GLN,123,NE2,1,3.333222225925803e-05
ARG,130,NH2,ASN,428,ND2,1,3.333222225925803e-05
LYS,133,NZ,SER,132,O,1,3.333222225925803e-05
LYS,133,NZ,GLY,134,O,1,3.333222225925803e-05
GLN,144,NE2,GLN,144,O,1,3.333222225925803e-05
GLN,144,NE2,ASN,172,OD1,1,3.333222225925803e-05
SER,145,OG,TYR,162,O,1,3.333222225925803e-05
SER,153,OG,SER,153,O,1,3.333222225925803e-05
LYS,158,NZ,GLU,166,OE1,1,3.333222225925803e-05
ARG,159,NE,ASN,149,ND2,1,3.333222225925803e-05
ARG,159,NH1,ASN,149,OD1,1,3.333222225925803e-05
ARG,159,NH1,ASN,149,ND2,1,3.333222225925803e-05
ARG,159,NH1,TYR,162,OH,1,3.333222225925803e-05
ARG,159,NH2,GLU,111,OE2,1,3.333222225925803e-05
ARG,159,NH2,ARG,112,NH2,1,3.333222225925803e-05
ARG,159,NH2,GLU,120,O,1,3.333222225925803e-05
ARG,159,NH2,ASN,149,OD1,1,3.333222225925803e-05
TYR,162,N,HIE,161,NE2,1,3.333222225925803e-05
TYR,162,OH,LEU,125,N,1,3.333222225925803e-05
TYR,162,OH,SER,145,O,1,3.333222225925803e-05
GLN,163,NE2,GLN,165,OE1,1,3.333222225925803e-05
GLN,163,NE2,GLN,165,NE2,1,3.333222225925803e-05
GLN,165,NE2,ASP,164,OD1,1,3.333222225925803e-05
GLN,165,NE2,ASN,172,OD1,1,3.333222225925803e-05
LYS,169,NZ,GLN,165,NE2,1,3.333222225925803e-05
TYR,175,OH,ASN,172,ND2,1,3.333222225925803e-05
TYR,175,OH,THR,455,OG1,1,3.333222225925803e-05
PHE,178,N,TYR,175,O,1,3.333222225925803e-05
SER,179,OG,GLN,445,NE2,1,3.333222225925803e-05
SER,182,OG,GLU,446,OE1,1,3.333222225925803e-05
SER,182,OG,ILE,452,N,1,3.333222225925803e-05
GLN,187,NE2,GLY,448,N,1,3.333222225925803e-05
SER,193,OG,ALA,74,O,1,3.333222225925803e-05
GLY,194,N,LEU,196,O,1,3.333222225925803e-05
TYR,198,N,LEU,196,O,1,3.333222225925803e-05
TYR,198,OH,TYR,207,OH,1,3.333222225925803e-05
GLY,201,N,ARG,204,NH2,1,3.333222225925803e-05
HIE,203,NE2,PHE,199,N,1,3.333222225925803e-05
ARG,204,NH2,TYR,198,OH,1,3.333222225925803e-05
ARG,204,NH2,PRO,200,O,1,3.333222225925803e-05
ARG,204,NH2,GLN,205,OE1,1,3.333222225925803e-05
TYR,207,OH,ARG,81,NH2,1,3.333222225925803e-05
LYS,208,NZ,TYR,207,OH,1,3.333222225925803e-05
ASN,209,ND2,LEU,210,N,1,3.333222225925803e-05
GLN,211,NE2,ASN,214,ND2,1,3.333222225925803e-05
TYR,216,N,ASN,214,O,1,3.333222225925803e-05
TYR,216,OH,PHE,167,N,1,3.333222225925803e-05
TYR,216,OH,PHE,167,O,1,3.333222225925803e-05
HIE,219,NE2,ALA,215,O,1,3.333222225925803e-05
LYS,223,NZ,GLU,166,OE2,1,3.333222225925803e-05
LYS,223,NZ,GLU,226,O,1,3.333222225925803e-05
HIP,224,N,GLU,222,O,1,3.333222225925803e-05
HIP,224,NE2,PHE,156,O,1,3.333222225925803e-05
ARG,225,N,LYS,223,O,1,3.333222225925803e-05
ARG,225,NE,ARG,225,O,1,3.333222225925803e-05
ARG,225,NE,HIE,257,NE2,1,3.333222225925803e-05
ARG,225,NH1,GLU,222,O,1,3.333222225925803e-05
THR,227,N,GLU,226,OE2,1,3.333222225925803e-05
THR,227,OG1,ASP,229,OD1,1,3.333222225925803e-05
THR,227,OG1,ASP,238,OD2,1,3.333222225925803e-05
ALA,232,N,SER,231,OG,1,3.333222225925803e-05
LYS,234,NZ,HIP,224,O,1,3.333222225925803e-05
LYS,234,NZ,LYS,234,O,1,3.333222225925803e-05
TYR,240,OH,SER,100,OG,1,3.333222225925803e-05
TYR,240,OH,ASN,259,ND2,1,3.333222225925803e-05
LEU,241,N,ASP,238,O,1,3.333222225925803e-05
HID,243,ND1,TYR,240,O,1,3.333222225925803e-05
LYS,248,NZ,LYS,248,O,1,3.333222225925803e-05
LYS,248,NZ,PHE,255,O,1,3.333222225925803e-05
SER,249,OG,HIE,257,NE2,1,3.333222225925803e-05
ASN,250,N,PHE,255,O,1,3.333222225925803e-05
ASN,250,ND2,LYS,246,O,1,3.333222225925803e-05
ALA,251,N,LYS,248,O,1,3.333222225925803e-05
SER,253,OG,HIE,252,O,1,3.333222225925803e-05
PHE,255,N,SER,253,O,1,3.333222225925803e-05
SER,256,OG,ASN,250,O,1,3.333222225925803e-05
HIE,257,NE2,ASN,261,OD1,1,3.333222225925803e-05
ASN,259,ND2,TYR,83,O,1,3.333222225925803e-05
ASN,259,ND2,SER,256,N,1,3.333222225925803e-05
ASN,259,ND2,LEU,260,N,1,3.333222225925803e-05
ASN,259,ND2,ASN,263,ND2,1,3.333222225925803e-05
ASN,263,ND2,LEU,96,O,1,3.333222225925803e-05
ASN,263,ND2,GLU,254,OE2,1,3.333222225925803e-05
LEU,265,N,LEU,262,O,1,3.333222225925803e-05
SER,266,OG,GLY,84,O,1,3.333222225925803e-05
THR,275,OG1,THR,147,OG1,1,3.333222225925803e-05
SER,276,N,GLY,271,O,1,3.333222225925803e-05
SER,276,N,GLU,273,O,1,3.333222225925803e-05
THR,277,OG1,LYS,451,O,1,3.333222225925803e-05
ARG,280,NE,ASP,138,OD1,1,3.333222225925803e-05
ARG,280,NH1,THR,140,OG1,1,3.333222225925803e-05
ARG,280,NH2,THR,277,OG1,1,3.333222225925803e-05
ARG,280,NH2,THR,455,N,1,3.333222225925803e-05
LYS,288,NZ,ILE,440,N,1,3.333222225925803e-05
TYR,289,OH,PHE,380,O,1,3.333222225925803e-05
HIE,291,N,TYR,289,O,1,3.333222225925803e-05
ARG,295,NH1,GLN,302,OE1,1,3.333222225925803e-05
ARG,295,NH2,TYR,320,OH,1,3.333222225925803e-05
TYR,297,OH,ARG,463,O,1,3.333222225925803e-05
ARG,298,NE,ARG,295,NH2,1,3.333222225925803e-05
ARG,298,NE,ARG,298,O,1,3.333222225925803e-05
ARG,298,NE,GLN,302,NE2,1,3.333222225925803e-05
ARG,298,NH1,GLN,302,NE2,1,3.333222225925803e-05
ARG,298,NH2,ARG,295,NH1,1,3.333222225925803e-05
ARG,298,NH2,ARG,298,O,1,3.333222225925803e-05
GLN,302,NE2,GLU,299,O,1,3.333222225925803e-05
GLY,305,N,GLU,301,O,1,3.333222225925803e-05
GLU,311,N,ARG,308,NH1,1,3.333222225925803e-05
LYS,317,N,HIE,313,O,1,3.333222225925803e-05
LYS,317,NZ,GLN,302,OE1,1,3.333222225925803e-05
LYS,317,NZ,ALA,316,O,1,3.333222225925803e-05
GLU,327,N,VAL,324,O,1,3.333222225925803e-05
GLN,329,NE2,GLU,417,OE1,1,3.333222225925803e-05
ARG,330,N,ILE,328,N,1,3.333222225925803e-05
ARG,330,NH2,ASP,378,O,1,3.333222225925803e-05
ASP,333,N,TYR,281,OH,1,3.333222225925803e-05
ASP,333,N,LYS,451,NZ,1,3.333222225925803e-05
LEU,335,N,ASP,333,OD1,1,3.333222225925803e-05
THR,344,OG1,GLU,65,OE2,1,3.333222225925803e-05
THR,344,OG1,THR,344,O,1,3.333222225925803e-05
GLN,345,N,GLN,345,NE2,1,3.333222225925803e-05
THR,347,OG1,THR,347,O,1,3.333222225925803e-05
THR,347,OG1,SER,348,N,1,3.333222225925803e-05
SER,348,OG,ILE,353,N,1,3.333222225925803e-05
ARG,350,NH1,ARG,350,N,1,3.333222225925803e-05
ILE,354,N,TYR,352,O,1,3.333222225925803e-05
THR,358,N,LYS,356,O,1,3.333222225925803e-05
LEU,364,N,PRO,336,O,1,3.333222225925803e-05
THR,366,OG1,CYS,51,O,1,3.333222225925803e-05
ALA,367,N,SER,365,O,1,3.333222225925803e-05
TYR,373,OH,ARG,57,NH2,1,3.333222225925803e-05
GLU,375,N,HIE,372,O,1,3.333222225925803e-05
ASP,383,N,ASP,383,OD2,1,3.333222225925803e-05
HIP,384,ND1,ARG,330,NE,1,3.333222225925803e-05
LYS,393,N,LEU,386,N,1,3.333222225925803e-05
LYS,393,N,ALA,391,O,1,3.333222225925803e-05
LYS,393,NZ,LEU,392,O,1,3.333222225925803e-05
LYS,394,NZ,LYS,394,O,1,3.333222225925803e-05
LYS,405,NZ,HID,341,NE2,1,3.333222225925803e-05
LYS,405,NZ,LYS,405,O,1,3.333222225925803e-05
ARG,406,NH1,ILE,86,O,1,3.333222225925803e-05
ARG,406,NH2,ILE,86,O,1,3.333222225925803e-05
ARG,415,NH1,SER,113,OG,1,3.333222225925803e-05
ARG,415,NH2,GLU,411,O,1,3.333222225925803e-05
THR,423,N,LEU,420,O,1,3.333222225925803e-05
THR,424,OG1,PHE,421,O,1,3.333222225925803e-05
GLN,427,NE2,GLN,427,O,1,3.333222225925803e-05
GLN,427,NE2,ASN,428,OD1,1,3.333222225925803e-05
SER,433,OG,GLN,457,OE1,1,3.333222225925803e-05
GLN,445,NE2,ILE,452,O,1,3.333222225925803e-05
GLN,445,NE2,PRO,454,O,1,3.333222225925803e-05
GLU,446,N,PRO,444,O,1,3.333222225925803e-05
LYS,451,NZ,ASP,333,N,1,3.333222225925803e-05
LYS,451,NZ,LYS,451,O,1,3.333222225925803e-05
THR,455,OG1,THR,140,OG1,1,3.333222225925803e-05
TYR,456,N,ASP,138,OD1,1,3.333222225925803e-05
TYR,456,OH,LEU,284,N,1,3.333222225925803e-05
GLN,457,N,GLN,457,NE2,1,3.333222225925803e-05
ARG,463,NE,TYR,297,OH,1,3.333222225925803e-05
ARG,463,NH1,ALA,293,O,1,3.333222225925803e-05
ARG,463,NH2,ALA,293,O,1,3.333222225925803e-05
