donor_resname,donor_resid,donor_atom,acceptor_resname,acceptor_resid,acceptor_atom,count,frequency
ARG,330,NH2,GLU,327,OE1,29030,0.9676344121862605
ASN,381,N,GLU,327,OE1,28636,0.9545015166161128
GLU,273,N,PHE,269,O,28339,0.9446018466051131
THR,424,OG1,LEU,420,O,28320,0.9439685343821873
SER,365,N,PRO,336,O,28194,0.9397686743775208
ARG,330,NE,GLU,327,OE2,28144,0.9381020632645578
VAL,40,N,VAL,47,O,28117,0.9372020932635579
VAL,343,N,THR,358,O,28039,0.9346021799273357
TYR,456,OH,ARG,280,O,27763,0.9254024865837805
THR,264,N,LEU,260,O,27702,0.9233692210259657
THR,366,OG1,ILE,363,O,27662,0.9220359321355954
GLU,301,N,TYR,297,O,27660,0.921969267691077
PHE,361,N,VAL,48,O,27580,0.9193026899103364
SER,332,OG,ILE,328,O,27536,0.917836072130929
VAL,48,N,GLU,359,O,27314,0.9104363187893737
ARG,330,NH1,LEU,368,O,27282,0.9093696876770774
PHE,349,N,TYR,352,O,27281,0.9093363554548182
ILE,458,N,MET,137,O,27159,0.9052698243391887
THR,177,OG1,LEU,173,O,27092,0.9030365654478184
VAL,155,N,ILE,151,O,27051,0.9016699443351889
ARG,70,NH1,ILE,86,O,27041,0.9013366221125962
THR,423,N,PHE,419,O,27002,0.9000366654444851
HIP,384,N,ASN,381,O,26999,0.8999366687777074
PHE,385,N,PRO,382,O,26930,0.8976367454418186
GLH,71,N,PRO,340,O,26844,0.8947701743275224
THR,277,OG1,GLU,273,O,26835,0.894470184327189
PHE,283,N,LEU,279,O,26782,0.8927035765474484
ALA,270,N,SER,266,O,26724,0.8907703076564114
VAL,360,N,HID,341,O,26719,0.8906036465451151
THR,264,OG1,LEU,260,O,26712,0.8903703209893004
PHE,178,N,PHE,174,O,26677,0.8892036932102263
THR,239,OG1,ASP,235,O,26672,0.88903703209893
TYR,175,N,LEU,171,O,26669,0.8889370354321523
THR,423,OG1,PHE,419,O,26666,0.8888370387653745
MET,49,N,PHE,38,O,26588,0.8862371254291523
THR,272,OG1,PHE,268,O,26570,0.8856371454284857
LEU,241,N,ILE,237,O,26414,0.8804373187560415
THR,347,N,ILE,354,O,26413,0.8804039865337822
LEU,168,N,ASP,164,O,26409,0.8802706576447452
ILE,354,N,THR,347,O,26408,0.8802373254224859
LEU,171,N,PHE,167,O,26376,0.8791706943101897
ALA,148,N,GLN,144,O,26249,0.8749375020832639
ILE,151,N,THR,147,O,26170,0.8723042565247825
ASN,428,ND2,THR,424,O,26146,0.8715042831905603
PHE,38,N,MET,49,O,26043,0.8680710642978567
GLN,176,N,ASN,172,O,26036,0.867837738742042
GLN,427,NE2,ARG,308,O,25989,0.8662711242958568
PHE,269,N,LEU,265,O,25947,0.864871170960968
ASP,387,N,ALA,391,O,25852,0.8617046098463385
PHE,160,N,ASN,149,OD1,25788,0.8595713476217459
ASN,14,N,HIE,41,O,25748,0.8582380587313756
SER,182,OG,PHE,178,O,25728,0.8575714142861904
THR,278,OG1,THR,274,O,25725,0.8574714176194127
ILE,452,N,GLU,446,O,25725,0.8574714176194127
CYS,152,N,ALA,148,O,25708,0.8569047698410053
ILE,181,N,THR,177,O,25532,0.8510382987233759
LEU,60,N,ILE,56,O,25423,0.8474050864971168
ARG,280,N,SER,276,O,25291,0.8430052331588948
PHE,331,N,GLU,327,O,25242,0.8413719542681911
SER,430,N,LEU,461,O,25159,0.8386053798206726
THR,147,OG1,PHE,143,O,25147,0.8382053931535616
THR,358,OG1,PRO,355,O,25096,0.8365054498183394
VAL,101,N,ARG,97,O,25008,0.8335722142595247
THR,424,N,LEU,420,O,24893,0.82973900869971
ILE,217,N,ILE,213,O,24852,0.8283723875870804
SER,183,OG,LEU,180,O,24701,0.8233392220259325
MET,137,N,ILE,458,O,24662,0.8220392653578215
TYR,83,N,PHE,80,O,24649,0.8216059464684511
LEU,9,N,GLY,13,O,24525,0.8174727509083031
ILE,300,N,VAL,296,O,24496,0.8165061164627846
PHE,143,N,PRO,139,O,24478,0.815906136462118
MET,244,N,TYR,240,O,24340,0.8113062897903404
SER,276,N,THR,272,O,24334,0.8111062964567848
LEU,196,N,PHE,192,O,24303,0.8100729975667478
LEU,265,N,ASN,261,O,24160,0.8053064897836739
ASN,261,N,HIE,257,O,24101,0.8033398886703776
GLY,338,N,LEU,335,O,24006,0.8001733275557481
HIE,41,N,ASN,14,OD1,23995,0.7998066731108963
LYS,393,N,PHE,385,O,23952,0.7983733875537482
LEU,285,N,TYR,281,O,23925,0.7974734175527483
LYS,94,N,GLY,90,O,23892,0.7963734542181927
TRP,93,N,ASN,89,O,23883,0.7960734642178594
THR,347,OG1,GLN,345,O,23811,0.7936735442151929
LEU,279,N,THR,275,O,23712,0.7903736542115263
TYR,326,N,GLU,322,O,23658,0.7885737142095264
LEU,267,N,ASN,263,O,23654,0.7884403853204893
GLY,52,N,THR,366,OG1,23628,0.7875737475417486
SER,145,OG,PHE,141,O,23560,0.7853071564281191
LYS,356,N,HIE,346,ND1,23407,0.7802073264224526
ASP,164,N,HIE,161,O,23406,0.7801739942001933
SER,179,OG,TYR,175,O,23271,0.7756741441951935
GLU,327,N,ALA,323,O,23268,0.7755741475284157
TYR,34,N,PHE,30,O,23078,0.7692410252991567
GLY,305,N,ILE,300,O,22981,0.7660077997400087
SER,26,OG,GLY,22,O,22958,0.7652411586280458
GLN,427,NE2,GLY,305,O,22784,0.7594413519549348
PHE,422,N,LEU,418,O,22761,0.7586747108429719
ASN,214,N,LEU,210,O,22710,0.7569747675077497
ILE,56,N,GLY,52,O,22706,0.7568414386187127
THR,344,N,ALA,66,O,22566,0.7521749275024165
PHE,268,N,THR,264,O,22510,0.7503083230558981
LEU,28,N,LEU,24,O,22439,0.7479417352754908
ASP,383,N,ASN,381,OD1,22434,0.7477750741641945
VAL,303,N,GLU,299,O,22392,0.7463751208293057
ARG,97,N,TRP,93,O,22387,0.7462084597180094
ARG,57,N,VAL,53,O,22311,0.7436752108263058
ILE,363,N,LEU,50,O,22311,0.7436752108263058
GLN,329,N,ILE,325,O,22165,0.7388087063764541
SER,182,N,PHE,178,O,22075,0.7358088063731208
THR,39,N,PRO,4,O,22049,0.7349421685943802
TYR,240,OH,SER,256,O,21993,0.7330755641478618
LEU,188,N,VAL,184,O,21981,0.7326755774807506
TYR,281,N,THR,277,O,21930,0.7309756341455285
LEU,125,N,GLU,121,O,21870,0.728975700809973
LEU,50,N,PHE,361,O,21768,0.7255758141395287
LEU,129,N,LEU,125,O,21697,0.7232092263591213
ARG,31,N,PHE,27,O,21647,0.7215426152461585
THR,103,OG1,PHE,99,O,21637,0.7212092930235658
LEU,426,N,PHE,422,O,21608,0.7202426585780474
ALA,323,N,PRO,319,O,21535,0.7178094063531215
ASN,149,ND2,PHE,160,O,21462,0.7153761541281958
LEU,96,N,ARG,92,O,21422,0.7140428652378255
ILE,328,N,VAL,324,O,21342,0.7113762874570848
ILE,146,N,LEU,142,O,21339,0.711276290790307
GLU,322,N,MET,318,O,21318,0.7105763141228626
VAL,221,N,ILE,217,O,21284,0.7094430185660477
THR,275,OG1,GLY,271,O,20839,0.694610179660678
PHE,421,N,GLU,417,O,20690,0.6896436785440485
ARG,406,NH1,HM1,464,O2D,20689,0.6896103463217893
ASN,14,ND2,GLN,17,OE1,20673,0.6890770307656412
ARG,298,N,GLU,294,O,20651,0.6883437218759375
TYR,297,N,ALA,293,O,20540,0.6846438452051599
MET,286,N,GLY,282,O,20427,0.6808773040898637
ASP,19,N,SER,26,OG,20416,0.6805106496450118
THR,39,OG1,PRO,3,O,20311,0.6770107663077898
ILE,353,N,ARG,1,O,20212,0.6737108763041232
ASN,259,ND2,GLU,254,O,20101,0.6700109996333455
MET,318,N,ARG,315,O,20089,0.6696110129662345
GLN,144,NE2,GLU,273,OE1,20078,0.6692443585213826
GLY,271,N,LEU,267,O,19970,0.6656444785173827
LEU,173,N,LYS,169,O,19962,0.6653778207393087
ARG,45,NH1,LEU,42,O,19888,0.6629112362921236
SER,100,N,LEU,96,O,19845,0.6614779507349755
THR,321,OG1,GLU,299,OE1,19821,0.6606779774007533
GLY,218,N,ASN,214,O,19811,0.6603446551781608
LYS,131,N,GLU,127,O,19765,0.6588113729542349
ASN,14,ND2,PRO,6,O,19684,0.656111462951235
ARG,459,N,ALA,432,O,19674,0.6557781407286424
ALA,122,N,ILE,118,O,19660,0.6553114896170128
THR,366,N,ILE,363,O,19626,0.654178194060198
THR,274,N,ALA,270,O,19564,0.652111596280124
GLY,282,N,THR,278,O,19275,0.6424785840471984
GLH,71,OE2,HID,341,O,19269,0.6422785907136429
VAL,296,N,VAL,292,O,19259,0.6419452684910503
THR,277,N,GLU,273,O,19243,0.6414119529349022
SER,179,N,TYR,175,O,19225,0.6408119729342355
LEU,461,N,SER,430,O,19189,0.6396120129329023
ARG,330,N,TYR,326,O,18967,0.632212259591347
SER,145,N,PHE,141,O,18902,0.6300456651444952
VAL,76,N,ILE,73,O,18811,0.6270124329189027
PHE,398,N,THR,395,O,18792,0.6263791206959768
GLY,22,N,ASP,19,O,18771,0.6256791440285324
VAL,324,N,TYR,320,O,18756,0.6251791606946435
SER,433,OG,GLN,457,O,18720,0.6239792006933103
GLN,17,NE2,ARG,7,O,18706,0.6235125495816806
SER,153,OG,ASN,149,O,18643,0.6214126195793473
THR,102,OG1,ARG,98,O,18511,0.6170127662411253
TRP,93,NE1,HM1,464,O1D,18386,0.612846238458718
PHE,27,N,LEU,23,O,18275,0.6091463617879403
GLU,222,N,GLY,218,O,18264,0.6087797073430886
LEU,334,N,SER,332,O,18232,0.6077130762307923
LYS,63,N,GLU,58,O,18105,0.6034798840038665
TYR,373,N,ASP,370,O,18049,0.6016132795573481
ASN,250,N,GLU,247,O,18037,0.601213292890237
MET,170,N,GLU,166,O,17925,0.5974800839972001
ASN,172,N,LEU,168,O,17886,0.596180127329089
GLN,144,N,THR,140,O,17798,0.5932468917702743
ALA,215,N,GLN,211,O,17776,0.5925135828805707
ALA,59,N,ALA,55,O,17735,0.591146961767941
PHE,30,N,SER,26,O,17709,0.5902803239892004
PHE,189,N,PHE,185,O,17664,0.5887803739875338
THR,274,OG1,ALA,270,O,17611,0.5870137662077931
LEU,418,N,ILE,413,O,17572,0.585713809539682
LYS,288,NZ,ILE,440,O,17528,0.5842471917602746
GLU,294,N,PRO,290,O,17528,0.5842471917602746
HID,341,ND1,PHE,67,O,17515,0.5838138728709042
TYR,198,N,PHE,195,O,17504,0.5834472184260525
ARG,315,NH1,GLU,322,OE2,17467,0.5822139262024599
LYS,288,N,LEU,284,O,17454,0.5817806073130896
ARG,225,N,VAL,221,O,17165,0.572147595080164
GLU,58,N,GLU,54,O,17150,0.5716476117462751
SER,100,OG,LEU,96,O,17040,0.5679810672977568
ALA,416,N,GLY,412,O,16963,0.5654144861837939
SER,266,OG,LEU,262,O,16940,0.564647845071831
SER,266,N,LEU,262,O,16939,0.5646145128495716
CYS,51,N,ASP,36,O,16914,0.5637812072930902
HIE,219,N,ALA,215,O,16887,0.5628812372920903
SER,276,OG,THR,272,O,16854,0.5617812739575347
PHE,374,N,ASP,370,O,16852,0.5617146095130162
GLN,119,N,GLU,116,O,16838,0.5612479584013866
ASP,370,N,ALA,367,O,16838,0.5612479584013866
ALA,135,N,SER,132,O,16802,0.5600479984000534
ARG,70,NH1,HM1,464,O1A,16733,0.5577480750641646
ILE,126,N,ALA,122,O,16714,0.5571147628412386
ARG,406,NH2,ALA,88,O,16701,0.5566814439518682
HID,243,ND1,THR,239,O,16627,0.5542148595046832
THR,278,N,THR,274,O,16610,0.5536482117262758
THR,177,N,LEU,173,O,16563,0.5520815972800907
GLU,247,N,HID,243,O,16301,0.543348555048165
PHE,99,N,VAL,95,O,16234,0.5411152961567948
GLU,127,N,GLN,123,O,16217,0.5405486483783873
HID,224,N,SER,220,O,16198,0.5399153361554615
ARG,92,NH1,GLY,82,O,16178,0.5392486917102763
GLN,211,N,LYS,208,O,16176,0.5391820272657578
VAL,206,N,ALA,202,O,16167,0.5388820372654245
GLU,116,N,SER,113,O,16137,0.5378820705976467
LYS,169,N,GLN,165,O,16107,0.536882103929869
ILE,325,N,THR,321,O,15916,0.5305156494783507
ARG,295,N,HIE,291,O,15839,0.5279490683643878
THR,239,N,ASP,235,O,15835,0.5278157394753509
ALA,432,N,ARG,459,O,15794,0.5264491183627212
THR,140,OG1,ASP,138,OD2,15689,0.5229492350254992
ASN,259,N,SER,256,OG,15537,0.5178827372420919
LYS,208,N,GLN,205,O,15517,0.5172160927969067
TYR,240,N,LEU,236,O,15470,0.5156494783507216
PHE,195,N,PHE,192,O,15434,0.5144495183493883
SER,68,OG,GLU,65,O,15396,0.5131828939035366
ARG,98,N,LYS,94,O,15377,0.5125495816806106
GLY,390,N,ASP,387,O,15342,0.5113829539015367
PHE,199,N,LEU,196,O,15212,0.507049765007833
GLY,84,N,ASN,259,OD1,15167,0.5055498150061665
ARG,130,N,ILE,126,O,15146,0.504849838338722
ARG,308,NH1,ASP,314,OD2,15133,0.5044165194493517
LYS,288,NZ,PRO,437,O,14878,0.4959168027732409
ASN,149,N,SER,145,O,14832,0.494383520549315
THR,102,N,ARG,98,O,14818,0.4939168694376854
GLY,448,N,GLY,450,O,14742,0.4913836205459818
GLN,123,N,GLN,119,O,14710,0.49031698943368557
LEU,242,N,ASP,238,O,14657,0.4885503816539449
THR,321,N,GLU,299,OE1,14643,0.48808373054231524
PHE,255,N,SER,253,OG,14633,0.48775040831972266
GLN,163,N,HIE,161,ND1,14613,0.4870837638745375
SER,365,OG,ASP,333,OD2,14550,0.4849838338722043
CYS,124,N,GLU,120,O,14495,0.48315056164794506
TYR,352,N,PHE,349,O,14478,0.4825839138695377
ARG,308,NH2,ASP,314,OD1,14365,0.4788173727542415
ILE,425,N,PHE,421,O,14307,0.47688410386320457
GLN,427,N,THR,423,O,14291,0.4763507883070564
ASP,77,N,ILE,73,O,14148,0.47158428052398255
GLU,128,N,CYS,124,O,14111,0.47035098830038996
THR,443,OG1,ASP,441,OD2,14074,0.46911769607679743
HID,341,N,VAL,360,O,14043,0.4680843971867604
TYR,289,N,LEU,285,O,13892,0.46305123162561246
GLN,144,NE2,LEU,171,O,13797,0.459884670510983
PHE,67,N,LYS,63,O,13710,0.45698476717442754
ARG,29,N,LYS,25,O,13706,0.4568514382853905
GLU,32,N,LEU,28,O,13672,0.4557181427285757
ARG,315,N,GLU,311,O,13650,0.45498483383887206
PHE,174,N,MET,170,O,13641,0.4546848438385387
SER,332,N,ILE,328,O,13636,0.4545181827272424
THR,140,N,ASP,138,OD2,13634,0.4544515182827239
GLU,226,N,GLU,222,O,13534,0.4511182960567981
THR,443,OG1,ASP,441,OD1,13531,0.4510182993900203
ARG,463,N,ASN,428,O,13508,0.4502516582780574
LYS,246,N,LEU,242,O,13495,0.44981833938868704
THR,140,OG1,ASP,138,OD1,13417,0.4472184260524649
ARG,415,NH2,GLU,322,OE1,13298,0.4432518916036132
LEU,386,N,ASP,383,O,13241,0.44135195493483553
ARG,204,N,GLY,201,O,13208,0.44025199160028
TYR,216,N,GLU,212,O,13074,0.4357854738175394
LYS,317,N,ASP,314,O,13022,0.434052198260058
ILE,304,N,ILE,300,O,12918,0.4305856471450952
HID,243,N,THR,239,O,12821,0.42735242158594716
GLN,329,NE2,ALA,414,O,12740,0.42465251158294726
GLN,445,N,ILE,452,O,12700,0.42331922269257694
ARG,45,NE,GLU,359,OE2,12660,0.4219859338022066
LYS,223,N,HIE,219,O,12622,0.42071930935635476
ARG,21,N,ASP,19,OD1,12609,0.42028599046698445
ASN,209,N,GLN,205,O,12568,0.41891936935435486
ARG,45,NH2,GLU,359,OE1,12561,0.4186860437985401
GLU,245,N,LEU,241,O,12553,0.41841938602046597
PHE,107,N,THR,103,O,12520,0.4173194226859105
THR,227,OG1,LYS,223,O,12468,0.41558614712842906
ARG,159,NH1,GLU,121,OE2,12453,0.41508616379454016
ALA,367,N,LEU,364,O,12417,0.4138862037932069
THR,443,N,ASP,441,OD2,12404,0.4134528849038365
HIP,384,ND1,GLU,327,OE2,12380,0.41265291156961437
PHE,429,N,ILE,425,O,12377,0.4125529149028366
SER,365,OG,ASP,333,OD1,12361,0.41201959934668847
GLU,311,N,ASP,314,OD2,12233,0.4077530748975034
SER,231,OG,ASP,229,OD1,12172,0.40571980933968865
ARG,117,NE,GLU,417,OE2,12166,0.4055198160061331
LYS,158,N,CYS,152,O,12133,0.4044198526715776
THR,443,N,ASP,441,OD1,11994,0.39978667377754074
ASP,62,N,ARG,57,O,11983,0.3994200193326889
LEU,180,N,GLN,176,O,11978,0.39925335822139263
LEU,420,N,ALA,416,O,11783,0.3927535748808373
ARG,117,NH2,GLU,417,OE1,11723,0.3907536415452818
ARG,295,NH1,ARG,295,O,11715,0.39048698376720775
ARG,92,NE,GLU,254,OE2,11665,0.38882037265424485
ARG,45,NE,GLU,359,OE1,11661,0.38868704376520785
GLY,186,N,SER,183,OG,11634,0.38778707376420785
ARG,415,NE,GLU,322,OE2,11633,0.3877537415419486
ARG,45,NH2,GLU,190,OE2,11604,0.3867871070964301
THR,140,N,ASP,138,OD1,11572,0.38572047598413384
ARG,225,NH2,GLU,222,OE1,11362,0.37872070930968965
TYR,162,OH,GLU,121,OE2,11329,0.3776207459751342
ARG,45,NH2,GLU,359,OE2,11305,0.37682077264091196
SER,220,N,TYR,216,O,11293,0.37642078597380085
PHE,192,N,LEU,188,O,11200,0.3733208893036899
ASN,149,ND2,GLU,121,OE1,11126,0.3708543048565048
ARG,21,N,ASP,19,OD2,11111,0.37035432152261594
SER,231,N,ASP,229,OD1,11050,0.3683210559648012
ASP,106,N,VAL,101,O,11040,0.3679877337422086
TYR,162,OH,GLU,121,OE1,11024,0.36745441818606045
ALA,293,N,TYR,289,O,11024,0.36745441818606045
LEU,191,N,LEU,188,O,11022,0.3673877537415419
SER,113,OG,GLU,115,OE2,11010,0.36698776707443087
SER,402,N,ILE,399,O,11008,0.36692110262991234
LYS,451,NZ,ASP,333,OD1,10978,0.3659211359621346
ARG,459,NH1,GLY,134,O,10903,0.3634212192926902
VAL,95,N,ASN,91,O,10870,0.36232125595813475
ARG,112,NH2,GLU,120,OE2,10834,0.3611212959568014
ARG,70,NH2,HM1,464,O2A,10804,0.3601213292890237
HIP,384,NE2,GLU,375,O,10794,0.3597880070664311
ARG,97,NH1,ILE,407,O,10754,0.3584547181760608
THR,147,N,PHE,143,O,10701,0.35668811039632015
ARG,159,NH2,GLU,121,OE2,10578,0.3525882470584314
ARG,45,NH2,GLU,190,OE1,10563,0.3520882637245425
ASP,314,N,GLU,311,O,10553,0.3517549415019499
ARG,308,NH1,ASP,314,OD1,10423,0.34742175260824637
ARG,415,N,GLY,412,O,10371,0.345688477050765
ARG,105,N,SER,100,O,10330,0.3443218559381354
ARG,112,NH1,GLU,120,OE1,10325,0.3441551948268391
ARG,57,NH2,GLU,54,OE2,10269,0.34228859038032067
SER,183,N,LEU,180,O,10264,0.34212192926902435
SER,402,OG,HM1,464,O2A,10261,0.3420219326022466
ARG,70,N,ASN,89,OD1,10258,0.3419219359354688
SER,231,OG,ASP,229,OD2,10248,0.34158861371287624
ILE,342,N,GLY,69,O,10243,0.3414219526015799
SER,113,OG,GLU,115,OE1,10202,0.34005533148895034
ARG,225,NE,GLU,222,OE2,10201,0.34002199926669113
ARG,70,NH2,HM1,464,O1A,10191,0.33968867704409855
LEU,287,N,PHE,283,O,10111,0.3370220992633579
HID,224,ND1,SER,220,O,10056,0.3351888270390987
ARG,97,NH1,HM1,464,O1D,10033,0.33442218592713574
ILE,154,N,ILE,150,O,9890,0.3296556781440619
ASN,149,ND2,GLU,121,OE2,9827,0.3275557481417286
GLU,311,N,ASP,314,OD1,9786,0.326189127029099
ARG,225,NH2,GLU,222,OE2,9772,0.32572247591746945
GLN,17,N,ASN,14,O,9764,0.32545581813939534
SER,220,OG,TYR,216,O,9735,0.32448918369387686
LYS,133,N,ARG,130,O,9668,0.3222559248025066
PHE,156,N,CYS,152,O,9627,0.320889303689877
ARG,130,NH2,GLU,127,OE1,9552,0.3183893870204327
ASP,439,N,ALA,436,O,9543,0.3180893970200993
THR,321,OG1,GLU,299,OE2,9437,0.314556181460618
ASN,214,ND2,GLN,211,OE1,9374,0.3124562514582847
LYS,111,N,GLY,108,O,9346,0.3115229492350255
ARG,112,NH2,GLU,120,OE1,9340,0.31132295590146997
SER,253,OG,GLU,247,OE2,9336,0.3111896270124329
PHE,79,N,VAL,76,O,9333,0.3110896303456551
ARG,57,NH2,GLU,54,OE1,9310,0.3103229892336922
ARG,112,NH1,GLU,120,OE2,9305,0.3101563281223959
SER,231,N,ASP,229,OD2,9235,0.30782307256424785
ARG,308,NH2,ASP,314,OD2,9230,0.3076564114529516
LYS,451,NZ,ASP,333,OD2,9212,0.30705643145228495
VAL,47,N,VAL,40,O,9188,0.30625645811806274
LYS,197,N,SER,193,O,9167,0.3055564814506183
TYR,320,N,GLU,299,OE2,9155,0.3051564947835072
HIE,372,N,ASP,370,OD1,9155,0.3051564947835072
VAL,292,N,TYR,289,O,9146,0.3048565047831739
ARG,130,NH2,GLU,127,OE2,9117,0.3038898703376554
LEU,262,N,GLN,258,O,9115,0.3038232058931369
ARG,112,N,MET,109,O,8967,0.2988900369987667
LYS,356,NZ,ASP,357,OD1,8960,0.2986567114429519
ARG,225,NE,GLU,222,OE1,8908,0.2969234358854705
ASN,209,ND2,THR,177,OG1,8878,0.29592346921769275
VAL,435,N,SER,433,OG,8816,0.29385687143761874
LYS,248,NZ,GLU,245,OE2,8804,0.29345688477050763
ARG,21,NE,ASP,19,OD1,8770,0.2923235892136929
ARG,308,NH1,PRO,309,O,8770,0.2923235892136929
ARG,105,NE,ASP,106,OD1,8693,0.28975700809973
ARG,92,NE,GLU,254,OE1,8670,0.2889903669877671
HIE,252,N,ASN,250,OD1,8536,0.2845238492050265
ALA,316,N,LEU,312,O,8524,0.2841238625379154
LYS,248,NZ,GLU,245,OE1,8523,0.2840905303156561
LEU,284,N,ARG,280,O,8506,0.28352388253724875
MET,18,N,ASN,14,O,8374,0.2791240291990267
HIE,372,N,ASP,370,OD2,8366,0.2788573714209526
LEU,15,N,LEU,12,O,8333,0.2777574080863971
PHE,419,N,ARG,415,O,8320,0.2773240891970268
ARG,463,NH2,GLU,294,OE1,8252,0.27505749808339724
ARG,117,NH2,GLU,417,OE2,8162,0.272057598080064
ARG,21,NE,ASP,19,OD2,8134,0.27112429585680475
VAL,61,N,ARG,57,O,8081,0.2693576880770641
ALA,379,N,LYS,376,O,8076,0.2691910269657678
SER,132,OG,LEU,129,O,8059,0.26862437918736043
THR,103,N,PHE,99,O,8020,0.26732442251924937
ARG,463,NH2,GLU,294,OE2,7993,0.26642445251824937
ARG,31,NH2,ASP,36,OD1,7964,0.2654578180727309
ALA,66,N,LYS,63,O,7958,0.26525782473917536
SER,26,N,GLY,22,O,7930,0.26432452251591615
MET,109,N,SER,153,O,7904,0.2634578847371754
SER,253,OG,GLU,247,OE1,7900,0.2633245558481384
ASN,209,ND2,GLN,176,OE1,7893,0.26309123029232356
ARG,21,NH2,ASP,19,OD2,7857,0.2618912702909903
ASP,357,N,VAL,343,O,7841,0.2613579547348422
ARG,112,NE,GLU,116,OE2,7840,0.2613246225125829
TYR,207,N,HIE,203,O,7835,0.2611579614012866
ALA,88,N,VAL,85,O,7825,0.26082463917869403
SER,153,N,ASN,149,O,7772,0.2590580313989534
ARG,463,NH1,GLU,294,OE2,7759,0.258624712509583
ALA,397,N,THR,395,OG1,7715,0.25715809473017565
GLY,110,N,PHE,107,O,7712,0.2570580980633979
LYS,356,NZ,ASP,357,OD2,7673,0.2557581413952868
TRP,93,NE1,HM1,464,O2D,7630,0.25432485583813874
HIP,384,ND1,GLU,327,OE1,7602,0.25339155361487953
ARG,105,NH2,ASP,106,OD2,7567,0.25222492583580547
LEU,23,N,GLN,187,OE1,7557,0.2518916036132129
ASN,263,ND2,ASN,259,O,7524,0.25079164027865736
LEU,260,N,HIE,257,O,7350,0.2449918336055465
ARG,117,N,SER,113,O,7345,0.2448251724942502
ARG,159,NE,GLU,121,OE1,7306,0.24352521582613912
LYS,248,N,GLU,245,O,7238,0.24125862471250958
SER,256,N,TYR,240,OH,7150,0.2383253891536949
ARG,112,NE,GLU,116,OE1,7139,0.23795873470884304
VAL,85,N,ASN,263,OD1,7129,0.23762541248625046
THR,272,N,PHE,268,O,7107,0.23689210359654678
GLN,302,N,ARG,298,O,7078,0.2359254691510283
ASN,250,ND2,GLU,247,OE2,7069,0.23562547915069498
THR,227,N,LYS,223,O,7040,0.2346588447051765
ILE,413,N,GLY,410,O,6993,0.23309223025899137
ASN,261,ND2,ASN,214,O,6989,0.23295890136995434
ASN,389,ND2,ASP,387,OD1,6967,0.23222559248025065
THR,321,N,GLU,299,OE2,6886,0.22952568247725075
ARG,130,NE,GLU,127,OE2,6838,0.22792573580880637
GLN,329,NE2,ILE,325,O,6829,0.22762574580847306
ARG,31,NH2,ASP,36,OD2,6779,0.22595913469551016
ARG,21,NH2,ASP,19,OD1,6778,0.2259258024732509
ASN,389,ND2,ASP,387,OD2,6758,0.22525915802806573
ASN,389,N,ASP,387,OD1,6734,0.22445918469384354
MET,104,N,SER,100,O,6721,0.22402586580447317
ASN,250,ND2,GLU,247,OE1,6644,0.22145928469051032
ARG,463,NH1,GLU,294,OE1,6535,0.2178260724642512
ASN,389,N,ASP,387,OD2,6532,0.2177260757974734
THR,275,N,GLY,271,O,6499,0.2166261124629179
ARG,105,NH2,ASP,106,OD1,6405,0.21349288357054766
ARG,330,NH2,PRO,377,O,6377,0.21255958134728842
GLY,90,N,SER,68,O,6314,0.21045965134495517
GLU,166,N,ASP,164,OD1,6306,0.2101929935668811
GLY,35,N,ARG,31,O,6273,0.2090930302323256
GLN,187,NE2,SER,183,O,6255,0.20849305023165896
ARG,31,NH2,ASP,370,OD2,6228,0.20759308023065898
ARG,315,NH1,GLU,322,OE1,6210,0.20699310022999234
ARG,295,NH1,GLU,299,OE2,6174,0.20579314022865905
ARG,350,NE,GLU,58,OE2,6169,0.20562647911736276
ARG,130,NE,GLU,127,OE1,6126,0.20419319356021465
ARG,92,N,ASN,89,OD1,6122,0.20405986467117762
SER,249,N,LYS,246,O,6094,0.2031265624479184
ARG,350,NE,GLU,58,OE1,6027,0.2008933035565481
ARG,415,NH1,GLU,322,OE1,6027,0.2008933035565481
LYS,169,NZ,GLU,166,OE1,6005,0.20015999466684445
ARG,31,NE,ASP,36,OD2,5973,0.19909336355454818
THR,344,OG1,ALA,66,O,5968,0.1989267024432519
ASN,428,N,THR,424,O,5953,0.19842671910936302
GLU,299,N,ARG,295,O,5942,0.19806006466451118
ARG,31,NE,ASP,36,OD1,5935,0.1978267391086964
HID,224,ND1,ASP,238,OD2,5901,0.1966934435518816
ASP,106,N,THR,103,O,5891,0.196360121329289
SER,132,OG,GLU,128,O,5885,0.19616012799573349
LYS,451,N,LEU,334,O,5855,0.19516016132795574
PHE,192,N,PHE,189,O,5842,0.19472684243858537
LYS,169,NZ,GLU,166,OE2,5829,0.19429352354921503
ARG,406,NH1,VAL,85,O,5819,0.19396020132662245
ARG,350,NH2,GLU,58,OE1,5776,0.19252691576947434
SER,266,OG,ASN,263,O,5741,0.1913602879904003
ALA,232,N,ASP,229,O,5736,0.19119362687910402
ILE,150,N,ILE,146,O,5722,0.1907269757674744
GLN,187,NE2,CYS,447,O,5721,0.19069364354521515
SER,132,N,GLU,128,O,5688,0.18959368021065964
SER,113,N,GLU,116,OE2,5638,0.18792706909769674
GLH,71,OE2,GLU,359,OE1,5624,0.18746041798606713
LEU,335,N,ASP,333,O,5597,0.18656044798506716
ARG,117,NE,GLU,417,OE1,5545,0.18482717242758576
ARG,70,NH2,HID,341,NE2,5536,0.1845271824272524
GLU,121,N,ILE,118,O,5524,0.18412719576014133
ARG,105,NE,ASP,106,OD2,5504,0.18346055131495617
SER,68,N,GLU,65,O,5483,0.18276057464751175
ARG,117,NH2,GLU,411,O,5445,0.18149395020165995
GLU,190,N,GLN,187,O,5389,0.1796273457551415
ARG,81,N,VAL,76,O,5378,0.17926069131028965
LYS,63,NZ,SER,348,O,5337,0.17789407019766007
GLU,166,N,ASP,164,OD2,5316,0.17719409353021565
SER,193,OG,GLU,190,O,5306,0.17686077130762307
GLN,144,NE2,GLU,273,OE2,5289,0.1762941235292157
ARG,31,NH2,ASP,370,OD1,5264,0.17546081797273425
ARG,350,NH2,GLU,58,OE2,5247,0.17489417019432685
GLN,205,NE2,GLN,176,OE1,5231,0.17436085463817871
LYS,63,NZ,GLU,58,OE1,5226,0.17419419352688242
ALA,74,N,GLU,190,OE1,5188,0.17292756908103063
ILE,440,N,PRO,437,O,5152,0.17172760907969734
ALA,74,N,GLU,190,OE2,5111,0.17036098796706775
ILE,73,N,GLH,71,O,5108,0.17026099130029
MET,18,N,LEU,15,O,5105,0.17016099463351222
GLN,119,NE2,PRO,310,O,5086,0.1695276824105863
LYS,131,NZ,GLU,128,OE1,5071,0.16902769907669743
GLN,187,N,VAL,184,O,5054,0.16846105129829006
SER,113,N,GLU,116,OE1,5005,0.16682777240758642
PHE,80,N,VAL,76,O,4990,0.16632778907369755
LEU,368,N,LEU,364,O,4954,0.16512782907236426
LYS,131,NZ,GLU,128,OE2,4934,0.1644611846271791
ASN,263,N,GLN,258,O,4930,0.16432785573814207
ASP,333,N,GLN,329,O,4902,0.16339455351488283
ASN,381,ND2,ASP,383,OD1,4893,0.1630945635145495
ARG,81,N,ASP,77,O,4845,0.16149461684610514
GLU,115,N,GLU,115,OE2,4832,0.16106129795673477
ARG,57,NH1,GLU,396,OE1,4817,0.1605613146228459
LYS,33,N,PHE,30,O,4790,0.15966134462184595
ARG,112,NH2,GLU,116,OE1,4731,0.15769474350854973
ASN,261,ND2,ASN,214,OD1,4719,0.15729475684143862
ARG,298,NH1,GLU,301,OE1,4717,0.1572280923969201
GLY,13,N,LEU,9,O,4688,0.15626145795140162
ARG,57,NH1,GLU,396,OE2,4632,0.15439485350488316
LEU,260,N,SER,256,O,4628,0.15426152461584614
ARG,415,NH1,GLU,322,OE2,4620,0.15399486683777208
LEU,386,N,PRO,382,O,4617,0.1538948701709943
LYS,63,NZ,GLU,58,OE2,4610,0.1536615446151795
ALA,414,N,GLY,410,O,4604,0.15346155128162395
ARG,57,NE,GLU,54,OE1,4577,0.15256158128062397
THR,358,N,PRO,355,O,4531,0.15102829905669812
GLU,115,N,GLU,115,OE1,4493,0.1497616746108463
LYS,72,NZ,ASP,77,OD1,4484,0.14946168461051298
HID,369,N,THR,366,O,4468,0.14892836905436485
TYR,326,OH,GLU,322,OE1,4399,0.14662844571847605
LEU,228,N,ARG,225,O,4369,0.1456284790506983
ARG,463,NH1,LEU,426,O,4348,0.1449285023832539
ARG,298,NH1,GLU,301,OE2,4330,0.14432852238258725
GLN,119,N,GLU,115,O,4325,0.14416186127129096
SER,249,OG,LYS,246,O,4228,0.14092863571214292
ASN,263,N,ASN,259,O,4220,0.14066197793406887
LYS,33,N,ARG,29,O,4213,0.14042865237825405
ARG,57,NH2,GLU,396,OE1,4185,0.13949535015499484
GLU,120,N,GLU,120,OE2,4141,0.1380287323755875
THR,103,N,SER,100,O,4122,0.13739542015266157
GLN,205,N,ALA,202,O,4121,0.13736208793040233
THR,455,OG1,GLN,445,OE1,4045,0.13482883903869872
TYR,207,N,ARG,204,O,4023,0.13409553014899503
GLU,446,N,ILE,452,O,3999,0.13329555681477284
ARG,45,NH1,GLU,190,OE2,3998,0.13326222459251358
ASN,428,N,ILE,425,O,3969,0.1322955901469951
GLN,211,NE2,TYR,207,O,3966,0.13219559348021734
ARG,159,NH1,GLU,120,OE2,3953,0.13176227459084697
ASN,209,N,VAL,206,O,3947,0.1315622812572914
LEU,42,N,ARG,45,O,3941,0.1313622879237359
ARG,112,NH2,GLU,116,OE2,3934,0.13112896236792107
ILE,440,N,ALA,436,O,3910,0.13032898903369888
GLU,417,N,GLY,412,O,3904,0.13012899570014333
ARG,57,NH2,GLU,396,OE2,3870,0.12899570014332856
HID,224,ND1,ASP,238,OD1,3846,0.12819572680910638
GLN,445,NE2,PRO,453,O,3796,0.12652911569614347
ARG,105,NH1,GLU,411,OE1,3791,0.12636245458484718
LYS,63,NZ,ASP,62,OD2,3776,0.1258624712509583
ARG,31,NH1,ASP,370,OD2,3772,0.12572914236192126
GLU,120,N,GLU,120,OE1,3761,0.12536248791706944
SER,253,N,ASN,250,O,3761,0.12536248791706944
PHE,87,N,GLY,84,O,3735,0.12449585013832873
ARG,45,NH1,GLU,190,O,3723,0.12409586347121762
ARG,159,NH2,ARG,117,O,3708,0.12359588013732875
GLH,71,OE2,GLU,359,OE2,3707,0.1235625479150695
THR,227,N,HID,224,O,3665,0.12216259458018067
TYR,320,N,GLU,299,OE1,3663,0.12209593013566214
ARG,57,NE,GLU,54,OE2,3634,0.12112929569014366
GLU,120,N,GLU,116,O,3628,0.12092930235658811
LYS,405,NZ,GLU,65,OE2,3620,0.12066264457851406
HID,369,ND1,SER,365,O,3614,0.1204626512449585
ASN,149,ND2,SER,145,O,3604,0.12012932902236592
GLN,205,N,GLY,201,O,3568,0.11892936902103263
GLN,187,N,SER,183,O,3515,0.11716276124129196
ALA,391,N,ASN,389,OD1,3514,0.1171294290190327
LYS,72,NZ,ASP,77,OD2,3506,0.11686277124095863
ARG,459,NE,GLY,134,O,3501,0.11669611012966234
ASN,381,ND2,ASP,383,OD2,3487,0.11622945901803274
LYS,63,NZ,ASP,62,OD1,3475,0.11582947235092164
LYS,405,NZ,GLU,65,OE1,3459,0.11529615679477351
ARG,31,NH1,ASP,370,OD1,3441,0.11469617679410686
ARG,330,NH1,PRO,377,O,3403,0.11342955234825505
PHE,199,N,PHE,195,O,3392,0.11306289790340322
HID,369,N,SER,365,O,3357,0.11189627012432919
GLN,163,NE2,GLU,128,OE1,3327,0.11089630345655145
HIE,252,NE2,GLU,254,OE2,3315,0.11049631678944036
GLU,190,N,GLY,186,O,3258,0.10859638012066264
ARG,298,NE,GLU,294,OE1,3227,0.10756308123062565
ARG,105,NH1,GLU,411,OE2,3213,0.10709643011899603
TYR,297,OH,GLU,301,OE2,3198,0.10659644678510716
GLY,134,N,PHE,460,O,3184,0.10612979567347755
TYR,326,OH,GLU,322,OE2,3149,0.10496316789440352
ASN,214,ND2,GLN,258,OE1,3146,0.10486317122762574
HIE,252,NE2,GLU,254,OE1,3113,0.10376320789307023
ARG,81,NE,ASP,77,O,3107,0.10356321455951469
LEU,420,N,GLU,417,O,3095,0.10316322789240359
GLN,176,NE2,ASN,172,OD1,3091,0.10302989900336655
TYR,297,OH,GLU,301,OE1,3058,0.10192993566881103
THR,344,OG1,GLN,345,OE1,3043,0.10142995233492216
GLN,163,NE2,GLU,128,OE2,3023,0.100763307889737
ARG,105,NH2,GLU,411,OE1,3019,0.10062997900069998
SER,256,N,GLU,254,O,3008,0.10026332455584813
LEU,191,N,GLN,187,O,2996,0.09986333788873704
ARG,298,NH2,GLU,294,OE1,2945,0.09816339455351489
LYS,169,NZ,GLU,212,OE2,2922,0.09739675344155195
TYR,175,OH,GLN,445,OE1,2874,0.09579680677310756
ARG,92,NH2,GLU,254,OE1,2851,0.09503016566114462
ARG,81,NE,PHE,79,O,2822,0.09406353121562615
TYR,373,OH,GLU,396,OE2,2817,0.09389687010432986
LYS,169,NZ,GLU,212,OE1,2802,0.09339688677044099
TYR,281,OH,LEU,442,O,2789,0.09296356788107063
ARG,159,NH1,GLU,120,OE1,2766,0.09219692676910769
ARG,70,NE,PRO,340,O,2758,0.09193026899103363
ARG,45,NH1,GLU,190,OE1,2714,0.09046365121162628
VAL,184,N,GLU,446,OE1,2704,0.0901303289890337
ALA,88,N,GLY,84,O,2702,0.09006366454451518
ARG,159,NH2,GLU,121,OE1,2682,0.08939702009933002
ASN,259,ND2,ARG,92,NE,2676,0.08919702676577447
ARG,463,NE,ARG,463,O,2669,0.08896370120995967
GLN,119,NE2,GLU,115,O,2647,0.088230392320256
SER,193,N,GLU,190,O,2549,0.0849638345388487
ARG,29,NH1,ASP,19,OD2,2544,0.08479717342755241
SER,430,OG,PRO,462,O,2536,0.08453051564947835
ARG,29,NH1,ASP,19,OD1,2535,0.0844971834272191
TYR,373,OH,GLU,396,OE1,2526,0.08419719342688577
ALA,391,N,ASP,387,O,2512,0.08373054231525616
ARG,92,NH2,GLU,254,OE2,2492,0.083063897870071
ALA,64,N,VAL,61,O,2467,0.08223059231358955
GLN,165,NE2,GLN,163,O,2440,0.08133062231258958
ARG,81,NH2,ASP,77,OD2,2423,0.0807639745341822
VAL,206,N,HIE,203,O,2420,0.08066397786740442
LYS,248,N,MET,244,O,2410,0.08033065564481184
ARG,298,NE,GLU,294,OE2,2367,0.07889737008766375
ARG,298,NH2,GLU,301,OE2,2350,0.07833072230925636
ARG,105,NH2,GLU,411,OE2,2318,0.07726409119696011
ARG,295,NH1,GLU,299,OE1,2304,0.07679744008533049
ARG,463,NE,ARG,463,OXT,2296,0.07653078230725642
ARG,298,NH2,GLU,301,OE1,2288,0.07626412452918237
LYS,317,NZ,HIE,313,O,2285,0.07616412786240459
ARG,298,NH2,GLU,294,OE2,2257,0.07523082563914536
PHE,67,N,ALA,64,O,2220,0.07399753341555282
ARG,105,NE,GLU,411,OE2,2142,0.07139762007933069
PHE,167,N,ASP,164,OD2,2135,0.07116429452351589
SER,132,N,LEU,129,O,2133,0.07109763007899737
LYS,234,N,ASP,238,OD2,2113,0.07043098563381221
HIE,203,NE2,LEU,196,O,2111,0.07036432118929369
ARG,298,NH1,GLU,294,OE1,2089,0.06963101229959001
ARG,112,NH1,GLU,116,O,2088,0.06959768007733076
GLU,115,N,SER,113,OG,2076,0.06919769341021965
LYS,234,NZ,ASP,235,OD1,2068,0.0689310356321456
GLN,258,N,GLN,258,OE1,2068,0.0689310356321456
ILE,118,N,VAL,114,O,2065,0.06883103896536782
ASP,77,N,ALA,74,O,2064,0.06879770674310856
PHE,167,N,ASP,164,OD1,2062,0.06873104229859005
ARG,204,NH2,LYS,197,O,2023,0.06743108563047899
ARG,159,NH1,GLU,121,OE1,1984,0.06613112896236792
ARG,315,N,LEU,312,O,1984,0.06613112896236792
THR,344,OG1,SER,68,OG,1981,0.06603113229559014
ASN,172,ND2,LEU,168,O,1974,0.06579780673977534
VAL,95,N,ARG,92,O,1947,0.06489783673877537
LYS,234,NZ,ASP,235,OD2,1946,0.06486450451651611
ASP,238,N,ASP,235,OD2,1940,0.06466451118296057
ARG,159,NE,SER,153,OG,1914,0.06379787340421986
GLY,157,N,CYS,152,O,1909,0.06363121229292357
ARG,57,NH1,GLU,54,OE2,1907,0.06356454784840505
ARG,105,N,VAL,101,O,1904,0.06346455118162728
ILE,150,N,THR,147,O,1881,0.06269791006966434
LYS,234,NZ,ASP,238,OD2,1879,0.06263124562514583
ARG,415,NH2,GLU,322,OE2,1874,0.062464584513849536
HID,224,N,VAL,221,O,1862,0.06206459784673844
GLU,411,N,LEU,409,O,1855,0.06183127229092364
LYS,208,N,ARG,204,O,1830,0.06099796673444219
ARG,406,NH2,SER,68,O,1828,0.06093130228992367
MET,337,N,VAL,449,O,1825,0.0608313056231459
LYS,451,NZ,SER,332,O,1814,0.060464651178294054
LEU,210,N,VAL,206,O,1801,0.060031332288923704
ARG,97,NE,HM1,464,O1D,1799,0.059964667844405184
LYS,393,NZ,ASP,383,O,1795,0.05983133895536816
ARG,57,NH1,ASP,62,OD1,1708,0.056931435618812705
LEU,24,N,GLN,187,OE1,1683,0.056098130062331254
SER,433,OG,VAL,435,O,1667,0.05556481450618313
ARG,20,NH1,ARG,20,O,1654,0.05513149561681277
GLU,247,N,MET,244,O,1647,0.05489817006099797
HIE,203,NE2,PHE,199,O,1636,0.05453151561614613
ARG,97,NH2,HM1,464,O1D,1634,0.05446485117162761
HIE,161,N,ASP,164,OD1,1624,0.05413152894903503
SER,193,OG,PHE,189,O,1609,0.05363154561514616
ARG,298,NH1,GLU,294,OE2,1531,0.05103163227892404
ILE,213,N,LEU,210,O,1520,0.0506649778340722
GLN,211,N,TYR,207,O,1512,0.05039832005599813
ARG,81,NH2,ASP,77,OD1,1507,0.05023165894470184
LEU,228,N,HID,224,O,1503,0.05009833005566481
SER,220,OG,ILE,217,O,1479,0.049298356721442615
LYS,246,N,HID,243,O,1472,0.04906503116562781
ARG,298,NE,GLU,301,OE1,1462,0.04873170894303523
LYS,356,NZ,THR,344,O,1462,0.04873170894303523
LYS,133,N,LEU,129,O,1458,0.0485983800539982
GLY,108,N,THR,103,O,1456,0.048531715609479685
GLY,186,N,SER,183,O,1453,0.04843171894270191
ARG,298,NE,GLU,301,OE2,1443,0.04809839672010933
ARG,57,NH1,ASP,62,OD2,1435,0.04783173894203527
LEU,142,N,PRO,139,O,1433,0.04776507449751675
GLN,445,NE2,TYR,175,OH,1419,0.047298423385887134
GLU,121,N,ARG,117,O,1394,0.04646511782940568
ALA,316,N,HIE,313,O,1389,0.04629845671810939
ARG,97,NH2,ILE,407,O,1388,0.046265124495850136
ASN,214,ND2,ASN,261,OD1,1372,0.04573180893970201
ARG,29,NH2,ASP,19,OD2,1337,0.04456518116062798
ARG,225,NH2,GLU,226,OE2,1333,0.044431852271590945
ARG,29,NH2,GLU,32,OE2,1320,0.043998533382220595
LEU,364,N,LEU,362,O,1320,0.043998533382220595
ASN,91,ND2,GLU,254,OE1,1316,0.04386520449318356
GLY,69,N,ILE,342,O,1302,0.04339855338155395
ARG,29,NH2,GLU,32,OE1,1291,0.04303189893670211
GLN,302,NE2,ARG,298,O,1289,0.04296523449218359
ARG,29,NH2,GLN,17,O,1287,0.04289857004766508
GLN,123,NE2,GLN,119,O,1286,0.04286523782540582
ARG,45,N,LEU,42,O,1267,0.04223192560247992
TYR,207,OH,ALA,74,O,1250,0.04166527782407253
ARG,225,NH2,GLU,226,OE1,1235,0.04116529449018366
SER,220,N,ILE,217,O,1228,0.04093196893436885
ARG,105,NE,GLU,411,OE1,1224,0.040798640045331826
ARG,92,N,ASN,89,O,1223,0.04076530782307256
ASN,89,ND2,ARG,70,O,1221,0.04069864337855405
HIE,161,N,ASP,164,OD2,1220,0.04066531115629479
GLU,226,N,LYS,223,O,1220,0.04066531115629479
LYS,376,NZ,GLU,375,OE2,1220,0.04066531115629479
THR,39,OG1,PHE,38,O,1179,0.039298690043665215
ARG,29,NE,GLU,32,OE1,1152,0.038398720042665244
ARG,406,NH1,ALA,88,O,1151,0.03836538782040599
LYS,376,NZ,GLU,375,OE1,1150,0.03833205559814673
LYS,317,NZ,ASP,314,OD1,1149,0.038298723375887474
ARG,57,NH1,GLU,54,OE1,1138,0.03793206893103563
ARG,57,NH2,ASP,62,OD2,1138,0.03793206893103563
PHE,107,N,THR,102,O,1136,0.03786540448651712
ARG,159,NH2,GLU,120,OE2,1135,0.03783207226425786
HIE,346,N,GLN,345,OE1,1135,0.03783207226425786
GLN,258,N,SER,256,OG,1132,0.03773207559748008
ARG,159,NE,GLU,121,OE2,1127,0.03756541448618379
SER,365,OG,PRO,336,O,1118,0.03726542448585047
ARG,29,NE,GLU,32,OE2,1114,0.03713209559681344
ASN,261,ND2,HIE,257,O,1104,0.03679877337422086
LYS,451,NZ,PHE,331,O,1100,0.03666544448518383
ARG,350,NH2,GLU,54,OE2,1089,0.03629879004033199
ARG,57,NH2,ASP,62,OD1,1084,0.0361321289290357
LYS,94,NZ,GLU,65,OE1,1068,0.03559881337288757
PHE,255,N,GLU,247,OE2,1056,0.035198826705776474
LYS,223,NZ,GLU,226,OE2,1047,0.03489883670544315
GLU,254,N,GLU,247,OE2,1045,0.03483217226092464
LEU,15,N,GLY,13,O,1041,0.034698843371887604
ARG,81,NH1,ASP,77,OD2,1041,0.034698843371887604
ARG,350,NH2,GLU,54,OE1,1040,0.03466551114962835
ILE,118,N,GLU,115,O,1039,0.03463217892736909
LYS,223,NZ,GLU,226,OE1,1038,0.03459884670510983
ASP,235,N,PRO,233,O,1037,0.03456551448285057
ASN,261,ND2,GLN,258,OE1,1028,0.03426552448251725
GLU,438,N,GLU,438,OE2,1028,0.03426552448251725
ILE,154,N,ILE,151,O,1026,0.034198860037998734
ARG,117,NH1,GLU,411,O,1022,0.0340655311489617
GLN,165,N,GLN,165,OE1,1022,0.0340655311489617
ARG,29,NH1,GLN,17,O,1012,0.03373220892636912
GLU,299,N,VAL,296,O,1009,0.03363221225959135
ARG,29,NH2,ASP,19,OD1,1003,0.033432218926035796
LYS,208,NZ,ARG,204,O,996,0.03319889337022099
GLN,345,NE2,GLU,65,O,996,0.03319889337022099
GLN,123,NE2,GLN,119,OE1,995,0.033165561147961736
ASN,263,ND2,SER,100,OG,995,0.033165561147961736
LYS,234,NZ,ALA,232,O,986,0.03286557114762841
ASN,259,ND2,GLU,254,OE2,983,0.032765574480850636
ARG,98,NH2,THR,102,OG1,982,0.03273224225859138
GLN,445,NE2,THR,455,OG1,976,0.03253224892503583
LYS,94,NZ,GLU,65,OE2,972,0.0323989200359988
ASP,333,N,ARG,330,O,965,0.032165594480183995
ARG,92,NH1,GLU,254,OE1,963,0.032098930035665475
GLU,116,N,SER,113,OG,955,0.031832272257591415
LYS,208,NZ,GLN,205,OE1,945,0.031498950034998835
ARG,350,NH1,GLU,58,OE2,933,0.031098963367887738
GLU,411,N,CM1,408,O,931,0.03103229892336922
ARG,225,NH1,GLU,222,OE2,930,0.030998966701109965
ASP,238,N,ASP,235,OD1,929,0.030965634478850704
GLN,165,NE2,GLU,166,OE1,927,0.030898970034332188
ALA,436,N,ASP,439,OD1,927,0.030898970034332188
ARG,117,NH1,SER,153,OG,926,0.03086563781207293
ARG,81,NH2,PRO,78,O,924,0.030798973367554414
LYS,405,NZ,SER,68,OG,919,0.030632312256258124
VAL,339,N,HM1,464,O2A,918,0.030598980033998868
LYS,376,NZ,ASP,378,OD2,915,0.030498983367221094
GLY,134,N,SER,132,OG,869,0.028965701143295223
GLY,84,N,PHE,80,O,868,0.028932368921035966
ARG,350,NH1,GLU,54,OE1,859,0.028632378920702643
PHE,185,N,SER,183,OG,856,0.02853238225392487
GLU,438,N,GLU,438,OE1,848,0.028265724475850806
ALA,436,N,ASP,439,OD2,844,0.028132395586813772
LYS,376,NZ,ASP,378,OD1,834,0.027799073364221192
GLY,108,N,MET,104,O,825,0.027499083363887872
ARG,159,NH2,GLU,120,OE1,825,0.027499083363887872
TYR,373,OH,GLU,54,OE1,822,0.027399086697110095
GLN,345,NE2,THR,344,OG1,818,0.027265757808073065
HIE,203,NE2,LYS,197,O,810,0.026999100029999
SER,68,OG,THR,344,OG1,808,0.026932435585480485
GLN,302,N,GLU,299,O,802,0.026732442251924934
LYS,111,NZ,ASP,106,OD2,801,0.026699110029665678
ARG,204,NH1,LYS,197,O,798,0.026599113362887904
LYS,111,NZ,ASP,106,OD1,788,0.026265791140295324
VAL,184,N,GLU,446,OE2,788,0.026265791140295324
HID,341,ND1,VAL,339,O,779,0.025965801139962
GLU,396,N,GLU,396,OE2,777,0.025899136695443484
TYR,373,OH,GLU,54,OE2,772,0.025732475584147194
ARG,112,N,GLY,108,O,771,0.025699143361887937
VAL,221,N,GLY,218,O,769,0.02563247891736942
ASN,259,ND2,GLU,254,OE1,764,0.02546581780607313
LYS,25,NZ,ASP,19,OD1,762,0.025399153361554613
ARG,81,NE,PRO,78,O,759,0.02529915669477684
GLN,119,NE2,GLU,120,OE1,759,0.02529915669477684
GLY,22,N,ASP,19,OD2,758,0.025265824472517583
ARG,280,NH1,TYR,175,OH,752,0.025065831138962033
PHE,167,N,ASP,164,O,749,0.02496583447218426
ILE,407,N,HM1,464,O1D,746,0.024865837805406486
LYS,394,NZ,TYR,326,OH,745,0.02483250558314723
LYS,197,N,GLY,194,O,734,0.02446585113829539
GLU,396,N,GLU,396,OE1,721,0.024032532248925036
SER,193,N,PHE,189,O,717,0.023899203359888002
GLY,450,N,GLY,448,O,709,0.02363254558181394
GLY,22,N,ASP,19,OD1,708,0.023599213359554682
GLN,211,NE2,GLU,212,OE1,708,0.023599213359554682
ARG,29,NH1,GLU,32,OE1,702,0.023399220025999132
ARG,112,NH2,GLU,116,O,698,0.0232658911369621
ASN,250,ND2,GLU,247,O,690,0.022999233358888038
LYS,158,NZ,TYR,216,OH,689,0.022965901136628778
ALA,391,N,ASP,387,OD2,686,0.022865904469851005
LYS,234,N,ASP,238,OD1,680,0.022665911136295458
ARG,29,NH1,GLU,32,OE2,676,0.022532582247258424
LYS,393,NZ,ASP,387,OD2,670,0.022332588913702878
GLN,211,NE2,GLU,212,OE2,668,0.02226592446918436
ARG,350,NH1,GLU,54,OE2,667,0.0222325922469251
ALA,391,N,ASP,387,OD1,663,0.02209926335788807
THR,227,OG1,GLU,226,O,662,0.02206593113562881
ILE,237,N,ASP,235,OD1,654,0.021799273357554747
LEU,180,N,THR,177,O,651,0.021699276690776974
GLN,345,NE2,THR,347,OG1,651,0.021699276690776974
THR,358,N,VAL,343,O,647,0.02156594780173994
SER,68,N,ALA,66,O,643,0.02143261891270291
ASN,91,N,ASN,89,OD1,642,0.02139928669044365
LYS,158,NZ,SER,220,OG,642,0.02139928669044365
GLU,375,N,GLU,375,OE2,636,0.021199293356888103
SER,145,OG,LEU,142,O,633,0.02109929669011033
ASN,261,ND2,ASN,261,O,631,0.021032632245591813
ASP,235,N,ASP,238,OD1,627,0.02089930335655478
ARG,204,NH1,PHE,199,O,621,0.020699310022999233
GLN,119,NE2,GLU,120,OE2,620,0.020665977800739976
GLU,417,N,ILE,413,O,620,0.020665977800739976
ARG,415,NE,GLU,322,OE1,614,0.020465984467184426
PHE,141,N,ASP,138,OD1,613,0.02043265224492517
ARG,406,NH1,HM1,464,O1A,612,0.020399320022665913
GLU,212,N,ASN,209,O,605,0.020165994466851106
SER,348,OG,TYR,352,O,605,0.020165994466851106
THR,344,OG1,GLU,65,O,603,0.02009933002233259
VAL,303,N,ILE,300,O,602,0.020065997800073333
GLN,329,NE2,THR,278,OG1,602,0.020065997800073333
ARG,350,NH1,ASP,36,OD2,589,0.019632678910702975
THR,455,N,GLN,445,OE1,589,0.019632678910702975
PHE,107,N,ARG,105,O,587,0.019566014466184462
ARG,105,NH1,LEU,409,O,585,0.019499350021665945
GLN,119,NE2,GLU,311,OE2,574,0.019132695576814105
LEU,210,N,ASN,209,OD1,571,0.01903269891003633
TYR,83,OH,GLU,254,OE1,570,0.018999366687777075
LEU,312,N,GLU,115,OE2,567,0.0188993700209993
GLY,450,N,ILE,181,O,566,0.01886603779874004
ARG,204,NE,PHE,199,O,565,0.018832705576480785
ARG,350,NH1,GLU,58,OE1,559,0.018632712242925235
LYS,111,NZ,LYS,234,O,557,0.01856604779840672
ARG,117,NH2,ARG,112,O,557,0.01856604779840672
LYS,94,NZ,ASN,91,OD1,556,0.01853271557614746
HIE,219,N,TYR,216,O,556,0.01853271557614746
LYS,246,NZ,GLU,247,OE1,556,0.01853271557614746
ARG,315,NE,GLU,322,OE2,555,0.018499383353888205
ARG,98,NH2,ASP,106,OD2,548,0.018266057798073398
LYS,133,NZ,LYS,131,O,547,0.01823272557581414
ARG,130,NH1,GLU,127,OE2,536,0.0178660711309623
ALA,55,N,GLY,52,O,531,0.01769941001966601
THR,102,OG1,PHE,99,O,531,0.01769941001966601
ARG,117,N,VAL,114,O,530,0.017666077797406754
GLN,165,NE2,GLU,166,OE2,530,0.017666077797406754
GLN,119,NE2,GLU,311,OE1,529,0.017632745575147494
LYS,25,N,GLY,22,O,528,0.017599413352888237
ARG,81,NH1,PHE,79,O,527,0.01756608113062898
ARG,225,NH1,GLU,222,OE1,527,0.01756608113062898
ARG,57,NE,GLU,396,OE1,526,0.01753274890836972
ARG,204,NH2,TYR,198,O,526,0.01753274890836972
LYS,234,NZ,PHE,107,O,526,0.01753274890836972
PHE,255,N,GLU,247,OE1,524,0.017466084463851204
LYS,223,N,SER,220,O,520,0.017332755574814174
GLU,254,N,GLU,247,OE1,518,0.017266091130295657
ARG,1,NE,LEU,2,O,511,0.01703276557448085
GLU,32,N,ARG,29,O,510,0.016999433352221593
LYS,393,NZ,LEU,386,O,510,0.016999433352221593
ARG,81,NH1,ASP,77,OD1,506,0.01686610446318456
ARG,1,N,ILE,353,O,503,0.016766107796406787
SER,26,OG,LEU,23,O,502,0.01673277557414753
ASN,428,ND2,GLN,427,OE1,501,0.01669944335188827
GLN,176,NE2,ASN,172,O,499,0.016632778907369753
LYS,131,NZ,GLU,127,OE1,495,0.016499450018332723
ARG,81,NH2,PHE,79,O,490,0.016332788907036433
SER,183,OG,GLU,446,OE2,489,0.016299456684777173
ARG,20,NH1,LEU,15,O,487,0.01623279224025866
ALA,388,N,ASP,387,OD2,486,0.0161994600179994
SER,68,OG,ALA,64,O,485,0.016166127795740143
LYS,393,NZ,ASP,387,OD1,483,0.016099463351221626
PHE,160,N,ASN,149,ND2,481,0.01603279890670311
GLN,123,N,GLU,120,O,479,0.015966134462184593
GLU,375,N,GLU,375,OE1,479,0.015966134462184593
LYS,131,NZ,GLU,127,OE2,477,0.01589947001766608
GLU,212,N,LYS,208,O,474,0.015799473350888302
ALA,388,N,ASP,387,OD1,473,0.015766141128629046
ARG,97,NH2,LYS,405,O,471,0.01569947668411053
LYS,158,NZ,PHE,156,O,469,0.015632812239592012
ARG,20,NH1,ASP,19,OD2,468,0.015599480017332756
ARG,105,NH1,ARG,105,O,468,0.015599480017332756
ARG,57,NE,GLU,396,OE2,464,0.015466151128295724
GLU,245,N,LEU,242,O,464,0.015466151128295724
ARG,1,NH2,GLY,351,O,462,0.015399486683777207
GLY,22,N,ARG,20,O,461,0.015366154461517949
ARG,45,NH1,GLU,359,OE1,459,0.015299490016999434
ASN,261,ND2,GLY,218,N,458,0.015266157794740175
ARG,117,NH1,ARG,112,O,457,0.015232825572480917
ARG,130,NH1,GLU,127,OE1,456,0.015199493350221659
GLN,258,NE2,ASN,214,OD1,456,0.015199493350221659
ARG,81,NH1,ASP,77,O,452,0.015066164461184627
LYS,246,NZ,HID,243,NE2,451,0.015032832238925369
SER,253,OG,GLU,247,O,451,0.015032832238925369
TYR,83,OH,GLU,254,OE2,448,0.014932835572147595
ARG,350,NH1,ASP,36,OD1,448,0.014932835572147595
ARG,117,NE,SER,113,O,447,0.014899503349888337
THR,227,OG1,GLU,226,OE2,443,0.014766174460851305
ARG,112,NH1,ARG,117,O,438,0.014599513349555015
GLN,163,NE2,TYR,162,O,438,0.014599513349555015
ASN,250,ND2,HIE,252,O,438,0.014599513349555015
SER,193,OG,GLU,190,OE2,437,0.014566181127295756
ARG,20,NH1,MET,18,O,431,0.014366187793740208
ARG,45,NH1,GLU,359,OE2,431,0.014366187793740208
ILE,407,N,LYS,405,O,429,0.014299523349221693
LEU,368,N,SER,365,O,425,0.014166194460184661
PHE,141,N,ASP,138,OD2,422,0.014066197793406886
LYS,246,NZ,GLU,247,OE2,419,0.013966201126629113
LEU,312,N,GLU,115,OE1,419,0.013966201126629113
SER,430,OG,LEU,461,O,418,0.013932868904369854
ASP,106,N,THR,102,O,417,0.013899536682110596
ARG,225,NH1,GLU,226,OE2,416,0.013866204459851338
ASN,89,ND2,SER,68,O,411,0.013699543348555047
SER,332,N,GLN,329,O,411,0.013699543348555047
ALA,64,N,ASP,62,O,401,0.013366221125962467
SER,183,N,SER,179,O,399,0.013299556681443952
LEU,287,N,LEU,284,O,396,0.013199560014666177
THR,227,OG1,HID,224,O,392,0.013066231125629145
ARG,92,NH1,GLU,254,OE2,386,0.012866237792073597
ARG,45,NH2,GLU,190,O,383,0.012766241125295823
ARG,7,NH1,PRO,8,O,378,0.012599580013999533
LYS,234,NZ,ASP,238,OD1,378,0.012599580013999533
LYS,131,NZ,GLU,127,O,377,0.012566247791740275
LEU,188,N,PHE,185,O,377,0.012566247791740275
LYS,25,NZ,ASP,19,OD2,376,0.012532915569481017
ARG,315,NE,GLU,417,OE2,375,0.01249958334722176
LYS,317,N,HIE,313,O,374,0.012466251124962502
ARG,21,NH1,ARG,20,O,372,0.012399586680443985
ALA,379,N,PRO,377,O,372,0.012399586680443985
LYS,376,N,GLU,375,OE1,371,0.012366254458184726
HID,243,N,TYR,240,O,370,0.01233292223592547
PHE,419,N,ALA,416,O,367,0.012232925569147695
ILE,237,N,ASP,235,OD2,365,0.01216626112462918
LEU,12,N,LEU,9,O,362,0.012066264457851405
LEU,142,N,ASP,138,O,362,0.012066264457851405
GLN,119,NE2,GLU,116,OE1,358,0.011932935568814373
ARG,70,NE,HID,341,NE2,356,0.011866271124295856
GLN,445,NE2,GLU,446,OE2,353,0.011766274457518083
GLU,116,N,GLU,115,OE1,351,0.011699610012999566
PHE,421,N,LEU,418,O,349,0.01163294556848105
LYS,131,N,GLU,128,O,345,0.011499616679444019
ARG,225,NH1,GLU,226,OE1,345,0.011499616679444019
ARG,21,NH1,GLU,446,OE1,344,0.01146628445718476
GLN,119,NE2,GLU,116,OE2,342,0.011399620012666244
SER,193,OG,GLU,190,OE1,335,0.011166294456851439
LYS,158,N,PHE,156,O,332,0.011066297790073664
ARG,415,NH1,TYR,326,OH,330,0.010999633345555149
ARG,295,NH2,GLU,299,OE2,329,0.01096630112329589
LYS,376,N,GLU,375,OE2,329,0.01096630112329589
GLN,211,NE2,ASN,214,OD1,328,0.010932968901036632
SER,253,N,HIE,252,ND1,328,0.010932968901036632
ARG,315,NH1,ARG,415,O,327,0.010899636678777374
SER,256,OG,GLU,254,O,326,0.010866304456518115
GLN,258,NE2,TYR,83,OH,326,0.010866304456518115
VAL,53,N,TYR,373,OH,325,0.010832972234258859
ASN,91,ND2,ASN,89,OD1,323,0.010766307789740342
GLN,187,NE2,SER,182,O,323,0.010766307789740342
LYS,158,NZ,HID,224,NE2,319,0.01063297890070331
SER,68,OG,GLU,65,OE1,318,0.010599646678444052
THR,274,OG1,HM1,464,NB,318,0.010599646678444052
GLU,65,N,GLU,65,OE1,316,0.010532982233925535
GLN,165,NE2,GLN,165,O,316,0.010532982233925535
ARG,315,NH2,GLU,322,OE2,314,0.01046631778940702
GLN,205,NE2,ASN,209,OD1,313,0.010432985567147762
ASP,229,N,HID,224,NE2,312,0.010399653344888503
GLY,110,N,GLY,108,O,311,0.010366321122629247
HIP,384,NE2,LYS,376,O,311,0.010366321122629247
ARG,81,NE,ASP,77,OD1,310,0.010332988900369988
HIE,313,NE2,GLU,311,OE2,308,0.010266324455851471
GLN,302,NE2,GLU,301,OE1,307,0.010232992233592213
ARG,81,NH1,GLN,258,OE1,305,0.010166327789073698
LYS,208,NZ,GLN,211,OE1,305,0.010166327789073698
ARG,1,NE,GLY,351,O,303,0.010099663344555181
GLN,119,NE2,GLU,116,O,303,0.010099663344555181
LYS,248,NZ,GLU,245,O,303,0.010099663344555181
ASN,214,ND2,GLN,211,O,301,0.010032998900036666
GLY,108,N,ARG,105,O,298,0.009933002233258891
ASN,172,ND2,GLN,176,NE2,298,0.009933002233258891
SER,68,N,THR,344,OG1,297,0.009899670010999633
ARG,70,NH2,VAL,339,O,297,0.009899670010999633
SER,100,OG,ARG,97,O,296,0.009866337788740376
MET,104,N,VAL,101,O,296,0.009866337788740376
GLY,43,N,HIE,41,O,295,0.009833005566481118
LYS,317,NZ,HIE,313,ND1,295,0.009833005566481118
SER,68,OG,GLU,65,OE2,294,0.00979967334422186
THR,102,N,PHE,99,O,294,0.00979967334422186
LYS,111,NZ,ASP,235,OD2,294,0.00979967334422186
PHE,374,N,PRO,371,O,294,0.00979967334422186
LYS,197,NZ,ASP,77,OD1,293,0.009766341121962601
GLU,116,N,GLU,115,OE2,290,0.009666344455184828
ARG,225,N,GLU,222,O,290,0.009666344455184828
ILE,407,N,ARG,97,NH2,289,0.00963301223292557
LEU,96,N,TRP,93,O,288,0.009599680010666311
LEU,23,N,ARG,21,O,287,0.009566347788407053
TYR,240,OH,ASN,259,O,283,0.00943301889937002
ASN,261,ND2,HIE,257,NE2,282,0.009399686677110762
ILE,413,N,GLU,411,O,281,0.009366354454851506
ARG,45,NE,LEU,42,O,280,0.009333022232592247
ARG,315,NH2,GLU,417,OE1,279,0.009299690010332989
LYS,111,NZ,ASP,235,OD1,278,0.00926635778807373
ARG,98,NH2,HID,243,NE2,277,0.009233025565814472
ALA,135,N,SER,132,OG,277,0.009233025565814472
LYS,317,NZ,ASP,314,OD2,276,0.009199693343555216
LEU,196,N,SER,193,O,274,0.009133028899036699
HID,341,ND1,GLY,69,O,274,0.009133028899036699
HIE,313,NE2,GLU,311,OE1,272,0.009066364454518182
ARG,1,NH1,GLY,351,O,268,0.00893303556548115
ARG,81,NH1,PRO,78,O,267,0.008899703343221892
SER,113,OG,GLU,116,OE1,267,0.008899703343221892
LYS,197,NZ,ASP,77,OD2,267,0.008899703343221892
SER,113,OG,GLU,116,OE2,265,0.008833038898703377
ASN,259,ND2,TYR,240,OH,265,0.008833038898703377
ARG,308,NH2,VAL,303,O,264,0.008799706676444119
ILE,213,N,ASN,209,O,263,0.00876637445418486
SER,256,OG,GLN,258,OE1,263,0.00876637445418486
GLY,43,N,LEU,12,O,262,0.008733042231925602
ARG,315,NH2,GLU,417,OE2,262,0.008733042231925602
LEU,418,N,ARG,415,O,261,0.008699710009666345
MET,170,N,PHE,167,O,259,0.008633045565147828
ARG,29,NE,ASP,19,OD2,258,0.00859971334288857
ARG,1,NH1,LEU,2,O,257,0.008566381120629312
ARG,112,N,GLY,110,O,257,0.008566381120629312
ILE,407,N,ARG,97,NH1,255,0.008499716676110797
ARG,81,NH2,GLN,258,OE1,252,0.008399720009333022
LYS,234,NZ,SER,231,OG,252,0.008399720009333022
ARG,463,NH1,PHE,429,O,252,0.008399720009333022
HIE,313,NE2,GLU,115,OE2,251,0.008366387787073765
THR,39,OG1,PRO,4,O,250,0.008333055564814507
VAL,53,N,ASP,370,OD2,249,0.008299723342555248
GLU,65,N,GLU,65,OE2,248,0.00826639112029599
HIE,313,NE2,GLU,115,OE1,248,0.00826639112029599
ARG,105,N,THR,102,O,246,0.008199726675777475
LYS,158,NZ,ARG,159,O,245,0.008166394453518216
ARG,130,NH2,GLN,123,OE1,243,0.0080997300089997
SER,253,OG,ASN,250,O,240,0.007999733342221926
LYS,223,NZ,HIE,219,O,239,0.007966401119962668
ARG,406,NH2,ASN,89,OD1,239,0.007966401119962668
LYS,63,NZ,GLU,58,O,238,0.00793306889770341
ASP,229,N,THR,227,OG1,238,0.00793306889770341
THR,227,OG1,GLU,226,OE1,237,0.007899736675444151
THR,227,OG1,GLU,245,OE1,237,0.007899736675444151
ASN,263,ND2,TYR,83,O,237,0.007899736675444151
ARG,117,NH1,GLU,411,OE1,236,0.007866404453184895
GLN,163,NE2,HIE,161,ND1,233,0.0077664077864071195
ARG,350,NH2,ASP,36,OD2,233,0.0077664077864071195
THR,395,OG1,HIP,384,O,233,0.0077664077864071195
SER,26,N,LEU,23,O,232,0.007733075564147862
MET,104,N,PHE,99,O,232,0.007733075564147862
GLU,212,N,GLU,212,OE2,231,0.007699743341888604
GLY,390,N,ASP,387,OD2,231,0.007699743341888604
ASP,62,N,GLU,58,O,230,0.007666411119629346
LYS,111,NZ,ASP,106,O,230,0.007666411119629346
ARG,117,NE,SER,153,OG,229,0.007633078897370088
TYR,207,OH,PRO,78,O,229,0.007633078897370088
TYR,240,OH,ASN,259,OD1,224,0.0074664177860737976
LYS,246,NZ,LEU,242,O,224,0.0074664177860737976
GLN,345,NE2,HIE,346,O,223,0.007433085563814539
ARG,29,NH2,SER,26,OG,222,0.007399753341555282
ASN,250,N,LYS,246,O,221,0.007366421119296023
GLU,417,N,GLU,417,OE1,220,0.007333088897036766
GLU,54,N,GLU,54,OE2,219,0.0072997566747775074
GLN,258,NE2,HIE,257,ND1,219,0.0072997566747775074
GLU,212,N,GLU,212,OE1,218,0.007266424452518249
ASN,261,ND2,HIE,257,ND1,218,0.007266424452518249
ARG,29,N,SER,26,O,216,0.007199760007999733
LYS,197,NZ,SER,193,O,216,0.007199760007999733
ARG,350,NH2,GLU,54,O,216,0.007199760007999733
VAL,360,N,GLH,71,OE2,215,0.007166427785740476
LYS,33,NZ,TYR,34,OH,214,0.007133095563481217
ARG,117,NH1,GLU,417,OE1,210,0.0069997666744441855
CYS,124,N,GLU,121,O,210,0.0069997666744441855
VAL,61,N,GLU,58,O,207,0.006899770007666411
ARG,92,N,ASN,89,ND2,206,0.006866437785407153
VAL,435,N,SER,433,O,205,0.006833105563147895
LYS,25,NZ,ARG,21,O,203,0.006766441118629379
ARG,308,N,HIE,307,ND1,203,0.006766441118629379
PHE,99,N,LEU,96,O,201,0.006699776674110863
ARG,350,N,GLU,58,OE1,201,0.006699776674110863
LYS,63,N,ALA,59,O,200,0.006666444451851605
GLY,82,N,PHE,80,O,199,0.006633112229592347
GLN,119,NE2,GLN,123,OE1,199,0.006633112229592347
HIE,41,NE2,PRO,10,O,194,0.006466451118296057
ARG,117,NH2,SER,153,OG,194,0.006466451118296057
LYS,158,NZ,ASP,235,OD1,194,0.006466451118296057
LYS,234,NZ,MET,109,O,194,0.006466451118296057
PHE,189,N,GLY,186,O,192,0.006399786673777541
GLY,390,N,ASP,387,OD1,191,0.0063664544515182825
ARG,70,N,ASN,89,ND2,190,0.006333122229259025
ARG,112,NH1,GLU,116,OE2,189,0.006299790006999767
THR,272,N,PHE,269,O,187,0.006233125562481251
GLU,359,N,GLU,359,OE2,187,0.006233125562481251
HIE,313,N,GLU,311,OE2,186,0.006199793340221992
LYS,234,NZ,THR,102,O,185,0.006166461117962735
GLN,302,NE2,GLU,301,OE2,185,0.006166461117962735
GLN,445,NE2,SER,179,OG,184,0.0061331288957034765
ARG,20,NH1,ASP,19,OD1,183,0.006099796673444218
GLN,17,N,GLN,17,OE1,182,0.006066464451184961
SER,153,OG,ILE,150,O,178,0.005933135562147928
LYS,223,NZ,THR,227,OG1,176,0.005866471117629412
LYS,393,NZ,LYS,394,O,176,0.005866471117629412
ASN,172,ND2,ASN,172,O,174,0.005799806673110896
LYS,248,NZ,ARG,225,O,172,0.00573314222859238
ALA,416,N,ILE,413,O,172,0.00573314222859238
ALA,135,N,LYS,133,O,171,0.005699810006333122
ASN,91,ND2,GLU,254,OE2,169,0.005633145561814606
ARG,295,NH1,HIE,291,O,169,0.005633145561814606
ASP,370,N,THR,366,O,169,0.005633145561814606
ARG,98,N,VAL,95,O,168,0.005599813339555348
GLN,123,NE2,GLU,127,OE2,168,0.005599813339555348
LEU,228,N,GLU,245,OE1,168,0.005599813339555348
PHE,27,N,LEU,24,O,167,0.00556648111729609
LYS,63,NZ,THR,347,OG1,167,0.00556648111729609
ARG,98,NE,ARG,98,O,166,0.005533148895036832
ARG,406,N,LEU,403,O,165,0.005499816672777574
ASN,259,ND2,ASN,259,O,164,0.005466484450518316
ARG,315,NE,GLU,417,OE1,164,0.005466484450518316
LEU,312,N,GLU,311,OE1,163,0.005433152228259058
ARG,330,NE,GLU,327,OE1,162,0.0053998200059998
TYR,281,OH,LYS,451,O,161,0.005366487783740542
ARG,130,NH2,ASN,428,OD1,160,0.005333155561481284
ARG,350,NH2,ASP,36,OD1,159,0.005299823339222026
LEU,228,N,GLU,226,O,158,0.0052664911169627675
GLN,345,NE2,THR,344,O,158,0.0052664911169627675
LYS,405,NZ,ALA,64,O,158,0.0052664911169627675
LYS,197,NZ,TYR,198,OH,156,0.005199826672444252
LYS,33,NZ,GLU,32,OE1,155,0.005166494450184994
PHE,30,N,PHE,27,O,154,0.005133162227925736
GLN,123,NE2,GLN,123,O,154,0.005133162227925736
LEU,312,N,GLU,311,OE2,154,0.005133162227925736
GLU,359,N,GLU,359,OE1,154,0.005133162227925736
LYS,356,NZ,GLN,345,OE1,153,0.005099830005666478
GLU,222,N,HIE,219,O,152,0.00506649778340722
ASN,259,ND2,ARG,92,NH2,152,0.00506649778340722
LYS,33,NZ,GLU,32,OE2,151,0.0050331655611479615
SER,179,OG,GLN,176,O,150,0.004999833338888704
HIE,313,N,GLU,311,OE1,150,0.004999833338888704
ARG,298,NH1,GLU,294,O,149,0.004966501116629446
GLN,345,N,ALA,66,O,149,0.004966501116629446
LYS,158,NZ,ASP,235,OD2,148,0.004933168894370188
ALA,59,N,ILE,56,O,147,0.00489983667211093
GLY,90,N,ASN,89,OD1,147,0.00489983667211093
LYS,131,NZ,GLN,163,OE1,147,0.00489983667211093
PHE,80,N,ASP,77,O,146,0.004866504449851671
ILE,126,N,GLN,123,O,144,0.0047998400053331555
ASN,259,ND2,ARG,92,NH1,144,0.0047998400053331555
ARG,295,NH2,GLU,299,OE1,144,0.0047998400053331555
LYS,405,N,LEU,60,O,144,0.0047998400053331555
ARG,204,NH2,PHE,199,O,143,0.004766507783073898
LEU,236,N,ASP,235,OD2,143,0.004766507783073898
HIE,291,N,HIE,291,ND1,143,0.004766507783073898
ARG,81,NE,ASP,77,OD2,142,0.00473317556081464
LYS,234,NZ,ASP,229,OD2,142,0.00473317556081464
THR,395,OG1,LYS,394,O,142,0.00473317556081464
PHE,460,N,ALA,135,O,142,0.00473317556081464
TYR,34,N,ARG,31,O,141,0.004699843338555381
GLN,119,NE2,GLN,119,O,141,0.004699843338555381
ARG,225,NH1,HIE,257,ND1,139,0.004633178894036865
ARG,97,NH1,LYS,405,O,138,0.004599846671777608
ARG,415,N,ILE,413,O,138,0.004599846671777608
ARG,112,NH1,GLU,116,OE1,137,0.0045665144495183494
TYR,162,OH,CYS,124,O,137,0.0045665144495183494
PHE,107,N,MET,104,O,136,0.004533182227259091
ARG,330,NH2,ASP,378,O,136,0.004533182227259091
LYS,234,NZ,THR,227,O,135,0.0044998500049998336
ASN,259,N,SER,256,O,135,0.0044998500049998336
TYR,456,N,PRO,454,O,135,0.0044998500049998336
ASN,149,ND2,TYR,162,OH,134,0.004466517782740575
GLN,176,NE2,GLN,205,OE1,134,0.004466517782740575
SER,249,OG,ASN,250,OD1,134,0.004466517782740575
ILE,399,N,ALA,397,O,134,0.004466517782740575
LEU,403,N,SER,402,OG,133,0.004433185560481318
HIE,203,N,HIE,203,ND1,132,0.004399853338222059
TYR,216,OH,GLU,166,OE1,132,0.004399853338222059
LYS,223,NZ,HIE,219,ND1,131,0.004366521115962801
GLN,302,NE2,GLN,302,O,131,0.004366521115962801
ARG,70,NE,VAL,339,O,130,0.004333188893703543
ARG,117,NH1,SER,113,O,130,0.004333188893703543
ARG,330,NH1,HID,369,NE2,130,0.004333188893703543
LYS,248,NZ,GLU,226,OE2,128,0.0042665244491850276
ARG,406,NH2,VAL,85,O,128,0.0042665244491850276
LYS,197,NZ,GLY,194,O,127,0.004233192226925769
THR,147,OG1,SER,276,OG,126,0.004199860004666511
THR,264,OG1,ASN,261,O,126,0.004199860004666511
SER,332,OG,GLN,329,O,126,0.004199860004666511
ARG,97,NE,HM1,464,O2D,125,0.004166527782407253
PHE,174,N,LEU,171,O,125,0.004166527782407253
GLU,411,N,GLU,411,OE1,125,0.004166527782407253
GLU,54,N,GLU,54,OE1,124,0.004133195560147995
GLY,201,N,PHE,199,O,124,0.004133195560147995
ARG,7,NH2,GLY,5,O,123,0.004099863337888737
ALA,232,N,PRO,230,O,123,0.004099863337888737
ARG,81,NH2,TYR,207,OH,122,0.004066531115629479
SER,231,N,ASP,229,O,122,0.004066531115629479
LYS,248,NZ,GLU,226,OE1,122,0.004066531115629479
ILE,325,N,GLU,322,O,122,0.004066531115629479
LYS,234,NZ,ASP,229,OD1,121,0.004033198893370221
GLN,345,NE2,GLU,65,OE2,121,0.004033198893370221
HIE,252,N,ASN,250,ND2,120,0.003999866671110963
HID,369,ND1,SER,365,OG,120,0.003999866671110963
LEU,28,N,LYS,25,O,119,0.003966534448851705
ARG,112,NH2,SER,153,OG,119,0.003966534448851705
SER,183,OG,GLU,446,OE1,119,0.003966534448851705
ARG,204,N,HIE,203,ND1,119,0.003966534448851705
ARG,280,NE,THR,140,OG1,119,0.003966534448851705
LEU,228,N,GLU,245,OE2,118,0.003933202226592447
ARG,20,NH2,MET,18,O,117,0.003899870004333189
LYS,33,NZ,ARG,29,O,117,0.003899870004333189
SER,153,N,ILE,150,O,117,0.003899870004333189
SER,253,OG,PHE,255,O,117,0.003899870004333189
HIE,257,NE2,GLY,218,O,117,0.003899870004333189
ASN,259,ND2,SER,256,OG,117,0.003899870004333189
ASN,381,ND2,ALA,379,O,117,0.003899870004333189
GLY,412,N,GLU,411,OE2,117,0.003899870004333189
MET,75,N,ILE,73,O,115,0.003833205559814673
ARG,308,N,GLY,305,O,115,0.003833205559814673
ARG,57,NE,ASP,62,OD2,114,0.0037998733375554147
ARG,97,NH2,HM1,464,O2D,114,0.0037998733375554147
LEU,236,N,ASP,235,OD1,114,0.0037998733375554147
GLN,258,N,HIE,257,ND1,114,0.0037998733375554147
THR,358,OG1,LYS,356,O,114,0.0037998733375554147
ARG,204,NE,GLY,201,O,113,0.0037665411152961567
THR,227,OG1,GLU,245,OE2,113,0.0037665411152961567
GLU,417,N,GLU,417,OE2,112,0.0037332088930368988
ARG,225,NH1,GLU,245,OE1,111,0.003699876670777641
ARG,225,NH1,GLU,245,OE2,110,0.003666544448518383
LYS,234,NZ,ASP,106,O,110,0.003666544448518383
LEU,284,N,TYR,281,O,110,0.003666544448518383
GLY,82,N,VAL,76,O,109,0.0036332122262591245
LEU,173,N,MET,170,O,109,0.0036332122262591245
HIE,257,NE2,GLU,222,OE2,109,0.0036332122262591245
LYS,169,NZ,GLN,165,OE1,108,0.0035998800039998666
ARG,20,NH2,LEU,15,O,107,0.0035665477817406087
LYS,288,NZ,GLU,438,O,107,0.0035665477817406087
GLY,404,N,SER,402,OG,105,0.0034998833372220928
THR,103,OG1,THR,102,OG1,104,0.0034665511149628344
ASP,357,N,THR,344,O,104,0.0034665511149628344
LYS,72,NZ,ARG,81,O,103,0.0034332188927035765
LYS,288,NZ,GLU,438,OE2,103,0.0034332188927035765
LYS,248,NZ,GLU,226,O,102,0.0033998866704443185
ARG,308,N,GLN,427,NE2,101,0.0033665544481850606
GLN,345,NE2,GLU,65,OE1,101,0.0033665544481850606
TYR,216,N,ILE,213,O,100,0.0033332222259258026
LYS,111,NZ,PHE,107,O,99,0.0032998900036665443
LYS,169,NZ,ASN,172,OD1,99,0.0032998900036665443
ASN,214,ND2,ASN,214,O,99,0.0032998900036665443
THR,395,OG1,TYR,373,O,99,0.0032998900036665443
ARG,406,N,GLY,404,O,99,0.0032998900036665443
ILE,425,N,PHE,422,O,98,0.0032665577814072863
LYS,169,NZ,GLN,165,O,97,0.0032332255591480284
ARG,105,NH1,ASP,106,OD2,96,0.0031998933368887704
ARG,112,NE,GLU,120,OE2,96,0.0031998933368887704
LYS,288,NZ,GLU,438,OE1,96,0.0031998933368887704
ARG,204,NH1,TYR,198,O,95,0.0031665611146295125
ILE,407,N,HM1,464,O2D,95,0.0031665611146295125
GLN,211,NE2,GLN,211,O,94,0.003133228892370254
HIE,307,N,HIE,307,ND1,94,0.003133228892370254
SER,182,OG,SER,179,O,93,0.003099896670110996
LEU,60,N,ARG,57,O,92,0.0030665644478517383
THR,147,N,GLN,144,O,92,0.0030665644478517383
TRP,93,N,GLY,90,O,91,0.0030332322255924803
GLY,69,N,PHE,67,O,90,0.0029999000033332224
ARG,117,NE,ARG,112,O,90,0.0029999000033332224
ARG,81,N,PRO,78,O,89,0.002966567781073964
ARG,105,NH1,ASP,106,OD1,89,0.002966567781073964
GLU,120,N,ARG,117,O,89,0.002966567781073964
ARG,159,NH2,SER,153,OG,89,0.002966567781073964
TYR,373,N,ASP,370,OD2,88,0.002933235558814706
PHE,380,N,TYR,289,OH,88,0.002933235558814706
ARG,130,NH1,ASN,428,OD1,87,0.002899903336555448
ARG,459,NH2,GLY,134,O,87,0.002899903336555448
GLN,187,NE2,ARG,20,O,86,0.00286657111429619
ALA,122,N,GLN,119,O,85,0.0028332388920369322
GLN,445,NE2,GLN,445,O,85,0.0028332388920369322
ARG,105,NH1,GLU,411,O,84,0.002799906669777674
GLN,176,NE2,GLN,176,O,84,0.002799906669777674
ARG,204,NE,LYS,197,O,84,0.002799906669777674
ARG,350,N,GLU,58,OE2,84,0.002799906669777674
ARG,98,NH1,ARG,98,O,83,0.002766574447518416
GLU,128,N,LEU,125,O,83,0.002766574447518416
SER,402,N,PRO,400,O,83,0.002766574447518416
ARG,117,NE,VAL,114,O,82,0.002733242225259158
GLU,166,N,GLU,166,OE2,82,0.002733242225259158
TYR,373,N,ASP,370,OD1,82,0.002733242225259158
ARG,57,NH1,GLU,58,OE1,81,0.0026999100029999
ARG,117,NH2,SER,153,O,81,0.0026999100029999
LEU,242,N,THR,239,O,81,0.0026999100029999
ARG,21,NH2,GLU,446,OE2,80,0.002666577780740642
HIE,161,NE2,GLN,163,OE1,80,0.002666577780740642
GLU,411,N,GLU,411,OE2,80,0.002666577780740642
PHE,422,N,PHE,419,O,80,0.002666577780740642
PHE,460,N,GLY,134,O,80,0.002666577780740642
ARG,29,NE,ASP,19,OD1,78,0.002599913336222126
ARG,57,NE,ASP,62,OD1,78,0.002599913336222126
ARG,112,NE,GLU,120,OE1,78,0.002599913336222126
LYS,393,NZ,HIP,384,O,78,0.002599913336222126
GLY,412,N,GLU,411,OE1,78,0.002599913336222126
GLY,84,N,GLY,82,O,77,0.002566581113962868
GLN,205,NE2,ALA,202,O,77,0.002566581113962868
LYS,223,NZ,HID,224,NE2,77,0.002566581113962868
ARG,295,NH1,TYR,320,OH,77,0.002566581113962868
ALA,202,N,PRO,200,O,76,0.00253324889170361
ARG,298,NH1,ARG,298,O,76,0.00253324889170361
LYS,317,NZ,HIE,313,NE2,76,0.00253324889170361
ARG,98,NH1,THR,102,OG1,75,0.002499916669444352
ARG,81,NH2,ASP,77,O,74,0.002466584447185094
ARG,70,NE,GLY,69,O,73,0.0024332522249258357
ARG,117,NH1,GLU,411,OE2,73,0.0024332522249258357
ASP,229,N,THR,227,O,73,0.0024332522249258357
PHE,398,N,THR,395,OG1,73,0.0024332522249258357
ASN,14,ND2,ARG,7,O,72,0.0023999200026665777
GLN,123,NE2,GLU,120,O,72,0.0023999200026665777
TYR,216,OH,GLU,166,OE2,72,0.0023999200026665777
SER,266,N,ASN,263,O,72,0.0023999200026665777
ARG,280,NH2,THR,455,OG1,72,0.0023999200026665777
GLN,457,NE2,TYR,456,O,72,0.0023999200026665777
VAL,53,N,ASP,370,OD1,71,0.00236658778040732
ARG,57,NH1,GLU,58,OE2,71,0.00236658778040732
LYS,111,N,MET,109,O,71,0.00236658778040732
SER,153,OG,LYS,158,O,71,0.00236658778040732
ARG,159,NH1,GLU,120,O,70,0.002333255558148062
GLN,258,NE2,ASN,259,OD1,70,0.002333255558148062
HIE,372,N,HIE,372,ND1,70,0.002333255558148062
VAL,449,N,ILE,181,O,70,0.002333255558148062
GLN,123,NE2,GLU,127,OE1,69,0.002299923335888804
GLU,166,N,GLU,166,OE1,69,0.002299923335888804
ARG,225,NH2,HIE,257,ND1,69,0.002299923335888804
ARG,98,NE,THR,102,OG1,68,0.0022665911136295455
SER,153,OG,GLY,157,O,68,0.0022665911136295455
GLN,205,NE2,GLY,201,O,68,0.0022665911136295455
ASN,209,ND2,GLN,205,O,68,0.0022665911136295455
THR,347,OG1,SER,348,O,68,0.0022665911136295455
HID,369,ND1,ASP,378,OD2,67,0.0022332588913702876
LYS,393,NZ,GLU,375,OE1,67,0.0022332588913702876
LYS,393,NZ,THR,395,OG1,66,0.0021999266691110297
ASN,149,N,ILE,146,O,65,0.0021665944468517717
TYR,198,OH,GLY,194,O,65,0.0021665944468517717
ARG,20,NE,MET,18,O,64,0.0021332622245925138
ARG,57,NH2,GLU,58,OE2,64,0.0021332622245925138
ARG,280,NH1,THR,277,OG1,64,0.0021332622245925138
ARG,280,NH1,GLU,273,OE2,62,0.0020665977800739975
TYR,83,OH,GLN,258,OE1,61,0.0020332655578147395
LYS,94,N,ASN,91,O,61,0.0020332655578147395
ARG,97,NH2,CM1,408,O,61,0.0020332655578147395
MET,104,N,THR,103,OG1,61,0.0020332655578147395
ARG,112,NH2,GLN,119,OE1,60,0.0019999333355554816
ARG,45,N,GLY,43,O,59,0.0019666011132962236
HIE,257,NE2,ASN,261,OD1,59,0.0019666011132962236
GLN,445,N,PRO,453,O,59,0.0019666011132962236
ASN,14,ND2,GLY,13,O,58,0.0019332688910369655
SER,68,N,ALA,64,O,58,0.0019332688910369655
TYR,352,N,ARG,350,O,58,0.0019332688910369655
ARG,21,NH1,GLU,446,OE2,57,0.0018999366687777073
ASP,77,N,LYS,72,O,57,0.0018999366687777073
LYS,111,NZ,GLY,108,O,57,0.0018999366687777073
GLU,127,N,CYS,124,O,57,0.0018999366687777073
GLY,157,N,SER,153,O,57,0.0018999366687777073
ASN,172,ND2,LYS,169,O,57,0.0018999366687777073
ALA,293,N,PRO,290,O,57,0.0018999366687777073
ARG,21,NH2,GLU,446,OE1,56,0.0018666044465184494
HIE,257,NE2,GLU,222,OE1,56,0.0018666044465184494
ASN,172,ND2,GLN,176,OE1,55,0.0018332722242591915
LYS,394,NZ,GLU,396,OE1,55,0.0018332722242591915
VAL,85,N,SER,266,OG,54,0.0017999400019999333
LYS,94,NZ,GLY,90,O,54,0.0017999400019999333
ARG,130,N,GLU,127,O,54,0.0017999400019999333
ARG,130,NH1,GLN,123,OE1,54,0.0017999400019999333
ARG,295,NH1,HIE,291,ND1,54,0.0017999400019999333
ARG,31,NH1,THR,366,O,53,0.0017666077797406754
LYS,133,NZ,ARG,130,O,53,0.0017666077797406754
GLN,457,NE2,ASP,138,N,53,0.0017666077797406754
ARG,21,NH1,ASP,19,OD2,52,0.0017332755574814172
ARG,98,NE,LYS,94,O,52,0.0017332755574814172
LYS,169,N,GLU,166,O,52,0.0017332755574814172
SER,276,OG,GLU,273,OE1,52,0.0017332755574814172
MET,109,N,PHE,107,O,51,0.0016999433352221593
PHE,141,N,ASP,138,O,50,0.0016666111129629013
TYR,289,N,MET,286,O,50,0.0016666111129629013
ILE,86,N,SER,266,OG,49,0.0016332788907036432
LYS,131,NZ,GLN,163,NE2,49,0.0016332788907036432
GLN,163,N,HIE,161,O,49,0.0016332788907036432
ALA,215,N,GLU,212,O,49,0.0016332788907036432
ALA,251,N,ASN,250,OD1,49,0.0016332788907036432
ARG,295,NH2,ASP,383,OD1,49,0.0016332788907036432
GLN,345,NE2,ALA,66,O,49,0.0016332788907036432
GLN,445,NE2,GLU,446,OE1,49,0.0016332788907036432
GLN,119,NE2,GLN,123,NE2,48,0.0015999466684443852
LYS,451,NZ,ASP,333,O,48,0.0015999466684443852
ARG,463,NH1,SER,430,OG,48,0.0015999466684443852
GLY,82,N,ASP,77,OD2,47,0.001566614446185127
ASN,250,ND2,HIE,252,ND1,47,0.001566614446185127
HID,369,ND1,ASP,378,OD1,47,0.001566614446185127
ASN,389,N,ASP,387,O,47,0.001566614446185127
ARG,117,NH1,GLU,417,OE2,46,0.0015332822239258691
GLN,205,NE2,GLN,176,NE2,46,0.0015332822239258691
GLN,457,NE2,MET,137,O,46,0.0015332822239258691
GLU,58,N,ALA,55,O,45,0.0014999500016666112
ARG,98,NH1,HID,243,NE2,45,0.0014999500016666112
VAL,155,N,CYS,152,O,45,0.0014999500016666112
LYS,246,NZ,GLU,245,OE1,45,0.0014999500016666112
ARG,295,NH1,ASP,383,OD2,45,0.0014999500016666112
ARG,7,NH1,ARG,7,O,44,0.001466617779407353
ARG,21,NH1,ASP,19,OD1,44,0.001466617779407353
ARG,31,N,LEU,28,O,44,0.001466617779407353
ASN,89,ND2,ASN,89,O,44,0.001466617779407353
ARG,98,NH1,ASP,106,OD2,44,0.001466617779407353
GLY,134,N,SER,132,O,44,0.001466617779407353
TYR,162,OH,GLU,121,O,44,0.001466617779407353
GLN,205,NE2,GLN,205,O,44,0.001466617779407353
SER,253,N,ALA,251,O,44,0.001466617779407353
LYS,288,N,LEU,285,O,44,0.001466617779407353
LYS,111,N,PHE,107,O,43,0.001433285557148095
LYS,111,NZ,GLY,157,O,43,0.001433285557148095
ARG,159,NH1,ARG,117,O,43,0.001433285557148095
LYS,208,NZ,GLU,212,OE1,43,0.001433285557148095
ARG,406,NE,SER,68,O,43,0.001433285557148095
PHE,419,N,ALA,414,O,43,0.001433285557148095
GLN,427,NE2,PRO,306,O,43,0.001433285557148095
LYS,208,NZ,GLU,212,OE2,42,0.001399953334888837
TYR,216,OH,ASP,164,OD2,42,0.001399953334888837
SER,220,OG,HID,224,NE2,42,0.001399953334888837
ARG,308,NE,ILE,304,O,42,0.001399953334888837
GLY,351,N,SER,348,O,42,0.001399953334888837
VAL,449,N,GLN,187,NE2,42,0.001399953334888837
THR,455,OG1,ASP,138,OD1,42,0.001399953334888837
GLN,457,NE2,THR,455,OG1,42,0.001399953334888837
ARG,105,NH2,LEU,409,O,41,0.001366621112629579
ASP,235,N,ASP,238,OD2,41,0.001366621112629579
SER,253,N,ASN,250,OD1,41,0.001366621112629579
ARG,280,NH2,PRO,454,O,41,0.001366621112629579
THR,39,OG1,VAL,47,O,40,0.001333288890370321
LYS,72,NZ,ARG,70,O,40,0.001333288890370321
ARG,98,NH1,LYS,94,O,40,0.001333288890370321
ARG,117,NH1,GLY,108,O,40,0.001333288890370321
GLU,254,N,GLU,254,OE2,40,0.001333288890370321
ASN,261,ND2,ASN,214,ND2,40,0.001333288890370321
ASP,383,N,ASN,381,ND2,40,0.001333288890370321
LYS,394,NZ,THR,395,O,40,0.001333288890370321
ARG,45,NH2,LEU,42,O,39,0.001299956668111063
SER,100,N,ARG,97,O,39,0.001299956668111063
THR,103,OG1,SER,100,O,39,0.001299956668111063
ARG,112,NH2,ARG,117,O,39,0.001299956668111063
TYR,240,N,ILE,237,O,39,0.001299956668111063
GLN,258,N,GLN,258,NE2,39,0.001299956668111063
VAL,292,N,HIE,291,ND1,39,0.001299956668111063
ARG,298,NH1,GLN,302,OE1,39,0.001299956668111063
HIE,313,N,HIE,313,ND1,39,0.001299956668111063
THR,395,OG1,LYS,393,O,39,0.001299956668111063
SER,132,OG,GLU,128,OE2,38,0.001266624445851805
GLN,176,NE2,ASN,172,ND2,38,0.001266624445851805
ARG,315,NH2,GLU,322,OE1,38,0.001266624445851805
GLY,390,N,ALA,388,O,38,0.001266624445851805
ARG,406,NH1,HM1,464,O2A,38,0.001266624445851805
LEU,23,N,GLN,187,NE2,37,0.001233292223592547
LYS,111,NZ,GLU,120,OE2,37,0.001233292223592547
GLN,119,N,ARG,117,O,37,0.001233292223592547
LEU,236,N,VAL,155,O,37,0.001233292223592547
HID,243,ND1,GLU,247,OE2,37,0.001233292223592547
ASN,263,ND2,ASN,259,OD1,37,0.001233292223592547
THR,275,OG1,THR,274,OG1,37,0.001233292223592547
LYS,393,NZ,GLU,375,OE2,37,0.001233292223592547
THR,455,N,GLN,445,NE2,37,0.001233292223592547
ARG,1,NH2,LEU,2,O,36,0.0011999600013332889
ARG,57,NH2,GLU,396,O,36,0.0011999600013332889
THR,278,OG1,SER,332,OG,36,0.0011999600013332889
LEU,442,N,ASP,441,OD2,36,0.0011999600013332889
ARG,21,NH1,ARG,21,O,35,0.001166627779074031
ARG,29,NH1,LYS,25,O,35,0.001166627779074031
ARG,204,NH1,TYR,207,OH,35,0.001166627779074031
TYR,207,OH,LYS,197,O,35,0.001166627779074031
ASP,229,N,ASP,238,OD1,35,0.001166627779074031
ARG,298,NH2,GLN,302,OE1,35,0.001166627779074031
ASN,428,ND2,PRO,306,O,35,0.001166627779074031
ASN,91,ND2,ASN,91,O,34,0.0011332955568147728
ARG,308,N,ILE,304,O,34,0.0011332955568147728
SER,402,OG,PHE,401,O,34,0.0011332955568147728
ASN,14,ND2,HIE,41,ND1,33,0.0010999633345555148
ARG,112,NH1,GLU,121,OE2,33,0.0010999633345555148
ARG,280,NH1,PRO,453,O,33,0.0010999633345555148
ARG,20,N,ARG,20,NE,32,0.0010666311122962569
ARG,45,NH2,SER,193,OG,32,0.0010666311122962569
ARG,105,NE,VAL,101,O,32,0.0010666311122962569
SER,132,OG,GLU,128,OE1,32,0.0010666311122962569
TYR,240,OH,GLU,254,O,32,0.0010666311122962569
LYS,246,NZ,GLU,245,OE2,32,0.0010666311122962569
LYS,248,N,HID,243,O,32,0.0010666311122962569
MET,318,N,ASP,314,O,32,0.0010666311122962569
LEU,442,N,ASP,441,OD1,32,0.0010666311122962569
ARG,20,NE,ARG,20,O,31,0.0010332988900369987
GLN,176,NE2,ASN,209,OD1,31,0.0010332988900369987
ARG,29,NH1,ARG,29,O,30,0.0009999666677777408
VAL,101,N,ARG,98,O,30,0.0009999666677777408
ARG,112,NE,GLU,116,O,30,0.0009999666677777408
ARG,112,NH2,GLU,121,OE2,30,0.0009999666677777408
GLN,187,NE2,GLY,186,O,30,0.0009999666677777408
GLY,201,N,ARG,204,NE,30,0.0009999666677777408
LYS,223,NZ,GLU,222,OE1,30,0.0009999666677777408
ASP,229,N,ASP,238,OD2,30,0.0009999666677777408
GLN,258,NE2,GLN,258,O,30,0.0009999666677777408
ARG,330,N,GLU,327,O,30,0.0009999666677777408
GLN,457,NE2,ASP,138,OD1,30,0.0009999666677777408
ARG,81,NH2,GLN,258,NE2,29,0.0009666344455184827
ARG,92,NH1,ASN,91,OD1,29,0.0009666344455184827
LYS,94,NZ,ASN,91,O,29,0.0009666344455184827
ARG,112,NH1,LYS,111,O,29,0.0009666344455184827
ARG,117,NH1,GLY,157,O,29,0.0009666344455184827
GLN,163,N,GLN,163,OE1,29,0.0009666344455184827
ASN,172,N,LYS,169,O,29,0.0009666344455184827
GLN,187,NE2,LEU,24,N,29,0.0009666344455184827
SER,276,OG,PHE,143,O,29,0.0009666344455184827
LYS,394,NZ,GLU,396,OE2,29,0.0009666344455184827
GLN,427,N,THR,424,O,29,0.0009666344455184827
ARG,1,NH2,PRO,3,O,28,0.0009333022232592247
LYS,111,NZ,MET,109,O,28,0.0009333022232592247
LYS,234,NZ,HID,224,NE2,28,0.0009333022232592247
SER,256,OG,ASN,259,ND2,28,0.0009333022232592247
ALA,64,N,ALA,59,O,27,0.0008999700009999666
ARG,98,NH2,GLU,247,OE2,27,0.0008999700009999666
ARG,105,NE,ARG,105,O,27,0.0008999700009999666
ARG,117,NH2,GLU,411,OE2,27,0.0008999700009999666
GLY,134,N,LEU,129,O,27,0.0008999700009999666
LYS,158,NZ,GLY,157,O,27,0.0008999700009999666
ARG,159,NH1,HIE,161,ND1,27,0.0008999700009999666
ARG,204,NH2,LEU,196,O,27,0.0008999700009999666
LYS,356,N,HIE,346,NE2,27,0.0008999700009999666
LYS,451,NZ,TYR,281,OH,27,0.0008999700009999666
THR,455,OG1,ASP,138,OD2,27,0.0008999700009999666
SER,231,OG,ALA,232,O,26,0.0008666377787407086
LYS,248,NZ,MET,244,O,26,0.0008666377787407086
THR,344,OG1,ASP,357,OD1,26,0.0008666377787407086
ARG,31,NH1,ASP,36,OD1,25,0.0008333055564814507
THR,347,OG1,HIE,346,O,25,0.0008333055564814507
HIP,384,NE2,GLU,375,OE1,25,0.0008333055564814507
LYS,394,NZ,LEU,392,O,25,0.0008333055564814507
LEU,461,N,ARG,459,O,25,0.0008333055564814507
ARG,20,NH1,LEU,16,O,24,0.0007999733342221926
ARG,21,NH2,GLN,445,O,24,0.0007999733342221926
GLY,35,N,PHE,30,O,24,0.0007999733342221926
ILE,73,N,ASP,77,OD2,24,0.0007999733342221926
ARG,92,NE,ASN,89,OD1,24,0.0007999733342221926
GLN,165,N,GLN,165,NE2,24,0.0007999733342221926
TYR,216,OH,ASP,164,OD1,24,0.0007999733342221926
HID,224,ND1,THR,227,OG1,24,0.0007999733342221926
LEU,236,N,PHE,156,O,24,0.0007999733342221926
TYR,240,OH,PHE,255,O,24,0.0007999733342221926
SER,256,OG,SER,253,O,24,0.0007999733342221926
GLN,258,NE2,HIE,257,NE2,24,0.0007999733342221926
GLU,294,N,HIE,291,O,24,0.0007999733342221926
LYS,394,NZ,ARG,415,NH1,24,0.0007999733342221926
ARG,415,NH2,ARG,315,NH1,24,0.0007999733342221926
PHE,429,N,LEU,426,O,24,0.0007999733342221926
ARG,57,NH1,GLU,396,O,23,0.0007666411119629346
GLY,69,N,THR,344,OG1,23,0.0007666411119629346
ARG,130,NH2,ASN,428,O,23,0.0007666411119629346
SER,193,OG,ASP,77,OD1,23,0.0007666411119629346
LYS,197,N,PHE,195,O,23,0.0007666411119629346
GLN,211,N,VAL,206,O,23,0.0007666411119629346
GLN,211,NE2,TYR,207,OH,23,0.0007666411119629346
ARG,308,NH1,GLU,311,OE2,23,0.0007666411119629346
ARG,308,NH2,GLU,311,OE2,23,0.0007666411119629346
LYS,33,N,ARG,31,O,22,0.0007333088897036765
LYS,63,NZ,ASP,62,O,22,0.0007333088897036765
TYR,162,OH,SER,145,O,22,0.0007333088897036765
GLN,187,NE2,VAL,184,O,22,0.0007333088897036765
SER,249,OG,GLU,245,O,22,0.0007333088897036765
ARG,280,NH2,PRO,453,O,22,0.0007333088897036765
ARG,350,NH1,GLU,54,O,22,0.0007333088897036765
GLN,457,NE2,ASP,138,OD2,22,0.0007333088897036765
ARG,7,NH1,GLY,5,O,21,0.0006999766674444185
ARG,92,NH2,ARG,81,O,21,0.0006999766674444185
TYR,162,OH,LEU,142,O,21,0.0006999766674444185
GLN,163,NE2,GLN,163,O,21,0.0006999766674444185
ASP,164,N,TYR,162,O,21,0.0006999766674444185
SER,183,OG,SER,179,O,21,0.0006999766674444185
LYS,223,NZ,HIE,219,NE2,21,0.0006999766674444185
THR,227,N,ARG,225,O,21,0.0006999766674444185
HID,243,ND1,GLU,247,OE1,21,0.0006999766674444185
LYS,248,N,LYS,246,O,21,0.0006999766674444185
LYS,248,NZ,PHE,255,O,21,0.0006999766674444185
ASN,250,N,LYS,248,O,21,0.0006999766674444185
ASN,263,N,LEU,260,O,21,0.0006999766674444185
HID,369,ND1,ASP,333,OD2,21,0.0006999766674444185
LYS,394,NZ,LYS,394,O,21,0.0006999766674444185
THR,395,OG1,GLU,396,OE1,21,0.0006999766674444185
THR,395,OG1,GLU,396,OE2,21,0.0006999766674444185
ARG,31,NH1,GLU,32,OE1,20,0.0006666444451851605
ARG,81,NH2,GLN,211,OE1,20,0.0006666444451851605
ASN,89,ND2,SER,68,OG,20,0.0006666444451851605
LEU,125,N,ALA,122,O,20,0.0006666444451851605
HIE,203,NE2,TYR,207,OH,20,0.0006666444451851605
ASN,214,ND2,GLN,211,NE2,20,0.0006666444451851605
THR,227,OG1,ASP,238,OD1,20,0.0006666444451851605
LYS,234,N,ALA,232,O,20,0.0006666444451851605
MET,244,N,LEU,241,O,20,0.0006666444451851605
LYS,246,NZ,ASN,250,OD1,20,0.0006666444451851605
ARG,280,NH2,TYR,175,OH,20,0.0006666444451851605
HIE,313,N,GLU,311,O,20,0.0006666444451851605
LYS,317,NZ,VAL,303,O,20,0.0006666444451851605
LEU,334,N,SER,332,OG,20,0.0006666444451851605
ARG,81,NH1,GLN,258,NE2,19,0.0006333122229259025
ARG,92,N,ASN,91,OD1,19,0.0006333122229259025
LYS,133,N,LYS,131,O,19,0.0006333122229259025
TYR,162,OH,LEU,125,N,19,0.0006333122229259025
TYR,198,N,GLY,194,O,19,0.0006333122229259025
ARG,204,NH1,LEU,196,O,19,0.0006333122229259025
ARG,225,NE,GLU,222,O,19,0.0006333122229259025
LYS,234,NZ,GLY,108,O,19,0.0006333122229259025
SER,249,N,GLU,247,O,19,0.0006333122229259025
LEU,262,N,GLN,258,OE1,19,0.0006333122229259025
ARG,295,N,VAL,292,O,19,0.0006333122229259025
ARG,308,NH2,ILE,304,O,19,0.0006333122229259025
GLY,410,N,CM1,408,O,19,0.0006333122229259025
ARG,463,NE,SER,430,OG,19,0.0006333122229259025
ARG,31,NH1,ASP,36,OD2,18,0.0005999800006666444
ARG,81,NH1,TYR,207,OH,18,0.0005999800006666444
LYS,111,NZ,GLU,116,OE1,18,0.0005999800006666444
ARG,117,NH1,MET,109,O,18,0.0005999800006666444
TYR,175,OH,GLN,445,NE2,18,0.0005999800006666444
SER,182,N,SER,179,O,18,0.0005999800006666444
PHE,199,N,LYS,197,O,18,0.0005999800006666444
GLN,211,NE2,LYS,208,O,18,0.0005999800006666444
LYS,223,NZ,GLU,222,OE2,18,0.0005999800006666444
LYS,246,NZ,HID,243,O,18,0.0005999800006666444
HIE,257,N,HIE,257,ND1,18,0.0005999800006666444
ARG,315,NE,ALA,416,O,18,0.0005999800006666444
THR,321,N,MET,318,O,18,0.0005999800006666444
ASN,381,ND2,PHE,380,O,18,0.0005999800006666444
LYS,394,N,LEU,392,O,18,0.0005999800006666444
VAL,85,N,ASN,263,ND2,17,0.0005666477784073864
ARG,92,NE,GLY,82,O,17,0.0005666477784073864
ARG,98,NH2,LYS,94,O,17,0.0005666477784073864
GLN,123,NE2,GLU,120,OE1,17,0.0005666477784073864
PHE,143,N,THR,140,O,17,0.0005666477784073864
TYR,162,N,HIE,161,ND1,17,0.0005666477784073864
GLN,163,N,HIE,161,NE2,17,0.0005666477784073864
ASN,214,N,GLN,211,O,17,0.0005666477784073864
GLN,258,NE2,SER,256,OG,17,0.0005666477784073864
VAL,296,N,ALA,293,O,17,0.0005666477784073864
ARG,308,NH1,GLU,311,OE1,17,0.0005666477784073864
ASN,381,ND2,LYS,376,O,17,0.0005666477784073864
GLY,450,N,SER,182,O,17,0.0005666477784073864
GLN,123,NE2,GLN,119,NE2,16,0.0005333155561481284
SER,145,OG,TYR,162,OH,16,0.0005333155561481284
GLY,157,N,ILE,154,O,16,0.0005333155561481284
THR,177,N,PHE,174,O,16,0.0005333155561481284
GLN,187,N,PHE,185,O,16,0.0005333155561481284
ARG,225,NH2,HIE,257,NE2,16,0.0005333155561481284
THR,227,OG1,ASP,238,OD2,16,0.0005333155561481284
ASP,235,N,THR,239,OG1,16,0.0005333155561481284
LYS,246,NZ,SER,249,OG,16,0.0005333155561481284
ASN,250,ND2,HIE,252,NE2,16,0.0005333155561481284
THR,272,OG1,THR,147,OG1,16,0.0005333155561481284
SER,276,OG,GLU,273,OE2,16,0.0005333155561481284
ARG,295,NE,HIE,291,ND1,16,0.0005333155561481284
ASN,381,ND2,GLU,375,OE1,16,0.0005333155561481284
ARG,406,NH1,LYS,405,O,16,0.0005333155561481284
ARG,415,N,GLU,411,O,16,0.0005333155561481284
ASP,441,N,ASP,439,O,16,0.0005333155561481284
GLN,457,NE2,LEU,136,O,16,0.0005333155561481284
ARG,463,NH2,SER,430,OG,16,0.0005333155561481284
GLN,176,NE2,GLN,205,NE2,15,0.0004999833338888704
HIE,307,N,GLY,305,O,15,0.0004999833338888704
TYR,320,OH,VAL,292,O,15,0.0004999833338888704
LYS,393,NZ,LYS,393,O,15,0.0004999833338888704
ASN,14,ND2,GLN,17,NE2,14,0.00046665111162961235
GLU,54,N,TYR,373,OH,14,0.00046665111162961235
ARG,92,NH1,ARG,81,O,14,0.00046665111162961235
ARG,92,NH2,GLY,82,O,14,0.00046665111162961235
ARG,98,NH1,GLU,247,OE1,14,0.00046665111162961235
ARG,117,NH2,GLY,157,O,14,0.00046665111162961235
LEU,129,N,ILE,126,O,14,0.00046665111162961235
THR,239,N,LEU,236,O,14,0.00046665111162961235
HID,243,ND1,HID,243,O,14,0.00046665111162961235
ARG,280,NH1,GLN,445,OE1,14,0.00046665111162961235
ARG,280,NH2,ASP,138,OD1,14,0.00046665111162961235
ARG,280,NH2,GLN,445,OE1,14,0.00046665111162961235
ARG,295,NH1,ASP,383,OD1,14,0.00046665111162961235
ARG,295,NH2,ASP,383,OD2,14,0.00046665111162961235
ASN,381,ND2,GLU,375,OE2,14,0.00046665111162961235
LYS,394,NZ,GLU,322,OE2,14,0.00046665111162961235
ARG,7,NE,PRO,8,O,13,0.0004333188893703543
ARG,57,NH2,GLU,58,OE1,13,0.0004333188893703543
ARG,81,NH2,TYR,207,O,13,0.0004333188893703543
MET,109,N,SER,153,OG,13,0.0004333188893703543
LYS,111,NZ,GLU,120,OE1,13,0.0004333188893703543
ARG,117,NH2,GLU,116,OE1,13,0.0004333188893703543
ARG,117,NH2,GLU,411,OE1,13,0.0004333188893703543
LYS,131,NZ,SER,132,OG,13,0.0004333188893703543
THR,147,OG1,GLN,144,O,13,0.0004333188893703543
ARG,159,NE,ASN,149,O,13,0.0004333188893703543
ARG,159,NH2,TYR,162,OH,13,0.0004333188893703543
LYS,208,NZ,ASN,209,OD1,13,0.0004333188893703543
ASN,214,ND2,GLN,258,NE2,13,0.0004333188893703543
LYS,234,NZ,HID,224,ND1,13,0.0004333188893703543
ASN,263,ND2,LEU,96,O,13,0.0004333188893703543
ARG,280,NH1,THR,140,OG1,13,0.0004333188893703543
ALA,391,N,ASN,389,O,13,0.0004333188893703543
LYS,394,NZ,GLU,322,OE1,13,0.0004333188893703543
THR,395,N,LYS,393,O,13,0.0004333188893703543
ALA,414,N,GLU,411,O,13,0.0004333188893703543
LEU,418,N,ALA,414,O,13,0.0004333188893703543
ARG,81,NH1,TYR,83,OH,12,0.0003999866671110963
ASN,89,ND2,ASN,91,OD1,12,0.0003999866671110963
ASN,91,N,ASN,89,ND2,12,0.0003999866671110963
ARG,92,NH2,ASN,89,OD1,12,0.0003999866671110963
GLY,108,N,ASP,106,O,12,0.0003999866671110963
ARG,130,NH2,GLN,123,NE2,12,0.0003999866671110963
SER,145,N,LEU,142,O,12,0.0003999866671110963
GLN,205,NE2,ASN,209,ND2,12,0.0003999866671110963
ASN,209,ND2,VAL,76,O,12,0.0003999866671110963
ALA,232,N,ASP,229,OD1,12,0.0003999866671110963
ARG,280,NH2,ASP,138,OD2,12,0.0003999866671110963
ARG,295,NE,TYR,320,OH,12,0.0003999866671110963
TYR,297,OH,GLN,427,O,12,0.0003999866671110963
HIE,307,NE2,ARG,463,O,12,0.0003999866671110963
THR,344,OG1,ILE,342,O,12,0.0003999866671110963
THR,424,OG1,PHE,421,O,12,0.0003999866671110963
ASN,428,ND2,GLN,427,O,12,0.0003999866671110963
ARG,463,NH1,GLN,427,O,12,0.0003999866671110963
SER,26,OG,ASP,19,OD1,11,0.00036665444485183826
ARG,92,NE,ASN,91,OD1,11,0.00036665444485183826
THR,102,OG1,ASP,106,OD1,11,0.00036665444485183826
THR,102,OG1,ASP,106,O,11,0.00036665444485183826
ARG,117,NE,GLU,116,OE1,11,0.00036665444485183826
GLN,119,NE2,ARG,112,NH1,11,0.00036665444485183826
LYS,133,NZ,LYS,133,O,11,0.00036665444485183826
SER,145,OG,TYR,162,O,11,0.00036665444485183826
ARG,159,NE,PHE,160,O,11,0.00036665444485183826
ASN,214,ND2,ASN,261,O,11,0.00036665444485183826
SER,231,OG,PRO,230,O,11,0.00036665444485183826
ASN,250,ND2,SER,249,OG,11,0.00036665444485183826
HIE,252,NE2,ASN,91,OD1,11,0.00036665444485183826
GLN,258,NE2,ARG,81,NH1,11,0.00036665444485183826
ASN,261,ND2,GLN,258,NE2,11,0.00036665444485183826
ARG,298,NE,GLN,302,OE1,11,0.00036665444485183826
ARG,308,NH2,GLU,311,OE1,11,0.00036665444485183826
GLU,322,N,PRO,319,O,11,0.00036665444485183826
MET,337,N,GLY,448,O,11,0.00036665444485183826
HIE,346,N,GLN,345,NE2,11,0.00036665444485183826
ASN,389,ND2,ASN,389,O,11,0.00036665444485183826
ARG,406,NH1,SER,68,O,11,0.00036665444485183826
ARG,20,NH1,TYR,198,OH,10,0.00033332222259258026
ARG,21,N,ASP,19,O,10,0.00033332222259258026
ARG,21,NE,ARG,20,O,10,0.00033332222259258026
LYS,63,NZ,SER,348,OG,10,0.00033332222259258026
VAL,76,N,LYS,72,O,10,0.00033332222259258026
ARG,81,NE,TYR,83,OH,10,0.00033332222259258026
ARG,81,NH2,TYR,83,OH,10,0.00033332222259258026
TYR,83,N,ARG,81,O,10,0.00033332222259258026
ARG,92,NH1,ASN,89,OD1,10,0.00033332222259258026
LYS,111,NZ,GLY,110,O,10,0.00033332222259258026
ARG,112,NH1,SER,153,OG,10,0.00033332222259258026
ARG,159,NH2,PHE,160,O,10,0.00033332222259258026
GLN,187,NE2,ARG,21,O,10,0.00033332222259258026
GLN,205,NE2,PRO,200,O,10,0.00033332222259258026
TYR,207,OH,GLN,211,OE1,10,0.00033332222259258026
ILE,217,N,ASN,214,O,10,0.00033332222259258026
SER,231,OG,ASP,229,O,10,0.00033332222259258026
ASN,250,ND2,LYS,246,O,10,0.00033332222259258026
ASN,259,ND2,TYR,83,O,10,0.00033332222259258026
PHE,268,N,LEU,265,O,10,0.00033332222259258026
LYS,288,NZ,LYS,288,O,10,0.00033332222259258026
LYS,288,NZ,TYR,289,OH,10,0.00033332222259258026
ARG,298,NE,GLU,294,O,10,0.00033332222259258026
GLN,329,N,TYR,326,O,10,0.00033332222259258026
PHE,349,N,THR,347,O,10,0.00033332222259258026
ASP,378,N,ASP,378,OD1,10,0.00033332222259258026
ASN,381,ND2,GLU,375,O,10,0.00033332222259258026
LYS,405,NZ,VAL,61,O,10,0.00033332222259258026
GLY,412,N,GLY,410,O,10,0.00033332222259258026
CYS,447,N,GLU,446,OE1,10,0.00033332222259258026
GLY,448,N,SER,182,O,10,0.00033332222259258026
ARG,7,N,GLN,17,OE1,9,0.0002999900003333222
ARG,29,NE,GLN,17,O,9,0.0002999900003333222
ARG,130,NH1,ASN,428,O,9,0.0002999900003333222
LYS,131,NZ,GLU,128,O,9,0.0002999900003333222
GLY,201,N,ARG,204,NH1,9,0.0002999900003333222
GLY,201,N,ARG,204,NH2,9,0.0002999900003333222
LYS,208,NZ,TYR,207,O,9,0.0002999900003333222
ARG,225,NH2,GLU,245,OE2,9,0.0002999900003333222
ASN,250,ND2,SER,249,O,9,0.0002999900003333222
ARG,295,NE,HIE,291,O,9,0.0002999900003333222
THR,347,N,GLN,345,O,9,0.0002999900003333222
ARG,350,NH2,ALA,55,N,9,0.0002999900003333222
HIE,372,NE2,GLU,54,OE2,9,0.0002999900003333222
ASP,378,N,ASP,378,OD2,9,0.0002999900003333222
ASN,389,ND2,ALA,388,O,9,0.0002999900003333222
LEU,418,N,GLY,412,O,9,0.0002999900003333222
GLN,457,NE2,THR,455,O,9,0.0002999900003333222
ARG,20,NE,LEU,15,O,8,0.0002666577780740642
ARG,20,NH2,LEU,16,O,8,0.0002666577780740642
ARG,31,NE,ASP,36,N,8,0.0002666577780740642
ARG,31,NH2,THR,366,O,8,0.0002666577780740642
LYS,33,NZ,LYS,33,O,8,0.0002666577780740642
ILE,56,N,VAL,53,O,8,0.0002666577780740642
SER,68,OG,ASN,89,OD1,8,0.0002666577780740642
ASN,91,ND2,HIE,252,O,8,0.0002666577780740642
ARG,97,NH1,CM1,408,O,8,0.0002666577780740642
ARG,105,NH2,CM1,408,O,8,0.0002666577780740642
GLY,110,N,ARG,112,O,8,0.0002666577780740642
LYS,111,N,ASP,106,O,8,0.0002666577780740642
LYS,111,NZ,SER,153,O,8,0.0002666577780740642
GLN,144,N,PHE,141,O,8,0.0002666577780740642
HIE,161,NE2,GLU,128,OE1,8,0.0002666577780740642
GLN,165,NE2,GLN,163,OE1,8,0.0002666577780740642
GLN,165,NE2,ASP,164,OD2,8,0.0002666577780740642
GLN,187,NE2,GLN,187,O,8,0.0002666577780740642
SER,193,N,LEU,191,O,8,0.0002666577780740642
ARG,204,NE,HIE,203,NE2,8,0.0002666577780740642
LYS,223,N,GLY,218,O,8,0.0002666577780740642
ALA,232,N,ASP,229,OD2,8,0.0002666577780740642
SER,249,OG,GLU,247,O,8,0.0002666577780740642
HIE,257,NE2,ARG,225,O,8,0.0002666577780740642
THR,278,N,THR,275,O,8,0.0002666577780740642
ARG,295,NH2,HIE,291,ND1,8,0.0002666577780740642
HIE,307,N,ILE,304,O,8,0.0002666577780740642
ARG,315,NE,LEU,312,O,8,0.0002666577780740642
ARG,315,NE,ARG,415,O,8,0.0002666577780740642
TYR,326,OH,ARG,415,NH1,8,0.0002666577780740642
THR,344,OG1,GLN,345,NE2,8,0.0002666577780740642
LYS,393,NZ,ASP,383,OD1,8,0.0002666577780740642
SER,402,OG,LEU,403,O,8,0.0002666577780740642
VAL,449,N,SER,182,O,8,0.0002666577780740642
THR,455,OG1,GLN,445,NE2,8,0.0002666577780740642
ARG,21,NH2,ARG,20,O,7,0.00023332555581480617
ARG,29,NH2,LYS,25,O,7,0.00023332555581480617
ASP,62,N,ALA,59,O,7,0.00023332555581480617
ARG,81,NH1,TYR,207,O,7,0.00023332555581480617
GLY,84,N,ASN,259,ND2,7,0.00023332555581480617
ARG,92,NH1,ASN,259,OD1,7,0.00023332555581480617
ARG,98,NH2,ASP,106,OD1,7,0.00023332555581480617
GLN,119,NE2,ARG,112,NH2,7,0.00023332555581480617
SER,179,OG,GLN,445,OE1,7,0.00023332555581480617
GLN,205,N,GLN,205,OE1,7,0.00023332555581480617
ASN,209,ND2,GLN,205,NE2,7,0.00023332555581480617
LEU,210,N,TYR,207,O,7,0.00023332555581480617
ARG,225,NE,GLU,245,OE1,7,0.00023332555581480617
ARG,225,NE,GLU,245,OE2,7,0.00023332555581480617
ARG,225,NH1,HIE,257,NE2,7,0.00023332555581480617
THR,227,N,GLU,226,OE2,7,0.00023332555581480617
THR,227,OG1,THR,227,O,7,0.00023332555581480617
GLN,258,NE2,ASN,214,ND2,7,0.00023332555581480617
ARG,298,N,ARG,295,O,7,0.00023332555581480617
GLN,302,NE2,GLU,301,O,7,0.00023332555581480617
ARG,308,NH1,ILE,304,O,7,0.00023332555581480617
ARG,308,NH2,PRO,309,O,7,0.00023332555581480617
GLN,345,NE2,ALA,66,N,7,0.00023332555581480617
HID,369,ND1,ASP,333,OD1,7,0.00023332555581480617
HIP,384,NE2,GLU,375,OE2,7,0.00023332555581480617
LYS,393,NZ,TYR,373,O,7,0.00023332555581480617
ARG,406,NH2,ILE,86,O,7,0.00023332555581480617
ARG,415,NH2,GLU,411,OE1,7,0.00023332555581480617
SER,430,OG,ARG,463,OXT,7,0.00023332555581480617
ALA,432,N,SER,430,O,7,0.00023332555581480617
ARG,7,NH2,PRO,8,O,6,0.00019999333355554815
GLN,17,NE2,ARG,7,N,6,0.00019999333355554815
GLN,17,NE2,LEU,16,O,6,0.00019999333355554815
SER,26,OG,ASP,19,OD2,6,0.00019999333355554815
ARG,31,NH1,GLU,32,OE2,6,0.00019999333355554815
ARG,57,NH1,LEU,403,O,6,0.00019999333355554815
GLY,69,N,ALA,66,O,6,0.00019999333355554815
ALA,88,N,ILE,86,O,6,0.00019999333355554815
ARG,97,N,LYS,94,O,6,0.00019999333355554815
ARG,105,N,THR,103,O,6,0.00019999333355554815
ARG,105,NH2,GLU,411,O,6,0.00019999333355554815
LYS,111,NZ,ARG,105,O,6,0.00019999333355554815
LYS,111,NZ,LYS,111,O,6,0.00019999333355554815
LYS,111,NZ,PRO,233,O,6,0.00019999333355554815
ARG,112,NH1,GLN,119,OE1,6,0.00019999333355554815
ARG,117,NE,SER,153,O,6,0.00019999333355554815
ILE,118,N,GLU,116,O,6,0.00019999333355554815
GLN,119,NE2,GLU,115,OE2,6,0.00019999333355554815
SER,132,OG,PHE,460,O,6,0.00019999333355554815
HIE,161,NE2,ASP,164,OD1,6,0.00019999333355554815
TYR,162,OH,ASN,149,ND2,6,0.00019999333355554815
GLN,165,NE2,ASP,164,OD1,6,0.00019999333355554815
LYS,197,NZ,SER,193,OG,6,0.00019999333355554815
ARG,204,NE,TYR,207,OH,6,0.00019999333355554815
LYS,208,NZ,TYR,207,OH,6,0.00019999333355554815
LYS,208,NZ,LYS,208,O,6,0.00019999333355554815
HID,224,ND1,ASP,235,OD2,6,0.00019999333355554815
ARG,225,NH2,GLU,245,OE1,6,0.00019999333355554815
LYS,234,NZ,PRO,233,O,6,0.00019999333355554815
ILE,237,N,VAL,155,O,6,0.00019999333355554815
THR,239,OG1,PRO,233,O,6,0.00019999333355554815
ASN,261,N,GLN,258,O,6,0.00019999333355554815
ASN,263,ND2,ASN,263,O,6,0.00019999333355554815
LEU,267,N,THR,264,O,6,0.00019999333355554815
ARG,280,NE,PRO,453,O,6,0.00019999333355554815
HIE,313,NE2,ARG,308,NH2,6,0.00019999333355554815
ARG,330,NH2,GLU,327,OE2,6,0.00019999333355554815
SER,332,N,ARG,330,O,6,0.00019999333355554815
GLY,351,N,SER,348,OG,6,0.00019999333355554815
GLY,351,N,PHE,349,O,6,0.00019999333355554815
LYS,376,NZ,ASN,381,OD1,6,0.00019999333355554815
LYS,451,NZ,LEU,334,O,6,0.00019999333355554815
LEU,16,N,GLY,13,O,5,0.00016666111129629013
GLN,17,NE2,ARG,7,NH1,5,0.00016666111129629013
GLN,17,NE2,ARG,7,NH2,5,0.00016666111129629013
ARG,20,N,ASP,19,OD2,5,0.00016666111129629013
LEU,24,N,GLN,187,NE2,5,0.00016666111129629013
SER,26,OG,GLN,17,O,5,0.00016666111129629013
ARG,29,NH1,SER,26,OG,5,0.00016666111129629013
HIE,41,NE2,PRO,44,O,5,0.00016666111129629013
ALA,66,N,GLU,65,OE2,5,0.00016666111129629013
ARG,70,NE,HID,341,ND1,5,0.00016666111129629013
LYS,72,NZ,GLU,190,OE1,5,0.00016666111129629013
ILE,73,N,ASP,77,OD1,5,0.00016666111129629013
PHE,87,N,TYR,83,O,5,0.00016666111129629013
ASN,89,N,GLY,82,O,5,0.00016666111129629013
ARG,92,NH1,ASN,91,O,5,0.00016666111129629013
ARG,92,NH1,HIE,252,O,5,0.00016666111129629013
ARG,97,NE,TRP,93,NE1,5,0.00016666111129629013
ARG,117,NH2,VAL,114,O,5,0.00016666111129629013
GLN,123,NE2,GLU,120,OE2,5,0.00016666111129629013
HIE,161,NE2,GLN,163,NE2,5,0.00016666111129629013
GLU,166,N,GLN,165,OE1,5,0.00016666111129629013
GLN,187,NE2,LEU,23,O,5,0.00016666111129629013
GLN,187,NE2,GLY,448,O,5,0.00016666111129629013
ASN,209,ND2,GLN,205,OE1,5,0.00016666111129629013
GLU,226,N,HID,224,O,5,0.00016666111129629013
THR,227,OG1,LEU,228,O,5,0.00016666111129629013
LYS,234,NZ,THR,102,OG1,5,0.00016666111129629013
LYS,234,NZ,GLY,110,O,5,0.00016666111129629013
SER,249,N,GLU,245,O,5,0.00016666111129629013
SER,249,OG,SER,249,O,5,0.00016666111129629013
ALA,251,N,SER,249,O,5,0.00016666111129629013
HIE,252,N,ASN,250,O,5,0.00016666111129629013
SER,256,OG,ASN,259,OD1,5,0.00016666111129629013
LEU,262,N,ASN,259,O,5,0.00016666111129629013
MET,286,N,PHE,283,O,5,0.00016666111129629013
ARG,295,NH1,GLN,302,OE1,5,0.00016666111129629013
GLN,302,NE2,ARG,298,NH2,5,0.00016666111129629013
ARG,315,NE,GLU,322,OE1,5,0.00016666111129629013
SER,332,OG,THR,278,OG1,5,0.00016666111129629013
SER,348,OG,GLY,351,O,5,0.00016666111129629013
ALA,367,N,ILE,363,O,5,0.00016666111129629013
LYS,393,NZ,ASP,383,OD2,5,0.00016666111129629013
PHE,398,N,GLU,396,O,5,0.00016666111129629013
ALA,416,N,GLU,411,O,5,0.00016666111129629013
CYS,447,N,SER,182,O,5,0.00016666111129629013
GLN,457,N,GLN,457,OE1,5,0.00016666111129629013
ARG,7,NE,GLY,5,O,4,0.0001333288890370321
LYS,25,NZ,ARG,21,NH1,4,0.0001333288890370321
SER,26,OG,ARG,29,NH2,4,0.0001333288890370321
ARG,29,NH2,ARG,21,NH2,4,0.0001333288890370321
ARG,31,NH2,GLU,32,OE2,4,0.0001333288890370321
ASP,36,N,ARG,350,NH1,4,0.0001333288890370321
ASP,36,N,ARG,350,NH2,4,0.0001333288890370321
THR,39,N,PRO,3,O,4,0.0001333288890370321
ARG,70,NE,ASN,89,OD1,4,0.0001333288890370321
LYS,72,NZ,ASN,89,OD1,4,0.0001333288890370321
PHE,79,N,ASP,77,O,4,0.0001333288890370321
ARG,81,NE,TYR,207,OH,4,0.0001333288890370321
ARG,81,NH2,ASN,214,OD1,4,0.0001333288890370321
GLY,82,N,ASP,77,O,4,0.0001333288890370321
TYR,83,OH,GLN,258,NE2,4,0.0001333288890370321
ARG,98,NH1,GLU,247,OE2,4,0.0001333288890370321
ARG,98,NH2,GLU,247,OE1,4,0.0001333288890370321
ARG,105,NE,CM1,408,O,4,0.0001333288890370321
ARG,117,NH1,SER,153,O,4,0.0001333288890370321
LYS,169,NZ,GLN,165,NE2,4,0.0001333288890370321
PHE,178,N,TYR,175,O,4,0.0001333288890370321
ILE,181,N,PHE,178,O,4,0.0001333288890370321
TYR,198,N,LEU,196,O,4,0.0001333288890370321
GLY,218,N,ALA,215,O,4,0.0001333288890370321
LYS,234,N,THR,239,OG1,4,0.0001333288890370321
THR,239,OG1,LEU,236,O,4,0.0001333288890370321
THR,239,OG1,ASP,238,OD1,4,0.0001333288890370321
TYR,240,OH,ASN,259,ND2,4,0.0001333288890370321
HIE,252,N,HIE,252,ND1,4,0.0001333288890370321
HIE,252,NE2,ASN,91,ND2,4,0.0001333288890370321
SER,256,OG,GLN,258,NE2,4,0.0001333288890370321
GLY,282,N,LEU,279,O,4,0.0001333288890370321
PHE,283,N,ARG,280,O,4,0.0001333288890370321
LEU,285,N,GLY,282,O,4,0.0001333288890370321
ARG,295,NH2,GLN,302,OE1,4,0.0001333288890370321
ARG,308,NE,PRO,309,O,4,0.0001333288890370321
THR,321,OG1,MET,318,O,4,0.0001333288890370321
PHE,331,N,ILE,328,O,4,0.0001333288890370321
THR,344,OG1,GLU,65,OE2,4,0.0001333288890370321
SER,348,OG,SER,348,O,4,0.0001333288890370321
LYS,356,NZ,HIE,346,ND1,4,0.0001333288890370321
HID,369,ND1,THR,366,O,4,0.0001333288890370321
HIE,372,NE2,GLU,54,OE1,4,0.0001333288890370321
HIE,372,NE2,TYR,373,OH,4,0.0001333288890370321
LYS,376,NZ,ASP,383,OD2,4,0.0001333288890370321
ALA,391,N,ASN,389,ND2,4,0.0001333288890370321
LYS,393,N,LEU,386,N,4,0.0001333288890370321
LYS,405,NZ,SER,68,O,4,0.0001333288890370321
ILE,407,N,GLY,404,O,4,0.0001333288890370321
SER,430,OG,MET,431,O,4,0.0001333288890370321
SER,430,OG,ARG,463,NH1,4,0.0001333288890370321
ARG,7,NE,ARG,7,O,3,9.999666677777408e-05
ASP,19,N,GLN,17,O,3,9.999666677777408e-05
GLY,22,N,GLN,187,OE1,3,9.999666677777408e-05
LYS,25,NZ,GLY,22,O,3,9.999666677777408e-05
SER,26,OG,ASP,19,O,3,9.999666677777408e-05
ARG,29,NE,LYS,25,O,3,9.999666677777408e-05
ARG,31,NE,GLY,35,O,3,9.999666677777408e-05
THR,39,OG1,PRO,3,N,3,9.999666677777408e-05
ALA,66,N,GLU,65,OE1,3,9.999666677777408e-05
SER,68,OG,SER,68,O,3,9.999666677777408e-05
LYS,72,NZ,ARG,81,NH2,3,9.999666677777408e-05
ALA,74,N,LYS,72,O,3,9.999666677777408e-05
VAL,76,N,ALA,74,O,3,9.999666677777408e-05
ARG,81,NH1,GLN,211,OE1,3,9.999666677777408e-05
TYR,83,OH,ARG,81,NH1,3,9.999666677777408e-05
ASN,89,ND2,ALA,88,O,3,9.999666677777408e-05
ASN,89,ND2,GLU,254,OE1,3,9.999666677777408e-05
GLY,90,N,ASN,89,ND2,3,9.999666677777408e-05
ARG,92,NH2,TYR,83,OH,3,9.999666677777408e-05
ARG,97,NH1,ARG,97,O,3,9.999666677777408e-05
ARG,98,NH1,ASN,91,OD1,3,9.999666677777408e-05
ARG,105,NE,LEU,409,O,3,9.999666677777408e-05
ARG,105,NH1,GLY,110,O,3,9.999666677777408e-05
ARG,105,NH1,CM1,408,O,3,9.999666677777408e-05
MET,109,N,ASP,106,O,3,9.999666677777408e-05
SER,113,N,ARG,112,NH1,3,9.999666677777408e-05
ARG,117,NH2,SER,113,O,3,9.999666677777408e-05
GLU,121,N,GLU,121,OE2,3,9.999666677777408e-05
GLN,123,NE2,ALA,122,O,3,9.999666677777408e-05
ARG,130,NE,ASN,428,OD1,3,9.999666677777408e-05
THR,147,OG1,THR,272,O,3,9.999666677777408e-05
ARG,159,NE,HIE,161,ND1,3,9.999666677777408e-05
GLN,165,N,ASP,164,OD1,3,9.999666677777408e-05
GLN,187,N,GLN,187,OE1,3,9.999666677777408e-05
ARG,204,NE,GLN,205,OE1,3,9.999666677777408e-05
LYS,208,NZ,GLN,211,NE2,3,9.999666677777408e-05
LYS,223,NZ,LYS,223,O,3,9.999666677777408e-05
ARG,225,NH1,ARG,225,O,3,9.999666677777408e-05
LYS,246,NZ,LYS,246,O,3,9.999666677777408e-05
LYS,248,NZ,SER,249,OG,3,9.999666677777408e-05
GLU,254,N,GLU,254,OE1,3,9.999666677777408e-05
HIE,257,NE2,ASN,214,OD1,3,9.999666677777408e-05
HIE,257,NE2,ARG,225,NH1,3,9.999666677777408e-05
GLN,258,NE2,ARG,81,NH2,3,9.999666677777408e-05
THR,275,N,ALA,270,O,3,9.999666677777408e-05
SER,276,OG,GLU,273,O,3,9.999666677777408e-05
ARG,280,NH1,GLN,445,NE2,3,9.999666677777408e-05
HIE,307,NE2,ARG,463,OXT,3,9.999666677777408e-05
HIE,313,N,GLU,115,OE2,3,9.999666677777408e-05
VAL,324,N,THR,321,O,3,9.999666677777408e-05
TYR,326,OH,ARG,415,NH2,3,9.999666677777408e-05
ILE,328,N,ILE,325,O,3,9.999666677777408e-05
THR,344,OG1,ASP,357,OD2,3,9.999666677777408e-05
THR,347,OG1,GLN,345,OE1,3,9.999666677777408e-05
THR,347,OG1,ILE,354,O,3,9.999666677777408e-05
ARG,350,NE,GLU,54,OE2,3,9.999666677777408e-05
ALA,379,N,ASP,378,OD1,3,9.999666677777408e-05
ALA,379,N,ASP,378,OD2,3,9.999666677777408e-05
ASN,381,ND2,HIP,384,NE2,3,9.999666677777408e-05
ARG,406,NE,HM1,464,O1A,3,9.999666677777408e-05
ARG,406,NH2,PHE,67,O,3,9.999666677777408e-05
SER,430,OG,PHE,429,O,3,9.999666677777408e-05
SER,430,OG,SER,430,O,3,9.999666677777408e-05
THR,443,N,ASP,441,O,3,9.999666677777408e-05
THR,443,OG1,THR,443,O,3,9.999666677777408e-05
VAL,449,N,GLN,187,OE1,3,9.999666677777408e-05
THR,455,OG1,THR,455,O,3,9.999666677777408e-05
GLN,457,NE2,SER,433,OG,3,9.999666677777408e-05
ARG,20,N,ARG,20,NH1,2,6.666444451851606e-05
ARG,21,NE,ARG,21,O,2,6.666444451851606e-05
ARG,21,NH2,PRO,444,O,2,6.666444451851606e-05
LYS,25,NZ,LYS,25,O,2,6.666444451851606e-05
SER,26,OG,SER,26,O,2,6.666444451851606e-05
ARG,31,NE,GLU,32,OE1,2,6.666444451851606e-05
LYS,33,NZ,GLU,32,O,2,6.666444451851606e-05
LEU,42,N,VAL,40,O,2,6.666444451851606e-05
ARG,45,NE,ARG,45,O,2,6.666444451851606e-05
ARG,57,NH2,TYR,373,OH,2,6.666444451851606e-05
ALA,66,N,ALA,64,O,2,6.666444451851606e-05
SER,68,OG,ASN,91,ND2,2,6.666444451851606e-05
ARG,70,NH1,HM1,464,O2A,2,6.666444451851606e-05
ARG,70,NH2,HID,341,ND1,2,6.666444451851606e-05
GLH,71,OE2,HID,341,N,2,6.666444451851606e-05
LYS,72,NZ,GLU,190,OE2,2,6.666444451851606e-05
LYS,72,NZ,GLU,359,OE1,2,6.666444451851606e-05
TYR,83,OH,ARG,81,NH2,2,6.666444451851606e-05
ASN,89,ND2,ARG,70,N,2,6.666444451851606e-05
ASN,89,ND2,PHE,87,O,2,6.666444451851606e-05
ARG,97,NE,LYS,405,O,2,6.666444451851606e-05
ARG,97,NH1,TRP,93,O,2,6.666444451851606e-05
ARG,97,NH1,SER,100,OG,2,6.666444451851606e-05
ARG,98,NH2,ASN,91,OD1,2,6.666444451851606e-05
THR,103,N,VAL,101,O,2,6.666444451851606e-05
THR,103,OG1,THR,102,O,2,6.666444451851606e-05
GLY,110,N,GLY,108,N,2,6.666444451851606e-05
LYS,111,NZ,GLU,116,OE2,2,6.666444451851606e-05
GLU,116,N,GLU,116,OE1,2,6.666444451851606e-05
ARG,117,NH2,ILE,150,O,2,6.666444451851606e-05
ARG,117,NH2,GLY,410,O,2,6.666444451851606e-05
ARG,117,NH2,GLY,412,O,2,6.666444451851606e-05
GLN,119,NE2,GLU,120,N,2,6.666444451851606e-05
GLN,123,NE2,GLU,120,N,2,6.666444451851606e-05
ARG,159,NH1,ARG,159,O,2,6.666444451851606e-05
ARG,159,NH2,ARG,112,NH1,2,6.666444451851606e-05
GLN,163,NE2,HIE,161,NE2,2,6.666444451851606e-05
GLN,163,NE2,ASP,164,OD1,2,6.666444451851606e-05
GLN,163,NE2,GLN,165,OE1,2,6.666444451851606e-05
ASP,164,N,HIE,161,ND1,2,6.666444451851606e-05
GLN,165,N,ASP,164,OD2,2,6.666444451851606e-05
GLN,165,NE2,TYR,162,O,2,6.666444451851606e-05
TYR,175,N,GLN,144,NE2,2,6.666444451851606e-05
TYR,175,OH,ARG,280,NH2,2,6.666444451851606e-05
GLN,176,NE2,GLN,205,O,2,6.666444451851606e-05
SER,179,OG,GLU,446,OE2,2,6.666444451851606e-05
GLN,187,NE2,GLY,448,N,2,6.666444451851606e-05
SER,193,OG,LEU,42,O,2,6.666444451851606e-05
SER,193,OG,ARG,45,NH1,2,6.666444451851606e-05
SER,193,OG,ASP,77,OD2,2,6.666444451851606e-05
HIE,203,NE2,ARG,204,NH1,2,6.666444451851606e-05
ARG,204,NH2,PHE,199,N,2,6.666444451851606e-05
ASN,209,ND2,LEU,173,O,2,6.666444451851606e-05
ASN,209,ND2,LEU,210,N,2,6.666444451851606e-05
HID,224,ND1,THR,227,O,2,6.666444451851606e-05
ARG,225,N,LYS,223,O,2,6.666444451851606e-05
ARG,225,NH1,GLY,218,O,2,6.666444451851606e-05
THR,227,OG1,ASP,229,OD1,2,6.666444451851606e-05
ALA,232,N,SER,231,OG,2,6.666444451851606e-05
LYS,234,NZ,ASP,106,OD1,2,6.666444451851606e-05
LEU,236,N,ILE,154,O,2,6.666444451851606e-05
ASP,238,N,ASP,238,OD1,2,6.666444451851606e-05
ASN,250,ND2,SER,253,OG,2,6.666444451851606e-05
PHE,255,N,SER,253,O,2,6.666444451851606e-05
SER,256,N,SER,253,O,2,6.666444451851606e-05
SER,256,OG,PHE,255,O,2,6.666444451851606e-05
HIE,257,NE2,ARG,225,NH2,2,6.666444451851606e-05
ASN,263,ND2,TYR,240,OH,2,6.666444451851606e-05
GLY,271,N,PHE,268,O,2,6.666444451851606e-05
SER,276,OG,THR,147,OG1,2,6.666444451851606e-05
LEU,279,N,SER,276,O,2,6.666444451851606e-05
TYR,281,N,THR,278,O,2,6.666444451851606e-05
TYR,297,OH,ARG,463,O,2,6.666444451851606e-05
GLU,299,N,TYR,297,O,2,6.666444451851606e-05
GLN,302,NE2,ARG,298,NH1,2,6.666444451851606e-05
LEU,312,N,GLN,119,OE1,2,6.666444451851606e-05
HIE,313,N,GLU,115,OE1,2,6.666444451851606e-05
LYS,317,NZ,GLN,302,OE1,2,6.666444451851606e-05
ARG,330,NH2,ALA,379,O,2,6.666444451851606e-05
THR,344,N,ILE,342,O,2,6.666444451851606e-05
GLN,345,N,VAL,343,O,2,6.666444451851606e-05
ARG,350,NH1,ALA,55,N,2,6.666444451851606e-05
LYS,356,NZ,GLN,345,NE2,2,6.666444451851606e-05
THR,358,N,LYS,356,O,2,6.666444451851606e-05
LEU,362,N,MET,337,O,2,6.666444451851606e-05
HIE,372,NE2,ASP,370,OD2,2,6.666444451851606e-05
LYS,376,NZ,ASP,378,O,2,6.666444451851606e-05
ASP,378,N,LYS,376,O,2,6.666444451851606e-05
PHE,380,N,ASP,378,O,2,6.666444451851606e-05
GLU,396,N,TYR,373,OH,2,6.666444451851606e-05
PHE,401,N,ILE,399,O,2,6.666444451851606e-05
ARG,406,NE,TRP,93,NE1,2,6.666444451851606e-05
ARG,406,NH1,ILE,86,O,2,6.666444451851606e-05
ILE,407,N,LEU,403,O,2,6.666444451851606e-05
CM1,408,N,PHE,401,O,2,6.666444451851606e-05
ARG,415,NE,TYR,326,OH,2,6.666444451851606e-05
ARG,415,NH1,ARG,315,NH1,2,6.666444451851606e-05
ARG,415,NH2,TYR,326,OH,2,6.666444451851606e-05
THR,423,N,LEU,420,O,2,6.666444451851606e-05
THR,424,N,PHE,421,O,2,6.666444451851606e-05
GLN,445,NE2,ARG,280,NH2,2,6.666444451851606e-05
THR,455,OG1,ARG,280,NH2,2,6.666444451851606e-05
TYR,456,N,ASP,138,OD1,2,6.666444451851606e-05
TYR,456,OH,PHE,283,O,2,6.666444451851606e-05
ARG,463,NH2,ARG,463,OXT,2,6.666444451851606e-05
ARG,7,NE,GLN,17,OE1,1,3.333222225925803e-05
ARG,7,NH2,LEU,9,N,1,3.333222225925803e-05
GLY,13,N,LEU,11,O,1,3.333222225925803e-05
LEU,16,N,ASN,14,O,1,3.333222225925803e-05
GLN,17,N,LEU,15,O,1,3.333222225925803e-05
MET,18,N,LEU,16,O,1,3.333222225925803e-05
ASP,19,N,ARG,29,NH2,1,3.333222225925803e-05
ARG,21,NE,ARG,20,NH2,1,3.333222225925803e-05
ARG,21,NH2,LYS,25,O,1,3.333222225925803e-05
ARG,21,NH2,GLN,445,OE1,1,3.333222225925803e-05
LYS,25,NZ,ARG,21,NH2,1,3.333222225925803e-05
ARG,29,NH1,ARG,21,NH2,1,3.333222225925803e-05
ARG,29,NH2,ASP,19,N,1,3.333222225925803e-05
ARG,31,NE,LEU,28,O,1,3.333222225925803e-05
ARG,31,NE,GLU,32,OE2,1,3.333222225925803e-05
ARG,31,NH1,ARG,31,O,1,3.333222225925803e-05
ARG,31,NH1,HID,369,NE2,1,3.333222225925803e-05
ARG,31,NH2,GLU,32,OE1,1,3.333222225925803e-05
TYR,34,OH,GLY,5,O,1,3.333222225925803e-05
GLY,35,N,GLU,32,O,1,3.333222225925803e-05
GLY,43,N,LEU,191,O,1,3.333222225925803e-05
ARG,45,NE,SER,193,OG,1,3.333222225925803e-05
ARG,45,NH1,GLH,71,OE1,1,3.333222225925803e-05
ARG,45,NH1,LYS,72,O,1,3.333222225925803e-05
ARG,45,NH2,GLH,71,OE2,1,3.333222225925803e-05
ARG,57,N,GLU,54,O,1,3.333222225925803e-05
ARG,57,NE,GLU,54,O,1,3.333222225925803e-05
LYS,63,NZ,GLU,65,OE1,1,3.333222225925803e-05
LYS,63,NZ,GLU,65,OE2,1,3.333222225925803e-05
SER,68,OG,ALA,66,O,1,3.333222225925803e-05
ARG,70,NH1,HM1,464,O2D,1,3.333222225925803e-05
LYS,72,NZ,LYS,72,O,1,3.333222225925803e-05
LYS,72,NZ,ARG,81,NH1,1,3.333222225925803e-05
LYS,72,NZ,PHE,87,O,1,3.333222225925803e-05
LYS,72,NZ,SER,193,OG,1,3.333222225925803e-05
LYS,72,NZ,GLU,359,OE2,1,3.333222225925803e-05
MET,75,N,GLU,190,OE1,1,3.333222225925803e-05
ARG,81,NE,PHE,79,N,1,3.333222225925803e-05
TYR,83,OH,GLU,254,O,1,3.333222225925803e-05
ASN,89,ND2,ARG,92,NE,1,3.333222225925803e-05
GLY,90,N,SER,68,OG,1,3.333222225925803e-05
ASN,91,ND2,GLU,65,OE2,1,3.333222225925803e-05
ASN,91,ND2,ASN,89,ND2,1,3.333222225925803e-05
ASN,91,ND2,ARG,92,NH1,1,3.333222225925803e-05
ASN,91,ND2,HIE,252,NE2,1,3.333222225925803e-05
ARG,92,NH1,TYR,83,N,1,3.333222225925803e-05
ARG,92,NH1,HIE,252,ND1,1,3.333222225925803e-05
ARG,92,NH1,SER,253,O,1,3.333222225925803e-05
LYS,94,NZ,LYS,94,O,1,3.333222225925803e-05
ARG,97,N,VAL,95,O,1,3.333222225925803e-05
ARG,98,NH1,VAL,95,O,1,3.333222225925803e-05
ARG,98,NH2,THR,102,N,1,3.333222225925803e-05
THR,102,OG1,HID,243,NE2,1,3.333222225925803e-05
GLY,108,N,THR,102,O,1,3.333222225925803e-05
GLY,108,N,ARG,105,N,1,3.333222225925803e-05
GLY,108,N,ASP,106,N,1,3.333222225925803e-05
MET,109,N,ARG,117,NH1,1,3.333222225925803e-05
GLY,110,N,SER,153,O,1,3.333222225925803e-05
ARG,112,N,GLU,116,OE1,1,3.333222225925803e-05
ARG,112,NE,SER,153,OG,1,3.333222225925803e-05
ARG,112,NH1,ARG,159,NH1,1,3.333222225925803e-05
ARG,112,NH1,ARG,159,NH2,1,3.333222225925803e-05
ARG,112,NH2,ASN,149,O,1,3.333222225925803e-05
ARG,112,NH2,ARG,159,NH1,1,3.333222225925803e-05
VAL,114,N,GLU,115,OE1,1,3.333222225925803e-05
VAL,114,N,GLU,115,OE2,1,3.333222225925803e-05
GLU,116,N,VAL,114,O,1,3.333222225925803e-05
ARG,117,NH2,VAL,114,N,1,3.333222225925803e-05
GLN,119,N,ARG,112,NH1,1,3.333222225925803e-05
GLN,119,NE2,GLU,115,OE1,1,3.333222225925803e-05
GLN,119,NE2,GLU,116,N,1,3.333222225925803e-05
GLU,121,N,GLU,120,OE1,1,3.333222225925803e-05
GLN,123,NE2,CYS,124,N,1,3.333222225925803e-05
GLN,123,NE2,ARG,130,NH2,1,3.333222225925803e-05
ARG,130,NH1,ILE,126,O,1,3.333222225925803e-05
ARG,130,NH2,ASN,428,ND2,1,3.333222225925803e-05
LYS,131,N,LEU,129,O,1,3.333222225925803e-05
SER,132,N,ARG,130,O,1,3.333222225925803e-05
SER,132,OG,SER,132,O,1,3.333222225925803e-05
LYS,133,NZ,SER,132,O,1,3.333222225925803e-05
LEU,136,N,ARG,459,NH1,1,3.333222225925803e-05
ILE,146,N,PHE,143,O,1,3.333222225925803e-05
LYS,158,NZ,GLU,166,OE2,1,3.333222225925803e-05
LYS,158,NZ,HIE,219,ND1,1,3.333222225925803e-05
ARG,159,NE,ASN,149,ND2,1,3.333222225925803e-05
ARG,159,NH1,SER,153,OG,1,3.333222225925803e-05
ARG,159,NH2,ASN,149,O,1,3.333222225925803e-05
HIE,161,NE2,GLU,128,OE2,1,3.333222225925803e-05
HIE,161,NE2,GLN,163,O,1,3.333222225925803e-05
HIE,161,NE2,ASP,164,OD2,1,3.333222225925803e-05
TYR,162,N,HIE,161,NE2,1,3.333222225925803e-05
GLN,163,NE2,GLN,165,NE2,1,3.333222225925803e-05
LEU,168,N,GLN,165,O,1,3.333222225925803e-05
LYS,169,NZ,LYS,169,O,1,3.333222225925803e-05
LEU,171,N,LEU,168,O,1,3.333222225925803e-05
GLN,176,NE2,LEU,173,N,1,3.333222225925803e-05
THR,177,OG1,ASN,209,OD1,1,3.333222225925803e-05
THR,177,OG1,ASN,209,ND2,1,3.333222225925803e-05
SER,179,OG,GLN,176,OE1,1,3.333222225925803e-05
SER,179,OG,SER,179,O,1,3.333222225925803e-05
GLN,187,NE2,ILE,181,O,1,3.333222225925803e-05
PHE,195,N,SER,193,O,1,3.333222225925803e-05
LYS,197,NZ,LYS,72,O,1,3.333222225925803e-05
LYS,197,NZ,LYS,197,O,1,3.333222225925803e-05
LYS,197,NZ,TYR,207,OH,1,3.333222225925803e-05
PHE,199,N,ARG,204,NH2,1,3.333222225925803e-05
HIE,203,NE2,TYR,198,N,1,3.333222225925803e-05
HIE,203,NE2,ARG,204,NH2,1,3.333222225925803e-05
ARG,204,NH1,ARG,204,O,1,3.333222225925803e-05
GLN,205,NE2,LYS,208,O,1,3.333222225925803e-05
VAL,206,N,ARG,204,O,1,3.333222225925803e-05
TYR,207,N,GLN,205,O,1,3.333222225925803e-05
TYR,207,OH,ARG,81,NH2,1,3.333222225925803e-05
TYR,207,OH,LEU,196,O,1,3.333222225925803e-05
TYR,207,OH,GLN,211,NE2,1,3.333222225925803e-05
LYS,208,N,VAL,206,O,1,3.333222225925803e-05
LYS,208,NZ,GLN,205,NE2,1,3.333222225925803e-05
LYS,208,NZ,GLN,205,O,1,3.333222225925803e-05
ASN,209,ND2,GLN,176,NE2,1,3.333222225925803e-05
ASN,214,ND2,ASN,261,ND2,1,3.333222225925803e-05
SER,220,N,GLY,218,O,1,3.333222225925803e-05
SER,220,OG,HIE,219,ND1,1,3.333222225925803e-05
LYS,223,NZ,SER,220,OG,1,3.333222225925803e-05
LYS,223,NZ,SER,220,O,1,3.333222225925803e-05
HID,224,ND1,HIE,219,O,1,3.333222225925803e-05
HID,224,ND1,VAL,221,O,1,3.333222225925803e-05
ARG,225,NE,HIE,257,NE2,1,3.333222225925803e-05
ARG,225,NH1,TYR,240,OH,1,3.333222225925803e-05
ARG,225,NH2,GLY,218,O,1,3.333222225925803e-05
THR,227,N,GLU,226,OE1,1,3.333222225925803e-05
THR,227,OG1,ASP,229,OD2,1,3.333222225925803e-05
LYS,234,N,ASP,235,OD1,1,3.333222225925803e-05
LYS,234,NZ,THR,239,OG1,1,3.333222225925803e-05
ASP,238,N,ASP,235,O,1,3.333222225925803e-05
ASP,238,N,ASP,238,OD2,1,3.333222225925803e-05
TYR,240,OH,SER,256,N,1,3.333222225925803e-05
TYR,240,OH,LEU,260,N,1,3.333222225925803e-05
LEU,241,N,ASP,238,O,1,3.333222225925803e-05
LYS,246,NZ,PRO,230,O,1,3.333222225925803e-05
LYS,248,NZ,LYS,248,O,1,3.333222225925803e-05
SER,249,OG,ASN,250,ND2,1,3.333222225925803e-05
ALA,251,N,ASN,250,ND2,1,3.333222225925803e-05
HIE,252,NE2,ARG,92,NH1,1,3.333222225925803e-05
SER,253,OG,ASN,250,ND2,1,3.333222225925803e-05
GLU,254,N,HIE,252,O,1,3.333222225925803e-05
HIE,257,NE2,VAL,221,O,1,3.333222225925803e-05
HIE,257,NE2,GLN,258,NE2,1,3.333222225925803e-05
GLN,258,NE2,ASN,261,OD1,1,3.333222225925803e-05
ASN,259,N,GLN,258,OE1,1,3.333222225925803e-05
ASN,259,ND2,TYR,83,OH,1,3.333222225925803e-05
ASN,259,ND2,SER,253,O,1,3.333222225925803e-05
ASN,259,ND2,ASN,263,OD1,1,3.333222225925803e-05
LEU,260,N,TYR,240,OH,1,3.333222225925803e-05
LEU,265,N,LEU,262,O,1,3.333222225925803e-05
SER,266,OG,TYR,83,O,1,3.333222225925803e-05
SER,266,OG,SER,266,O,1,3.333222225925803e-05
PHE,269,N,SER,266,O,1,3.333222225925803e-05
GLU,273,N,ALA,270,O,1,3.333222225925803e-05
THR,275,OG1,GLU,417,OE1,1,3.333222225925803e-05
THR,277,N,THR,274,O,1,3.333222225925803e-05
THR,277,OG1,GLU,273,OE2,1,3.333222225925803e-05
THR,278,OG1,THR,275,O,1,3.333222225925803e-05
THR,278,OG1,ILE,328,O,1,3.333222225925803e-05
ARG,280,NH1,PRO,454,O,1,3.333222225925803e-05
ARG,280,NH1,THR,455,OG1,1,3.333222225925803e-05
TYR,281,OH,ILE,452,N,1,3.333222225925803e-05
TYR,281,OH,ILE,452,O,1,3.333222225925803e-05
HIE,291,N,TYR,289,O,1,3.333222225925803e-05
HIE,291,NE2,ASN,381,OD1,1,3.333222225925803e-05
ARG,295,NE,GLU,299,OE2,1,3.333222225925803e-05
ARG,295,NH1,GLN,302,NE2,1,3.333222225925803e-05
ARG,295,NH2,HIE,291,O,1,3.333222225925803e-05
ARG,295,NH2,GLU,299,N,1,3.333222225925803e-05
TYR,297,N,GLU,294,O,1,3.333222225925803e-05
TYR,297,OH,PRO,306,O,1,3.333222225925803e-05
TYR,297,OH,ARG,463,OXT,1,3.333222225925803e-05
ARG,298,NH1,ARG,295,NH1,1,3.333222225925803e-05
GLU,301,N,ARG,298,O,1,3.333222225925803e-05
GLN,302,NE2,LYS,317,O,1,3.333222225925803e-05
ILE,304,N,GLU,299,O,1,3.333222225925803e-05
HIE,307,NE2,ASN,428,OD1,1,3.333222225925803e-05
ARG,308,N,GLN,427,OE1,1,3.333222225925803e-05
ARG,308,NH1,ARG,308,O,1,3.333222225925803e-05
ARG,308,NH1,GLU,311,N,1,3.333222225925803e-05
LEU,312,N,GLU,115,O,1,3.333222225925803e-05
HIE,313,NE2,ARG,308,NH1,1,3.333222225925803e-05
ASP,314,N,GLU,311,OE1,1,3.333222225925803e-05
ARG,315,NE,ARG,315,O,1,3.333222225925803e-05
ARG,315,NH1,ARG,415,NH2,1,3.333222225925803e-05
ARG,315,NH2,LEU,312,O,1,3.333222225925803e-05
ARG,315,NH2,ARG,415,O,1,3.333222225925803e-05
LYS,317,NZ,ALA,316,O,1,3.333222225925803e-05
TYR,320,OH,ARG,295,NH1,1,3.333222225925803e-05
TYR,320,OH,ASP,383,OD2,1,3.333222225925803e-05
TYR,326,N,ALA,323,O,1,3.333222225925803e-05
TYR,326,OH,ARG,415,NE,1,3.333222225925803e-05
GLN,329,NE2,SER,332,OG,1,3.333222225925803e-05
GLN,329,NE2,ARG,415,O,1,3.333222225925803e-05
HID,341,ND1,PRO,340,O,1,3.333222225925803e-05
ILE,342,N,ARG,70,N,1,3.333222225925803e-05
THR,344,OG1,GLU,65,OE1,1,3.333222225925803e-05
THR,344,OG1,SER,68,N,1,3.333222225925803e-05
THR,344,OG1,THR,344,O,1,3.333222225925803e-05
THR,347,OG1,THR,347,O,1,3.333222225925803e-05
ARG,350,NE,ASP,36,OD2,1,3.333222225925803e-05
TYR,352,OH,VAL,37,O,1,3.333222225925803e-05
LYS,356,NZ,THR,344,OG1,1,3.333222225925803e-05
HIE,372,N,ASP,370,O,1,3.333222225925803e-05
HIE,372,NE2,ASP,370,OD1,1,3.333222225925803e-05
TYR,373,OH,HIE,372,ND1,1,3.333222225925803e-05
GLU,375,N,PRO,371,O,1,3.333222225925803e-05
GLU,375,N,TYR,373,O,1,3.333222225925803e-05
ASP,383,N,ASP,383,OD1,1,3.333222225925803e-05
HIP,384,N,ASN,381,OD1,1,3.333222225925803e-05
ASP,387,N,LEU,392,N,1,3.333222225925803e-05
ASN,389,N,GLY,390,O,1,3.333222225925803e-05
ALA,397,N,THR,395,O,1,3.333222225925803e-05
ALA,397,N,GLU,396,OE1,1,3.333222225925803e-05
SER,402,OG,HID,341,NE2,1,3.333222225925803e-05
SER,402,OG,ARG,406,O,1,3.333222225925803e-05
GLY,404,N,SER,402,O,1,3.333222225925803e-05
LYS,405,NZ,LEU,60,O,1,3.333222225925803e-05
ARG,406,NE,SER,68,OG,1,3.333222225925803e-05
ARG,406,NH2,GLY,69,O,1,3.333222225925803e-05
ARG,406,NH2,HM1,464,O2A,1,3.333222225925803e-05
GLU,411,N,ARG,105,NH1,1,3.333222225925803e-05
ARG,415,NH1,ALA,414,O,1,3.333222225925803e-05
ARG,415,NH1,ARG,415,O,1,3.333222225925803e-05
ARG,415,NH2,ARG,315,NH2,1,3.333222225925803e-05
THR,424,OG1,ALA,122,O,1,3.333222225925803e-05
LEU,426,N,THR,423,O,1,3.333222225925803e-05
GLN,427,NE2,HIE,307,O,1,3.333222225925803e-05
GLN,427,NE2,ASN,428,OD1,1,3.333222225925803e-05
ASN,428,ND2,HIE,307,O,1,3.333222225925803e-05
ASN,428,ND2,GLN,427,NE2,1,3.333222225925803e-05
SER,430,N,PRO,462,O,1,3.333222225925803e-05
SER,430,OG,GLU,294,OE1,1,3.333222225925803e-05
SER,430,OG,GLU,294,OE2,1,3.333222225925803e-05
SER,430,OG,ARG,463,N,1,3.333222225925803e-05
MET,431,N,PHE,429,O,1,3.333222225925803e-05
GLN,445,NE2,ARG,280,NH1,1,3.333222225925803e-05
GLN,445,NE2,THR,455,N,1,3.333222225925803e-05
CYS,447,N,GLU,446,OE2,1,3.333222225925803e-05
TYR,456,OH,LEU,284,N,1,3.333222225925803e-05
GLN,457,N,GLN,457,NE2,1,3.333222225925803e-05
ARG,459,NH2,SER,433,O,1,3.333222225925803e-05
ARG,463,NE,PHE,429,O,1,3.333222225925803e-05
ARG,463,NH1,TYR,297,OH,1,3.333222225925803e-05
ARG,463,NH2,LEU,426,O,1,3.333222225925803e-05
ARG,463,NH2,ARG,463,O,1,3.333222225925803e-05
