donor_resname,donor_resid,donor_atom,acceptor_resname,acceptor_resid,acceptor_atom,count,frequency
ARG,330,NH2,GLU,327,OE1,28801,0.9600013332888904
LEU,168,N,ASP,164,O,28764,0.9587680410652978
ASN,381,N,GLU,327,OE1,28604,0.9534348855038165
THR,424,OG1,LEU,420,O,28427,0.9475350821639279
VAL,343,N,THR,358,O,28244,0.9414352854904836
VAL,101,N,ARG,97,O,28227,0.9408686377120763
TYR,456,OH,ARG,280,O,28131,0.9376687443751875
THR,239,OG1,ASP,235,O,27913,0.9304023199226692
ARG,330,NE,GLU,327,OE2,27844,0.9281023965867804
PHE,143,N,PRO,139,O,27819,0.927269091030299
PHE,283,N,LEU,279,O,27755,0.9251358288057064
VAL,40,N,VAL,47,O,27688,0.9229025699143362
LYS,94,N,GLY,90,O,27681,0.9226692443585214
ARG,330,NH1,LEU,368,O,27650,0.9216359454684844
THR,177,OG1,LEU,173,O,27362,0.912036265457818
SER,266,OG,LEU,262,O,27355,0.9118029399020032
LEU,210,N,VAL,206,O,27235,0.9078030732308923
THR,423,N,PHE,419,O,27230,0.907636412119596
PHE,178,N,PHE,174,O,27224,0.9074364187860404
ILE,458,N,MET,137,O,27210,0.9069697676744108
HIP,384,N,ASN,381,O,27156,0.9051698276724109
GLN,176,N,ASN,172,O,27115,0.9038032065597813
ILE,217,N,ILE,213,O,27035,0.9011366287790407
TYR,162,OH,GLU,121,OE2,26973,0.8990700309989667
THR,423,OG1,PHE,419,O,26959,0.8986033798873371
GLU,301,N,TYR,297,O,26895,0.8964701176627445
ASN,428,ND2,THR,424,O,26820,0.8939702009933003
SER,182,OG,PHE,178,O,26753,0.8917369421019299
PHE,385,N,PRO,382,O,26696,0.8898370054331523
PHE,160,N,ASN,149,OD1,26569,0.8856038132062265
LEU,241,N,ILE,237,O,26566,0.8855038165394487
VAL,95,N,ASN,91,O,26555,0.8851371620945968
SER,145,OG,PHE,141,O,26540,0.884637178760708
THR,278,OG1,THR,274,O,26536,0.884503849871671
ARG,70,NH1,ILE,86,O,26438,0.8812372920902637
THR,264,N,LEU,260,O,26351,0.8783373887537083
CYS,51,N,ASP,36,O,26284,0.8761041298623379
ARG,70,NH2,HM1,464,O2A,26284,0.8761041298623379
THR,358,OG1,PRO,355,O,26279,0.8759374687510416
LEU,196,N,PHE,192,O,26228,0.8742375254158194
MET,49,N,PHE,38,O,26119,0.8706043131895603
LEU,362,N,VAL,339,O,26045,0.8681377287423753
PHE,38,N,MET,49,O,26003,0.8667377754074864
THR,347,N,ILE,354,O,25985,0.8661377954068198
ASP,387,N,ALA,391,O,25967,0.8655378154061532
LEU,420,N,ALA,416,O,25933,0.8644045198493383
ASP,164,N,HIE,161,O,25919,0.8639378687377087
TYR,175,N,LEU,171,O,25836,0.8611712942901903
VAL,48,N,GLU,359,O,25718,0.8572380920635979
ILE,452,N,GLU,446,O,25687,0.8562047931735609
ILE,354,N,THR,347,O,25665,0.8554714842838572
ILE,300,N,VAL,296,O,25606,0.853504883170561
HIE,41,N,ASN,14,OD1,25594,0.8531048965034499
PHE,349,N,TYR,352,O,25553,0.8517382753908203
PHE,269,N,LEU,265,O,25532,0.8510382987233759
ASN,14,N,HIE,41,O,25526,0.8508383053898203
HID,341,N,VAL,360,O,25513,0.8504049865004499
ARG,98,N,LYS,94,O,25404,0.8467717742741908
PHE,421,N,GLU,417,O,25359,0.8452718242725242
SER,430,N,LEU,461,O,25300,0.8433052231592281
LEU,265,N,ASN,261,O,25180,0.8393053564881171
VAL,155,N,ILE,151,O,25145,0.838138728709043
LEU,9,N,GLY,13,O,25068,0.8355721475950801
GLY,305,N,ILE,300,O,24937,0.8312056264791173
GLN,427,NE2,ARG,308,O,24933,0.8310722975900803
LYS,393,N,PHE,385,O,24867,0.8288723709209693
LYS,208,N,ARG,204,O,24850,0.8283057231425619
SER,183,OG,LEU,180,O,24831,0.8276724109196361
THR,264,OG1,LEU,260,O,24757,0.8252058264724509
THR,366,OG1,ILE,363,O,24701,0.8233392220259325
ARG,159,NH2,GLU,121,OE2,24697,0.8232058931368954
CYS,152,N,ALA,148,O,24632,0.8210392986900437
PHE,27,N,LEU,23,O,24549,0.8182727242425253
THR,277,OG1,GLU,273,O,24425,0.8141395286823773
GLY,71,N,PRO,340,O,24411,0.8136728775707477
GLU,327,N,ALA,323,O,24332,0.8110396320122663
ARG,70,N,ASN,89,OD1,24198,0.8065731142295257
ASN,89,ND2,ARG,70,O,24181,0.8060064664511183
VAL,221,N,ILE,217,O,24173,0.8057398086730442
LEU,60,N,ILE,56,O,24128,0.8042398586713776
LEU,236,N,ILE,154,O,24082,0.8027065764474518
THR,39,OG1,PRO,3,O,24048,0.801573280890637
ARG,97,NH1,HM1,464,O1D,23992,0.7997066764441185
VAL,206,N,ALA,202,O,23958,0.7985733808873038
LEU,28,N,LEU,24,O,23881,0.7960067997733409
LEU,129,N,LEU,125,O,23860,0.7953068231058965
LEU,426,N,PHE,422,O,23841,0.7946735108829706
GLU,322,N,MET,318,O,23784,0.7927735742141928
ARG,70,NH2,HID,341,NE2,23639,0.7879404019866004
THR,102,OG1,ARG,98,O,23596,0.7865071164294524
LEU,461,N,SER,430,O,23558,0.7852404919836006
MET,137,N,ILE,458,O,23498,0.7832405586480451
THR,424,N,LEU,420,O,23439,0.7812739575347488
THR,103,OG1,PHE,99,O,23369,0.7789407019766008
ILE,181,N,THR,177,O,23327,0.777540748641712
SER,276,OG,THR,272,O,23283,0.7760741308623046
ALA,122,N,ILE,118,O,23223,0.7740741975267491
LYS,356,N,HIE,346,ND1,23221,0.7740075330822306
ARG,97,N,TRP,93,O,23180,0.772640911969601
TYR,34,N,PHE,30,O,23163,0.7720742641911936
VAL,303,N,GLU,299,O,23159,0.7719409353021566
GLY,84,N,ASN,259,OD1,23089,0.7696076797440086
PHE,99,N,VAL,95,O,23042,0.7680410652978235
ARG,57,N,VAL,53,O,22931,0.7643411886270458
ILE,56,N,GLY,52,O,22927,0.7642078597380088
TYR,326,N,GLU,322,O,22919,0.7639412019599346
LEU,125,N,GLU,121,O,22869,0.7622745908469718
TYR,297,N,ALA,293,O,22853,0.7617412752908237
ASN,209,N,GLN,205,O,22725,0.7574747508416386
LEU,418,N,ALA,414,O,22686,0.7561747941735275
ARG,31,N,PHE,27,O,22668,0.7555748141728609
ILE,146,N,LEU,142,O,22665,0.7554748175060831
MET,244,N,TYR,240,O,22653,0.7550748308389721
LEU,285,N,TYR,281,O,22599,0.7532748908369721
GLN,211,N,TYR,207,O,22560,0.7519749341688611
TYR,281,N,THR,277,O,22556,0.751841605279824
ARG,45,NH2,GLU,190,OE1,22545,0.7514749508349722
ILE,328,N,VAL,324,O,22532,0.7510416319456018
ASN,214,N,LEU,210,O,22492,0.7497083430552315
ALA,323,N,PRO,319,O,22419,0.7472750908303056
ARG,308,NH1,ASP,314,OD1,22387,0.7462084597180094
ILE,126,N,ALA,122,O,22334,0.7444418519382687
GLU,222,N,GLY,218,O,22307,0.7435418819372688
SER,332,OG,ILE,328,O,22285,0.7428085730475651
ASP,383,N,ASN,381,OD1,22265,0.7421419286023799
THR,39,N,PRO,4,O,22261,0.7420085997133429
PHE,30,N,SER,26,O,22220,0.7406419786007133
LEU,50,N,PHE,361,O,22210,0.7403086563781207
LEU,279,N,THR,275,O,22045,0.7348088397053432
ILE,363,N,LEU,50,O,22002,0.7333755541481951
SER,276,N,THR,272,O,21961,0.7320089330355655
ALA,270,N,SER,266,O,21903,0.7300756641445285
SER,100,N,LEU,96,O,21525,0.717476084130529
ARG,280,N,SER,276,O,21498,0.716576114129529
ALA,148,N,GLN,144,O,21476,0.7158428052398254
LEU,171,N,PHE,167,O,21472,0.7157094763507883
LEU,188,N,VAL,184,O,21415,0.7138095396820106
ARG,298,N,GLU,294,O,21343,0.711409619679344
GLN,144,NE2,GLU,273,OE1,21335,0.7111429619012699
PHE,361,N,VAL,48,O,21307,0.7102096596780108
PHE,192,N,LEU,188,O,21289,0.7096096796773441
GLN,119,N,GLU,115,O,21275,0.7091430285657144
MET,104,N,SER,100,O,21268,0.7089097030098996
ALA,74,N,GLU,190,OE2,21252,0.7083763874537515
GLH,120,N,GLU,116,O,21160,0.7053098230058998
ASN,149,ND2,GLU,121,OE2,21129,0.7042765241158628
ARG,70,NH1,HM1,464,O1A,21090,0.7029765674477517
ASN,259,ND2,GLU,254,O,21027,0.7008766374454185
TRP,93,NE1,HM1,464,O1D,20978,0.6992433585547149
ARG,406,NH2,VAL,85,O,20750,0.691643611879604
ASN,14,ND2,GLN,17,OE1,20748,0.6915769474350855
GLN,427,NE2,GLY,305,O,20734,0.6911102963234559
VAL,296,N,VAL,292,O,20686,0.6895103496550115
THR,344,N,ALA,66,O,20654,0.6884437185427152
TYR,83,N,PHE,80,O,20563,0.6854104863171228
ASN,172,N,LEU,168,O,20534,0.6844438518716043
LYS,223,N,HIE,219,O,20492,0.6830438985367154
VAL,360,N,HID,341,O,20485,0.6828105729809006
ARG,97,NH1,ILE,407,O,20430,0.6809773007566414
GLN,329,N,ILE,325,O,20415,0.6804773174227525
ARG,406,NH1,HM1,464,O2D,20409,0.680277324089197
VAL,324,N,TYR,320,O,20389,0.6796106796440119
VAL,76,N,ILE,73,O,20356,0.6785107163094564
TYR,207,N,HIE,203,O,20347,0.678210726309123
CM1,408,N,PHE,401,O,20337,0.6778774040865304
ILE,325,N,THR,321,O,20333,0.6777440751974935
ALA,59,N,ALA,55,O,20303,0.6767441085297157
GLY,282,N,THR,278,O,20192,0.673044231858938
LEU,242,N,ASP,238,O,20073,0.6690776974100864
SER,433,OG,GLN,457,O,20069,0.6689443685210493
ARG,225,N,VAL,221,O,19961,0.6653444885170494
PHE,374,N,ASP,370,O,19957,0.6652111596280124
SER,100,OG,LEU,96,O,19587,0.652878237392087
ASN,250,N,GLU,247,O,19581,0.6526782440585314
ASN,149,ND2,PHE,160,O,19580,0.6526449118362722
PHE,331,N,GLU,327,O,19432,0.6477117429419019
ARG,459,N,ALA,432,O,19289,0.6429452351588281
GLY,218,N,ASN,214,O,19223,0.640745308489717
GLY,52,N,THR,366,OG1,19221,0.6406786440451985
GLU,247,N,HID,243,O,19211,0.640345321822606
THR,239,N,ASP,235,O,19203,0.6400786640445318
ASP,370,N,ALA,367,O,19201,0.6400119996000133
SER,179,N,TYR,175,O,19176,0.6391786940435319
ALA,432,N,ARG,459,O,19160,0.6386453784873838
ASN,14,ND2,PRO,6,O,19124,0.6374454184860505
THR,102,N,ARG,98,O,18932,0.6310456318122729
THR,277,N,GLU,273,O,18909,0.63027899070031
PHE,80,N,VAL,76,O,18900,0.6299790006999767
LEU,180,N,GLN,176,O,18896,0.6298456718109396
ALA,88,N,VAL,85,O,18845,0.6281457284757175
THR,366,N,ILE,363,O,18782,0.6260457984733843
GLU,417,N,ILE,413,O,18743,0.6247458418052731
ILE,213,N,ASN,209,O,18741,0.6246791773607546
PHE,189,N,PHE,185,O,18721,0.6240125329155695
THR,103,N,PHE,99,O,18444,0.6147795073497551
GLU,58,N,GLU,54,O,18429,0.6142795240158662
ALA,414,N,GLY,410,O,18381,0.6126795773474217
ARG,308,NH2,ASP,314,OD2,18339,0.6112796240125329
LYS,63,N,GLU,58,O,18257,0.6085463817872737
PHE,398,N,THR,395,O,18248,0.6082463917869404
VAL,339,N,LEU,362,O,18138,0.6045798473384221
SER,145,N,PHE,141,O,18104,0.6034465517816073
ALA,232,N,ASP,229,O,18059,0.6019466017799406
GLN,17,NE2,ARG,7,O,18034,0.6011132962234592
LYS,317,N,ASP,314,O,17895,0.5964801173294223
ILE,413,N,GLY,410,O,17766,0.592180260657978
ASP,238,N,ASP,235,OD2,17733,0.5910802973234226
THR,275,N,GLY,271,O,17668,0.5889137028765707
PHE,199,N,LEU,196,O,17557,0.5852138262057931
MET,318,N,ARG,315,O,17512,0.5837138762041265
TYR,373,N,ASP,370,O,17423,0.5807473084230526
GLY,448,N,GLY,450,O,17397,0.5798806706443118
LEU,173,N,LYS,169,O,17390,0.579647345088497
ASN,263,N,ASN,259,O,17379,0.5792806906436452
LYS,288,NZ,ILE,440,O,17346,0.5781807273090896
THR,275,OG1,GLY,271,O,17305,0.5768141061964601
ASP,19,N,SER,26,OG,17220,0.5739808673044232
HIP,224,N,SER,220,O,17210,0.5736475450818306
GLU,311,N,ASP,314,OD1,17095,0.5698143395220159
GLU,226,N,GLU,222,O,17076,0.56918102729909
GLU,32,N,LEU,28,O,16953,0.5650811639612013
LYS,197,N,SER,193,O,16864,0.5621145961801274
GLN,144,N,THR,140,O,16784,0.5594480183993867
ARG,130,N,ILE,126,O,16768,0.5589147028432385
MET,286,N,GLY,282,O,16742,0.5580480650644979
THR,278,N,THR,274,O,16737,0.5578814039532015
ARG,330,N,TYR,326,O,16506,0.5501816606113129
ARG,117,N,SER,113,O,16466,0.5488483717209426
THR,140,OG1,ASP,138,OD1,16437,0.5478817372754241
GLU,127,N,GLN,123,O,16420,0.5473150894970168
SER,153,N,ASN,149,O,16414,0.5471150961634612
SER,26,OG,GLY,22,O,16385,0.5461484617179427
ARG,81,N,ASP,77,O,16335,0.5444818506049799
TYR,352,N,PHE,349,O,16225,0.5408153061564615
THR,321,OG1,GLU,299,OE1,16214,0.5404486517116096
GLY,134,N,PHE,460,O,16199,0.5399486683777207
PHE,255,N,SER,253,OG,16184,0.5394486850438319
ARG,295,N,HIE,291,O,16126,0.5375154161527949
PHE,174,N,MET,170,O,16084,0.5361154628179061
LEU,368,N,LEU,364,O,16059,0.5352821572614246
GLN,427,N,THR,423,O,15897,0.5298823372554248
LYS,288,N,LEU,284,O,15896,0.5298490050331656
HIE,372,N,ASP,370,OD1,15858,0.5285823805873138
GLY,390,N,ASP,387,O,15735,0.5244825172494251
GLU,294,N,PRO,290,O,15711,0.5236825439152029
SER,179,OG,TYR,175,O,15710,0.5236492116929435
GLN,205,N,GLY,201,O,15678,0.5225825805806473
ASP,77,N,ILE,73,O,15651,0.5216826105796474
ALA,215,N,GLN,211,O,15511,0.5170160994633513
HIP,384,NE2,GLU,375,O,15491,0.5163494550181661
SER,231,OG,ASP,229,OD2,15443,0.5147495083497217
ARG,406,NH1,HM1,464,O1A,15419,0.5139495350154994
LYS,234,N,ASP,238,OD2,15176,0.5058498050064998
LEU,262,N,GLN,258,O,15159,0.5052831572280924
THR,443,OG1,ASP,441,OD1,15046,0.5015166161127962
ILE,342,N,GLY,69,O,14896,0.49651678277390754
LEU,260,N,SER,256,O,14865,0.49548348388387053
THR,140,N,ASP,138,OD1,14847,0.4948835038832039
ASP,62,N,ARG,57,O,14839,0.49461684610512985
SER,132,OG,GLU,128,O,14827,0.49421685943801874
ASP,357,N,VAL,343,O,14806,0.4935168827705743
ARG,29,N,LYS,25,O,14700,0.489983667211093
TYR,216,N,GLU,212,O,14624,0.48745041831938934
ASN,259,N,SER,256,OG,14506,0.4835172160927969
GLY,338,N,LEU,335,O,14457,0.48188393720209327
THR,227,OG1,LYS,223,O,14425,0.480817306089797
PHE,429,N,ILE,425,O,14330,0.4776507449751675
ARG,463,N,ASN,428,O,14306,0.4768507716409453
SER,365,OG,ASP,333,OD1,14263,0.4754174860837972
HIP,384,ND1,GLU,327,OE2,14256,0.4751841605279824
TYR,289,N,LEU,285,O,14192,0.47305089830338987
ASN,263,ND2,ASN,259,O,14174,0.47245091830272323
ASN,149,N,SER,145,O,13943,0.4647511749608346
THR,321,N,GLU,299,OE1,13938,0.46458451384953836
HIE,219,N,ALA,215,O,13906,0.4635178827372421
PHE,195,N,PHE,192,O,13859,0.461951268291057
GLN,119,NE2,PRO,310,O,13828,0.46091796940102
ILE,118,N,VAL,114,O,13722,0.4573847538415386
THR,177,N,LEU,173,O,13617,0.45388487050431653
TYR,240,N,LEU,236,O,13530,0.4509849671677611
SER,182,N,PHE,178,O,13496,0.4498516716109463
LYS,288,NZ,PRO,437,O,13362,0.4453851538282057
THR,443,OG1,ASP,441,OD2,13123,0.43741875270824304
LEU,15,N,LEU,12,O,13071,0.43568547715076167
ARG,308,NH1,PRO,309,O,12973,0.43241891936935434
THR,443,N,ASP,441,OD1,12946,0.4315189493683544
ARG,31,NH1,ASP,370,OD2,12869,0.42895236825439154
VAL,47,N,VAL,40,O,12851,0.4283523882537249
ARG,159,NH1,GLU,121,OE1,12849,0.4282857238092064
ARG,159,NE,GLU,121,OE1,12809,0.42695243491883605
PHE,422,N,LEU,418,O,12718,0.42391920269324357
ILE,304,N,ILE,300,O,12599,0.41995266824439187
SER,253,OG,GLU,247,OE2,12577,0.4192193593546882
ASN,261,ND2,ASN,214,OD1,12496,0.4165194493516883
LYS,131,N,GLU,127,O,12473,0.4157528082397253
LYS,169,N,GLN,165,O,12468,0.41558614712842906
ASP,314,N,GLU,311,O,12397,0.41321955934802174
THR,140,OG1,ASP,138,OD2,12389,0.4129529015699477
ALA,66,N,LYS,63,O,12358,0.4119196026799107
ARG,45,NH1,GLU,359,OE1,12333,0.4110862971234292
GLU,273,N,PHE,268,O,12095,0.4031532282257258
GLU,128,N,CYS,124,O,12066,0.4021865937802073
ARG,406,NH2,ALA,88,O,12048,0.4015866137795407
THR,321,OG1,GLU,299,OE2,12044,0.40145328489050364
SER,231,N,ASP,229,OD2,12000,0.3999866671110963
ILE,353,N,ARG,1,O,11977,0.39922002599913337
SER,402,OG,HM1,464,O2A,11893,0.39642011932935567
ARG,45,NH1,GLU,359,OE2,11883,0.3960867971067631
ARG,45,NH2,GLU,190,O,11822,0.39405353154894834
LYS,246,N,LEU,242,O,11777,0.39255358154728176
GLU,121,N,ARG,117,O,11762,0.39205359821339286
SER,332,N,ILE,328,O,11742,0.3913869537682077
SER,132,N,GLU,128,O,11666,0.3888537048765041
GLN,123,N,GLN,119,O,11558,0.38525382487250426
HID,369,ND1,SER,365,O,11483,0.3827539082030599
PHE,79,N,VAL,76,O,11449,0.38162061264624514
TYR,198,N,PHE,195,O,11383,0.3794206859771341
HID,243,N,THR,239,O,11152,0.37172094263524547
THR,147,OG1,GLU,417,OE1,11104,0.3701209959668011
GLU,245,N,LEU,241,O,11094,0.3697876737442085
THR,443,N,ASP,441,OD2,11085,0.3694876837438752
THR,140,N,ASP,138,OD2,11073,0.3690876970767641
ASP,238,N,ASP,235,OD1,11028,0.3675877470750975
SER,402,N,ILE,399,O,11016,0.3671877604079864
ASN,214,ND2,GLN,211,OE1,10937,0.364554514849505
SER,253,OG,GLU,247,OE1,10916,0.3638545381820606
CYS,124,N,GLH,120,O,10699,0.3566214459518016
ARG,315,NE,GLU,322,OE2,10649,0.3549548348388387
MET,170,N,GLU,166,O,10643,0.35475484150528314
SER,153,OG,ASN,149,O,10569,0.3522882570580981
ARG,225,NH2,GLU,222,OE1,10562,0.35205493150228323
SER,183,N,LEU,180,O,10554,0.3517882737242092
ASP,333,N,GLN,329,O,10546,0.3515216159461351
TYR,240,OH,SER,256,O,10540,0.3513216226125796
GLN,144,NE2,LEU,171,O,10536,0.35118829372354254
ALA,379,N,LYS,376,O,10531,0.3510216326122463
ARG,92,NE,GLU,254,OE2,10475,0.3491550281657278
LEU,287,N,PHE,283,O,10463,0.3487550414986167
ARG,315,NH2,GLU,322,OE2,10437,0.347888403719876
SER,231,OG,ASP,229,OD1,10418,0.3472550914969501
LEU,386,N,ASP,383,O,10305,0.34348855038165393
SER,113,OG,GLU,115,OE2,10265,0.3421552614912836
ARG,463,NH1,GLU,294,OE2,10161,0.3386887103763208
GLU,212,N,LYS,208,O,10084,0.3361221292623579
ARG,31,NE,ASP,36,OD1,10006,0.3335222159261358
ALA,135,N,SER,132,O,10000,0.33332222259258026
VAL,292,N,TYR,289,O,9995,0.33315556148128395
THR,321,N,GLU,299,OE2,9984,0.3327889070364321
GLN,445,N,ILE,452,O,9932,0.33105563147895073
SER,256,N,TYR,240,OH,9894,0.3297890070330989
HID,243,ND1,THR,239,O,9859,0.3286223792540249
ALA,293,N,TYR,289,O,9790,0.3263224559181361
HIE,252,NE2,GLU,254,OE1,9754,0.32512249591680276
HIP,224,NE2,ASP,235,OD1,9748,0.32492250258324723
ARG,463,NH2,GLU,294,OE2,9673,0.32242258591380285
PHE,67,N,LYS,63,O,9627,0.320889303689877
ARG,463,NH2,GLU,294,OE1,9603,0.3200893303556548
THR,274,OG1,ALA,270,O,9551,0.3183560547981734
GLY,186,N,SER,183,OG,9536,0.3178560714642845
LYS,33,N,ARG,29,O,9449,0.3149561681277291
ARG,225,NH2,GLU,222,OE2,9447,0.31488950368321056
VAL,61,N,ARG,57,O,9424,0.3141228625712476
THR,227,N,LYS,223,O,9394,0.31312289590346987
SER,68,OG,GLU,65,O,9347,0.31155628145728476
SER,113,OG,GLU,115,OE1,9261,0.3086897103429886
ARG,415,N,GLU,411,O,9258,0.3085897136762108
ARG,21,N,ASP,19,OD2,9205,0.3068231058964701
ILE,425,N,PHE,421,O,9171,0.30568981033965537
HID,341,ND1,PHE,67,O,9167,0.3055564814506183
GLH,120,OE2,GLU,116,OE2,9165,0.3054898170060998
SER,220,N,TYR,216,O,9141,0.3046898436718776
ARG,57,NH2,GLU,54,OE1,9133,0.3044231858938035
THR,347,OG1,GLN,345,O,9112,0.30372320922635915
GLN,17,N,ASN,14,O,9060,0.3019899336688777
LYS,248,NZ,GLU,245,OE2,8798,0.2932568914369521
SER,68,N,GLU,65,O,8793,0.2930902303256558
LYS,248,NZ,GLU,245,OE1,8788,0.2929235692143595
LYS,234,N,ASP,238,OD1,8776,0.2925235825472484
ARG,31,NH1,ASP,370,OD1,8722,0.2907236425452485
ARG,350,NH2,GLU,58,OE2,8679,0.2892903569881004
HIE,372,N,ASP,370,OD2,8654,0.2884570514316189
ASP,439,N,ALA,436,O,8650,0.28832372254258193
LYS,234,NZ,ASP,238,OD2,8629,0.2876237458751375
ARG,463,NH1,GLU,294,OE1,8605,0.2868237725409153
ARG,92,NE,GLU,254,OE1,8540,0.28465717809406355
GLU,190,N,GLY,186,O,8509,0.28362387920402654
THR,274,N,ALA,270,O,8509,0.28362387920402654
LEU,284,N,ARG,280,O,8497,0.28322389253691543
HIE,252,NE2,GLU,254,OE2,8443,0.2814239525349155
ARG,57,NH2,GLU,54,OE2,8440,0.28132395586813774
ARG,92,NH1,GLY,82,O,8383,0.27942401919936
GLY,22,N,ASP,19,O,8313,0.27709076364121193
LEU,386,N,PRO,382,O,8273,0.2757574747508416
LYS,356,NZ,ASP,357,OD2,8231,0.2743575214159528
ARG,350,NH2,GLU,58,OE1,8189,0.272957568081064
ARG,415,NH1,GLU,322,OE1,8133,0.2710909636345455
LYS,356,NZ,ASP,357,OD1,8083,0.2694243525215826
MET,18,N,ASN,14,O,8016,0.2671910936302123
ARG,31,NH2,ASP,36,OD1,7991,0.2663577880737309
SER,231,N,ASP,229,OD1,7984,0.26612446251791605
ARG,315,NH2,GLU,322,OE1,7859,0.2619579347355088
THR,147,OG1,PHE,143,O,7850,0.2616579447351755
GLY,271,N,LEU,267,O,7836,0.2611912936235459
SER,266,N,LEU,262,O,7737,0.25789140361987933
LYS,111,N,GLY,108,O,7700,0.2566581113962868
ARG,225,NE,GLU,222,OE2,7648,0.2549248358388054
ARG,21,N,ASP,19,OD1,7626,0.2541915269491017
ARG,130,NH2,GLU,127,OE1,7601,0.25335822139262026
TYR,240,OH,ASN,263,OD1,7517,0.25055831472284257
ARG,350,NE,GLU,58,OE2,7480,0.24932502249925004
SER,249,N,LYS,246,O,7474,0.24912502916569448
ARG,350,NE,GLU,58,OE1,7403,0.24675844138528716
HIP,384,ND1,GLU,327,OE1,7397,0.2465584480517316
PHE,419,N,ARG,415,O,7394,0.24645845138495384
ARG,31,NE,ASP,36,OD2,7329,0.24429185693810207
GLN,187,N,SER,183,O,7315,0.24382520582647246
GLN,302,N,ARG,298,O,7311,0.2436918769374354
HIP,224,ND1,SER,220,O,7272,0.24239192026932435
PHE,156,N,CYS,152,O,7263,0.24209193026899103
ARG,315,NH1,ARG,415,O,7241,0.24135862137928735
ARG,459,NH1,GLY,134,O,7191,0.23969201026632445
GLH,120,OE2,GLU,116,OE1,7185,0.23949201693276892
ILE,154,N,ILE,150,O,7151,0.23835872137595412
ARG,225,NE,GLU,222,OE1,7123,0.2374254191526949
ARG,31,NH2,ASP,36,OD2,7098,0.23659211359621346
ARG,204,NH2,LYS,197,O,7089,0.23629212359588014
TYR,320,N,GLU,299,OE2,7084,0.23612546248458385
ARG,105,N,VAL,101,O,6999,0.23329222359254692
SER,26,N,GLY,22,O,6988,0.23292556914769508
ARG,330,NH1,PRO,377,O,6845,0.2281590613646212
GLU,299,N,ARG,295,O,6756,0.2251924935835472
VAL,435,N,SER,433,OG,6755,0.22515916136128797
HIP,224,NE2,ASP,235,OD2,6686,0.22285923802539914
ARG,315,NE,GLU,322,OE1,6675,0.22249258358054733
ARG,315,N,GLU,311,O,6645,0.22149261691276959
HIE,161,N,ASP,164,OD2,6603,0.22009266357788074
THR,344,OG1,GLU,65,O,6597,0.21989267024432518
ARG,97,NH2,ILE,407,O,6356,0.211859604679844
ILE,151,N,THR,147,O,6230,0.2076597446751775
LYS,111,N,PHE,107,O,6208,0.20692643578547382
ARG,130,NH2,GLU,127,OE2,6199,0.2066264457851405
ALA,367,N,LEU,364,O,6192,0.20639312022932568
GLY,108,N,ASP,106,OD2,6176,0.20585980467317755
GLN,163,N,HIE,161,ND1,6137,0.2045598480050665
GLN,187,NE2,ARG,20,O,6133,0.20442651911602946
TYR,320,N,GLU,299,OE1,6082,0.2027265757808073
ASN,389,ND2,ASP,387,OD1,6062,0.20205993133562214
LYS,393,NZ,ASP,383,O,6023,0.20075997466751108
ASN,389,N,ASP,387,OD1,6006,0.20019332688910368
LYS,158,N,CYS,152,O,5969,0.19896003466551115
LYS,248,N,GLU,245,O,5969,0.19896003466551115
SER,249,OG,LYS,246,O,5890,0.19632678910702978
ALA,416,N,ILE,413,O,5868,0.1955934802173261
ARG,117,NH1,SER,153,OG,5864,0.19546015132828906
GLY,108,N,ASP,106,OD1,5834,0.19446018466051132
ARG,57,NH1,GLU,54,OE2,5821,0.19402686577114095
ARG,57,NH1,GLU,54,OE1,5762,0.19206026465784473
LYS,234,NZ,ASP,238,OD1,5744,0.1914602846571781
GLN,258,NE2,ASN,214,OD1,5713,0.1904269857671411
THR,455,OG1,GLN,445,OE1,5704,0.19012699576680778
ARG,459,NE,GLY,134,O,5699,0.1899603346555115
ASP,106,N,THR,102,O,5680,0.1893270224325856
ARG,21,NE,ASP,19,OD2,5653,0.1884270524315856
ASN,389,N,ASP,387,OD2,5650,0.18832705576480785
TYR,326,OH,GLU,322,OE1,5640,0.18799373354221527
MET,18,N,LEU,15,O,5616,0.18719376020799305
ASN,389,ND2,ASP,387,OD2,5517,0.18389387020432651
LYS,405,NZ,GLU,65,OE1,5506,0.18352721575947467
ARG,57,NH1,GLU,396,OE2,5494,0.1831272290923636
LEU,191,N,GLN,187,O,5488,0.18292723575880804
ARG,57,NH1,GLU,396,OE1,5448,0.18159394686843772
LYS,405,NZ,GLU,65,OE2,5426,0.18086063797873403
THR,344,OG1,ALA,66,O,5423,0.18076064131195627
LYS,234,NZ,ASP,235,OD2,5361,0.17869404353188226
ARG,415,NH1,GLU,322,OE2,5360,0.17866071130962302
ASP,106,N,THR,103,O,5358,0.1785940468651045
ASN,261,N,HIE,257,O,5329,0.17762741241958602
ARG,130,NE,GLU,127,OE2,5311,0.17702743241891936
ARG,117,NE,GLN,112,O,5250,0.17499416686110464
ASN,214,ND2,GLN,258,OE1,5245,0.17482750574980835
ARG,117,NH2,GLN,112,O,5210,0.17366087797073432
ARG,406,N,LEU,403,O,5185,0.17282757241425287
ALA,391,N,ASN,389,OD1,5107,0.17022765907803072
ARG,92,NH2,GLU,254,OE2,5104,0.17012766241125296
TYR,373,OH,GLU,396,OE1,5101,0.17002766574447517
ARG,29,NH1,ASP,19,OD2,5047,0.16822772574247524
ARG,21,NH2,ASP,19,OD1,5002,0.16672777574080863
ARG,57,NH2,GLU,396,OE2,4984,0.166127795740142
ARG,105,N,THR,102,O,4952,0.16506116462784573
GLN,163,NE2,GLU,128,OE2,4943,0.1647611746275124
LEU,228,N,ARG,225,O,4940,0.16466117796073465
ASN,428,N,ILE,425,O,4933,0.16442785240491983
ARG,415,NH2,GLU,322,OE1,4889,0.16296123462551249
ARG,92,NH2,GLU,254,OE1,4865,0.1621612612912903
ASN,209,ND2,GLN,205,O,4838,0.16126129129029032
ASN,209,ND2,THR,177,OG1,4822,0.1607279757341422
GLN,163,NE2,GLU,128,OE1,4817,0.1605613146228459
THR,272,N,PHE,268,O,4802,0.16006133128895703
ARG,415,NH2,GLU,322,OE2,4793,0.1597613412886237
THR,358,N,PRO,355,O,4787,0.15956134795506816
TRP,93,NE1,HM1,464,O2D,4769,0.15896136795440152
ALA,397,N,THR,395,OG1,4754,0.15846138462051265
ARG,298,NH1,GLU,301,OE1,4737,0.15789473684210525
MET,337,N,VAL,449,O,4737,0.15789473684210525
TYR,281,OH,LEU,442,O,4685,0.15616146128462385
ARG,21,NE,ASP,19,OD1,4672,0.15572814239525348
ASN,428,N,THR,424,O,4660,0.1553281557281424
TYR,297,OH,GLU,301,OE1,4646,0.1548615046165128
GLY,13,N,LEU,9,O,4608,0.15359488017066097
ARG,308,NH2,ASP,314,OD1,4599,0.15329489017032766
TYR,297,OH,GLU,301,OE2,4583,0.15276157461417952
GLU,115,N,GLU,115,OE2,4569,0.15229492350254992
THR,147,OG1,GLU,417,OE2,4569,0.15229492350254992
PHE,268,N,THR,264,O,4552,0.15172827572414252
TYR,373,OH,GLU,396,OE2,4546,0.151528282390587
ILE,440,N,ALA,436,O,4521,0.15069497683410554
ARG,415,NH2,GLU,411,OE2,4520,0.15066164461184628
SER,365,OG,PRO,336,O,4510,0.1503283223892537
ILE,440,N,PRO,437,O,4507,0.1502283257224759
ARG,57,NH2,GLU,396,OE1,4475,0.14916169461017967
ASN,381,ND2,ASP,383,OD1,4470,0.14899503349888338
LYS,72,NZ,GLU,359,OE2,4456,0.14852838238725377
LYS,72,NZ,GLU,359,OE1,4455,0.1484950501649945
LEU,267,N,ASN,263,O,4397,0.14656178127395753
ARG,298,NH1,GLU,301,OE2,4391,0.146361787940402
ARG,21,NH2,ASP,19,OD2,4389,0.14629512349588347
LYS,63,NZ,SER,348,O,4373,0.14576180793973534
SER,332,OG,THR,278,OG1,4370,0.14566181127295758
GLN,176,NE2,ASN,172,OD1,4353,0.14509516349455018
LEU,23,N,GLN,187,OE1,4293,0.1430952301589947
ASN,381,ND2,ASP,383,OD2,4266,0.14219526015799475
ARG,45,N,LEU,42,O,4211,0.14036198793373555
THR,227,N,HIP,224,O,4169,0.1389620345988467
ARG,21,NH2,GLU,446,OE1,4166,0.13886203793206894
LEU,42,N,ARG,45,O,4130,0.13766207793073565
VAL,85,N,SER,266,OG,4128,0.13759541348621712
HIE,161,N,ASP,164,OD1,4102,0.1367287757074764
LYS,451,N,LEU,334,O,4086,0.1361954601513283
ARG,70,NE,PRO,340,O,4042,0.13472884237192093
TRP,93,N,ASN,89,O,4020,0.13399553348221727
HID,369,N,THR,366,O,3966,0.13219559348021734
ARG,330,NH2,PRO,377,O,3951,0.13169561014632847
TRP,93,N,GLY,90,O,3938,0.1312622912569581
ALA,316,N,HIE,313,O,3938,0.1312622912569581
ARG,21,NH2,GLU,446,OE2,3905,0.1301623279224026
LEU,409,N,HM1,464,ND,3904,0.13012899570014333
GLN,165,NE2,GLN,163,O,3878,0.12926235792140262
LYS,169,NZ,GLU,166,OE1,3865,0.12882903903203227
GLN,112,NE2,GLH,120,OE1,3859,0.12862904569847672
ILE,154,N,ILE,151,O,3854,0.12846238458718043
TYR,216,OH,GLU,166,O,3845,0.1281623945868471
ARG,315,NH2,ARG,415,O,3838,0.1279290690310323
ARG,295,NH1,ARG,295,O,3795,0.1264957834738842
ARG,20,NH1,ARG,20,O,3769,0.1256291456951435
GLN,211,NE2,TYR,207,OH,3765,0.12549581680610647
ARG,204,N,GLY,201,O,3756,0.12519582680577315
ASN,250,ND2,GLU,247,OE2,3755,0.1251624945835139
ARG,315,N,LEU,312,O,3741,0.12469584347188427
SER,153,OG,ILE,150,O,3732,0.12439585347155095
LYS,451,NZ,ASP,333,OD1,3716,0.12386253791540282
ASN,250,ND2,GLU,247,OE1,3708,0.12359588013732875
GLU,115,N,GLU,115,OE1,3670,0.12232925569147696
LYS,451,NZ,ASP,333,OD2,3664,0.1221292623579214
ASN,149,ND2,SER,145,O,3663,0.12209593013566214
ARG,463,NE,LEU,426,O,3650,0.1216626112462918
ARG,57,NH2,ASP,62,OD1,3645,0.1214959501349955
ARG,130,NE,GLU,127,OE1,3628,0.12092930235658811
ARG,29,NH2,ASP,19,OD1,3620,0.12066264457851406
HIE,252,N,ASN,250,OD1,3585,0.11949601679944002
ARG,81,NH1,PRO,78,O,3558,0.11859604679844005
LYS,169,NZ,GLU,166,OE2,3557,0.1185627145761808
ARG,298,NE,GLU,294,OE1,3554,0.11846271790940302
ARG,57,NH2,ASP,62,OD2,3550,0.118329389020366
THR,272,OG1,PHE,268,O,3550,0.118329389020366
SER,365,OG,ASP,333,OD2,3524,0.11746275124162528
ARG,29,NH1,ASP,19,OD1,3519,0.11729609013032899
GLY,35,N,ARG,31,O,3509,0.11696276790773641
LYS,133,N,ARG,130,O,3462,0.11539615346155128
ASN,209,ND2,GLN,176,OE1,3426,0.11419619346021799
ARG,81,NH2,ASP,77,OD2,3386,0.11286290456984767
LEU,267,N,THR,264,O,3338,0.11126295790140328
SER,68,OG,GLU,65,OE2,3209,0.106963101229959
THR,272,OG1,THR,147,O,3197,0.10656311456284791
ARG,57,NE,ASP,62,OD2,3170,0.10566314456184794
ARG,57,NE,ASP,62,OD1,3169,0.10562981233958868
LYS,131,NZ,GLU,128,OE1,3159,0.1052964901169961
GLN,187,NE2,GLN,187,O,3057,0.10189660344655178
SER,68,OG,GLU,65,OE1,3055,0.10182993900203327
GLU,166,N,ASP,164,OD2,3053,0.10176327455751474
ARG,29,NH2,GLN,17,O,3044,0.10146328455718143
LYS,131,NZ,GLU,128,OE2,3033,0.10109663011232958
LYS,451,NZ,PHE,331,O,2961,0.09869671010966301
LYS,72,NZ,ASP,77,OD1,2955,0.09849671677610747
ARG,105,NE,MET,104,O,2954,0.0984633845538482
GLN,205,NE2,ASN,209,OD1,2950,0.09833005566481118
THR,147,OG1,GLY,271,O,2909,0.0969634345521816
LYS,169,NZ,GLU,212,OE1,2893,0.09643011899603346
LYS,63,NZ,GLU,58,OE1,2877,0.09589680343988534
ARG,29,NH2,ASP,19,OD2,2870,0.09566347788407054
LYS,451,NZ,SER,332,O,2842,0.09473017566081131
GLN,445,NE2,PRO,453,O,2841,0.09469684343855204
HIE,203,NE2,LYS,197,O,2823,0.0940968634378854
GLN,119,NE2,GLU,311,OE1,2818,0.09393020232658911
ARG,130,NH1,GLU,127,OE2,2815,0.09383020565981134
LYS,33,N,PHE,30,O,2791,0.09303023232558914
LYS,72,NZ,ASP,77,OD2,2740,0.09133028899036699
LYS,248,N,MET,244,O,2734,0.09113029565681144
ARG,295,NH1,GLU,299,OE2,2732,0.09106363121229293
ALA,391,N,ASP,387,O,2706,0.09019699343355221
ASN,91,ND2,GLU,254,OE1,2697,0.0898970034332189
LYS,169,NZ,GLU,212,OE2,2643,0.08809706343121895
LYS,405,NZ,LEU,60,O,2623,0.08743041898603379
ARG,21,NE,GLU,446,OE2,2602,0.08673044231858938
GLU,116,N,SER,113,O,2590,0.08633045565147829
ARG,31,NH2,ASP,370,OD2,2575,0.08583047231758942
LYS,63,NZ,GLU,58,OE2,2557,0.08523049231692277
ALA,316,N,LEU,312,O,2534,0.08446385120495983
THR,147,N,PHE,143,O,2497,0.08323055898136729
ASN,261,ND2,GLN,258,OE1,2488,0.08293056898103397
GLY,110,N,PHE,107,O,2486,0.08286390453651545
GLN,119,NE2,GLU,311,OE2,2485,0.0828305723142562
ARG,20,NH2,GLU,446,OE1,2484,0.08279724009199693
ALA,64,N,VAL,61,O,2465,0.08216392786907104
LYS,25,NZ,ASP,378,OD1,2452,0.08173060897970068
LYS,405,N,LEU,60,O,2445,0.08149728342388587
LYS,63,NZ,ASP,62,OD1,2413,0.08043065231158962
GLN,144,NE2,GLU,273,OE2,2385,0.07949735008833039
LEU,191,N,LEU,188,O,2362,0.07873070897636746
GLN,123,NE2,GLN,119,OE1,2361,0.07869737675410819
ARG,105,NH2,LEU,409,O,2338,0.07793073564214527
ARG,105,NH1,LEU,409,O,2319,0.07729742341921936
TYR,216,OH,GLU,166,OE2,2315,0.07716409453018233
ARG,130,NH1,GLU,127,OE1,2304,0.07679744008533049
ARG,81,NH2,ASP,77,OD1,2303,0.07676410786307124
ASN,261,ND2,ASN,214,O,2296,0.07653078230725642
ARG,20,NH1,GLU,446,OE2,2279,0.07596413452884904
LYS,25,NZ,ASP,378,OD2,2258,0.07526415786140463
ASN,91,ND2,GLU,254,OE2,2230,0.0743308556381454
ARG,308,NH1,ASP,314,OD2,2224,0.07413086230458985
LYS,63,NZ,ASP,62,OD2,2221,0.07403086563781207
SER,132,N,LEU,129,O,2219,0.07396420119329356
ILE,150,N,THR,147,O,2216,0.07386420452651578
ARG,280,NH2,TYR,175,OH,2188,0.07293090230325656
ARG,298,NH2,GLU,294,OE1,2147,0.07156428119062698
GLY,22,N,ASP,19,OD2,2146,0.07153094896836772
GLY,22,N,ASP,19,OD1,2138,0.07126429119029366
THR,272,N,LEU,267,O,2120,0.07066431118962702
GLU,166,N,ASP,164,OD1,2097,0.06989767007766408
THR,275,OG1,GLU,417,OE2,2066,0.06886437118762707
ARG,1,N,ILE,353,O,2043,0.06809773007566415
GLU,116,N,SER,113,OG,2042,0.06806439785340489
GLY,43,N,HIE,41,O,1983,0.06609779674010867
GLN,258,N,SER,256,OG,1974,0.06579780673977534
ARG,225,NH2,GLU,226,OE2,1946,0.06486450451651611
ARG,415,NE,GLU,411,OE2,1944,0.0647978400719976
ARG,225,NH2,GLU,226,OE1,1942,0.06473117562747908
PHE,419,N,ALA,416,O,1932,0.0643978534048865
SER,348,OG,TYR,352,O,1931,0.06436452118262724
GLN,119,NE2,GLU,116,OE2,1916,0.06386453784873837
ASP,106,N,VAL,101,O,1898,0.06326455784807174
LYS,25,N,GLY,22,O,1895,0.06316456118129396
ARG,81,NE,PRO,78,O,1885,0.06283123895870138
LYS,111,NZ,ASP,106,OD2,1871,0.062364587847071766
PHE,167,N,ASP,164,O,1861,0.062031265624479186
GLY,186,N,SER,183,O,1858,0.06193126895770141
GLN,119,NE2,GLU,116,OE1,1855,0.06183127229092364
LYS,111,NZ,LYS,234,O,1841,0.061364621179294025
ARG,81,NE,ASP,77,OD1,1840,0.06133128895703477
GLU,417,N,GLU,417,OE1,1838,0.06126462451251625
LYS,317,NZ,ASP,314,OD2,1836,0.061197960067997735
ARG,463,NE,ARG,463,O,1817,0.06056464784507183
GLU,273,N,PHE,269,O,1798,0.05993133562214593
CYS,447,N,GLU,446,OE2,1775,0.059164694510183
LYS,131,NZ,GLU,127,O,1752,0.05839805339822006
GLY,450,N,ILE,181,O,1749,0.05829805673144228
GLN,123,NE2,GLN,119,O,1697,0.05656478117396087
ARG,298,NE,GLU,294,OE2,1695,0.056498116729442355
GLU,411,N,CM1,408,O,1690,0.056331455618146065
ILE,237,N,VAL,155,O,1686,0.05619812672910903
LYS,223,NZ,GLU,226,OE1,1683,0.056098130062331254
SER,256,N,GLU,254,O,1683,0.056098130062331254
THR,455,N,GLN,445,OE1,1674,0.05579814006199793
ARG,81,NE,ASP,77,OD2,1665,0.055498150061664614
ARG,463,NE,ARG,463,OXT,1664,0.05546481783940535
ILE,150,N,ILE,146,O,1648,0.05493150228325722
GLY,22,N,CYS,447,O,1642,0.05473150894970168
GLU,417,N,GLU,417,OE2,1640,0.05466484450518316
LEU,23,N,ARG,21,O,1639,0.0546315122829239
ARG,415,NH2,GLU,411,OE1,1632,0.054398186727109096
ARG,225,NH1,GLU,222,OE1,1630,0.05433152228259058
LYS,111,NZ,GLY,108,O,1593,0.05309823005899803
LYS,223,NZ,GLU,226,OE2,1589,0.052964901169961
GLN,112,N,GLN,112,OE1,1584,0.05279824005866471
ARG,225,NH1,GLU,222,OE2,1574,0.05246491783607213
LYS,111,NZ,ASP,106,OD1,1568,0.05226492450251658
LYS,317,NZ,HIE,313,O,1549,0.05163161227959068
SER,26,OG,GLN,17,O,1547,0.051564947835072164
THR,395,OG1,LYS,393,O,1540,0.05133162227925736
PHE,167,N,ASP,164,OD2,1534,0.05113162894570181
LYS,133,N,LEU,129,O,1513,0.05043165227825739
TYR,326,OH,GLU,322,OE2,1510,0.05033165561147962
ARG,45,NE,LEU,42,O,1501,0.050031665611146296
SER,132,OG,GLU,128,OE1,1495,0.04983167227759075
SER,332,N,GLN,329,O,1476,0.049198360054664846
GLN,345,NE2,THR,344,OG1,1463,0.04876504116529449
LEU,364,N,LEU,362,O,1462,0.04873170894303523
TYR,216,OH,GLU,166,OE1,1445,0.04816506116462785
SER,68,OG,ALA,64,O,1420,0.0473317556081464
SER,113,N,GLU,116,OE2,1411,0.047031765607813074
ALA,416,N,GLY,412,O,1408,0.0469317689410353
GLU,226,N,LYS,223,O,1407,0.04689843671877604
GLN,302,NE2,ARG,298,O,1402,0.04673177560747975
LYS,234,NZ,ALA,232,O,1389,0.04629845671810939
GLU,311,N,ASP,314,OD2,1380,0.045998466717776076
THR,344,OG1,GLN,345,OE1,1371,0.04569847671744275
HID,369,N,SER,365,O,1368,0.045598480050664976
GLU,273,N,ALA,270,O,1334,0.0444651844938502
PHE,167,N,ASP,164,OD1,1330,0.044331855604813175
GLH,120,OE2,GLN,112,OE1,1328,0.044265191160294655
ASN,172,ND2,LEU,168,O,1323,0.044098530048998365
ALA,135,N,LYS,133,O,1320,0.043998533382220595
ARG,31,NH2,ASP,370,OD1,1300,0.043331888937035434
ARG,97,NH2,CM1,408,O,1300,0.043331888937035434
ARG,350,NH1,ASP,36,OD2,1299,0.04329855671477617
LYS,131,NZ,GLU,127,OE1,1291,0.04303189893670211
ALA,148,N,SER,145,O,1273,0.04243191893603546
ARG,298,NH2,GLU,294,OE2,1273,0.04243191893603546
ARG,298,NH2,GLU,301,OE2,1265,0.0421652611579614
THR,275,OG1,GLU,417,OE1,1263,0.04209859671344288
LYS,246,N,HID,243,O,1254,0.04179860671310956
ARG,330,NH1,HID,369,NE2,1249,0.041631945601813276
ILE,407,N,GLY,404,O,1237,0.041231958934702176
LYS,356,NZ,THR,344,O,1219,0.040631978934035536
SER,113,N,GLU,116,OE1,1214,0.040465317822739245
SER,132,OG,GLU,128,OE2,1202,0.040065331155628145
THR,344,OG1,SER,68,OG,1190,0.03966534448851705
LYS,376,NZ,GLU,375,OE1,1185,0.03949868337722076
SER,430,OG,PRO,462,O,1174,0.039132028932368924
LYS,451,NZ,TYR,281,OH,1170,0.03899870004333189
GLN,112,NE2,GLH,120,OE2,1164,0.038798706709776344
ASN,250,ND2,GLU,247,O,1161,0.03869871004299857
LYS,376,NZ,GLU,375,OE2,1159,0.038632045598480054
ARG,298,NH2,GLU,301,OE1,1153,0.0384320522649245
GLN,345,NE2,GLU,65,O,1147,0.038232058931368954
GLY,108,N,LYS,111,O,1106,0.036865437818739376
LYS,158,NZ,ARG,159,O,1092,0.03639878670710976
ALA,436,N,ASP,439,OD1,1088,0.03626545781807273
ALA,436,N,ASP,439,OD2,1082,0.03606546448451718
MET,170,N,PHE,167,O,1079,0.03596546781773941
LYS,246,NZ,HID,243,NE2,1078,0.03593213559548015
LYS,131,N,GLU,128,O,1071,0.035698810039665345
LYS,234,NZ,THR,227,O,1053,0.0350988300389987
GLN,187,NE2,ASP,19,O,1051,0.035032165594480184
PHE,67,N,ALA,64,O,1044,0.03479884003866538
GLU,299,N,VAL,296,O,1037,0.03456551448285057
SER,433,OG,VAL,435,O,1036,0.034532182260591314
GLY,412,N,GLU,411,OE1,1019,0.03396553448218393
ARG,21,NH2,PRO,444,O,1016,0.03386553781540615
GLY,412,N,GLU,411,OE2,1004,0.03346555114829506
SER,113,OG,GLU,116,OE2,1003,0.033432218926035796
ARG,350,NH1,ASP,36,OD1,998,0.033265557814739506
HIE,346,N,GLN,345,OE1,996,0.03319889337022099
THR,103,N,SER,100,O,986,0.03286557114762841
SER,220,OG,TYR,216,O,985,0.032832238925369156
ARG,70,NH2,HM1,464,O1A,976,0.03253224892503583
GLN,187,N,VAL,184,O,972,0.0323989200359988
GLN,205,NE2,GLN,176,OE1,971,0.03236558781373954
THR,395,OG1,HIP,384,O,966,0.03219892670244325
ASN,263,ND2,SER,100,OG,960,0.031998933368887705
LEU,228,N,HIP,224,O,935,0.031165627812406255
GLN,445,NE2,THR,455,OG1,919,0.030632312256258124
ARG,20,NH2,GLU,446,OE2,915,0.030498983367221094
LYS,111,NZ,PRO,233,O,907,0.030232325589147027
HIE,203,NE2,PHE,199,O,906,0.03019899336688777
THR,274,OG1,HM1,464,NB,905,0.030165661144628514
GLU,115,N,SER,113,OG,903,0.030098996700109997
GLU,446,N,ILE,452,O,901,0.03003233225559148
ARG,29,NH2,GLU,32,OE1,900,0.029999000033332224
ALA,64,N,ASP,62,O,899,0.029965667811072964
GLN,176,NE2,ASN,172,O,898,0.029932335588813707
GLU,438,N,GLU,438,OE2,898,0.029932335588813707
ARG,21,NE,GLU,446,OE1,895,0.029832338922035934
PHE,185,N,SER,183,OG,893,0.029765674477517417
ARG,117,NE,SER,153,OG,887,0.029565681143961867
ASP,77,N,ALA,74,O,886,0.02953234892170261
GLU,375,N,GLU,375,OE1,885,0.029499016699443353
ARG,117,NE,GLN,112,OE1,881,0.02936568781040632
LYS,111,NZ,SER,153,O,880,0.029332355588147063
GLN,329,NE2,ALA,414,O,880,0.029332355588147063
ARG,29,NH2,GLU,32,OE2,872,0.029065697810072996
ASN,261,ND2,HIE,257,O,871,0.02903236558781374
ARG,70,NE,HID,341,NE2,870,0.028999033365554483
GLY,271,N,PHE,268,O,867,0.028899036698776706
PHE,460,N,GLY,134,O,849,0.028299056698110062
ARG,20,NH1,GLU,446,OE1,848,0.028265724475850806
ARG,45,N,GLY,43,O,839,0.027965734475517482
LYS,111,NZ,MET,109,O,836,0.02786573780873971
SER,132,OG,LEU,129,O,829,0.027632412252924902
GLU,438,N,GLU,438,OE1,816,0.027199093363554548
GLN,176,NE2,ASN,209,OD1,811,0.027032432252258258
ARG,463,NH2,LEU,426,O,808,0.026932435585480485
GLN,302,N,GLU,299,O,801,0.026699110029665678
LYS,405,NZ,SER,68,OG,799,0.02663244558514716
LEU,312,N,GLU,115,OE1,787,0.026232458918036064
GLN,165,N,GLN,165,OE1,786,0.026199126695776807
ARG,21,NH1,GLU,446,OE2,783,0.026099130028999034
ARG,81,NE,ASP,77,O,780,0.02599913336222126
LEU,312,N,GLU,311,OE2,776,0.025865804473184227
GLN,123,N,GLH,120,O,775,0.02583247225092497
SER,183,OG,SER,179,O,764,0.02546581780607313
GLU,375,N,GLU,375,OE2,752,0.025065831138962033
ARG,81,NE,PHE,79,O,751,0.025032498916702776
ASN,250,ND2,HIE,252,O,738,0.024599180027332423
ARG,29,NE,GLU,32,OE2,737,0.024565847805073163
LYS,131,NZ,GLU,127,OE2,734,0.02446585113829539
LYS,208,NZ,GLU,212,OE2,725,0.02416586113796207
GLN,163,N,HIE,161,O,717,0.023899203359888002
GLN,187,NE2,CYS,447,O,713,0.023765874470850972
ARG,159,NH2,GLU,121,OE1,709,0.02363254558181394
ARG,29,NE,GLU,32,OE1,705,0.02349921669277691
LEU,12,N,LEU,9,O,701,0.023365887803739875
ARG,81,NH1,ASP,77,OD1,700,0.02333255558148062
LYS,111,NZ,ASP,106,O,696,0.023199226692443585
ARG,298,NH1,GLU,294,OE2,688,0.02293256891436952
GLU,247,N,MET,244,O,686,0.022865904469851005
GLN,258,NE2,GLN,258,O,684,0.022799240025332488
ARG,406,NH1,VAL,85,O,680,0.022665911136295458
ALA,391,N,ASP,387,OD2,670,0.022332588913702878
SER,430,OG,GLU,294,OE1,668,0.02226592446918436
LEU,260,N,HIE,257,O,665,0.022165927802406588
ALA,388,N,ASP,387,OD2,660,0.021999266691110297
GLN,163,NE2,TYR,162,O,657,0.02189927002433252
ARG,1,NH1,LEU,2,O,656,0.021865937802073264
LYS,405,NZ,ALA,64,O,655,0.021832605579814007
LYS,376,N,GLU,375,OE2,643,0.02143261891270291
SER,183,N,SER,179,O,642,0.02139928669044365
ASN,428,ND2,GLN,427,OE1,639,0.021299290023665877
LEU,142,N,ASP,138,O,629,0.020965967801073297
SER,253,N,HIE,252,ND1,625,0.020832638912036266
ARG,29,NH1,GLN,17,O,624,0.020799306689777006
GLY,134,N,LEU,129,O,621,0.020699310022999233
ARG,105,NH1,GLU,115,OE2,619,0.020632645578480716
ARG,105,NH2,GLU,115,OE1,617,0.020565981133962203
SER,113,OG,GLU,116,OE1,613,0.02043265224492517
LYS,208,NZ,GLN,205,OE1,611,0.020365987800406653
LEU,312,N,GLU,311,OE1,606,0.020199326689110363
GLN,112,NE2,GLU,116,OE1,604,0.020132662244591846
CYS,447,N,GLU,446,OE1,604,0.020132662244591846
LYS,208,NZ,GLU,212,OE1,603,0.02009933002233259
ARG,415,NE,GLU,411,OE1,603,0.02009933002233259
SER,26,OG,LEU,23,O,597,0.019899336688777042
LYS,394,NZ,GLU,396,OE2,594,0.019799340021999266
LEU,334,N,SER,332,O,590,0.019666011132962236
ARG,225,NH1,HIE,257,ND1,588,0.01959934668844372
LYS,376,N,GLU,375,OE1,583,0.01943268557714743
LEU,312,N,GLU,115,OE2,578,0.01926602446585114
ASN,209,ND2,LEU,173,O,576,0.019199360021332622
ARG,57,NE,GLU,54,OE2,574,0.019132695576814105
THR,147,OG1,THR,272,O,574,0.019132695576814105
GLN,445,N,PRO,453,O,572,0.019066031132295592
ALA,388,N,ASP,387,OD1,571,0.01903269891003633
PHE,268,N,LEU,265,O,570,0.018999366687777075
SER,256,OG,GLN,258,OE1,569,0.018966034465517815
ARG,57,NE,GLU,54,OE1,563,0.018766041131962268
ARG,21,NH1,GLN,445,O,554,0.018466051131628945
GLU,116,N,GLU,115,OE1,547,0.01823272557581414
ALA,74,N,GLU,190,OE1,541,0.01803273224225859
LYS,394,NZ,GLU,396,OE1,537,0.01789940335322156
GLY,134,N,SER,132,OG,535,0.017832738908703044
ARG,225,N,GLU,222,O,533,0.017766074464184527
SER,68,N,ALA,64,O,530,0.017666077797406754
GLN,445,NE2,TYR,175,OH,530,0.017666077797406754
GLU,166,N,GLU,166,OE2,522,0.01739942001933269
ARG,1,NE,LEU,2,O,521,0.01736608779707343
LEU,142,N,PRO,139,O,520,0.017332755574814174
LYS,451,NZ,ASP,333,O,517,0.0172327589080364
GLU,116,N,GLU,115,OE2,515,0.017166094463517884
ARG,204,NH2,TYR,198,O,515,0.017166094463517884
ARG,415,N,ILE,413,O,514,0.017132762241258623
ASN,261,ND2,ASN,214,ND2,510,0.016999433352221593
GLU,190,N,GLN,187,O,507,0.01689943668544382
SER,193,OG,PHE,189,O,497,0.01656611446285124
ARG,298,NE,GLU,301,OE1,497,0.01656611446285124
PHE,80,N,ASP,77,O,496,0.01653278224059198
SER,26,OG,ASP,19,OD1,491,0.01636612112929569
ARG,415,NH1,ARG,415,O,491,0.01636612112929569
SER,430,OG,GLU,294,OE2,491,0.01636612112929569
LYS,63,NZ,THR,347,OG1,490,0.016332788907036433
LEU,196,N,SER,193,O,489,0.016299456684777173
VAL,303,N,ILE,300,O,487,0.01623279224025866
LYS,246,NZ,GLU,247,OE1,486,0.0161994600179994
ARG,29,NH1,GLU,32,OE2,478,0.015932802239925336
SER,193,N,PHE,189,O,478,0.015932802239925336
GLN,187,NE2,VAL,184,O,473,0.015766141128629046
ARG,21,NH1,PRO,444,O,471,0.01569947668411053
ARG,204,NE,PHE,199,O,471,0.01569947668411053
GLN,345,NE2,HIE,346,O,471,0.01569947668411053
GLN,187,NE2,GLY,22,O,470,0.015666144461851272
LYS,393,NZ,ASP,387,OD2,469,0.015632812239592012
SER,266,N,ASN,263,O,462,0.015399486683777207
TYR,198,OH,GLY,194,O,458,0.015266157794740175
LYS,317,NZ,ASP,314,OD1,458,0.015266157794740175
GLU,396,N,GLU,396,OE2,458,0.015266157794740175
THR,347,OG1,SER,348,O,457,0.015232825572480917
GLU,245,N,LEU,242,O,455,0.015166161127962402
TYR,162,N,HIE,161,ND1,449,0.014966167794406854
THR,344,OG1,ILE,342,O,449,0.014966167794406854
LYS,133,NZ,ARG,130,O,448,0.014932835572147595
THR,272,OG1,GLY,271,O,446,0.014866171127629078
MET,109,N,PRO,233,O,444,0.014799506683110563
SER,220,OG,ILE,217,O,442,0.014732842238592047
LEU,173,N,MET,170,O,439,0.014632845571814273
GLY,157,N,CYS,152,O,438,0.014599513349555015
SER,68,OG,THR,344,OG1,436,0.014532848905036498
GLN,165,NE2,GLU,166,OE1,435,0.014499516682777241
TYR,240,OH,ASN,263,ND2,430,0.014332855571480951
GLN,258,N,GLN,258,OE1,430,0.014332855571480951
GLN,112,NE2,GLU,116,OE2,427,0.014232858904703176
ARG,298,NH1,GLU,294,OE1,426,0.014199526682443918
ARG,204,N,HIE,203,ND1,425,0.014166194460184661
LEU,287,N,LEU,284,O,421,0.014032865571147628
LYS,393,NZ,LEU,386,O,417,0.013899536682110596
TYR,83,OH,GLN,258,OE1,412,0.013732875570814306
MET,337,N,GLY,448,O,411,0.013699543348555047
LYS,376,NZ,ASP,378,OD1,409,0.013632878904036532
GLU,166,N,GLU,166,OE1,408,0.013599546681777274
VAL,53,N,ASP,370,OD1,406,0.013532882237258757
TYR,456,N,PRO,454,O,403,0.013432885570480984
GLU,396,N,GLU,396,OE1,401,0.013366221125962467
GLY,110,N,GLY,108,O,399,0.013299556681443952
ARG,350,NH2,GLU,54,OE1,398,0.013266224459184694
LYS,376,NZ,ASP,378,OD2,398,0.013266224459184694
ARG,298,NE,GLU,301,OE2,396,0.013199560014666177
ARG,225,NH1,GLU,226,OE2,395,0.01316622779240692
ASN,214,ND2,ASN,214,O,392,0.013066231125629145
HIE,313,N,GLU,311,OE1,392,0.013066231125629145
LYS,158,N,PHE,156,O,391,0.013032898903369887
TYR,175,OH,GLN,445,OE1,390,0.01299956668111063
PHE,107,N,ARG,105,O,389,0.012966234458851372
SER,253,OG,PHE,255,O,387,0.012899570014332855
SER,26,OG,ASP,19,OD2,383,0.012766241125295823
ASN,214,ND2,GLN,211,O,383,0.012766241125295823
ASN,214,ND2,ASN,261,OD1,383,0.012766241125295823
ARG,463,NH2,PHE,429,O,381,0.012699576680777307
ARG,130,NH2,ASN,428,OD1,380,0.01266624445851805
GLY,69,N,THR,344,OG1,378,0.012599580013999533
SER,249,OG,ASN,250,OD1,376,0.012532915569481017
GLY,35,N,PHE,30,O,374,0.012466251124962502
LYS,63,NZ,GLU,58,O,372,0.012399586680443985
ARG,225,NH1,GLU,226,OE1,371,0.012366254458184726
ARG,350,NH2,GLU,54,OE2,370,0.01233292223592547
ARG,1,NH2,GLY,351,O,366,0.012199593346888436
THR,147,N,GLN,144,O,363,0.012099596680110663
ARG,20,NH1,LEU,15,O,357,0.011899603346555114
ARG,21,NH1,GLU,446,OE1,357,0.011899603346555114
LYS,393,NZ,ASP,387,OD1,356,0.011866271124295856
ASN,261,N,GLN,258,O,355,0.0118329389020366
CYS,124,N,GLU,121,O,353,0.011766274457518083
LYS,111,NZ,SER,153,OG,352,0.011732942235258824
GLN,165,NE2,GLN,165,O,346,0.011532948901703276
GLN,165,NE2,GLU,166,OE2,346,0.011532948901703276
HIE,219,N,TYR,216,O,346,0.011532948901703276
ARG,81,NH1,ASP,77,OD2,345,0.011499616679444019
ARG,105,NH1,GLU,115,OE1,342,0.011399620012666244
ARG,105,NH2,GLU,115,OE2,339,0.01129962334588847
PHE,141,N,ASP,138,OD2,338,0.011266291123629212
PHE,331,N,ILE,328,O,337,0.011232958901369954
HIE,313,N,GLU,311,OE2,336,0.011199626679110695
ARG,117,NH1,ILE,150,O,330,0.010999633345555149
ASN,263,ND2,ASN,263,O,330,0.010999633345555149
GLY,351,N,SER,348,O,329,0.01096630112329589
HID,369,ND1,ASP,333,OD2,326,0.010866304456518115
GLN,187,NE2,SER,183,O,325,0.010832972234258859
HIE,161,NE2,GLN,163,OE1,322,0.010732975567481083
TYR,373,OH,GLU,54,OE2,321,0.010699643345221825
ARG,81,N,PRO,78,O,320,0.010666311122962568
GLN,119,NE2,GLU,115,O,317,0.010566314456184793
ASN,172,ND2,GLN,176,NE2,316,0.010532982233925535
SER,253,N,ASN,250,O,315,0.010499650011666278
ILE,118,N,GLU,115,O,310,0.010332988900369988
TYR,373,OH,GLU,54,OE1,310,0.010332988900369988
HIE,161,NE2,GLU,128,OE2,309,0.01029965667811073
GLU,212,N,ASN,209,O,309,0.01029965667811073
PHE,141,N,ASP,138,OD1,308,0.010266324455851471
ARG,159,NH1,GLU,121,OE2,307,0.010232992233592213
GLN,119,NE2,GLU,115,OE1,306,0.010199660011332956
LYS,111,N,MET,109,O,304,0.01013299556681444
GLN,345,N,ALA,66,O,303,0.010099663344555181
VAL,53,N,ASP,370,OD2,299,0.00996633445551815
ARG,105,NH1,MET,104,O,298,0.009933002233258891
ASN,259,N,SER,256,O,298,0.009933002233258891
ALA,135,N,SER,132,OG,296,0.009866337788740376
ASN,209,ND2,GLN,176,O,296,0.009866337788740376
PHE,174,N,LEU,171,O,294,0.00979967334422186
LYS,197,NZ,GLY,194,O,293,0.009766341121962601
GLN,258,N,HIE,257,ND1,291,0.009699676677444086
GLN,302,NE2,GLU,301,OE1,288,0.009599680010666311
ARG,29,NE,ASP,19,OD2,287,0.009566347788407053
LYS,208,NZ,GLN,211,OE1,286,0.009533015566147796
LEU,188,N,PHE,185,O,285,0.009499683343888538
SER,430,OG,LEU,461,O,285,0.009499683343888538
THR,272,N,PHE,269,O,284,0.00946635112162928
LYS,169,NZ,ASN,172,OD1,282,0.009399686677110762
CYS,447,N,ARG,21,NH1,277,0.009233025565814472
ARG,7,NH1,PRO,8,O,275,0.009166361121295957
ALA,414,N,GLU,411,O,274,0.009133028899036699
ILE,425,N,PHE,422,O,273,0.00909969667677744
GLY,69,N,ILE,342,O,271,0.009033032232258926
GLN,123,NE2,GLH,120,OE1,270,0.008999700009999667
ILE,146,N,PHE,143,O,267,0.008899703343221892
ASN,263,ND2,ASN,259,ND2,265,0.008833038898703377
LEU,15,N,GLY,13,O,263,0.00876637445418486
ARG,308,NH2,VAL,303,O,262,0.008733042231925602
THR,264,OG1,ASN,261,O,261,0.008699710009666345
SER,220,N,ILE,217,O,260,0.008666377787407087
SER,68,N,THR,344,OG1,258,0.00859971334288857
ARG,330,NE,GLU,327,OE1,258,0.00859971334288857
LYS,111,NZ,GLY,157,O,255,0.008499716676110797
ASN,172,ND2,GLN,176,OE1,254,0.008466384453851538
ALA,391,N,ASP,387,OD1,253,0.00843305223159228
GLN,112,N,GLN,112,NE2,252,0.008399720009333022
GLN,258,NE2,ASN,214,ND2,252,0.008399720009333022
PHE,422,N,PHE,419,O,252,0.008399720009333022
GLN,302,NE2,GLU,301,OE2,251,0.008366387787073765
VAL,435,N,SER,433,O,250,0.008333055564814507
ARG,29,NH1,GLU,32,OE1,249,0.008299723342555248
GLY,22,N,GLN,187,OE1,247,0.008233058898036731
LYS,25,NZ,ARG,21,O,247,0.008233058898036731
ARG,130,NH2,GLN,123,OE1,245,0.008166394453518216
HID,341,ND1,GLY,69,O,245,0.008166394453518216
ARG,20,NH2,LEU,15,O,244,0.008133062231258958
ASP,235,N,ASP,238,OD2,244,0.008133062231258958
LYS,158,NZ,PHE,156,O,241,0.008033065564481185
SER,276,OG,GLU,273,OE1,239,0.007966401119962668
ILE,407,N,LEU,403,O,237,0.007899736675444151
TYR,83,OH,GLU,254,OE2,236,0.007866404453184895
GLY,412,N,LEU,409,O,235,0.007833072230925636
GLU,65,N,GLU,65,OE1,234,0.007799740008666378
THR,102,OG1,ASP,106,OD1,234,0.007799740008666378
GLY,390,N,ASP,387,OD2,234,0.007799740008666378
ARG,117,NH1,MET,104,O,233,0.0077664077864071195
ARG,459,NH2,GLY,134,O,233,0.0077664077864071195
GLN,123,NE2,GLN,123,O,232,0.007733075564147862
THR,395,OG1,LYS,394,O,232,0.007733075564147862
ARG,308,NE,ILE,304,O,231,0.007699743341888604
HIE,161,NE2,GLU,128,OE1,230,0.007666411119629346
LYS,234,NZ,ASP,235,OD1,229,0.007633078897370088
ARG,81,NH2,PHE,79,O,227,0.007566414452851572
ARG,81,NH2,GLN,258,OE1,225,0.007499750008333056
CYS,447,N,ARG,21,NH2,224,0.0074664177860737976
LYS,246,NZ,LEU,242,O,223,0.007433085563814539
LYS,133,N,LYS,131,O,222,0.007399753341555282
ARG,295,NH1,HIE,291,O,220,0.007333088897036766
ARG,57,NE,GLU,396,OE1,219,0.0072997566747775074
TYR,83,OH,GLU,254,OE1,219,0.0072997566747775074
ARG,295,NH2,GLU,299,OE2,219,0.0072997566747775074
ALA,55,N,GLY,52,O,217,0.0072330922302589916
ARG,159,NH2,PHE,160,O,216,0.007199760007999733
LYS,246,NZ,GLU,247,OE2,216,0.007199760007999733
LYS,111,NZ,PHE,107,O,215,0.007166427785740476
ARG,350,N,GLU,58,OE2,214,0.007133095563481217
HID,243,N,TYR,240,O,212,0.007066431118962701
ARG,280,NH1,THR,277,OG1,212,0.007066431118962701
LYS,33,NZ,GLU,32,OE2,210,0.0069997666744441855
ARG,105,NH2,MET,104,O,210,0.0069997666744441855
ARG,117,NH1,GLN,112,O,210,0.0069997666744441855
ARG,1,NH1,GLY,351,O,208,0.006933102229925669
GLU,121,N,ILE,118,O,208,0.006933102229925669
ARG,105,NH1,VAL,101,O,207,0.006899770007666411
ARG,308,N,GLY,305,O,207,0.006899770007666411
SER,26,N,LEU,23,O,204,0.006799773340888637
GLU,65,N,GLU,65,OE2,204,0.006799773340888637
LEU,180,N,THR,177,O,204,0.006799773340888637
THR,102,OG1,ASP,106,OD2,200,0.006666444451851605
LYS,33,NZ,GLU,32,OE1,199,0.006633112229592347
ARG,97,NH2,ARG,406,O,198,0.0065997800073330885
ARG,159,NH1,HIE,161,ND1,198,0.0065997800073330885
LYS,111,NZ,ARG,105,O,195,0.006499783340555315
GLN,345,NE2,THR,347,OG1,195,0.006499783340555315
ARG,81,NH1,TYR,207,OH,194,0.006466451118296057
LYS,33,NZ,TYR,34,OH,186,0.006199793340221992
GLY,108,N,ASP,106,O,186,0.006199793340221992
ARG,97,NH1,ARG,406,O,181,0.006033132228925702
LYS,317,NZ,HIE,313,ND1,179,0.005966467784407186
ARG,350,NH2,ASP,36,OD1,179,0.005966467784407186
ARG,81,NH2,TYR,207,OH,178,0.005933135562147928
SER,179,OG,GLN,176,O,178,0.005933135562147928
LYS,223,NZ,HIE,219,ND1,178,0.005933135562147928
GLY,201,N,PHE,199,O,176,0.005866471117629412
ILE,399,N,ALA,397,O,176,0.005866471117629412
ARG,298,NH2,GLN,302,OE1,175,0.005833138895370155
LYS,25,NZ,ASP,19,OD1,174,0.005799806673110896
ARG,350,NH2,ASP,36,OD2,173,0.005766474450851638
ARG,117,NE,SER,113,O,172,0.00573314222859238
THR,272,OG1,THR,147,OG1,171,0.005699810006333122
LEU,96,N,ARG,92,O,168,0.005599813339555348
GLU,128,N,LEU,125,O,168,0.005599813339555348
LEU,236,N,VAL,155,O,168,0.005599813339555348
HIE,291,N,HIE,291,ND1,168,0.005599813339555348
MET,318,N,ASP,314,O,168,0.005599813339555348
LEU,23,N,GLY,448,O,167,0.00556648111729609
THR,358,N,VAL,343,O,167,0.00556648111729609
ARG,1,NE,GLY,351,O,166,0.005533148895036832
THR,455,OG1,ASP,138,OD2,166,0.005533148895036832
ASN,149,N,ILE,146,O,165,0.005499816672777574
LYS,393,NZ,LYS,394,O,165,0.005499816672777574
HIE,252,N,ASN,250,ND2,164,0.005466484450518316
LYS,356,NZ,GLN,345,OE1,164,0.005466484450518316
THR,177,N,PHE,174,O,163,0.005433152228259058
ARG,21,NH2,GLN,445,O,159,0.005299823339222026
VAL,61,N,GLU,58,O,158,0.0052664911169627675
ARG,350,NH1,GLU,54,OE1,157,0.00523315889470351
ARG,57,NE,GLU,396,OE2,156,0.005199826672444252
SER,113,N,GLN,112,OE1,156,0.005199826672444252
GLY,404,N,ARG,406,O,156,0.005199826672444252
GLU,32,N,ARG,29,O,155,0.005166494450184994
ASN,263,ND2,ASN,259,OD1,152,0.00506649778340722
ARG,29,N,SER,26,O,149,0.004966501116629446
GLN,258,NE2,HIE,257,ND1,149,0.004966501116629446
ARG,29,NE,ASP,19,OD1,148,0.004933168894370188
ASN,172,ND2,ASN,172,O,148,0.004933168894370188
PHE,107,N,ASP,106,OD2,146,0.004866504449851671
GLN,119,NE2,GLU,115,OE2,145,0.004833172227592414
ARG,298,NH1,GLN,302,OE1,145,0.004833172227592414
GLN,345,NE2,GLU,65,OE2,144,0.0047998400053331555
THR,102,N,PHE,99,O,143,0.004766507783073898
ARG,117,NH2,SER,153,O,142,0.00473317556081464
LYS,131,NZ,SER,132,OG,142,0.00473317556081464
LYS,248,NZ,GLU,245,O,141,0.004699843338555381
SER,266,OG,ASN,263,O,141,0.004699843338555381
GLY,390,N,ASP,387,OD1,141,0.004699843338555381
LYS,111,NZ,THR,103,O,139,0.004633178894036865
ASN,261,ND2,GLY,218,N,139,0.004633178894036865
GLN,345,NE2,THR,344,O,139,0.004633178894036865
ARG,308,N,HIE,307,ND1,138,0.004599846671777608
ARG,31,NH2,HID,369,O,135,0.0044998500049998336
ARG,98,NH1,HID,243,NE2,135,0.0044998500049998336
GLN,176,NE2,GLN,176,O,135,0.0044998500049998336
ARG,463,NE,PHE,429,O,133,0.004433185560481318
LYS,25,NZ,HID,369,NE2,132,0.004399853338222059
LYS,288,NZ,GLU,438,OE1,131,0.004366521115962801
ARG,81,NH1,GLN,258,OE1,130,0.004333188893703543
THR,272,N,ALA,270,O,130,0.004333188893703543
ASN,263,ND2,GLY,84,O,128,0.0042665244491850276
GLN,445,NE2,GLU,446,OE2,128,0.0042665244491850276
ASP,62,N,GLU,58,O,127,0.004233192226925769
SER,183,OG,GLU,446,OE1,127,0.004233192226925769
ALA,379,N,PRO,377,O,127,0.004233192226925769
ARG,415,NE,GLU,411,O,127,0.004233192226925769
LEU,60,N,ARG,57,O,126,0.004199860004666511
GLN,112,NE2,GLY,110,O,126,0.004199860004666511
LEU,312,N,GLN,119,OE1,126,0.004199860004666511
LYS,393,NZ,THR,395,OG1,126,0.004199860004666511
ARG,92,NE,GLY,82,O,125,0.004166527782407253
GLY,134,N,SER,132,O,125,0.004166527782407253
LYS,33,NZ,ARG,29,O,124,0.004133195560147995
SER,68,N,ALA,66,O,124,0.004133195560147995
GLH,120,N,ARG,117,O,124,0.004133195560147995
TYR,216,N,ILE,213,O,124,0.004133195560147995
ARG,415,NE,GLU,322,OE2,123,0.004099863337888737
HIE,203,N,HIE,203,ND1,122,0.004066531115629479
ARG,295,NH1,TYR,320,OH,121,0.004033198893370221
LYS,63,N,ALA,59,O,120,0.003999866671110963
MET,104,N,VAL,101,O,120,0.003999866671110963
GLN,123,NE2,GLU,127,OE1,120,0.003999866671110963
GLY,448,N,SER,182,O,120,0.003999866671110963
HIE,257,NE2,GLU,222,OE1,119,0.003966534448851705
ARG,21,NH1,CYS,447,O,118,0.003933202226592447
ARG,81,N,PHE,79,O,118,0.003933202226592447
GLN,119,N,GLU,116,O,118,0.003933202226592447
GLN,144,NE2,THR,272,OG1,118,0.003933202226592447
GLN,17,N,GLN,17,OE1,117,0.003899870004333189
GLN,123,NE2,GLU,127,OE2,117,0.003899870004333189
ASN,14,ND2,GLY,13,O,116,0.003866537782073931
GLY,157,N,ILE,154,O,116,0.003866537782073931
ARG,204,NH1,LYS,197,O,116,0.003866537782073931
SER,256,OG,GLU,254,O,116,0.003866537782073931
GLN,445,NE2,GLU,446,OE1,116,0.003866537782073931
ARG,7,NH2,GLY,5,O,115,0.003833205559814673
ARG,117,N,VAL,114,O,115,0.003833205559814673
HIP,224,N,VAL,221,O,115,0.003833205559814673
ALA,293,N,PRO,290,O,115,0.003833205559814673
THR,395,N,LYS,393,O,115,0.003833205559814673
SER,182,OG,SER,179,O,114,0.0037998733375554147
ARG,204,NE,LYS,197,O,114,0.0037998733375554147
LEU,262,N,ASN,259,O,113,0.0037665411152961567
GLN,329,NE2,ILE,325,O,113,0.0037665411152961567
ARG,350,NH1,GLU,54,OE2,113,0.0037665411152961567
LYS,394,NZ,TYR,326,OH,113,0.0037665411152961567
SER,276,OG,PHE,143,O,112,0.0037332088930368988
GLN,302,NE2,GLN,302,O,112,0.0037332088930368988
LEU,335,N,ASP,333,OD1,112,0.0037332088930368988
ARG,415,N,GLY,412,O,112,0.0037332088930368988
ARG,117,NH2,GLN,112,OE1,111,0.003699876670777641
GLN,123,NE2,GLH,120,O,111,0.003699876670777641
SER,153,N,ILE,150,O,111,0.003699876670777641
ASP,333,N,PHE,331,O,111,0.003699876670777641
GLN,112,NE2,GLU,116,O,110,0.003666544448518383
LYS,131,NZ,GLN,163,OE1,110,0.003666544448518383
SER,145,OG,LEU,142,O,110,0.003666544448518383
GLN,258,NE2,TYR,83,OH,108,0.0035998800039998666
TYR,207,OH,PRO,78,O,107,0.0035665477817406087
ARG,159,NE,GLU,121,OE2,106,0.0035332155594813507
ARG,225,NH1,GLU,245,OE2,106,0.0035332155594813507
ILE,237,N,ASP,235,OD2,106,0.0035332155594813507
GLN,163,NE2,ASP,164,OD2,105,0.0034998833372220928
LYS,223,NZ,HIE,219,O,105,0.0034998833372220928
ARG,81,NH2,PRO,78,O,104,0.0034665511149628344
THR,272,OG1,GLU,273,OE2,104,0.0034665511149628344
GLN,345,NE2,GLU,65,OE1,104,0.0034665511149628344
GLN,187,NE2,ARG,21,O,103,0.0034332188927035765
ARG,415,NH2,TYR,326,N,103,0.0034332188927035765
ALA,232,N,ASP,229,OD1,102,0.0033998866704443185
LYS,288,NZ,GLU,438,OE2,101,0.0033665544481850606
ARG,31,NH2,GLU,32,OE2,100,0.0033332222259258026
THR,39,N,PRO,3,O,100,0.0033332222259258026
ARG,204,NH1,PHE,199,O,100,0.0033332222259258026
LYS,234,NZ,ASP,229,OD1,100,0.0033332222259258026
SER,249,OG,GLU,245,O,99,0.0032998900036665443
GLN,457,NE2,TYR,456,O,99,0.0032998900036665443
ARG,29,NH2,SER,26,OG,97,0.0032332255591480284
ASN,149,ND2,GLU,121,OE1,97,0.0032332255591480284
SER,183,OG,GLU,446,OE2,97,0.0032332255591480284
ALA,59,N,ILE,56,O,96,0.0031998933368887704
LYS,234,NZ,ASP,229,OD2,96,0.0031998933368887704
ARG,20,NH1,GLN,187,OE1,95,0.0031665611146295125
ALA,232,N,ASP,229,OD2,95,0.0031665611146295125
ARG,92,NH1,GLU,254,OE2,94,0.003133228892370254
ALA,215,N,GLU,212,O,94,0.003133228892370254
ARG,295,NH1,HIE,291,ND1,94,0.003133228892370254
SER,365,OG,LEU,335,O,94,0.003133228892370254
GLN,445,NE2,GLN,445,O,93,0.003099896670110996
ASN,261,ND2,GLN,258,O,92,0.0030665644478517383
ARG,308,NH2,GLU,311,OE1,92,0.0030665644478517383
LEU,403,N,SER,402,OG,92,0.0030665644478517383
ARG,20,NE,ARG,20,O,91,0.0030332322255924803
PHE,192,N,PHE,189,O,91,0.0030332322255924803
ARG,406,NE,SER,68,O,91,0.0030332322255924803
ARG,225,NH2,GLU,245,OE1,90,0.0029999000033332224
LEU,284,N,TYR,281,O,90,0.0029999000033332224
LEU,96,N,TRP,93,O,87,0.002899903336555448
ARG,159,NH2,HIE,161,ND1,87,0.002899903336555448
GLH,120,OE2,GLU,121,OE1,86,0.00286657111429619
ASN,259,N,GLN,258,OE1,86,0.00286657111429619
ASP,106,N,MET,104,O,85,0.0028332388920369322
PHE,107,N,ASP,106,OD1,85,0.0028332388920369322
LYS,197,N,GLY,194,O,85,0.0028332388920369322
ARG,117,NH2,SER,153,OG,84,0.002799906669777674
LYS,234,NZ,THR,227,OG1,84,0.002799906669777674
ARG,308,NE,ASP,314,OD1,84,0.002799906669777674
ARG,308,NH1,ILE,304,O,84,0.002799906669777674
GLN,302,NE2,GLU,299,OE1,83,0.002766574447518416
HIE,307,N,HIE,307,ND1,83,0.002766574447518416
MET,75,N,GLU,190,OE2,81,0.0026999100029999
HIE,257,NE2,GLU,222,OE2,81,0.0026999100029999
LYS,288,NZ,GLU,438,O,81,0.0026999100029999
LYS,393,NZ,HIP,384,O,81,0.0026999100029999
ARG,20,NH1,MET,18,O,80,0.002666577780740642
GLU,65,N,LYS,63,O,80,0.002666577780740642
GLN,144,NE2,THR,272,O,80,0.002666577780740642
GLN,163,NE2,HIE,161,ND1,80,0.002666577780740642
ARG,415,NH1,GLU,411,OE2,80,0.002666577780740642
ARG,21,NH2,CYS,447,O,79,0.0026332455584813837
GLY,22,N,ARG,20,O,79,0.0026332455584813837
ARG,117,NH2,PHE,107,O,79,0.0026332455584813837
ARG,130,NH1,GLN,123,OE1,79,0.0026332455584813837
ARG,298,NH1,GLU,294,O,79,0.0026332455584813837
ILE,237,N,ASP,235,OD1,77,0.002566581113962868
GLY,69,N,PHE,67,O,75,0.002499916669444352
LYS,94,NZ,ASN,91,OD1,75,0.002499916669444352
ARG,308,N,GLN,427,NE2,75,0.002499916669444352
LYS,317,N,HIE,313,O,75,0.002499916669444352
TYR,373,N,ASP,370,OD1,75,0.002499916669444352
ARG,31,NE,GLU,32,OE2,74,0.002466584447185094
MET,109,N,LYS,234,O,73,0.0024332522249258357
LYS,208,NZ,ASN,209,OD1,73,0.0024332522249258357
ARG,81,NH1,PHE,79,O,72,0.0023999200026665777
PHE,107,N,THR,102,O,72,0.0023999200026665777
GLN,112,NE2,ASP,106,OD1,72,0.0023999200026665777
THR,147,OG1,GLN,144,O,72,0.0023999200026665777
ASN,214,ND2,GLN,258,NE2,72,0.0023999200026665777
GLY,71,N,HID,341,N,71,0.00236658778040732
THR,395,OG1,THR,395,O,71,0.00236658778040732
ARG,20,NE,GLN,187,OE1,70,0.002333255558148062
ARG,105,NH1,ARG,105,O,70,0.002333255558148062
ARG,159,NE,HIE,161,ND1,70,0.002333255558148062
ARG,298,NE,GLU,299,OE2,70,0.002333255558148062
ARG,225,NE,GLU,226,OE1,69,0.002299923335888804
HIE,313,NE2,GLU,311,OE1,69,0.002299923335888804
HIP,384,NE2,LYS,376,O,69,0.002299923335888804
ALA,367,N,ILE,363,O,68,0.0022665911136295455
ARG,29,NH1,GLN,17,OE1,67,0.0022332588913702876
GLN,211,NE2,GLN,211,O,67,0.0022332588913702876
HID,243,ND1,HID,243,O,67,0.0022332588913702876
SER,256,OG,TYR,83,OH,67,0.0022332588913702876
TYR,281,OH,ASP,333,OD2,67,0.0022332588913702876
ARG,315,NH1,GLU,322,OE1,67,0.0022332588913702876
ARG,105,NH2,GLU,411,OE2,66,0.0021999266691110297
ARG,298,NH1,ARG,298,O,66,0.0021999266691110297
PHE,374,N,PRO,371,O,66,0.0021999266691110297
ARG,20,NH2,MET,18,O,65,0.0021665944468517717
VAL,155,N,CYS,152,O,64,0.0021332622245925138
GLN,205,NE2,PRO,200,O,64,0.0021332622245925138
LYS,288,N,LEU,285,O,64,0.0021332622245925138
ARG,415,NH1,GLU,411,OE1,64,0.0021332622245925138
THR,455,N,GLN,445,NE2,64,0.0021332622245925138
LYS,133,NZ,LYS,131,O,63,0.0020999300023332554
TYR,207,OH,GLN,211,OE1,63,0.0020999300023332554
GLU,254,N,GLU,254,OE1,63,0.0020999300023332554
ASN,172,ND2,LYS,169,O,62,0.0020665977800739975
GLN,211,NE2,TYR,207,O,62,0.0020665977800739975
ASP,383,N,ASN,381,ND2,62,0.0020665977800739975
GLN,457,NE2,ASP,138,N,62,0.0020665977800739975
ARG,298,NE,GLN,302,OE1,60,0.0019999333355554816
THR,103,OG1,SER,100,O,59,0.0019666011132962236
ILE,151,N,ALA,148,O,59,0.0019666011132962236
GLU,359,N,GLU,359,OE1,59,0.0019666011132962236
SER,402,OG,ARG,406,O,59,0.0019666011132962236
ARG,415,NH1,TYR,326,OH,59,0.0019666011132962236
VAL,449,N,ILE,181,O,59,0.0019666011132962236
LYS,111,NZ,GLN,112,OE1,58,0.0019332688910369655
LYS,197,NZ,TYR,198,OH,58,0.0019332688910369655
ALA,270,N,LEU,267,O,58,0.0019332688910369655
ARG,350,N,GLU,58,OE1,58,0.0019332688910369655
GLU,396,N,LYS,394,O,58,0.0019332688910369655
HIE,203,NE2,LEU,196,O,57,0.0018999366687777073
GLN,205,NE2,GLN,205,O,57,0.0018999366687777073
ASP,235,N,ASP,238,OD1,57,0.0018999366687777073
ARG,280,NE,THR,140,OG1,57,0.0018999366687777073
ARG,31,NH1,HID,369,O,56,0.0018666044465184494
ARG,57,NH2,GLU,396,O,56,0.0018666044465184494
ARG,295,NE,HIE,291,O,56,0.0018666044465184494
ASN,389,N,ASP,387,O,56,0.0018666044465184494
ILE,73,N,ASP,77,OD1,55,0.0018332722242591915
GLN,205,NE2,GLY,201,O,55,0.0018332722242591915
PHE,349,N,THR,347,O,55,0.0018332722242591915
ARG,31,NH1,CYS,51,O,54,0.0017999400019999333
TYR,34,N,ARG,31,O,54,0.0017999400019999333
ARG,105,NE,ARG,105,N,54,0.0017999400019999333
ASN,381,ND2,ALA,379,O,54,0.0017999400019999333
ARG,81,NH1,ASP,77,O,53,0.0017666077797406754
ARG,295,NE,TYR,320,OH,53,0.0017666077797406754
LYS,405,NZ,VAL,61,O,53,0.0017666077797406754
THR,455,OG1,ASP,138,OD1,53,0.0017666077797406754
ARG,31,NE,GLU,32,OE1,52,0.0017332755574814172
VAL,85,N,ASN,263,OD1,52,0.0017332755574814172
ARG,98,NH2,THR,102,OG1,52,0.0017332755574814172
ARG,159,NH1,GLH,120,OE2,52,0.0017332755574814172
ARG,70,NH1,HM1,464,O2A,51,0.0016999433352221593
ARG,295,NE,HIE,291,ND1,51,0.0016999433352221593
SER,365,N,PRO,336,O,51,0.0016999433352221593
THR,39,OG1,PRO,4,O,50,0.0016666111129629013
GLN,165,NE2,GLN,163,OE1,50,0.0016666111129629013
ARG,225,NE,GLU,226,OE2,50,0.0016666111129629013
HIE,257,NE2,GLY,218,O,50,0.0016666111129629013
ARG,415,NE,GLU,322,OE1,50,0.0016666111129629013
ARG,31,NH1,THR,366,O,49,0.0016332788907036432
LYS,169,NZ,GLN,165,OE1,48,0.0015999466684443852
THR,274,N,PHE,269,O,48,0.0015999466684443852
GLU,294,N,HIE,291,O,48,0.0015999466684443852
LYS,405,NZ,SER,68,O,48,0.0015999466684443852
GLN,119,NE2,GLN,123,OE1,47,0.001566614446185127
LYS,356,N,HIE,346,NE2,47,0.001566614446185127
HID,369,ND1,SER,365,OG,47,0.001566614446185127
SER,153,OG,GLN,112,OE1,46,0.0015332822239258691
GLN,205,NE2,ASN,209,ND2,46,0.0015332822239258691
LYS,223,NZ,THR,227,OG1,46,0.0015332822239258691
ASN,261,ND2,HIE,257,NE2,46,0.0015332822239258691
ARG,315,NH1,ALA,416,N,46,0.0015332822239258691
LYS,405,N,LEU,403,O,46,0.0015332822239258691
LYS,169,NZ,GLN,165,O,45,0.0014999500016666112
TYR,373,N,ASP,370,OD2,45,0.0014999500016666112
SER,402,N,PRO,400,O,45,0.0014999500016666112
ARG,105,NH2,GLY,412,O,44,0.001466617779407353
THR,274,OG1,PHE,269,O,44,0.001466617779407353
TYR,281,OH,LYS,451,O,44,0.001466617779407353
LYS,169,N,GLU,166,O,43,0.001433285557148095
ALA,251,N,ASN,250,OD1,43,0.001433285557148095
ARG,225,NH2,HIE,257,ND1,42,0.001399953334888837
TYR,289,N,MET,286,O,42,0.001399953334888837
ARG,298,NH2,GLU,299,OE2,42,0.001399953334888837
HIE,313,NE2,GLU,311,OE2,42,0.001399953334888837
THR,347,OG1,GLN,345,OE1,42,0.001399953334888837
ARG,415,NE,GLN,329,OE1,42,0.001399953334888837
GLN,112,NE2,GLN,112,O,41,0.001366621112629579
ASN,209,ND2,GLN,205,NE2,41,0.001366621112629579
ASN,261,ND2,HIE,257,ND1,41,0.001366621112629579
SER,332,OG,GLN,329,O,41,0.001366621112629579
ARG,21,NE,GLN,445,O,40,0.001333288890370321
PHE,160,N,ASN,149,ND2,40,0.001333288890370321
LYS,234,N,ALA,232,O,40,0.001333288890370321
THR,275,OG1,ALA,270,O,40,0.001333288890370321
ARG,350,NH2,GLU,54,O,40,0.001333288890370321
THR,455,OG1,GLN,445,NE2,40,0.001333288890370321
ARG,105,NH2,GLU,411,OE1,39,0.001299956668111063
THR,147,OG1,THR,275,OG1,39,0.001299956668111063
LEU,228,N,GLU,226,O,39,0.001299956668111063
LYS,25,NZ,ASP,19,OD2,38,0.001266624445851805
TYR,352,N,ARG,350,O,38,0.001266624445851805
ARG,406,N,GLY,404,O,38,0.001266624445851805
ARG,31,NH2,GLU,32,OE1,37,0.001233292223592547
GLN,112,N,ARG,117,NH2,37,0.001233292223592547
ILE,126,N,GLN,123,O,37,0.001233292223592547
ASN,209,N,VAL,206,O,37,0.001233292223592547
GLN,258,NE2,SER,256,OG,37,0.001233292223592547
ARG,315,NH1,GLU,322,OE2,37,0.001233292223592547
LYS,72,N,GLU,359,OE1,36,0.0011999600013332889
ARG,130,NH1,ASN,428,OD1,36,0.0011999600013332889
PHE,199,N,LYS,197,O,36,0.0011999600013332889
ARG,308,NH2,GLU,311,OE2,36,0.0011999600013332889
GLU,359,N,GLU,359,OE2,36,0.0011999600013332889
ASN,381,ND2,GLU,375,OE1,36,0.0011999600013332889
THR,455,OG1,THR,455,O,36,0.0011999600013332889
ARG,57,NH1,GLU,396,O,35,0.001166627779074031
ARG,117,NH1,SER,113,O,35,0.001166627779074031
ARG,117,NH1,GLH,120,OE1,35,0.001166627779074031
LYS,131,NZ,GLN,163,NE2,35,0.001166627779074031
SER,132,OG,PHE,460,O,35,0.001166627779074031
HIE,161,NE2,GLN,163,NE2,35,0.001166627779074031
THR,227,OG1,GLU,226,OE1,35,0.001166627779074031
TYR,240,N,ILE,237,O,35,0.001166627779074031
VAL,292,N,HIE,291,ND1,35,0.001166627779074031
ARG,98,NH2,HID,243,NE2,34,0.0011332955568147728
ARG,117,NH2,ASP,106,O,34,0.0011332955568147728
SER,145,N,LEU,142,O,34,0.0011332955568147728
SER,182,N,SER,179,O,34,0.0011332955568147728
VAL,184,N,GLU,446,OE2,34,0.0011332955568147728
ILE,213,N,LEU,210,O,34,0.0011332955568147728
ASN,214,ND2,ASN,261,ND2,34,0.0011332955568147728
ASN,250,ND2,ASN,250,O,34,0.0011332955568147728
LYS,394,NZ,LEU,392,O,34,0.0011332955568147728
ARG,463,NH1,SER,430,OG,34,0.0011332955568147728
ARG,159,NE,PHE,160,O,33,0.0010999633345555148
ASN,214,ND2,GLN,211,NE2,33,0.0010999633345555148
LYS,234,NZ,GLY,157,O,33,0.0010999633345555148
GLN,258,NE2,HIE,257,NE2,33,0.0010999633345555148
LYS,317,NZ,HIE,313,NE2,33,0.0010999633345555148
ASN,381,ND2,GLU,375,OE2,33,0.0010999633345555148
LYS,394,NZ,THR,395,O,33,0.0010999633345555148
ARG,1,NH2,LEU,2,O,32,0.0010666311122962569
LYS,158,NZ,GLU,166,OE2,32,0.0010666311122962569
GLN,176,NE2,ASN,172,ND2,32,0.0010666311122962569
VAL,184,N,GLU,446,OE1,32,0.0010666311122962569
MET,244,N,LEU,241,O,32,0.0010666311122962569
ARG,298,NH2,GLU,299,OE1,32,0.0010666311122962569
LYS,393,NZ,TYR,373,O,32,0.0010666311122962569
ARG,117,NH2,MET,104,O,31,0.0010332988900369987
GLU,127,N,CYS,124,O,31,0.0010332988900369987
GLN,163,NE2,HIE,161,NE2,31,0.0010332988900369987
ARG,295,N,VAL,292,O,31,0.0010332988900369987
ARG,308,NH1,GLU,311,OE1,31,0.0010332988900369987
GLN,427,N,THR,424,O,31,0.0010332988900369987
TYR,83,N,ARG,81,O,30,0.0009999666677777408
LYS,248,NZ,MET,244,O,30,0.0009999666677777408
ASN,263,N,LEU,260,O,30,0.0009999666677777408
ARG,295,NH2,HIE,291,ND1,30,0.0009999666677777408
ARG,415,NH1,GLN,329,OE1,30,0.0009999666677777408
ASN,14,ND2,GLN,17,NE2,29,0.0009666344455184827
GLN,17,NE2,GLN,17,O,29,0.0009666344455184827
GLH,120,OE2,GLU,116,O,29,0.0009666344455184827
ASN,259,ND2,TYR,240,OH,29,0.0009666344455184827
GLN,457,NE2,ASP,138,OD1,29,0.0009666344455184827
GLN,457,NE2,ASP,138,OD2,29,0.0009666344455184827
ASN,14,ND2,ARG,7,O,28,0.0009333022232592247
ARG,20,NH2,GLN,187,OE1,28,0.0009333022232592247
LYS,72,NZ,PHE,87,O,28,0.0009333022232592247
ALA,88,N,GLY,84,O,28,0.0009333022232592247
LYS,223,N,SER,220,O,28,0.0009333022232592247
SER,249,N,GLU,245,O,28,0.0009333022232592247
ARG,308,NH1,GLU,311,OE2,28,0.0009333022232592247
GLY,390,N,ALA,388,O,28,0.0009333022232592247
ARG,81,NH2,GLN,211,OE1,27,0.0008999700009999666
LYS,111,NZ,MET,104,O,27,0.0008999700009999666
THR,239,OG1,LEU,236,O,27,0.0008999700009999666
ARG,315,NH2,TYR,326,OH,27,0.0008999700009999666
ARG,20,NH2,CYS,447,O,26,0.0008666377787407086
GLU,116,N,GLU,116,OE2,26,0.0008666377787407086
GLN,176,NE2,GLN,205,OE1,26,0.0008666377787407086
GLN,205,N,ALA,202,O,26,0.0008666377787407086
THR,272,OG1,GLU,273,OE1,26,0.0008666377787407086
LYS,288,NZ,TYR,289,OH,26,0.0008666377787407086
ARG,330,N,GLU,327,O,26,0.0008666377787407086
THR,395,OG1,TYR,326,OH,26,0.0008666377787407086
THR,39,OG1,PHE,38,O,25,0.0008333055564814507
ARG,70,N,ASN,89,ND2,25,0.0008333055564814507
THR,147,OG1,THR,272,OG1,25,0.0008333055564814507
THR,227,OG1,HIP,224,O,25,0.0008333055564814507
THR,227,OG1,GLU,226,OE2,25,0.0008333055564814507
TYR,240,OH,ASN,259,O,25,0.0008333055564814507
VAL,296,N,ALA,293,O,25,0.0008333055564814507
THR,358,OG1,LYS,356,O,25,0.0008333055564814507
PHE,422,N,GLU,417,O,25,0.0008333055564814507
PHE,429,N,LEU,426,O,25,0.0008333055564814507
ARG,20,NH1,LEU,16,O,24,0.0007999733342221926
ARG,29,NH1,LYS,25,O,24,0.0007999733342221926
ARG,105,NE,VAL,101,O,24,0.0007999733342221926
ARG,105,NE,GLU,115,OE2,24,0.0007999733342221926
ARG,204,NE,GLN,205,OE1,24,0.0007999733342221926
THR,275,N,ALA,270,O,24,0.0007999733342221926
LYS,288,NZ,LYS,288,O,24,0.0007999733342221926
HIE,307,NE2,ARG,463,O,24,0.0007999733342221926
LYS,33,NZ,LYS,33,O,23,0.0007666411119629346
ASN,91,ND2,HIE,252,O,23,0.0007666411119629346
ARG,92,NH2,GLY,82,O,23,0.0007666411119629346
ARG,105,NH2,GLY,410,O,23,0.0007666411119629346
GLN,211,NE2,ASN,214,OD1,23,0.0007666411119629346
ASP,333,N,ARG,330,O,23,0.0007666411119629346
LYS,63,NZ,SER,348,OG,22,0.0007333088897036765
ARG,92,NH1,GLU,254,OE1,22,0.0007333088897036765
LYS,111,N,ASP,106,OD2,22,0.0007333088897036765
ARG,130,N,GLU,127,O,22,0.0007333088897036765
SER,153,OG,GLY,157,O,22,0.0007333088897036765
GLN,165,N,GLN,165,NE2,22,0.0007333088897036765
LYS,197,NZ,SER,193,O,22,0.0007333088897036765
ASN,250,N,LYS,248,O,22,0.0007333088897036765
ASN,250,ND2,SER,249,OG,22,0.0007333088897036765
ARG,308,NH2,PRO,309,O,22,0.0007333088897036765
ARG,29,NH2,GLN,17,OE1,21,0.0006999766674444185
ARG,117,NH1,GLY,157,O,21,0.0006999766674444185
ARG,130,NH1,ASN,428,O,21,0.0006999766674444185
ARG,159,NH1,GLH,120,OE1,21,0.0006999766674444185
ARG,159,NH1,SER,153,OG,21,0.0006999766674444185
GLN,187,NE2,GLY,448,O,21,0.0006999766674444185
GLU,254,N,GLU,254,OE2,21,0.0006999766674444185
THR,277,OG1,GLU,273,OE2,21,0.0006999766674444185
ARG,280,NH1,TYR,175,OH,21,0.0006999766674444185
ARG,280,NH1,GLU,273,OE2,21,0.0006999766674444185
LYS,394,N,LEU,392,O,21,0.0006999766674444185
ARG,406,NH2,SER,68,O,21,0.0006999766674444185
GLN,427,NE2,PRO,306,O,21,0.0006999766674444185
ASP,441,N,ASP,439,O,21,0.0006999766674444185
ARG,117,NH1,SER,153,O,20,0.0006666444451851605
ARG,204,NH1,GLN,205,OE1,20,0.0006666444451851605
ASN,261,ND2,ASN,261,O,20,0.0006666444451851605
MET,286,N,PHE,283,O,20,0.0006666444451851605
ARG,7,N,GLN,17,OE1,19,0.0006333122229259025
ARG,20,NH1,ASP,19,OD2,19,0.0006333122229259025
GLN,112,NE2,ASP,106,OD2,19,0.0006333122229259025
GLN,163,NE2,GLN,163,O,19,0.0006333122229259025
ARG,225,NH1,HIE,257,NE2,19,0.0006333122229259025
GLN,258,N,GLN,258,NE2,19,0.0006333122229259025
THR,264,N,ASN,261,O,19,0.0006333122229259025
GLN,345,NE2,GLN,345,O,19,0.0006333122229259025
ASN,14,ND2,HIE,41,ND1,18,0.0005999800006666444
ASP,19,N,GLN,17,O,18,0.0005999800006666444
ARG,159,NH1,GLH,120,O,18,0.0005999800006666444
ARG,204,NH2,PHE,199,O,18,0.0005999800006666444
LEU,242,N,THR,239,O,18,0.0005999800006666444
HIE,257,N,HIE,257,ND1,18,0.0005999800006666444
ASN,381,ND2,LYS,376,O,18,0.0005999800006666444
ASN,381,ND2,PHE,380,O,18,0.0005999800006666444
ASP,36,N,ARG,350,NH1,17,0.0005666477784073864
ARG,57,NH2,TYR,373,OH,17,0.0005666477784073864
ARG,98,NH1,THR,102,OG1,17,0.0005666477784073864
GLN,112,NE2,SER,153,OG,17,0.0005666477784073864
ARG,159,NH2,TYR,162,OH,17,0.0005666477784073864
ASN,209,ND2,GLN,176,NE2,17,0.0005666477784073864
SER,276,OG,THR,147,OG1,17,0.0005666477784073864
ARG,298,NE,GLU,299,OE1,17,0.0005666477784073864
HIE,313,NE2,GLU,115,OE1,17,0.0005666477784073864
ILE,325,N,GLU,322,O,17,0.0005666477784073864
GLU,417,N,ALA,414,O,17,0.0005666477784073864
ASP,19,N,GLY,22,O,16,0.0005333155561481284
ARG,20,N,ASP,19,OD2,16,0.0005333155561481284
LEU,23,N,GLN,187,NE2,16,0.0005333155561481284
ARG,29,NE,LYS,25,O,16,0.0005333155561481284
ARG,45,NH1,LYS,72,O,16,0.0005333155561481284
GLY,82,N,PHE,80,O,16,0.0005333155561481284
ARG,92,NH1,ASN,259,ND2,16,0.0005333155561481284
ARG,105,N,ASP,106,O,16,0.0005333155561481284
ARG,105,NE,ARG,105,O,16,0.0005333155561481284
LYS,111,NZ,GLY,110,O,16,0.0005333155561481284
ARG,159,NH1,TYR,162,OH,16,0.0005333155561481284
TYR,207,OH,GLN,211,NE2,16,0.0005333155561481284
GLN,211,NE2,GLU,212,OE2,16,0.0005333155561481284
LYS,234,NZ,PHE,156,O,16,0.0005333155561481284
ASN,250,ND2,HIE,252,ND1,16,0.0005333155561481284
SER,276,OG,GLN,144,N,16,0.0005333155561481284
HIE,307,NE2,ARG,463,OXT,16,0.0005333155561481284
GLN,345,NE2,ALA,66,O,16,0.0005333155561481284
GLY,351,N,SER,348,OG,16,0.0005333155561481284
THR,395,OG1,TYR,373,O,16,0.0005333155561481284
ARG,463,NH1,LEU,426,O,16,0.0005333155561481284
ILE,73,N,ASP,77,OD2,15,0.0004999833338888704
PHE,87,N,GLY,84,O,15,0.0004999833338888704
SER,100,OG,ARG,97,O,15,0.0004999833338888704
ARG,105,NE,SER,113,OG,15,0.0004999833338888704
GLN,112,NE2,ARG,117,N,15,0.0004999833338888704
GLN,119,NE2,GLN,123,NE2,15,0.0004999833338888704
PHE,141,N,ASP,138,O,15,0.0004999833338888704
LYS,158,NZ,GLU,166,OE1,15,0.0004999833338888704
THR,275,OG1,THR,147,OG1,15,0.0004999833338888704
GLN,329,N,TYR,326,O,15,0.0004999833338888704
THR,347,N,GLN,345,O,15,0.0004999833338888704
ARG,415,NH2,TYR,326,OH,15,0.0004999833338888704
ARG,7,NH1,GLY,5,O,14,0.00046665111162961235
ARG,20,N,ASP,19,OD1,14,0.00046665111162961235
GLU,54,N,GLU,54,OE2,14,0.00046665111162961235
GLY,90,N,ASN,89,OD1,14,0.00046665111162961235
MET,109,N,PHE,107,O,14,0.00046665111162961235
GLH,120,OE2,GLN,123,OE1,14,0.00046665111162961235
LYS,133,NZ,LYS,133,O,14,0.00046665111162961235
SER,145,OG,TYR,162,O,14,0.00046665111162961235
GLN,176,NE2,GLN,205,NE2,14,0.00046665111162961235
LYS,234,NZ,ASP,229,O,14,0.00046665111162961235
LYS,246,NZ,GLU,245,OE1,14,0.00046665111162961235
THR,344,OG1,GLU,65,OE2,14,0.00046665111162961235
THR,395,OG1,GLU,396,OE2,14,0.00046665111162961235
LEU,442,N,ASP,441,OD1,14,0.00046665111162961235
GLN,457,NE2,THR,455,O,14,0.00046665111162961235
ARG,21,N,ASP,19,O,13,0.0004333188893703543
HIE,41,NE2,PRO,10,O,13,0.0004333188893703543
ILE,86,N,SER,266,OG,13,0.0004333188893703543
ASN,89,ND2,ALA,88,O,13,0.0004333188893703543
ARG,105,NH2,ASP,106,OD2,13,0.0004333188893703543
GLN,123,NE2,GLH,120,OE2,13,0.0004333188893703543
PHE,189,N,GLY,186,O,13,0.0004333188893703543
ARG,204,NH2,GLN,205,OE1,13,0.0004333188893703543
GLN,205,N,GLN,205,OE1,13,0.0004333188893703543
VAL,221,N,GLY,218,O,13,0.0004333188893703543
THR,272,OG1,THR,272,O,13,0.0004333188893703543
SER,276,OG,GLU,273,OE2,13,0.0004333188893703543
LEU,334,N,ASP,333,OD1,13,0.0004333188893703543
LEU,368,N,SER,365,O,13,0.0004333188893703543
HIP,384,NE2,GLU,375,OE1,13,0.0004333188893703543
LYS,393,NZ,ASP,383,OD1,13,0.0004333188893703543
ARG,1,NH2,PRO,3,O,12,0.0003999866671110963
GLN,17,NE2,LEU,16,O,12,0.0003999866671110963
ARG,21,NE,PRO,444,O,12,0.0003999866671110963
PHE,30,N,PHE,27,O,12,0.0003999866671110963
ARG,45,NH2,GLU,359,OE1,12,0.0003999866671110963
GLU,54,N,GLU,54,OE1,12,0.0003999866671110963
LYS,72,N,GLU,359,OE2,12,0.0003999866671110963
ARG,81,NH2,GLN,258,NE2,12,0.0003999866671110963
ARG,98,NH1,LYS,94,O,12,0.0003999866671110963
ARG,105,N,THR,103,O,12,0.0003999866671110963
ARG,105,NE,ASP,106,OD1,12,0.0003999866671110963
GLN,112,N,GLY,110,O,12,0.0003999866671110963
GLN,119,NE2,GLH,120,OE2,12,0.0003999866671110963
GLN,144,N,PHE,141,O,12,0.0003999866671110963
GLN,144,NE2,TYR,175,N,12,0.0003999866671110963
GLN,163,NE2,ASP,164,OD1,12,0.0003999866671110963
ASN,172,N,LYS,169,O,12,0.0003999866671110963
LYS,208,NZ,LYS,208,O,12,0.0003999866671110963
GLN,211,NE2,GLU,212,OE1,12,0.0003999866671110963
HID,243,ND1,GLU,247,OE1,12,0.0003999866671110963
HIE,307,N,ILE,304,O,12,0.0003999866671110963
ARG,330,NH2,GLU,327,OE2,12,0.0003999866671110963
HIE,346,N,GLN,345,NE2,12,0.0003999866671110963
THR,347,OG1,HIE,346,O,12,0.0003999866671110963
LYS,393,NZ,LYS,393,O,12,0.0003999866671110963
ARG,406,NH2,HM1,464,O2D,12,0.0003999866671110963
ILE,407,N,HM1,464,O2A,12,0.0003999866671110963
GLY,13,N,LEU,11,O,11,0.00036665444485183826
GLN,17,NE2,ARG,7,N,11,0.00036665444485183826
LEU,28,N,LYS,25,O,11,0.00036665444485183826
ARG,70,NH2,VAL,339,O,11,0.00036665444485183826
SER,132,OG,ALA,135,O,11,0.00036665444485183826
GLY,157,N,SER,153,O,11,0.00036665444485183826
HIP,224,NE2,VAL,155,O,11,0.00036665444485183826
ASN,250,ND2,SER,249,O,11,0.00036665444485183826
GLY,271,N,SER,266,O,11,0.00036665444485183826
ASP,357,N,THR,344,O,11,0.00036665444485183826
HIE,372,NE2,ASP,36,OD1,11,0.00036665444485183826
THR,395,OG1,GLU,396,OE1,11,0.00036665444485183826
GLY,412,N,ARG,105,NH2,11,0.00036665444485183826
LEU,442,N,ASP,441,OD2,11,0.00036665444485183826
THR,443,N,ASP,441,O,11,0.00036665444485183826
GLN,457,NE2,LEU,136,O,11,0.00036665444485183826
GLN,457,NE2,MET,137,O,11,0.00036665444485183826
ARG,7,NE,PRO,8,O,10,0.00033332222259258026
ARG,7,NH1,ARG,7,O,10,0.00033332222259258026
ARG,21,NH1,ASP,19,OD2,10,0.00033332222259258026
ASP,36,N,ARG,350,NH2,10,0.00033332222259258026
ARG,45,NH2,GLU,359,OE2,10,0.00033332222259258026
ARG,98,NE,ARG,98,O,10,0.00033332222259258026
THR,102,OG1,PHE,99,O,10,0.00033332222259258026
ARG,105,NE,GLU,115,OE1,10,0.00033332222259258026
VAL,114,N,ARG,105,NH1,10,0.00033332222259258026
ARG,117,NE,GLN,112,NE2,10,0.00033332222259258026
GLN,119,NE2,GLN,119,O,10,0.00033332222259258026
GLU,166,N,GLN,165,OE1,10,0.00033332222259258026
THR,177,N,TYR,175,O,10,0.00033332222259258026
TYR,240,OH,LEU,260,N,10,0.00033332222259258026
ASN,250,N,LYS,246,O,10,0.00033332222259258026
ASN,250,ND2,LYS,246,O,10,0.00033332222259258026
ASN,250,ND2,HIE,252,NE2,10,0.00033332222259258026
THR,272,OG1,LEU,267,O,10,0.00033332222259258026
ARG,298,NE,GLN,302,NE2,10,0.00033332222259258026
ARG,308,NH2,ILE,304,O,10,0.00033332222259258026
ALA,391,N,ASN,389,O,10,0.00033332222259258026
PHE,398,N,THR,395,OG1,10,0.00033332222259258026
ILE,407,N,LYS,405,O,10,0.00033332222259258026
ARG,21,NE,CYS,447,O,9,0.0002999900003333222
ARG,31,NH2,THR,366,O,9,0.0002999900003333222
LYS,33,N,ARG,31,O,9,0.0002999900003333222
ARG,81,NH1,GLN,211,OE1,9,0.0002999900003333222
ASN,89,ND2,SER,68,O,9,0.0002999900003333222
ASN,89,ND2,ARG,70,N,9,0.0002999900003333222
GLN,123,NE2,ALA,122,O,9,0.0002999900003333222
LEU,171,N,LEU,168,O,9,0.0002999900003333222
ARG,204,NE,HIE,203,NE2,9,0.0002999900003333222
LYS,208,NZ,GLN,205,NE2,9,0.0002999900003333222
LYS,223,NZ,HIE,219,NE2,9,0.0002999900003333222
SER,231,N,ASP,229,O,9,0.0002999900003333222
LYS,246,NZ,PRO,230,O,9,0.0002999900003333222
LYS,246,NZ,ASN,250,OD1,9,0.0002999900003333222
LEU,279,N,SER,276,O,9,0.0002999900003333222
ARG,295,NH1,GLU,299,OE1,9,0.0002999900003333222
ARG,295,NH2,GLU,299,OE1,9,0.0002999900003333222
ARG,298,NE,GLU,294,O,9,0.0002999900003333222
LYS,317,NZ,VAL,303,O,9,0.0002999900003333222
SER,348,N,THR,347,OG1,9,0.0002999900003333222
SER,348,OG,THR,347,O,9,0.0002999900003333222
LYS,356,NZ,GLN,345,NE2,9,0.0002999900003333222
LYS,405,NZ,LYS,405,O,9,0.0002999900003333222
SER,430,OG,ARG,463,NH1,9,0.0002999900003333222
ARG,463,NH2,SER,430,OG,9,0.0002999900003333222
LEU,23,N,CYS,447,O,8,0.0002666577780740642
ARG,57,NE,VAL,53,O,8,0.0002666577780740642
LYS,63,NZ,ASP,62,O,8,0.0002666577780740642
GLY,69,N,ALA,66,O,8,0.0002666577780740642
LEU,96,N,ASN,91,O,8,0.0002666577780740642
GLN,112,NE2,LYS,111,O,8,0.0002666577780740642
SER,113,OG,ARG,105,O,8,0.0002666577780740642
GLH,120,OE2,GLN,112,NE2,8,0.0002666577780740642
LYS,158,NZ,GLY,157,O,8,0.0002666577780740642
GLN,163,N,GLN,163,OE1,8,0.0002666577780740642
SER,179,OG,GLN,176,OE1,8,0.0002666577780740642
ASN,209,ND2,THR,177,N,8,0.0002666577780740642
ASN,209,ND2,GLN,205,OE1,8,0.0002666577780740642
ASN,209,ND2,ASN,209,O,8,0.0002666577780740642
GLU,222,N,HIE,219,O,8,0.0002666577780740642
LYS,223,NZ,GLU,222,OE1,8,0.0002666577780740642
SER,249,N,GLU,247,O,8,0.0002666577780740642
THR,272,OG1,GLN,144,NE2,8,0.0002666577780740642
GLN,345,NE2,ALA,66,N,8,0.0002666577780740642
SER,348,OG,GLY,351,O,8,0.0002666577780740642
GLY,351,N,PHE,349,O,8,0.0002666577780740642
PHE,380,N,TYR,289,OH,8,0.0002666577780740642
ALA,391,N,ASN,389,ND2,8,0.0002666577780740642
ARG,463,NE,SER,430,OG,8,0.0002666577780740642
ARG,7,NE,GLY,5,O,7,0.00023332555581480617
LEU,16,N,ASN,14,O,7,0.00023332555581480617
ARG,20,NE,ASP,19,OD1,7,0.00023332555581480617
ARG,20,NH2,GLN,187,NE2,7,0.00023332555581480617
ARG,29,NH2,ARG,21,NH2,7,0.00023332555581480617
HIE,41,NE2,PRO,44,O,7,0.00023332555581480617
ARG,45,NH2,LEU,191,O,7,0.00023332555581480617
ARG,57,NH1,ASP,62,OD1,7,0.00023332555581480617
ARG,81,NE,ARG,81,O,7,0.00023332555581480617
ARG,92,NH1,ARG,81,O,7,0.00023332555581480617
GLY,110,N,GLN,112,OE1,7,0.00023332555581480617
GLN,112,NE2,ARG,105,O,7,0.00023332555581480617
LEU,129,N,ILE,126,O,7,0.00023332555581480617
LYS,131,NZ,GLU,128,O,7,0.00023332555581480617
GLN,176,N,LEU,173,O,7,0.00023332555581480617
GLN,176,NE2,ASN,209,ND2,7,0.00023332555581480617
SER,193,N,LEU,191,O,7,0.00023332555581480617
THR,227,OG1,GLU,226,O,7,0.00023332555581480617
TYR,240,OH,ASN,259,OD1,7,0.00023332555581480617
LYS,248,NZ,SER,249,OG,7,0.00023332555581480617
SER,253,OG,GLU,247,O,7,0.00023332555581480617
SER,276,OG,GLU,273,O,7,0.00023332555581480617
GLN,302,NE2,GLU,301,O,7,0.00023332555581480617
HIE,313,NE2,GLU,115,OE2,7,0.00023332555581480617
THR,366,OG1,CYS,51,O,7,0.00023332555581480617
ASN,389,ND2,ALA,388,O,7,0.00023332555581480617
ASN,389,ND2,ASN,389,O,7,0.00023332555581480617
THR,424,OG1,ALA,122,O,7,0.00023332555581480617
THR,424,OG1,PHE,421,O,7,0.00023332555581480617
GLY,13,N,PRO,10,O,6,0.00019999333355554815
LEU,16,N,GLY,13,O,6,0.00019999333355554815
ARG,20,NE,MET,18,O,6,0.00019999333355554815
ARG,29,NE,GLN,17,OE1,6,0.00019999333355554815
ARG,29,NE,GLN,17,O,6,0.00019999333355554815
ARG,31,NH1,ASP,36,OD1,6,0.00019999333355554815
GLU,58,N,ALA,55,O,6,0.00019999333355554815
LYS,63,NZ,GLU,65,OE1,6,0.00019999333355554815
LYS,63,NZ,GLU,65,OE2,6,0.00019999333355554815
LYS,72,NZ,ARG,70,O,6,0.00019999333355554815
THR,103,OG1,THR,102,OG1,6,0.00019999333355554815
ARG,117,NE,SER,153,O,6,0.00019999333355554815
ARG,130,NH2,ASN,428,O,6,0.00019999333355554815
GLN,163,N,HIE,161,NE2,6,0.00019999333355554815
GLN,165,N,GLN,163,O,6,0.00019999333355554815
TYR,175,N,GLN,144,NE2,6,0.00019999333355554815
SER,193,OG,GLU,190,OE2,6,0.00019999333355554815
ARG,204,NH1,TYR,198,O,6,0.00019999333355554815
VAL,206,N,HIE,203,O,6,0.00019999333355554815
LYS,208,NZ,GLN,211,NE2,6,0.00019999333355554815
ASN,214,ND2,ASN,261,O,6,0.00019999333355554815
ASN,250,ND2,ALA,251,O,6,0.00019999333355554815
GLU,254,N,GLU,247,OE2,6,0.00019999333355554815
SER,256,OG,SER,253,O,6,0.00019999333355554815
PHE,269,N,SER,266,O,6,0.00019999333355554815
THR,274,N,GLY,271,O,6,0.00019999333355554815
ARG,280,NH2,THR,455,OG1,6,0.00019999333355554815
TYR,281,N,THR,278,O,6,0.00019999333355554815
LEU,285,N,GLY,282,O,6,0.00019999333355554815
ARG,298,N,ARG,295,O,6,0.00019999333355554815
GLN,302,NE2,ARG,298,NH2,6,0.00019999333355554815
HIE,307,N,GLY,305,O,6,0.00019999333355554815
HIE,313,N,GLU,311,O,6,0.00019999333355554815
THR,344,OG1,GLU,65,OE1,6,0.00019999333355554815
GLY,404,N,SER,402,OG,6,0.00019999333355554815
ARG,415,NE,TYR,326,OH,6,0.00019999333355554815
LEU,418,N,GLU,417,OE1,6,0.00019999333355554815
ASN,14,ND2,PRO,8,N,5,0.00016666111129629013
LYS,25,NZ,GLY,22,O,5,0.00016666111129629013
ALA,66,N,GLU,65,OE1,5,0.00016666111129629013
SER,100,N,ARG,97,O,5,0.00016666111129629013
GLY,108,N,THR,102,O,5,0.00016666111129629013
GLN,119,NE2,GLU,116,O,5,0.00016666111129629013
HIE,161,NE2,ASP,164,OD2,5,0.00016666111129629013
TYR,175,OH,THR,455,OG1,5,0.00016666111129629013
SER,179,OG,TYR,175,OH,5,0.00016666111129629013
PHE,195,N,SER,193,O,5,0.00016666111129629013
TYR,198,N,LEU,196,O,5,0.00016666111129629013
GLN,211,N,LYS,208,O,5,0.00016666111129629013
ARG,225,NH1,GLU,222,O,5,0.00016666111129629013
ASP,229,N,THR,227,O,5,0.00016666111129629013
LYS,246,NZ,HID,243,ND1,5,0.00016666111129629013
LYS,248,NZ,HIE,257,ND1,5,0.00016666111129629013
SER,253,OG,ASN,250,OD1,5,0.00016666111129629013
SER,256,OG,GLN,258,NE2,5,0.00016666111129629013
ASN,259,ND2,ARG,92,O,5,0.00016666111129629013
ASN,259,ND2,GLU,254,OE1,5,0.00016666111129629013
THR,277,OG1,GLU,273,OE1,5,0.00016666111129629013
ARG,280,NH2,PRO,454,O,5,0.00016666111129629013
HIE,313,N,HIE,313,ND1,5,0.00016666111129629013
VAL,324,N,THR,321,O,5,0.00016666111129629013
ARG,330,NH2,ASP,378,O,5,0.00016666111129629013
GLN,345,NE2,HIE,346,ND1,5,0.00016666111129629013
LEU,420,N,GLU,417,O,5,0.00016666111129629013
SER,430,OG,ARG,463,NH2,5,0.00016666111129629013
ARG,463,NE,GLN,427,O,5,0.00016666111129629013
ARG,20,NH2,LEU,16,O,4,0.0001333288890370321
ARG,21,NH1,ARG,20,O,4,0.0001333288890370321
LEU,24,N,GLN,187,OE1,4,0.0001333288890370321
SER,26,N,ASP,19,OD1,4,0.0001333288890370321
SER,26,OG,ARG,29,NH2,4,0.0001333288890370321
ARG,29,NH1,SER,26,OG,4,0.0001333288890370321
ARG,31,NE,CYS,51,O,4,0.0001333288890370321
LYS,33,NZ,GLU,32,O,4,0.0001333288890370321
GLY,43,N,LEU,12,O,4,0.0001333288890370321
VAL,61,N,ILE,56,O,4,0.0001333288890370321
ALA,64,N,ALA,59,O,4,0.0001333288890370321
ALA,66,N,GLU,65,OE2,4,0.0001333288890370321
SER,68,OG,SER,68,O,4,0.0001333288890370321
LYS,72,NZ,PHE,80,O,4,0.0001333288890370321
ARG,81,NH2,ASP,77,O,4,0.0001333288890370321
TYR,83,OH,SER,256,OG,4,0.0001333288890370321
TYR,83,OH,GLN,258,NE2,4,0.0001333288890370321
ASN,89,ND2,PHE,87,O,4,0.0001333288890370321
ARG,92,NH2,ARG,81,O,4,0.0001333288890370321
LYS,94,NZ,GLU,65,OE1,4,0.0001333288890370321
ARG,117,NH2,LYS,111,O,4,0.0001333288890370321
ARG,117,NH2,GLY,157,O,4,0.0001333288890370321
ALA,122,N,GLN,119,O,4,0.0001333288890370321
GLN,123,NE2,GLN,119,NE2,4,0.0001333288890370321
ARG,130,NE,ASN,428,OD1,4,0.0001333288890370321
SER,132,OG,SER,132,O,4,0.0001333288890370321
THR,147,OG1,SER,276,OG,4,0.0001333288890370321
LYS,169,NZ,GLN,176,OE1,4,0.0001333288890370321
ILE,181,N,PHE,178,O,4,0.0001333288890370321
HIE,203,NE2,ARG,204,NH2,4,0.0001333288890370321
TYR,207,N,ARG,204,O,4,0.0001333288890370321
LYS,223,NZ,LYS,223,O,4,0.0001333288890370321
ARG,225,NE,GLU,222,O,4,0.0001333288890370321
ARG,225,NH2,GLU,245,OE2,4,0.0001333288890370321
ARG,225,NH2,HIE,257,NE2,4,0.0001333288890370321
LYS,246,NZ,SER,249,OG,4,0.0001333288890370321
LYS,248,N,LYS,246,O,4,0.0001333288890370321
SER,253,N,ALA,251,O,4,0.0001333288890370321
ASN,261,ND2,GLN,258,NE2,4,0.0001333288890370321
THR,272,OG1,GLN,144,O,4,0.0001333288890370321
THR,272,OG1,ALA,148,N,4,0.0001333288890370321
THR,275,OG1,THR,274,OG1,4,0.0001333288890370321
ARG,280,NH2,THR,140,OG1,4,0.0001333288890370321
TYR,297,OH,PRO,306,O,4,0.0001333288890370321
GLN,302,NE2,GLU,299,OE2,4,0.0001333288890370321
TYR,326,N,ALA,323,O,4,0.0001333288890370321
LEU,334,N,SER,332,OG,4,0.0001333288890370321
THR,344,N,ILE,342,O,4,0.0001333288890370321
ASP,378,N,ASP,378,OD1,4,0.0001333288890370321
ASN,381,ND2,HIP,384,NE2,4,0.0001333288890370321
HIP,384,NE2,GLU,375,OE2,4,0.0001333288890370321
LYS,394,NZ,LYS,394,O,4,0.0001333288890370321
ARG,406,NH2,ASN,89,OD1,4,0.0001333288890370321
ARG,415,NH2,GLU,322,O,4,0.0001333288890370321
LYS,451,NZ,ASP,333,N,4,0.0001333288890370321
LYS,451,NZ,LYS,451,O,4,0.0001333288890370321
ARG,459,NE,SER,433,O,4,0.0001333288890370321
ARG,459,NH2,SER,433,O,4,0.0001333288890370321
ARG,463,NH2,ALA,293,O,4,0.0001333288890370321
LEU,9,N,GLY,13,N,3,9.999666677777408e-05
ARG,20,NH2,ASP,19,OD2,3,9.999666677777408e-05
ARG,21,NH2,SER,182,O,3,9.999666677777408e-05
ARG,29,NH1,ARG,29,O,3,9.999666677777408e-05
ARG,31,N,LEU,28,O,3,9.999666677777408e-05
ARG,31,NH1,GLU,32,OE2,3,9.999666677777408e-05
VAL,37,N,GLY,35,O,3,9.999666677777408e-05
ARG,45,NH1,GLU,190,OE1,3,9.999666677777408e-05
ARG,57,NH1,ASP,62,OD2,3,9.999666677777408e-05
ASP,62,N,ALA,59,O,3,9.999666677777408e-05
LYS,72,NZ,LYS,72,O,3,9.999666677777408e-05
ASN,91,ND2,ASN,91,O,3,9.999666677777408e-05
ASN,91,ND2,HIE,252,ND1,3,9.999666677777408e-05
ARG,92,N,ASN,89,O,3,9.999666677777408e-05
ARG,92,N,ASN,91,OD1,3,9.999666677777408e-05
ARG,92,NH2,TYR,83,OH,3,9.999666677777408e-05
ARG,92,NH2,SER,253,O,3,9.999666677777408e-05
ARG,97,N,LYS,94,O,3,9.999666677777408e-05
ARG,97,NH1,LEU,409,N,3,9.999666677777408e-05
ARG,98,NE,THR,102,OG1,3,9.999666677777408e-05
ARG,98,NH2,GLU,247,OE2,3,9.999666677777408e-05
ARG,105,NH1,GLY,412,O,3,9.999666677777408e-05
ARG,105,NH2,THR,102,OG1,3,9.999666677777408e-05
GLN,112,NE2,SER,113,O,3,9.999666677777408e-05
ARG,117,NH1,GLH,120,OE2,3,9.999666677777408e-05
GLN,119,NE2,GLH,120,OE1,3,9.999666677777408e-05
LYS,131,NZ,LYS,131,O,3,9.999666677777408e-05
MET,137,N,ALA,135,O,3,9.999666677777408e-05
SER,153,OG,LYS,158,O,3,9.999666677777408e-05
PHE,167,N,GLN,165,O,3,9.999666677777408e-05
LYS,169,NZ,GLN,165,NE2,3,9.999666677777408e-05
SER,179,N,GLN,176,O,3,9.999666677777408e-05
GLN,205,NE2,GLN,176,NE2,3,9.999666677777408e-05
LYS,208,NZ,ARG,204,O,3,9.999666677777408e-05
LEU,210,N,TYR,207,O,3,9.999666677777408e-05
ILE,217,N,ASN,214,O,3,9.999666677777408e-05
LYS,223,NZ,GLU,222,OE2,3,9.999666677777408e-05
HIP,224,NE2,PHE,156,O,3,9.999666677777408e-05
GLU,226,N,HIP,224,O,3,9.999666677777408e-05
SER,231,OG,PRO,230,O,3,9.999666677777408e-05
LYS,234,NZ,HIP,224,NE2,3,9.999666677777408e-05
SER,249,OG,SER,249,O,3,9.999666677777408e-05
SER,249,OG,ASN,250,ND2,3,9.999666677777408e-05
HIE,252,NE2,ASN,91,OD1,3,9.999666677777408e-05
HIE,252,NE2,ASN,91,ND2,3,9.999666677777408e-05
GLN,258,NE2,ARG,81,NH2,3,9.999666677777408e-05
ASN,259,ND2,GLU,254,OE2,3,9.999666677777408e-05
THR,278,N,THR,275,O,3,9.999666677777408e-05
ARG,280,NH1,SER,276,OG,3,9.999666677777408e-05
ARG,280,NH2,PRO,453,O,3,9.999666677777408e-05
TYR,297,OH,GLN,427,O,3,9.999666677777408e-05
ARG,298,NE,ARG,298,O,3,9.999666677777408e-05
ARG,308,NE,PRO,309,O,3,9.999666677777408e-05
ARG,308,NH1,GLU,311,N,3,9.999666677777408e-05
TYR,326,OH,THR,395,OG1,3,9.999666677777408e-05
GLN,329,NE2,ARG,415,NE,3,9.999666677777408e-05
SER,348,OG,SER,348,O,3,9.999666677777408e-05
ARG,350,NH2,ALA,55,N,3,9.999666677777408e-05
HID,369,ND1,PRO,377,O,3,9.999666677777408e-05
ASP,378,N,ASP,378,OD2,3,9.999666677777408e-05
ALA,379,N,ASP,378,OD2,3,9.999666677777408e-05
ASN,381,ND2,GLU,375,O,3,9.999666677777408e-05
LYS,393,NZ,GLU,375,OE1,3,9.999666677777408e-05
PHE,398,N,GLU,396,O,3,9.999666677777408e-05
ARG,406,NH1,ARG,406,O,3,9.999666677777408e-05
ILE,407,N,ARG,97,NH1,3,9.999666677777408e-05
PHE,419,N,GLU,417,O,3,9.999666677777408e-05
GLN,445,N,PRO,454,N,3,9.999666677777408e-05
LEU,461,N,ARG,459,O,3,9.999666677777408e-05
ARG,463,NH1,PHE,429,O,3,9.999666677777408e-05
GLN,17,N,LEU,15,O,2,6.666444451851606e-05
ARG,20,NH2,ASP,19,OD1,2,6.666444451851606e-05
ARG,21,NE,ARG,20,NH1,2,6.666444451851606e-05
SER,26,N,ASP,19,OD2,2,6.666444451851606e-05
ARG,29,NH1,ARG,21,NH2,2,6.666444451851606e-05
ARG,29,NH2,MET,18,O,2,6.666444451851606e-05
ARG,29,NH2,LYS,25,O,2,6.666444451851606e-05
ARG,31,NH1,ASP,36,OD2,2,6.666444451851606e-05
LYS,33,NZ,GLN,17,OE1,2,6.666444451851606e-05
TYR,34,OH,GLY,5,O,2,6.666444451851606e-05
THR,39,N,GLY,5,N,2,6.666444451851606e-05
GLY,52,N,ASP,36,O,2,6.666444451851606e-05
ILE,56,N,VAL,53,O,2,6.666444451851606e-05
LYS,72,NZ,ARG,45,NH1,2,6.666444451851606e-05
LYS,72,NZ,GLY,71,O,2,6.666444451851606e-05
ARG,81,NE,GLN,258,OE1,2,6.666444451851606e-05
ARG,81,NH1,GLN,258,NE2,2,6.666444451851606e-05
GLY,90,N,ASN,89,ND2,2,6.666444451851606e-05
ARG,92,NH1,TYR,83,OH,2,6.666444451851606e-05
ARG,92,NH1,GLU,254,O,2,6.666444451851606e-05
ARG,92,NH1,ASN,259,OD1,2,6.666444451851606e-05
ARG,92,NH2,HIE,252,NE2,2,6.666444451851606e-05
ARG,97,NH2,LYS,405,O,2,6.666444451851606e-05
ARG,98,N,VAL,95,O,2,6.666444451851606e-05
VAL,101,N,ARG,98,O,2,6.666444451851606e-05
THR,102,OG1,THR,102,O,2,6.666444451851606e-05
ARG,105,NH2,VAL,101,O,2,6.666444451851606e-05
GLN,112,NE2,GLY,108,O,2,6.666444451851606e-05
GLN,112,NE2,ARG,117,NH2,2,6.666444451851606e-05
ARG,117,NH1,GLN,112,OE1,2,6.666444451851606e-05
GLH,120,OE2,GLN,119,OE1,2,6.666444451851606e-05
GLH,120,OE2,ARG,159,NH1,2,6.666444451851606e-05
GLN,123,NE2,ARG,130,NH2,2,6.666444451851606e-05
LEU,125,N,ALA,122,O,2,6.666444451851606e-05
ARG,130,NH1,GLN,123,NE2,2,6.666444451851606e-05
LEU,136,N,ARG,459,NH1,2,6.666444451851606e-05
ASN,149,ND2,ARG,159,NH1,2,6.666444451851606e-05
LYS,158,NZ,LYS,158,O,2,6.666444451851606e-05
HIE,161,NE2,ASP,164,OD1,2,6.666444451851606e-05
GLN,163,NE2,GLN,165,OE1,2,6.666444451851606e-05
GLN,165,NE2,ASN,172,OD1,2,6.666444451851606e-05
LYS,169,NZ,GLU,166,O,2,6.666444451851606e-05
LYS,169,NZ,TYR,216,OH,2,6.666444451851606e-05
ASN,172,ND2,GLN,144,OE1,2,6.666444451851606e-05
THR,177,OG1,GLN,176,O,2,6.666444451851606e-05
PHE,178,N,TYR,175,O,2,6.666444451851606e-05
SER,179,OG,GLN,445,OE1,2,6.666444451851606e-05
GLN,187,NE2,SER,182,O,2,6.666444451851606e-05
TYR,198,OH,PHE,195,O,2,6.666444451851606e-05
ARG,204,NH2,GLN,211,OE1,2,6.666444451851606e-05
GLN,211,NE2,LYS,208,O,2,6.666444451851606e-05
THR,227,OG1,THR,227,O,2,6.666444451851606e-05
ASP,229,N,ASP,238,OD1,2,6.666444451851606e-05
LYS,234,NZ,MET,109,O,2,6.666444451851606e-05
LYS,234,NZ,LYS,234,O,2,6.666444451851606e-05
THR,239,N,LEU,236,O,2,6.666444451851606e-05
LYS,248,NZ,LYS,248,O,2,6.666444451851606e-05
ASN,250,ND2,SER,253,OG,2,6.666444451851606e-05
HIE,252,N,ASN,250,O,2,6.666444451851606e-05
PHE,255,N,GLU,247,OE1,2,6.666444451851606e-05
SER,256,OG,PHE,255,O,2,6.666444451851606e-05
SER,256,OG,ASN,259,OD1,2,6.666444451851606e-05
GLN,258,NE2,HIE,257,O,2,6.666444451851606e-05
ASN,263,ND2,TYR,240,OH,2,6.666444451851606e-05
SER,276,OG,GLY,271,O,2,6.666444451851606e-05
HIE,291,N,TYR,289,O,2,6.666444451851606e-05
HIE,291,NE2,TYR,320,OH,2,6.666444451851606e-05
ARG,295,NE,HIE,291,NE2,2,6.666444451851606e-05
ARG,295,NH1,GLU,294,OE1,2,6.666444451851606e-05
ARG,295,NH2,HIE,291,O,2,6.666444451851606e-05
ARG,295,NH2,TYR,320,OH,2,6.666444451851606e-05
ARG,298,NH1,GLN,302,NE2,2,6.666444451851606e-05
GLN,302,NE2,ARG,298,NH1,2,6.666444451851606e-05
ASP,314,N,HIE,313,ND1,2,6.666444451851606e-05
ARG,315,NE,LEU,312,O,2,6.666444451851606e-05
ARG,315,NH1,LEU,312,O,2,6.666444451851606e-05
LYS,317,NZ,GLU,311,OE2,2,6.666444451851606e-05
LYS,317,NZ,ALA,316,O,2,6.666444451851606e-05
THR,321,N,MET,318,O,2,6.666444451851606e-05
GLU,322,N,PRO,319,O,2,6.666444451851606e-05
ASP,333,N,ASP,333,OD1,2,6.666444451851606e-05
ASP,333,N,ASP,333,OD2,2,6.666444451851606e-05
HID,341,ND1,SER,68,O,2,6.666444451851606e-05
GLN,345,NE2,HIE,346,NE2,2,6.666444451851606e-05
THR,347,OG1,ILE,354,O,2,6.666444451851606e-05
PHE,349,N,THR,347,OG1,2,6.666444451851606e-05
ARG,350,NH1,ARG,350,O,2,6.666444451851606e-05
HID,369,ND1,ASP,333,OD1,2,6.666444451851606e-05
HIE,372,NE2,GLU,54,OE1,2,6.666444451851606e-05
HIE,372,NE2,GLU,54,OE2,2,6.666444451851606e-05
LYS,393,NZ,GLU,375,OE2,2,6.666444451851606e-05
LYS,393,NZ,ASP,387,N,2,6.666444451851606e-05
ARG,406,NH1,ALA,88,O,2,6.666444451851606e-05
ILE,407,N,ARG,97,NH2,2,6.666444451851606e-05
GLY,412,N,GLY,410,O,2,6.666444451851606e-05
ARG,415,NH2,ILE,325,O,2,6.666444451851606e-05
ARG,415,NH2,GLU,411,O,2,6.666444451851606e-05
THR,423,N,LEU,420,O,2,6.666444451851606e-05
SER,430,N,PRO,462,O,2,6.666444451851606e-05
SER,430,OG,SER,430,O,2,6.666444451851606e-05
ALA,432,N,SER,430,O,2,6.666444451851606e-05
THR,443,OG1,THR,443,O,2,6.666444451851606e-05
VAL,449,N,GLN,187,OE1,2,6.666444451851606e-05
GLY,450,N,LEU,334,O,2,6.666444451851606e-05
GLY,450,N,GLY,448,O,2,6.666444451851606e-05
ARG,459,NE,ALA,135,O,2,6.666444451851606e-05
ARG,459,NE,PHE,460,O,2,6.666444451851606e-05
ARG,463,NE,TYR,297,OH,2,6.666444451851606e-05
ARG,1,N,ILE,353,N,1,3.333222225925803e-05
ARG,7,NE,ARG,7,O,1,3.333222225925803e-05
ARG,7,NH2,PRO,8,O,1,3.333222225925803e-05
ARG,7,NH2,TYR,34,OH,1,3.333222225925803e-05
LEU,11,N,LEU,9,O,1,3.333222225925803e-05
GLN,17,NE2,ARG,7,NH2,1,3.333222225925803e-05
GLN,17,NE2,GLY,13,O,1,3.333222225925803e-05
ARG,20,N,ARG,20,NE,1,3.333222225925803e-05
ARG,20,NE,LEU,15,O,1,3.333222225925803e-05
ARG,20,NE,ARG,20,N,1,3.333222225925803e-05
ARG,20,NE,GLN,187,NE2,1,3.333222225925803e-05
ARG,20,NH1,GLN,187,NE2,1,3.333222225925803e-05
ARG,20,NH1,GLN,445,O,1,3.333222225925803e-05
ARG,21,NE,ARG,20,O,1,3.333222225925803e-05
ARG,21,NH2,ARG,29,NH1,1,3.333222225925803e-05
ARG,21,NH2,ASP,378,OD1,1,3.333222225925803e-05
SER,26,OG,SER,26,O,1,3.333222225925803e-05
SER,26,OG,ARG,29,NH1,1,3.333222225925803e-05
PHE,27,N,LEU,24,O,1,3.333222225925803e-05
ARG,29,NE,LEU,28,O,1,3.333222225925803e-05
ARG,29,NH1,LEU,28,O,1,3.333222225925803e-05
ARG,29,NH2,SER,26,N,1,3.333222225925803e-05
ARG,31,NH1,ASP,370,N,1,3.333222225925803e-05
ARG,31,NH2,GLU,54,OE2,1,3.333222225925803e-05
GLU,32,N,GLU,32,OE1,1,3.333222225925803e-05
LYS,33,NZ,ARG,29,NH2,1,3.333222225925803e-05
GLY,35,N,GLU,32,O,1,3.333222225925803e-05
ASP,36,N,ARG,350,NE,1,3.333222225925803e-05
HIE,41,N,ASN,14,ND2,1,3.333222225925803e-05
LEU,42,N,VAL,40,O,1,3.333222225925803e-05
ARG,45,NE,LEU,191,O,1,3.333222225925803e-05
ALA,55,N,ASP,36,OD1,1,3.333222225925803e-05
ARG,57,N,GLU,54,O,1,3.333222225925803e-05
ARG,57,NH1,TYR,373,OH,1,3.333222225925803e-05
LYS,72,NZ,ARG,81,O,1,3.333222225925803e-05
LYS,72,NZ,GLU,190,OE1,1,3.333222225925803e-05
LYS,72,NZ,SER,193,OG,1,3.333222225925803e-05
PHE,79,N,ASP,77,O,1,3.333222225925803e-05
ARG,81,NE,TYR,207,OH,1,3.333222225925803e-05
ARG,81,NH1,ARG,81,O,1,3.333222225925803e-05
ARG,81,NH2,GLN,258,O,1,3.333222225925803e-05
TYR,83,OH,ARG,92,NH1,1,3.333222225925803e-05
GLY,84,N,ASN,259,ND2,1,3.333222225925803e-05
ALA,88,N,ARG,406,NH2,1,3.333222225925803e-05
ASN,89,N,ARG,92,NH2,1,3.333222225925803e-05
ARG,92,NH1,SER,253,O,1,3.333222225925803e-05
LYS,94,NZ,GLU,65,OE2,1,3.333222225925803e-05
LYS,94,NZ,GLY,90,O,1,3.333222225925803e-05
LYS,94,NZ,LYS,94,O,1,3.333222225925803e-05
ARG,97,NH1,HM1,464,O2D,1,3.333222225925803e-05
ARG,98,NE,LYS,94,O,1,3.333222225925803e-05
ARG,98,NH1,ARG,98,O,1,3.333222225925803e-05
ARG,98,NH1,ASP,106,OD1,1,3.333222225925803e-05
THR,102,OG1,THR,103,OG1,1,3.333222225925803e-05
THR,102,OG1,ASP,106,O,1,3.333222225925803e-05
ARG,105,NH1,GLY,410,O,1,3.333222225925803e-05
ARG,105,NH1,GLU,411,OE1,1,3.333222225925803e-05
ARG,105,NH1,GLU,411,OE2,1,3.333222225925803e-05
ARG,105,NH2,ASP,106,OD1,1,3.333222225925803e-05
ARG,105,NH2,SER,113,OG,1,3.333222225925803e-05
PHE,107,N,VAL,101,O,1,3.333222225925803e-05
GLY,110,N,ASP,106,OD2,1,3.333222225925803e-05
GLY,110,N,GLN,112,NE2,1,3.333222225925803e-05
LYS,111,N,ASP,106,OD1,1,3.333222225925803e-05
LYS,111,NZ,GLN,112,O,1,3.333222225925803e-05
LYS,111,NZ,ARG,117,NH1,1,3.333222225925803e-05
GLN,112,NE2,ARG,117,NE,1,3.333222225925803e-05
GLN,112,NE2,SER,153,O,1,3.333222225925803e-05
SER,113,OG,GLN,112,OE1,1,3.333222225925803e-05
ARG,117,NH1,GLN,112,NE2,1,3.333222225925803e-05
ARG,117,NH2,ASP,106,OD1,1,3.333222225925803e-05
GLN,119,NE2,PRO,309,O,1,3.333222225925803e-05
GLH,120,OE2,GLN,119,NE2,1,3.333222225925803e-05
GLN,123,N,GLU,121,O,1,3.333222225925803e-05
GLN,123,NE2,ARG,130,NH1,1,3.333222225925803e-05
GLN,123,NE2,HIE,307,O,1,3.333222225925803e-05
LYS,133,NZ,SER,132,O,1,3.333222225925803e-05
SER,145,OG,SER,145,O,1,3.333222225925803e-05
ILE,146,N,GLN,144,O,1,3.333222225925803e-05
SER,153,OG,ARG,117,NE,1,3.333222225925803e-05
SER,153,OG,SER,153,O,1,3.333222225925803e-05
ILE,154,N,CYS,152,O,1,3.333222225925803e-05
PHE,156,N,ILE,151,O,1,3.333222225925803e-05
LYS,158,NZ,TYR,216,OH,1,3.333222225925803e-05
ARG,159,NE,ASN,149,ND2,1,3.333222225925803e-05
ARG,159,NH2,GLH,120,OE1,1,3.333222225925803e-05
ARG,159,NH2,ASN,149,ND2,1,3.333222225925803e-05
TYR,162,N,HIE,161,NE2,1,3.333222225925803e-05
GLN,165,N,ASP,164,OD2,1,3.333222225925803e-05
GLN,165,NE2,GLN,163,NE2,1,3.333222225925803e-05
GLN,165,NE2,ASP,164,OD2,1,3.333222225925803e-05
GLU,166,N,GLN,165,NE2,1,3.333222225925803e-05
PHE,167,N,GLU,166,OE1,1,3.333222225925803e-05
TYR,175,OH,ASP,138,OD2,1,3.333222225925803e-05
TYR,175,OH,THR,140,OG1,1,3.333222225925803e-05
TYR,175,OH,PRO,453,O,1,3.333222225925803e-05
GLN,176,NE2,TYR,175,OH,1,3.333222225925803e-05
THR,177,OG1,ASN,209,OD1,1,3.333222225925803e-05
SER,179,OG,SER,179,O,1,3.333222225925803e-05
VAL,184,N,ARG,21,NH1,1,3.333222225925803e-05
GLN,187,NE2,ARG,21,N,1,3.333222225925803e-05
GLN,187,NE2,GLY,22,N,1,3.333222225925803e-05
GLN,187,NE2,VAL,184,N,1,3.333222225925803e-05
GLN,187,NE2,GLY,186,O,1,3.333222225925803e-05
GLN,187,NE2,GLN,187,N,1,3.333222225925803e-05
LEU,188,N,GLY,186,O,1,3.333222225925803e-05
SER,193,OG,GLU,190,OE1,1,3.333222225925803e-05
LYS,197,N,PHE,195,O,1,3.333222225925803e-05
LYS,197,NZ,SER,193,OG,1,3.333222225925803e-05
GLY,201,N,GLN,205,OE1,1,3.333222225925803e-05
ALA,202,N,HIE,203,ND1,1,3.333222225925803e-05
HIE,203,NE2,ARG,204,NE,1,3.333222225925803e-05
ARG,204,N,HIE,203,NE2,1,3.333222225925803e-05
TYR,207,OH,ARG,81,NH2,1,3.333222225925803e-05
LYS,208,N,GLN,205,O,1,3.333222225925803e-05
TYR,216,OH,PHE,167,N,1,3.333222225925803e-05
LYS,223,NZ,SER,220,OG,1,3.333222225925803e-05
ARG,225,NH1,GLU,245,OE1,1,3.333222225925803e-05
ARG,225,NH1,HIE,257,O,1,3.333222225925803e-05
ARG,225,NH2,GLU,222,O,1,3.333222225925803e-05
ASP,229,N,ASP,238,OD2,1,3.333222225925803e-05
LYS,234,NZ,LEU,228,N,1,3.333222225925803e-05
LYS,234,NZ,ASP,229,N,1,3.333222225925803e-05
LYS,234,NZ,PRO,233,O,1,3.333222225925803e-05
TYR,240,OH,SER,256,N,1,3.333222225925803e-05
LEU,241,N,ASP,238,O,1,3.333222225925803e-05
HID,243,ND1,GLU,247,OE2,1,3.333222225925803e-05
LYS,246,NZ,LYS,246,O,1,3.333222225925803e-05
SER,249,OG,GLU,247,O,1,3.333222225925803e-05
ASN,250,N,ASN,250,OD1,1,3.333222225925803e-05
ALA,251,N,SER,249,O,1,3.333222225925803e-05
ALA,251,N,ASN,250,ND2,1,3.333222225925803e-05
HIE,252,NE2,TYR,83,OH,1,3.333222225925803e-05
HIE,252,NE2,ARG,92,NH2,1,3.333222225925803e-05
SER,253,N,ASN,250,OD1,1,3.333222225925803e-05
GLU,254,N,GLU,247,OE1,1,3.333222225925803e-05
GLN,258,NE2,ARG,81,NH1,1,3.333222225925803e-05
GLN,258,NE2,ASN,261,OD1,1,3.333222225925803e-05
THR,272,N,THR,274,OG1,1,3.333222225925803e-05
SER,276,N,GLY,271,O,1,3.333222225925803e-05
THR,277,N,THR,274,O,1,3.333222225925803e-05
ARG,280,NH2,THR,277,OG1,1,3.333222225925803e-05
PHE,283,N,ARG,280,O,1,3.333222225925803e-05
LYS,288,NZ,ILE,440,N,1,3.333222225925803e-05
ARG,295,NE,GLU,299,OE2,1,3.333222225925803e-05
ARG,295,NH1,HIE,291,NE2,1,3.333222225925803e-05
ARG,298,NH2,GLU,294,O,1,3.333222225925803e-05
ARG,298,NH2,GLN,302,N,1,3.333222225925803e-05
ILE,300,N,TYR,297,O,1,3.333222225925803e-05
GLN,302,NE2,ARG,298,NE,1,3.333222225925803e-05
GLN,302,NE2,LYS,317,O,1,3.333222225925803e-05
ILE,304,N,GLU,299,O,1,3.333222225925803e-05
GLY,305,N,GLU,301,O,1,3.333222225925803e-05
HIE,307,NE2,ILE,304,O,1,3.333222225925803e-05
HIE,307,NE2,ASN,428,OD1,1,3.333222225925803e-05
ARG,308,N,ILE,304,O,1,3.333222225925803e-05
ARG,308,NE,GLU,311,OE1,1,3.333222225925803e-05
ARG,308,NH1,ARG,308,O,1,3.333222225925803e-05
GLU,311,N,ARG,308,NH1,1,3.333222225925803e-05
GLU,311,N,PRO,309,O,1,3.333222225925803e-05
HIE,313,NE2,ARG,308,NH2,1,3.333222225925803e-05
ASP,314,N,GLU,311,OE2,1,3.333222225925803e-05
ARG,315,NH1,GLY,412,O,1,3.333222225925803e-05
ARG,315,NH2,ARG,415,NH1,1,3.333222225925803e-05
ARG,315,NH2,ARG,415,NH2,1,3.333222225925803e-05
LYS,317,N,ARG,315,O,1,3.333222225925803e-05
LYS,317,NZ,GLN,302,OE1,1,3.333222225925803e-05
TYR,320,OH,VAL,292,O,1,3.333222225925803e-05
GLN,329,NE2,THR,278,OG1,1,3.333222225925803e-05
GLN,329,NE2,TYR,326,N,1,3.333222225925803e-05
GLN,329,NE2,GLN,329,O,1,3.333222225925803e-05
ARG,330,NH2,ALA,379,O,1,3.333222225925803e-05
HID,341,ND1,GLY,69,N,1,3.333222225925803e-05
ILE,342,N,PHE,67,O,1,3.333222225925803e-05
THR,344,OG1,SER,68,N,1,3.333222225925803e-05
THR,344,OG1,GLN,345,NE2,1,3.333222225925803e-05
GLN,345,N,VAL,343,O,1,3.333222225925803e-05
HIE,346,N,HIE,346,ND1,1,3.333222225925803e-05
SER,348,OG,ILE,353,N,1,3.333222225925803e-05
PHE,349,N,TYR,352,N,1,3.333222225925803e-05
ARG,350,NE,GLU,54,O,1,3.333222225925803e-05
ARG,350,NH1,TYR,34,O,1,3.333222225925803e-05
TYR,352,N,SER,348,O,1,3.333222225925803e-05
LEU,362,N,MET,337,O,1,3.333222225925803e-05
HIE,372,NE2,ASP,36,OD2,1,3.333222225925803e-05
LYS,376,NZ,ASN,381,OD1,1,3.333222225925803e-05
ASP,378,N,LYS,376,O,1,3.333222225925803e-05
ALA,379,N,ASP,378,OD1,1,3.333222225925803e-05
ASN,389,N,ASN,389,OD1,1,3.333222225925803e-05
LYS,393,NZ,ASP,383,OD2,1,3.333222225925803e-05
LYS,394,NZ,GLU,322,OE2,1,3.333222225925803e-05
ALA,397,N,THR,395,O,1,3.333222225925803e-05
LEU,403,N,ARG,406,O,1,3.333222225925803e-05
ARG,406,NE,SER,68,OG,1,3.333222225925803e-05
ALA,416,N,GLU,417,OE2,1,3.333222225925803e-05
PHE,422,N,LEU,420,O,1,3.333222225925803e-05
THR,423,OG1,LEU,420,O,1,3.333222225925803e-05
THR,424,N,PHE,421,O,1,3.333222225925803e-05
LEU,426,N,THR,423,O,1,3.333222225925803e-05
GLN,427,NE2,HIE,307,N,1,3.333222225925803e-05
ASN,428,ND2,HIE,307,O,1,3.333222225925803e-05
ASN,428,ND2,GLN,427,O,1,3.333222225925803e-05
SER,430,N,ARG,463,N,1,3.333222225925803e-05
SER,430,OG,PHE,429,O,1,3.333222225925803e-05
SER,430,OG,MET,431,O,1,3.333222225925803e-05
MET,431,N,SER,430,OG,1,3.333222225925803e-05
ALA,432,N,SER,430,OG,1,3.333222225925803e-05
GLN,445,NE2,SER,179,OG,1,3.333222225925803e-05
TYR,456,N,ASP,138,OD2,1,3.333222225925803e-05
TYR,456,OH,PHE,283,O,1,3.333222225925803e-05
TYR,456,OH,LEU,284,N,1,3.333222225925803e-05
GLN,457,N,GLN,457,OE1,1,3.333222225925803e-05
GLN,457,NE2,THR,455,OG1,1,3.333222225925803e-05
ARG,459,NE,LEU,136,N,1,3.333222225925803e-05
ARG,459,NH2,LYS,133,O,1,3.333222225925803e-05
ARG,459,NH2,ALA,135,O,1,3.333222225925803e-05
