donor_resname,donor_resid,donor_atom,acceptor_resname,acceptor_resid,acceptor_atom,count,frequency
ARG,330,NH2,GLU,327,OE1,28831,0.9610012999566682
PHE,283,N,LEU,279,O,28687,0.956201459951335
LEU,418,N,ALA,414,O,28662,0.9553681543948535
ASN,381,N,GLU,327,OE1,28535,0.9511349621679277
THR,424,OG1,LEU,420,O,28504,0.9501016632778907
LEU,168,N,ASP,164,O,28342,0.9447018432718909
VAL,40,N,VAL,47,O,28325,0.9441351954934836
ASP,77,N,ILE,73,O,28134,0.9377687410419653
ARG,330,NE,GLU,327,OE2,28121,0.9373354221525949
TYR,456,OH,ARG,280,O,28019,0.9339355354821506
THR,239,OG1,ASP,235,O,28011,0.9336688777040766
VAL,155,N,ILE,151,O,27676,0.9225025832472251
LEU,210,N,VAL,206,O,27607,0.9202026599113363
PHE,349,N,TYR,352,O,27466,0.9155028165727809
PHE,421,N,GLU,417,O,27462,0.9153694876837438
THR,177,OG1,LEU,173,O,27461,0.9153361554614846
THR,423,OG1,PHE,419,O,27379,0.9126029132362254
ARG,330,NH1,LEU,368,O,27269,0.9089363687877071
GLU,301,N,TYR,297,O,27245,0.9081363954534849
PHE,361,N,VAL,48,O,27241,0.9080030665644478
PHE,178,N,PHE,174,O,26963,0.8987367087763741
ILE,458,N,MET,137,O,26957,0.8985367154428185
HIE,41,N,ASN,14,OD1,26925,0.8974700843305223
LEU,9,N,GLY,13,O,26801,0.8933368887703743
THR,278,OG1,THR,274,O,26801,0.8933368887703743
LEU,426,N,PHE,422,O,26781,0.8926702443251892
VAL,343,N,THR,358,O,26755,0.8918036065464484
VAL,85,N,ASN,263,OD1,26697,0.8898703376554115
ASN,14,N,HIE,41,O,26604,0.8867704409853004
HID,341,N,VAL,360,O,26589,0.8862704576514117
THR,274,OG1,ALA,270,O,26566,0.8855038165394487
TYR,281,N,THR,277,O,26533,0.8844038532048931
THR,347,OG1,GLN,345,O,26441,0.8813372887570414
GLN,176,N,ASN,172,O,26309,0.8769374354188194
PHE,385,N,PRO,382,O,26304,0.876770774307523
CYS,51,N,ASP,36,O,26237,0.8745375154161528
HIP,384,N,ASN,381,O,26186,0.8728375720809306
LEU,50,N,PHE,361,O,26142,0.8713709543015233
LEU,96,N,ARG,92,O,26092,0.8697043431885604
VAL,360,N,HID,341,O,26091,0.8696710109663012
MET,49,N,PHE,38,O,26068,0.8689043698543382
ILE,181,N,THR,177,O,26062,0.8687043765207827
LEU,241,N,ILE,237,O,26053,0.8684043865204493
GLY,305,N,ILE,300,O,26053,0.8684043865204493
ASN,428,ND2,THR,424,O,26031,0.8676710776307457
ASP,387,N,ALA,391,O,25929,0.8642711909603014
THR,423,N,PHE,419,O,25895,0.8631378954034865
ASP,164,N,HIE,161,O,25869,0.8622712576247459
GLN,427,NE2,ARG,308,O,25697,0.8565381153961534
THR,264,OG1,LEU,260,O,25656,0.8551714942835239
LEU,368,N,LEU,364,O,25572,0.8523715876137462
TYR,326,N,GLU,322,O,25511,0.8503383220559315
GLN,17,NE2,ARG,7,O,25476,0.8491716942768575
SER,430,N,LEU,461,O,25313,0.8437385420485983
LEU,265,N,ASN,261,O,25266,0.8421719276024132
VAL,76,N,ILE,73,O,25108,0.8369054364854505
SER,182,OG,PHE,178,O,24983,0.8327389087030432
GLN,119,N,GLU,115,O,24980,0.8326389120362655
SER,365,N,PRO,336,O,24975,0.8324722509249691
VAL,95,N,ASN,91,O,24958,0.8319056031465618
LEU,171,N,PHE,167,O,24906,0.8301723275890803
ARG,57,N,VAL,53,O,24892,0.8297056764774507
THR,347,N,ILE,354,O,24841,0.8280057331422286
GLN,329,N,ILE,325,O,24766,0.8255058164727842
THR,344,N,ALA,66,O,24747,0.8248725042498584
ILE,300,N,VAL,296,O,24739,0.8246058464717843
LYS,393,N,PHE,385,O,24737,0.8245391820272657
GLY,71,N,PRO,340,O,24722,0.8240391986933769
THR,358,OG1,PRO,355,O,24592,0.8197060097996733
ILE,354,N,THR,347,O,24580,0.8193060231325623
SER,332,OG,ILE,328,O,24489,0.8162727909069698
ILE,217,N,ILE,213,O,24437,0.8145395153494883
PHE,374,N,ASP,370,O,24418,0.8139062031265625
PHE,38,N,MET,49,O,24416,0.813839538682044
ILE,126,N,ALA,122,O,24388,0.8129062364587847
VAL,48,N,GLU,359,O,24302,0.8100396653444886
VAL,101,N,ARG,97,O,24283,0.8094063531215626
LEU,188,N,VAL,184,O,24247,0.8082063931202293
ASN,214,N,LEU,210,O,24142,0.8047065097830073
ASN,14,ND2,GLN,17,OE1,24093,0.8030732308923035
THR,424,N,LEU,420,O,24081,0.8026732442251925
PHE,99,N,VAL,95,O,23956,0.7985067164427853
GLU,417,N,ILE,413,O,23910,0.7969734342188594
GLU,322,N,MET,318,O,23909,0.7969401019966001
SER,182,N,PHE,178,O,23908,0.7969067697743408
VAL,206,N,ALA,202,O,23888,0.7962401253291557
LEU,262,N,GLN,258,O,23863,0.7954068197726742
ARG,280,N,SER,276,O,23804,0.793440218659378
THR,264,N,LEU,260,O,23771,0.7923402553248226
ILE,73,N,ASP,77,OD1,23747,0.7915402819906003
ILE,363,N,LEU,50,O,23747,0.7915402819906003
TYR,162,OH,GLU,121,OE2,23723,0.7907403086563781
PHE,160,N,ASN,149,OD1,23714,0.7904403186560448
PHE,192,N,LEU,188,O,23642,0.7880403986533783
THR,277,N,GLU,273,O,23581,0.7860071330955635
ALA,148,N,GLN,144,O,23512,0.7837072097596747
LEU,420,N,ALA,416,O,23506,0.7835072164261191
THR,102,N,ARG,98,O,23487,0.7828739042031932
MET,244,N,TYR,240,O,23470,0.7823072564247858
LEU,279,N,THR,275,O,23416,0.7805073164227859
LYS,356,N,HIE,346,ND1,23401,0.780007333088897
MET,137,N,ILE,458,O,23394,0.7797740075330822
ARG,97,N,TRP,93,O,23339,0.777940735308823
TYR,175,N,LEU,171,O,23327,0.777540748641712
LYS,223,N,HIE,219,O,23232,0.7743741875270824
CYS,152,N,ALA,148,O,23124,0.7707743075230825
ARG,92,NH1,GLY,82,O,23105,0.7701409953001567
SER,145,N,PHE,141,O,23073,0.7690743641878605
LYS,208,N,ARG,204,O,22934,0.7644411852938235
VAL,303,N,GLU,299,O,22902,0.7633745541815273
PHE,174,N,MET,170,O,22871,0.7623412552914903
TYR,34,N,PHE,30,O,22790,0.7596413452884904
ALA,66,N,LYS,63,O,22783,0.7594080197326756
ASP,383,N,ASN,381,OD1,22769,0.758941368621046
ARG,159,NH1,GLU,121,OE1,22711,0.757008099730009
ILE,328,N,VAL,324,O,22711,0.757008099730009
GLN,211,N,TYR,207,O,22683,0.7560747975067498
PHE,30,N,SER,26,O,22681,0.7560081330622312
GLU,58,N,GLU,54,O,22670,0.7556414786173794
TYR,207,N,HIE,203,O,22590,0.7529749008366388
LYS,94,N,GLY,90,O,22516,0.7505083163894537
PHE,269,N,LEU,265,O,22426,0.7475084163861204
ARG,31,N,PHE,27,O,22257,0.7418752708243058
THR,103,OG1,PHE,99,O,22193,0.7397420085997134
ALA,270,N,SER,266,O,22159,0.7386087130428985
VAL,221,N,ILE,217,O,21992,0.7330422319256025
ALA,323,N,PRO,319,O,21968,0.7322422585913803
THR,278,N,THR,274,O,21962,0.7320422652578248
GLU,222,N,GLY,218,O,21953,0.7317422752574915
ASN,14,ND2,PRO,6,O,21950,0.7316422785907136
LEU,285,N,TYR,281,O,21872,0.7290423652544915
ILE,325,N,THR,321,O,21831,0.727675744141862
GLY,271,N,LEU,267,O,21828,0.7275757474750841
LEU,461,N,SER,430,O,21780,0.7259758008066398
ARG,415,N,GLY,410,O,21774,0.7257758074730842
ASN,149,ND2,GLU,121,OE2,21687,0.7228759041365288
LEU,260,N,SER,256,O,21598,0.7199093363554548
TYR,297,N,ALA,293,O,21542,0.7180427319089364
VAL,324,N,TYR,320,O,21535,0.7178094063531215
GLY,218,N,ASN,214,O,21534,0.7177760741308623
SER,68,N,ILE,342,O,21519,0.7172760907969734
SER,433,OG,GLN,457,O,21494,0.716442785240492
LYS,131,N,GLU,127,O,21485,0.7161427952401587
TYR,352,N,PHE,349,O,21456,0.7151761607946402
ARG,459,N,ALA,432,O,21406,0.7135095496816772
SER,145,OG,PHE,141,O,21392,0.7130428985700477
LYS,63,N,GLU,58,O,21181,0.7060097996733442
LEU,125,N,GLU,121,O,21118,0.703909869671011
ARG,298,N,GLU,294,O,21097,0.7032098930035665
THR,39,N,PRO,4,O,21044,0.7014432852238258
THR,102,OG1,ARG,98,O,21022,0.7007099763341222
MET,286,N,GLY,282,O,20950,0.6983100563314556
LEU,129,N,LEU,125,O,20940,0.6979767341088631
MET,318,N,ARG,315,O,20827,0.6942101929935669
SER,100,N,LEU,96,O,20812,0.693710209659678
VAL,47,N,VAL,40,O,20688,0.68957701409953
LYS,317,N,ASP,314,O,20633,0.6877437418752709
ALA,122,N,ILE,118,O,20618,0.687243758541382
ARG,81,NH2,ASP,77,OD2,20597,0.6865437818739375
LEU,173,N,LYS,169,O,20451,0.6816772774240859
ASP,238,N,ASP,235,OD2,20428,0.6809106363121229
THR,39,OG1,PRO,3,O,20404,0.6801106629779007
VAL,296,N,VAL,292,O,20235,0.6744775174160861
THR,275,N,GLY,271,O,20154,0.6717776074130862
SER,100,OG,LEU,96,O,20075,0.6691443618546048
ASN,261,N,HIE,257,O,20053,0.6684110529649012
GLY,84,N,PHE,80,O,19988,0.6662444585180494
PHE,268,N,THR,264,O,19979,0.665944468517716
ARG,98,N,LYS,94,O,19955,0.6651444951834938
LEU,196,N,PHE,192,O,19813,0.6604113196226793
GLU,411,N,CM1,408,O,19588,0.6529115696143462
ASN,149,ND2,PHE,160,O,19492,0.6497116762774574
SER,193,OG,GLU,190,O,19420,0.6473117562747909
ILE,413,N,LEU,409,O,19418,0.6472450918302723
GLN,427,NE2,GLY,305,O,19341,0.6446785107163094
GLU,327,N,ALA,323,O,19312,0.643711876270791
THR,275,OG1,GLU,417,OE1,19286,0.6428452384920502
TYR,281,OH,LYS,451,O,19278,0.6425785807139762
ASN,250,N,GLU,247,O,19131,0.6376787440418653
PHE,422,N,LEU,418,O,19027,0.6342121929269025
LEU,267,N,ASN,263,O,18968,0.6322455918136062
TYR,83,N,PHE,80,O,18931,0.6310122995900137
PHE,255,N,SER,253,OG,18646,0.6215126162461251
GLN,119,NE2,PRO,310,O,18514,0.6171127629079031
ILE,118,N,VAL,114,O,18504,0.6167794406853105
TRP,93,NE1,HM1,464,O2D,18435,0.6144795173494216
ARG,308,NH2,ASP,314,OD1,18344,0.6114462851238293
ARG,308,NH1,ASP,314,OD2,18331,0.6110129662344589
ALA,432,N,ARG,459,O,18219,0.6072797573414219
SER,153,N,ASN,149,O,18154,0.6051131628945702
HIP,384,ND1,GLU,327,OE2,18089,0.6029465684477184
LYS,63,NZ,SER,348,O,18084,0.6027799073364222
ALA,215,N,GLN,211,O,17953,0.5984133862204594
ILE,151,N,THR,147,O,17951,0.5983467217759408
SER,132,OG,LEU,129,O,17949,0.5982800573314223
THR,321,OG1,GLU,299,OE1,17898,0.5965801139962001
TYR,373,N,ASP,370,O,17881,0.5960134662177927
ILE,56,N,GLY,52,O,17655,0.5884803839872004
ASN,172,N,LEU,168,O,17641,0.5880137328755708
LYS,288,NZ,ILE,440,O,17594,0.5864471184293857
GLU,247,N,HID,243,O,17549,0.5849471684277191
THR,277,OG1,GLU,273,O,17545,0.584813839538682
ASN,263,N,ASN,259,O,17512,0.5837138762041265
ILE,342,N,GLY,69,O,17390,0.579647345088497
ALA,59,N,ALA,55,O,17257,0.5752141595280157
GLY,22,N,ASP,19,O,17216,0.5738475384153862
ARG,225,N,VAL,221,O,17082,0.5693810206326456
ARG,295,N,HIE,291,O,16908,0.5635812139595346
THR,140,OG1,ASP,138,OD2,16832,0.5610479650678311
ARG,130,N,ILE,126,O,16757,0.5585480483983867
ASP,370,N,ALA,367,O,16697,0.5565481150628312
PHE,189,N,PHE,185,O,16663,0.5554148195060165
GLU,294,N,PRO,290,O,16658,0.5552481583947202
SER,256,N,TYR,240,OH,16614,0.5537815406153128
HIP,224,N,SER,220,O,16602,0.5533815539482018
TRP,93,N,ASN,89,O,16595,0.553148228392387
GLY,390,N,ASP,387,O,16592,0.5530482317256091
GLN,445,N,ILE,452,O,16219,0.5406153128229059
GLY,338,N,LEU,335,O,16213,0.5404153194893504
ALA,135,N,SER,132,O,16173,0.5390820305989801
GLU,116,N,SER,113,OG,16140,0.5379820672644245
SER,276,N,THR,272,O,16122,0.5373820872637579
LEU,242,N,ASP,238,O,15956,0.531848938368721
SER,179,N,TYR,175,O,15898,0.5299156694776841
LYS,33,N,ARG,29,O,15720,0.5239825339155362
ASP,106,N,VAL,101,O,15720,0.5239825339155362
ARG,308,NH1,PRO,309,O,15679,0.5226159128029065
LYS,169,N,GLN,165,O,15666,0.5221825939135362
HIP,384,NE2,GLU,375,O,15447,0.5148828372387587
ASN,209,ND2,GLN,205,O,15400,0.5133162227925736
GLU,245,N,LEU,241,O,15372,0.5123829205693143
PHE,143,N,PRO,139,O,15169,0.505616479450685
THR,177,N,LEU,173,O,15164,0.5054498183393887
THR,443,OG1,ASP,441,OD2,15151,0.5050164994500184
HIE,219,N,ALA,215,O,15124,0.5041165294490184
LEU,191,N,GLN,187,O,15108,0.5035832138928702
GLU,226,N,GLU,222,O,15015,0.5004833172227593
ILE,146,N,LEU,142,O,14979,0.49928335722142597
THR,140,N,ASP,138,OD2,14837,0.4945501816606113
THR,366,OG1,ILE,363,O,14687,0.4895503483217226
THR,239,N,ASP,235,O,14685,0.4894836838772041
TYR,240,N,LEU,236,O,14678,0.4892503583213893
LYS,451,NZ,PHE,331,O,14631,0.48768374387520413
ARG,81,NE,ASP,77,OD1,14577,0.48588380387320423
PHE,87,N,GLY,84,O,14538,0.4845838472050932
ASN,209,N,GLN,205,O,14328,0.477584080530649
GLY,52,N,THR,366,OG1,14194,0.4731175627479084
ALA,379,N,LYS,376,O,14118,0.4705843138562048
ASN,214,ND2,GLN,211,OE1,14029,0.46761774607513085
THR,147,N,PHE,143,O,13953,0.4650844971834272
TYR,289,N,LEU,285,O,13921,0.46401786607113094
LYS,288,N,LEU,284,O,13872,0.4623845871804273
ARG,463,N,ASN,428,O,13818,0.4605846471784274
ILE,425,N,PHE,421,O,13812,0.4603846538448718
ASP,314,N,GLU,311,O,13761,0.45868471050964965
GLU,128,N,CYS,124,O,13617,0.45388487050431653
THR,321,N,GLU,299,OE1,13568,0.4522515916136129
ARG,70,N,ASN,89,OD1,13541,0.4513516216126129
ARG,20,NH1,ARG,20,O,13525,0.4508183060564648
ASP,357,N,VAL,343,O,13486,0.4495183493883537
LYS,133,N,ARG,130,O,13424,0.4474517516082797
GLY,282,N,THR,278,O,13408,0.4469184360521316
PHE,429,N,ILE,425,O,13407,0.44688510382987234
ARG,57,NH2,GLU,54,OE2,13395,0.44648511716276124
ARG,70,NH2,HM1,464,O1A,13302,0.4433852204926502
MET,170,N,GLU,166,O,13285,0.44281857271424285
THR,274,N,ALA,270,O,13216,0.44051864937835405
LEU,60,N,ILE,56,O,13163,0.43875204159861336
GLN,427,N,THR,423,O,13161,0.4386853771540949
THR,272,N,PHE,268,O,13148,0.4382520582647245
THR,443,OG1,ASP,441,OD1,13130,0.4376520782640579
ARG,57,NE,GLU,54,OE1,13101,0.4366854438185394
ARG,21,N,ASP,19,OD1,12946,0.4315189493683544
ARG,406,NE,ARG,406,O,12921,0.43068564381187296
GLU,120,N,GLU,116,O,12871,0.42901903269891006
ASN,259,ND2,GLU,254,O,12839,0.4279524015866138
ARG,406,N,LEU,403,O,12821,0.42735242158594716
THR,443,N,ASP,441,OD2,12792,0.42638578714042863
LEU,180,N,GLN,176,O,12745,0.4248191726942435
ARG,45,NH2,GLU,190,OE2,12678,0.42258591380287325
ARG,57,NH2,ASP,62,OD2,12666,0.42218592713576214
LYS,288,NZ,PRO,437,O,12661,0.4220192660244659
SER,266,OG,ASN,263,O,12653,0.42175260824639177
ARG,57,NH1,ASP,62,OD1,12639,0.4212859571347622
THR,227,OG1,LYS,223,O,12639,0.4212859571347622
SER,266,OG,LEU,262,O,12537,0.41788607046431786
ARG,45,NH1,GLU,359,OE2,12419,0.4139528682377254
ARG,415,NH2,GLU,322,OE2,12415,0.41381953934868837
GLU,121,N,ARG,117,O,12375,0.41248625045831805
ARG,97,NE,HM1,464,O1D,12305,0.41015299490017
HID,243,ND1,THR,239,O,12048,0.4015866137795407
VAL,61,N,ARG,57,O,12005,0.4001533282223926
HIP,224,NE2,ASP,235,OD1,12000,0.3999866671110963
GLN,163,N,HIE,161,ND1,11986,0.3995200159994667
SER,332,N,GLN,329,O,11968,0.39892003599880005
LEU,386,N,PRO,382,O,11931,0.3976867437752075
SER,220,N,TYR,216,O,11870,0.3956534782173928
SER,266,N,LEU,262,O,11813,0.393753541548615
HIE,372,N,ASP,370,OD2,11805,0.393486883770541
ARG,20,NH2,GLU,446,OE1,11753,0.39175360821305955
ARG,57,NH2,GLU,54,OE1,11742,0.3913869537682077
ARG,45,NH1,GLU,359,OE1,11685,0.38948701709943
VAL,292,N,TYR,289,O,11673,0.3890870304323189
SER,231,OG,ASP,229,OD2,11653,0.38842038598713374
THR,140,OG1,ASP,138,OD1,11495,0.383153894870171
MET,18,N,LEU,15,O,11488,0.3829205693143562
ARG,57,NH1,ASP,62,OD2,11474,0.38245391820272656
HIE,372,N,ASP,370,OD1,11459,0.3819539348688377
LEU,236,N,ILE,154,O,11458,0.38192060264657846
PHE,156,N,CYS,152,O,11426,0.3808539715342822
ARG,57,NE,GLU,54,OE2,11373,0.3790873637545415
LYS,63,NZ,GLU,58,OE2,11316,0.3771874270857638
THR,321,OG1,GLU,299,OE2,11279,0.3759541348621713
ARG,112,NH2,GLU,120,OE1,11230,0.37432085597146764
ASN,259,N,SER,256,OG,11229,0.3742875237492084
SER,402,N,ILE,399,O,11228,0.3742541915269491
SER,179,OG,TYR,175,O,11189,0.37295423485883805
GLU,127,N,GLN,123,O,11186,0.37285423819206026
ARG,57,NH2,ASP,62,OD1,11166,0.3721875937468751
ARG,112,NH2,GLU,120,OE2,11113,0.3704209859671344
PHE,419,N,ARG,415,O,11091,0.3696876770774308
ARG,459,NH1,GLY,134,O,10981,0.3660211326289124
VAL,53,N,ASP,370,OD1,10978,0.3659211359621346
SER,193,N,GLU,190,O,10973,0.3657544748508383
ARG,21,NE,ASP,19,OD1,10972,0.365721142628579
GLU,311,N,ASP,314,OD2,10962,0.36538782040598644
ARG,31,NH1,ASP,36,OD2,10957,0.3652211592946902
THR,443,N,ASP,441,OD1,10927,0.36422119262691244
ALA,397,N,LYS,394,O,10914,0.36378787373754207
ARG,92,NE,GLU,254,OE2,10872,0.3623879204026532
SER,231,OG,ASP,229,OD1,10865,0.36215459484683843
ARG,20,NH1,GLU,446,OE2,10857,0.3618879370687644
ARG,117,NH1,SER,113,O,10828,0.3609213026232459
LYS,234,N,ASP,238,OD1,10826,0.36085463817872737
PHE,67,N,ALA,64,O,10825,0.3608213059564681
ARG,21,N,ASP,19,OD2,10636,0.35452151594946835
LYS,63,NZ,GLU,58,OE1,10545,0.35148828372387586
ASN,261,ND2,ASN,214,OD1,10533,0.35108829705676475
THR,147,OG1,GLU,417,OE2,10494,0.3497883403886537
ARG,21,NH2,ASP,19,OD2,10418,0.3472550914969501
ARG,81,N,ASP,77,O,10178,0.3392553581547282
LEU,42,N,ARG,45,O,10149,0.3382887237092097
SER,253,OG,GLU,247,OE2,10100,0.33665544481850607
ILE,150,N,ILE,146,O,9932,0.33105563147895073
ARG,463,NH1,GLU,294,OE2,9908,0.3302556581447285
THR,272,OG1,PHE,268,O,9899,0.3299556681443952
THR,140,N,ASP,138,OD1,9896,0.3298556714776174
ARG,463,NH2,GLU,294,OE1,9871,0.329022365921136
ARG,45,NH2,GLU,190,OE1,9813,0.327089097030099
LYS,246,N,LEU,242,O,9793,0.3264224525849138
ARG,70,NH1,ALA,88,O,9754,0.32512249591680276
VAL,53,N,ASP,370,OD2,9689,0.322955901469951
HID,243,N,THR,239,O,9686,0.3228559048031732
GLU,32,N,LEU,28,O,9624,0.3207893070230992
ARG,21,NE,ASP,19,OD2,9608,0.3202559914669511
ILE,407,N,GLY,404,O,9581,0.31935602146595116
THR,147,OG1,GLU,417,OE1,9527,0.3175560814639512
GLN,17,N,ASN,14,O,9482,0.3160561314622846
TYR,216,N,GLU,212,O,9480,0.3159894670177661
ARG,97,NH2,HM1,464,O2D,9462,0.31538948701709946
SER,276,OG,THR,272,O,9412,0.31372287590413656
GLN,123,N,GLN,119,O,9401,0.3133562214592847
SER,231,N,ASP,229,OD2,9382,0.3127229092363588
THR,275,OG1,GLU,417,OE2,9372,0.31238958701376623
LEU,287,N,PHE,283,O,9355,0.3118229392353588
ILE,452,N,GLU,446,O,9322,0.31072297590080333
SER,26,OG,GLN,17,O,9215,0.3071564281190627
PHE,398,N,TYR,373,OH,9196,0.3065231158961368
ARG,31,NH1,ASP,36,OD1,9161,0.3053564881170628
ARG,415,NH2,GLU,322,OE1,9143,0.3047565081163961
ARG,70,NH2,HM1,464,O2A,9141,0.3046898436718776
LYS,248,NZ,GLU,245,OE2,9119,0.30395653478217394
ARG,463,NH2,GLU,294,OE2,9109,0.30362321255958136
LYS,248,NZ,GLU,245,OE1,9065,0.302156594780174
ASN,149,N,SER,145,O,9064,0.3021232625579147
ARG,70,NH1,HM1,464,O1A,9052,0.30172327589080367
LEU,23,N,GLN,187,OE1,9051,0.3016899436685444
SER,231,N,ASP,229,OD1,8961,0.2986900436652112
ARG,130,NH2,GLU,127,OE2,8955,0.2984900503316556
ASP,439,N,ALA,436,O,8948,0.2982567247758408
GLN,144,N,THR,140,O,8929,0.2976234125529149
LYS,356,NZ,ASP,357,OD1,8799,0.29329022365921137
ILE,304,N,ILE,300,O,8789,0.2929569014366188
LEU,24,N,GLN,187,OE1,8788,0.2929235692143595
TYR,320,N,GLU,299,OE2,8761,0.2920235992133596
ARG,21,NH2,ASP,19,OD1,8734,0.29112362921235957
MET,104,N,SER,100,O,8523,0.2840905303156561
THR,103,N,PHE,99,O,8503,0.28342388587047096
THR,321,N,GLU,299,OE2,8471,0.28235725475817475
ILE,154,N,ILE,150,O,8437,0.28122395920135995
ARG,130,NH2,GLU,127,OE1,8420,0.2806573114229526
HIP,224,NE2,ASP,235,OD2,8375,0.27915736142128594
LYS,356,NZ,ASP,357,OD2,8363,0.27875737475417484
SER,249,N,LYS,246,O,8333,0.2777574080863971
GLY,450,N,LEU,334,O,8274,0.2757908069731009
CM1,408,N,PHE,401,O,8234,0.27445751808273056
ARG,350,N,GLU,58,OE2,8183,0.2727575747475084
ARG,31,NH1,ARG,31,O,8055,0.2684910502983234
ASP,238,N,ASP,235,OD1,7991,0.2663577880737309
VAL,435,N,SER,433,OG,7988,0.2662577914069531
GLN,144,NE2,LEU,171,O,7975,0.26582447251758273
GLN,445,NE2,PRO,453,O,7954,0.2651244958501383
ARG,112,NH1,GLU,120,OE2,7944,0.26479117362754573
ARG,31,NH2,ASP,370,OD2,7938,0.2645911802939902
ILE,353,N,ARG,1,O,7923,0.2640911969601013
THR,147,OG1,PHE,143,O,7868,0.26225792473584214
SER,253,OG,GLU,247,OE1,7687,0.25622479250691643
SER,183,N,LEU,180,O,7675,0.2558248058398053
GLY,412,N,LEU,409,O,7671,0.2556914769507683
PHE,27,N,LEU,24,O,7659,0.2552914902836572
GLN,302,N,ARG,298,O,7653,0.25509149695010164
ARG,415,NH1,GLU,411,OE2,7621,0.2540248658378054
LYS,111,N,GLY,108,O,7598,0.2532582247258425
HIP,224,ND1,SER,220,O,7590,0.2529915669477684
ASN,428,N,THR,424,O,7575,0.2524915836138795
ARG,31,NH2,ASP,370,OD1,7496,0.24985833805539814
ARG,105,N,VAL,101,O,7392,0.24639178694043531
ARG,350,NH2,ASP,36,OD1,7376,0.24585847138428718
GLN,144,NE2,THR,272,O,7256,0.24185860471317622
ARG,97,NH1,HM1,464,O1D,7236,0.24119196026799106
ARG,350,N,GLU,58,OE1,7197,0.23989200359988
ASN,261,ND2,ASN,214,O,7193,0.23975867471084297
LYS,131,NZ,GLU,128,OE1,7152,0.2383920535982134
HIE,252,N,ASN,250,OD1,7078,0.2359254691510283
THR,400,OG1,GLN,329,O,7060,0.23532548915036167
SER,249,OG,LYS,246,O,7051,0.23502549915002832
THR,227,N,LYS,223,O,7014,0.2337922069264358
LYS,234,N,ASP,238,OD2,7001,0.23335888803706542
ARG,112,NE,GLU,116,OE1,6952,0.23172560914636178
GLY,448,N,GLY,450,O,6923,0.2307589747008433
ARG,105,NH1,GLU,411,OE1,6886,0.22952568247725075
ARG,330,N,TYR,326,O,6869,0.22895903469884338
ARG,159,NH1,GLU,120,O,6852,0.22839238692043598
GLY,82,N,PHE,87,O,6821,0.22735908803039898
LYS,451,NZ,ASP,333,OD2,6821,0.22735908803039898
ARG,45,N,LEU,42,O,6810,0.22699243358554716
ARG,112,NH1,GLU,120,OE1,6789,0.22629245691810274
HIE,161,N,ASP,164,OD2,6788,0.22625912469584347
ARG,463,NH1,GLU,294,OE1,6743,0.22475917469417686
ARG,295,NH1,ARG,295,O,6731,0.22435918802706575
ARG,225,NH2,GLU,222,OE1,6730,0.22432585580480652
ARG,112,NE,GLU,116,OE2,6721,0.22402586580447317
ARG,70,NE,PRO,340,O,6705,0.22349255024832507
ARG,330,NH1,PRO,377,O,6694,0.22312589580347322
ALA,391,N,ASN,389,OD1,6676,0.22252591580280656
ASN,89,ND2,ARG,70,O,6601,0.2200259991333622
ARG,70,NH1,VAL,85,O,6587,0.2195593480217326
HIE,161,N,ASP,164,OD1,6537,0.2178927369087697
ARG,130,NE,GLU,127,OE1,6518,0.2172594246858438
ALA,293,N,TYR,289,O,6516,0.21719276024132528
ARG,92,NE,GLU,254,OE1,6482,0.2160594646845105
ARG,330,NH2,PRO,377,O,6448,0.21492616912769574
THR,358,N,PRO,355,O,6304,0.2101263291223626
LEU,28,N,LYS,25,O,6288,0.20959301356621446
HIE,252,NE2,GLU,254,OE1,6282,0.2093930202326589
LYS,131,NZ,GLU,128,OE2,6262,0.20872637578747374
TYR,240,OH,SER,256,O,6172,0.20572647578414052
ARG,350,NH1,GLU,58,OE1,6108,0.20359321355954801
ARG,225,NH2,GLU,222,OE2,6093,0.20309323022565914
ARG,298,NH1,GLU,301,OE1,6060,0.20199326689110364
ASN,263,ND2,SER,100,OG,6057,0.20189327022432585
GLU,299,N,ARG,295,O,5971,0.19902669911002965
ASN,250,ND2,GLU,247,OE2,5954,0.19846005133162228
LEU,284,N,ARG,280,O,5916,0.19719342688577046
TYR,216,OH,GLU,166,OE1,5877,0.1958934702176594
ARG,130,NE,GLU,127,OE2,5875,0.1958268057731409
ARG,350,NH2,ASP,36,OD2,5854,0.19512682910569648
LEU,15,N,LEU,12,O,5850,0.19499350021665945
LYS,451,NZ,ASP,333,OD1,5832,0.1943935202159928
THR,272,OG1,THR,147,OG1,5815,0.19382687243758542
THR,366,OG1,CYS,51,O,5807,0.19356021465951134
SER,183,OG,LEU,180,O,5743,0.19142695243491883
ARG,350,NH1,GLU,58,OE2,5698,0.18992700243325222
LYS,393,NZ,ASP,383,O,5646,0.1881937268757708
ARG,298,NH1,GLU,301,OE2,5629,0.18762707909736343
ALA,88,N,GLY,84,O,5573,0.18576047465084497
ASP,19,N,SER,26,OG,5543,0.18476050798306723
TYR,216,OH,GLU,166,OE2,5541,0.1846938435385487
ARG,350,NE,ASP,36,OD1,5514,0.18379387353754875
ILE,440,N,PRO,437,O,5441,0.1813606213126229
LYS,248,N,GLU,245,O,5396,0.1798606713109563
ASN,250,ND2,GLU,247,OE1,5373,0.17909403019899336
ARG,315,N,LEU,312,O,5290,0.17632745575147496
LYS,248,N,MET,244,O,5281,0.17602746575114162
ASN,389,ND2,ASP,387,OD2,5200,0.17332755574814174
ALA,232,N,ASP,229,O,5163,0.17209426352454918
ASN,389,ND2,ASP,387,OD1,5150,0.17166094463517884
ALA,64,N,VAL,61,O,5117,0.1705609813006233
GLU,273,N,PHE,269,O,5074,0.16912769574347522
THR,227,N,HIP,224,O,5071,0.16902769907669743
ARG,350,NE,ASP,36,OD2,4999,0.16662777907403087
ARG,295,NH1,GLU,299,OE1,4954,0.16512782907236426
ARG,225,NE,GLU,222,OE2,4907,0.16356121462617912
PHE,80,N,ASP,77,O,4892,0.16306123129229025
ALA,316,N,HIE,313,O,4879,0.1626279124029199
GLY,52,N,ASP,36,O,4876,0.16252791573614214
ARG,31,NH1,GLY,35,O,4846,0.1615279490683644
ILE,213,N,ASN,209,O,4835,0.16116129462351256
ARG,308,NH2,ASP,314,OD2,4775,0.15916136128795708
ALA,88,N,VAL,85,O,4765,0.1588280390653645
LEU,386,N,ASP,383,O,4753,0.1584280523982534
ASN,389,N,ASP,387,OD1,4739,0.15796140128662378
ASN,389,N,ASP,387,OD2,4736,0.15786140461984602
SER,26,OG,GLY,22,O,4652,0.15506149795006832
HID,369,N,THR,366,O,4639,0.15462817906069798
LYS,451,N,GLY,448,O,4588,0.15292823572547581
SER,113,N,GLU,116,OE1,4538,0.1512616246125129
SER,113,N,GLU,116,OE2,4498,0.1499283357221426
ARG,105,NH2,GLU,411,OE1,4469,0.14896170127662411
ARG,112,NH2,GLU,116,OE1,4454,0.14846171794273524
ARG,105,NH1,GLU,411,OE2,4446,0.1481950601646612
PHE,331,N,GLU,327,O,4416,0.14719509349688345
ARG,308,NH1,ASP,314,OD1,4413,0.14709509683010566
HID,369,ND1,SER,365,O,4409,0.14696176794106863
SER,132,N,GLU,128,O,4384,0.14612846238458718
ARG,31,NE,ASP,370,OD2,4374,0.1457951401619946
LYS,405,NZ,LEU,60,O,4357,0.1452284923835872
HIP,384,ND1,GLU,327,OE1,4339,0.14462851238292057
GLN,144,NE2,GLU,273,OE2,4324,0.1441285290490317
HIE,203,NE2,ALA,74,O,4323,0.14409519682677244
GLU,190,N,GLY,186,O,4313,0.14376187460417986
ARG,225,NE,GLU,222,OE1,4275,0.14249525015832806
LEU,228,N,ARG,225,O,4271,0.14236192126929104
ASN,381,ND2,ASP,383,OD1,4213,0.14042865237825405
SER,183,OG,SER,179,O,4179,0.1392953568214393
ARG,31,NE,ASP,370,OD1,4146,0.13819539348688378
ASP,106,N,THR,102,O,4142,0.13806206459784673
CYS,124,N,GLU,120,O,4123,0.13742875237492083
ARG,112,NH2,GLU,116,OE2,4106,0.13686210459651346
ARG,117,N,SER,113,O,4105,0.1368287723742542
LYS,234,NZ,ASP,238,OD1,4093,0.1364287857071431
TRP,93,NE1,HM1,464,O1D,4056,0.13519549348355056
THR,366,N,ILE,363,O,4048,0.13492883570547648
THR,344,OG1,ALA,66,O,4024,0.1341288623712543
THR,400,OG1,GLN,329,OE1,4016,0.13386220459318024
ARG,45,NH2,LYS,72,O,4006,0.13352888237058766
ARG,117,NH2,SER,153,O,3988,0.132928902369921
ALA,367,N,ILE,363,O,3863,0.12876237458751374
ARG,298,NE,GLU,294,OE1,3852,0.1283957201426619
ASN,381,ND2,ASP,383,OD2,3829,0.12762907903069898
ALA,416,N,GLY,412,O,3829,0.12762907903069898
ARG,415,NH1,GLU,411,OE1,3791,0.12636245458484718
LYS,169,NZ,GLU,212,OE1,3771,0.12569581013966202
ARG,459,NE,GLY,134,O,3771,0.12569581013966202
TYR,281,OH,LEU,442,O,3758,0.12526249125029165
PHE,107,N,THR,103,O,3743,0.12476250791640278
SER,253,N,ASN,250,O,3739,0.12462917902736576
LYS,72,N,GLU,359,OE1,3724,0.12412919569347688
LYS,169,NZ,GLU,212,OE2,3700,0.1233292223592547
LYS,111,N,ASP,106,O,3689,0.12296256791440285
ARG,159,NH2,GLU,121,OE2,3662,0.12206259791340289
ASN,172,ND2,LEU,168,O,3632,0.12106263124562515
ILE,440,N,ALA,436,O,3611,0.12036265457818072
SER,132,N,LEU,129,O,3568,0.11892936902103263
GLY,108,N,LYS,111,O,3567,0.11889603679877338
SER,113,OG,GLU,116,OE2,3551,0.11836272124262524
ASN,91,ND2,GLU,254,OE1,3550,0.118329389020366
THR,344,OG1,GLN,345,OE1,3543,0.11809606346455118
SER,132,OG,GLU,128,O,3513,0.11709609679677344
ARG,117,NE,SER,153,OG,3500,0.11666277790740309
GLN,258,N,SER,256,OG,3468,0.11559614679510682
TYR,297,OH,GLU,301,OE2,3444,0.11479617346088464
LYS,158,N,CYS,152,O,3439,0.11462951234958835
GLU,190,N,GLN,187,O,3432,0.11439618679377354
ARG,70,NH1,HM1,464,O2A,3421,0.1140295323489217
ASN,259,ND2,ASN,259,O,3421,0.1140295323489217
ARG,92,NH2,GLU,254,OE2,3420,0.11399620012666245
ARG,225,NH1,GLU,222,OE1,3403,0.11342955234825505
MET,109,N,ASP,106,O,3371,0.1123629212359588
ASN,428,N,ILE,425,O,3357,0.11189627012432919
HIE,252,NE2,GLU,254,OE2,3338,0.11126295790140328
SER,113,OG,GLU,116,OE1,3320,0.11066297790073665
PHE,331,N,ILE,328,O,3308,0.11026299123362554
GLU,212,N,LYS,208,O,3300,0.10999633345555149
GLU,115,N,GLU,115,OE2,3299,0.10996300123329222
GLU,446,N,ILE,452,O,3292,0.10972967567747742
GLU,212,N,ASN,209,O,3273,0.10909636345455151
ARG,463,NE,ARG,463,OXT,3220,0.10732975567481085
LYS,234,NZ,ASP,238,OD2,3219,0.10729642345255158
ASN,214,ND2,GLN,258,OE1,3191,0.10636312122929235
ARG,225,NH1,GLU,222,OE2,3186,0.10619646011799606
ARG,105,NH2,GLU,411,OE2,3160,0.10532982233925536
TYR,297,OH,GLU,301,OE1,3098,0.10326322455918135
ARG,415,NH1,GLU,411,O,3067,0.10222992566914436
ARG,20,NH2,GLU,446,OE2,3053,0.10176327455751474
ASN,261,ND2,HIE,257,O,3047,0.1015632812239592
PHE,27,N,LEU,23,O,3027,0.10089663677877404
LYS,246,N,HID,243,O,3020,0.10066331122295924
SER,26,N,GLY,22,O,3010,0.10032998900036666
ARG,298,NH2,GLU,294,OE1,3001,0.10002999900003333
THR,395,OG1,GLU,396,OE2,3001,0.10002999900003333
ARG,20,NH1,GLU,446,OE1,2997,0.0998966701109963
ARG,29,NH2,GLU,32,OE2,2991,0.09969667677744075
ARG,406,NH1,HID,341,NE2,2989,0.09963001233292224
ARG,463,NH1,LEU,426,O,2989,0.09963001233292224
ARG,70,NE,HM1,464,O1A,2976,0.09919669344355188
ALA,391,N,ASP,387,O,2973,0.0990966967767741
GLN,123,NE2,GLN,119,O,2943,0.09809673010899636
ARG,298,NE,GLU,294,OE2,2921,0.09736342121929269
ARG,97,NH2,HM1,464,O1D,2918,0.09726342455251491
TYR,320,N,GLU,299,OE1,2918,0.09726342455251491
GLY,13,N,LEU,9,O,2889,0.09629679010699643
ARG,45,NH1,LYS,72,O,2881,0.09603013232892237
HID,341,ND1,VAL,339,O,2810,0.09366354454851505
ARG,225,NH2,GLU,245,OE1,2783,0.09276357454751508
LYS,72,N,GLU,359,OE2,2781,0.09269691010299656
ARG,29,NH2,GLU,32,OE1,2764,0.09213026232458918
ARG,105,NH2,ASP,106,OD2,2749,0.09163027899070031
GLN,187,N,VAL,184,O,2723,0.0907636412119596
ARG,92,NH2,GLU,254,OE1,2714,0.09046365121162628
ARG,105,NE,ASP,106,OD2,2706,0.09019699343355221
ARG,70,NH2,HM1,464,O2D,2699,0.08996366787773741
GLN,119,NE2,GLU,311,OE2,2679,0.08929702343255225
THR,277,OG1,GLU,273,OE1,2670,0.08899703343221893
ARG,97,NH2,LYS,405,O,2659,0.08863037898736709
ARG,70,NE,ALA,88,O,2658,0.08859704676510782
GLU,115,N,GLU,115,OE1,2644,0.08813039565347822
GLN,119,NE2,GLU,311,OE1,2625,0.08749708343055232
THR,103,N,SER,100,O,2613,0.08709709676344121
SER,430,OG,PRO,462,O,2613,0.08709709676344121
GLY,35,N,ARG,31,O,2594,0.08646378454051531
ARG,105,NE,ASP,106,OD1,2578,0.08593046898436718
ARG,81,NE,ASP,77,OD2,2569,0.08563047898403386
GLU,166,N,ASP,164,OD2,2567,0.08556381453951535
GLN,144,NE2,GLU,273,OE1,2539,0.08463051231625612
GLU,166,N,ASP,164,OD1,2520,0.08399720009333023
LYS,111,NZ,ASP,106,OD2,2517,0.08389720342655245
GLN,176,NE2,ASN,172,OD1,2507,0.08356388120395987
TYR,326,OH,GLU,322,OE1,2500,0.08333055564814507
ASN,259,ND2,GLU,254,OE2,2493,0.08309723009233026
ARG,298,NH2,GLU,294,OE2,2489,0.08296390120329322
ALA,416,N,ILE,413,O,2478,0.08259724675844139
GLY,110,N,ASP,106,O,2469,0.08229725675810806
PHE,398,N,THR,395,O,2457,0.08189727009099697
ARG,105,NH2,ASP,106,OD1,2451,0.08169727675744141
LYS,25,N,GLY,22,O,2434,0.08113062897903403
ILE,73,N,ASP,77,OD2,2416,0.08053064897836738
ALA,74,N,GLU,190,OE1,2411,0.0803639878670711
SER,26,N,LEU,23,O,2405,0.08016399453351555
ARG,225,NE,GLU,245,OE2,2382,0.07939735342155262
ARG,315,N,GLU,311,O,2376,0.07919736008799706
THR,395,OG1,GLU,396,OE1,2376,0.07919736008799706
LEU,228,N,HIP,224,O,2348,0.07826405786473785
ARG,29,NE,GLU,32,OE1,2333,0.07776407453084898
ASN,214,ND2,ASN,261,OD1,2309,0.07696410119662678
PHE,195,N,PHE,192,O,2282,0.07606413119562681
ILE,237,N,VAL,155,O,2251,0.07503083230558981
PHE,398,N,LYS,394,O,2229,0.07429752341588614
ARG,225,NE,GLU,245,OE1,2194,0.0731308956368121
PHE,185,N,SER,183,OG,2189,0.07296423452551581
LYS,111,NZ,THR,239,OG1,2176,0.07253091563614546
ARG,225,NH2,GLU,245,OE2,2176,0.07253091563614546
ILE,342,N,SER,68,O,2171,0.07236425452484917
GLN,176,NE2,ASN,209,OD1,2169,0.07229759008033065
LEU,191,N,LEU,188,O,2156,0.0718642711909603
ARG,29,NE,GLU,32,OE2,2136,0.07119762674577514
ARG,97,NH1,ILE,407,O,2117,0.07056431452284924
LEU,364,N,PRO,336,O,2107,0.07023099230025666
SER,220,OG,TYR,216,O,2106,0.0701976600779974
ARG,117,NE,SER,153,O,2044,0.0681310622979234
ASP,19,N,GLY,22,O,2034,0.06779774007533082
LYS,33,N,PHE,30,O,2030,0.0676644111862938
LYS,169,NZ,GLU,166,OE2,2025,0.0674977500749975
ARG,463,NE,ARG,463,O,1975,0.0658311389620346
ALA,397,N,LYS,393,O,1973,0.06576447451751609
MET,104,N,PHE,99,O,1953,0.06509783007233093
ARG,70,NH1,ILE,86,O,1938,0.06459784673844206
ARG,70,NH2,VAL,339,O,1929,0.06429785673810873
ASN,91,ND2,GLU,254,OE2,1916,0.06386453784873837
SER,113,OG,GLU,115,OE1,1897,0.06323122562581247
GLY,157,N,ILE,154,O,1892,0.06306456451451618
LYS,169,NZ,GLU,166,OE1,1890,0.06299790006999767
SER,332,OG,THR,278,OG1,1885,0.06283123895870138
LEU,142,N,PRO,139,O,1875,0.0624979167361088
LYS,234,NZ,ALA,232,O,1870,0.06233125562481251
ARG,29,NH1,GLU,32,OE1,1859,0.061964601179960666
ARG,31,NH2,ASP,36,OD2,1856,0.061864604513182896
TYR,216,OH,GLU,166,O,1843,0.06143128562381254
GLY,134,N,PHE,460,O,1822,0.06073130895636812
PHE,167,N,ASP,164,O,1822,0.06073130895636812
LYS,405,NZ,GLU,65,OE1,1822,0.06073130895636812
ARG,31,NH2,ASP,36,OD1,1812,0.06039798673377554
ARG,159,NE,GLU,121,OE1,1812,0.06039798673377554
GLN,165,NE2,GLN,163,O,1789,0.059631345621812604
GLU,396,N,LYS,393,O,1787,0.05956468117729409
SER,402,OG,ARG,406,O,1781,0.059364687843738544
MET,104,N,VAL,101,O,1772,0.05906469784340522
LYS,234,NZ,ASP,229,OD2,1771,0.05903136562114596
ARG,298,NH2,GLU,301,OE1,1761,0.05869804339855338
SER,26,OG,LEU,23,O,1752,0.05839805339822006
ARG,298,NH1,GLU,294,OE1,1748,0.058264724509183026
LYS,405,NZ,GLU,65,OE2,1727,0.05756474784173861
GLN,187,NE2,ILE,181,O,1721,0.05736475450818306
SER,193,OG,PHE,189,O,1713,0.057098096730108995
GLN,302,NE2,ARG,298,O,1706,0.05686477117429419
LYS,376,NZ,GLU,375,OE2,1705,0.056831438952034935
GLU,65,N,GLU,65,OE2,1698,0.056598113396220125
ARG,29,NH1,GLU,32,OE2,1693,0.056431452284923835
SER,113,OG,GLU,115,OE2,1684,0.05613146228459051
LYS,376,NZ,GLU,375,OE1,1677,0.05589813672877571
LYS,111,NZ,ASP,106,OD1,1675,0.055831472284257194
ARG,298,NH2,GLU,301,OE2,1662,0.05539815339488684
GLY,134,N,SER,132,OG,1649,0.05496483450551648
GLU,65,N,GLU,65,OE1,1648,0.05493150228325722
GLU,115,N,SER,113,OG,1641,0.05469817672744242
ASN,209,ND2,THR,177,OG1,1635,0.05449818339388687
THR,400,OG1,GLN,329,NE2,1605,0.05349821672610913
ARG,315,NH1,GLU,322,OE2,1594,0.05313156228125729
LEU,312,N,GLU,115,OE2,1592,0.053064897836738775
GLY,43,N,HIE,41,O,1590,0.05299823339222026
ARG,45,NE,GLU,190,OE2,1582,0.052731575614146195
ARG,81,NE,PHE,79,O,1568,0.05226492450251658
ALA,436,N,ASP,439,OD1,1567,0.052231592280257325
ARG,29,N,LYS,25,O,1529,0.05096496783440552
GLU,226,N,LYS,223,O,1525,0.05083163894536849
LEU,180,N,THR,177,O,1523,0.05076497450084997
ARG,45,NE,GLU,190,OE1,1521,0.05069831005633146
GLU,311,N,ASP,314,OD1,1505,0.05016499450018333
HIE,313,N,GLU,311,OE2,1493,0.04976500783307223
HIE,346,N,GLN,345,OE1,1491,0.049698343388553716
SER,193,N,PHE,189,O,1487,0.04956501449951668
GLU,247,N,MET,244,O,1487,0.04956501449951668
CYS,447,N,GLU,446,OE1,1466,0.048865037832072265
SER,153,OG,ASN,149,O,1465,0.04883170560981301
GLU,396,N,GLU,396,OE2,1460,0.04866504449851672
GLN,345,NE2,GLU,65,O,1459,0.048631712276257455
HIE,313,N,GLU,311,OE1,1454,0.048465051164961165
ARG,29,NE,ASP,19,OD2,1451,0.048365054498183395
ARG,105,N,SER,100,O,1447,0.04823172560914636
ARG,29,N,SER,26,O,1443,0.04809839672010933
ARG,315,NH2,ARG,415,O,1418,0.04726509116362788
LYS,223,NZ,GLU,226,OE1,1394,0.04646511782940568
ARG,225,N,GLU,222,O,1394,0.04646511782940568
THR,344,OG1,SER,68,OG,1391,0.04636512116262791
ALA,74,N,GLU,190,OE2,1364,0.04546515116162794
LYS,234,NZ,ASP,235,OD1,1355,0.045165161161294626
ILE,154,N,ILE,151,O,1352,0.04506516449451685
CYS,447,N,GLU,446,OE2,1349,0.04496516782773907
LEU,312,N,GLU,115,OE1,1348,0.044931835605479815
TYR,326,OH,GLU,322,OE2,1339,0.04463184560514649
THR,277,OG1,GLU,273,OE2,1333,0.044431852271590945
HID,341,ND1,GLY,69,O,1327,0.0442318589380354
TYR,240,OH,ASN,259,OD1,1315,0.043831872270924305
ARG,97,NH2,ILE,407,O,1312,0.04373187560414653
ARG,415,NE,GLU,322,OE2,1304,0.04346521782607246
ALA,436,N,ASP,439,OD2,1288,0.042931902269924334
ASN,250,ND2,GLU,247,O,1270,0.042331922269257694
SER,183,N,SER,179,O,1268,0.04226525782473917
LYS,317,NZ,ASP,314,OD1,1267,0.04223192560247992
GLU,166,N,GLU,166,OE1,1262,0.04206526449118363
ARG,45,NH2,GLU,359,OE2,1257,0.041898603379887336
ASN,259,ND2,GLU,254,OE1,1252,0.041731942268591046
GLU,166,N,GLU,166,OE2,1250,0.04166527782407253
HID,243,N,TYR,240,O,1241,0.04136528782373921
SER,145,OG,LEU,142,O,1236,0.04119862671244292
ARG,298,NE,GLU,301,OE2,1209,0.040298656711442955
ARG,117,NH1,ARG,112,O,1203,0.0400986633778874
ARG,315,NH1,ARG,415,O,1190,0.03966534448851705
SER,179,OG,GLN,176,O,1186,0.03953201559948002
LYS,393,NZ,HIP,384,O,1186,0.03953201559948002
ARG,130,NH1,GLU,127,OE1,1182,0.039398686710442984
ARG,298,NE,GLU,301,OE1,1178,0.03926535782140595
ARG,45,NH2,GLU,359,OE1,1172,0.039065364487850404
GLN,163,NE2,TYR,162,O,1165,0.0388320389320356
LYS,356,NZ,THR,344,O,1163,0.03876537448751708
GLU,32,N,ARG,29,O,1152,0.038398720042665244
LYS,317,NZ,ASP,314,OD2,1146,0.0381987267091097
ARG,117,N,VAL,114,O,1143,0.03809873004233192
ARG,29,NH2,ASP,19,OD2,1139,0.03796540115329489
ARG,298,NH1,GLU,294,OE2,1133,0.03776540781973934
ARG,97,NH1,LYS,405,O,1130,0.03766541115296157
ARG,225,NH2,GLU,226,OE1,1121,0.037365421152628246
LYS,234,NZ,ASP,229,OD1,1121,0.037365421152628246
LYS,223,NZ,GLU,226,OE2,1109,0.03696543448551715
ALA,367,N,LEU,364,O,1097,0.03656544781840605
ASN,259,N,SER,256,O,1081,0.036032132262257925
LYS,317,NZ,HIE,313,O,1079,0.03596546781773941
LYS,393,NZ,ASP,387,OD1,1067,0.03556548115062831
HID,369,N,SER,365,O,1040,0.03466551114962835
GLN,205,N,GLN,205,OE1,1032,0.03439885337155428
LEU,60,N,ARG,57,O,1030,0.03433218892703577
LYS,393,NZ,ASP,387,OD2,1024,0.03413219559348022
ARG,130,NH1,GLU,127,OE2,1016,0.03386553781540615
ARG,97,NE,HM1,464,O2D,1011,0.03369887670410986
LYS,394,NZ,GLU,396,OE1,1001,0.03336555448151728
ARG,159,NH1,GLU,120,OE1,1000,0.033332222259258026
ASN,149,ND2,SER,145,O,998,0.033265557814739506
GLN,176,NE2,ASN,172,O,997,0.03323222559248025
ASN,209,N,VAL,206,O,997,0.03323222559248025
LYS,394,NZ,GLU,411,OE1,989,0.03296556781440619
GLU,396,N,GLU,396,OE1,981,0.03269891003633212
ARG,159,NH1,GLU,120,OE2,978,0.032598913369554346
GLU,299,N,VAL,296,O,976,0.03253224892503583
TYR,162,OH,GLU,121,OE1,963,0.032098930035665475
ARG,225,NH2,GLU,226,OE2,960,0.031998933368887705
ARG,105,N,THR,102,O,957,0.03189893670210993
GLN,123,N,GLU,120,O,957,0.03189893670210993
ARG,415,NE,GLU,322,OE1,956,0.03186560447985067
ILE,150,N,THR,147,O,944,0.03146561781273958
CYS,124,N,GLU,121,O,942,0.03139895336822106
ARG,1,N,ILE,353,O,938,0.031265624479184025
MET,18,N,ASN,14,O,934,0.031132295590146995
PHE,107,N,ARG,105,O,917,0.030565647811739607
VAL,449,N,GLN,187,NE2,917,0.030565647811739607
ILE,146,N,PHE,143,O,904,0.030132328922369254
ARG,406,NH2,HM1,464,O2A,900,0.029999000033332224
ASN,209,ND2,GLN,176,OE1,889,0.029632345588480383
THR,455,OG1,GLN,445,OE1,886,0.02953234892170261
ARG,92,N,ASN,89,OD1,884,0.029465684477184093
GLN,345,NE2,THR,347,OG1,880,0.029332355588147063
LEU,28,N,LEU,24,O,871,0.02903236558781374
THR,227,OG1,HIP,224,O,866,0.02886570447651745
ARG,330,NH1,HID,369,NE2,865,0.028832372254258193
LYS,393,NZ,LEU,386,O,863,0.028765707809739676
ARG,117,NH1,SER,153,OG,857,0.028565714476184126
ARG,70,NE,GLY,69,O,845,0.028165727809073032
ARG,29,NH2,ASP,19,OD1,844,0.028132395586813772
ASN,261,ND2,GLY,218,N,843,0.028099063364554516
GLY,84,N,ASN,259,OD1,841,0.028032398920036
LYS,158,NZ,ARG,159,O,832,0.027732408919702675
GLN,165,N,GLN,165,OE1,826,0.02753241558614713
ASP,106,N,THR,103,O,825,0.027499083363887872
SER,332,N,ILE,328,O,823,0.027432418919369355
THR,395,N,GLU,396,OE2,821,0.02736575447485084
LYS,111,NZ,PRO,233,O,820,0.02733242225259158
SER,256,N,GLU,254,O,820,0.02733242225259158
LEU,142,N,ASP,138,O,819,0.02729909003033232
ARG,159,NH1,GLU,121,OE2,817,0.027232425585813805
LYS,394,NZ,GLU,396,OE2,816,0.027199093363554548
ARG,406,NH1,HM1,464,O2D,807,0.026899103363221225
GLN,345,N,ALA,66,O,806,0.026865771140961968
VAL,61,N,GLU,58,O,791,0.026365787807073097
GLN,445,NE2,THR,455,OG1,791,0.026365787807073097
GLN,205,N,GLY,201,O,787,0.026232458918036064
MET,109,N,ARG,105,O,785,0.02616579447351755
GLN,302,N,GLU,299,O,783,0.026099130028999034
LYS,208,NZ,GLN,205,OE1,781,0.026032465584480517
SER,402,N,THR,400,O,769,0.02563247891736942
ASP,62,N,ARG,57,O,766,0.025532482250591647
ARG,406,NE,HM1,464,O1A,766,0.025532482250591647
ARG,117,NE,SER,113,O,754,0.02513249558348055
SER,253,OG,GLU,247,O,753,0.025099163361221293
ARG,117,NH2,ARG,112,O,740,0.02466584447185094
ARG,70,NH2,ALA,88,O,738,0.024599180027332423
ALA,388,N,ASP,387,OD1,735,0.02449918336055465
ALA,388,N,ASP,387,OD2,730,0.02433252224925836
TYR,373,OH,GLU,396,O,729,0.0242991900269991
GLY,186,N,SER,183,O,728,0.024265857804739843
THR,39,OG1,PRO,4,O,718,0.023932535582147262
ARG,70,NH2,VAL,85,O,718,0.023932535582147262
GLY,201,N,PHE,199,O,712,0.023732542248591712
GLY,108,N,ASP,106,OD2,702,0.023399220025999132
GLN,258,NE2,ASN,214,OD1,702,0.023399220025999132
GLY,35,N,PHE,30,O,687,0.02289923669211026
ARG,459,NH2,GLY,134,O,686,0.022865904469851005
ARG,1,NE,LEU,2,O,675,0.022499250024999168
ASP,62,N,GLU,58,O,665,0.022165927802406588
PHE,141,N,ASP,138,O,664,0.022132595580147327
SER,183,OG,GLU,446,OE1,648,0.0215992800239992
GLN,205,NE2,ASN,209,OD1,647,0.02156594780173994
LYS,111,NZ,MET,109,O,645,0.021499283357221427
TYR,456,N,PRO,454,O,641,0.021365954468184394
MET,170,N,PHE,167,O,638,0.02126595780140662
ARG,1,NE,GLY,351,O,637,0.02123262557914736
ARG,295,NH1,GLU,299,OE2,637,0.02123262557914736
PHE,419,N,ALA,416,O,624,0.020799306689777006
MET,75,N,GLU,190,OE1,621,0.020699310022999233
ALA,397,N,THR,395,OG1,619,0.020632645578480716
GLY,108,N,ASP,106,OD1,615,0.020499316689443686
ARG,308,NE,ILE,304,O,602,0.020065997800073333
ARG,81,N,PRO,78,O,598,0.0199326689110363
ARG,70,NH2,PRO,340,O,596,0.019866004466517782
GLU,359,N,GLU,359,OE1,594,0.019799340021999266
LYS,111,N,MET,109,O,590,0.019666011132962236
GLU,359,N,GLU,359,OE2,587,0.019566014466184462
LYS,234,NZ,THR,227,O,586,0.019532682243925202
ARG,204,N,GLY,201,O,584,0.019466017799406685
ARG,31,NE,GLU,32,OE1,578,0.01926602446585114
SER,430,OG,LEU,461,O,578,0.01926602446585114
GLU,438,N,GLU,438,OE1,578,0.01926602446585114
ALA,202,N,PRO,200,O,572,0.019066031132295592
GLY,448,N,GLU,446,O,570,0.018999366687777075
ARG,117,NH2,SER,153,OG,562,0.01873270890970301
ARG,29,NE,ASP,19,OD1,560,0.018666044465184495
GLN,119,NE2,GLU,115,OE1,555,0.018499383353888205
PHE,80,N,VAL,76,O,548,0.018266057798073398
LEU,15,N,GLY,13,O,547,0.01823272557581414
THR,395,OG1,LYS,393,O,547,0.01823272557581414
GLN,211,NE2,GLU,212,OE1,546,0.01819939335355488
ILE,399,N,ALA,397,O,545,0.018166061131295624
ASN,149,N,ILE,146,O,544,0.018132728909036364
GLN,258,NE2,TYR,83,OH,542,0.01806606446451785
VAL,303,N,ILE,300,O,539,0.017966067797740074
ARG,159,NH2,GLU,121,OE1,538,0.017932735575480818
ASN,259,ND2,ARG,92,NE,530,0.017666077797406754
LYS,131,NZ,GLU,127,OE1,527,0.01756608113062898
ASN,250,ND2,HIE,252,O,521,0.01736608779707343
LYS,451,N,VAL,449,O,517,0.0172327589080364
LYS,133,N,LEU,129,O,510,0.016999433352221593
GLN,258,N,GLN,258,OE1,502,0.01673277557414753
LYS,158,N,PHE,156,O,499,0.016632778907369753
THR,400,OG1,PHE,398,O,499,0.016632778907369753
LEU,287,N,LEU,284,O,493,0.016432785573814206
ARG,31,NH2,GLU,32,OE2,492,0.01639945335155495
ASN,428,ND2,GLN,427,OE1,486,0.0161994600179994
ILE,213,N,LEU,210,O,484,0.016132795573480883
LYS,246,NZ,LEU,242,O,482,0.01606613112896237
LYS,376,NZ,ASP,378,OD2,480,0.015999466684443853
SER,365,OG,PRO,336,O,478,0.015932802239925336
ARG,1,NH2,GLY,351,O,475,0.015832805573147563
LYS,131,NZ,GLU,127,OE2,474,0.015799473350888302
HIE,203,NE2,PHE,199,O,470,0.015666144461851272
LYS,376,NZ,ASP,378,OD1,469,0.015632812239592012
GLN,119,NE2,GLU,115,OE2,468,0.015599480017332756
PHE,167,N,ASP,164,OD2,467,0.015566147795073497
ARG,7,NH1,PRO,8,O,466,0.015532815572814239
ARG,225,NH1,HIE,257,ND1,464,0.015466151128295724
PHE,79,N,VAL,76,O,463,0.015432818906036466
GLU,438,N,GLU,438,OE2,463,0.015432818906036466
LYS,111,NZ,PHE,107,O,460,0.015332822239258692
GLN,211,NE2,GLU,212,OE2,458,0.015266157794740175
GLN,302,NE2,GLU,301,OE1,458,0.015266157794740175
GLY,157,N,CYS,152,O,457,0.015232825572480917
ASN,259,ND2,TYR,83,O,457,0.015232825572480917
HIE,203,N,GLY,201,O,455,0.015166161127962402
TYR,326,OH,GLU,411,OE1,450,0.014999500016666112
GLN,302,NE2,GLU,301,OE2,444,0.014799506683110563
SER,253,N,HIE,252,ND1,442,0.014732842238592047
TYR,373,OH,GLU,396,OE2,442,0.014732842238592047
GLU,245,N,LEU,242,O,440,0.014666177794073532
PHE,107,N,MET,104,O,439,0.014632845571814273
TYR,216,N,ILE,213,O,437,0.014566181127295756
GLN,176,NE2,GLN,176,O,434,0.014466184460517983
ARG,308,N,GLY,305,O,434,0.014466184460517983
LYS,111,NZ,GLY,108,O,433,0.014432852238258725
SER,348,OG,TYR,352,O,430,0.014332855571480951
SER,68,OG,THR,344,OG1,422,0.014066197793406886
GLU,121,N,ILE,118,O,422,0.014066197793406886
LYS,72,NZ,ASP,77,OD2,416,0.013866204459851338
ARG,20,NE,GLU,446,OE2,415,0.013832872237592081
ASN,149,ND2,GLU,121,OE1,411,0.013699543348555047
LYS,133,NZ,LYS,131,O,410,0.01366621112629579
ARG,31,NH1,CYS,51,O,408,0.013599546681777274
GLN,187,N,SER,183,O,403,0.013432885570480984
ARG,315,NH1,GLU,322,OE1,399,0.013299556681443952
ARG,225,NH2,HIE,257,ND1,396,0.013199560014666177
ARG,415,NH1,GLU,322,OE1,396,0.013199560014666177
SER,433,OG,VAL,435,O,396,0.013199560014666177
PHE,167,N,ASP,164,OD1,395,0.01316622779240692
ASN,172,ND2,GLN,176,OE1,395,0.01316622779240692
GLY,22,N,ASP,19,OD1,394,0.013132895570147662
SER,68,OG,ILE,342,O,389,0.012966234458851372
ILE,413,N,GLY,410,O,387,0.012899570014332855
ARG,105,NH1,SER,100,O,383,0.012766241125295823
GLU,116,N,SER,113,O,383,0.012766241125295823
LEU,260,N,HIE,257,O,383,0.012766241125295823
LYS,246,NZ,HID,243,NE2,379,0.012632912236258792
ASN,149,ND2,TYR,162,OH,378,0.012599580013999533
GLY,22,N,ASP,19,OD2,376,0.012532915569481017
THR,395,N,GLU,396,OE1,374,0.012466251124962502
ARG,308,NH2,VAL,303,O,373,0.012432918902703243
LYS,376,N,GLU,375,OE2,370,0.01233292223592547
VAL,435,N,SER,433,O,367,0.012232925569147695
ARG,31,NH2,GLU,32,OE1,366,0.012199593346888436
LYS,111,NZ,ASP,106,O,366,0.012199593346888436
LYS,394,N,LEU,392,O,366,0.012199593346888436
ARG,315,NE,GLU,322,OE1,365,0.01216626112462918
ARG,117,NH2,LYS,234,O,363,0.012099596680110663
GLN,123,NE2,GLU,120,O,361,0.012032932235592146
ARG,159,NH2,GLU,120,OE1,359,0.011966267791073631
THR,344,OG1,GLU,65,O,358,0.011932935568814373
THR,103,OG1,THR,102,OG1,357,0.011899603346555114
SER,220,OG,ILE,217,O,351,0.011699610012999566
ARG,81,NH2,GLN,258,OE1,350,0.01166627779074031
LYS,376,N,GLU,375,OE1,347,0.011566281123962534
ALA,316,N,LEU,312,O,344,0.01146628445718476
LYS,208,NZ,GLU,212,OE2,343,0.011432952234925502
HIP,224,N,VAL,221,O,342,0.011399620012666244
GLU,375,N,GLU,375,OE1,342,0.011399620012666244
ASN,91,ND2,HIE,252,O,341,0.011366287790406986
GLN,345,NE2,ALA,66,O,334,0.01113296223459218
GLN,205,N,ALA,202,O,329,0.01096630112329589
ASN,263,ND2,TYR,240,OH,327,0.010899636678777374
VAL,101,N,ARG,98,O,322,0.010732975567481083
LYS,131,NZ,GLU,127,O,321,0.010699643345221825
VAL,114,N,PHE,107,O,316,0.010532982233925535
GLN,165,NE2,GLN,165,O,316,0.010532982233925535
GLU,375,N,GLU,375,OE2,316,0.010532982233925535
ASN,214,ND2,GLN,211,O,314,0.01046631778940702
SER,365,OG,ASP,333,OD1,314,0.01046631778940702
GLU,273,N,ALA,270,O,312,0.010399653344888503
ASN,261,ND2,GLN,258,OE1,307,0.010232992233592213
GLY,108,N,ASP,106,O,305,0.010166327789073698
LEU,312,N,GLU,311,OE1,302,0.010066331122295923
ARG,29,NH1,ASP,19,OD2,300,0.009999666677777408
ARG,159,NH2,GLU,120,OE2,300,0.009999666677777408
LEU,312,N,GLU,311,OE2,300,0.009999666677777408
LYS,208,NZ,GLU,212,OE1,298,0.009933002233258891
ARG,81,NH1,GLN,258,OE1,297,0.009899670010999633
SER,256,OG,GLN,258,OE1,297,0.009899670010999633
ARG,31,NE,GLU,32,OE2,295,0.009833005566481118
LYS,405,NZ,ALA,64,O,295,0.009833005566481118
THR,455,N,GLN,445,OE1,292,0.009733008899703343
ALA,55,N,GLY,52,O,290,0.009666344455184828
LYS,72,NZ,GLU,359,OE1,287,0.009566347788407053
GLN,123,NE2,GLN,119,OE1,287,0.009566347788407053
HIE,313,NE2,GLU,311,OE1,285,0.009499683343888538
GLU,254,N,GLU,247,OE2,283,0.00943301889937002
GLY,90,N,ASN,89,OD1,282,0.009399686677110762
GLN,211,NE2,GLN,211,O,282,0.009399686677110762
ARG,204,N,TYR,198,OH,275,0.009166361121295957
ARG,92,NH1,ASN,259,OD1,273,0.00909969667677744
GLY,186,N,SER,183,OG,271,0.009033032232258926
LYS,234,NZ,SER,231,OG,270,0.008999700009999667
ARG,295,NH2,GLU,299,OE1,270,0.008999700009999667
HID,341,ND1,VAL,360,O,270,0.008999700009999667
GLN,345,NE2,THR,344,OG1,270,0.008999700009999667
LEU,173,N,MET,170,O,269,0.008966367787740409
LEU,364,N,LEU,362,O,269,0.008966367787740409
ARG,29,NH1,ASP,19,OD1,268,0.00893303556548115
ARG,130,NH2,GLN,123,OE1,268,0.00893303556548115
LYS,248,NZ,GLU,245,O,262,0.008733042231925602
SER,183,OG,GLU,446,OE2,259,0.008633045565147828
ARG,81,NH2,PHE,79,O,254,0.008466384453851538
HIE,372,NE2,GLU,32,OE1,253,0.00843305223159228
TYR,240,OH,PHE,255,O,252,0.008399720009333022
LEU,362,N,MET,337,O,251,0.008366387787073765
ARG,70,NH1,TRP,93,NE1,247,0.008233058898036731
LYS,223,NZ,HIE,219,ND1,246,0.008199726675777475
ARG,130,NH2,ASN,428,OD1,245,0.008166394453518216
ARG,308,N,HIE,307,ND1,244,0.008133062231258958
SER,220,N,ILE,217,O,240,0.007999733342221926
LYS,234,NZ,GLY,110,O,240,0.007999733342221926
THR,275,OG1,GLY,271,O,240,0.007999733342221926
PHE,141,N,ASP,138,OD1,239,0.007966401119962668
PHE,255,N,GLU,247,OE2,239,0.007966401119962668
ARG,315,NE,GLU,322,OE2,239,0.007966401119962668
GLN,119,NE2,GLU,115,O,236,0.007866404453184895
PHE,189,N,GLY,186,O,236,0.007866404453184895
ARG,225,NH1,GLU,226,OE1,235,0.007833072230925636
GLN,17,N,GLN,17,OE1,234,0.007799740008666378
LYS,25,NZ,GLY,22,O,234,0.007799740008666378
LEU,403,N,SER,402,OG,231,0.007699743341888604
TRP,93,N,GLY,90,O,230,0.007666411119629346
GLU,120,N,ARG,117,O,230,0.007666411119629346
LYS,94,NZ,ASN,91,OD1,229,0.007633078897370088
PHE,192,N,PHE,189,O,225,0.007499750008333056
THR,264,OG1,ASN,261,O,225,0.007499750008333056
LYS,25,NZ,ASP,19,OD1,222,0.007399753341555282
LYS,111,N,ASP,106,OD1,221,0.007366421119296023
SER,253,OG,PHE,255,O,221,0.007366421119296023
SER,253,OG,ASN,250,O,219,0.0072997566747775074
ALA,391,N,ASP,387,OD1,219,0.0072997566747775074
LYS,72,NZ,GLU,190,OE1,217,0.0072330922302589916
GLY,90,N,SER,68,O,216,0.007199760007999733
GLN,187,NE2,CYS,447,O,216,0.007199760007999733
PHE,67,N,LYS,63,O,215,0.007166427785740476
ARG,97,NH1,HM1,464,O2D,215,0.007166427785740476
LYS,246,NZ,GLU,247,OE2,214,0.007133095563481217
TYR,373,OH,GLU,396,OE1,211,0.007033098896703443
ARG,29,NH1,GLN,17,O,207,0.006899770007666411
GLY,108,N,ARG,105,O,205,0.006833105563147895
HIE,219,N,TYR,216,O,204,0.006799773340888637
GLN,211,NE2,TYR,207,OH,202,0.006733108896370121
ARG,406,NH1,HM1,464,O1A,202,0.006733108896370121
ARG,81,NH1,PRO,78,O,201,0.006699776674110863
LYS,246,NZ,GLU,247,OE1,201,0.006699776674110863
GLN,205,NE2,GLN,176,OE1,200,0.006666444451851605
SER,256,OG,GLU,254,O,199,0.006633112229592347
ARG,1,NH1,GLY,351,O,197,0.006566447785073831
LYS,33,NZ,TYR,34,OH,196,0.006533115562814573
ASN,89,ND2,SER,68,O,196,0.006533115562814573
LYS,394,NZ,GLU,411,OE2,193,0.006433118896036798
GLN,187,NE2,SER,182,O,191,0.0063664544515182825
GLN,211,NE2,ASN,214,OD1,190,0.006333122229259025
LYS,63,NZ,ASP,62,OD1,189,0.006299790006999767
THR,395,OG1,HIP,384,O,189,0.006299790006999767
SER,256,OG,TYR,83,OH,188,0.006266457784740508
SER,276,OG,PHE,143,O,188,0.006266457784740508
GLN,144,N,PHE,141,O,187,0.006233125562481251
TYR,83,OH,GLN,258,OE1,186,0.006199793340221992
GLN,187,NE2,SER,183,O,185,0.006166461117962735
ASP,229,N,THR,227,O,185,0.006166461117962735
THR,358,OG1,LYS,356,O,185,0.006166461117962735
ARG,406,NE,SER,402,OG,185,0.006166461117962735
GLU,396,N,LYS,394,O,184,0.0061331288957034765
ARG,463,NE,GLU,294,OE1,183,0.006099796673444218
ARG,117,NH2,GLY,157,O,182,0.006066464451184961
LYS,63,NZ,ASP,62,OD2,180,0.005999800006666445
ARG,415,NH2,TYR,326,OH,180,0.005999800006666445
HIE,372,NE2,GLU,32,OE2,179,0.005966467784407186
LYS,72,NZ,GLU,359,OE2,178,0.005933135562147928
ARG,1,NH1,LEU,2,O,177,0.0058998033398886705
ARG,463,NH1,PHE,429,O,177,0.0058998033398886705
LYS,25,NZ,ASP,19,OD2,175,0.005833138895370155
ARG,225,NH1,GLU,226,OE2,175,0.005833138895370155
GLU,273,N,PHE,268,O,175,0.005833138895370155
HID,341,ND1,PRO,340,O,175,0.005833138895370155
ARG,70,NH1,HID,341,NE2,174,0.005799806673110896
THR,227,OG1,GLU,226,OE2,174,0.005799806673110896
LYS,234,NZ,ASP,235,OD2,174,0.005799806673110896
GLN,329,NE2,THR,400,OG1,174,0.005799806673110896
LYS,394,N,GLU,396,OE2,174,0.005799806673110896
ARG,20,NH1,MET,18,O,172,0.00573314222859238
TYR,83,N,ARG,81,O,172,0.00573314222859238
GLN,457,NE2,TYR,456,O,172,0.00573314222859238
THR,177,N,PHE,174,O,171,0.005699810006333122
LEU,228,N,GLU,226,O,171,0.005699810006333122
LYS,131,N,GLU,128,O,170,0.0056664777840738645
GLN,345,NE2,THR,344,O,170,0.0056664777840738645
GLU,116,N,GLU,116,OE2,168,0.005599813339555348
ARG,350,NH2,GLU,58,OE1,168,0.005599813339555348
PHE,380,N,TYR,289,OH,168,0.005599813339555348
HIE,252,N,ASN,250,ND2,167,0.00556648111729609
THR,274,N,GLY,271,O,167,0.00556648111729609
LYS,25,NZ,ARG,21,O,165,0.005499816672777574
ARG,70,NE,HM1,464,O2A,165,0.005499816672777574
ASN,261,ND2,HIE,257,NE2,165,0.005499816672777574
LYS,451,NZ,SER,365,OG,165,0.005499816672777574
ARG,57,NH1,GLU,396,O,162,0.0053998200059998
TYR,207,OH,GLN,211,OE1,162,0.0053998200059998
GLN,457,NE2,ASP,138,OD2,159,0.005299823339222026
LYS,356,NZ,GLN,345,OE1,158,0.0052664911169627675
TYR,373,N,ASP,370,OD1,154,0.005133162227925736
SER,266,N,ASN,263,O,153,0.005099830005666478
GLU,254,N,GLU,247,OE1,151,0.0050331655611479615
LEU,267,N,THR,264,O,151,0.0050331655611479615
THR,347,OG1,HIE,346,O,151,0.0050331655611479615
ILE,407,N,LYS,405,O,151,0.0050331655611479615
LEU,236,N,VAL,155,O,150,0.004999833338888704
THR,102,OG1,PHE,99,O,149,0.004966501116629446
SER,231,N,ASP,229,O,149,0.004966501116629446
LYS,394,NZ,GLU,322,OE1,149,0.004966501116629446
ARG,45,NE,LEU,42,O,148,0.004933168894370188
ASP,235,N,ASP,238,OD1,148,0.004933168894370188
ARG,315,NE,LEU,312,O,147,0.00489983667211093
ASN,214,ND2,ASN,214,O,146,0.004866504449851671
ARG,98,N,VAL,95,O,142,0.00473317556081464
THR,103,OG1,THR,102,O,141,0.004699843338555381
SER,182,OG,SER,179,O,140,0.004666511116296124
HIE,313,NE2,GLU,311,OE2,140,0.004666511116296124
ARG,112,NH2,GLU,116,O,139,0.004633178894036865
ARG,330,NE,GLU,327,OE1,139,0.004633178894036865
ASN,259,ND2,SER,256,OG,138,0.004599846671777608
LYS,393,NZ,THR,395,OG1,138,0.004599846671777608
ARG,20,NE,GLU,446,OE1,137,0.0045665144495183494
ARG,204,NE,TYR,198,OH,137,0.0045665144495183494
THR,227,OG1,GLU,226,O,137,0.0045665144495183494
ALA,293,N,PRO,290,O,137,0.0045665144495183494
THR,455,OG1,ASP,138,OD1,137,0.0045665144495183494
THR,358,N,VAL,343,O,135,0.0044998500049998336
TYR,373,OH,THR,395,O,135,0.0044998500049998336
THR,39,N,PRO,3,O,134,0.004466517782740575
LYS,158,NZ,PHE,156,O,134,0.004466517782740575
LYS,288,NZ,TYR,289,OH,134,0.004466517782740575
ARG,330,N,GLU,327,O,134,0.004466517782740575
HID,341,ND1,HID,341,O,134,0.004466517782740575
PHE,141,N,ASP,138,OD2,132,0.004399853338222059
HIE,291,N,HIE,291,ND1,131,0.004366521115962801
ILE,237,N,ASP,235,OD2,130,0.004333188893703543
ARG,463,NH2,LEU,426,O,129,0.004299856671444285
LYS,288,N,LEU,285,O,128,0.0042665244491850276
ARG,70,NH1,PRO,340,O,127,0.004233192226925769
SER,220,OG,VAL,155,O,127,0.004233192226925769
ARG,350,NH2,GLU,58,OE2,127,0.004233192226925769
GLY,390,N,ASP,387,OD1,127,0.004233192226925769
ARG,21,NH1,ASP,19,OD2,126,0.004199860004666511
ASN,261,ND2,HIE,257,ND1,126,0.004199860004666511
ALA,414,N,GLY,410,O,126,0.004199860004666511
VAL,449,N,ILE,181,O,126,0.004199860004666511
ARG,45,NH2,GLU,190,O,125,0.004166527782407253
SER,68,OG,PHE,67,O,125,0.004166527782407253
PHE,199,N,LEU,196,O,125,0.004166527782407253
GLN,457,NE2,ASP,138,OD1,125,0.004166527782407253
GLN,258,N,HIE,257,ND1,124,0.004133195560147995
SER,276,OG,GLN,144,N,124,0.004133195560147995
PHE,401,N,ILE,399,O,124,0.004133195560147995
ALA,397,N,THR,395,O,123,0.004099863337888737
VAL,95,N,ARG,92,O,122,0.004066531115629479
ASN,250,ND2,HIE,252,ND1,122,0.004066531115629479
ARG,415,NE,TYR,326,OH,122,0.004066531115629479
LEU,12,N,LEU,9,O,120,0.003999866671110963
GLU,128,N,LEU,125,O,120,0.003999866671110963
ARG,280,NH2,PRO,453,O,120,0.003999866671110963
ARG,406,NH2,HID,341,NE2,119,0.003966534448851705
LYS,394,NZ,TYR,326,OH,118,0.003933202226592447
ARG,204,NH1,TYR,198,OH,116,0.003866537782073931
ARG,21,NH1,ASP,19,OD1,115,0.003833205559814673
GLN,457,NE2,MET,137,O,115,0.003833205559814673
MET,18,N,LEU,16,O,114,0.0037998733375554147
GLN,165,NE2,GLU,166,OE1,114,0.0037998733375554147
GLN,302,NE2,GLN,302,O,114,0.0037998733375554147
LYS,158,NZ,GLU,166,OE2,113,0.0037665411152961567
ALA,202,N,PHE,185,O,113,0.0037665411152961567
THR,455,N,GLN,445,NE2,113,0.0037665411152961567
ASN,209,ND2,LEU,173,O,112,0.0037332088930368988
THR,227,OG1,GLU,226,OE1,112,0.0037332088930368988
SER,276,OG,GLU,273,OE1,112,0.0037332088930368988
LEU,284,N,TYR,281,O,112,0.0037332088930368988
TYR,373,N,ASP,370,OD2,112,0.0037332088930368988
GLN,165,NE2,GLU,166,OE2,111,0.003699876670777641
LYS,208,NZ,GLN,211,OE1,111,0.003699876670777641
ASP,229,N,THR,227,OG1,111,0.003699876670777641
TYR,352,OH,ARG,1,O,111,0.003699876670777641
TYR,373,OH,ALA,397,O,110,0.003666544448518383
ASN,389,N,ASP,387,O,110,0.003666544448518383
SER,68,OG,ALA,64,O,109,0.0036332122262591245
ALA,135,N,LYS,133,O,109,0.0036332122262591245
SER,249,OG,ASN,250,OD1,108,0.0035998800039998666
LYS,169,NZ,ASN,172,OD1,107,0.0035665477817406087
ASP,235,N,ASP,238,OD2,107,0.0035665477817406087
ARG,350,NH1,GLU,54,OE2,106,0.0035332155594813507
LYS,72,NZ,GLU,190,OE2,105,0.0034998833372220928
LYS,25,NZ,SER,26,OG,104,0.0034665511149628344
ARG,29,NH2,SER,26,OG,104,0.0034665511149628344
ARG,105,NH2,CM1,408,O,104,0.0034665511149628344
GLN,163,N,HIE,161,O,104,0.0034665511149628344
ASN,214,ND2,ASN,261,O,104,0.0034665511149628344
LYS,394,N,GLU,396,OE1,104,0.0034665511149628344
ARG,98,NH2,HID,243,NE2,103,0.0034332188927035765
ILE,399,N,SER,402,O,103,0.0034332188927035765
HIP,384,NE2,GLU,375,OE1,102,0.0033998866704443185
SER,68,N,ALA,64,O,101,0.0033665544481850606
ARG,295,NH1,TYR,320,OH,101,0.0033665544481850606
SER,231,OG,ASP,229,O,99,0.0032998900036665443
ARG,20,NH1,LEU,15,O,97,0.0032332255591480284
GLN,345,NE2,HIE,346,O,97,0.0032332255591480284
LEU,242,N,THR,239,O,96,0.0031998933368887704
LYS,288,NZ,GLU,438,OE1,96,0.0031998933368887704
THR,39,OG1,VAL,47,O,95,0.0031665611146295125
GLY,108,N,ARG,112,O,95,0.0031665611146295125
LYS,111,N,ASP,106,OD2,95,0.0031665611146295125
HID,243,ND1,HID,243,O,95,0.0031665611146295125
ARG,295,NH1,HIE,291,ND1,95,0.0031665611146295125
ARG,29,NH2,GLN,17,O,93,0.003099896670110996
LYS,111,NZ,THR,102,O,93,0.003099896670110996
HIE,307,N,HIE,307,ND1,93,0.003099896670110996
ARG,406,NH1,HM1,464,O2A,93,0.003099896670110996
SER,132,OG,GLU,128,OE1,92,0.0030665644478517383
GLN,445,NE2,GLN,445,O,92,0.0030665644478517383
ASN,91,ND2,ASN,91,O,91,0.0030332322255924803
LYS,111,NZ,THR,103,O,90,0.0029999000033332224
HIE,161,NE2,GLN,163,OE1,90,0.0029999000033332224
HIE,203,N,PRO,200,O,90,0.0029999000033332224
LYS,288,NZ,GLU,438,OE2,90,0.0029999000033332224
ASN,381,ND2,GLU,375,OE1,90,0.0029999000033332224
LEU,262,N,ASN,259,O,89,0.002966567781073964
SER,276,OG,GLU,273,OE2,89,0.002966567781073964
LYS,394,NZ,LEU,392,O,89,0.002966567781073964
TYR,207,OH,PRO,78,O,88,0.002933235558814706
TYR,240,N,ILE,237,O,88,0.002933235558814706
HID,369,ND1,LEU,368,O,88,0.002933235558814706
ARG,98,NH1,HID,243,NE2,87,0.002899903336555448
ARG,31,NH1,ASP,370,OD1,86,0.00286657111429619
ARG,98,NH1,ASP,106,OD1,86,0.00286657111429619
ASN,149,ND2,ILE,146,O,86,0.00286657111429619
ASN,172,ND2,GLN,176,NE2,85,0.0028332388920369322
HIE,252,NE2,ASN,91,OD1,84,0.002799906669777674
SER,365,OG,ASP,333,OD2,84,0.002799906669777674
GLU,127,N,CYS,124,O,83,0.002766574447518416
ALA,215,N,GLU,212,O,82,0.002733242225259158
GLN,258,NE2,SER,256,OG,82,0.002733242225259158
SER,365,OG,LEU,24,O,82,0.002733242225259158
ASN,250,ND2,HIE,252,NE2,81,0.0026999100029999
ARG,98,NH1,THR,102,OG1,80,0.002666577780740642
GLN,457,NE2,THR,455,O,80,0.002666577780740642
LYS,33,NZ,GLU,32,OE1,79,0.0026332455584813837
ASN,172,ND2,ASN,172,O,79,0.0026332455584813837
GLN,258,NE2,GLN,258,O,79,0.0026332455584813837
ASN,259,ND2,ARG,92,NH2,79,0.0026332455584813837
ARG,406,NH2,ARG,406,O,79,0.0026332455584813837
GLN,211,NE2,LYS,208,O,78,0.002599913336222126
ARG,98,NH2,ASP,106,OD1,77,0.002566581113962868
GLU,116,N,GLU,115,OE1,77,0.002566581113962868
TYR,373,OH,GLU,54,OE2,77,0.002566581113962868
TYR,83,OH,GLU,254,OE2,76,0.00253324889170361
HIE,252,NE2,GLU,247,OE2,76,0.00253324889170361
ARG,280,NH1,TYR,175,OH,76,0.00253324889170361
ARG,463,NE,GLU,294,OE2,76,0.00253324889170361
THR,147,N,GLN,144,O,75,0.002499916669444352
ARG,463,NH1,SER,430,OG,75,0.002499916669444352
ARG,70,N,ASN,89,ND2,74,0.002466584447185094
GLU,116,N,GLU,116,OE1,74,0.002466584447185094
GLN,123,NE2,GLN,123,O,74,0.002466584447185094
ARG,130,NH2,ARG,463,O,74,0.002466584447185094
LYS,169,NZ,GLN,165,O,74,0.002466584447185094
THR,400,N,PHE,398,O,74,0.002466584447185094
GLN,445,NE2,GLU,446,OE1,74,0.002466584447185094
PHE,107,N,ASP,106,OD1,73,0.0024332522249258357
ARG,225,NE,GLU,226,OE1,73,0.0024332522249258357
SER,276,OG,GLN,144,OE1,73,0.0024332522249258357
GLN,345,NE2,GLU,65,OE1,73,0.0024332522249258357
LYS,72,NZ,ASP,77,OD1,72,0.0023999200026665777
ARG,406,NE,SER,68,OG,72,0.0023999200026665777
GLY,35,N,GLU,32,O,71,0.00236658778040732
LYS,158,NZ,GLU,166,OE1,71,0.00236658778040732
THR,272,OG1,THR,147,O,71,0.00236658778040732
LYS,356,N,HIE,346,NE2,71,0.00236658778040732
ARG,415,NH1,GLU,322,OE2,71,0.00236658778040732
TYR,162,N,HIE,161,ND1,70,0.002333255558148062
ASP,333,N,PHE,331,O,70,0.002333255558148062
GLY,69,N,ILE,342,O,69,0.002299923335888804
GLY,108,N,MET,104,O,69,0.002299923335888804
ASP,229,N,LYS,223,O,69,0.002299923335888804
TYR,373,OH,GLU,54,OE1,69,0.002299923335888804
LYS,33,NZ,GLU,32,OE2,68,0.0022665911136295455
ARG,98,NH1,ASP,106,OD2,68,0.0022665911136295455
ARG,225,NH1,HIE,257,NE2,68,0.0022665911136295455
LYS,317,NZ,HIE,313,ND1,68,0.0022665911136295455
TYR,373,OH,HIP,384,O,68,0.0022665911136295455
PHE,99,N,LEU,96,O,67,0.0022332588913702876
LEU,362,N,HID,341,NE2,67,0.0022332588913702876
ASN,381,ND2,ALA,379,O,67,0.0022332588913702876
ALA,64,N,ASP,62,O,65,0.0021665944468517717
ARG,70,NE,ILE,86,O,65,0.0021665944468517717
ARG,7,NH1,GLY,5,O,64,0.0021332622245925138
LYS,169,N,GLU,166,O,64,0.0021332622245925138
ARG,204,NH1,PHE,199,O,64,0.0021332622245925138
SER,256,OG,SER,253,O,64,0.0021332622245925138
THR,102,N,PHE,99,O,63,0.0020999300023332554
ARG,280,NH1,SER,276,OG,63,0.0020999300023332554
PHE,422,N,PHE,419,O,63,0.0020999300023332554
ARG,45,N,GLY,43,O,62,0.0020665977800739975
ILE,118,N,GLU,115,O,62,0.0020665977800739975
GLN,163,NE2,GLU,128,OE2,62,0.0020665977800739975
THR,227,N,GLU,222,O,62,0.0020665977800739975
GLN,258,NE2,ASN,259,OD1,62,0.0020665977800739975
ASN,261,ND2,ASN,214,ND2,62,0.0020665977800739975
HID,341,ND1,HM1,464,O2A,62,0.0020665977800739975
GLY,390,N,ALA,388,O,62,0.0020665977800739975
GLN,163,NE2,GLU,128,OE1,61,0.0020332655578147395
GLN,163,NE2,HIE,161,ND1,61,0.0020332655578147395
ALA,232,N,ASP,229,OD1,61,0.0020332655578147395
GLN,345,NE2,GLU,65,OE2,61,0.0020332655578147395
ARG,406,NE,HM1,464,O2A,61,0.0020332655578147395
ASN,381,ND2,GLU,375,OE2,60,0.0019999333355554816
PHE,107,N,ASP,106,OD2,59,0.0019666011132962236
ARG,295,NH2,GLU,299,OE2,58,0.0019332688910369655
ALA,379,N,PRO,377,O,58,0.0019332688910369655
ILE,56,N,VAL,53,O,57,0.0018999366687777073
GLY,69,N,ASN,89,OD1,57,0.0018999366687777073
ARG,330,NH2,GLU,327,OE2,57,0.0018999366687777073
ARG,406,NH2,SER,68,O,57,0.0018999366687777073
ARG,29,NH1,SER,26,OG,56,0.0018666044465184494
ARG,70,NH2,GLY,69,O,56,0.0018666044465184494
GLN,119,NE2,GLN,123,OE1,56,0.0018666044465184494
SER,145,N,LEU,142,O,56,0.0018666044465184494
PHE,255,N,SER,253,O,56,0.0018666044465184494
GLN,258,NE2,HIE,257,ND1,56,0.0018666044465184494
THR,400,OG1,ILE,399,O,56,0.0018666044465184494
GLN,427,N,THR,424,O,56,0.0018666044465184494
ARG,21,NH1,PRO,444,O,55,0.0018332722242591915
ARG,45,NH2,SER,193,OG,55,0.0018332722242591915
ARG,70,NE,ASN,89,OD1,55,0.0018332722242591915
ILE,237,N,ASP,235,OD1,55,0.0018332722242591915
GLY,351,N,PHE,349,O,55,0.0018332722242591915
THR,395,OG1,TYR,373,O,55,0.0018332722242591915
ILE,425,N,PHE,422,O,55,0.0018332722242591915
LYS,234,NZ,SER,231,O,54,0.0017999400019999333
GLY,90,N,SER,68,OG,53,0.0017666077797406754
ALA,135,N,SER,132,OG,53,0.0017666077797406754
LEU,260,N,TYR,240,OH,53,0.0017666077797406754
SER,266,OG,SER,266,O,53,0.0017666077797406754
TYR,373,OH,LYS,394,O,53,0.0017666077797406754
ARG,406,NH2,SER,68,OG,53,0.0017666077797406754
ALA,59,N,ILE,56,O,52,0.0017332755574814172
ARG,105,NH1,VAL,101,O,52,0.0017332755574814172
TYR,198,N,PHE,195,O,52,0.0017332755574814172
ASN,214,ND2,GLN,211,NE2,52,0.0017332755574814172
THR,272,N,PHE,269,O,52,0.0017332755574814172
VAL,449,N,GLN,187,OE1,52,0.0017332755574814172
PHE,460,N,GLY,134,O,52,0.0017332755574814172
ARG,1,NH2,LEU,2,O,51,0.0016999433352221593
GLN,144,NE2,THR,272,OG1,50,0.0016666111129629013
LYS,197,N,SER,193,O,50,0.0016666111129629013
ARG,350,NH1,GLU,54,OE1,50,0.0016666111129629013
THR,455,OG1,THR,455,O,50,0.0016666111129629013
ARG,159,NE,GLU,121,OE2,49,0.0016332788907036432
ARG,204,NE,GLN,205,OE1,49,0.0016332788907036432
HIP,384,NE2,LYS,376,O,49,0.0016332788907036432
SER,68,OG,GLU,65,O,48,0.0015999466684443852
ARG,70,NE,HID,341,NE2,48,0.0015999466684443852
SER,153,OG,GLY,157,O,48,0.0015999466684443852
GLN,329,NE2,ILE,325,O,48,0.0015999466684443852
ARG,406,N,GLY,404,O,48,0.0015999466684443852
GLN,445,NE2,THR,443,O,48,0.0015999466684443852
SER,231,OG,ALA,232,O,47,0.001566614446185127
SER,256,N,SER,253,O,47,0.001566614446185127
ARG,298,NH1,GLU,294,O,47,0.001566614446185127
LYS,393,NZ,GLU,396,OE1,47,0.001566614446185127
ILE,407,N,LEU,403,O,47,0.001566614446185127
ARG,45,NH1,GLU,190,OE1,46,0.0015332822239258691
SER,68,OG,ASN,89,OD1,46,0.0015332822239258691
PHE,174,N,LEU,171,O,46,0.0015332822239258691
SER,179,N,GLN,176,O,46,0.0015332822239258691
HIE,252,NE2,GLU,247,OE1,46,0.0015332822239258691
ASP,333,N,ASP,333,OD2,46,0.0015332822239258691
SER,100,OG,ARG,97,O,45,0.0014999500016666112
LYS,111,NZ,LYS,234,O,45,0.0014999500016666112
LEU,125,N,ALA,122,O,45,0.0014999500016666112
ARG,130,NH1,ARG,463,O,45,0.0014999500016666112
LYS,223,NZ,HIE,219,O,45,0.0014999500016666112
ALA,251,N,ASN,250,OD1,45,0.0014999500016666112
HIE,257,NE2,GLY,218,O,45,0.0014999500016666112
ARG,280,NH2,PRO,454,O,45,0.0014999500016666112
ASN,91,N,ASN,89,OD1,44,0.001466617779407353
ASN,172,N,LYS,169,O,44,0.001466617779407353
ARG,204,NH2,TYR,198,OH,44,0.001466617779407353
LYS,393,NZ,TYR,373,OH,44,0.001466617779407353
ARG,295,NH1,HIE,291,O,43,0.001433285557148095
ARG,315,NH2,GLU,322,OE1,43,0.001433285557148095
ALA,391,N,ASP,387,OD2,43,0.001433285557148095
LYS,25,NZ,CYS,447,O,42,0.001399953334888837
LYS,94,NZ,GLY,90,O,42,0.001399953334888837
ARG,130,NE,ASN,428,OD1,42,0.001399953334888837
ASP,383,N,ASN,381,ND2,42,0.001399953334888837
GLN,427,NE2,PRO,306,O,42,0.001399953334888837
GLU,65,N,ASP,62,O,41,0.001366621112629579
SER,68,N,THR,344,OG1,41,0.001366621112629579
ARG,81,NH2,GLN,211,OE1,41,0.001366621112629579
TYR,83,OH,GLU,254,OE1,41,0.001366621112629579
GLU,116,N,GLU,115,OE2,41,0.001366621112629579
LEU,188,N,PHE,185,O,41,0.001366621112629579
LYS,223,NZ,THR,227,OG1,41,0.001366621112629579
ASN,261,ND2,ASN,261,O,41,0.001366621112629579
THR,455,OG1,ASP,138,OD2,41,0.001366621112629579
ARG,92,N,ASN,89,O,40,0.001333288890370321
ARG,204,NH1,ARG,204,O,40,0.001333288890370321
LYS,223,NZ,PHE,156,O,40,0.001333288890370321
ARG,225,NE,GLU,226,OE2,40,0.001333288890370321
HIP,384,NE2,GLU,375,OE2,40,0.001333288890370321
ARG,81,NH1,PHE,79,O,39,0.001299956668111063
THR,227,N,GLU,226,OE2,39,0.001299956668111063
HIE,257,N,HIE,257,ND1,39,0.001299956668111063
LYS,133,NZ,ARG,130,O,38,0.001266624445851805
GLU,294,N,HIE,291,O,38,0.001266624445851805
ARG,350,NH2,GLU,54,OE2,38,0.001266624445851805
ASN,89,ND2,SER,68,OG,37,0.001233292223592547
ARG,98,NH2,THR,102,OG1,37,0.001233292223592547
MET,109,N,PHE,107,O,37,0.001233292223592547
ARG,130,NH1,GLN,123,OE1,37,0.001233292223592547
SER,256,OG,ASN,259,ND2,37,0.001233292223592547
THR,103,N,ARG,98,O,36,0.0011999600013332889
LYS,248,NZ,MET,244,O,36,0.0011999600013332889
ARG,330,NH2,ASP,378,O,36,0.0011999600013332889
ARG,350,NH2,GLU,54,OE1,36,0.0011999600013332889
LYS,451,NZ,ASP,333,O,36,0.0011999600013332889
GLN,457,NE2,LEU,136,O,36,0.0011999600013332889
LYS,63,NZ,SER,348,OG,35,0.001166627779074031
GLN,163,NE2,ASP,164,OD1,35,0.001166627779074031
TYR,289,N,MET,286,O,35,0.001166627779074031
ARG,315,NH2,GLU,322,OE2,35,0.001166627779074031
ARG,330,NH1,ASP,378,O,35,0.001166627779074031
LEU,368,N,SER,365,O,35,0.001166627779074031
ALA,64,N,ALA,59,O,34,0.0011332955568147728
GLY,69,N,PHE,67,O,34,0.0011332955568147728
TYR,83,OH,GLU,254,O,34,0.0011332955568147728
ARG,98,NH1,LYS,94,O,34,0.0011332955568147728
GLN,123,NE2,GLU,120,OE2,34,0.0011332955568147728
PHE,160,N,ASN,149,ND2,34,0.0011332955568147728
VAL,221,N,GLY,218,O,34,0.0011332955568147728
THR,227,N,GLU,226,OE1,34,0.0011332955568147728
HIE,307,NE2,ARG,463,OXT,34,0.0011332955568147728
HIE,313,NE2,GLU,115,OE2,34,0.0011332955568147728
TYR,34,N,ARG,31,O,33,0.0010999633345555148
ARG,70,NH2,HID,341,NE2,33,0.0010999633345555148
ASN,89,ND2,ALA,88,O,33,0.0010999633345555148
ARG,130,NH1,ASN,428,OD1,33,0.0010999633345555148
GLN,163,NE2,GLN,163,O,33,0.0010999633345555148
ALA,232,N,ASP,229,OD2,33,0.0010999633345555148
SER,253,N,ASN,250,OD1,33,0.0010999633345555148
ARG,98,NH2,ASP,106,OD2,32,0.0010666311122962569
LYS,111,NZ,GLY,110,O,32,0.0010666311122962569
HIE,161,NE2,GLU,128,OE1,32,0.0010666311122962569
VAL,184,N,GLU,446,OE2,32,0.0010666311122962569
THR,277,OG1,GLY,450,O,32,0.0010666311122962569
ASP,333,N,ASP,333,OD1,32,0.0010666311122962569
ASN,14,ND2,GLN,17,NE2,31,0.0010332988900369987
ARG,29,NH2,LYS,25,O,31,0.0010332988900369987
SER,132,OG,GLU,128,OE2,31,0.0010332988900369987
TYR,326,OH,GLU,411,OE2,31,0.0010332988900369987
GLY,390,N,ASP,387,OD2,31,0.0010332988900369987
LYS,393,NZ,GLU,396,OE2,31,0.0010332988900369987
GLN,457,NE2,ASP,138,N,31,0.0010332988900369987
LEU,16,N,GLY,13,O,30,0.0009999666677777408
ARG,20,N,ASP,19,OD2,30,0.0009999666677777408
ARG,81,NE,GLN,258,OE1,30,0.0009999666677777408
ASN,89,ND2,ASN,89,O,30,0.0009999666677777408
ARG,92,NH1,ARG,81,O,30,0.0009999666677777408
ARG,105,NE,ARG,105,O,30,0.0009999666677777408
ASN,259,ND2,TYR,240,OH,30,0.0009999666677777408
ARG,31,NH2,HIE,372,ND1,29,0.0009666344455184827
ARG,70,NH2,TRP,93,NE1,29,0.0009666344455184827
SER,100,N,ARG,97,O,29,0.0009666344455184827
VAL,114,N,GLU,115,OE2,29,0.0009666344455184827
ARG,204,NH2,LYS,197,O,29,0.0009666344455184827
LYS,208,N,GLN,205,O,29,0.0009666344455184827
ARG,225,NH1,GLU,245,OE1,29,0.0009666344455184827
ALA,391,N,ASN,389,O,29,0.0009666344455184827
GLU,417,N,ALA,414,O,29,0.0009666344455184827
ARG,57,NH1,GLU,396,OE2,28,0.0009333022232592247
ARG,81,NE,PRO,78,O,28,0.0009333022232592247
LYS,169,NZ,GLN,165,OE1,28,0.0009333022232592247
TYR,198,OH,HIE,203,ND1,28,0.0009333022232592247
GLN,205,NE2,ASN,209,ND2,28,0.0009333022232592247
SER,249,N,GLU,247,O,28,0.0009333022232592247
ASN,250,N,LYS,248,O,28,0.0009333022232592247
VAL,292,N,HIE,291,ND1,28,0.0009333022232592247
LYS,394,NZ,ASP,387,OD2,28,0.0009333022232592247
ARG,29,NE,SER,26,OG,27,0.0008999700009999666
ARG,70,NH2,ILE,86,O,27,0.0008999700009999666
ARG,98,NH2,GLU,247,OE2,27,0.0008999700009999666
GLY,110,N,ARG,105,O,27,0.0008999700009999666
ARG,159,NE,PHE,160,O,27,0.0008999700009999666
LYS,208,NZ,ASN,209,OD1,27,0.0008999700009999666
SER,249,OG,GLU,245,O,27,0.0008999700009999666
PHE,268,N,LEU,265,O,27,0.0008999700009999666
ALA,270,N,LEU,267,O,27,0.0008999700009999666
ARG,315,NH2,LEU,312,O,27,0.0008999700009999666
GLN,329,NE2,THR,278,OG1,27,0.0008999700009999666
ASP,333,N,GLN,329,O,27,0.0008999700009999666
ASP,357,N,THR,344,O,27,0.0008999700009999666
GLN,445,NE2,GLU,446,OE2,27,0.0008999700009999666
ARG,159,NE,GLU,120,OE2,26,0.0008666377787407086
GLN,176,NE2,ASN,172,ND2,26,0.0008666377787407086
ARG,295,N,VAL,292,O,26,0.0008666377787407086
ARG,29,NH1,LYS,25,O,25,0.0008333055564814507
ASP,77,N,ALA,74,O,25,0.0008333055564814507
GLN,123,NE2,GLU,120,OE1,25,0.0008333055564814507
ARG,130,N,GLU,127,O,25,0.0008333055564814507
GLY,134,N,LEU,129,O,25,0.0008333055564814507
GLN,165,N,GLN,165,NE2,25,0.0008333055564814507
ASN,172,ND2,LYS,169,O,25,0.0008333055564814507
VAL,184,N,GLU,446,OE1,25,0.0008333055564814507
LYS,234,NZ,THR,227,OG1,25,0.0008333055564814507
GLN,329,NE2,GLN,329,O,25,0.0008333055564814507
LYS,394,NZ,GLU,322,OE2,25,0.0008333055564814507
ARG,21,NH2,PRO,444,O,24,0.0007999733342221926
PHE,30,N,PHE,27,O,24,0.0007999733342221926
ARG,112,NE,GLU,120,OE2,24,0.0007999733342221926
LYS,248,NZ,PHE,255,O,24,0.0007999733342221926
GLN,258,NE2,HIE,257,NE2,24,0.0007999733342221926
ARG,315,NH1,LEU,312,O,24,0.0007999733342221926
THR,395,OG1,LYS,394,O,24,0.0007999733342221926
ARG,463,NH2,SER,430,OG,24,0.0007999733342221926
ARG,20,NE,ARG,20,O,23,0.0007666411119629346
ARG,20,NH2,MET,18,O,23,0.0007666411119629346
ARG,45,NH1,GLU,190,OE2,23,0.0007666411119629346
ARG,81,NH2,TYR,207,OH,23,0.0007666411119629346
ASN,91,ND2,ASN,89,OD1,23,0.0007666411119629346
ARG,98,NH2,GLU,247,OE1,23,0.0007666411119629346
GLN,119,NE2,GLN,119,O,23,0.0007666411119629346
ARG,159,NE,GLU,120,OE1,23,0.0007666411119629346
SER,253,N,ALA,251,O,23,0.0007666411119629346
LYS,317,NZ,HIE,313,NE2,23,0.0007666411119629346
ARG,350,NH1,ASP,36,OD2,23,0.0007666411119629346
LYS,394,NZ,THR,395,OG1,23,0.0007666411119629346
THR,395,OG1,TYR,326,OH,23,0.0007666411119629346
ARG,463,NE,SER,430,OG,23,0.0007666411119629346
ARG,31,N,LEU,28,O,22,0.0007333088897036765
ARG,81,NE,ASP,77,O,22,0.0007333088897036765
LYS,158,NZ,TYR,216,OH,22,0.0007333088897036765
LYS,197,NZ,GLY,194,O,22,0.0007333088897036765
ARG,204,N,HIE,203,ND1,22,0.0007333088897036765
TYR,207,OH,GLN,211,NE2,22,0.0007333088897036765
LYS,234,NZ,GLY,157,O,22,0.0007333088897036765
MET,244,N,LEU,241,O,22,0.0007333088897036765
ASN,259,ND2,ARG,92,NH1,22,0.0007333088897036765
ARG,330,NH2,ALA,379,O,22,0.0007333088897036765
ARG,463,NH1,GLN,427,O,22,0.0007333088897036765
ARG,204,NH1,LYS,197,O,21,0.0006999766674444185
LYS,208,NZ,ARG,204,O,21,0.0006999766674444185
ASN,214,ND2,ASN,261,ND2,21,0.0006999766674444185
LYS,246,NZ,GLU,245,OE1,21,0.0006999766674444185
TYR,352,OH,TYR,34,O,21,0.0006999766674444185
LYS,33,NZ,ARG,29,O,20,0.0006666444451851605
ARG,92,N,ASN,89,ND2,20,0.0006666444451851605
ARG,98,NE,LYS,94,O,20,0.0006666444451851605
ARG,105,N,ASP,106,O,20,0.0006666444451851605
ILE,126,N,GLN,123,O,20,0.0006666444451851605
ARG,130,NH1,ASN,428,O,20,0.0006666444451851605
LYS,133,N,LYS,131,O,20,0.0006666444451851605
ARG,159,NH1,PHE,160,O,20,0.0006666444451851605
TYR,162,OH,SER,145,O,20,0.0006666444451851605
GLN,163,N,HIE,161,NE2,20,0.0006666444451851605
HIE,203,N,HIE,203,ND1,20,0.0006666444451851605
ARG,204,NH2,PHE,199,O,20,0.0006666444451851605
LYS,208,NZ,LYS,208,O,20,0.0006666444451851605
ASN,214,ND2,GLN,258,NE2,20,0.0006666444451851605
LYS,248,N,LYS,246,O,20,0.0006666444451851605
ARG,280,NH2,TYR,175,OH,20,0.0006666444451851605
LYS,288,NZ,GLU,438,O,20,0.0006666444451851605
ARG,298,NH1,ARG,298,O,20,0.0006666444451851605
THR,321,N,MET,318,O,20,0.0006666444451851605
THR,395,N,LYS,393,O,20,0.0006666444451851605
THR,455,OG1,GLN,445,NE2,20,0.0006666444451851605
ARG,81,NH1,TYR,207,OH,19,0.0006333122229259025
ARG,117,NE,ARG,112,O,19,0.0006333122229259025
SER,179,OG,GLN,176,OE1,19,0.0006333122229259025
ARG,308,N,GLN,427,NE2,19,0.0006333122229259025
HIE,313,NE2,GLU,115,OE1,19,0.0006333122229259025
HIE,372,NE2,GLU,54,OE1,19,0.0006333122229259025
TYR,373,OH,LYS,393,O,19,0.0006333122229259025
SER,402,OG,HM1,464,O2A,19,0.0006333122229259025
ARG,21,NH1,GLU,446,OE2,18,0.0005999800006666444
GLU,58,N,ALA,55,O,18,0.0005999800006666444
SER,68,N,GLU,65,O,18,0.0005999800006666444
GLY,90,N,ASN,89,ND2,18,0.0005999800006666444
LYS,111,NZ,ALA,232,O,18,0.0005999800006666444
GLN,163,N,GLN,163,OE1,18,0.0005999800006666444
SER,231,OG,PRO,230,O,18,0.0005999800006666444
ARG,280,NH1,GLU,273,OE1,18,0.0005999800006666444
ARG,308,NH1,ILE,304,O,18,0.0005999800006666444
ARG,308,NH1,GLU,311,OE1,18,0.0005999800006666444
GLN,329,NE2,THR,400,O,18,0.0005999800006666444
LYS,393,NZ,LYS,394,O,18,0.0005999800006666444
ASP,441,N,ASP,439,O,18,0.0005999800006666444
GLN,457,N,GLN,457,OE1,18,0.0005999800006666444
ARG,459,NE,PHE,460,O,18,0.0005999800006666444
ARG,7,NE,PRO,8,O,17,0.0005666477784073864
LYS,33,NZ,LYS,33,O,17,0.0005666477784073864
ARG,70,NE,ALA,88,N,17,0.0005666477784073864
LEU,96,N,TRP,93,O,17,0.0005666477784073864
ASP,106,N,MET,104,O,17,0.0005666477784073864
GLY,110,N,LYS,111,O,17,0.0005666477784073864
ARG,112,NE,GLU,116,O,17,0.0005666477784073864
VAL,114,N,GLU,115,OE1,17,0.0005666477784073864
GLN,165,NE2,ASP,164,OD1,17,0.0005666477784073864
LYS,197,N,PHE,195,O,17,0.0005666477784073864
ARG,204,NH1,GLN,205,OE1,17,0.0005666477784073864
SER,256,OG,ASN,259,OD1,17,0.0005666477784073864
HIE,307,N,GLY,305,O,17,0.0005666477784073864
LEU,420,N,GLU,417,O,17,0.0005666477784073864
ARG,20,N,ASP,19,OD1,16,0.0005333155561481284
ASP,62,N,ALA,59,O,16,0.0005333155561481284
MET,109,N,LYS,111,O,16,0.0005333155561481284
GLN,123,NE2,GLU,127,OE1,16,0.0005333155561481284
LEU,129,N,ILE,126,O,16,0.0005333155561481284
PHE,143,N,THR,140,O,16,0.0005333155561481284
GLN,144,NE2,GLN,144,O,16,0.0005333155561481284
GLY,157,N,SER,153,O,16,0.0005333155561481284
HIE,161,NE2,GLU,128,OE2,16,0.0005333155561481284
GLN,205,NE2,GLN,205,O,16,0.0005333155561481284
GLN,211,N,LYS,208,O,16,0.0005333155561481284
ILE,217,N,ASN,214,O,16,0.0005333155561481284
HIE,252,NE2,ASN,91,ND2,16,0.0005333155561481284
ASN,263,N,GLN,258,O,16,0.0005333155561481284
ARG,280,NE,THR,140,OG1,16,0.0005333155561481284
ARG,350,NE,GLU,58,OE1,16,0.0005333155561481284
ARG,350,NH1,ASP,36,OD1,16,0.0005333155561481284
TYR,352,N,ARG,350,O,16,0.0005333155561481284
ASN,381,N,GLU,327,OE2,16,0.0005333155561481284
ARG,21,NH2,SER,26,OG,15,0.0004999833338888704
ARG,29,NH2,ASP,378,OD1,15,0.0004999833338888704
ARG,92,NE,ASN,259,ND2,15,0.0004999833338888704
ARG,97,NH2,GLY,404,O,15,0.0004999833338888704
LYS,111,N,PHE,107,O,15,0.0004999833338888704
GLY,194,N,LEU,196,O,15,0.0004999833338888704
GLY,201,N,HIE,203,NE2,15,0.0004999833338888704
SER,249,N,GLU,245,O,15,0.0004999833338888704
ASN,250,N,LYS,246,O,15,0.0004999833338888704
PHE,255,N,GLU,247,OE1,15,0.0004999833338888704
ASN,261,N,GLN,258,O,15,0.0004999833338888704
VAL,296,N,ALA,293,O,15,0.0004999833338888704
THR,344,OG1,GLN,345,NE2,15,0.0004999833338888704
LYS,394,NZ,HIE,372,O,15,0.0004999833338888704
ASN,428,ND2,PRO,306,O,15,0.0004999833338888704
PHE,429,N,LEU,426,O,15,0.0004999833338888704
ARG,20,NH2,GLN,445,O,14,0.00046665111162961235
ARG,45,NH2,LEU,42,O,14,0.00046665111162961235
LYS,63,NZ,GLU,65,OE1,14,0.00046665111162961235
LYS,94,N,ASN,91,O,14,0.00046665111162961235
GLN,123,NE2,GLU,127,OE2,14,0.00046665111162961235
THR,147,OG1,GLN,144,O,14,0.00046665111162961235
GLN,165,NE2,GLN,163,OE1,14,0.00046665111162961235
THR,227,OG1,ASP,229,OD1,14,0.00046665111162961235
THR,227,OG1,ASP,238,OD2,14,0.00046665111162961235
LYS,246,NZ,GLU,245,OE2,14,0.00046665111162961235
SER,253,OG,LYS,248,O,14,0.00046665111162961235
HID,341,ND1,PHE,67,O,14,0.00046665111162961235
SER,348,OG,GLY,351,O,14,0.00046665111162961235
GLU,375,N,TYR,373,O,14,0.00046665111162961235
ARG,21,NH1,GLN,445,O,13,0.0004333188893703543
LYS,25,N,ARG,21,O,13,0.0004333188893703543
GLY,69,N,ASN,89,ND2,13,0.0004333188893703543
LYS,72,NZ,SER,193,OG,13,0.0004333188893703543
ARG,81,NH1,GLN,258,NE2,13,0.0004333188893703543
ARG,112,NH1,GLY,157,O,13,0.0004333188893703543
ARG,117,NH1,LYS,234,O,13,0.0004333188893703543
GLN,119,N,GLU,116,O,13,0.0004333188893703543
LYS,133,NZ,LYS,133,O,13,0.0004333188893703543
TYR,162,OH,SER,145,OG,13,0.0004333188893703543
ILE,181,N,PHE,178,O,13,0.0004333188893703543
GLY,194,N,PHE,192,O,13,0.0004333188893703543
GLN,211,NE2,TYR,207,O,13,0.0004333188893703543
ARG,225,NH2,HIE,257,NE2,13,0.0004333188893703543
GLU,254,N,GLU,254,OE1,13,0.0004333188893703543
HIE,257,NE2,GLU,222,OE2,13,0.0004333188893703543
THR,275,OG1,THR,147,OG1,13,0.0004333188893703543
ARG,295,NH2,GLN,302,OE1,13,0.0004333188893703543
ARG,308,NE,ASP,314,OD1,13,0.0004333188893703543
ARG,308,NH1,GLU,311,OE2,13,0.0004333188893703543
LYS,317,NZ,VAL,303,O,13,0.0004333188893703543
TYR,373,OH,PHE,398,O,13,0.0004333188893703543
LYS,405,NZ,PHE,67,O,13,0.0004333188893703543
ARG,1,NH2,PRO,3,O,12,0.0003999866671110963
ARG,31,NH1,ASP,370,OD2,12,0.0003999866671110963
THR,102,OG1,THR,103,OG1,12,0.0003999866671110963
SER,153,N,ILE,150,O,12,0.0003999866671110963
ARG,159,NH1,SER,153,OG,12,0.0003999866671110963
ARG,159,NH1,TYR,162,OH,12,0.0003999866671110963
HIE,203,NE2,TYR,198,OH,12,0.0003999866671110963
ASN,209,ND2,GLN,176,NE2,12,0.0003999866671110963
HIE,257,NE2,GLU,222,OE1,12,0.0003999866671110963
ARG,308,NH2,ILE,304,O,12,0.0003999866671110963
THR,344,OG1,ILE,342,O,12,0.0003999866671110963
GLY,351,N,SER,348,O,12,0.0003999866671110963
PHE,374,N,PRO,371,O,12,0.0003999866671110963
ASN,381,ND2,LYS,376,O,12,0.0003999866671110963
ASN,389,ND2,ALA,388,O,12,0.0003999866671110963
LYS,394,NZ,GLU,396,O,12,0.0003999866671110963
ARG,406,NH2,SER,402,OG,12,0.0003999866671110963
GLY,448,N,SER,182,O,12,0.0003999866671110963
ARG,7,NH2,PRO,8,O,11,0.00036665444485183826
ASN,89,ND2,GLY,69,O,11,0.00036665444485183826
GLY,110,N,GLY,108,O,11,0.00036665444485183826
THR,147,OG1,SER,276,OG,11,0.00036665444485183826
LYS,158,NZ,GLY,157,O,11,0.00036665444485183826
ARG,204,NH1,HIE,203,O,11,0.00036665444485183826
LYS,208,NZ,GLN,205,NE2,11,0.00036665444485183826
ASN,209,ND2,ASN,209,O,11,0.00036665444485183826
GLU,222,N,HIE,219,O,11,0.00036665444485183826
ASN,250,ND2,SER,249,O,11,0.00036665444485183826
ALA,251,N,SER,249,O,11,0.00036665444485183826
ASN,259,N,GLN,258,OE1,11,0.00036665444485183826
ARG,280,NH1,PRO,453,O,11,0.00036665444485183826
ILE,328,N,ILE,325,O,11,0.00036665444485183826
ASN,381,ND2,GLU,375,O,11,0.00036665444485183826
GLY,412,N,CM1,408,O,11,0.00036665444485183826
PHE,419,N,GLU,417,O,11,0.00036665444485183826
ARG,1,NH2,TYR,352,OH,10,0.00033332222259258026
PHE,67,N,GLU,65,O,10,0.00033332222259258026
TYR,83,OH,GLN,258,NE2,10,0.00033332222259258026
ARG,159,NH2,TYR,162,OH,10,0.00033332222259258026
GLU,166,N,GLN,165,NE2,10,0.00033332222259258026
GLY,194,N,LEU,191,O,10,0.00033332222259258026
GLY,201,N,TYR,198,OH,10,0.00033332222259258026
GLY,201,N,HIE,203,ND1,10,0.00033332222259258026
HIE,203,N,PHE,185,O,10,0.00033332222259258026
GLN,205,NE2,PRO,200,O,10,0.00033332222259258026
TYR,240,OH,ASN,259,O,10,0.00033332222259258026
ARG,298,N,ARG,295,O,10,0.00033332222259258026
ARG,298,NE,GLU,294,O,10,0.00033332222259258026
ARG,298,NE,GLN,302,OE1,10,0.00033332222259258026
ARG,308,NH2,GLU,311,OE2,10,0.00033332222259258026
GLN,329,NE2,SER,332,O,10,0.00033332222259258026
LYS,394,NZ,TYR,373,O,10,0.00033332222259258026
ARG,415,NE,ARG,415,O,10,0.00033332222259258026
GLY,448,N,GLU,446,OE2,10,0.00033332222259258026
ARG,29,NH1,LEU,28,O,9,0.0002999900003333222
VAL,37,N,TYR,34,O,9,0.0002999900003333222
ARG,70,NE,ARG,70,N,9,0.0002999900003333222
ARG,81,NH2,ASP,77,OD1,9,0.0002999900003333222
ARG,92,N,ASN,91,OD1,9,0.0002999900003333222
GLY,110,N,ASP,106,OD1,9,0.0002999900003333222
GLN,119,NE2,GLU,116,OE1,9,0.0002999900003333222
LYS,131,NZ,SER,132,OG,9,0.0002999900003333222
GLN,165,N,ASP,164,OD2,9,0.0002999900003333222
LYS,197,N,GLY,194,O,9,0.0002999900003333222
TYR,207,N,ARG,204,O,9,0.0002999900003333222
ASN,209,ND2,GLN,205,NE2,9,0.0002999900003333222
LYS,223,NZ,ASP,229,OD2,9,0.0002999900003333222
THR,227,N,ARG,225,O,9,0.0002999900003333222
LYS,246,NZ,ASN,250,OD1,9,0.0002999900003333222
ASN,250,ND2,SER,249,OG,9,0.0002999900003333222
HIE,252,N,HIE,252,ND1,9,0.0002999900003333222
GLU,254,N,GLU,254,OE2,9,0.0002999900003333222
GLN,258,NE2,ARG,81,NH1,9,0.0002999900003333222
ASN,263,N,LEU,260,O,9,0.0002999900003333222
PHE,269,N,SER,266,O,9,0.0002999900003333222
THR,272,OG1,GLU,273,OE2,9,0.0002999900003333222
TYR,320,OH,VAL,292,O,9,0.0002999900003333222
TYR,326,OH,ARG,415,NH2,9,0.0002999900003333222
ARG,350,NE,GLU,58,OE2,9,0.0002999900003333222
ASN,389,ND2,ASN,389,O,9,0.0002999900003333222
ALA,391,N,ASN,389,ND2,9,0.0002999900003333222
LYS,394,NZ,THR,395,O,9,0.0002999900003333222
THR,395,OG1,THR,395,O,9,0.0002999900003333222
ARG,415,N,GLU,411,O,9,0.0002999900003333222
GLY,448,N,GLU,446,OE1,9,0.0002999900003333222
SER,26,OG,ARG,29,NH2,8,0.0002666577780740642
GLY,43,N,LEU,12,O,8,0.0002666577780740642
ARG,45,NE,SER,193,OG,8,0.0002666577780740642
ARG,70,NH1,HM1,464,O2D,8,0.0002666577780740642
ALA,74,N,ARG,45,NH2,8,0.0002666577780740642
MET,75,N,GLU,190,OE2,8,0.0002666577780740642
ASN,91,ND2,HIE,252,ND1,8,0.0002666577780740642
ARG,92,NE,ASN,259,OD1,8,0.0002666577780740642
ARG,92,NH1,ASN,89,OD1,8,0.0002666577780740642
ARG,92,NH2,HIE,252,O,8,0.0002666577780740642
ARG,105,NH1,ARG,105,O,8,0.0002666577780740642
ARG,105,NH2,ILE,407,O,8,0.0002666577780740642
GLY,110,N,PHE,107,O,8,0.0002666577780740642
ALA,122,N,GLN,119,O,8,0.0002666577780740642
SER,132,OG,LYS,133,O,8,0.0002666577780740642
SER,132,OG,ALA,135,O,8,0.0002666577780740642
GLY,134,N,SER,132,O,8,0.0002666577780740642
SER,145,OG,TYR,162,O,8,0.0002666577780740642
THR,147,OG1,THR,272,OG1,8,0.0002666577780740642
THR,147,OG1,THR,272,O,8,0.0002666577780740642
PHE,156,N,ILE,151,O,8,0.0002666577780740642
ARG,159,NH2,PHE,160,O,8,0.0002666577780740642
ARG,204,NH2,GLN,205,OE1,8,0.0002666577780740642
LYS,223,NZ,SER,220,OG,8,0.0002666577780740642
GLU,226,N,GLU,226,OE2,8,0.0002666577780740642
LYS,234,N,ALA,232,O,8,0.0002666577780740642
TYR,240,OH,GLU,254,O,8,0.0002666577780740642
GLN,258,N,GLN,258,NE2,8,0.0002666577780740642
ARG,280,NH2,THR,140,OG1,8,0.0002666577780740642
HIE,307,NE2,ASN,428,OD1,8,0.0002666577780740642
GLU,322,N,PRO,319,O,8,0.0002666577780740642
GLN,345,NE2,GLN,345,O,8,0.0002666577780740642
HIE,346,N,GLN,345,NE2,8,0.0002666577780740642
ARG,350,NH2,GLU,54,O,8,0.0002666577780740642
THR,358,N,LYS,356,O,8,0.0002666577780740642
HIE,372,NE2,GLU,54,OE2,8,0.0002666577780740642
LYS,394,NZ,ASP,387,OD1,8,0.0002666577780740642
LYS,405,NZ,VAL,61,O,8,0.0002666577780740642
SER,430,OG,GLU,294,OE1,8,0.0002666577780740642
GLN,445,NE2,TYR,175,OH,8,0.0002666577780740642
ARG,1,NH1,TYR,352,OH,7,0.00023332555581480617
ARG,21,N,ASP,19,O,7,0.00023332555581480617
SER,26,OG,SER,26,O,7,0.00023332555581480617
ARG,29,NH2,ASP,378,OD2,7,0.00023332555581480617
THR,39,OG1,PHE,38,O,7,0.00023332555581480617
ARG,57,NH2,GLU,58,OE1,7,0.00023332555581480617
ARG,97,NH1,ARG,406,O,7,0.00023332555581480617
ARG,98,NE,ARG,98,O,7,0.00023332555581480617
THR,103,OG1,SER,100,O,7,0.00023332555581480617
ARG,105,N,THR,103,O,7,0.00023332555581480617
GLY,110,N,ASP,106,OD2,7,0.00023332555581480617
ARG,112,NH1,SER,153,OG,7,0.00023332555581480617
GLN,144,NE2,THR,140,O,7,0.00023332555581480617
GLN,187,NE2,ARG,21,O,7,0.00023332555581480617
SER,193,OG,LEU,42,O,7,0.00023332555581480617
LEU,196,N,SER,193,O,7,0.00023332555581480617
HIE,203,N,TYR,198,OH,7,0.00023332555581480617
ARG,204,NE,HIE,203,ND1,7,0.00023332555581480617
LEU,210,N,TYR,207,O,7,0.00023332555581480617
LYS,223,NZ,HIE,219,NE2,7,0.00023332555581480617
GLU,226,N,GLU,222,OE2,7,0.00023332555581480617
THR,227,OG1,THR,227,O,7,0.00023332555581480617
THR,227,OG1,ASP,238,OD1,7,0.00023332555581480617
HID,243,ND1,GLU,247,OE1,7,0.00023332555581480617
HIE,257,NE2,ASN,261,OD1,7,0.00023332555581480617
ARG,298,NH1,GLN,302,OE1,7,0.00023332555581480617
GLN,302,NE2,GLU,301,O,7,0.00023332555581480617
MET,318,N,ASP,314,O,7,0.00023332555581480617
THR,344,OG1,THR,344,O,7,0.00023332555581480617
LYS,356,NZ,GLN,345,NE2,7,0.00023332555581480617
ASN,389,ND2,LEU,392,O,7,0.00023332555581480617
THR,424,N,PHE,421,O,7,0.00023332555581480617
LEU,442,N,ASP,441,OD1,7,0.00023332555581480617
LEU,442,N,ASP,441,OD2,7,0.00023332555581480617
THR,443,N,ASP,441,O,7,0.00023332555581480617
LYS,451,NZ,TYR,281,OH,7,0.00023332555581480617
GLN,457,NE2,THR,455,OG1,7,0.00023332555581480617
ARG,29,NH1,ARG,29,O,6,0.00019999333355554815
ARG,31,NE,ARG,31,O,6,0.00019999333355554815
ARG,31,NH1,GLU,32,OE2,6,0.00019999333355554815
GLY,71,N,HID,341,N,6,0.00019999333355554815
ARG,81,NH2,GLN,258,NE2,6,0.00019999333355554815
TYR,83,OH,SER,256,OG,6,0.00019999333355554815
THR,103,N,VAL,101,O,6,0.00019999333355554815
LYS,111,NZ,ARG,112,O,6,0.00019999333355554815
GLN,123,NE2,HIE,307,O,6,0.00019999333355554815
GLN,144,NE2,SER,276,OG,6,0.00019999333355554815
ASN,149,ND2,ARG,159,NE,6,0.00019999333355554815
VAL,155,N,CYS,152,O,6,0.00019999333355554815
TYR,162,OH,CYS,124,O,6,0.00019999333355554815
GLN,165,N,ASP,164,OD1,6,0.00019999333355554815
LEU,171,N,LEU,168,O,6,0.00019999333355554815
ASN,172,ND2,TYR,175,OH,6,0.00019999333355554815
LYS,197,NZ,PHE,195,O,6,0.00019999333355554815
ASN,209,ND2,GLN,176,O,6,0.00019999333355554815
THR,239,N,LEU,236,O,6,0.00019999333355554815
THR,239,OG1,LEU,236,O,6,0.00019999333355554815
ASN,250,ND2,SER,253,OG,6,0.00019999333355554815
GLN,258,NE2,ASN,214,ND2,6,0.00019999333355554815
MET,286,N,PHE,283,O,6,0.00019999333355554815
LEU,312,N,GLN,119,OE1,6,0.00019999333355554815
HIE,313,N,GLU,311,O,6,0.00019999333355554815
LYS,317,N,HIE,313,O,6,0.00019999333355554815
PHE,349,N,THR,347,O,6,0.00019999333355554815
TYR,352,OH,LEU,2,O,6,0.00019999333355554815
LYS,393,NZ,GLU,375,OE2,6,0.00019999333355554815
ARG,406,NH2,HM1,464,O1A,6,0.00019999333355554815
SER,430,OG,PHE,429,O,6,0.00019999333355554815
THR,455,OG1,THR,140,OG1,6,0.00019999333355554815
ASN,14,ND2,ARG,7,O,5,0.00016666111129629013
ARG,21,NH1,ARG,20,O,5,0.00016666111129629013
ARG,29,NH1,ASP,378,OD2,5,0.00016666111129629013
ARG,31,NH1,GLU,32,OE1,5,0.00016666111129629013
LYS,33,N,ARG,31,O,5,0.00016666111129629013
ARG,70,N,ALA,88,O,5,0.00016666111129629013
ARG,70,NE,PHE,87,O,5,0.00016666111129629013
ASN,91,ND2,HIE,252,NE2,5,0.00016666111129629013
ARG,92,NH1,SER,253,O,5,0.00016666111129629013
ARG,92,NH1,SER,256,OG,5,0.00016666111129629013
ARG,92,NH2,GLU,254,O,5,0.00016666111129629013
ARG,98,NE,THR,102,OG1,5,0.00016666111129629013
ARG,98,NH1,GLU,247,OE2,5,0.00016666111129629013
ARG,98,NH2,HID,243,ND1,5,0.00016666111129629013
THR,102,OG1,HID,243,NE2,5,0.00016666111129629013
ARG,105,NH1,SER,100,OG,5,0.00016666111129629013
ARG,105,NH1,GLU,115,OE1,5,0.00016666111129629013
ARG,105,NH2,GLU,115,OE2,5,0.00016666111129629013
ARG,117,NH1,SER,153,O,5,0.00016666111129629013
LYS,133,NZ,LEU,136,O,5,0.00016666111129629013
MET,137,N,ALA,135,O,5,0.00016666111129629013
TYR,175,N,ASN,172,O,5,0.00016666111129629013
SER,193,N,LEU,191,O,5,0.00016666111129629013
ASN,209,ND2,THR,177,N,5,0.00016666111129629013
ASN,209,ND2,GLN,205,OE1,5,0.00016666111129629013
HIE,219,NE2,GLU,166,OE2,5,0.00016666111129629013
TYR,240,OH,SER,256,N,5,0.00016666111129629013
SER,256,N,ASN,259,ND2,5,0.00016666111129629013
SER,256,OG,GLN,258,NE2,5,0.00016666111129629013
THR,272,OG1,ALA,148,N,5,0.00016666111129629013
THR,277,OG1,LYS,451,O,5,0.00016666111129629013
ARG,280,NH1,GLU,273,OE2,5,0.00016666111129629013
ARG,295,NH2,ASP,383,OD2,5,0.00016666111129629013
TYR,297,OH,PRO,306,O,5,0.00016666111129629013
ILE,325,N,GLU,322,O,5,0.00016666111129629013
ASN,381,ND2,PHE,380,O,5,0.00016666111129629013
ASN,381,ND2,HIP,384,NE2,5,0.00016666111129629013
LYS,405,N,LEU,60,O,5,0.00016666111129629013
ASN,428,ND2,GLN,427,O,5,0.00016666111129629013
SER,430,OG,GLU,294,OE2,5,0.00016666111129629013
GLN,445,N,PRO,453,O,5,0.00016666111129629013
ARG,1,NH1,ARG,1,O,4,0.0001333288890370321
ASP,19,N,GLN,17,O,4,0.0001333288890370321
ARG,21,NE,GLN,445,O,4,0.0001333288890370321
ARG,29,NH1,ASP,378,OD1,4,0.0001333288890370321
ASP,36,N,TYR,352,OH,4,0.0001333288890370321
ARG,57,NH2,GLU,58,OE2,4,0.0001333288890370321
ARG,70,NH2,HID,341,ND1,4,0.0001333288890370321
ASN,89,N,GLY,82,O,4,0.0001333288890370321
ASN,89,ND2,ARG,70,N,4,0.0001333288890370321
ASN,89,ND2,GLU,254,OE2,4,0.0001333288890370321
ARG,92,NH1,TYR,83,OH,4,0.0001333288890370321
TRP,93,NE1,HM1,464,O1A,4,0.0001333288890370321
ARG,97,NH2,TRP,93,NE1,4,0.0001333288890370321
SER,100,OG,HM1,464,O1D,4,0.0001333288890370321
ARG,105,NH1,MET,104,O,4,0.0001333288890370321
ARG,105,NH1,ILE,407,O,4,0.0001333288890370321
LYS,111,NZ,MET,104,O,4,0.0001333288890370321
ARG,117,NE,ILE,154,N,4,0.0001333288890370321
GLN,119,NE2,GLU,116,OE2,4,0.0001333288890370321
ARG,130,NH2,GLN,123,NE2,4,0.0001333288890370321
ARG,159,NH2,GLN,123,OE1,4,0.0001333288890370321
GLU,166,N,GLN,165,OE1,4,0.0001333288890370321
PHE,178,N,TYR,175,O,4,0.0001333288890370321
HIE,203,NE2,LEU,196,O,4,0.0001333288890370321
GLN,205,NE2,GLY,201,O,4,0.0001333288890370321
LYS,223,N,SER,220,O,4,0.0001333288890370321
ARG,225,NH1,ARG,225,O,4,0.0001333288890370321
LYS,234,NZ,PHE,156,O,4,0.0001333288890370321
TYR,240,OH,LEU,260,N,4,0.0001333288890370321
HID,243,ND1,GLU,247,OE2,4,0.0001333288890370321
LYS,246,N,MET,244,O,4,0.0001333288890370321
LYS,246,NZ,SER,249,OG,4,0.0001333288890370321
SER,256,N,ASN,259,OD1,4,0.0001333288890370321
HIE,257,NE2,ARG,225,NH1,4,0.0001333288890370321
ASN,263,ND2,ASN,259,OD1,4,0.0001333288890370321
LEU,279,N,SER,276,O,4,0.0001333288890370321
LEU,285,N,GLY,282,O,4,0.0001333288890370321
ARG,295,NE,ARG,295,O,4,0.0001333288890370321
ARG,295,NH1,ASP,383,OD1,4,0.0001333288890370321
GLN,302,NE2,ARG,298,NH2,4,0.0001333288890370321
ARG,308,NH2,GLU,311,OE1,4,0.0001333288890370321
LYS,317,NZ,GLN,302,OE1,4,0.0001333288890370321
VAL,324,N,THR,321,O,4,0.0001333288890370321
TYR,326,OH,THR,395,OG1,4,0.0001333288890370321
TYR,326,OH,ARG,415,NE,4,0.0001333288890370321
ILE,342,N,PHE,67,O,4,0.0001333288890370321
HIE,346,N,HIE,346,ND1,4,0.0001333288890370321
ARG,350,NH1,ARG,350,O,4,0.0001333288890370321
THR,395,N,HIP,384,O,4,0.0001333288890370321
THR,395,OG1,LEU,392,O,4,0.0001333288890370321
PHE,401,N,THR,400,OG1,4,0.0001333288890370321
SER,402,OG,ARG,406,NE,4,0.0001333288890370321
ARG,406,NH2,CM1,408,N,4,0.0001333288890370321
ILE,407,N,ARG,97,NH1,4,0.0001333288890370321
ARG,415,NH1,ARG,415,O,4,0.0001333288890370321
SER,430,N,PRO,462,O,4,0.0001333288890370321
SER,430,OG,MET,431,O,4,0.0001333288890370321
SER,430,OG,ARG,463,OXT,4,0.0001333288890370321
ARG,459,NE,SER,433,O,4,0.0001333288890370321
ARG,463,NH2,PHE,429,O,4,0.0001333288890370321
ARG,20,NE,MET,18,O,3,9.999666677777408e-05
ARG,20,NH1,ASP,19,OD2,3,9.999666677777408e-05
ARG,20,NH1,GLN,445,O,3,9.999666677777408e-05
LYS,25,NZ,GLU,446,OE1,3,9.999666677777408e-05
ARG,29,NH2,ARG,21,NH2,3,9.999666677777408e-05
ARG,31,NH2,HIE,372,NE2,3,9.999666677777408e-05
TYR,34,OH,GLY,5,O,3,9.999666677777408e-05
VAL,37,N,TYR,352,OH,3,9.999666677777408e-05
ARG,57,NH1,GLU,396,OE1,3,9.999666677777408e-05
ARG,57,NH1,ALA,397,O,3,9.999666677777408e-05
ALA,64,N,GLU,65,OE2,3,9.999666677777408e-05
ARG,70,NE,VAL,339,O,3,9.999666677777408e-05
ARG,70,NE,HID,341,ND1,3,9.999666677777408e-05
ARG,70,NH1,VAL,339,O,3,9.999666677777408e-05
LYS,72,NZ,ARG,81,NH1,3,9.999666677777408e-05
MET,75,N,ILE,73,O,3,9.999666677777408e-05
ARG,81,NH2,PRO,78,O,3,9.999666677777408e-05
GLY,84,N,GLY,82,O,3,9.999666677777408e-05
VAL,85,N,SER,266,OG,3,9.999666677777408e-05
ALA,88,N,ARG,70,NH1,3,9.999666677777408e-05
ASN,89,ND2,HID,341,NE2,3,9.999666677777408e-05
ARG,97,N,LYS,94,O,3,9.999666677777408e-05
ARG,98,NH2,ASN,91,OD1,3,9.999666677777408e-05
THR,102,OG1,VAL,101,O,3,9.999666677777408e-05
ARG,105,NE,GLU,411,OE2,3,9.999666677777408e-05
ARG,105,NH1,GLY,108,O,3,9.999666677777408e-05
ARG,112,NE,GLU,120,OE1,3,9.999666677777408e-05
ARG,112,NH1,ARG,159,NH1,3,9.999666677777408e-05
ARG,117,NH2,SER,113,O,3,9.999666677777408e-05
GLN,119,NE2,GLU,116,O,3,9.999666677777408e-05
ARG,130,NH2,ASN,428,O,3,9.999666677777408e-05
LYS,133,NZ,ALA,135,O,3,9.999666677777408e-05
MET,137,N,ILE,458,N,3,9.999666677777408e-05
THR,140,N,ASP,138,O,3,9.999666677777408e-05
ALA,148,N,SER,145,O,3,9.999666677777408e-05
LYS,158,NZ,ASP,164,OD2,3,9.999666677777408e-05
ARG,159,NH2,GLU,120,O,3,9.999666677777408e-05
HIE,161,NE2,GLN,163,NE2,3,9.999666677777408e-05
GLN,176,NE2,GLN,205,OE1,3,9.999666677777408e-05
SER,183,N,ILE,181,O,3,9.999666677777408e-05
VAL,184,N,SER,183,OG,3,9.999666677777408e-05
PHE,199,N,ARG,204,NH1,3,9.999666677777408e-05
VAL,206,N,HIE,203,O,3,9.999666677777408e-05
LYS,223,NZ,GLU,222,OE1,3,9.999666677777408e-05
LYS,223,NZ,ASP,229,OD1,3,9.999666677777408e-05
HIP,224,ND1,LYS,223,O,3,9.999666677777408e-05
HIP,224,ND1,ASP,229,OD2,3,9.999666677777408e-05
GLU,226,N,HIP,224,O,3,9.999666677777408e-05
THR,227,OG1,LEU,228,O,3,9.999666677777408e-05
HID,243,ND1,TYR,240,O,3,9.999666677777408e-05
LYS,246,NZ,LYS,246,O,3,9.999666677777408e-05
LYS,248,NZ,SER,253,OG,3,9.999666677777408e-05
SER,249,OG,SER,249,O,3,9.999666677777408e-05
HIE,252,N,ASN,250,O,3,9.999666677777408e-05
HIE,257,NE2,LYS,248,O,3,9.999666677777408e-05
SER,276,N,GLU,273,O,3,9.999666677777408e-05
THR,278,N,THR,275,O,3,9.999666677777408e-05
TYR,297,OH,GLN,427,O,3,9.999666677777408e-05
GLY,305,N,GLU,301,O,3,9.999666677777408e-05
HIE,307,N,ILE,304,O,3,9.999666677777408e-05
GLU,311,N,ARG,308,NH1,3,9.999666677777408e-05
GLU,327,N,VAL,324,O,3,9.999666677777408e-05
ASP,333,N,ARG,330,O,3,9.999666677777408e-05
THR,344,OG1,ASP,357,OD1,3,9.999666677777408e-05
THR,344,OG1,ASP,357,OD2,3,9.999666677777408e-05
TYR,352,OH,ARG,1,NH1,3,9.999666677777408e-05
TYR,373,N,PRO,371,O,3,9.999666677777408e-05
ALA,379,N,ASP,378,OD1,3,9.999666677777408e-05
ASN,381,N,ALA,379,O,3,9.999666677777408e-05
LYS,393,NZ,GLU,396,O,3,9.999666677777408e-05
LYS,394,NZ,TYR,373,OH,3,9.999666677777408e-05
SER,402,OG,LEU,403,O,3,9.999666677777408e-05
SER,402,OG,ARG,406,NH1,3,9.999666677777408e-05
ILE,407,N,ARG,97,NH2,3,9.999666677777408e-05
ILE,407,N,HM1,464,O1D,3,9.999666677777408e-05
THR,424,OG1,PHE,421,O,3,9.999666677777408e-05
GLN,427,NE2,GLN,427,O,3,9.999666677777408e-05
VAL,449,N,SER,182,O,3,9.999666677777408e-05
ARG,459,NH2,SER,433,O,3,9.999666677777408e-05
LEU,16,N,ASN,14,O,2,6.666444451851606e-05
ARG,20,NE,ARG,20,N,2,6.666444451851606e-05
ARG,20,NE,ARG,21,NH1,2,6.666444451851606e-05
ARG,20,NH2,LEU,15,O,2,6.666444451851606e-05
ARG,20,NH2,LEU,16,O,2,6.666444451851606e-05
ARG,21,NH1,GLU,446,OE1,2,6.666444451851606e-05
LYS,25,NZ,LYS,25,O,2,6.666444451851606e-05
ARG,29,NH1,ARG,21,NH1,2,6.666444451851606e-05
ARG,29,NH2,ARG,21,NE,2,6.666444451851606e-05
ARG,31,NH1,ASP,36,N,2,6.666444451851606e-05
ARG,31,NH2,THR,366,O,2,6.666444451851606e-05
ARG,45,NH1,PRO,46,O,2,6.666444451851606e-05
ARG,57,NH2,GLU,396,OE2,2,6.666444451851606e-05
LYS,63,NZ,ASP,62,O,2,6.666444451851606e-05
LYS,72,NZ,ARG,45,NH1,2,6.666444451851606e-05
LYS,72,NZ,ARG,70,O,2,6.666444451851606e-05
LYS,72,NZ,GLY,71,O,2,6.666444451851606e-05
ALA,74,N,LYS,72,O,2,6.666444451851606e-05
ARG,81,NH1,GLN,211,OE1,2,6.666444451851606e-05
ARG,92,NE,ASN,89,O,2,6.666444451851606e-05
ARG,92,NE,GLU,254,O,2,6.666444451851606e-05
ARG,92,NH1,GLU,254,O,2,6.666444451851606e-05
ARG,92,NH2,GLY,82,O,2,6.666444451851606e-05
ARG,92,NH2,SER,253,O,2,6.666444451851606e-05
ARG,98,NH1,ARG,97,O,2,6.666444451851606e-05
ARG,105,NH1,CM1,408,O,2,6.666444451851606e-05
LYS,111,NZ,ASP,235,O,2,6.666444451851606e-05
ARG,112,NH2,GLY,157,O,2,6.666444451851606e-05
ARG,117,NE,ARG,112,NH1,2,6.666444451851606e-05
GLN,123,NE2,ALA,122,O,2,6.666444451851606e-05
LYS,131,NZ,LYS,131,O,2,6.666444451851606e-05
SER,132,OG,SER,132,O,2,6.666444451851606e-05
ILE,151,N,ALA,148,O,2,6.666444451851606e-05
SER,153,OG,LYS,158,O,2,6.666444451851606e-05
GLY,157,N,VAL,155,O,2,6.666444451851606e-05
GLN,165,NE2,ASP,164,OD2,2,6.666444451851606e-05
LYS,169,NZ,GLU,212,O,2,6.666444451851606e-05
TYR,175,OH,THR,140,OG1,2,6.666444451851606e-05
TYR,175,OH,ASN,172,OD1,2,6.666444451851606e-05
GLN,176,NE2,GLN,205,NE2,2,6.666444451851606e-05
GLN,176,NE2,ASN,209,ND2,2,6.666444451851606e-05
SER,193,OG,SER,193,O,2,6.666444451851606e-05
LYS,197,NZ,LYS,197,O,2,6.666444451851606e-05
LYS,197,NZ,TYR,198,OH,2,6.666444451851606e-05
TYR,198,OH,ARG,204,NH1,2,6.666444451851606e-05
HIE,203,NE2,LYS,197,O,2,6.666444451851606e-05
ARG,204,NH1,HIE,203,ND1,2,6.666444451851606e-05
ARG,204,NH2,HIE,203,ND1,2,6.666444451851606e-05
ARG,204,NH2,GLN,205,NE2,2,6.666444451851606e-05
GLN,205,NE2,ARG,204,NH2,2,6.666444451851606e-05
HIE,219,NE2,TYR,216,OH,2,6.666444451851606e-05
LYS,223,NZ,TYR,216,OH,2,6.666444451851606e-05
LYS,223,NZ,GLU,222,OE2,2,6.666444451851606e-05
HIP,224,N,GLU,222,O,2,6.666444451851606e-05
HIP,224,NE2,PHE,156,O,2,6.666444451851606e-05
ARG,225,NH1,GLU,245,OE2,2,6.666444451851606e-05
GLU,226,N,GLU,226,OE1,2,6.666444451851606e-05
THR,227,OG1,GLU,222,O,2,6.666444451851606e-05
THR,227,OG1,ARG,225,O,2,6.666444451851606e-05
TYR,240,OH,HIE,257,O,2,6.666444451851606e-05
LYS,248,N,HID,243,O,2,6.666444451851606e-05
LYS,248,NZ,ARG,225,NH2,2,6.666444451851606e-05
LYS,248,NZ,SER,249,OG,2,6.666444451851606e-05
SER,249,OG,LYS,248,O,2,6.666444451851606e-05
GLN,258,NE2,HIE,257,O,2,6.666444451851606e-05
ASN,259,ND2,SER,256,O,2,6.666444451851606e-05
GLY,271,N,PHE,268,O,2,6.666444451851606e-05
SER,276,OG,GLU,273,O,2,6.666444451851606e-05
ARG,280,N,THR,277,O,2,6.666444451851606e-05
ARG,280,NE,PRO,454,O,2,6.666444451851606e-05
ARG,280,NH1,THR,140,O,2,6.666444451851606e-05
ARG,280,NH1,SER,276,O,2,6.666444451851606e-05
TYR,281,N,THR,278,O,2,6.666444451851606e-05
HIE,291,N,TYR,289,O,2,6.666444451851606e-05
ARG,295,NE,HIE,291,ND1,2,6.666444451851606e-05
ARG,295,NE,TYR,320,OH,2,6.666444451851606e-05
ARG,295,NH1,GLN,302,OE1,2,6.666444451851606e-05
ARG,295,NH1,ASP,383,OD2,2,6.666444451851606e-05
ARG,295,NH2,HIE,291,ND1,2,6.666444451851606e-05
GLN,302,NE2,ARG,298,NH1,2,6.666444451851606e-05
SER,332,OG,PHE,331,O,2,6.666444451851606e-05
LEU,334,N,SER,332,O,2,6.666444451851606e-05
HID,341,ND1,SER,68,O,2,6.666444451851606e-05
HID,341,ND1,ARG,70,NH2,2,6.666444451851606e-05
THR,344,OG1,PHE,67,N,2,6.666444451851606e-05
ARG,350,NH2,ALA,55,N,2,6.666444451851606e-05
TYR,352,OH,ARG,1,NH2,2,6.666444451851606e-05
ASP,378,N,ASP,378,OD2,2,6.666444451851606e-05
ALA,379,N,ASP,378,OD2,2,6.666444451851606e-05
ASP,383,N,ASP,383,OD2,2,6.666444451851606e-05
LYS,393,NZ,TYR,373,O,2,6.666444451851606e-05
ALA,397,N,TYR,373,OH,2,6.666444451851606e-05
ARG,406,NE,ILE,407,N,2,6.666444451851606e-05
SER,430,OG,ARG,463,NH1,2,6.666444451851606e-05
GLN,457,NE2,GLN,457,N,2,6.666444451851606e-05
ARG,463,NE,TYR,297,OH,2,6.666444451851606e-05
ARG,463,NH2,ARG,463,OXT,2,6.666444451851606e-05
ARG,1,N,GLY,351,O,1,3.333222225925803e-05
ARG,1,NE,ARG,1,O,1,3.333222225925803e-05
ARG,1,NE,LEU,2,N,1,3.333222225925803e-05
ARG,1,NE,TYR,352,OH,1,3.333222225925803e-05
ARG,1,NH1,SER,348,OG,1,3.333222225925803e-05
GLY,5,N,ARG,7,NH1,1,3.333222225925803e-05
ARG,7,NE,ARG,7,O,1,3.333222225925803e-05
ARG,7,NH1,TYR,34,OH,1,3.333222225925803e-05
GLY,13,N,LEU,11,O,1,3.333222225925803e-05
ARG,20,NH1,ARG,21,NH2,1,3.333222225925803e-05
ARG,21,NH2,LYS,25,O,1,3.333222225925803e-05
ARG,21,NH2,ARG,29,NH2,1,3.333222225925803e-05
ARG,21,NH2,GLN,445,O,1,3.333222225925803e-05
GLY,22,N,ARG,20,O,1,3.333222225925803e-05
LEU,23,N,GLN,187,NE2,1,3.333222225925803e-05
LYS,25,NZ,GLU,446,OE2,1,3.333222225925803e-05
ARG,29,NE,LEU,28,O,1,3.333222225925803e-05
ARG,29,NH1,ASP,19,N,1,3.333222225925803e-05
ARG,29,NH1,ARG,21,NH2,1,3.333222225925803e-05
ARG,29,NH2,MET,18,O,1,3.333222225925803e-05
ASP,36,N,ASP,36,OD1,1,3.333222225925803e-05
HIE,41,NE2,PRO,44,O,1,3.333222225925803e-05
LYS,63,N,ALA,59,O,1,3.333222225925803e-05
ALA,64,N,LEU,60,O,1,3.333222225925803e-05
GLU,65,N,LYS,63,O,1,3.333222225925803e-05
ALA,66,N,ALA,64,O,1,3.333222225925803e-05
SER,68,N,ALA,66,O,1,3.333222225925803e-05
SER,68,OG,GLY,69,O,1,3.333222225925803e-05
GLY,69,N,HID,341,NE2,1,3.333222225925803e-05
ARG,70,NE,ASN,89,ND2,1,3.333222225925803e-05
ARG,70,NH1,ALA,88,N,1,3.333222225925803e-05
ARG,70,NH2,PHE,87,N,1,3.333222225925803e-05
GLY,82,N,ASP,77,OD1,1,3.333222225925803e-05
GLY,82,N,PHE,80,O,1,3.333222225925803e-05
GLY,84,N,ASN,259,ND2,1,3.333222225925803e-05
ASN,89,N,ARG,92,NH2,1,3.333222225925803e-05
ASN,89,ND2,ARG,70,NE,1,3.333222225925803e-05
ASN,89,ND2,ARG,70,NH1,1,3.333222225925803e-05
ASN,89,ND2,GLY,90,N,1,3.333222225925803e-05
ASN,89,ND2,ARG,92,NH1,1,3.333222225925803e-05
ASN,89,ND2,GLU,254,OE1,1,3.333222225925803e-05
ASN,91,N,ASN,89,ND2,1,3.333222225925803e-05
ARG,92,NH2,TYR,83,OH,1,3.333222225925803e-05
TRP,93,NE1,ARG,97,NH2,1,3.333222225925803e-05
LYS,94,NZ,ASN,91,ND2,1,3.333222225925803e-05
ARG,97,NH1,ILE,407,N,1,3.333222225925803e-05
ARG,98,NH1,ARG,98,O,1,3.333222225925803e-05
ARG,98,NH1,ARG,105,NH1,1,3.333222225925803e-05
ARG,98,NH2,LYS,94,O,1,3.333222225925803e-05
ARG,98,NH2,ARG,105,NH2,1,3.333222225925803e-05
VAL,101,N,PHE,99,O,1,3.333222225925803e-05
THR,102,OG1,ASP,106,O,1,3.333222225925803e-05
THR,103,N,THR,102,OG1,1,3.333222225925803e-05
ARG,105,NH2,VAL,101,O,1,3.333222225925803e-05
ARG,105,NH2,GLY,108,O,1,3.333222225925803e-05
ASP,106,N,SER,100,O,1,3.333222225925803e-05
GLY,108,N,THR,102,O,1,3.333222225925803e-05
GLY,108,N,SER,113,N,1,3.333222225925803e-05
LYS,111,NZ,THR,103,OG1,1,3.333222225925803e-05
ARG,112,N,GLY,110,O,1,3.333222225925803e-05
ARG,112,NH1,GLU,116,O,1,3.333222225925803e-05
SER,113,OG,PHE,107,O,1,3.333222225925803e-05
SER,113,OG,GLY,108,O,1,3.333222225925803e-05
ARG,117,NH1,GLY,157,O,1,3.333222225925803e-05
GLN,119,NE2,GLU,116,N,1,3.333222225925803e-05
GLN,119,NE2,PRO,309,O,1,3.333222225925803e-05
GLN,123,NE2,GLN,119,NE2,1,3.333222225925803e-05
GLN,123,NE2,GLU,120,N,1,3.333222225925803e-05
GLN,123,NE2,CYS,124,N,1,3.333222225925803e-05
GLN,123,NE2,HIE,307,ND1,1,3.333222225925803e-05
ARG,130,NE,ILE,126,O,1,3.333222225925803e-05
ARG,130,NH1,ARG,463,OXT,1,3.333222225925803e-05
ARG,130,NH2,ARG,463,OXT,1,3.333222225925803e-05
SER,132,N,ARG,130,O,1,3.333222225925803e-05
SER,132,OG,ARG,130,O,1,3.333222225925803e-05
LEU,136,N,ARG,459,NH2,1,3.333222225925803e-05
GLN,144,NE2,ASN,172,OD1,1,3.333222225925803e-05
GLN,144,NE2,TYR,175,N,1,3.333222225925803e-05
SER,145,OG,TYR,162,OH,1,3.333222225925803e-05
ASN,149,ND2,HIE,161,O,1,3.333222225925803e-05
CYS,152,N,ASN,149,O,1,3.333222225925803e-05
LYS,158,NZ,HIE,219,ND1,1,3.333222225925803e-05
ARG,159,N,SER,153,OG,1,3.333222225925803e-05
ARG,159,NE,ASN,149,ND2,1,3.333222225925803e-05
HIE,161,NE2,ASP,164,OD2,1,3.333222225925803e-05
TYR,162,N,HIE,161,NE2,1,3.333222225925803e-05
GLN,163,N,GLN,163,NE2,1,3.333222225925803e-05
GLN,163,NE2,HIE,161,NE2,1,3.333222225925803e-05
GLN,163,NE2,GLN,163,N,1,3.333222225925803e-05
LYS,169,NZ,GLN,165,NE2,1,3.333222225925803e-05
TYR,175,OH,GLN,445,OE1,1,3.333222225925803e-05
GLN,176,N,LEU,173,O,1,3.333222225925803e-05
GLN,176,NE2,LEU,173,N,1,3.333222225925803e-05
GLN,176,NE2,SER,179,OG,1,3.333222225925803e-05
THR,177,N,TYR,175,O,1,3.333222225925803e-05
SER,183,OG,ARG,20,NH2,1,3.333222225925803e-05
GLN,187,NE2,VAL,184,O,1,3.333222225925803e-05
SER,193,N,LEU,191,N,1,3.333222225925803e-05
SER,193,OG,ALA,74,O,1,3.333222225925803e-05
GLY,194,N,SER,193,OG,1,3.333222225925803e-05
LYS,197,NZ,SER,193,O,1,3.333222225925803e-05
PHE,199,N,PHE,195,O,1,3.333222225925803e-05
PHE,199,N,LYS,197,O,1,3.333222225925803e-05
ALA,202,N,TYR,198,OH,1,3.333222225925803e-05
ARG,204,NE,PHE,199,O,1,3.333222225925803e-05
ARG,204,NE,GLN,205,NE2,1,3.333222225925803e-05
ARG,204,NH1,TYR,198,O,1,3.333222225925803e-05
ARG,204,NH1,GLN,211,OE1,1,3.333222225925803e-05
ARG,204,NH2,TYR,198,O,1,3.333222225925803e-05
ARG,204,NH2,GLN,211,OE1,1,3.333222225925803e-05
GLN,205,N,GLN,205,NE2,1,3.333222225925803e-05
GLN,205,NE2,ARG,204,NH1,1,3.333222225925803e-05
TYR,207,N,GLN,205,O,1,3.333222225925803e-05
LYS,208,NZ,GLN,176,OE1,1,3.333222225925803e-05
LYS,208,NZ,GLN,205,O,1,3.333222225925803e-05
ASN,209,ND2,VAL,206,O,1,3.333222225925803e-05
TYR,216,OH,ASP,164,OD1,1,3.333222225925803e-05
HIE,219,NE2,GLU,166,OE1,1,3.333222225925803e-05
HIP,224,ND1,THR,227,OG1,1,3.333222225925803e-05
HIP,224,ND1,ASP,235,OD1,1,3.333222225925803e-05
HIP,224,ND1,ASP,238,OD1,1,3.333222225925803e-05
HIP,224,ND1,ASP,238,OD2,1,3.333222225925803e-05
ARG,225,N,LYS,223,O,1,3.333222225925803e-05
ARG,225,NE,GLU,222,O,1,3.333222225925803e-05
THR,227,OG1,LYS,234,NZ,1,3.333222225925803e-05
LEU,228,N,LYS,223,O,1,3.333222225925803e-05
SER,231,OG,ASP,238,OD1,1,3.333222225925803e-05
ALA,232,N,SER,231,OG,1,3.333222225925803e-05
LYS,234,NZ,MET,109,O,1,3.333222225925803e-05
LYS,234,NZ,ASP,229,O,1,3.333222225925803e-05
LEU,241,N,ASP,238,O,1,3.333222225925803e-05
LYS,246,NZ,PRO,230,O,1,3.333222225925803e-05
LYS,246,NZ,HID,243,O,1,3.333222225925803e-05
LYS,246,NZ,GLU,245,O,1,3.333222225925803e-05
LYS,246,NZ,ASN,250,ND2,1,3.333222225925803e-05
GLU,247,N,GLU,245,O,1,3.333222225925803e-05
LYS,248,NZ,HIE,257,ND1,1,3.333222225925803e-05
ASN,250,ND2,LYS,246,O,1,3.333222225925803e-05
ALA,251,N,ASN,250,ND2,1,3.333222225925803e-05
GLU,254,N,ASN,91,OD1,1,3.333222225925803e-05
GLU,254,N,HIE,252,O,1,3.333222225925803e-05
SER,256,OG,PHE,255,O,1,3.333222225925803e-05
SER,256,OG,HIE,257,ND1,1,3.333222225925803e-05
GLN,258,N,SER,256,O,1,3.333222225925803e-05
GLN,258,NE2,ARG,81,NH2,1,3.333222225925803e-05
ASN,259,ND2,ASN,263,OD1,1,3.333222225925803e-05
ASN,261,ND2,GLN,258,NE2,1,3.333222225925803e-05
THR,272,N,LEU,267,O,1,3.333222225925803e-05
THR,277,N,GLU,273,OE1,1,3.333222225925803e-05
THR,278,OG1,SER,332,OG,1,3.333222225925803e-05
ARG,280,NH2,ASP,138,OD2,1,3.333222225925803e-05
GLY,282,N,LEU,279,O,1,3.333222225925803e-05
LEU,284,N,TYR,456,OH,1,3.333222225925803e-05
LYS,288,NZ,LYS,288,O,1,3.333222225925803e-05
HIE,291,NE2,TYR,320,OH,1,3.333222225925803e-05
ARG,295,NH1,GLU,294,OE2,1,3.333222225925803e-05
ARG,295,NH2,GLN,302,NE2,1,3.333222225925803e-05
TYR,297,OH,ARG,463,OXT,1,3.333222225925803e-05
ARG,298,NH1,GLN,302,NE2,1,3.333222225925803e-05
ARG,298,NH2,ARG,295,N,1,3.333222225925803e-05
ARG,298,NH2,TYR,297,O,1,3.333222225925803e-05
ARG,298,NH2,GLN,302,OE1,1,3.333222225925803e-05
ILE,300,N,TYR,297,O,1,3.333222225925803e-05
GLN,302,NE2,ARG,298,NE,1,3.333222225925803e-05
GLN,302,NE2,GLU,299,N,1,3.333222225925803e-05
GLN,302,NE2,GLU,299,O,1,3.333222225925803e-05
GLN,302,NE2,LYS,317,O,1,3.333222225925803e-05
HIE,307,NE2,ARG,130,NH2,1,3.333222225925803e-05
HIE,307,NE2,ARG,463,O,1,3.333222225925803e-05
LEU,312,N,GLN,119,NE2,1,3.333222225925803e-05
HIE,313,N,HIE,313,ND1,1,3.333222225925803e-05
ASP,314,N,GLU,311,OE1,1,3.333222225925803e-05
ASP,314,N,HIE,313,ND1,1,3.333222225925803e-05
ARG,315,N,HIE,313,N,1,3.333222225925803e-05
ARG,315,NH2,GLU,115,OE1,1,3.333222225925803e-05
LYS,317,NZ,GLN,302,NE2,1,3.333222225925803e-05
LYS,317,NZ,ALA,316,O,1,3.333222225925803e-05
LYS,317,NZ,LYS,317,O,1,3.333222225925803e-05
TYR,320,OH,ASP,383,OD1,1,3.333222225925803e-05
ALA,323,N,TYR,320,O,1,3.333222225925803e-05
TYR,326,OH,ARG,415,NH1,1,3.333222225925803e-05
GLN,329,N,TYR,326,O,1,3.333222225925803e-05
ARG,330,NH1,HID,369,ND1,1,3.333222225925803e-05
LEU,334,N,SER,332,OG,1,3.333222225925803e-05
HID,341,ND1,GLY,69,N,1,3.333222225925803e-05
HID,341,ND1,ILE,342,O,1,3.333222225925803e-05
GLN,345,N,GLN,345,OE1,1,3.333222225925803e-05
GLN,345,N,GLN,345,NE2,1,3.333222225925803e-05
THR,347,N,GLN,345,O,1,3.333222225925803e-05
THR,347,OG1,ILE,354,O,1,3.333222225925803e-05
SER,348,OG,TYR,352,N,1,3.333222225925803e-05
ARG,350,NH1,GLU,54,O,1,3.333222225925803e-05
GLY,351,N,SER,348,OG,1,3.333222225925803e-05
LYS,356,NZ,THR,344,OG1,1,3.333222225925803e-05
LYS,356,NZ,LYS,356,O,1,3.333222225925803e-05
LEU,364,N,MET,337,O,1,3.333222225925803e-05
HID,369,ND1,SER,365,OG,1,3.333222225925803e-05
HIE,372,N,HIE,372,ND1,1,3.333222225925803e-05
TYR,373,OH,ALA,397,N,1,3.333222225925803e-05
ASP,378,N,ASP,378,OD1,1,3.333222225925803e-05
PHE,380,N,ASP,378,O,1,3.333222225925803e-05
ASP,383,N,ASP,383,OD1,1,3.333222225925803e-05
HIP,384,N,ASN,381,OD1,1,3.333222225925803e-05
LYS,393,N,LEU,386,N,1,3.333222225925803e-05
LYS,393,NZ,ASP,387,N,1,3.333222225925803e-05
LYS,393,NZ,LYS,393,O,1,3.333222225925803e-05
LYS,394,NZ,ARG,415,NH2,1,3.333222225925803e-05
ALA,397,N,GLU,396,OE1,1,3.333222225925803e-05
ALA,397,N,GLU,396,OE2,1,3.333222225925803e-05
PHE,398,N,THR,395,OG1,1,3.333222225925803e-05
THR,400,N,GLN,329,OE1,1,3.333222225925803e-05
THR,400,N,SER,402,O,1,3.333222225925803e-05
THR,400,OG1,THR,400,O,1,3.333222225925803e-05
SER,402,OG,PHE,401,O,1,3.333222225925803e-05
SER,402,OG,ARG,406,NH2,1,3.333222225925803e-05
GLY,404,N,GLU,396,OE1,1,3.333222225925803e-05
LYS,405,N,LEU,403,O,1,3.333222225925803e-05
ARG,406,NE,SER,68,O,1,3.333222225925803e-05
ARG,406,NH1,ALA,59,O,1,3.333222225925803e-05
ARG,406,NH1,ALA,88,O,1,3.333222225925803e-05
ARG,406,NH1,HM1,464,O1D,1,3.333222225925803e-05
ARG,406,NH2,ALA,64,O,1,3.333222225925803e-05
ARG,406,NH2,PHE,67,O,1,3.333222225925803e-05
ARG,406,NH2,ALA,88,O,1,3.333222225925803e-05
ARG,415,N,GLY,412,O,1,3.333222225925803e-05
ARG,415,NE,ARG,315,NH1,1,3.333222225925803e-05
PHE,421,N,LEU,418,O,1,3.333222225925803e-05
THR,423,N,LEU,420,O,1,3.333222225925803e-05
THR,423,OG1,LEU,420,O,1,3.333222225925803e-05
THR,424,OG1,ALA,122,O,1,3.333222225925803e-05
ASN,428,ND2,ARG,463,OXT,1,3.333222225925803e-05
SER,430,OG,ARG,463,NH2,1,3.333222225925803e-05
SER,430,OG,ARG,463,O,1,3.333222225925803e-05
ASP,439,N,PRO,437,O,1,3.333222225925803e-05
GLN,445,N,GLN,445,OE1,1,3.333222225925803e-05
GLN,445,NE2,THR,455,N,1,3.333222225925803e-05
CYS,447,N,SER,182,O,1,3.333222225925803e-05
GLY,450,N,GLY,448,O,1,3.333222225925803e-05
LYS,451,N,LEU,334,O,1,3.333222225925803e-05
LYS,451,NZ,SER,332,N,1,3.333222225925803e-05
LYS,451,NZ,SER,332,O,1,3.333222225925803e-05
TYR,456,OH,ASP,138,OD2,1,3.333222225925803e-05
TYR,456,OH,THR,140,OG1,1,3.333222225925803e-05
TYR,456,OH,LEU,284,N,1,3.333222225925803e-05
GLN,457,NE2,GLN,457,O,1,3.333222225925803e-05
LEU,461,N,ARG,459,O,1,3.333222225925803e-05
ARG,463,NH2,TYR,297,OH,1,3.333222225925803e-05
