donor_resname,donor_resid,donor_atom,acceptor_resname,acceptor_resid,acceptor_atom,count,frequency
THR,321,OG1,GLU,299,OE1,29248,0.9749008366387787
ARG,330,NH2,GLU,327,OE1,29076,0.9691676944101864
ASN,381,N,GLU,327,OE1,28773,0.9590680310656311
THR,424,OG1,LEU,420,O,28674,0.9557681410619646
ARG,330,NE,GLU,327,OE2,28300,0.9433018899370021
ILE,146,N,LEU,142,O,28048,0.9349021699276691
LEU,168,N,ASP,164,O,27951,0.9316689443685211
VAL,40,N,VAL,47,O,27856,0.9285023832538916
ARG,330,NH1,LEU,368,O,27764,0.9254358188060398
SER,365,N,PRO,336,O,27741,0.9246691776940769
VAL,343,N,THR,358,O,27684,0.9227692410252991
ALA,148,N,GLN,144,O,27642,0.9213692876904103
TYR,456,OH,ARG,280,O,27520,0.9173027565747809
HIP,384,N,ASN,381,O,27476,0.9158361387953735
GLU,301,N,TYR,297,O,27471,0.9156694776840772
PHE,421,N,GLU,417,O,27441,0.9146695110162995
LEU,196,N,PHE,192,O,27425,0.9141361954601513
THR,423,OG1,PHE,419,O,27398,0.9132362254591514
VAL,155,N,ILE,151,O,27394,0.9131028965701143
GLN,176,N,ASN,172,O,27200,0.9066364454518183
PHE,385,N,PRO,382,O,27151,0.9050031665611147
ILE,458,N,MET,137,O,27137,0.904536515449485
SER,365,OG,ASP,333,OD1,27133,0.9044031865604479
MET,49,N,PHE,38,O,27027,0.9008699710009667
ILE,217,N,ILE,213,O,26964,0.8987700409986333
SER,145,OG,PHE,141,O,26932,0.8977034098863371
THR,177,OG1,LEU,173,O,26859,0.8952701576614113
VAL,48,N,GLU,359,O,26820,0.8939702009933003
PHE,178,N,PHE,174,O,26734,0.891103629879004
LEU,426,N,PHE,422,O,26697,0.8898703376554115
THR,278,OG1,THR,274,O,26693,0.8897370087663744
THR,277,OG1,GLU,273,O,26692,0.8897036765441152
PHE,331,N,GLU,327,O,26681,0.8893370220992634
ASN,149,ND2,GLU,121,OE2,26650,0.8883037232092263
LEU,210,N,VAL,206,O,26612,0.8870370987633746
ARG,70,NH1,ILE,86,O,26569,0.8856038132062265
PHE,361,N,VAL,48,O,26502,0.8833705543148562
THR,366,OG1,ILE,363,O,26378,0.8792373587547082
ARG,406,NH2,ALA,88,O,26376,0.8791706943101897
VAL,101,N,ARG,97,O,26335,0.87780407319756
PHE,160,N,ASN,149,OD1,26304,0.876770774307523
SER,100,OG,LEU,96,O,26302,0.8767041098630046
HIE,41,N,ASN,14,OD1,26290,0.8763041231958935
PHE,349,N,TYR,352,O,26283,0.8760707976400787
ASN,428,ND2,THR,424,O,26282,0.8760374654178195
ASP,387,N,ALA,391,O,26212,0.8737042098596713
LEU,420,N,ALA,416,O,26198,0.8732375587480418
LEU,171,N,PHE,167,O,26174,0.8724375854138195
SER,182,OG,PHE,178,O,26170,0.8723042565247825
PHE,143,N,PRO,139,O,26115,0.8704709843005233
ALA,414,N,GLY,410,O,26086,0.8695043498550048
THR,358,OG1,PRO,355,O,26007,0.8668711042965235
ILE,354,N,THR,347,O,25972,0.8657044765174494
ASP,164,N,HIE,161,O,25953,0.8650711642945235
PHE,283,N,LEU,279,O,25916,0.863837872070931
CYS,152,N,ALA,148,O,25791,0.8596713442885238
GLY,305,N,ILE,300,O,25655,0.8551381620612646
GLN,427,NE2,ARG,308,O,25632,0.8543715209493017
SER,430,N,LEU,461,O,25585,0.8528049065031166
TYR,175,N,LEU,171,O,25524,0.8507716409453018
HID,341,N,VAL,360,O,25483,0.8494050198326722
THR,103,OG1,PHE,99,O,25460,0.8486383787207094
VAL,206,N,ALA,202,O,25422,0.8473717542748576
ARG,97,N,TRP,93,O,25372,0.8457051431618946
THR,423,N,PHE,419,O,25305,0.8434718842705243
SER,183,OG,LEU,180,O,25289,0.8429385687143762
SER,332,OG,ILE,328,O,25133,0.8377387420419319
TYR,326,N,GLU,322,O,25109,0.8369387687077098
ASN,14,N,HIE,41,O,25036,0.8345055164827839
PHE,269,N,LEU,265,O,24934,0.8311056298123396
THR,39,N,PRO,4,O,24925,0.8308056398120063
SER,276,N,THR,272,O,24872,0.8290390320322656
TYR,162,OH,GLU,121,OE2,24571,0.819006033132229
THR,347,N,ILE,354,O,24476,0.8158394720175994
GLN,329,N,ILE,325,O,24438,0.8145728475717476
THR,321,N,GLU,299,OE1,24365,0.8121395953468218
ILE,452,N,GLU,446,O,24335,0.811139628679044
ARG,159,NH2,GLU,121,OE2,24210,0.8069731008966368
THR,264,OG1,LEU,260,O,24109,0.8036065464484518
ILE,181,N,THR,177,O,24095,0.8031398953368221
LEU,265,N,ASN,261,O,24086,0.8028399053364887
ILE,300,N,VAL,296,O,24056,0.8018399386687111
ARG,280,N,SER,276,O,24037,0.8012066264457851
LEU,9,N,GLY,13,O,24011,0.8003399886670445
PHE,38,N,MET,49,O,24009,0.800273324222526
LEU,279,N,THR,275,O,23977,0.7992066931102296
LEU,28,N,LEU,24,O,23966,0.7988400386653778
VAL,303,N,GLU,299,O,23850,0.7949735008833039
LYS,393,N,PHE,385,O,23774,0.7924402519916003
THR,424,N,LEU,420,O,23736,0.7911736275457485
SER,26,OG,GLY,22,O,23691,0.7896736775440819
LEU,60,N,ILE,56,O,23623,0.7874070864304523
MET,137,N,ILE,458,O,23601,0.7866737775407486
ARG,406,NH1,HM1,464,O2D,23576,0.7858404719842672
ARG,159,NE,GLU,121,OE1,23572,0.7857071430952302
LEU,129,N,LEU,125,O,23550,0.7849738342055265
ILE,363,N,LEU,50,O,23532,0.7843738542048598
LYS,208,N,ARG,204,O,23525,0.784140528649045
SER,100,N,LEU,96,O,23471,0.7823405886470451
LEU,461,N,SER,430,O,23442,0.7813739542015267
ASN,259,ND2,SER,253,O,23409,0.7802739908669711
GLN,119,N,GLU,115,O,23372,0.7790406986433785
THR,275,OG1,GLY,271,O,23289,0.7762741241958602
ALA,122,N,ILE,118,O,23238,0.774574180860638
TYR,83,N,PHE,80,O,23233,0.7744075197493417
ILE,56,N,GLY,52,O,23205,0.7734742175260825
ILE,126,N,ALA,122,O,23203,0.773407553081564
THR,147,OG1,PHE,143,O,23192,0.7730408986367121
ARG,57,N,VAL,53,O,23152,0.7717076097463418
LEU,96,N,ARG,92,O,23130,0.7709743008566381
ARG,298,N,GLU,294,O,23027,0.7675410819639346
GLU,222,N,GLY,218,O,22995,0.7664744508516382
ASN,209,N,GLN,205,O,22992,0.7663744541848605
ASN,263,N,ASN,259,O,22980,0.7659744675177494
LEU,285,N,TYR,281,O,22944,0.7647745075164161
GLU,327,N,ALA,323,O,22944,0.7647745075164161
ARG,308,NH1,ASP,314,OD2,22933,0.7644078530715643
LEU,125,N,GLU,121,O,22904,0.7634412186260457
VAL,360,N,HID,341,O,22843,0.7614079530682311
ALA,416,N,ILE,413,O,22683,0.7560747975067498
VAL,221,N,ILE,217,O,22573,0.7524082530582314
CYS,51,N,ASP,36,O,22527,0.7508749708343055
ASP,383,N,ASN,381,OD1,22444,0.7481083963867871
ASN,214,N,LEU,210,O,22418,0.7472417586080464
TYR,34,N,PHE,30,O,22410,0.7469751008299723
THR,344,N,ALA,66,O,22408,0.7469084363854538
THR,39,OG1,PRO,3,O,22311,0.7436752108263058
ARG,98,N,LYS,94,O,22188,0.739575347488417
GLU,322,N,MET,318,O,22177,0.7392086930435652
ASN,149,N,SER,145,O,22166,0.7388420385987133
LYS,356,N,HIE,346,ND1,22155,0.7384753841538615
GLY,338,N,LEU,335,O,21793,0.7264091196960102
MET,286,N,GLY,282,O,21783,0.7260757974734176
LEU,50,N,PHE,361,O,21776,0.7258424719176028
VAL,95,N,ASN,91,O,21528,0.7175760807973067
ILE,328,N,VAL,324,O,21472,0.7157094763507883
THR,102,OG1,ARG,98,O,21467,0.715542815239492
GLU,417,N,ILE,413,O,21280,0.7093096896770108
ARG,31,N,PHE,27,O,21279,0.7092763574547515
LEU,368,N,LEU,364,O,21253,0.7084097196760109
TYR,297,N,ALA,293,O,21215,0.707143095230159
GLY,71,N,PRO,340,O,21164,0.7054431518949368
LYS,223,N,HIE,219,O,21107,0.7035432152261591
GLN,211,N,TYR,207,O,21070,0.7023099230025666
PHE,27,N,LEU,23,O,20954,0.6984433852204927
LEU,241,N,ILE,237,O,20948,0.6982433918869371
LEU,173,N,LYS,169,O,20938,0.6979100696643445
GLY,282,N,THR,278,O,20904,0.6967767741075297
ARG,97,NH1,HM1,464,O1D,20795,0.6931435618812706
ALA,323,N,PRO,319,O,20789,0.6929435685477151
PHE,30,N,SER,26,O,20571,0.6856771440951969
ARG,70,NH1,HM1,464,O1A,20499,0.6832772240925302
SER,145,N,PHE,141,O,20492,0.6830438985367154
MET,244,N,TYR,240,O,20483,0.6827439085363821
ASP,77,N,ILE,73,O,20465,0.6821439285357155
PHE,422,N,LEU,418,O,20428,0.6809106363121229
GLY,52,N,THR,366,OG1,20371,0.6790106996433453
TYR,281,N,THR,277,O,20161,0.672010932968901
SER,179,OG,TYR,175,O,20154,0.6717776074130862
VAL,324,N,TYR,320,O,20151,0.6716776107463085
THR,103,N,PHE,99,O,20118,0.670577647411753
ARG,308,NH2,ASP,314,OD1,20100,0.6699776674110863
ASN,14,ND2,GLN,17,OE1,20094,0.6697776740775307
GLY,22,N,ASP,19,O,19940,0.664644511849605
GLN,427,NE2,GLY,305,O,19869,0.6622779240691977
LYS,63,N,GLU,58,O,19856,0.6618446051798273
MET,104,N,SER,100,O,19839,0.6612779574014199
ILE,325,N,THR,321,O,19813,0.6604113196226793
ASN,172,N,LEU,168,O,19802,0.6600446651778274
SER,179,N,TYR,175,O,19718,0.6572447585080498
THR,264,N,LEU,260,O,19699,0.6566114462851238
VAL,76,N,ILE,73,O,19596,0.6531782273924203
SER,433,OG,GLN,457,O,19565,0.6521449285023833
PHE,189,N,PHE,185,O,19507,0.6502116596113463
ASN,250,N,GLU,247,O,19480,0.6493116896103464
VAL,296,N,VAL,292,O,19387,0.6462117929402353
GLY,218,N,ASN,214,O,19323,0.6440785307156428
LEU,418,N,GLU,417,OE2,19192,0.63971200959968
ASN,149,ND2,PHE,160,O,19134,0.637778740708643
PHE,99,N,VAL,95,O,19052,0.6350454984833839
GLN,205,N,GLY,201,O,19031,0.6343455218159395
SER,256,N,SER,253,O,18836,0.6278457384753842
ARG,459,N,ALA,432,O,18819,0.6272790906969767
ALA,432,N,ARG,459,O,18803,0.6267457751408286
GLN,144,N,THR,140,O,18740,0.6246458451384954
ILE,213,N,ASN,209,O,18611,0.6203459884670511
ASP,19,N,SER,26,OG,18475,0.615812806239792
PHE,80,N,VAL,76,O,18404,0.6134462184593847
PHE,199,N,LEU,196,O,18392,0.6130462317922736
LYS,94,N,GLY,90,O,18368,0.6122462584580514
TRP,93,NE1,HM1,464,O1D,18365,0.6121462617912736
ALA,59,N,ALA,55,O,18325,0.6108129729009033
GLU,294,N,PRO,290,O,18243,0.6080797306756441
THR,277,N,GLU,273,O,18238,0.6079130695643479
PHE,374,N,ASP,370,O,18206,0.6068464384520516
ASN,14,ND2,PRO,6,O,18198,0.6065797806739776
LYS,288,NZ,ILE,440,O,18179,0.6059464684510516
LEU,260,N,SER,256,O,18096,0.6031798940035332
ARG,70,N,ASN,89,OD1,17968,0.5989133695543482
LYS,451,NZ,ASP,333,OD2,17826,0.5941801939935335
ILE,353,N,ARG,1,O,17693,0.5897470084330523
LYS,288,N,LEU,284,O,17643,0.5880803973200893
SER,182,N,PHE,178,O,17506,0.5835138828705709
THR,102,N,ARG,98,O,17456,0.5818472717576081
ARG,97,NH1,ILE,407,O,17452,0.581713942868571
PHE,398,N,THR,395,O,17403,0.5800806639778674
LEU,188,N,VAL,184,O,17401,0.5800139995333489
GLU,226,N,GLU,222,O,17400,0.5799806673110897
MET,170,N,GLU,166,O,17363,0.5787473750874971
MET,318,N,ARG,315,O,17362,0.5787140428652379
THR,347,OG1,GLN,345,O,17236,0.5745141828605713
ASP,370,N,ALA,367,O,17155,0.5718142728575714
PHE,67,N,LYS,63,O,17041,0.568014399520016
ARG,21,N,ASP,19,OD1,16982,0.5660477984067198
ILE,237,N,VAL,155,O,16925,0.5641478617379421
LYS,317,N,ASP,314,O,16924,0.5641145295156829
HIP,224,N,SER,220,O,16836,0.5611812939568681
ARG,295,N,HIE,291,O,16833,0.5610812972900904
LEU,242,N,ASP,238,O,16726,0.5575147495083497
ARG,81,N,ASP,77,O,16598,0.5532482250591647
THR,366,N,ILE,363,O,16471,0.549015032832239
SER,153,OG,ASN,149,O,16438,0.5479150694976834
GLY,390,N,ASP,387,O,16380,0.5459818006066465
GLN,17,NE2,ARG,7,O,16305,0.5434818839372021
GLU,127,N,GLN,123,O,16302,0.5433818872704244
GLU,120,N,GLU,116,O,16207,0.5402153261557948
THR,177,N,LEU,173,O,16045,0.534815506149795
GLU,247,N,HID,243,O,15808,0.5269157694743508
HIP,224,ND1,ASP,238,OD2,15785,0.5261491283623879
PHE,192,N,LEU,188,O,15778,0.5259158028065731
ALA,232,N,ASP,229,O,15740,0.5246491783607213
ARG,308,NH1,PRO,309,O,15712,0.5237158761374621
LYS,197,N,SER,193,O,15640,0.5213159561347955
LEU,180,N,GLN,176,O,15519,0.5172827572414253
TYR,373,N,ASP,370,O,15474,0.5157828072397587
GLU,58,N,GLU,54,O,15437,0.5145495150161661
TYR,352,N,PHE,349,O,15337,0.5112162927902403
SER,220,N,TYR,216,O,15327,0.5108829705676478
HIE,219,N,ALA,215,O,15322,0.5107163094563515
ARG,92,NE,GLU,254,OE1,15292,0.5097163427885737
SER,266,N,LEU,262,O,15254,0.5084497183427219
TYR,198,N,PHE,195,O,15238,0.5079164027865738
GLU,311,N,ASP,314,OD2,15237,0.5078830705643145
ARG,130,N,ILE,126,O,15157,0.5052164927835738
THR,140,OG1,ASP,138,OD1,15075,0.5024832505583148
TRP,93,N,ASN,89,O,15042,0.5013832872237592
HIP,384,NE2,GLU,375,O,15007,0.5002166594446852
TYR,320,N,GLU,299,OE2,14985,0.4994833505549815
GLY,448,N,GLY,450,O,14963,0.4987500416652778
LYS,288,NZ,PRO,437,O,14805,0.49348355054831505
ARG,29,N,LYS,25,O,14652,0.48838372054264856
THR,239,OG1,ASP,235,O,14589,0.48628379054031534
THR,278,N,THR,274,O,14509,0.4836172127595747
GLN,123,N,GLN,119,O,14494,0.4831172294256858
TYR,240,N,LEU,236,O,14464,0.48211726275790806
THR,443,OG1,ASP,441,OD2,14443,0.48141728609046364
PHE,195,N,PHE,192,O,14391,0.4796840105329822
GLN,144,NE2,GLU,273,OE2,14351,0.4783507216426119
LEU,386,N,ASP,383,O,14300,0.4766507783073898
TYR,207,N,HIE,203,O,14249,0.4749508349721676
ARG,70,NH2,HM1,464,O2A,14198,0.47325089163694545
TYR,281,OH,LEU,442,O,14178,0.4725842471917603
TYR,289,N,LEU,285,O,14155,0.47181760607979734
THR,140,OG1,ASP,138,OD2,14141,0.4713509549681677
HIP,384,ND1,GLU,327,OE2,14101,0.4700176660777974
GLU,121,N,ARG,117,O,14056,0.4685177160761308
PHE,174,N,MET,170,O,14045,0.46815106163127895
GLN,427,N,THR,423,O,14042,0.46805106496450116
GLN,119,NE2,PRO,310,O,13959,0.4652844905169828
ARG,45,NH2,GLU,190,OE1,13867,0.46221792606913104
ASP,314,N,GLU,311,O,13729,0.45761807939735344
THR,275,N,GLY,271,O,13659,0.4552848238392054
ARG,330,N,TYR,326,O,13658,0.4552514916169461
SER,132,OG,GLU,128,O,13657,0.45521815939468685
ASP,235,N,ASP,238,OD1,13644,0.4547848405053165
THR,140,N,ASP,138,OD1,13592,0.45305156494783505
GLY,134,N,PHE,460,O,13527,0.4508849705009833
LYS,169,N,GLN,165,O,13419,0.44728509049698345
SER,231,OG,ASP,229,OD2,13419,0.44728509049698345
THR,443,N,ASP,441,OD2,13266,0.44218526049131696
THR,443,OG1,ASP,441,OD1,13261,0.4420185993800207
PHE,429,N,ILE,425,O,13250,0.44165194493516885
SER,68,OG,GLU,65,O,13073,0.43575214159528014
ILE,342,N,GLY,69,O,13070,0.4356521449285024
ASP,357,N,VAL,343,O,12997,0.43321889270357655
HID,341,ND1,PHE,67,O,12894,0.42978567381087296
ILE,118,N,VAL,114,O,12876,0.4291856938102063
LEU,23,N,GLN,187,OE1,12801,0.426685777140762
ASP,62,N,ARG,57,O,12787,0.42621912602913237
THR,140,N,ASP,138,OD2,12667,0.4222192593580214
ARG,21,NE,ASP,19,OD1,12586,0.4195193493550215
LEU,15,N,LEU,12,O,12569,0.41895270157661413
SER,253,N,ASN,250,O,12565,0.4188193726875771
GLU,32,N,LEU,28,O,12496,0.4165194493516883
GLY,186,N,SER,183,OG,12490,0.41631945601813275
SER,231,OG,ASP,229,OD1,12450,0.41498616712776243
PHE,255,N,SER,253,OG,12443,0.4147528415719476
LYS,131,N,GLU,127,O,12387,0.41288623712542916
ARG,225,N,VAL,221,O,12354,0.4117862737908736
LEU,334,N,SER,332,O,12345,0.4114862837905403
GLN,144,NE2,GLU,273,OE1,12331,0.41101963267891073
SER,220,OG,TYR,216,O,12322,0.41071964267857736
ARG,225,NH2,GLU,222,OE2,12284,0.40945301823272556
PHE,79,N,VAL,76,O,12256,0.40851971600946635
THR,239,N,ASP,235,O,12219,0.4072864237858738
GLN,144,NE2,LEU,171,O,12182,0.40605313156228123
SER,402,N,ILE,399,O,12141,0.4046865104496517
THR,443,N,ASP,441,OD1,12122,0.40405319822672575
SER,253,OG,GLU,247,OE1,11985,0.3994866837772074
ARG,21,NH2,ASP,19,OD2,11958,0.39858671377620747
LEU,267,N,ASN,263,O,11799,0.39328689043698545
SER,253,OG,GLU,247,OE2,11760,0.3919869337688744
SER,183,N,LEU,180,O,11756,0.39185360487983734
ARG,45,NH1,GLU,359,OE1,11730,0.39098696710109665
ARG,105,N,VAL,101,O,11723,0.3907536415452818
ARG,225,NE,GLU,222,OE1,11714,0.3904536515449485
CYS,124,N,GLU,120,O,11658,0.38858704709843006
ALA,293,N,TYR,289,O,11571,0.38568714376187463
ALA,215,N,GLN,211,O,11459,0.3819539348688377
THR,272,OG1,PHE,268,O,11437,0.38122062597913403
GLU,212,N,LYS,208,O,11426,0.3808539715342822
SER,153,N,ASN,149,O,11417,0.38055398153394887
GLU,128,N,CYS,124,O,11416,0.3805206493116896
HIE,372,N,ASP,370,OD1,11384,0.37945401819939334
PHE,268,N,THR,264,O,11382,0.3793873537548748
ALA,270,N,SER,266,O,11253,0.37508749708343053
HID,243,ND1,THR,239,O,11213,0.3737542081930602
THR,272,N,PHE,268,O,11210,0.3736542115262825
ARG,92,NH2,GLU,254,OE2,11175,0.3724875837472084
GLU,245,N,LEU,241,O,11150,0.371654278190727
GLU,273,N,PHE,269,O,11138,0.3712542915236159
ALA,135,N,SER,132,O,11029,0.36762107929735677
VAL,85,N,ASN,263,OD1,10989,0.36628779040698645
SER,132,N,GLU,128,O,10958,0.36525449151694944
SER,332,N,ILE,328,O,10950,0.3649878337388754
ARG,45,NH1,GLU,359,OE2,10919,0.3639545348488384
SER,231,N,ASP,229,OD2,10837,0.3612212926235792
SER,266,OG,LEU,262,O,10774,0.35912136262124594
ARG,225,NH2,GLU,222,OE1,10716,0.357188093730209
ARG,45,NH2,GLU,190,O,10584,0.3527882403919869
SER,276,OG,THR,272,O,10452,0.34838838705376485
LYS,248,N,MET,244,O,10423,0.34742175260824637
ARG,225,NE,GLU,222,OE2,10400,0.3466551114962835
ALA,397,N,THR,395,OG1,10397,0.3465551148295057
THR,227,N,LYS,223,O,10317,0.34388853704876504
ALA,379,N,LYS,376,O,10232,0.3410552981567281
SER,26,N,GLY,22,O,10230,0.3409886337122096
LEU,284,N,ARG,280,O,10218,0.3405886470450985
ARG,463,N,ASN,428,O,10198,0.33992200259991334
HIE,252,N,ASN,250,OD1,10130,0.3376554114862838
GLN,445,N,ILE,452,O,9993,0.3330888970367654
SER,231,N,ASP,229,OD1,9891,0.32968901036632114
ASN,259,ND2,ALA,251,O,9761,0.3253558214726176
TYR,216,N,GLU,212,O,9760,0.32532248925035834
LEU,236,N,ILE,154,O,9689,0.322955901469951
HIE,372,N,ASP,370,OD2,9642,0.3213892870237659
ARG,21,N,ASP,19,OD2,9632,0.3210559648011733
LYS,246,N,HID,243,O,9572,0.31905603146561784
GLN,17,N,ASN,14,O,9555,0.3184893836872104
VAL,47,N,VAL,40,O,9507,0.31688943701876604
ILE,304,N,ILE,300,O,9452,0.3150561647945069
HID,369,ND1,SER,365,O,9419,0.31395620145995135
LYS,356,NZ,ASP,357,OD2,9254,0.30845638478717374
GLU,254,N,GLU,254,OE2,9174,0.3057898070064331
ASN,259,N,SER,256,O,9161,0.3053564881170628
LYS,248,NZ,GLU,245,OE1,9120,0.3039898670044332
ARG,295,NH1,ARG,295,O,9110,0.3036565447818406
ASP,439,N,ALA,436,O,9003,0.3000899970001
LEU,228,N,ARG,225,O,8966,0.29885670477650744
ASP,106,N,THR,102,O,8954,0.29845671810939634
TYR,240,OH,THR,103,OG1,8912,0.29705676477450754
LYS,248,NZ,GLU,245,OE2,8860,0.2953234892170261
VAL,292,N,TYR,289,O,8852,0.29505683143895206
LEU,287,N,PHE,283,O,8630,0.28765707809739677
LYS,356,NZ,ASP,357,OD1,8448,0.2815906136462118
ALA,367,N,LEU,364,O,8442,0.28139062031265627
ASN,214,ND2,GLN,211,OE1,8435,0.2811572947568414
LYS,234,N,ASP,238,OD1,8433,0.2810906303123229
VAL,61,N,ARG,57,O,8318,0.27725742475250825
ARG,315,NH2,GLU,322,OE1,8308,0.27692410252991567
ARG,463,NH2,GLU,294,OE2,8274,0.2757908069731009
ILE,154,N,ILE,150,O,8222,0.2740575314156195
ARG,315,NE,GLU,322,OE1,8194,0.27312422919236023
HID,243,N,THR,239,O,8168,0.27225759141361955
ALA,74,N,GLU,190,OE2,8163,0.27209093030232323
THR,274,OG1,ALA,270,O,8157,0.2718909369687677
SER,256,OG,ASN,250,O,8154,0.2717909403019899
ARG,463,NH2,GLU,294,OE1,8108,0.27025765807806407
ARG,130,NH2,GLU,127,OE1,8098,0.2699243358554715
SER,266,OG,ASN,263,O,8088,0.2695910136328789
ASN,89,ND2,ARG,70,O,8070,0.2689910336322123
MET,109,N,ASP,106,O,8069,0.268957701409953
ARG,315,NE,GLU,322,OE2,7961,0.26535782140595315
ARG,315,NH2,GLU,322,OE2,7922,0.2640578647378421
ILE,151,N,THR,147,O,7900,0.2633245558481384
ARG,459,NH1,GLY,134,O,7795,0.2598246725109163
ARG,130,NH2,GLU,127,OE2,7791,0.2596913436218793
LYS,158,N,CYS,152,O,7778,0.2592580247325089
ARG,21,NE,ASP,19,OD2,7735,0.2578247391753608
ARG,45,NH2,GLU,190,OE2,7712,0.2570580980633979
VAL,435,N,SER,433,OG,7613,0.2537582080597313
LEU,191,N,LEU,188,O,7576,0.2525249158361388
PHE,87,N,GLY,84,O,7503,0.25009166361121293
ASN,263,ND2,TYR,240,OH,7271,0.2423585880470651
ALA,66,N,LYS,63,O,7234,0.24112529582347256
ARG,57,NH2,GLU,54,OE1,7224,0.24079197360087998
ARG,70,NE,PRO,340,O,7223,0.2407586413786207
HIP,384,ND1,GLU,327,OE1,7215,0.24049198360054666
LEU,262,N,GLN,258,O,7167,0.23889203693210226
ARG,57,NH2,GLU,54,OE2,7088,0.23625879137362088
GLN,302,N,ARG,298,O,7083,0.2360921302623246
GLY,35,N,ARG,31,O,7036,0.23452551581613945
GLU,111,N,ASP,106,O,7022,0.23405886470450984
ARG,463,NH1,GLU,294,OE1,7013,0.23375887470417653
TRP,93,NE1,HM1,464,O2D,6979,0.23262557914736176
THR,274,N,ALA,270,O,6970,0.23232558914702844
ASN,263,ND2,GLU,254,O,6905,0.23015899470017667
ARG,463,NH1,GLU,294,OE2,6900,0.22999233358888038
SER,153,OG,ILE,150,O,6849,0.22829239025365822
ARG,295,NH1,GLU,299,OE2,6823,0.2274257524749175
GLY,271,N,LEU,267,O,6783,0.22609246358454718
SER,113,OG,GLU,115,OE2,6678,0.2225925802473251
THR,227,OG1,LYS,223,O,6644,0.22145928469051032
GLN,187,N,SER,183,O,6544,0.21812606246458452
ARG,31,NH2,ASP,36,OD2,6518,0.2172594246858438
TYR,83,OH,HIE,252,O,6499,0.2166261124629179
ARG,70,NH2,HM1,464,O1A,6453,0.21509283023899203
MET,18,N,ASN,14,O,6365,0.21215959468017734
MET,18,N,LEU,15,O,6356,0.211859604679844
GLN,163,N,HIE,161,ND1,6337,0.2112262924569181
GLU,115,N,GLU,115,OE2,6236,0.20785973800873303
SER,249,N,LYS,246,O,6150,0.20499316689443686
TYR,373,OH,GLU,396,OE2,6128,0.20425985800473317
HIE,161,N,ASP,164,OD2,6054,0.2017932735575481
TYR,373,OH,GLU,396,OE1,6029,0.20095996800106664
GLU,115,N,GLU,115,OE1,6026,0.20085997133428884
LYS,63,NZ,ASP,62,OD1,5912,0.19706009799673344
ARG,105,NH2,GLU,411,OE1,5880,0.1959934668844372
THR,344,OG1,ALA,66,O,5879,0.19596013466217793
ASN,389,ND2,ASP,387,OD2,5876,0.19586013799540014
ASN,261,ND2,ASN,214,OD1,5872,0.19572680910636311
THR,455,OG1,GLN,445,OE1,5869,0.19562681243958535
PHE,156,N,CYS,152,O,5858,0.1952601579947335
ARG,463,NH1,LEU,426,O,5850,0.19499350021665945
ASN,209,ND2,THR,177,OG1,5808,0.1935935468817706
ARG,21,NH2,ASP,19,OD1,5781,0.19269357688077063
GLU,111,N,GLY,108,O,5749,0.1916269457684744
ARG,298,NH1,GLU,301,OE2,5744,0.1914602846571781
ASN,389,ND2,ASP,387,OD1,5744,0.1914602846571781
ARG,350,NH2,GLU,58,OE1,5741,0.1913602879904003
ALA,391,N,ASN,389,OD1,5732,0.191060297990067
GLU,299,N,ARG,295,O,5699,0.1899603346555115
LYS,33,N,ARG,29,O,5692,0.18972700909969667
ARG,70,NH2,HID,341,NE2,5666,0.18886037132095596
ARG,350,NH2,GLU,58,OE2,5641,0.1880270657644745
LYS,63,NZ,GLU,58,OE1,5640,0.18799373354221527
SER,68,N,GLU,65,O,5547,0.18489383687210426
ALA,88,N,GLY,84,O,5519,0.18396053464884504
ARG,112,N,GLU,111,OE2,5518,0.18392720242658578
ARG,350,NE,GLU,58,OE2,5516,0.18386053798206725
ASN,389,N,ASP,387,OD1,5500,0.18332722242591915
ARG,130,NE,GLU,127,OE2,5472,0.1823939202026599
PHE,107,N,MET,104,O,5437,0.18122729242358587
ASN,428,N,THR,424,O,5404,0.18012732908903037
ARG,112,N,GLU,111,OE1,5390,0.17966067797740076
ARG,105,NE,GLU,411,OE2,5368,0.17892736908769707
ARG,330,NH1,PRO,377,O,5355,0.17849405019832673
LYS,63,NZ,GLU,58,OE2,5332,0.17772740908636378
SER,249,OG,LYS,246,O,5331,0.17769407686410452
ARG,105,NE,ASP,106,OD1,5321,0.17736075464151194
ARG,204,NH2,LYS,197,O,5317,0.1772274257524749
ARG,57,NH1,GLU,396,OE1,5272,0.1757274757508083
ARG,350,NE,GLU,58,OE1,5267,0.175560814639512
ASN,389,N,ASP,387,OD2,5242,0.17472750908303056
THR,147,N,PHE,143,O,5228,0.17426085797140095
GLY,108,N,THR,103,O,5171,0.17236092130262323
ARG,57,NH1,GLU,396,OE2,5121,0.17069431018966033
ARG,57,NH2,GLU,396,OE2,5078,0.16926102463251225
ARG,105,NH2,ASP,106,OD2,5041,0.1680277324089197
ARG,57,NH2,GLU,396,OE1,5039,0.1679610679644012
ARG,415,N,GLY,412,O,5035,0.16782773907536416
GLU,190,N,GLY,186,O,5022,0.1673944201859938
SER,113,OG,GLU,115,OE1,5014,0.16712776240791974
ARG,117,N,SER,113,O,5000,0.16666111129629013
ASN,381,ND2,ASP,383,OD2,4966,0.16552781573947536
LYS,234,NZ,ASP,235,OD1,4941,0.16469451018299391
THR,358,N,PRO,355,O,4937,0.16456118129395686
ARG,298,NH1,GLU,301,OE1,4936,0.16452784907169762
LYS,234,NZ,ASP,235,OD2,4923,0.16409453018232725
GLN,165,NE2,GLN,163,O,4844,0.16146128462384587
ARG,105,NH2,GLU,411,OE2,4827,0.16089463684543848
LEU,42,N,ARG,45,O,4807,0.16022799240025332
ARG,92,NE,GLU,254,OE2,4740,0.15799473350888305
GLY,13,N,LEU,9,O,4724,0.1574614179527349
ILE,440,N,ALA,436,O,4710,0.1569947668411053
ARG,117,NH1,SER,153,OG,4709,0.15696143461884604
ARG,463,NE,ARG,463,OXT,4688,0.15626145795140162
ARG,315,N,GLU,311,O,4658,0.15526149128362388
ARG,117,NH2,GLU,120,OE2,4616,0.15386153794873506
ARG,330,NH2,PRO,377,O,4586,0.15286157128095731
ARG,29,NH1,ASP,19,OD2,4571,0.15236158794706844
ARG,105,NE,GLU,411,OE1,4571,0.15236158794706844
GLY,271,N,PHE,268,O,4564,0.15212826239125363
ARG,31,NE,ASP,36,OD2,4549,0.15162827905736476
GLU,446,N,ILE,452,O,4519,0.15062831238958702
ILE,440,N,PRO,437,O,4462,0.1487283757208093
ALA,88,N,VAL,85,O,4417,0.14722842571914269
ARG,117,NH2,GLU,120,OE1,4408,0.14692843571880937
ARG,31,NH2,ASP,36,OD1,4403,0.14676177460751308
GLN,176,NE2,ASN,172,OD1,4402,0.14672844238525382
ILE,425,N,PHE,421,O,4374,0.1457951401619946
LYS,33,N,PHE,30,O,4361,0.14536182127262426
LYS,72,NZ,ASP,77,OD2,4357,0.1452284923835872
ARG,415,NH1,GLU,115,OE1,4345,0.14482850571647612
SER,113,N,GLU,111,OE2,4340,0.14466184460517983
ARG,415,NH1,GLU,115,OE2,4316,0.14386187127095765
ARG,459,NE,GLY,134,O,4308,0.14359521349288357
LYS,133,N,ARG,130,O,4291,0.1430285657144762
ARG,130,NE,GLU,127,OE1,4289,0.14296190126995767
LYS,169,NZ,GLU,166,OE2,4279,0.1426285790473651
ILE,413,N,GLY,410,O,4271,0.14236192126929104
ARG,415,NH2,GLU,115,OE2,4264,0.14212859571347622
HIE,161,N,ASP,164,OD1,4259,0.14196193460217993
LYS,72,NZ,ASP,77,OD1,4237,0.14122862571247624
ARG,315,NH1,ARG,415,O,4215,0.14049531682277258
ASN,381,ND2,ASP,383,OD1,4199,0.13996200126662445
LEU,24,N,GLN,187,OE1,4195,0.13982867237758742
ASN,263,ND2,SER,100,OG,4178,0.13926202459918002
ASN,428,N,ILE,425,O,4103,0.13676210792973567
ARG,415,NH2,GLU,115,OE1,4096,0.13652878237392088
LYS,169,NZ,GLU,166,OE1,4079,0.13596213459551348
GLN,205,NE2,ASN,209,OD1,4079,0.13596213459551348
LYS,63,NZ,ASP,62,OD2,4058,0.13526215792806906
ARG,117,N,VAL,114,O,4052,0.1350621645945135
LYS,63,NZ,SER,348,O,3976,0.13252891570280992
ARG,204,N,GLY,201,O,3864,0.128795706809773
GLN,187,NE2,CYS,447,O,3842,0.12806239792006932
GLN,258,N,SER,256,OG,3833,0.127762407919736
ASN,214,ND2,GLN,258,OE1,3809,0.12696243458551382
ILE,154,N,ILE,151,O,3799,0.12662911236292124
LYS,169,NZ,GLU,212,OE2,3773,0.12576247458418052
VAL,114,N,GLU,115,OE1,3766,0.12552914902836573
ARG,105,NE,ASP,106,OD2,3764,0.1254624845838472
ILE,150,N,THR,147,O,3757,0.1252291590280324
VAL,114,N,GLU,115,OE2,3750,0.1249958334722176
ARG,463,NE,ARG,463,O,3716,0.12386253791540282
SER,113,N,GLU,111,OE1,3665,0.12216259458018067
ARG,112,NH1,ASP,106,OD1,3661,0.12202926569114363
ARG,81,NE,PHE,79,O,3624,0.12079597346755108
ARG,112,NH1,GLU,120,OE2,3623,0.12076264124529182
LYS,451,N,LEU,334,O,3591,0.11969601013299556
ARG,308,NH2,ASP,314,OD2,3588,0.11959601346621779
ARG,57,NH1,GLU,54,OE1,3584,0.11946268457718076
ASN,209,ND2,GLN,176,OE1,3582,0.11939602013266225
ARG,105,NH2,ASP,106,OD1,3538,0.11792940235325489
ARG,92,NH2,GLU,254,OE1,3516,0.11719609346355121
THR,102,OG1,ASP,106,OD2,3494,0.11646278457384754
ARG,57,NH1,GLU,54,OE2,3479,0.11596280123995867
ARG,415,NE,GLU,115,OE1,3456,0.11519616012799573
GLN,187,NE2,SER,183,O,3451,0.11502949901669944
ARG,298,NH2,GLU,301,OE1,3408,0.11359621345955134
SER,430,OG,PRO,462,O,3394,0.11312956234792174
LYS,169,NZ,GLU,212,OE1,3346,0.11152961567947735
GLY,110,N,ASP,106,O,3329,0.11096296790106996
ARG,315,N,LEU,312,O,3329,0.11096296790106996
LYS,451,NZ,ASP,333,OD1,3316,0.11052964901169961
ARG,112,NH1,GLU,111,O,3283,0.10942968567714409
ARG,31,NH2,ASP,370,OD1,3267,0.10889637012099597
ARG,112,NH2,GLU,120,OE1,3195,0.1064964501183294
ARG,117,NH2,ARG,112,O,3190,0.1063297890070331
GLU,247,N,MET,244,O,3145,0.10482983900536649
HID,369,N,SER,365,O,3142,0.10472984233858872
MET,109,N,LYS,234,O,3139,0.10462984567181094
ARG,298,NE,GLU,294,OE1,3109,0.1036298790040332
ARG,117,NH2,GLU,116,OE1,3101,0.10336322122595913
LEU,418,N,GLU,417,OE1,3095,0.10316322789240359
ARG,81,NH1,PRO,78,O,3086,0.10286323789207026
ARG,112,NH1,GLU,120,OE1,3055,0.10182993900203327
ARG,117,NE,GLU,116,OE2,3021,0.10069664344521849
PHE,192,N,PHE,189,O,3016,0.1005299823339222
TYR,297,OH,GLU,301,OE1,3013,0.10042998566714442
SER,132,OG,LEU,129,O,2968,0.09893003566547781
LYS,131,NZ,GLU,128,OE2,2949,0.09829672344255191
ASN,250,ND2,GLU,247,OE1,2946,0.09819672677577414
ARG,298,NH2,GLU,301,OE2,2935,0.09783007233092231
ASP,106,N,THR,103,O,2929,0.09763007899736675
ARG,112,NH2,GLU,120,OE2,2896,0.09653011566281124
GLU,116,N,SER,113,O,2895,0.09649678344055199
ARG,45,NE,LEU,42,O,2882,0.09606346455118163
LEU,267,N,THR,264,O,2855,0.09516349455018167
ARG,298,NE,GLU,294,OE2,2855,0.09516349455018167
ARG,112,NE,GLU,116,OE2,2833,0.09443018566047798
LYS,131,NZ,GLU,128,OE1,2830,0.09433018899370021
GLU,411,N,CM1,408,O,2825,0.09416352788240392
ASP,333,N,ARG,330,O,2818,0.09393020232658911
ARG,298,NH1,GLU,294,OE2,2810,0.09366354454851505
ILE,150,N,ILE,146,O,2792,0.0930635645478484
HID,369,N,THR,366,O,2782,0.09273024232525583
GLN,119,NE2,GLU,311,OE1,2763,0.09209693010232992
ASN,261,N,HIE,257,O,2736,0.09119696010132995
SER,132,N,LEU,129,O,2734,0.09113029565681144
ASN,250,ND2,GLU,247,OE2,2734,0.09113029565681144
THR,455,N,GLN,445,OE1,2727,0.09089697010099664
ARG,31,NE,ASP,36,OD1,2717,0.09056364787840405
ARG,415,NH2,ARG,112,O,2713,0.09043031898936701
GLN,119,NE2,GLU,311,OE2,2682,0.08939702009933002
ARG,31,NH2,ASP,370,OD2,2677,0.08923035898803373
LEU,386,N,PRO,382,O,2673,0.0890970300989967
GLN,258,NE2,ASN,214,OD1,2661,0.0886970434318856
ASP,238,N,ASP,235,O,2643,0.08809706343121895
ARG,31,NH1,ASP,370,OD2,2637,0.08789707009766341
LYS,405,NZ,GLU,65,OE1,2607,0.08689710342988567
ASN,261,ND2,ASN,214,O,2541,0.08469717676077464
LYS,317,NZ,HIE,313,O,2535,0.0844971834272191
TYR,297,OH,GLU,301,OE2,2534,0.08446385120495983
ARG,105,N,THR,102,O,2498,0.08326389120362655
ARG,117,NH1,GLU,120,OE2,2490,0.08299723342555249
GLU,411,N,LEU,409,O,2489,0.08296390120329322
HIP,224,ND1,ASP,238,OD1,2483,0.08276390786973768
SER,256,OG,GLU,247,O,2478,0.08259724675844139
LYS,234,NZ,GLU,111,OE2,2468,0.08226392453584881
ARG,159,NH1,GLU,121,OE1,2451,0.08169727675744141
ARG,31,NH1,ASP,36,OD2,2414,0.08046398453384887
ASP,106,N,VAL,101,O,2412,0.08039732008933036
ALA,316,N,LEU,312,O,2400,0.07999733342221926
ARG,117,NH2,GLU,111,OE1,2397,0.07989733675544149
ARG,308,NH1,ASP,314,OD1,2388,0.07959734675510817
ARG,112,NH1,ASP,106,OD2,2387,0.0795640145328489
PHE,167,N,ASP,164,OD2,2385,0.07949735008833039
ARG,117,NE,GLU,120,OE1,2381,0.07936402119929335
TYR,175,OH,GLN,445,OE1,2376,0.07919736008799706
ARG,117,NE,GLU,120,OE2,2373,0.0790973634212193
ARG,415,NE,GLU,115,OE2,2373,0.0790973634212193
THR,344,OG1,SER,68,OG,2366,0.07886403786540448
SER,256,OG,GLN,258,OE1,2351,0.07836405453151561
ARG,298,NH2,GLU,294,OE1,2343,0.07809739675344156
ARG,112,NE,GLU,116,OE1,2337,0.077897403419886
ARG,117,NH1,GLU,120,OE1,2314,0.07713076230792307
LYS,234,NZ,GLU,111,OE1,2305,0.07683077230758975
GLU,116,N,SER,113,OG,2301,0.07669744341855271
ARG,97,NH2,ILE,407,O,2283,0.07609746341788608
ALA,64,N,VAL,61,O,2261,0.07536415452818239
ARG,112,NH2,GLU,116,OE1,2196,0.07319756008133062
ARG,298,NE,GLU,301,OE1,2177,0.07256424785840472
LEU,335,N,ASP,333,O,2176,0.07253091563614546
ARG,406,NH1,VAL,85,O,2175,0.07249758341388621
ASN,259,N,SER,256,OG,2159,0.07196426785773807
GLY,84,N,GLY,82,O,2150,0.07166427785740476
THR,344,OG1,GLU,65,O,2147,0.07156428119062698
ARG,415,NH2,GLU,322,OE2,2144,0.0714642845238492
ARG,298,NE,GLU,301,OE2,2142,0.07139762007933069
ARG,29,NH1,ASP,19,OD1,2107,0.07023099230025666
GLN,187,N,VAL,184,O,2104,0.07013099563347888
GLN,445,NE2,PRO,453,O,2104,0.07013099563347888
LYS,405,NZ,GLU,65,OE2,2091,0.06969767674410852
VAL,53,N,ASP,370,OD1,2087,0.0695643478550715
ARG,225,NH2,GLU,226,OE2,2052,0.06839772007599747
THR,227,N,HIP,224,O,2052,0.06839772007599747
ARG,45,N,LEU,42,O,2046,0.06819772674244191
ARG,298,NH2,GLU,294,OE2,2046,0.06819772674244191
GLN,123,NE2,GLN,119,OE1,2040,0.06799773340888637
ASN,209,ND2,GLN,205,O,2034,0.06779774007533082
ARG,112,NH2,GLU,116,OE2,2033,0.06776440785307157
GLU,115,N,SER,113,OG,2007,0.06689777007433086
ARG,415,NH2,GLU,411,OE2,1979,0.06596446785107163
ARG,415,NH2,GLU,411,OE1,1976,0.06586447118429385
ALA,391,N,ASP,387,O,1955,0.06516449451684944
GLU,166,N,ASP,164,OD2,1949,0.06496450118329389
LEU,191,N,GLN,187,O,1937,0.0645645145161828
LYS,131,NZ,GLU,127,O,1927,0.06423119229359021
PHE,167,N,ASP,164,OD1,1924,0.06413119562681244
ARG,415,NH1,ARG,112,O,1913,0.06376454118196061
ARG,130,NH1,GLU,127,OE2,1901,0.0633645545148495
ARG,31,NH1,ASP,370,OD1,1900,0.06333122229259025
GLU,254,N,GLU,254,OE1,1897,0.06323122562581247
ARG,350,NH1,GLU,58,OE1,1895,0.06316456118129396
ARG,308,NH1,ILE,304,O,1873,0.06243125229159028
GLU,190,N,GLN,187,O,1866,0.062197926735775476
ARG,225,NH2,GLU,226,OE1,1862,0.06206459784673844
ARG,130,NH1,GLU,127,OE1,1860,0.06199793340221993
ARG,117,NH2,GLU,111,OE2,1858,0.06193126895770141
LYS,234,N,ASP,238,OD2,1835,0.06116462784573848
GLU,166,N,ASP,164,OD1,1833,0.06109796340121996
ARG,415,NH1,GLU,322,OE1,1808,0.06026465784473851
ARG,81,NH2,ASN,259,OD1,1802,0.06006466451118296
ARG,330,NH1,HID,369,NE2,1794,0.059798006733108894
ARG,31,NH1,ASP,36,OD1,1789,0.059631345621812604
SER,402,OG,HM1,464,O2A,1780,0.05933135562147929
ASP,333,N,PHE,331,O,1776,0.059198026732442253
SER,68,OG,ALA,64,O,1770,0.05899803339888671
ARG,117,NH2,GLU,116,OE2,1768,0.058931368954368187
SER,433,OG,VAL,435,O,1756,0.05853138228725709
TYR,373,OH,GLU,54,OE2,1690,0.056331455618146065
LYS,72,N,GLU,359,OE2,1681,0.05603146561781274
GLN,445,NE2,THR,455,OG1,1674,0.05579814006199793
HIE,203,NE2,PHE,199,O,1664,0.05546481783940535
LYS,246,N,LEU,242,O,1663,0.055431485617146094
SER,253,N,ASN,250,OD1,1660,0.055331488950368324
ARG,350,NH1,ASP,36,OD1,1649,0.05496483450551648
SER,113,OG,GLU,111,OE2,1638,0.05459818006066464
LYS,72,NZ,GLU,359,OE2,1609,0.05363154561514616
LEU,142,N,PRO,139,O,1603,0.05343155228159061
LYS,72,N,GLU,359,OE1,1586,0.05286490450318323
SER,365,OG,ASP,333,OD2,1581,0.05269824339188694
THR,344,OG1,GLN,345,OE1,1575,0.05249825005833139
LYS,133,N,LEU,129,O,1566,0.05219826005799807
ARG,350,NH1,GLU,58,OE2,1566,0.05219826005799807
LYS,317,NZ,ASP,314,OD1,1560,0.05199826672444252
LYS,131,N,GLU,128,O,1541,0.05136495450151662
LYS,376,NZ,GLU,375,OE1,1531,0.05103163227892404
HIE,203,NE2,LYS,197,O,1522,0.05073164227859071
ASN,261,ND2,HIE,257,O,1512,0.05039832005599813
LYS,223,NZ,GLU,226,OE1,1500,0.04999833338888704
LYS,223,NZ,GLU,226,OE2,1490,0.04966501116629446
ASN,259,ND2,GLU,254,O,1484,0.049465017832738906
MET,337,N,GLY,448,O,1482,0.04939835338822039
TYR,240,OH,GLU,254,O,1478,0.04926502449918336
HIP,224,ND1,SER,220,O,1466,0.048865037832072265
GLN,211,NE2,TYR,207,OH,1449,0.048298390053664875
ARG,31,NH1,GLY,35,O,1438,0.04793173560881304
ARG,81,NE,PRO,78,O,1434,0.047798406719776004
ALA,316,N,HIE,313,O,1428,0.04759841338622046
GLN,123,NE2,GLN,119,O,1414,0.047131762274590844
LEU,364,N,LEU,362,O,1413,0.04709843005233159
LYS,376,NZ,GLU,375,OE2,1390,0.04633178894036866
LEU,312,N,GLU,115,OE1,1380,0.045998466717776076
ARG,29,NH2,GLN,17,O,1373,0.045765141161961266
GLN,345,NE2,THR,344,OG1,1372,0.04573180893970201
ARG,117,NH2,SER,153,OG,1359,0.04529849005033165
ARG,45,NH2,GLU,359,OE2,1350,0.044998500049998336
GLN,258,NE2,ALA,251,O,1349,0.04496516782773907
LYS,131,NZ,GLU,127,OE1,1347,0.04489850338322056
ARG,350,NH2,ASP,36,OD1,1346,0.0448651711609613
TYR,216,OH,GLU,166,OE2,1335,0.044498516716109465
ASN,172,ND2,LEU,168,O,1326,0.04419852671577614
GLY,43,N,HIE,41,O,1322,0.04406519782673911
ARG,350,NH1,ASP,36,OD2,1321,0.04403186560447985
GLN,205,NE2,GLN,176,OE1,1320,0.043998533382220595
GLN,329,NE2,THR,278,OG1,1311,0.04369854338188727
SER,276,OG,GLU,273,OE2,1307,0.04356521449285024
ARG,31,NH1,ARG,31,O,1305,0.043498550048331724
ARG,117,NE,GLU,116,OE1,1304,0.04346521782607246
ARG,280,NH1,GLU,273,OE1,1293,0.043098563381220624
SER,132,OG,GLU,128,OE1,1288,0.042931902269924334
LYS,356,NZ,THR,344,O,1288,0.042931902269924334
ARG,117,NE,ARG,112,O,1267,0.04223192560247992
VAL,53,N,ASP,370,OD2,1250,0.04166527782407253
ARG,81,NH2,PHE,79,O,1243,0.04143195226825772
ARG,57,NE,GLU,396,OE2,1242,0.041398620045998466
SER,256,N,TYR,240,OH,1240,0.04133195560147995
ARG,45,NH2,GLU,359,OE1,1230,0.04099863337888737
ASN,261,ND2,GLN,258,OE1,1224,0.040798640045331826
ASP,238,N,ASP,235,OD1,1223,0.04076530782307256
ARG,117,NE,GLU,111,OE2,1222,0.040731975600813305
SER,132,OG,GLU,128,OE2,1213,0.04043198560047998
SER,256,OG,SER,253,O,1199,0.039965334488850375
TYR,216,OH,GLU,166,OE1,1181,0.03936535448818373
HIP,224,NE2,ASP,238,OD1,1170,0.03899870004333189
THR,103,N,SER,100,O,1160,0.03866537782073931
GLU,311,N,ASP,314,OD1,1159,0.038632045598480054
PHE,107,N,THR,103,O,1155,0.03849871670944302
TYR,373,OH,GLU,54,OE1,1154,0.038465384487183764
TYR,240,OH,SER,256,O,1146,0.0381987267091097
LYS,208,NZ,GLU,212,OE2,1129,0.03763207893070231
ARG,57,NE,GLU,54,OE2,1126,0.037532082263924536
LYS,158,NZ,ARG,159,O,1117,0.03723209226359121
SER,113,OG,GLU,116,OE2,1114,0.03713209559681344
GLN,163,NE2,GLU,128,OE1,1109,0.03696543448551715
ASP,235,N,ASP,238,OD2,1105,0.03683210559648012
LYS,393,NZ,ASP,383,O,1093,0.03643211892936902
ILE,407,N,ARG,97,NH1,1092,0.03639878670710976
ARG,57,NE,GLU,54,OE1,1084,0.0361321289290357
ARG,350,NH2,ASP,36,OD2,1078,0.03593213559548015
LYS,72,NZ,GLU,359,OE1,1077,0.03589880337322089
GLU,245,N,LEU,242,O,1068,0.03559881337288757
LEU,228,N,HIP,224,O,1067,0.03556548115062831
PHE,67,N,ALA,64,O,1063,0.03543215226159128
ARG,415,NH2,GLU,322,OE1,1059,0.03529882337255425
LYS,208,NZ,GLU,212,OE1,1048,0.03493216892770241
HIE,346,N,GLN,345,OE1,1032,0.03439885337155428
ASN,259,ND2,GLU,254,OE1,1023,0.03409886337122096
SER,68,N,ALA,64,O,1022,0.0340655311489617
LYS,131,NZ,GLU,127,OE2,1007,0.03356554781507283
ARG,406,NE,SER,68,O,1003,0.033432218926035796
ARG,298,NH1,GLU,294,OE1,1001,0.03336555448151728
GLN,445,NE2,TYR,175,OH,998,0.033265557814739506
PHE,268,N,LEU,265,O,978,0.032598913369554346
ALA,270,N,LEU,267,O,974,0.03246558448051732
GLN,345,NE2,GLU,65,O,969,0.03229892336922103
GLY,69,N,ILE,342,O,966,0.03219892670244325
GLU,299,N,VAL,296,O,965,0.032165594480183995
ARG,70,N,ASN,89,ND2,963,0.032098930035665475
ARG,117,NE,GLU,111,OE1,953,0.031765607813072895
TYR,240,OH,ASN,259,OD1,953,0.031765607813072895
GLN,302,NE2,ARG,298,O,952,0.03173227559081364
SER,193,OG,PHE,189,O,951,0.03169894336855438
GLY,157,N,CYS,152,O,949,0.03163227892403587
LEU,312,N,GLU,115,OE2,941,0.0313656211459618
ARG,92,NH1,GLY,82,O,936,0.03119896003466551
SER,348,OG,TYR,352,O,928,0.030932302256591448
SER,113,OG,GLU,111,OE1,916,0.03053231558948035
ARG,112,NE,GLU,111,OE2,915,0.030498983367221094
GLN,163,NE2,GLU,128,OE2,915,0.030498983367221094
SER,113,OG,GLU,116,OE1,913,0.030432318922702577
ARG,415,NE,GLU,411,OE1,913,0.030432318922702577
GLN,163,N,HIE,161,O,908,0.030265657811406287
LYS,248,N,GLU,245,O,904,0.030132328922369254
ARG,159,NH1,GLU,120,OE1,902,0.030065664477850737
LEU,312,N,GLU,311,OE1,900,0.029999000033332224
GLY,108,N,ASP,106,O,892,0.029732342255258157
GLU,396,N,GLU,396,OE1,880,0.029332355588147063
LYS,405,NZ,SER,68,OG,878,0.029265691143628546
PHE,185,N,SER,183,OG,872,0.029065697810072996
ALA,436,N,ASP,439,OD2,867,0.028899036698776706
GLU,396,N,GLU,396,OE2,866,0.02886570447651745
ARG,57,NE,GLU,396,OE1,863,0.028765707809739676
HID,243,N,TYR,240,O,863,0.028765707809739676
PHE,107,N,ARG,105,O,858,0.028599046698443386
LYS,376,NZ,ASP,378,OD1,858,0.028599046698443386
LYS,246,NZ,GLU,247,OE2,855,0.028499050031665613
LYS,246,NZ,LEU,242,O,847,0.028232392253591546
LEU,312,N,GLU,311,OE2,844,0.028132395586813772
ARG,159,NH1,GLU,120,OE2,841,0.028032398920036
ASN,214,ND2,ASN,261,OD1,841,0.028032398920036
ARG,31,NH2,GLU,32,OE1,840,0.027999066697776742
ARG,315,NH1,GLU,322,OE2,838,0.027932402253258225
GLN,165,N,GLN,165,OE1,824,0.02746575114162861
HIP,224,NE2,ASP,235,OD2,820,0.02733242225259158
ARG,29,NH2,ASP,19,OD2,814,0.02713242891903603
LYS,246,NZ,GLU,247,OE1,813,0.027099096696776775
HIP,224,NE2,PHE,156,O,808,0.026932435585480485
ALA,64,N,ASP,62,O,806,0.026865771140961968
GLN,329,NE2,ILE,325,O,806,0.026865771140961968
ARG,415,NH1,GLU,411,OE1,796,0.026532448918369388
ARG,406,NH2,SER,68,O,795,0.02649911669611013
ARG,415,NE,GLU,411,OE2,795,0.02649911669611013
GLU,226,N,LYS,223,O,794,0.02646578447385087
ARG,105,NH1,GLU,411,OE2,789,0.02629912336255458
GLN,302,N,GLU,299,O,787,0.026232458918036064
PHE,167,N,ASP,164,O,774,0.02579914002866571
TRP,93,N,GLY,90,O,769,0.02563247891736942
LYS,94,NZ,ASN,91,OD1,762,0.025399153361554613
ASN,261,N,GLN,258,O,757,0.025232492250258323
LYS,451,NZ,PHE,331,O,755,0.02516582780573981
TYR,83,OH,HIE,252,ND1,750,0.02499916669444352
ARG,415,NH1,GLU,322,OE2,748,0.024932502249925003
ALA,135,N,LYS,133,O,745,0.02483250558314723
LYS,234,NZ,ASP,238,OD2,744,0.02479917336088797
ARG,31,NH2,GLU,32,OE2,736,0.024532515582813906
THR,102,OG1,ASP,106,OD1,735,0.02449918336055465
ALA,55,N,GLY,52,O,725,0.02416586113796207
ALA,436,N,ASP,439,OD1,725,0.02416586113796207
GLU,438,N,GLU,438,OE1,723,0.024099196693443552
ARG,45,N,GLY,43,O,720,0.02399920002666578
VAL,184,N,GLU,446,OE1,717,0.023899203359888002
ALA,388,N,ASP,387,OD2,714,0.02379920669311023
GLN,187,NE2,SER,182,O,713,0.023765874470850972
ASN,263,ND2,TYR,83,O,711,0.023699210026332455
LYS,376,NZ,ASP,378,OD2,711,0.023699210026332455
LYS,451,NZ,SER,332,O,706,0.023532548915036165
GLN,163,NE2,TYR,162,O,701,0.023365887803739875
THR,239,OG1,LEU,236,O,698,0.0232658911369621
ARG,29,NE,ASP,19,OD2,697,0.02323255891470284
ILE,413,N,GLU,411,O,697,0.02323255891470284
SER,256,OG,ALA,251,O,687,0.02289923669211026
LEU,262,N,ASN,259,O,683,0.02276590780307323
GLU,438,N,GLU,438,OE2,679,0.022632578914036198
ARG,117,NE,SER,113,O,671,0.022365921135962134
ALA,391,N,ASP,387,OD1,668,0.02226592446918436
ARG,31,NE,GLU,32,OE2,659,0.021965934468851037
ARG,70,NH2,PRO,340,O,657,0.02189927002433252
ARG,415,N,GLU,411,O,655,0.021832605579814007
ARG,1,N,ILE,353,O,653,0.02176594113529549
ARG,415,NH1,GLU,411,OE2,650,0.021665944468517717
GLN,165,NE2,GLU,166,OE1,649,0.021632612246258457
ARG,29,NH2,GLU,32,OE2,648,0.0215992800239992
ARG,92,N,ASN,89,OD1,643,0.02143261891270291
LYS,208,NZ,GLN,211,OE1,643,0.02143261891270291
ALA,74,N,GLU,190,OE1,639,0.021299290023665877
ARG,20,NH2,LEU,15,O,638,0.02126595780140662
GLN,176,NE2,ASN,172,O,638,0.02126595780140662
GLN,187,NE2,ARG,21,O,638,0.02126595780140662
ARG,350,NH2,GLU,54,OE2,635,0.021165961134628847
SER,193,N,PHE,189,O,631,0.021032632245591813
SER,266,OG,TYR,83,O,624,0.020799306689777006
LYS,394,NZ,TYR,326,OH,614,0.020465984467184426
ARG,204,NH2,TYR,198,O,612,0.020399320022665913
ALA,388,N,ASP,387,OD1,611,0.020365987800406653
ARG,1,NH1,LEU,2,O,610,0.020332655578147396
GLU,32,N,ARG,29,O,609,0.020299323355888136
ARG,29,NH1,GLU,32,OE1,604,0.020132662244591846
ARG,350,NH2,GLU,54,OE1,595,0.019832672244258526
GLU,166,N,GLU,166,OE1,589,0.019632678910702975
HIP,224,NE2,ASP,238,OD2,586,0.019532682243925202
ARG,1,NE,LEU,2,O,585,0.019499350021665945
LYS,234,NZ,ALA,232,O,585,0.019499350021665945
SER,193,OG,GLU,190,OE2,582,0.019399353354888172
GLU,166,N,GLU,166,OE2,581,0.019366021132628912
GLY,186,N,SER,183,O,579,0.019299356688110395
HIE,161,NE2,GLN,163,OE1,567,0.0188993700209993
SER,183,OG,GLU,446,OE2,565,0.018832705576480785
ARG,315,NH2,ARG,415,O,565,0.018832705576480785
ILE,73,N,ASP,77,OD2,562,0.01873270890970301
LYS,393,NZ,ASP,387,OD2,562,0.01873270890970301
ARG,112,NH2,ASP,106,OD1,560,0.018666044465184495
GLN,176,NE2,ASN,209,OD1,560,0.018666044465184495
ARG,20,NH1,ARG,20,O,555,0.018499383353888205
GLN,258,N,GLN,258,OE1,551,0.01836605446485117
ARG,31,NE,GLU,32,OE1,550,0.018332722242591915
LYS,208,NZ,GLN,205,OE1,548,0.018266057798073398
LYS,248,NZ,GLU,245,O,548,0.018266057798073398
GLN,345,NE2,HIE,346,O,546,0.01819939335355488
ARG,159,NH2,GLU,121,OE1,544,0.018132728909036364
LEU,188,N,PHE,185,O,544,0.018132728909036364
LYS,234,NZ,ASP,238,OD1,543,0.018099396686777108
ARG,81,NH2,ASP,77,OD1,542,0.01806606446451785
ARG,70,NH2,VAL,339,O,541,0.01803273224225859
GLN,165,NE2,GLU,166,OE2,539,0.017966067797740074
ARG,29,NH1,GLU,32,OE2,537,0.01789940335322156
HID,341,ND1,VAL,339,O,532,0.01773274224192527
GLY,84,N,PHE,80,O,527,0.01756608113062898
LYS,393,NZ,ASP,387,OD1,526,0.01753274890836972
LYS,376,N,GLU,375,OE1,525,0.017499416686110464
ALA,215,N,GLU,212,O,523,0.017432752241591947
SER,183,N,SER,179,O,522,0.01739942001933269
ARG,1,NH2,GLY,351,O,521,0.01736608779707343
SER,68,OG,GLU,65,OE2,520,0.017332755574814174
SER,68,OG,THR,344,OG1,513,0.017099430018999367
ARG,463,NE,LEU,426,O,511,0.01703276557448085
ARG,315,NH1,GLU,322,OE1,509,0.016966101129962333
SER,68,N,ALA,66,O,503,0.016766107796406787
SER,253,N,SER,256,OG,503,0.016766107796406787
ASP,333,N,GLN,329,O,503,0.016766107796406787
ARG,112,NH2,GLU,111,OE1,501,0.01669944335188827
ARG,81,NH1,ASN,259,OD1,500,0.016666111129629013
GLN,119,NE2,GLU,115,O,493,0.016432785573814206
GLN,258,NE2,HIE,257,ND1,493,0.016432785573814206
HIE,313,N,GLU,311,OE2,493,0.016432785573814206
ILE,407,N,LYS,405,O,493,0.016432785573814206
LYS,376,N,GLU,375,OE2,492,0.01639945335155495
GLU,212,N,ASN,209,O,491,0.01636612112929569
ARG,130,NH2,ASN,428,OD1,490,0.016332788907036433
ARG,21,NH1,ASP,19,OD1,483,0.016099463351221626
GLN,345,NE2,THR,347,OG1,483,0.016099463351221626
TYR,456,N,PRO,454,O,483,0.016099463351221626
TYR,162,N,HIE,161,ND1,480,0.015999466684443853
LEU,180,N,THR,177,O,480,0.015999466684443853
HIE,203,NE2,LEU,196,O,478,0.015932802239925336
GLY,90,N,ASN,89,OD1,475,0.015832805573147563
TYR,216,N,ILE,213,O,475,0.015832805573147563
GLU,375,N,GLU,375,OE2,475,0.015832805573147563
ARG,21,NH1,ASP,19,OD2,472,0.01573280890636979
ARG,350,NH1,GLU,54,OE2,471,0.01569947668411053
ARG,29,NH2,GLU,32,OE1,464,0.015466151128295724
THR,147,N,GLN,144,O,462,0.015399486683777207
ASN,149,ND2,SER,145,O,460,0.015332822239258692
ARG,308,NH2,PRO,309,O,458,0.015266157794740175
TYR,326,OH,GLU,322,OE1,455,0.015166161127962402
ARG,29,NE,GLU,32,OE1,454,0.015132828905703144
GLY,134,N,SER,132,OG,454,0.015132828905703144
SER,26,OG,LEU,23,O,450,0.014999500016666112
ARG,112,NH1,ARG,105,O,444,0.014799506683110563
ARG,112,NH2,ASP,106,OD2,440,0.014666177794073532
LEU,12,N,LEU,9,O,439,0.014632845571814273
HIE,219,N,TYR,216,O,438,0.014599513349555015
ARG,280,NH2,GLU,273,OE1,430,0.014332855571480951
GLY,450,N,GLY,448,O,427,0.014232858904703176
ASN,250,ND2,HIE,252,ND1,426,0.014199526682443918
LEU,287,N,LEU,284,O,426,0.014199526682443918
TYR,326,OH,GLU,322,OE2,420,0.013999533348888371
ARG,350,NH1,GLU,54,OE1,420,0.013999533348888371
MET,109,N,PHE,107,O,418,0.013932868904369854
SER,68,OG,GLU,65,OE1,416,0.013866204459851338
LEU,260,N,HIE,257,O,416,0.013866204459851338
GLN,302,NE2,GLU,301,OE1,413,0.013766207793073564
ASP,77,N,ALA,74,O,412,0.013732875570814306
ARG,308,N,GLY,305,O,411,0.013699543348555047
ARG,20,NH1,MET,18,O,405,0.0134995500149995
ARG,20,NH1,LEU,15,O,401,0.013366221125962467
ARG,81,NE,ASP,77,O,398,0.013266224459184694
GLN,258,NE2,GLN,258,O,397,0.013232892236925435
GLY,84,N,ASN,259,OD1,394,0.013132895570147662
HIE,313,N,GLU,311,OE1,394,0.013132895570147662
THR,347,OG1,SER,348,O,394,0.013132895570147662
ARG,308,NH2,GLU,311,OE1,393,0.013099563347888404
GLN,302,NE2,GLU,301,OE2,392,0.013066231125629145
ARG,295,NH2,GLU,299,OE2,391,0.013032898903369887
ARG,1,NE,GLY,351,O,387,0.012899570014332855
SER,193,N,GLU,190,O,386,0.012866237792073597
ARG,7,NH1,PRO,8,O,383,0.012766241125295823
GLN,123,N,GLU,120,O,382,0.012732908903036565
ARG,308,NH2,GLU,311,OE2,382,0.012732908903036565
THR,39,OG1,PHE,38,O,381,0.012699576680777307
GLN,258,NE2,ASN,259,OD1,380,0.01266624445851805
ILE,73,N,ASP,77,OD1,379,0.012632912236258792
ARG,159,NH2,GLU,120,OE1,377,0.012566247791740275
LYS,246,NZ,HID,243,NE2,376,0.012532915569481017
VAL,95,N,ARG,92,O,375,0.01249958334722176
ARG,57,NH1,GLU,58,OE1,373,0.012432918902703243
ARG,105,NH1,GLU,411,OE1,372,0.012399586680443985
HID,369,ND1,ASP,333,OD1,370,0.01233292223592547
LEU,15,N,GLY,13,O,369,0.012299590013666211
PHE,460,N,SER,132,OG,369,0.012299590013666211
HIP,224,NE2,ASP,235,OD1,368,0.012266257791406953
SER,182,N,SER,179,O,364,0.012132928902369921
VAL,303,N,ILE,300,O,360,0.01199960001333289
ARG,225,NH1,GLU,226,OE2,359,0.011966267791073631
ARG,29,NH1,GLN,17,O,358,0.011932935568814373
ARG,204,N,HIE,203,ND1,358,0.011932935568814373
ASN,149,ND2,GLU,121,OE1,356,0.011866271124295856
TYR,83,OH,ALA,251,O,355,0.0118329389020366
ARG,159,NH1,HIE,161,ND1,354,0.011799606679777341
GLN,345,N,ALA,66,O,354,0.011799606679777341
GLU,375,N,GLU,375,OE1,354,0.011799606679777341
ASN,428,ND2,GLN,427,OE1,353,0.011766274457518083
LYS,393,NZ,LEU,386,O,349,0.01163294556848105
GLN,427,NE2,PRO,306,O,347,0.011566281123962534
LYS,234,NZ,MET,109,O,344,0.01146628445718476
THR,239,N,LEU,236,O,341,0.011366287790406986
PHE,460,N,GLY,134,O,338,0.011266291123629212
ARG,31,NE,CYS,51,O,336,0.011199626679110695
LYS,63,NZ,THR,347,OG1,336,0.011199626679110695
GLN,258,NE2,SER,256,OG,334,0.01113296223459218
SER,193,OG,GLU,190,O,332,0.011066297790073664
LYS,63,NZ,GLU,58,O,331,0.011032965567814405
ALA,391,N,ASP,387,OD2,331,0.011032965567814405
ALA,135,N,SER,132,OG,328,0.010932968901036632
GLN,211,NE2,TYR,207,O,320,0.010666311122962568
HID,341,ND1,GLY,69,O,320,0.010666311122962568
LYS,223,NZ,HIE,219,ND1,318,0.010599646678444052
ARG,406,NH1,ALA,88,O,318,0.010599646678444052
VAL,449,N,ILE,181,O,318,0.010599646678444052
ARG,225,NH1,GLU,245,OE1,317,0.010566314456184793
LYS,25,NZ,ASP,19,OD2,316,0.010532982233925535
ARG,117,NH1,GLU,116,OE1,315,0.010499650011666278
ARG,204,NE,PHE,199,O,312,0.010399653344888503
ARG,225,NH1,GLU,245,OE2,311,0.010366321122629247
HIE,372,NE2,GLU,54,OE1,311,0.010366321122629247
ARG,1,NH1,GLY,351,O,310,0.010332988900369988
LYS,94,N,ASN,91,O,309,0.01029965667811073
ARG,92,NH2,HIE,252,O,307,0.010232992233592213
ARG,81,NH2,ASP,77,OD2,306,0.010199660011332956
ASN,259,N,GLN,258,OE1,305,0.010166327789073698
SER,430,OG,LEU,461,O,305,0.010166327789073698
ASN,250,ND2,GLU,247,O,303,0.010099663344555181
GLN,119,NE2,GLU,115,OE2,302,0.010066331122295923
ARG,225,NH1,GLU,226,OE1,300,0.009999666677777408
ARG,159,NH2,GLU,120,OE2,298,0.009933002233258891
ASN,263,ND2,ASN,259,OD1,297,0.009899670010999633
ARG,225,N,GLU,222,O,296,0.009866337788740376
HIE,252,NE2,GLU,254,OE2,291,0.009699676677444086
LYS,234,NZ,THR,227,O,289,0.00963301223292557
GLU,116,N,GLU,116,OE2,286,0.009533015566147796
LYS,25,N,GLY,22,O,284,0.00946635112162928
ARG,29,NE,GLU,32,OE2,283,0.00943301889937002
ARG,117,NH1,GLU,111,OE1,282,0.009399686677110762
LYS,25,NZ,ASP,19,OD1,281,0.009366354454851506
ARG,117,NH1,GLU,116,OE2,281,0.009366354454851506
ASN,209,ND2,LEU,173,O,281,0.009366354454851506
ALA,232,N,ASP,229,OD2,276,0.009199693343555216
LEU,418,N,ALA,414,O,275,0.009166361121295957
GLN,445,NE2,SER,179,OG,275,0.009166361121295957
ARG,112,NH1,GLU,116,OE2,270,0.008999700009999667
SER,113,N,GLU,116,OE1,269,0.008966367787740409
GLN,445,NE2,GLU,446,OE2,268,0.00893303556548115
SER,256,N,GLU,254,O,265,0.008833038898703377
ASN,172,ND2,GLN,176,NE2,261,0.008699710009666345
ILE,118,N,GLU,115,O,260,0.008666377787407087
HIP,224,N,VAL,221,O,260,0.008666377787407087
ARG,350,NH2,GLU,54,O,260,0.008666377787407087
ARG,463,NH1,PHE,429,O,259,0.008633045565147828
ALA,379,N,PRO,377,O,258,0.00859971334288857
ARG,81,NH1,PHE,79,O,257,0.008566381120629312
ARG,81,NH2,GLN,258,OE1,257,0.008566381120629312
LYS,317,NZ,HIE,313,ND1,257,0.008566381120629312
PHE,80,N,ASP,77,O,256,0.008533048898370055
ARG,81,NH1,ASP,77,OD2,256,0.008533048898370055
MET,109,N,PRO,233,O,255,0.008499716676110797
ARG,459,NE,ALA,135,O,255,0.008499716676110797
LEU,60,N,ARG,57,O,254,0.008466384453851538
SER,256,OG,GLU,254,O,254,0.008466384453851538
ARG,92,NH2,HIE,252,ND1,252,0.008399720009333022
LYS,317,NZ,ASP,314,OD2,249,0.008299723342555248
ARG,415,N,ILE,413,O,248,0.00826639112029599
ARG,29,N,SER,26,O,244,0.008133062231258958
ARG,463,NH2,LEU,426,O,241,0.008033065564481185
ASP,62,N,GLU,58,O,239,0.007966401119962668
ASN,261,ND2,GLY,218,N,239,0.007966401119962668
SER,68,N,THR,344,OG1,238,0.00793306889770341
ASN,91,N,ASN,89,OD1,234,0.007799740008666378
GLY,157,N,ILE,154,O,232,0.007733075564147862
ARG,92,N,ASN,89,O,230,0.007666411119629346
ALA,232,N,ASP,229,OD1,230,0.007666411119629346
VAL,61,N,GLU,58,O,224,0.0074664177860737976
ARG,81,NH2,TYR,207,OH,223,0.007433085563814539
SER,153,N,ILE,150,O,223,0.007433085563814539
GLY,22,N,ASP,19,OD2,222,0.007399753341555282
ARG,280,NH1,THR,277,OG1,221,0.007366421119296023
ARG,45,NE,GLU,190,OE1,220,0.007333088897036766
THR,227,OG1,HIP,224,O,216,0.007199760007999733
ARG,415,NE,GLU,411,O,216,0.007199760007999733
GLN,163,NE2,HIE,161,ND1,214,0.007133095563481217
GLY,22,N,ARG,20,O,213,0.007099763341221959
LYS,158,N,PHE,156,O,213,0.007099763341221959
ASN,250,ND2,SER,249,OG,213,0.007099763341221959
ARG,81,NH1,ASP,77,OD1,212,0.007066431118962701
ARG,112,NE,GLU,111,OE1,211,0.007033098896703443
GLY,351,N,SER,348,O,211,0.007033098896703443
ARG,350,NE,ASP,36,OD1,210,0.0069997666744441855
SER,365,OG,PRO,336,O,209,0.006966434452184927
GLU,116,N,GLU,116,OE1,208,0.006933102229925669
GLN,165,NE2,GLN,165,O,208,0.006933102229925669
HIE,257,N,LYS,248,O,208,0.006933102229925669
LYS,33,NZ,GLU,32,OE1,206,0.006866437785407153
ARG,45,NE,GLU,190,OE2,206,0.006866437785407153
HIE,257,NE2,GLU,222,OE2,205,0.006833105563147895
SER,253,OG,GLU,247,O,202,0.006733108896370121
MET,170,N,PHE,167,O,201,0.006699776674110863
ARG,308,NE,ILE,304,O,201,0.006699776674110863
ASN,89,ND2,SER,68,O,200,0.006666444451851605
ARG,92,NH1,ARG,81,O,200,0.006666444451851605
CYS,124,N,GLU,121,O,200,0.006666444451851605
LEU,196,N,SER,193,O,200,0.006666444451851605
ASN,214,ND2,ASN,214,O,200,0.006666444451851605
GLU,65,N,GLU,65,OE1,199,0.006633112229592347
LYS,197,NZ,GLY,194,O,198,0.0065997800073330885
HIE,372,NE2,GLU,54,OE2,197,0.006566447785073831
LYS,33,NZ,TYR,34,OH,195,0.006499783340555315
LEU,362,N,MET,337,O,194,0.006466451118296057
ARG,29,NH2,ASP,19,OD1,193,0.006433118896036798
GLU,65,N,GLU,65,OE2,193,0.006433118896036798
LYS,451,NZ,ASP,333,O,193,0.006433118896036798
GLY,134,N,LEU,129,O,189,0.006299790006999767
GLN,163,NE2,ASP,164,OD1,188,0.006266457784740508
LYS,133,NZ,ARG,130,O,187,0.006233125562481251
THR,358,N,VAL,343,O,187,0.006233125562481251
VAL,435,N,SER,433,O,187,0.006233125562481251
ALA,59,N,ILE,56,O,185,0.006166461117962735
ARG,81,N,PRO,78,O,185,0.006166461117962735
ARG,81,NH1,TYR,207,OH,185,0.006166461117962735
LYS,25,NZ,ARG,21,O,184,0.0061331288957034765
ARG,350,N,GLU,58,OE2,182,0.006066464451184961
THR,39,OG1,VAL,47,O,180,0.005999800006666445
GLU,128,N,LEU,125,O,180,0.005999800006666445
ARG,92,NH1,GLU,254,OE1,179,0.005966467784407186
ARG,57,NH1,ASP,62,OD2,178,0.005933135562147928
ARG,57,NH2,TYR,373,OH,178,0.005933135562147928
TYR,198,OH,GLY,194,O,178,0.005933135562147928
LYS,356,NZ,GLN,345,OE1,176,0.005866471117629412
LYS,234,N,ALA,232,O,175,0.005833138895370155
ARG,105,N,THR,103,O,174,0.005799806673110896
GLY,110,N,LYS,234,O,174,0.005799806673110896
PHE,160,N,ASN,149,ND2,174,0.005799806673110896
SER,193,OG,GLU,190,OE1,174,0.005799806673110896
ARG,315,NE,ARG,415,O,174,0.005799806673110896
ILE,86,N,SER,266,OG,173,0.005766474450851638
LYS,63,N,ALA,59,O,172,0.00573314222859238
GLY,450,N,ILE,181,O,172,0.00573314222859238
ASN,263,ND2,ASN,259,O,171,0.005699810006333122
ALA,367,N,ILE,363,O,171,0.005699810006333122
THR,103,OG1,LYS,234,O,170,0.0056664777840738645
ARG,350,NE,ASP,36,OD2,170,0.0056664777840738645
GLY,43,N,LEU,12,O,165,0.005499816672777574
LYS,169,NZ,ASN,172,OD1,165,0.005499816672777574
GLY,108,N,ASP,106,OD2,164,0.005466484450518316
GLN,345,NE2,THR,344,O,164,0.005466484450518316
LYS,393,NZ,LYS,394,O,164,0.005466484450518316
LYS,72,NZ,ARG,70,O,160,0.005333155561481284
ARG,204,NE,LYS,197,O,159,0.005299823339222026
TYR,207,OH,PRO,78,O,159,0.005299823339222026
ARG,225,NH2,GLU,245,OE1,159,0.005299823339222026
GLY,404,N,SER,402,OG,159,0.005299823339222026
ARG,92,NH2,GLY,82,O,158,0.0052664911169627675
TYR,373,N,ASP,370,OD1,158,0.0052664911169627675
ILE,399,N,ALA,397,O,157,0.00523315889470351
SER,113,N,GLU,116,OE2,155,0.005166494450184994
GLN,211,NE2,GLN,211,O,155,0.005166494450184994
TYR,34,N,ARG,31,O,153,0.005099830005666478
PHE,141,N,ASP,138,OD1,151,0.0050331655611479615
TYR,216,OH,ASP,164,OD1,151,0.0050331655611479615
ILE,425,N,PHE,422,O,151,0.0050331655611479615
GLN,211,NE2,GLU,212,OE1,150,0.004999833338888704
ASN,214,ND2,GLN,211,O,150,0.004999833338888704
HIE,291,N,HIE,291,ND1,150,0.004999833338888704
GLN,345,NE2,GLU,65,OE2,150,0.004999833338888704
ARG,98,NH2,HID,243,NE2,149,0.004966501116629446
THR,344,OG1,ILE,342,O,148,0.004933168894370188
GLU,111,N,PHE,107,O,147,0.00489983667211093
GLN,123,NE2,GLN,123,O,147,0.00489983667211093
ILE,407,N,ARG,97,NH2,147,0.00489983667211093
ARG,117,NH1,GLU,111,OE2,145,0.004833172227592414
LYS,33,NZ,ARG,29,O,144,0.0047998400053331555
LYS,33,NZ,GLU,32,OE2,143,0.004766507783073898
SER,332,N,GLN,329,O,143,0.004766507783073898
ARG,29,NE,ASP,19,OD1,142,0.00473317556081464
SER,100,OG,TYR,240,OH,141,0.004699843338555381
GLU,121,N,ILE,118,O,141,0.004699843338555381
PHE,419,N,ALA,416,O,141,0.004699843338555381
ARG,112,NE,ARG,105,O,140,0.004666511116296124
ARG,112,NH1,GLU,115,OE2,140,0.004666511116296124
HIE,203,N,HIE,203,ND1,140,0.004666511116296124
ARG,81,NH1,ASP,77,O,139,0.004633178894036865
ASN,250,ND2,HIE,252,NE2,139,0.004633178894036865
ARG,112,NH1,GLU,116,OE1,138,0.004599846671777608
TYR,373,N,ASP,370,OD2,138,0.004599846671777608
ARG,130,NH2,GLN,123,OE1,137,0.0045665144495183494
PHE,174,N,LEU,171,O,136,0.004533182227259091
ARG,308,N,HIE,307,ND1,136,0.004533182227259091
GLN,211,NE2,GLU,212,OE2,135,0.0044998500049998336
SER,253,OG,ASN,250,O,134,0.004466517782740575
PHE,141,N,ASP,138,OD2,131,0.004366521115962801
THR,102,N,PHE,99,O,130,0.004333188893703543
LYS,133,N,LYS,131,O,130,0.004333188893703543
HIP,224,ND1,THR,227,OG1,129,0.004299856671444285
THR,275,OG1,GLU,417,OE1,128,0.0042665244491850276
LYS,405,NZ,SER,68,O,128,0.0042665244491850276
ARG,112,NH2,GLU,115,OE1,127,0.004233192226925769
ARG,70,NE,GLY,71,O,126,0.004199860004666511
HIE,313,NE2,GLU,311,OE1,126,0.004199860004666511
GLN,302,NE2,GLN,302,O,125,0.004166527782407253
LEU,23,N,GLN,187,NE2,124,0.004133195560147995
ASN,261,ND2,GLN,258,O,124,0.004133195560147995
LEU,403,N,SER,402,OG,123,0.004099863337888737
GLY,110,N,ASP,106,OD2,121,0.004033198893370221
GLU,359,N,GLU,359,OE1,121,0.004033198893370221
LYS,405,NZ,ALA,64,O,121,0.004033198893370221
ARG,31,NH2,CYS,51,O,120,0.003999866671110963
GLY,22,N,ASP,19,OD1,119,0.003966534448851705
GLY,35,N,PHE,30,O,119,0.003966534448851705
TYR,320,N,GLU,299,OE1,119,0.003966534448851705
LYS,72,NZ,GLU,190,OE1,118,0.003933202226592447
ARG,81,NH1,GLN,258,OE1,117,0.003899870004333189
ASN,259,ND2,SER,256,OG,115,0.003833205559814673
ARG,350,N,GLU,58,OE1,115,0.003833205559814673
LYS,133,NZ,LYS,131,O,114,0.0037998733375554147
ARG,159,NH2,HIE,161,ND1,114,0.0037998733375554147
ASN,209,ND2,GLN,205,NE2,114,0.0037998733375554147
LYS,246,NZ,GLU,245,OE1,113,0.0037665411152961567
ARG,57,NH2,ASP,62,OD1,112,0.0037332088930368988
VAL,155,N,CYS,152,O,111,0.003699876670777641
ASN,381,ND2,ALA,379,O,111,0.003699876670777641
GLY,390,N,ASP,387,OD1,111,0.003699876670777641
LYS,131,NZ,SER,132,OG,110,0.003666544448518383
GLN,345,NE2,GLU,65,OE1,110,0.003666544448518383
ARG,295,NE,HIE,291,O,109,0.0036332122262591245
ARG,105,N,SER,100,O,108,0.0035998800039998666
ARG,315,NH1,ALA,414,O,108,0.0035998800039998666
PHE,422,N,PHE,419,O,108,0.0035998800039998666
GLY,108,N,ASP,106,OD1,107,0.0035665477817406087
PHE,189,N,GLY,186,O,106,0.0035332155594813507
ARG,81,NH2,PRO,78,O,105,0.0034998833372220928
ARG,112,NH2,GLU,111,OE2,105,0.0034998833372220928
LYS,208,NZ,ASN,209,OD1,105,0.0034998833372220928
GLN,119,NE2,GLU,115,OE1,104,0.0034665511149628344
HIE,257,NE2,GLU,222,OE1,104,0.0034665511149628344
ARG,92,NH1,GLU,254,OE2,103,0.0034332188927035765
GLY,110,N,ASP,106,OD1,102,0.0033998866704443185
GLN,17,N,GLN,17,OE1,101,0.0033665544481850606
ARG,57,NH2,GLU,396,O,101,0.0033665544481850606
HIE,257,NE2,LYS,248,O,101,0.0033665544481850606
ARG,92,NH1,HIE,252,ND1,100,0.0033332222259258026
SER,183,OG,GLU,446,OE1,100,0.0033332222259258026
GLN,187,NE2,VAL,184,O,100,0.0033332222259258026
SER,276,OG,GLU,273,OE1,100,0.0033332222259258026
SER,179,OG,GLN,176,O,99,0.0032998900036665443
SER,256,OG,LYS,248,O,99,0.0032998900036665443
PHE,374,N,PRO,371,O,99,0.0032998900036665443
GLN,445,NE2,GLU,446,OE1,99,0.0032998900036665443
SER,26,N,LEU,23,O,98,0.0032665577814072863
ARG,112,NE,GLU,111,O,98,0.0032665577814072863
THR,272,N,PHE,269,O,98,0.0032665577814072863
ARG,330,NE,GLU,327,OE1,98,0.0032665577814072863
SER,249,N,GLU,247,O,97,0.0032332255591480284
THR,455,N,GLN,445,NE2,97,0.0032332255591480284
LYS,72,NZ,GLU,190,OE2,96,0.0031998933368887704
GLU,359,N,GLU,359,OE2,96,0.0031998933368887704
ARG,20,NH1,ASP,19,OD2,95,0.0031665611146295125
ASN,172,ND2,ASN,172,O,95,0.0031665611146295125
LYS,94,NZ,GLU,65,OE1,94,0.003133228892370254
LEU,242,N,THR,239,O,94,0.003133228892370254
TYR,207,N,ARG,204,O,93,0.003099896670110996
THR,39,OG1,PRO,4,O,92,0.0030665644478517383
ARG,112,NE,ASP,106,OD1,92,0.0030665644478517383
ARG,7,N,GLN,17,OE1,91,0.0030332322255924803
ASN,14,ND2,GLY,13,O,91,0.0030332322255924803
ARG,20,NH1,ASP,19,OD1,91,0.0030332322255924803
ARG,98,NH1,ARG,98,O,91,0.0030332322255924803
ARG,112,NH1,GLY,110,O,91,0.0030332322255924803
ARG,204,NH1,LYS,197,O,91,0.0030332322255924803
THR,239,OG1,PRO,233,O,91,0.0030332322255924803
GLN,258,N,HIE,257,ND1,91,0.0030332322255924803
HIP,384,NE2,LYS,376,O,91,0.0030332322255924803
ARG,117,NH2,GLY,157,O,90,0.0029999000033332224
LYS,288,NZ,GLU,438,OE2,90,0.0029999000033332224
PHE,199,N,PHE,195,O,88,0.002933235558814706
GLN,258,NE2,HIE,257,NE2,88,0.002933235558814706
ASN,14,ND2,ARG,7,O,87,0.002899903336555448
ARG,130,N,GLU,127,O,87,0.002899903336555448
LYS,288,NZ,GLU,438,O,87,0.002899903336555448
ALA,251,N,SER,249,O,86,0.00286657111429619
GLY,69,N,THR,344,OG1,85,0.0028332388920369322
THR,102,OG1,PHE,99,O,85,0.0028332388920369322
GLN,119,NE2,GLN,123,OE1,85,0.0028332388920369322
GLU,120,N,ARG,117,O,85,0.0028332388920369322
LYS,158,NZ,ASP,235,OD2,85,0.0028332388920369322
SER,332,OG,GLN,329,O,85,0.0028332388920369322
ARG,29,NH2,SER,26,OG,84,0.002799906669777674
ARG,45,NH1,GLU,190,OE2,84,0.002799906669777674
THR,147,OG1,GLN,144,O,84,0.002799906669777674
ARG,159,NE,GLU,121,OE2,84,0.002799906669777674
GLN,205,NE2,GLN,205,O,84,0.002799906669777674
SER,220,N,ILE,217,O,84,0.002799906669777674
ARG,415,NH2,GLY,412,O,84,0.002799906669777674
LYS,169,NZ,GLN,165,OE1,83,0.002766574447518416
ARG,225,NH2,GLU,245,OE2,83,0.002766574447518416
GLN,258,NE2,TYR,83,OH,83,0.002766574447518416
GLY,410,N,CM1,408,O,83,0.002766574447518416
GLN,119,NE2,GLN,119,O,82,0.002733242225259158
LYS,197,NZ,TYR,198,OH,82,0.002733242225259158
TYR,216,OH,ASP,164,OD2,82,0.002733242225259158
LYS,94,NZ,GLU,65,OE2,81,0.0026999100029999
LYS,288,NZ,GLU,438,OE1,81,0.0026999100029999
LYS,234,NZ,PHE,107,O,80,0.002666577780740642
GLY,412,N,GLU,411,OE1,80,0.002666577780740642
ARG,225,NH1,ARG,225,O,79,0.0026332455584813837
HIE,313,NE2,GLU,311,OE2,79,0.0026332455584813837
LEU,142,N,ASP,138,O,78,0.002599913336222126
THR,147,OG1,THR,272,O,78,0.002599913336222126
ARG,57,NH1,ASP,62,OD1,77,0.002566581113962868
THR,177,N,PHE,174,O,77,0.002566581113962868
HID,341,ND1,PRO,340,O,77,0.002566581113962868
GLU,111,N,MET,109,O,76,0.00253324889170361
VAL,114,N,ARG,112,O,75,0.002499916669444352
ILE,151,N,ALA,148,O,75,0.002499916669444352
VAL,85,N,SER,266,OG,74,0.002466584447185094
ASN,172,ND2,GLN,176,OE1,74,0.002466584447185094
LYS,197,N,GLY,194,O,74,0.002466584447185094
SER,266,N,ASN,263,O,74,0.002466584447185094
ARG,308,NE,PRO,309,O,74,0.002466584447185094
ARG,98,N,VAL,95,O,73,0.0024332522249258357
ARG,225,NH1,GLU,222,OE2,73,0.0024332522249258357
GLU,54,N,GLU,54,OE1,72,0.0023999200026665777
GLN,119,NE2,GLU,116,OE1,72,0.0023999200026665777
GLN,457,NE2,ASP,138,N,72,0.0023999200026665777
ARG,112,NH2,ARG,105,O,71,0.00236658778040732
HIE,161,NE2,GLU,128,OE2,71,0.00236658778040732
SER,249,OG,ASN,250,OD1,71,0.00236658778040732
ARG,280,NE,THR,140,OG1,71,0.00236658778040732
LEU,284,N,TYR,281,O,71,0.00236658778040732
GLY,390,N,ASP,387,OD2,71,0.00236658778040732
GLN,119,NE2,GLU,116,OE2,70,0.002333255558148062
THR,395,OG1,HIP,384,O,70,0.002333255558148062
ARG,31,NH1,CYS,51,O,69,0.002299923335888804
THR,358,OG1,LYS,356,O,69,0.002299923335888804
GLN,123,NE2,GLU,120,OE1,68,0.0022665911136295455
HIE,161,NE2,GLN,163,NE2,68,0.0022665911136295455
MET,318,N,ASP,314,O,68,0.0022665911136295455
ARG,330,N,GLU,327,O,68,0.0022665911136295455
ARG,415,NE,GLY,412,O,68,0.0022665911136295455
ARG,57,NH1,TYR,373,OH,67,0.0022332588913702876
MET,104,N,VAL,101,O,67,0.0022332588913702876
GLN,119,NE2,GLU,116,O,67,0.0022332588913702876
GLN,123,NE2,GLU,120,O,67,0.0022332588913702876
GLN,258,NE2,ASN,214,ND2,67,0.0022332588913702876
ASN,91,ND2,ASN,91,O,66,0.0021999266691110297
ASN,91,ND2,GLU,254,OE2,66,0.0021999266691110297
GLN,123,NE2,GLU,120,OE2,66,0.0021999266691110297
GLN,258,NE2,LYS,248,O,66,0.0021999266691110297
ASN,389,N,ASP,387,O,66,0.0021999266691110297
ARG,406,N,GLY,404,O,66,0.0021999266691110297
GLN,445,NE2,GLN,445,O,66,0.0021999266691110297
ARG,117,NE,SER,153,OG,65,0.0021665944468517717
LYS,356,N,HIE,346,NE2,64,0.0021332622245925138
PHE,380,N,TYR,289,OH,64,0.0021332622245925138
ARG,20,NH2,MET,18,O,63,0.0020999300023332554
ARG,225,NH1,GLU,222,OE1,63,0.0020999300023332554
TYR,240,OH,SER,100,OG,63,0.0020999300023332554
TYR,240,OH,ASN,263,OD1,63,0.0020999300023332554
THR,103,OG1,SER,100,O,62,0.0020665977800739975
LYS,169,NZ,GLN,165,O,62,0.0020665977800739975
GLN,176,NE2,GLN,176,O,62,0.0020665977800739975
ILE,181,N,PHE,178,O,62,0.0020665977800739975
HIE,219,NE2,GLU,166,OE2,62,0.0020665977800739975
LYS,317,NZ,HIE,313,NE2,62,0.0020665977800739975
ALA,414,N,GLU,411,O,62,0.0020665977800739975
ARG,92,NH2,ARG,81,O,61,0.0020332655578147395
GLY,201,N,PHE,199,O,61,0.0020332655578147395
ASN,209,ND2,GLU,212,OE1,61,0.0020332655578147395
ASN,259,ND2,TYR,240,OH,61,0.0020332655578147395
GLN,165,NE2,GLN,163,OE1,60,0.0019999333355554816
LYS,223,NZ,HIE,219,O,60,0.0019999333355554816
PHE,269,N,SER,266,O,60,0.0019999333355554816
ARG,415,NH1,GLU,411,O,60,0.0019999333355554816
GLN,457,NE2,TYR,456,O,60,0.0019999333355554816
GLU,116,N,GLU,115,OE2,59,0.0019666011132962236
ILE,213,N,LEU,210,O,59,0.0019666011132962236
GLY,110,N,PHE,107,O,58,0.0019332688910369655
ARG,298,NH1,GLU,294,O,58,0.0019332688910369655
ARG,20,NH1,LEU,16,O,57,0.0018999366687777073
GLU,54,N,GLU,54,OE2,57,0.0018999366687777073
ARG,105,NH1,ASP,106,OD1,57,0.0018999366687777073
ARG,57,NH1,GLU,58,OE2,56,0.0018666044465184494
ARG,112,NH2,GLU,111,O,56,0.0018666044465184494
ARG,1,NH2,LEU,2,O,54,0.0017999400019999333
LYS,246,NZ,GLU,245,OE2,54,0.0017999400019999333
THR,274,OG1,HM1,464,NB,54,0.0017999400019999333
ARG,308,NH2,VAL,303,O,54,0.0017999400019999333
ARG,415,NH1,ALA,414,O,54,0.0017999400019999333
ARG,117,NH1,ARG,112,O,53,0.0017666077797406754
LYS,158,NZ,ASP,235,OD1,53,0.0017666077797406754
GLN,211,NE2,ASN,214,OD1,53,0.0017666077797406754
TYR,281,OH,LYS,451,O,53,0.0017666077797406754
ARG,45,NH1,GLU,190,OE1,52,0.0017332755574814172
GLU,127,N,CYS,124,O,52,0.0017332755574814172
GLN,211,NE2,LYS,208,O,52,0.0017332755574814172
VAL,339,N,HM1,464,O2A,52,0.0017332755574814172
PHE,30,N,PHE,27,O,51,0.0016999433352221593
LYS,169,N,GLU,166,O,51,0.0016999433352221593
THR,395,OG1,TYR,373,O,51,0.0016999433352221593
GLY,134,N,SER,132,O,50,0.0016666111129629013
SER,182,OG,SER,179,O,50,0.0016666111129629013
VAL,184,N,GLU,446,OE2,50,0.0016666111129629013
ASN,214,ND2,ASN,261,ND2,50,0.0016666111129629013
MET,337,N,VAL,449,O,50,0.0016666111129629013
SER,430,OG,GLU,294,OE1,50,0.0016666111129629013
LYS,72,NZ,ASN,89,OD1,49,0.0016332788907036432
GLY,90,N,SER,68,O,49,0.0016332788907036432
GLN,163,NE2,ASP,164,OD2,49,0.0016332788907036432
ARG,204,NH1,PHE,199,O,49,0.0016332788907036432
SER,276,OG,PHE,143,O,49,0.0016332788907036432
ARG,295,NH1,HIE,291,O,49,0.0016332788907036432
GLY,412,N,GLU,411,OE2,49,0.0016332788907036432
LYS,451,NZ,TYR,281,OH,49,0.0016332788907036432
ARG,7,NH1,GLY,5,O,48,0.0015999466684443852
PHE,27,N,LEU,24,O,48,0.0015999466684443852
LYS,208,N,GLN,205,O,48,0.0015999466684443852
ASN,263,N,LEU,260,O,48,0.0015999466684443852
ARG,295,NH1,TYR,320,OH,48,0.0015999466684443852
ARG,92,NH1,HIE,252,O,47,0.001566614446185127
GLN,258,NE2,HIE,257,O,47,0.001566614446185127
SER,266,OG,SER,266,O,47,0.001566614446185127
HIE,307,N,HIE,307,ND1,47,0.001566614446185127
ASN,172,ND2,LYS,169,O,46,0.0015332822239258691
LEU,173,N,MET,170,O,46,0.0015332822239258691
THR,275,OG1,GLU,417,OE2,46,0.0015332822239258691
VAL,292,N,HIE,291,ND1,46,0.0015332822239258691
GLY,69,N,PHE,67,O,45,0.0014999500016666112
ASN,91,ND2,ASN,89,OD1,45,0.0014999500016666112
ASN,209,N,VAL,206,O,45,0.0014999500016666112
GLN,211,N,LYS,208,O,45,0.0014999500016666112
ASN,261,ND2,ASN,214,ND2,45,0.0014999500016666112
ALA,416,N,GLY,412,O,45,0.0014999500016666112
LYS,72,NZ,PHE,87,O,44,0.001466617779407353
ARG,97,NH2,CM1,408,O,44,0.001466617779407353
THR,455,OG1,THR,455,O,44,0.001466617779407353
LYS,234,NZ,THR,227,OG1,43,0.001433285557148095
HIE,252,N,ASN,250,ND2,43,0.001433285557148095
PHE,255,N,GLU,247,OE1,43,0.001433285557148095
LYS,288,N,LEU,285,O,43,0.001433285557148095
TYR,289,N,MET,286,O,43,0.001433285557148095
ASN,14,ND2,HIE,41,ND1,42,0.001399953334888837
LYS,393,NZ,HIP,384,O,42,0.001399953334888837
GLN,445,N,PRO,453,O,42,0.001399953334888837
ARG,20,NE,ARG,20,O,41,0.001366621112629579
LEU,23,N,ARG,21,O,41,0.001366621112629579
LEU,28,N,LYS,25,O,41,0.001366621112629579
MET,244,N,LEU,241,O,41,0.001366621112629579
SER,430,OG,GLU,294,OE2,41,0.001366621112629579
ARG,45,NH2,LEU,42,O,40,0.001333288890370321
SER,253,OG,PHE,255,O,40,0.001333288890370321
ARG,92,NH2,GLU,247,OE1,39,0.001299956668111063
ARG,117,NH1,GLY,157,O,39,0.001299956668111063
TYR,352,N,ARG,350,O,39,0.001299956668111063
ILE,407,N,HM1,464,O1D,39,0.001299956668111063
GLN,427,N,THR,424,O,39,0.001299956668111063
ARG,112,NE,ASP,106,OD2,38,0.001266624445851805
SER,220,OG,ILE,217,O,38,0.001266624445851805
LYS,394,N,LEU,392,O,38,0.001266624445851805
ARG,57,NE,GLU,396,O,37,0.001233292223592547
ARG,81,NH2,GLN,258,O,37,0.001233292223592547
GLY,82,N,PHE,80,O,37,0.001233292223592547
GLN,205,NE2,ASN,209,ND2,37,0.001233292223592547
ARG,225,NE,GLU,226,OE2,37,0.001233292223592547
LYS,317,N,HIE,313,O,37,0.001233292223592547
PHE,349,N,THR,347,O,37,0.001233292223592547
HID,369,ND1,ASP,333,OD2,37,0.001233292223592547
LEU,96,N,TRP,93,O,36,0.0011999600013332889
TYR,207,OH,GLN,211,OE1,36,0.0011999600013332889
LYS,234,NZ,LYS,234,O,36,0.0011999600013332889
ASN,261,ND2,HIE,257,NE2,36,0.0011999600013332889
ARG,415,NE,GLU,322,OE1,36,0.0011999600013332889
ARG,463,NH2,SER,430,OG,36,0.0011999600013332889
LYS,72,NZ,ARG,81,O,35,0.001166627779074031
ARG,81,NH2,GLN,211,OE1,35,0.001166627779074031
GLN,123,NE2,GLU,127,OE1,35,0.001166627779074031
GLY,390,N,ALA,388,O,35,0.001166627779074031
SER,402,N,PRO,400,O,35,0.001166627779074031
ARG,112,NE,GLU,120,OE2,34,0.0011332955568147728
SER,153,OG,GLY,157,O,34,0.0011332955568147728
LYS,158,NZ,GLY,157,O,34,0.0011332955568147728
LYS,158,NZ,SER,220,OG,34,0.0011332955568147728
GLN,176,NE2,ASN,172,ND2,34,0.0011332955568147728
ASN,209,ND2,GLN,176,O,34,0.0011332955568147728
ARG,225,NE,GLU,226,OE1,34,0.0011332955568147728
ARG,280,NH2,PRO,454,O,34,0.0011332955568147728
TYR,281,OH,PHE,331,O,34,0.0011332955568147728
ARG,295,NH2,HIE,291,ND1,34,0.0011332955568147728
ARG,1,NH2,PRO,3,O,33,0.0010999633345555148
ARG,7,NH2,GLY,5,O,33,0.0010999633345555148
SER,100,OG,ARG,97,O,33,0.0010999633345555148
THR,366,OG1,CYS,51,O,33,0.0010999633345555148
THR,395,OG1,GLU,396,OE1,33,0.0010999633345555148
ARG,463,NH2,PHE,429,O,33,0.0010999633345555148
ARG,57,NH2,ASP,62,OD2,32,0.0010666311122962569
ARG,81,NE,ASN,259,OD1,32,0.0010666311122962569
ARG,130,NH1,ASN,428,OD1,32,0.0010666311122962569
GLN,205,NE2,PRO,200,O,32,0.0010666311122962569
ARG,280,NH1,GLU,273,OE2,32,0.0010666311122962569
PHE,419,N,ARG,415,O,32,0.0010666311122962569
GLY,110,N,GLY,108,O,31,0.0010332988900369987
ARG,112,NH2,GLY,110,O,31,0.0010332988900369987
ARG,112,NH2,GLU,115,OE2,31,0.0010332988900369987
VAL,114,N,GLU,116,OE2,31,0.0010332988900369987
ASN,214,ND2,GLN,211,NE2,31,0.0010332988900369987
ASN,214,ND2,LEU,262,N,31,0.0010332988900369987
LYS,234,NZ,GLY,110,O,31,0.0010332988900369987
ASP,383,N,ASN,381,ND2,31,0.0010332988900369987
THR,455,OG1,ASP,138,OD2,31,0.0010332988900369987
ARG,463,NE,SER,430,OG,31,0.0010332988900369987
LYS,94,NZ,GLY,90,O,30,0.0009999666677777408
ARG,112,NE,GLU,120,OE1,30,0.0009999666677777408
HIE,161,NE2,GLU,128,OE1,30,0.0009999666677777408
ASN,214,ND2,GLN,258,NE2,30,0.0009999666677777408
TYR,240,N,ILE,237,O,30,0.0009999666677777408
LYS,451,NZ,SER,365,OG,30,0.0009999666677777408
ASN,91,ND2,HIE,252,O,29,0.0009666344455184827
ASN,250,ND2,HIE,252,O,29,0.0009666344455184827
ASN,250,ND2,SER,253,OG,29,0.0009666344455184827
HIE,257,N,HIE,257,ND1,29,0.0009666344455184827
SER,332,N,ARG,330,O,29,0.0009666344455184827
ARG,57,NH1,GLU,396,O,28,0.0009333022232592247
ARG,204,NH2,PHE,199,O,28,0.0009333022232592247
LYS,234,NZ,ASP,229,OD2,28,0.0009333022232592247
GLN,258,NE2,ASN,250,O,28,0.0009333022232592247
THR,278,N,THR,275,O,28,0.0009333022232592247
HIE,372,N,HIE,372,ND1,28,0.0009333022232592247
ARG,415,NE,GLU,322,OE2,28,0.0009333022232592247
ARG,92,NH2,GLU,247,OE2,27,0.0008999700009999666
PHE,99,N,LEU,96,O,27,0.0008999700009999666
LYS,234,NZ,ASP,229,OD1,27,0.0008999700009999666
ARG,406,NE,SER,68,OG,27,0.0008999700009999666
ARG,463,NH1,SER,430,OG,27,0.0008999700009999666
ARG,20,NE,MET,18,O,26,0.0008666377787407086
ARG,98,NE,LYS,94,O,26,0.0008666377787407086
GLN,163,NE2,GLN,163,O,26,0.0008666377787407086
SER,179,OG,GLN,445,OE1,26,0.0008666377787407086
THR,344,OG1,SER,68,O,26,0.0008666377787407086
ALA,416,N,GLU,417,OE1,26,0.0008666377787407086
GLN,205,N,ALA,202,O,25,0.0008333055564814507
HIE,219,NE2,GLU,166,OE1,25,0.0008333055564814507
ARG,308,NH1,GLU,311,OE1,25,0.0008333055564814507
LYS,393,NZ,ASP,383,OD2,25,0.0008333055564814507
ARG,92,NH2,HIE,252,NE2,24,0.0007999733342221926
ARG,98,NH1,LYS,94,O,24,0.0007999733342221926
ARG,204,NH1,TYR,198,O,24,0.0007999733342221926
TYR,297,OH,PRO,306,O,24,0.0007999733342221926
ARG,308,NH1,GLU,311,OE2,24,0.0007999733342221926
ILE,325,N,GLU,322,O,24,0.0007999733342221926
TYR,83,OH,GLN,258,OE1,23,0.0007666411119629346
LYS,248,N,LYS,246,O,23,0.0007666411119629346
ASN,250,ND2,ASN,250,O,23,0.0007666411119629346
THR,395,OG1,GLU,396,OE2,23,0.0007666411119629346
VAL,449,N,GLN,187,NE2,23,0.0007666411119629346
THR,455,OG1,ASP,138,OD1,23,0.0007666411119629346
ARG,7,NH1,ARG,7,O,22,0.0007333088897036765
ARG,45,NH1,PRO,46,O,22,0.0007333088897036765
GLN,205,NE2,GLY,201,O,22,0.0007333088897036765
ALA,251,N,ASN,250,OD1,22,0.0007333088897036765
ASN,259,ND2,GLU,254,OE2,22,0.0007333088897036765
LYS,288,NZ,TYR,289,OH,22,0.0007333088897036765
ARG,308,N,GLN,427,NE2,22,0.0007333088897036765
HID,369,ND1,SER,365,OG,22,0.0007333088897036765
ARG,31,NH1,GLU,32,OE2,21,0.0006999766674444185
LYS,33,N,ARG,31,O,21,0.0006999766674444185
ARG,92,NE,GLY,82,O,21,0.0006999766674444185
ARG,105,NH1,ASP,106,OD2,21,0.0006999766674444185
ARG,117,NH1,SER,113,OG,21,0.0006999766674444185
TYR,162,OH,CYS,124,O,21,0.0006999766674444185
TYR,162,OH,LEU,125,N,21,0.0006999766674444185
GLN,165,N,GLN,165,NE2,21,0.0006999766674444185
SER,183,OG,SER,179,O,21,0.0006999766674444185
LYS,208,NZ,LYS,208,O,21,0.0006999766674444185
ASN,209,ND2,GLN,176,NE2,21,0.0006999766674444185
SER,256,OG,GLU,254,OE2,21,0.0006999766674444185
ASN,259,ND2,TYR,83,O,21,0.0006999766674444185
ALA,293,N,PRO,290,O,21,0.0006999766674444185
VAL,296,N,ALA,293,O,21,0.0006999766674444185
ASN,149,N,ILE,146,O,20,0.0006666444451851605
LYS,169,NZ,ASN,209,OD1,20,0.0006666444451851605
PHE,199,N,LYS,197,O,20,0.0006666444451851605
LYS,223,NZ,THR,227,OG1,20,0.0006666444451851605
LYS,248,NZ,HIE,257,ND1,20,0.0006666444451851605
PHE,429,N,LEU,426,O,20,0.0006666444451851605
VAL,449,N,GLN,187,OE1,20,0.0006666444451851605
ARG,20,NH2,LEU,16,O,19,0.0006333122229259025
ARG,31,NH1,GLU,32,OE1,19,0.0006333122229259025
GLY,71,N,HID,341,N,19,0.0006333122229259025
ARG,81,NE,ASP,77,OD2,19,0.0006333122229259025
GLY,157,N,SER,153,O,19,0.0006333122229259025
GLN,176,NE2,GLN,205,OE1,19,0.0006333122229259025
GLN,187,NE2,LEU,24,N,19,0.0006333122229259025
GLN,187,NE2,ILE,181,O,19,0.0006333122229259025
LYS,197,NZ,SER,193,O,19,0.0006333122229259025
ARG,280,NH1,PRO,453,O,19,0.0006333122229259025
VAL,339,N,HID,341,NE2,19,0.0006333122229259025
THR,347,OG1,HIE,346,O,19,0.0006333122229259025
ASN,381,ND2,GLU,375,OE2,19,0.0006333122229259025
LYS,394,NZ,GLU,396,OE1,19,0.0006333122229259025
LEU,442,N,ASP,441,OD2,19,0.0006333122229259025
GLN,445,NE2,THR,443,O,19,0.0006333122229259025
GLN,457,NE2,ASP,138,OD1,19,0.0006333122229259025
GLU,58,N,ALA,55,O,18,0.0005999800006666444
ARG,112,NE,ARG,112,N,18,0.0005999800006666444
LYS,158,NZ,PHE,156,O,18,0.0005999800006666444
ASN,209,ND2,GLN,205,OE1,18,0.0005999800006666444
ARG,315,NE,LEU,312,O,18,0.0005999800006666444
ARG,330,NH2,GLU,327,OE2,18,0.0005999800006666444
LEU,334,N,SER,332,OG,18,0.0005999800006666444
CYS,447,N,GLU,446,OE1,18,0.0005999800006666444
GLN,17,NE2,LEU,16,O,17,0.0005666477784073864
ARG,21,NH2,GLU,446,OE1,17,0.0005666477784073864
LEU,24,N,GLN,187,NE2,17,0.0005666477784073864
LYS,63,NZ,SER,348,OG,17,0.0005666477784073864
MET,109,N,GLU,111,OE1,17,0.0005666477784073864
ARG,117,NH2,SER,153,O,17,0.0005666477784073864
THR,147,OG1,SER,276,OG,17,0.0005666477784073864
ARG,159,NH1,GLU,120,O,17,0.0005666477784073864
ARG,225,NE,ARG,225,O,17,0.0005666477784073864
LEU,236,N,VAL,155,O,17,0.0005666477784073864
GLN,302,NE2,GLU,299,OE2,17,0.0005666477784073864
HIE,313,N,HIE,313,ND1,17,0.0005666477784073864
LYS,394,NZ,THR,395,O,17,0.0005666477784073864
ARG,70,NE,VAL,339,O,16,0.0005333155561481284
TYR,83,OH,GLU,254,OE1,16,0.0005333155561481284
GLN,119,NE2,GLN,123,NE2,16,0.0005333155561481284
GLN,123,NE2,GLU,127,OE2,16,0.0005333155561481284
ILE,126,N,GLN,123,O,16,0.0005333155561481284
LYS,131,NZ,GLN,163,NE2,16,0.0005333155561481284
TYR,216,OH,GLU,166,O,16,0.0005333155561481284
THR,227,OG1,GLU,226,OE1,16,0.0005333155561481284
SER,249,OG,HIE,257,ND1,16,0.0005333155561481284
ASN,250,ND2,SER,249,O,16,0.0005333155561481284
THR,275,N,THR,272,O,16,0.0005333155561481284
HIE,307,NE2,ARG,463,OXT,16,0.0005333155561481284
ARG,29,NH1,ARG,29,O,15,0.0004999833338888704
ARG,31,N,LEU,28,O,15,0.0004999833338888704
ALA,74,N,LYS,72,O,15,0.0004999833338888704
ARG,92,NH1,TYR,83,OH,15,0.0004999833338888704
ARG,92,NH2,TYR,83,OH,15,0.0004999833338888704
VAL,101,N,ARG,98,O,15,0.0004999833338888704
GLN,123,NE2,GLN,119,NE2,15,0.0004999833338888704
TYR,175,OH,THR,455,OG1,15,0.0004999833338888704
ASN,214,ND2,ASN,261,O,15,0.0004999833338888704
HID,243,ND1,HID,243,O,15,0.0004999833338888704
HIE,252,N,HIE,252,ND1,15,0.0004999833338888704
SER,253,N,ALA,251,O,15,0.0004999833338888704
SER,256,OG,ASN,259,ND2,15,0.0004999833338888704
GLN,258,NE2,ARG,81,NH1,15,0.0004999833338888704
LEU,262,N,ASN,261,OD1,15,0.0004999833338888704
ARG,295,N,VAL,292,O,15,0.0004999833338888704
SER,348,OG,GLY,351,O,15,0.0004999833338888704
ASN,381,ND2,GLU,375,OE1,15,0.0004999833338888704
ASN,389,ND2,ALA,388,O,15,0.0004999833338888704
GLU,411,N,GLU,411,OE2,15,0.0004999833338888704
ASN,428,ND2,ASN,428,O,15,0.0004999833338888704
LEU,442,N,ASP,441,OD1,15,0.0004999833338888704
ALA,64,N,ALA,59,O,14,0.00046665111162961235
ARG,112,NH1,GLU,115,OE1,14,0.00046665111162961235
ARG,112,NH1,GLU,116,O,14,0.00046665111162961235
GLU,116,N,GLU,115,OE1,14,0.00046665111162961235
ARG,130,NH1,GLN,123,OE1,14,0.00046665111162961235
GLN,176,NE2,GLN,205,NE2,14,0.00046665111162961235
GLN,187,NE2,ARG,20,O,14,0.00046665111162961235
THR,227,OG1,GLU,226,O,14,0.00046665111162961235
LYS,248,NZ,MET,244,O,14,0.00046665111162961235
ASN,259,ND2,TYR,83,OH,14,0.00046665111162961235
ASN,261,ND2,GLN,258,NE2,14,0.00046665111162961235
ASN,261,ND2,ASN,261,O,14,0.00046665111162961235
ARG,280,NH2,TYR,175,OH,14,0.00046665111162961235
THR,347,N,GLN,345,O,14,0.00046665111162961235
LEU,362,N,HID,341,NE2,14,0.00046665111162961235
ASN,381,ND2,LYS,376,O,14,0.00046665111162961235
LYS,394,NZ,GLU,396,OE2,14,0.00046665111162961235
GLN,457,NE2,THR,455,O,14,0.00046665111162961235
ARG,31,NH1,THR,366,O,13,0.0004333188893703543
LYS,63,NZ,ASP,62,O,13,0.0004333188893703543
LYS,72,NZ,SER,193,OG,13,0.0004333188893703543
ARG,81,NE,GLN,258,OE1,13,0.0004333188893703543
ARG,81,NH2,TYR,83,OH,13,0.0004333188893703543
ARG,92,NH1,HIE,252,NE2,13,0.0004333188893703543
SER,132,OG,PHE,460,O,13,0.0004333188893703543
TYR,175,OH,GLN,445,NE2,13,0.0004333188893703543
GLN,187,NE2,GLN,187,O,13,0.0004333188893703543
THR,227,OG1,GLU,226,OE2,13,0.0004333188893703543
ILE,237,N,ASP,235,OD1,13,0.0004333188893703543
ASN,250,N,LYS,248,O,13,0.0004333188893703543
GLN,258,NE2,ARG,92,NH2,13,0.0004333188893703543
GLU,273,N,PHE,268,O,13,0.0004333188893703543
THR,275,OG1,THR,274,OG1,13,0.0004333188893703543
ARG,295,NH1,HIE,291,ND1,13,0.0004333188893703543
HIE,346,N,HIE,346,ND1,13,0.0004333188893703543
ASN,381,ND2,PHE,380,O,13,0.0004333188893703543
LYS,393,NZ,ASP,383,OD1,13,0.0004333188893703543
ARG,415,NH1,GLY,412,O,13,0.0004333188893703543
GLY,448,N,SER,182,O,13,0.0004333188893703543
GLN,457,NE2,MET,137,O,13,0.0004333188893703543
ASN,14,ND2,GLN,17,NE2,12,0.0003999866671110963
ARG,29,NH1,LYS,25,O,12,0.0003999866671110963
ARG,70,NE,GLY,71,N,12,0.0003999866671110963
GLY,84,N,GLU,254,OE1,12,0.0003999866671110963
ARG,92,NH2,ALA,251,O,12,0.0003999866671110963
ARG,98,NH1,THR,102,OG1,12,0.0003999866671110963
SER,113,N,GLU,111,O,12,0.0003999866671110963
LYS,158,NZ,TYR,216,OH,12,0.0003999866671110963
GLN,163,N,HIE,161,NE2,12,0.0003999866671110963
ASN,209,ND2,GLU,212,OE2,12,0.0003999866671110963
LEU,228,N,GLU,226,O,12,0.0003999866671110963
THR,239,OG1,PHE,107,O,12,0.0003999866671110963
ASN,250,ND2,LYS,246,O,12,0.0003999866671110963
ARG,295,NH2,ASP,383,OD1,12,0.0003999866671110963
LYS,317,NZ,VAL,303,O,12,0.0003999866671110963
GLY,351,N,PHE,349,O,12,0.0003999866671110963
LYS,376,NZ,ASP,383,OD1,12,0.0003999866671110963
ARG,406,N,LEU,403,O,12,0.0003999866671110963
GLU,411,N,GLU,411,OE1,12,0.0003999866671110963
LYS,33,NZ,LYS,33,O,11,0.00036665444485183826
THR,39,N,PRO,3,O,11,0.00036665444485183826
ARG,105,NE,VAL,101,O,11,0.00036665444485183826
ARG,112,NE,GLY,110,O,11,0.00036665444485183826
ARG,112,NH2,GLU,116,O,11,0.00036665444485183826
SER,132,OG,ALA,135,O,11,0.00036665444485183826
PHE,141,N,ASP,138,O,11,0.00036665444485183826
PHE,195,N,SER,193,O,11,0.00036665444485183826
LYS,223,NZ,GLU,222,OE2,11,0.00036665444485183826
SER,231,N,ASP,229,O,11,0.00036665444485183826
SER,253,N,ASN,250,ND2,11,0.00036665444485183826
SER,276,OG,GLU,273,O,11,0.00036665444485183826
ARG,280,NH1,SER,276,O,11,0.00036665444485183826
ARG,298,NH1,GLN,302,OE1,11,0.00036665444485183826
ASP,357,N,THR,344,O,11,0.00036665444485183826
LYS,394,NZ,GLU,322,OE2,11,0.00036665444485183826
PHE,398,N,THR,395,OG1,11,0.00036665444485183826
ARG,415,NH1,TYR,326,OH,11,0.00036665444485183826
SER,26,OG,GLN,17,O,10,0.00033332222259258026
ALA,66,N,GLU,65,OE2,10,0.00033332222259258026
GLY,108,N,ARG,105,O,10,0.00033332222259258026
LYS,131,NZ,GLN,163,OE1,10,0.00033332222259258026
ASN,172,N,LYS,169,O,10,0.00033332222259258026
LYS,197,NZ,ASP,77,OD2,10,0.00033332222259258026
LYS,208,NZ,GLN,205,NE2,10,0.00033332222259258026
LYS,223,NZ,HIE,219,NE2,10,0.00033332222259258026
THR,227,OG1,ASP,238,OD1,10,0.00033332222259258026
LYS,248,NZ,SER,249,OG,10,0.00033332222259258026
ASN,250,N,LYS,246,O,10,0.00033332222259258026
HIE,257,NE2,GLY,218,O,10,0.00033332222259258026
THR,264,OG1,ASN,261,O,10,0.00033332222259258026
GLN,302,NE2,GLU,299,OE1,10,0.00033332222259258026
ARG,308,NH2,ILE,304,O,10,0.00033332222259258026
ILE,342,N,PHE,67,O,10,0.00033332222259258026
GLN,345,NE2,GLN,345,O,10,0.00033332222259258026
HIE,346,N,GLN,345,NE2,10,0.00033332222259258026
GLU,359,N,PRO,46,O,10,0.00033332222259258026
ASP,378,N,ASP,378,OD2,10,0.00033332222259258026
ASN,389,ND2,ASN,389,O,10,0.00033332222259258026
ILE,407,N,GLY,404,O,10,0.00033332222259258026
SER,430,N,PRO,462,O,10,0.00033332222259258026
GLN,457,NE2,LEU,136,O,10,0.00033332222259258026
ARG,21,NH1,ARG,21,O,9,0.0002999900003333222
ARG,31,NE,LEU,28,O,9,0.0002999900003333222
HIE,41,NE2,PRO,10,O,9,0.0002999900003333222
TYR,83,OH,ARG,92,NH2,9,0.0002999900003333222
ASN,89,ND2,ALA,88,O,9,0.0002999900003333222
LEU,125,N,ALA,122,O,9,0.0002999900003333222
SER,132,OG,SER,132,O,9,0.0002999900003333222
GLN,205,NE2,GLN,176,NE2,9,0.0002999900003333222
LYS,208,NZ,ARG,204,O,9,0.0002999900003333222
LYS,208,NZ,GLN,211,NE2,9,0.0002999900003333222
VAL,221,N,GLY,218,O,9,0.0002999900003333222
LYS,223,N,SER,220,O,9,0.0002999900003333222
LYS,223,NZ,LYS,223,O,9,0.0002999900003333222
THR,239,OG1,GLY,108,O,9,0.0002999900003333222
GLN,258,N,GLN,258,NE2,9,0.0002999900003333222
TYR,281,N,THR,278,O,9,0.0002999900003333222
GLU,294,N,HIE,291,O,9,0.0002999900003333222
ARG,295,NH1,ASP,383,OD1,9,0.0002999900003333222
ARG,330,NH2,ALA,379,O,9,0.0002999900003333222
ARG,350,NH1,GLU,54,O,9,0.0002999900003333222
LYS,376,NZ,ASP,383,OD2,9,0.0002999900003333222
ASP,378,N,ASP,378,OD1,9,0.0002999900003333222
ALA,391,N,ASN,389,O,9,0.0002999900003333222
LYS,393,NZ,THR,395,OG1,9,0.0002999900003333222
LYS,405,N,LEU,60,O,9,0.0002999900003333222
ARG,406,NH1,ILE,86,O,9,0.0002999900003333222
ARG,7,NE,PRO,8,O,8,0.0002666577780740642
GLN,17,NE2,ARG,7,N,8,0.0002666577780740642
ALA,66,N,GLU,65,OE1,8,0.0002666577780740642
ARG,81,NH1,GLN,258,NE2,8,0.0002666577780740642
ASN,89,ND2,PHE,87,O,8,0.0002666577780740642
ARG,98,NH1,HID,243,NE2,8,0.0002666577780740642
ARG,112,NH1,ARG,159,NH1,8,0.0002666577780740642
SER,145,N,LEU,142,O,8,0.0002666577780740642
GLN,165,NE2,GLN,163,NE2,8,0.0002666577780740642
GLU,166,N,GLN,165,OE1,8,0.0002666577780740642
TYR,175,N,GLN,144,NE2,8,0.0002666577780740642
ASP,238,N,ASP,235,OD2,8,0.0002666577780740642
ALA,251,N,HIE,252,ND1,8,0.0002666577780740642
GLU,254,N,ARG,92,NH2,8,0.0002666577780740642
SER,256,N,SER,253,OG,8,0.0002666577780740642
ASN,259,ND2,GLN,258,OE1,8,0.0002666577780740642
ASN,263,ND2,LEU,96,O,8,0.0002666577780740642
THR,272,OG1,LEU,267,O,8,0.0002666577780740642
HIE,307,N,GLY,305,O,8,0.0002666577780740642
GLN,345,NE2,ALA,66,O,8,0.0002666577780740642
LYS,394,NZ,LEU,392,O,8,0.0002666577780740642
ALA,416,N,ALA,414,O,8,0.0002666577780740642
ASP,441,N,ASP,439,O,8,0.0002666577780740642
CYS,447,N,SER,182,O,8,0.0002666577780740642
ARG,20,N,ARG,20,NE,7,0.00023332555581480617
ARG,21,NE,ARG,21,O,7,0.00023332555581480617
LEU,23,N,GLN,187,O,7,0.00023332555581480617
GLY,69,N,ALA,66,O,7,0.00023332555581480617
GLY,90,N,ASN,89,ND2,7,0.00023332555581480617
ARG,97,NH1,ARG,406,O,7,0.00023332555581480617
ARG,105,NH1,VAL,101,O,7,0.00023332555581480617
VAL,114,N,ARG,415,NH1,7,0.00023332555581480617
GLN,119,N,GLU,116,O,7,0.00023332555581480617
GLN,176,NE2,ASN,209,ND2,7,0.00023332555581480617
SER,193,N,LEU,191,O,7,0.00023332555581480617
ASN,209,ND2,ASN,209,O,7,0.00023332555581480617
SER,249,OG,LYS,248,O,7,0.00023332555581480617
PHE,255,N,GLU,247,OE2,7,0.00023332555581480617
SER,256,OG,TYR,83,OH,7,0.00023332555581480617
GLN,258,NE2,GLU,254,OE1,7,0.00023332555581480617
ASN,261,ND2,HIE,257,ND1,7,0.00023332555581480617
MET,286,N,PHE,283,O,7,0.00023332555581480617
LYS,288,NZ,LYS,288,O,7,0.00023332555581480617
HIE,307,NE2,ASN,428,OD1,7,0.00023332555581480617
HIE,313,NE2,ARG,308,NH2,7,0.00023332555581480617
THR,344,OG1,GLN,345,NE2,7,0.00023332555581480617
LYS,356,NZ,GLN,345,NE2,7,0.00023332555581480617
ARG,406,NH2,ASN,89,OD1,7,0.00023332555581480617
ASN,428,ND2,PRO,306,O,7,0.00023332555581480617
THR,443,N,ASP,441,O,7,0.00023332555581480617
ARG,463,NE,PHE,429,O,7,0.00023332555581480617
ARG,463,NH2,ALA,293,O,7,0.00023332555581480617
LEU,16,N,GLY,13,O,6,0.00019999333355554815
LEU,16,N,ASN,14,O,6,0.00019999333355554815
GLN,17,NE2,GLN,17,O,6,0.00019999333355554815
ARG,29,NH2,ARG,21,NH2,6,0.00019999333355554815
ARG,31,NE,GLY,35,O,6,0.00019999333355554815
ARG,70,NH1,HM1,464,O2D,6,0.00019999333355554815
ARG,81,NE,ASP,77,OD1,6,0.00019999333355554815
ARG,81,NH1,GLN,211,OE1,6,0.00019999333355554815
ARG,92,N,ASN,89,ND2,6,0.00019999333355554815
ARG,92,NH2,SER,253,OG,6,0.00019999333355554815
ARG,105,NE,THR,102,O,6,0.00019999333355554815
ARG,112,N,GLY,110,O,6,0.00019999333355554815
LYS,133,NZ,LYS,133,O,6,0.00019999333355554815
ARG,159,NH1,GLU,121,OE2,6,0.00019999333355554815
GLN,163,N,GLN,163,OE1,6,0.00019999333355554815
GLN,165,N,GLN,163,O,6,0.00019999333355554815
ASN,209,ND2,THR,177,N,6,0.00019999333355554815
ASN,214,N,GLN,211,O,6,0.00019999333355554815
TYR,240,OH,SER,100,O,6,0.00019999333355554815
THR,278,OG1,SER,332,OG,6,0.00019999333355554815
ARG,295,NH2,GLN,302,OE1,6,0.00019999333355554815
ARG,298,NH2,GLN,302,OE1,6,0.00019999333355554815
TYR,320,OH,VAL,292,O,6,0.00019999333355554815
GLN,345,NE2,ALA,66,N,6,0.00019999333355554815
ARG,350,NH2,ALA,55,N,6,0.00019999333355554815
GLY,351,N,SER,348,OG,6,0.00019999333355554815
ASN,381,ND2,GLU,375,O,6,0.00019999333355554815
THR,395,OG1,LYS,394,O,6,0.00019999333355554815
GLY,412,N,LEU,409,O,6,0.00019999333355554815
ARG,415,NH2,SER,113,OG,6,0.00019999333355554815
LEU,420,N,GLU,417,O,6,0.00019999333355554815
SER,430,OG,ARG,463,NH1,6,0.00019999333355554815
GLN,457,NE2,ASP,138,OD2,6,0.00019999333355554815
GLN,457,NE2,THR,455,OG1,6,0.00019999333355554815
ARG,21,N,ASP,19,O,5,0.00016666111129629013
LYS,25,NZ,ARG,21,NH1,5,0.00016666111129629013
ARG,29,NE,LYS,25,O,5,0.00016666111129629013
ARG,29,NH1,SER,26,OG,5,0.00016666111129629013
GLY,35,N,GLU,32,O,5,0.00016666111129629013
VAL,37,N,TYR,34,O,5,0.00016666111129629013
ARG,81,NE,TYR,83,OH,5,0.00016666111129629013
ARG,81,NH2,GLN,258,NE2,5,0.00016666111129629013
ARG,92,NH1,SER,253,O,5,0.00016666111129629013
ARG,105,NE,ARG,105,O,5,0.00016666111129629013
ARG,117,NE,ILE,150,O,5,0.00016666111129629013
GLN,119,NE2,PRO,310,N,5,0.00016666111129629013
ARG,130,NH2,GLN,123,NE2,5,0.00016666111129629013
PHE,143,N,THR,140,O,5,0.00016666111129629013
SER,182,OG,GLY,450,O,5,0.00016666111129629013
ARG,204,NE,HIE,203,NE2,5,0.00016666111129629013
LEU,210,N,TYR,207,O,5,0.00016666111129629013
ASP,229,N,THR,227,O,5,0.00016666111129629013
LEU,241,N,ASP,238,O,5,0.00016666111129629013
LYS,246,NZ,LYS,246,O,5,0.00016666111129629013
HIE,252,NE2,ASN,250,OD1,5,0.00016666111129629013
ARG,295,NH1,ASP,383,OD2,5,0.00016666111129629013
ARG,298,NE,GLU,294,O,5,0.00016666111129629013
GLN,302,NE2,GLU,301,O,5,0.00016666111129629013
ILE,304,N,GLU,299,O,5,0.00016666111129629013
ARG,315,NH2,TYR,326,OH,5,0.00016666111129629013
ILE,328,N,ILE,325,O,5,0.00016666111129629013
ALA,391,N,ASN,389,ND2,5,0.00016666111129629013
LYS,405,NZ,GLY,90,O,5,0.00016666111129629013
ILE,407,N,LEU,403,O,5,0.00016666111129629013
ARG,415,NH1,SER,113,OG,5,0.00016666111129629013
GLY,450,N,SER,182,O,5,0.00016666111129629013
ARG,463,NE,GLN,427,O,5,0.00016666111129629013
ARG,1,N,ILE,353,N,4,0.0001333288890370321
ARG,1,NH2,HIE,346,ND1,4,0.0001333288890370321
ARG,7,NH2,GLN,17,OE1,4,0.0001333288890370321
GLY,13,N,PRO,10,O,4,0.0001333288890370321
ASN,14,ND2,PRO,8,N,4,0.0001333288890370321
GLU,58,N,VAL,53,O,4,0.0001333288890370321
LYS,63,NZ,GLU,65,OE1,4,0.0001333288890370321
SER,68,OG,SER,68,O,4,0.0001333288890370321
ARG,70,NE,HID,341,NE2,4,0.0001333288890370321
ARG,70,NH2,HID,341,ND1,4,0.0001333288890370321
TYR,83,OH,HIE,252,NE2,4,0.0001333288890370321
ARG,92,NH1,ALA,251,O,4,0.0001333288890370321
SER,100,N,ARG,97,O,4,0.0001333288890370321
THR,103,OG1,THR,239,OG1,4,0.0001333288890370321
PHE,107,N,THR,102,O,4,0.0001333288890370321
GLU,115,N,SER,113,O,4,0.0001333288890370321
LEU,129,N,ILE,126,O,4,0.0001333288890370321
ARG,130,NH1,ASN,428,O,4,0.0001333288890370321
TYR,162,N,HIE,161,NE2,4,0.0001333288890370321
TYR,162,OH,LEU,142,O,4,0.0001333288890370321
GLN,163,NE2,HIE,161,NE2,4,0.0001333288890370321
ASP,164,N,TYR,162,O,4,0.0001333288890370321
TYR,198,N,GLY,194,O,4,0.0001333288890370321
TYR,207,OH,GLN,211,NE2,4,0.0001333288890370321
SER,220,OG,HIE,219,ND1,4,0.0001333288890370321
LYS,223,NZ,GLU,222,OE1,4,0.0001333288890370321
LYS,246,NZ,SER,249,OG,4,0.0001333288890370321
LYS,248,NZ,LYS,246,O,4,0.0001333288890370321
SER,249,OG,ASN,250,ND2,4,0.0001333288890370321
ALA,251,N,LYS,248,O,4,0.0001333288890370321
SER,256,OG,SER,253,OG,4,0.0001333288890370321
GLN,258,NE2,ARG,81,NH2,4,0.0001333288890370321
GLN,258,NE2,ASN,259,ND2,4,0.0001333288890370321
ASN,259,ND2,HIE,252,ND1,4,0.0001333288890370321
ASN,263,ND2,PHE,255,N,4,0.0001333288890370321
HIE,291,NE2,TYR,320,OH,4,0.0001333288890370321
ARG,295,NH2,ASP,383,OD2,4,0.0001333288890370321
ARG,298,NH1,ARG,298,O,4,0.0001333288890370321
ARG,298,NH2,TYR,297,OH,4,0.0001333288890370321
HIE,313,NE2,ARG,308,NH1,4,0.0001333288890370321
THR,321,N,MET,318,O,4,0.0001333288890370321
GLN,329,N,TYR,326,O,4,0.0001333288890370321
HIE,372,NE2,ASP,36,OD1,4,0.0001333288890370321
LYS,376,NZ,ASN,381,OD1,4,0.0001333288890370321
HIP,384,NE2,GLU,375,OE2,4,0.0001333288890370321
THR,395,N,LYS,393,O,4,0.0001333288890370321
THR,395,OG1,LYS,393,O,4,0.0001333288890370321
GLY,412,N,GLY,410,O,4,0.0001333288890370321
ARG,415,NH2,GLU,411,O,4,0.0001333288890370321
THR,424,OG1,ALA,122,O,4,0.0001333288890370321
SER,430,OG,ARG,463,OXT,4,0.0001333288890370321
GLY,450,N,LEU,334,O,4,0.0001333288890370321
THR,455,OG1,GLN,445,NE2,4,0.0001333288890370321
ARG,459,NE,SER,433,O,4,0.0001333288890370321
ARG,463,NH2,ARG,463,OXT,4,0.0001333288890370321
ARG,1,NH1,ARG,350,O,3,9.999666677777408e-05
ARG,1,NH2,ARG,350,O,3,9.999666677777408e-05
ARG,7,NE,ARG,7,O,3,9.999666677777408e-05
ARG,7,NE,GLN,17,OE1,3,9.999666677777408e-05
ARG,20,NE,LEU,15,O,3,9.999666677777408e-05
GLY,22,N,GLN,187,OE1,3,9.999666677777408e-05
ARG,29,NH2,GLN,17,OE1,3,9.999666677777408e-05
ARG,29,NH2,MET,18,O,3,9.999666677777408e-05
ARG,31,NH2,THR,366,O,3,9.999666677777408e-05
ASP,36,N,ASP,36,OD1,3,9.999666677777408e-05
VAL,53,N,TYR,373,OH,3,9.999666677777408e-05
ILE,56,N,VAL,53,O,3,9.999666677777408e-05
ARG,70,NH1,HM1,464,O2A,3,9.999666677777408e-05
TYR,83,OH,ARG,81,NH1,3,9.999666677777408e-05
TYR,83,OH,ASN,259,OD1,3,9.999666677777408e-05
LYS,94,NZ,ASN,91,O,3,9.999666677777408e-05
MET,109,N,ASP,106,OD2,3,9.999666677777408e-05
ARG,112,NE,GLU,116,O,3,9.999666677777408e-05
ARG,112,NH1,ARG,159,NH2,3,9.999666677777408e-05
ARG,112,NH2,GLU,411,OE2,3,9.999666677777408e-05
LYS,131,NZ,GLU,128,O,3,9.999666677777408e-05
GLY,134,N,LYS,131,O,3,9.999666677777408e-05
GLN,144,N,PHE,141,O,3,9.999666677777408e-05
ILE,146,N,PHE,143,O,3,9.999666677777408e-05
ASN,149,ND2,TYR,162,OH,3,9.999666677777408e-05
SER,153,OG,LYS,158,O,3,9.999666677777408e-05
LYS,158,NZ,SER,220,O,3,9.999666677777408e-05
GLN,165,NE2,TYR,162,O,3,9.999666677777408e-05
ASN,172,ND2,GLN,144,OE1,3,9.999666677777408e-05
SER,179,N,GLN,176,O,3,9.999666677777408e-05
GLN,187,NE2,VAL,184,N,3,9.999666677777408e-05
ARG,204,NE,TYR,198,O,3,9.999666677777408e-05
ARG,204,NH1,ARG,204,O,3,9.999666677777408e-05
GLY,218,N,ALA,215,O,3,9.999666677777408e-05
LYS,234,NZ,GLY,108,O,3,9.999666677777408e-05
LYS,234,NZ,HIP,224,O,3,9.999666677777408e-05
SER,253,N,HIE,252,ND1,3,9.999666677777408e-05
SER,256,OG,ASN,250,N,3,9.999666677777408e-05
SER,256,OG,GLN,258,NE2,3,9.999666677777408e-05
HIE,257,NE2,ARG,225,NH2,3,9.999666677777408e-05
ASN,259,ND2,ARG,92,NE,3,9.999666677777408e-05
THR,264,OG1,ASN,261,OD1,3,9.999666677777408e-05
LEU,265,N,LEU,262,O,3,9.999666677777408e-05
THR,274,OG1,PHE,269,O,3,9.999666677777408e-05
ARG,280,NH2,THR,140,OG1,3,9.999666677777408e-05
ARG,280,NH2,PRO,453,O,3,9.999666677777408e-05
ARG,295,NE,TYR,320,OH,3,9.999666677777408e-05
ARG,295,NH1,GLU,299,OE1,3,9.999666677777408e-05
HIE,307,N,ILE,304,O,3,9.999666677777408e-05
ARG,308,NE,GLU,311,OE1,3,9.999666677777408e-05
ARG,308,NE,GLU,311,OE2,3,9.999666677777408e-05
ARG,315,NH1,ARG,415,NH2,3,9.999666677777408e-05
GLU,322,N,PRO,319,O,3,9.999666677777408e-05
VAL,324,N,THR,321,O,3,9.999666677777408e-05
THR,347,OG1,GLN,345,OE1,3,9.999666677777408e-05
HIE,372,NE2,ASP,36,OD2,3,9.999666677777408e-05
HIE,372,NE2,ASP,370,OD1,3,9.999666677777408e-05
ASN,381,ND2,HIP,384,NE2,3,9.999666677777408e-05
LYS,393,NZ,GLU,375,OE1,3,9.999666677777408e-05
LYS,394,NZ,LYS,394,O,3,9.999666677777408e-05
LYS,405,N,SER,68,OG,3,9.999666677777408e-05
ARG,406,N,SER,68,OG,3,9.999666677777408e-05
GLU,417,N,GLU,417,OE1,3,9.999666677777408e-05
THR,424,N,PHE,421,O,3,9.999666677777408e-05
ASN,428,ND2,GLN,427,O,3,9.999666677777408e-05
SER,430,OG,ARG,463,NH2,3,9.999666677777408e-05
ARG,463,NH2,ARG,463,O,3,9.999666677777408e-05
GLN,17,NE2,GLY,13,O,2,6.666444451851606e-05
ARG,21,NH1,ARG,20,O,2,6.666444451851606e-05
ARG,21,NH2,ARG,29,NH1,2,6.666444451851606e-05
LYS,25,NZ,ARG,29,NH2,2,6.666444451851606e-05
ARG,29,NH1,ARG,21,NH2,2,6.666444451851606e-05
ARG,31,NE,ASP,36,N,2,6.666444451851606e-05
ASP,36,N,ARG,350,NH1,2,6.666444451851606e-05
THR,39,OG1,PRO,3,N,2,6.666444451851606e-05
ARG,70,NE,GLY,69,O,2,6.666444451851606e-05
LYS,72,NZ,ARG,81,NH2,2,6.666444451851606e-05
ARG,81,NE,GLN,258,NE2,2,6.666444451851606e-05
ARG,81,NH1,TYR,83,OH,2,6.666444451851606e-05
TYR,83,OH,GLN,258,NE2,2,6.666444451851606e-05
TYR,83,OH,ASN,259,ND2,2,6.666444451851606e-05
ASN,89,ND2,ASN,89,O,2,6.666444451851606e-05
ARG,98,NH2,LYS,94,O,2,6.666444451851606e-05
THR,103,N,VAL,101,O,2,6.666444451851606e-05
ARG,112,NH2,GLU,411,OE1,2,6.666444451851606e-05
VAL,114,N,GLU,116,OE1,2,6.666444451851606e-05
GLN,119,NE2,GLU,120,OE1,2,6.666444451851606e-05
ARG,130,NE,ASN,428,OD1,2,6.666444451851606e-05
ARG,130,NH1,ARG,463,OXT,2,6.666444451851606e-05
LYS,131,NZ,LYS,131,O,2,6.666444451851606e-05
SER,153,OG,SER,153,O,2,6.666444451851606e-05
TYR,162,OH,GLU,121,O,2,6.666444451851606e-05
LYS,169,NZ,GLN,165,NE2,2,6.666444451851606e-05
LYS,169,NZ,GLN,176,OE1,2,6.666444451851606e-05
GLY,194,N,LEU,191,O,2,6.666444451851606e-05
GLN,211,NE2,GLN,258,OE1,2,6.666444451851606e-05
HIE,219,NE2,TYR,216,OH,2,6.666444451851606e-05
HIP,224,ND1,HIP,224,O,2,6.666444451851606e-05
HIP,224,ND1,THR,227,O,2,6.666444451851606e-05
ARG,225,NE,GLU,245,OE2,2,6.666444451851606e-05
LYS,234,NZ,GLY,157,O,2,6.666444451851606e-05
LYS,246,NZ,HID,243,O,2,6.666444451851606e-05
HIE,252,N,ASN,250,O,2,6.666444451851606e-05
SER,256,OG,ASN,259,OD1,2,6.666444451851606e-05
HIE,257,NE2,ARG,225,NH1,2,6.666444451851606e-05
HIE,257,NE2,GLN,258,NE2,2,6.666444451851606e-05
GLN,258,NE2,ARG,92,NH1,2,6.666444451851606e-05
GLN,258,NE2,SER,249,O,2,6.666444451851606e-05
THR,272,OG1,THR,147,OG1,2,6.666444451851606e-05
THR,272,OG1,THR,147,O,2,6.666444451851606e-05
THR,274,OG1,GLY,271,O,2,6.666444451851606e-05
THR,275,N,ALA,270,O,2,6.666444451851606e-05
LEU,279,N,SER,276,O,2,6.666444451851606e-05
LEU,285,N,GLY,282,O,2,6.666444451851606e-05
TYR,297,OH,ARG,463,O,2,6.666444451851606e-05
ARG,298,N,ARG,295,O,2,6.666444451851606e-05
GLN,302,NE2,ARG,298,NH2,2,6.666444451851606e-05
GLN,302,NE2,GLU,299,O,2,6.666444451851606e-05
ARG,308,N,ILE,304,O,2,6.666444451851606e-05
LEU,312,N,GLN,119,OE1,2,6.666444451851606e-05
HIE,313,N,GLU,311,O,2,6.666444451851606e-05
ARG,315,NH2,ALA,414,O,2,6.666444451851606e-05
TYR,320,OH,ARG,295,NH1,2,6.666444451851606e-05
TYR,326,N,ALA,323,O,2,6.666444451851606e-05
GLU,327,N,VAL,324,O,2,6.666444451851606e-05
GLN,329,NE2,GLN,329,O,2,6.666444451851606e-05
THR,344,OG1,GLU,65,OE1,2,6.666444451851606e-05
THR,344,OG1,GLU,65,OE2,2,6.666444451851606e-05
THR,344,OG1,THR,344,O,2,6.666444451851606e-05
GLN,345,NE2,HIE,346,ND1,2,6.666444451851606e-05
SER,348,N,THR,347,OG1,2,6.666444451851606e-05
SER,348,OG,THR,347,O,2,6.666444451851606e-05
SER,348,OG,SER,348,O,2,6.666444451851606e-05
ARG,350,NE,GLU,54,OE2,2,6.666444451851606e-05
THR,358,N,LYS,356,O,2,6.666444451851606e-05
LEU,368,N,SER,365,O,2,6.666444451851606e-05
ASP,370,N,THR,366,O,2,6.666444451851606e-05
ASP,383,N,ASP,383,OD2,2,6.666444451851606e-05
LYS,393,NZ,GLU,375,OE2,2,6.666444451851606e-05
LYS,393,NZ,LYS,393,O,2,6.666444451851606e-05
PHE,398,N,GLU,396,O,2,6.666444451851606e-05
GLY,412,N,MET,104,O,2,6.666444451851606e-05
ILE,413,N,LEU,409,O,2,6.666444451851606e-05
ALA,416,N,GLU,417,OE2,2,6.666444451851606e-05
THR,424,OG1,PHE,421,O,2,6.666444451851606e-05
GLN,427,NE2,GLN,427,O,2,6.666444451851606e-05
SER,430,OG,PHE,429,O,2,6.666444451851606e-05
SER,430,OG,SER,430,O,2,6.666444451851606e-05
SER,430,OG,MET,431,O,2,6.666444451851606e-05
GLN,445,N,PRO,454,N,2,6.666444451851606e-05
THR,455,OG1,TYR,175,OH,2,6.666444451851606e-05
TYR,456,N,ASP,138,OD2,2,6.666444451851606e-05
GLN,457,N,GLN,457,OE1,2,6.666444451851606e-05
ARG,459,NE,PHE,460,O,2,6.666444451851606e-05
ARG,459,NH1,SER,433,O,2,6.666444451851606e-05
ARG,1,NH2,GLY,5,O,1,3.333222225925803e-05
ARG,7,NH1,GLN,17,OE1,1,3.333222225925803e-05
ARG,7,NH2,PRO,8,O,1,3.333222225925803e-05
ARG,7,NH2,GLN,17,NE2,1,3.333222225925803e-05
LEU,9,N,GLY,13,N,1,3.333222225925803e-05
LEU,11,N,LEU,9,O,1,3.333222225925803e-05
GLY,13,N,LEU,11,O,1,3.333222225925803e-05
GLN,17,N,LEU,15,O,1,3.333222225925803e-05
GLN,17,NE2,ARG,7,NH2,1,3.333222225925803e-05
MET,18,N,LEU,16,O,1,3.333222225925803e-05
ARG,20,N,ASP,19,OD1,1,3.333222225925803e-05
ARG,20,N,ASP,19,OD2,1,3.333222225925803e-05
ARG,20,N,ARG,20,NH1,1,3.333222225925803e-05
ARG,20,NH1,ASP,19,O,1,3.333222225925803e-05
ARG,20,NH2,GLN,187,OE1,1,3.333222225925803e-05
ARG,21,NE,GLU,446,OE1,1,3.333222225925803e-05
ARG,21,NH1,GLU,446,OE1,1,3.333222225925803e-05
ARG,21,NH2,GLN,187,OE1,1,3.333222225925803e-05
LYS,25,NZ,ARG,21,NE,1,3.333222225925803e-05
LYS,25,NZ,ARG,21,NH2,1,3.333222225925803e-05
SER,26,OG,SER,26,O,1,3.333222225925803e-05
ARG,29,NE,GLN,17,O,1,3.333222225925803e-05
ARG,29,NE,LEU,28,O,1,3.333222225925803e-05
LYS,33,NZ,GLU,32,O,1,3.333222225925803e-05
HIE,41,NE2,PRO,44,O,1,3.333222225925803e-05
LEU,42,N,VAL,40,O,1,3.333222225925803e-05
ARG,45,NE,GLU,190,O,1,3.333222225925803e-05
ARG,45,NH1,LYS,72,O,1,3.333222225925803e-05
ARG,45,NH2,SER,193,OG,1,3.333222225925803e-05
GLY,52,N,ASP,36,O,1,3.333222225925803e-05
ARG,57,N,GLU,54,O,1,3.333222225925803e-05
ARG,57,NE,VAL,53,O,1,3.333222225925803e-05
ARG,57,NH1,GLU,58,N,1,3.333222225925803e-05
VAL,61,N,ALA,59,O,1,3.333222225925803e-05
ASP,62,N,ALA,59,O,1,3.333222225925803e-05
LYS,63,NZ,GLN,345,OE1,1,3.333222225925803e-05
LYS,63,NZ,SER,348,N,1,3.333222225925803e-05
ALA,64,N,ASP,62,N,1,3.333222225925803e-05
GLU,65,N,LYS,63,O,1,3.333222225925803e-05
ARG,70,N,ALA,88,O,1,3.333222225925803e-05
ARG,70,NH1,ARG,406,NH1,1,3.333222225925803e-05
LYS,72,NZ,ARG,45,NH2,1,3.333222225925803e-05
LYS,72,NZ,GLY,71,O,1,3.333222225925803e-05
LYS,72,NZ,LYS,72,O,1,3.333222225925803e-05
LYS,72,NZ,ASN,89,ND2,1,3.333222225925803e-05
MET,75,N,GLU,190,OE2,1,3.333222225925803e-05
ARG,81,NH2,ASN,259,ND2,1,3.333222225925803e-05
GLY,82,N,ASP,77,OD1,1,3.333222225925803e-05
GLY,82,N,ASP,77,OD2,1,3.333222225925803e-05
GLY,82,N,ASP,77,O,1,3.333222225925803e-05
GLY,84,N,GLU,254,OE2,1,3.333222225925803e-05
ASN,89,ND2,SER,68,OG,1,3.333222225925803e-05
ASN,89,ND2,ASN,91,OD1,1,3.333222225925803e-05
ASN,91,N,ASN,89,ND2,1,3.333222225925803e-05
ASN,91,ND2,GLY,90,O,1,3.333222225925803e-05
ARG,92,N,GLY,90,O,1,3.333222225925803e-05
ARG,92,N,ASN,91,OD1,1,3.333222225925803e-05
ARG,92,NE,SER,253,O,1,3.333222225925803e-05
ARG,92,NH1,ASN,91,ND2,1,3.333222225925803e-05
ARG,92,NH1,GLU,247,OE2,1,3.333222225925803e-05
LYS,94,NZ,ASN,91,ND2,1,3.333222225925803e-05
LYS,94,NZ,LYS,94,O,1,3.333222225925803e-05
ARG,97,N,ARG,92,O,1,3.333222225925803e-05
ARG,97,NE,ARG,97,O,1,3.333222225925803e-05
ARG,98,NE,ARG,98,O,1,3.333222225925803e-05
ARG,98,NE,THR,102,OG1,1,3.333222225925803e-05
THR,102,OG1,THR,103,N,1,3.333222225925803e-05
THR,102,OG1,ARG,105,NH2,1,3.333222225925803e-05
ARG,105,NH2,THR,102,OG1,1,3.333222225925803e-05
ASP,106,N,MET,104,O,1,3.333222225925803e-05
ARG,112,NE,ARG,117,NH1,1,3.333222225925803e-05
ARG,112,NE,ARG,117,NH2,1,3.333222225925803e-05
ARG,112,NH1,SER,153,OG,1,3.333222225925803e-05
VAL,114,N,SER,113,OG,1,3.333222225925803e-05
ARG,117,NH1,ARG,112,NH2,1,3.333222225925803e-05
ARG,117,NH1,SER,153,O,1,3.333222225925803e-05
GLN,119,NE2,GLU,120,OE2,1,3.333222225925803e-05
GLN,123,NE2,CYS,124,N,1,3.333222225925803e-05
GLN,123,NE2,ARG,130,NH2,1,3.333222225925803e-05
ARG,130,NH1,GLN,123,NE2,1,3.333222225925803e-05
ARG,130,NH2,ASN,428,O,1,3.333222225925803e-05
SER,132,OG,LYS,131,O,1,3.333222225925803e-05
GLY,134,N,ARG,459,NH2,1,3.333222225925803e-05
MET,137,N,ILE,458,N,1,3.333222225925803e-05
ASP,138,N,GLN,457,OE1,1,3.333222225925803e-05
GLN,144,NE2,TYR,175,N,1,3.333222225925803e-05
ALA,148,N,SER,145,O,1,3.333222225925803e-05
LYS,158,NZ,GLU,120,OE1,1,3.333222225925803e-05
ARG,159,NH1,HIE,161,NE2,1,3.333222225925803e-05
HIE,161,NE2,GLU,121,OE2,1,3.333222225925803e-05
HIE,161,NE2,ASP,164,OD1,1,3.333222225925803e-05
GLN,163,NE2,ASP,164,N,1,3.333222225925803e-05
GLN,163,NE2,GLN,165,NE2,1,3.333222225925803e-05
GLN,165,N,ASP,164,OD2,1,3.333222225925803e-05
GLN,165,NE2,ASP,164,OD1,1,3.333222225925803e-05
PHE,167,N,GLU,166,OE1,1,3.333222225925803e-05
LYS,169,NZ,ASN,209,ND2,1,3.333222225925803e-05
LEU,171,N,LEU,168,O,1,3.333222225925803e-05
TYR,175,N,ASN,172,O,1,3.333222225925803e-05
GLN,176,NE2,TYR,175,OH,1,3.333222225925803e-05
THR,177,OG1,GLN,176,O,1,3.333222225925803e-05
THR,177,OG1,ASN,209,OD1,1,3.333222225925803e-05
PHE,178,N,TYR,175,O,1,3.333222225925803e-05
SER,179,OG,GLN,176,OE1,1,3.333222225925803e-05
SER,179,OG,GLN,445,NE2,1,3.333222225925803e-05
SER,183,N,ILE,181,O,1,3.333222225925803e-05
GLN,187,NE2,GLY,22,N,1,3.333222225925803e-05
GLN,187,NE2,GLY,186,O,1,3.333222225925803e-05
LYS,197,NZ,SER,193,OG,1,3.333222225925803e-05
GLY,201,N,HIE,203,NE2,1,3.333222225925803e-05
GLY,201,N,ARG,204,NE,1,3.333222225925803e-05
GLY,201,N,GLN,205,OE1,1,3.333222225925803e-05
ARG,204,NH1,PRO,200,N,1,3.333222225925803e-05
ARG,204,NH1,GLN,211,OE1,1,3.333222225925803e-05
ARG,204,NH2,PHE,199,N,1,3.333222225925803e-05
VAL,206,N,HIE,203,O,1,3.333222225925803e-05
TYR,207,OH,ARG,81,NH1,1,3.333222225925803e-05
LYS,208,NZ,TYR,207,OH,1,3.333222225925803e-05
GLN,211,NE2,GLN,258,NE2,1,3.333222225925803e-05
ASN,214,ND2,ALA,215,N,1,3.333222225925803e-05
TYR,216,OH,PHE,167,N,1,3.333222225925803e-05
ILE,217,N,ASN,214,O,1,3.333222225925803e-05
HIE,219,N,ASN,214,O,1,3.333222225925803e-05
SER,220,OG,TYR,216,OH,1,3.333222225925803e-05
GLU,222,N,HIE,219,O,1,3.333222225925803e-05
HIP,224,N,GLU,222,O,1,3.333222225925803e-05
HIP,224,ND1,SER,220,OG,1,3.333222225925803e-05
HIP,224,ND1,ASP,235,OD2,1,3.333222225925803e-05
HIP,224,NE2,SER,220,OG,1,3.333222225925803e-05
ARG,225,NE,GLU,245,OE1,1,3.333222225925803e-05
THR,227,OG1,ASP,238,OD2,1,3.333222225925803e-05
ASP,229,N,ASP,238,OD2,1,3.333222225925803e-05
SER,231,OG,PRO,230,O,1,3.333222225925803e-05
LYS,234,NZ,SER,153,O,1,3.333222225925803e-05
LYS,234,NZ,LEU,228,N,1,3.333222225925803e-05
THR,239,OG1,THR,239,O,1,3.333222225925803e-05
TYR,240,OH,ASN,259,O,1,3.333222225925803e-05
TYR,240,OH,ASN,263,O,1,3.333222225925803e-05
HID,243,ND1,TYR,240,O,1,3.333222225925803e-05
HID,243,ND1,PHE,255,O,1,3.333222225925803e-05
LYS,246,NZ,PRO,230,O,1,3.333222225925803e-05
LYS,246,NZ,HID,243,ND1,1,3.333222225925803e-05
LYS,248,NZ,HIE,257,NE2,1,3.333222225925803e-05
HIE,252,NE2,ARG,92,NH1,1,3.333222225925803e-05
SER,253,N,ASN,259,ND2,1,3.333222225925803e-05
GLU,254,N,GLU,247,OE2,1,3.333222225925803e-05
GLU,254,N,SER,253,OG,1,3.333222225925803e-05
HIE,257,NE2,GLN,258,OE1,1,3.333222225925803e-05
GLN,258,N,SER,256,O,1,3.333222225925803e-05
GLN,258,NE2,GLN,211,OE1,1,3.333222225925803e-05
GLN,258,NE2,GLU,254,OE2,1,3.333222225925803e-05
GLN,258,NE2,ASN,261,ND2,1,3.333222225925803e-05
ASN,259,N,GLN,258,NE2,1,3.333222225925803e-05
ASN,259,ND2,HIE,252,O,1,3.333222225925803e-05
ASN,259,ND2,GLN,258,NE2,1,3.333222225925803e-05
ASN,259,ND2,ASN,263,ND2,1,3.333222225925803e-05
THR,264,N,ASN,259,O,1,3.333222225925803e-05
THR,264,N,ASN,261,O,1,3.333222225925803e-05
ALA,270,N,LEU,265,O,1,3.333222225925803e-05
GLU,273,N,ALA,270,O,1,3.333222225925803e-05
THR,274,N,GLY,271,O,1,3.333222225925803e-05
SER,276,OG,GLN,144,N,1,3.333222225925803e-05
THR,277,N,THR,274,O,1,3.333222225925803e-05
THR,278,OG1,THR,275,O,1,3.333222225925803e-05
ARG,280,NH1,TYR,175,OH,1,3.333222225925803e-05
ARG,280,NH1,PRO,454,O,1,3.333222225925803e-05
TYR,281,OH,SER,332,O,1,3.333222225925803e-05
GLY,282,N,LEU,279,O,1,3.333222225925803e-05
ARG,295,NE,ARG,295,O,1,3.333222225925803e-05
ARG,295,NH2,VAL,292,N,1,3.333222225925803e-05
ARG,295,NH2,GLU,299,OE1,1,3.333222225925803e-05
TYR,297,N,GLU,294,O,1,3.333222225925803e-05
TYR,297,OH,GLN,427,O,1,3.333222225925803e-05
TYR,297,OH,ARG,463,OXT,1,3.333222225925803e-05
GLN,302,NE2,LYS,317,O,1,3.333222225925803e-05
HIE,307,NE2,ILE,304,O,1,3.333222225925803e-05
ARG,308,N,PRO,306,O,1,3.333222225925803e-05
ARG,308,NE,ARG,308,O,1,3.333222225925803e-05
ARG,308,NH1,VAL,303,O,1,3.333222225925803e-05
ARG,308,NH1,GLU,311,N,1,3.333222225925803e-05
GLU,311,N,ARG,308,NH2,1,3.333222225925803e-05
LYS,317,N,ARG,315,O,1,3.333222225925803e-05
THR,321,OG1,MET,318,O,1,3.333222225925803e-05
TYR,326,OH,ARG,415,NH1,1,3.333222225925803e-05
HID,341,ND1,GLY,69,N,1,3.333222225925803e-05
THR,344,N,ILE,342,O,1,3.333222225925803e-05
GLN,345,NE2,HIE,346,NE2,1,3.333222225925803e-05
THR,347,OG1,ALA,66,O,1,3.333222225925803e-05
SER,348,OG,ILE,353,N,1,3.333222225925803e-05
ALA,367,N,SER,365,O,1,3.333222225925803e-05
GLU,375,N,HIE,372,O,1,3.333222225925803e-05
GLU,375,N,TYR,373,O,1,3.333222225925803e-05
ALA,379,N,ASP,378,OD1,1,3.333222225925803e-05
ALA,379,N,ASP,378,OD2,1,3.333222225925803e-05
HIP,384,NE2,GLU,375,OE1,1,3.333222225925803e-05
ASN,389,ND2,ASP,387,O,1,3.333222225925803e-05
LYS,393,N,LEU,386,N,1,3.333222225925803e-05
LYS,393,N,ALA,391,O,1,3.333222225925803e-05
LYS,393,NZ,ALA,391,O,1,3.333222225925803e-05
LYS,393,NZ,LEU,392,O,1,3.333222225925803e-05
LYS,394,NZ,ARG,415,NH2,1,3.333222225925803e-05
ALA,397,N,THR,395,O,1,3.333222225925803e-05
SER,402,OG,HID,341,NE2,1,3.333222225925803e-05
GLY,404,N,SER,402,O,1,3.333222225925803e-05
LYS,405,NZ,LEU,60,O,1,3.333222225925803e-05
ARG,406,NH1,HM1,464,O1D,1,3.333222225925803e-05
GLY,412,N,ARG,415,NH1,1,3.333222225925803e-05
ARG,415,NH2,TYR,326,OH,1,3.333222225925803e-05
GLU,417,N,ALA,414,O,1,3.333222225925803e-05
GLU,417,N,GLU,417,OE2,1,3.333222225925803e-05
THR,423,N,LEU,420,O,1,3.333222225925803e-05
LEU,426,N,THR,423,O,1,3.333222225925803e-05
GLN,427,NE2,HIE,307,N,1,3.333222225925803e-05
ASN,428,ND2,HIE,307,ND1,1,3.333222225925803e-05
ASN,428,ND2,ARG,463,OXT,1,3.333222225925803e-05
SER,430,N,ARG,463,N,1,3.333222225925803e-05
SER,430,OG,ARG,463,NE,1,3.333222225925803e-05
SER,430,OG,ARG,463,O,1,3.333222225925803e-05
ASP,439,N,PRO,437,O,1,3.333222225925803e-05
VAL,449,N,SER,182,O,1,3.333222225925803e-05
TYR,456,N,ASP,138,OD1,1,3.333222225925803e-05
TYR,456,OH,LEU,284,N,1,3.333222225925803e-05
GLN,457,NE2,GLN,457,N,1,3.333222225925803e-05
ARG,459,NH1,ALA,135,O,1,3.333222225925803e-05
PHE,460,N,SER,132,O,1,3.333222225925803e-05
PHE,460,N,LYS,133,O,1,3.333222225925803e-05
ARG,463,NH2,ARG,298,NH2,1,3.333222225925803e-05
