donor_resname,donor_resid,donor_atom,acceptor_resname,acceptor_resid,acceptor_atom,count,frequency
THR,321,OG1,GLU,299,OE1,29384,0.9794340188660378
ARG,330,NH2,GLU,327,OE1,29204,0.9734342188593713
PHE,283,N,LEU,279,O,28681,0.9560014666177794
ASN,381,N,GLU,327,OE1,28602,0.953368221059298
ILE,146,N,LEU,142,O,28589,0.9529349021699277
THR,424,OG1,LEU,420,O,28584,0.9527682410586313
ARG,330,NE,GLU,327,OE2,28317,0.9438685377154095
LEU,168,N,ASP,164,O,28269,0.9422685910469651
PHE,421,N,GLU,417,O,27933,0.9310689643678544
PHE,331,N,GLU,327,O,27926,0.9308356388120396
THR,239,OG1,ASP,235,O,27856,0.9285023832538916
LEU,426,N,PHE,422,O,27843,0.9280690643645212
GLU,301,N,TYR,297,O,27738,0.9245691810272991
VAL,40,N,VAL,47,O,27730,0.924302523249225
THR,423,OG1,PHE,419,O,27639,0.9212692910236325
SER,332,OG,ILE,328,O,27514,0.9171027632412253
THR,177,OG1,LEU,173,O,27477,0.9158694710176327
TYR,456,OH,ARG,280,O,27456,0.9151694943501884
SER,145,OG,PHE,141,O,27317,0.9105363154561514
TYR,162,OH,GLU,121,OE2,27266,0.9088363721209293
ALA,270,N,SER,266,O,27262,0.9087030432318922
HIP,384,N,ASN,381,O,27142,0.9047031765607813
VAL,343,N,THR,358,O,27109,0.9036032132262258
THR,264,OG1,LEU,260,O,27022,0.9007033098896703
SER,100,OG,LEU,96,O,26994,0.8997700076664111
VAL,95,N,ASN,91,O,26955,0.8984700509983
GLN,427,NE2,ARG,308,O,26933,0.8977367421085963
PHE,160,N,ASN,149,OD1,26882,0.8960367987733742
PHE,385,N,PRO,382,O,26781,0.8926702443251892
ILE,458,N,MET,137,O,26764,0.8921035965467817
VAL,101,N,ARG,97,O,26712,0.8903703209893004
ALA,148,N,GLN,144,O,26535,0.8844705176494116
ILE,354,N,THR,347,O,26533,0.8844038532048931
ASN,428,ND2,THR,424,O,26451,0.8816706109796341
ILE,452,N,GLU,446,O,26437,0.8812039598680044
ARG,330,NH1,LEU,368,O,26369,0.8789373687543749
ARG,280,N,SER,276,O,26357,0.8785373820872637
THR,358,OG1,PRO,355,O,26294,0.8764374520849305
THR,272,OG1,PHE,268,O,26238,0.8745708476384121
CYS,152,N,ALA,148,O,26152,0.8717042765241159
ASN,149,ND2,GLU,121,OE2,26064,0.8687710409653011
ASP,387,N,ALA,391,O,26058,0.8685710476317456
VAL,155,N,ILE,151,O,26047,0.8682043931868938
MET,49,N,PHE,38,O,26036,0.867837738742042
PHE,361,N,VAL,48,O,26029,0.8676044131862272
GLY,338,N,LEU,335,O,25999,0.8666044465184494
THR,277,OG1,GLU,273,O,25977,0.8658711376287457
GLY,305,N,ILE,300,O,25968,0.8655711476284124
SER,26,OG,GLY,22,O,25910,0.8636378787373754
VAL,48,N,GLU,359,O,25869,0.8622712576247459
PHE,349,N,TYR,352,O,25851,0.8616712776240792
TYR,326,N,GLU,322,O,25846,0.8615046165127829
ASN,14,N,HIE,41,O,25819,0.8606046465117829
THR,347,N,ILE,354,O,25703,0.856738108729709
THR,278,OG1,THR,274,O,25663,0.8554048198393387
SER,430,N,LEU,461,O,25552,0.851704943168561
ASP,164,N,HIE,161,O,25548,0.851571614279524
THR,264,N,LEU,260,O,25490,0.849638345388487
HIE,41,N,ASN,14,OD1,25487,0.8495383487217093
ASP,77,N,ILE,73,O,25375,0.8458051398286723
THR,423,N,PHE,419,O,25257,0.8418719376020799
MET,286,N,GLY,282,O,25241,0.8413386220459318
PHE,27,N,LEU,23,O,25212,0.8403719876004133
LEU,9,N,GLY,13,O,25164,0.8387720409319689
THR,39,N,PRO,4,O,25156,0.8385053831538949
TYR,281,N,THR,277,O,25056,0.8351721609279691
PHE,269,N,LEU,265,O,24862,0.8287057098096731
SER,276,N,THR,272,O,24677,0.8225392486917102
LYS,356,N,HIE,346,ND1,24661,0.8220059331355621
MET,137,N,ILE,458,O,24603,0.8200726642445252
ILE,300,N,VAL,296,O,24580,0.8193060231325623
ARG,159,NH2,GLU,121,OE2,24546,0.8181727275757474
HID,341,N,VAL,360,O,24502,0.8167061097963402
ARG,98,N,LYS,94,O,24482,0.816039465351155
LEU,285,N,TYR,281,O,24323,0.8107396420119329
GLN,329,N,ILE,325,O,24321,0.8106729775674144
THR,424,N,LEU,420,O,24313,0.8104063197893403
ASN,363,N,LEU,50,O,24298,0.8099063364554515
LYS,94,N,GLY,90,O,24255,0.8084730508983033
VAL,76,N,ILE,73,O,24241,0.8080063997866738
VAL,360,N,HID,341,O,24237,0.8078730708976367
ARG,406,NH1,HM1,464,O2D,24189,0.8062731242291924
PHE,38,N,MET,49,O,24176,0.805839805339822
LEU,267,N,ASN,263,O,24142,0.8047065097830073
ARG,70,NE,PRO,340,O,23831,0.794340188660378
PHE,143,N,PRO,139,O,23826,0.7941735275490817
GLN,176,N,ASN,172,O,23791,0.7930068997700077
VAL,85,N,ASN,263,OD1,23789,0.7929402353254892
ALA,414,N,GLY,410,O,23759,0.7919402686577114
LEU,28,N,LEU,24,O,23699,0.7899403353221559
ARG,97,N,TRP,93,O,23452,0.7817072764241192
LEU,265,N,ASN,261,O,23423,0.7807406419786007
ILE,126,N,ALA,122,O,23420,0.780640645311823
SER,365,N,PRO,336,O,23212,0.7737075430818973
LEU,125,N,GLU,121,O,23185,0.7728075730808973
PHE,422,N,LEU,418,O,23174,0.7724409186360455
GLN,119,N,GLU,115,O,23147,0.7715409486350455
VAL,303,N,GLU,299,O,23135,0.7711409619679344
ALA,122,N,ILE,118,O,23102,0.7700409986333789
PHE,99,N,VAL,95,O,23041,0.7680077330755641
PHE,178,N,PHE,174,O,23021,0.767341088630379
ILE,217,N,ILE,213,O,23020,0.7673077564081198
LEU,129,N,LEU,125,O,23011,0.7670077664077865
LYS,393,N,PHE,385,O,22973,0.7657411419619347
ASN,149,ND2,PHE,160,O,22934,0.7644411852938235
LYS,223,N,HIE,219,O,22863,0.7620745975134162
ILE,56,N,GLY,52,O,22828,0.7609079697343422
TYR,83,N,PHE,80,O,22800,0.759974667511083
GLN,144,N,THR,140,O,22798,0.7599080030665645
LEU,60,N,ILE,56,O,22728,0.7575747475084164
LEU,171,N,PHE,167,O,22713,0.7570747641745276
LEU,210,N,VAL,206,O,22581,0.7526749108363054
THR,39,OG1,PRO,3,O,22580,0.7526415786140462
PHE,192,N,LEU,188,O,22555,0.7518082730575647
ALA,323,N,PRO,319,O,22545,0.7514749508349722
ARG,159,NE,GLU,121,OE1,22498,0.7499083363887871
ASP,383,N,ASN,381,OD1,22460,0.7486417119429353
GLU,273,N,PHE,269,O,22395,0.7464751174960834
LEU,279,N,THR,275,O,22342,0.7447085097163428
THR,344,N,ALA,66,O,22306,0.7435085497150095
TYR,297,N,ALA,293,O,22262,0.7420419319356022
ASN,149,N,SER,145,O,22248,0.7415752808239725
LEU,196,N,PHE,192,O,22233,0.7410752974900837
GLY,218,N,ASN,214,O,22085,0.7361421285957135
TYR,34,N,PHE,30,O,22083,0.736075464151195
GLU,322,N,MET,318,O,22048,0.7349088363721209
THR,147,OG1,PHE,143,O,21978,0.7325755808139729
THR,321,N,GLU,299,OE1,21964,0.7321089297023432
ASP,238,N,ASP,235,OD1,21860,0.7286423785873805
TYR,175,N,LEU,171,O,21751,0.7250091663611213
LEU,461,N,SER,430,O,21748,0.7249091696943435
MET,318,N,ARG,315,O,21695,0.7231425619146028
GLU,417,N,ILE,413,O,21521,0.7173427552414919
ARG,415,NH2,GLU,322,OE2,21512,0.7170427652411586
LYS,317,N,ASP,314,O,21508,0.7169094363521216
ARG,57,N,VAL,53,O,21440,0.7146428452384921
SER,100,N,LEU,96,O,21437,0.7145428485717142
LEU,241,N,ILE,237,O,21385,0.7128095730142329
PHE,30,N,SER,26,O,21357,0.7118762707909736
GLN,427,NE2,GLY,305,O,21273,0.709076364121196
ARG,70,NH1,HM1,464,O1A,21240,0.7079764007866405
GLN,187,N,SER,183,O,21179,0.7059431352288257
GLU,327,N,ALA,323,O,21077,0.7025432485583814
SER,179,OG,TYR,175,O,21036,0.7011766274457518
PHE,80,N,VAL,76,O,20887,0.6962101263291224
GLY,22,N,ASP,19,O,20762,0.6920435985467152
VAL,324,N,TYR,320,O,20741,0.6913436218792707
THR,140,OG1,ASP,138,OD1,20740,0.6913102896570115
ARG,97,NH1,HM1,464,O1D,20722,0.6907103096563448
ARG,97,NH1,ILE,407,O,20700,0.6899770007666411
SER,266,OG,LEU,262,O,20524,0.6841105296490116
ILE,325,N,THR,321,O,20355,0.678477384087197
GLY,71,N,PRO,340,O,20302,0.6767107763074565
ARG,308,NH1,PRO,309,O,20273,0.675744141861938
TYR,207,N,HIE,203,O,20271,0.6756774774174195
THR,366,OG1,ASN,363,O,20233,0.6744108529715677
ILE,328,N,VAL,324,O,20139,0.6712776240791973
TRP,93,NE1,HM1,464,O1D,20105,0.6701443285223826
ARG,70,N,ASN,89,OD1,20060,0.668644378520716
MET,244,N,TYR,240,O,20023,0.6674110862971234
ARG,415,NH1,GLU,322,OE1,20013,0.6670777640745309
VAL,221,N,ILE,217,O,19917,0.663877870737642
ASN,214,N,LEU,210,O,19888,0.6629112362921236
ARG,31,N,PHE,27,O,19768,0.6589113696210126
VAL,296,N,VAL,292,O,19711,0.657011432952235
THR,140,N,ASP,138,OD1,19575,0.6524782507249758
ASP,370,N,ALA,367,O,19486,0.6495116829439018
SER,145,N,PHE,141,O,19369,0.6456118129395687
LEU,418,N,GLU,417,OE2,19328,0.6442451918269391
GLY,282,N,THR,278,O,19327,0.6442118596046799
THR,277,N,GLU,273,O,19275,0.6424785840471984
ASN,261,N,HIE,257,O,19077,0.6358788040398653
GLU,294,N,PRO,290,O,19072,0.635712142928569
ARG,459,N,ALA,432,O,19038,0.6345788473717543
ASN,209,N,GLN,205,O,19007,0.6335455484817173
ILE,353,N,ARG,1,O,18952,0.6317122762574581
PHE,398,N,THR,395,O,18914,0.6304456518116063
ASN,14,ND2,PRO,6,O,18812,0.627045765141162
TYR,207,OH,MET,75,O,18780,0.6259791340288657
PHE,195,N,PHE,192,O,18729,0.6242791906936436
ARG,117,NH1,SER,153,OG,18720,0.6239792006933103
ARG,298,N,GLU,294,O,18681,0.6226792440251991
LYS,288,NZ,ILE,440,O,18654,0.6217792740241992
GLU,222,N,GLY,218,O,18605,0.6201459951334956
HID,243,ND1,THR,239,O,18403,0.6134128862371254
LEU,334,N,SER,332,O,18336,0.6111796273457551
LEU,96,N,ARG,92,O,18331,0.6110129662344589
SER,266,N,LEU,262,O,18276,0.6091796940101997
PHE,374,N,ASP,370,O,18249,0.6082797240091997
LYS,288,N,LEU,284,O,18072,0.602379920669311
ASN,14,ND2,GLN,17,OE1,17853,0.5950801639945336
PHE,87,N,GLY,84,O,17778,0.5925802473250892
HIP,224,NE2,ASP,235,OD2,17776,0.5925135828805707
ASN,172,N,LEU,168,O,17696,0.58984700509983
LEU,368,N,LEU,364,O,17675,0.5891470284323855
ASP,19,N,SER,26,OG,17638,0.5879137362087931
ILE,118,N,VAL,114,O,17590,0.5863137895403486
LEU,262,N,GLN,258,O,17554,0.5851138295390154
ALA,432,N,ARG,459,O,17542,0.5847138428719043
MET,104,N,SER,100,O,17532,0.5843805206493117
ARG,225,N,VAL,221,O,17522,0.5840471984267191
TYR,240,OH,PHE,255,O,17475,0.5824805839805339
THR,102,OG1,ARG,98,O,17310,0.5769807673077564
PHE,268,N,THR,264,O,17216,0.5738475384153862
HIE,219,N,ALA,215,O,17103,0.57008099730009
TYR,320,N,GLU,299,OE2,17035,0.5678144061864604
LEU,420,N,ALA,416,O,16964,0.5654478184060532
SER,433,OG,GLN,457,O,16814,0.5604479850671644
GLN,187,NE2,SER,183,O,16757,0.5585480483983867
CYS,51,N,ASP,36,O,16724,0.5574480850638313
ALA,215,N,GLN,211,O,16653,0.5550814972834239
LEU,50,N,PHE,361,O,16594,0.5531148961701277
GLY,448,N,GLY,450,O,16553,0.5517482750574981
GLN,119,NE2,PRO,310,O,16547,0.5515482817239425
GLU,58,N,GLU,54,O,16507,0.5502149928335722
VAL,206,N,ALA,202,O,16488,0.5495816806106463
GLY,390,N,ASP,387,O,16382,0.546048465051165
HIP,224,N,SER,220,O,16376,0.5458484717176094
PHE,174,N,MET,170,O,16346,0.5448485050498316
ASP,314,N,GLU,311,O,16214,0.5404486517116096
GLN,17,NE2,ARG,7,O,16209,0.5402819906003133
ARG,463,N,ASN,428,O,16200,0.53998200059998
ARG,130,N,ILE,126,O,16069,0.5356154794840172
TYR,373,N,ASP,370,O,16067,0.5355488150394987
ALA,74,N,GLU,190,OE1,16063,0.5354154861504616
GLY,52,N,THR,366,OG1,15712,0.5237158761374621
PHE,79,N,VAL,76,O,15639,0.5212826239125362
LYS,131,N,GLU,127,O,15626,0.5208493050231658
SER,183,N,SER,179,O,15560,0.5186493783540549
ILE,151,N,THR,147,O,15484,0.5161161294623513
GLN,427,N,THR,423,O,15476,0.5158494716842772
ILE,154,N,ILE,150,O,15427,0.5142161927935736
THR,103,OG1,PHE,99,O,15330,0.5109829672344255
LEU,15,N,LEU,12,O,15254,0.5084497183427219
ALA,59,N,ALA,55,O,15211,0.5070164327855738
THR,443,OG1,ASP,441,OD1,15067,0.5022165927802407
ARG,29,N,LYS,25,O,15065,0.5021499283357221
ARG,81,N,ASP,77,O,14951,0.4983500549981667
LYS,288,NZ,PRO,437,O,14917,0.49721675944135196
LYS,169,N,GLN,165,O,14900,0.4966501116629446
ARG,308,NH1,ASP,314,OD2,14897,0.4965501149961668
GLY,450,N,ILE,181,O,14779,0.49261691276957437
LEU,260,N,SER,256,O,14752,0.49171694276857436
MET,337,N,VAL,449,O,14749,0.4916169461017966
SER,179,N,TYR,175,O,14706,0.4901836605446485
LYS,234,N,ASP,238,OD1,14688,0.4895836805439819
SER,182,N,SER,179,O,14677,0.48921702609913004
THR,347,OG1,GLN,345,O,14653,0.4884170527649078
GLU,127,N,GLN,123,O,14649,0.4882837238758708
SER,182,OG,PHE,178,O,14622,0.4873837538748708
SER,332,N,ILE,328,O,14588,0.4862504583180561
PHE,429,N,ILE,425,O,14504,0.4834505516482784
THR,177,N,LEU,173,O,14353,0.4784173860871304
ARG,330,N,TYR,326,O,14328,0.477584080530649
GLU,121,N,ARG,117,O,14303,0.4767507749741675
ARG,308,NH2,ASP,314,OD1,14282,0.4760507983067231
THR,239,N,ASP,235,O,14171,0.47235092163594544
ARG,295,N,HIE,291,O,14125,0.4708176394120196
HID,341,ND1,PHE,67,O,14093,0.4697510082997233
LEU,173,N,LYS,169,O,14075,0.4691510282990567
GLU,120,N,GLU,116,O,14065,0.4688177060764641
ARG,21,N,ASP,19,OD2,14058,0.4685843805206493
SER,153,N,ASN,149,O,14035,0.4678177394086864
TYR,289,N,LEU,285,O,14034,0.4677844071864271
TRP,93,N,ASN,89,O,13997,0.4665511149628346
TYR,352,N,PHE,349,O,13940,0.4646511782940569
HIP,384,ND1,GLU,327,OE2,13929,0.46428452384920504
HIE,372,N,ASP,370,OD1,13816,0.46051798273390887
SER,193,N,PHE,189,O,13810,0.46031798940035334
ASN,263,N,ASN,259,O,13620,0.4539848671710943
ARG,45,NH2,GLU,190,OE2,13606,0.4535182160594647
ASP,357,N,VAL,343,O,13561,0.45201826605779805
THR,443,N,ASP,441,OD1,13462,0.4487183760541315
ALA,135,N,SER,132,O,13348,0.4449185027165761
GLU,226,N,GLU,222,O,13255,0.4418186060464651
GLY,271,N,LEU,267,O,13232,0.44105196493450216
GLY,186,N,SER,183,OG,13226,0.44085197160094663
GLN,211,N,TYR,207,O,13182,0.43938535382153926
SER,220,N,TYR,216,O,13151,0.4383520549315023
SER,68,OG,GLU,65,O,13119,0.43728542381920604
SER,26,N,GLY,22,O,13101,0.4366854438185394
ALA,66,N,LYS,63,O,13092,0.43638545381820604
ARG,21,N,ASP,19,OD1,13044,0.43478550714976166
ASP,106,N,VAL,101,O,13001,0.4333522215926136
LYS,63,N,GLU,58,O,12986,0.4328522382587247
GLN,144,NE2,GLU,273,OE2,12976,0.43251891603613213
SER,193,OG,PHE,189,O,12914,0.4304523182560581
THR,102,N,ARG,98,O,12903,0.4300856638112063
LYS,208,N,ARG,204,O,12868,0.4289190360321323
ASP,62,N,ARG,57,O,12737,0.42455251491616947
THR,443,OG1,ASP,441,OD2,12694,0.42311922935902135
VAL,292,N,TYR,289,O,12640,0.42131928935702145
ARG,21,NE,ASP,19,OD2,12568,0.41891936935435486
GLN,445,N,ILE,452,O,12546,0.4181860604646512
GLU,128,N,CYS,124,O,12544,0.41811939602013265
TYR,216,N,GLU,212,O,12505,0.4168194393520216
HIP,384,NE2,GLU,375,O,12456,0.41518616046131795
ILE,342,N,GLY,69,O,12199,0.40661977934068866
LEU,188,N,VAL,184,O,12082,0.40271990933635543
LEU,386,N,ASP,383,O,12033,0.4010866304456518
ARG,45,NH1,GLU,359,OE1,11949,0.39828672377587415
HIE,372,N,ASP,370,OD2,11755,0.3918202726575781
GLU,245,N,LEU,241,O,11722,0.39072030932302254
ARG,21,NH2,ASP,19,OD1,11718,0.39058698043398554
SER,132,OG,GLU,128,O,11672,0.38905369821005964
ARG,70,NH2,HM1,464,O2A,11596,0.38652044931835605
ARG,21,NE,ASP,19,OD1,11557,0.385220492650245
VAL,435,N,SER,433,OG,11465,0.38215392820239324
ASN,214,ND2,GLN,211,OE1,11335,0.3778207393086897
TYR,240,N,LEU,236,O,11317,0.37722075930802307
ARG,308,NH2,ASP,314,OD2,11277,0.37588747041765275
PHE,156,N,CYS,152,O,11207,0.3735542148595047
ALA,74,N,GLU,190,OE2,11189,0.37295423485883805
THR,443,N,ASP,441,OD2,11187,0.3728875704143195
SER,231,OG,ASP,229,OD1,11093,0.36975434152194925
GLN,144,NE2,GLU,273,OE1,11086,0.36952101596613446
ARG,308,NH1,ASP,314,OD1,11074,0.36912102929902335
GLU,190,N,GLY,186,O,11050,0.3683210559648012
VAL,47,N,VAL,40,O,11001,0.36668777707409755
GLY,108,N,LYS,111,O,10956,0.3651878270724309
ASN,89,ND2,ARG,70,O,10949,0.3649545015166161
PHE,255,N,SER,253,OG,10939,0.36462117929402355
THR,366,N,ASN,363,O,10931,0.3643545215159495
LYS,451,NZ,ASP,333,OD1,10885,0.3628212392920236
ARG,21,NH2,ASP,19,OD2,10830,0.3609879670677644
THR,227,OG1,LYS,223,O,10668,0.3555881470617646
ILE,237,N,VAL,155,O,10643,0.35475484150528314
SER,231,OG,ASP,229,OD2,10532,0.3510549648345055
SER,113,OG,GLU,115,OE1,10477,0.3492216926102463
ASN,263,ND2,SER,100,OG,10445,0.34815506149795006
SER,253,N,ASN,250,O,10439,0.34795506816439453
LYS,158,N,CYS,152,O,10374,0.34578847371754273
THR,278,N,THR,274,O,10230,0.3409886337122096
GLU,411,N,CM1,408,O,10152,0.33838872037598744
ARG,315,NH1,ARG,415,O,10113,0.3370887637078764
LEU,242,N,ASP,238,O,10034,0.334455518149395
LYS,111,N,GLY,108,O,9985,0.33282223925869137
ASP,439,N,ALA,436,O,9949,0.3316222792573581
ALA,367,N,LEU,364,O,9798,0.32658911369621013
GLN,123,N,GLN,119,O,9782,0.326055798140062
ALA,379,N,LYS,376,O,9767,0.3255558148061731
SER,68,N,GLU,65,O,9762,0.32538915369487686
GLU,247,N,HID,243,O,9711,0.3236892103596547
SER,231,N,ASP,229,OD1,9691,0.32302256591446954
LEU,284,N,ARG,280,O,9663,0.32208926369121027
CYS,124,N,GLU,120,O,9628,0.32092263591213627
ASN,259,N,SER,256,OG,9587,0.3195560147995067
ARG,117,NH2,ARG,112,O,9550,0.31832272257591415
ARG,92,NE,GLU,254,OE2,9528,0.31758941368621046
LYS,356,NZ,ASP,357,OD1,9461,0.3153561547948402
ARG,45,NH1,GLU,359,OE2,9450,0.31498950034998835
PHE,189,N,PHE,185,O,9444,0.31478950701643277
ASN,261,ND2,ASN,214,OD1,9394,0.31312289590346987
GLN,187,NE2,CYS,447,O,9341,0.31135628812372923
ARG,112,NH2,GLU,120,OE1,9085,0.30282323922535914
LYS,356,NZ,ASP,357,OD2,9082,0.3027232425585814
LYS,33,N,PHE,30,O,8957,0.2985567147761741
SER,231,N,ASP,229,OD2,8922,0.2973900869971001
LYS,234,N,ASP,238,OD2,8911,0.2970234325522483
LYS,451,NZ,ASP,333,OD2,8887,0.29622345921802606
PHE,67,N,LYS,63,O,8824,0.2941235292156928
ARG,459,NH1,GLY,134,O,8807,0.2935568814372854
ARG,92,NE,GLU,254,OE1,8748,0.2915902803239892
GLY,134,N,PHE,460,O,8732,0.2910569647678411
LYS,111,NZ,PRO,233,O,8708,0.2902569914336189
SER,113,OG,GLU,115,OE2,8690,0.28965701143295225
LEU,236,N,ILE,154,O,8668,0.28892370254324856
ARG,57,NH2,GLU,54,OE1,8667,0.2888903703209893
GLU,311,N,ASP,314,OD2,8632,0.2877237425419153
SER,132,N,GLU,128,O,8629,0.2876237458751375
ILE,425,N,PHE,421,O,8623,0.2874237525415819
ALA,88,N,GLY,84,O,8594,0.28645711809606345
ILE,304,N,ILE,300,O,8587,0.28622379254024866
THR,227,N,HIP,224,O,8554,0.2851238292056931
ARG,463,NH2,GLU,294,OE2,8553,0.28509049698343386
MET,170,N,GLU,166,O,8499,0.28329055698143396
HID,243,N,THR,239,O,8423,0.2807573080897303
ARG,330,NH2,PRO,377,O,8374,0.2791240291990267
ARG,45,NH2,GLU,190,OE1,8366,0.2788573714209526
GLN,17,N,ASN,14,O,8334,0.27779074030865636
ILE,181,N,THR,177,O,8302,0.27672410919636015
ARG,463,NH1,GLU,294,OE1,8264,0.2754574847505083
ARG,112,NH1,GLU,120,OE2,8247,0.2748908369721009
ARG,57,NH2,GLU,54,OE2,8215,0.27382420585980466
VAL,61,N,ARG,57,O,8146,0.27152428252391586
ARG,105,N,VAL,101,O,8103,0.27009099696676775
THR,103,N,PHE,99,O,8067,0.2688910369654345
GLN,302,N,ARG,298,O,8025,0.26749108363054563
ALA,416,N,ILE,413,O,7985,0.2661577947401753
ARG,204,N,GLY,201,O,7983,0.2660911302956568
GLU,32,N,LEU,28,O,7773,0.2590913636212126
THR,140,OG1,ASP,138,OD2,7670,0.25565814472850906
SER,365,OG,ASP,333,OD2,7660,0.2553248225059165
ASP,333,N,ARG,330,O,7603,0.25342488583713874
ALA,397,N,THR,395,OG1,7600,0.253324889170361
ARG,105,NH2,ASP,106,OD2,7518,0.25059164694510183
ARG,463,NH2,GLU,294,OE1,7491,0.24969167694410185
ARG,463,NH1,GLU,294,OE2,7476,0.24919169361021298
LEU,287,N,PHE,283,O,7414,0.247125095830139
ARG,105,NE,ASP,106,OD1,7382,0.24605846471784273
ARG,112,NH2,GLU,120,OE2,7293,0.24309189693676878
ARG,350,NE,GLU,58,OE2,7281,0.24269191026965767
ARG,350,NE,GLU,58,OE1,7176,0.23919202693243558
SER,256,N,SER,253,O,7172,0.23905869804339855
HIE,161,N,ASP,164,OD1,7164,0.2387920402653245
GLU,299,N,ARG,295,O,7122,0.23739208693043565
ARG,130,NH2,GLU,127,OE1,7096,0.23652544915169493
THR,140,N,ASP,138,OD2,7060,0.23532548915036167
LEU,24,N,GLN,187,OE1,7011,0.233692210259658
ARG,57,NH2,GLU,396,OE2,6990,0.2329922335922136
ARG,105,NE,ASP,106,OD2,6971,0.23235892136928768
THR,272,N,PHE,268,O,6894,0.22979234025532483
ARG,350,NH2,GLU,58,OE2,6894,0.22979234025532483
ARG,70,NH2,HM1,464,O1A,6821,0.22735908803039898
ARG,112,NH1,GLU,120,OE1,6817,0.22722575914136195
ARG,350,NH2,GLU,58,OE1,6734,0.22445918469384354
LEU,180,N,GLN,176,O,6702,0.22339255358154728
ARG,57,NH2,GLU,396,OE1,6676,0.22252591580280656
HIP,224,ND1,SER,220,O,6618,0.2205926469117696
LYS,133,N,ARG,130,O,6527,0.21755941468617712
HIP,384,ND1,GLU,327,OE1,6483,0.21609279690676977
SER,220,OG,TYR,216,O,6444,0.21479284023865872
THR,147,N,PHE,143,O,6421,0.21402619912669577
ALA,391,N,ASN,389,OD1,6400,0.21332622245925137
LYS,246,N,HID,243,O,6349,0.2116262791240292
SER,276,OG,THR,272,O,6305,0.21015966134462186
THR,344,OG1,ALA,66,O,6189,0.20629312356254792
GLN,176,NE2,ASN,172,OD1,6169,0.20562647911736276
ILE,213,N,ASN,209,O,6148,0.20492650244991834
LEU,23,N,GLN,187,OE1,6121,0.20402653244891836
ARG,105,NH2,ASP,106,OD1,6094,0.2031265624479184
LEU,191,N,GLN,187,O,6089,0.20295990133662212
GLU,247,N,MET,244,O,6089,0.20295990133662212
ASN,428,N,THR,424,O,5956,0.19852671577614078
ARG,92,NH2,GLU,254,OE1,5845,0.19482683910536316
ARG,117,NE,ARG,112,O,5821,0.19402686577114095
GLY,35,N,ARG,31,O,5785,0.19282690576980768
SER,365,OG,ASP,333,OD1,5742,0.19139362021265957
ARG,350,NH1,ASP,36,OD2,5714,0.19046031798940036
GLN,165,NE2,GLN,163,O,5707,0.19022699243358554
GLU,311,N,ASP,314,OD1,5706,0.19019366021132628
VAL,449,N,ILE,181,O,5699,0.1899603346555115
THR,366,N,ASN,363,OD1,5688,0.18959368021065964
ARG,105,NH1,GLU,411,OE1,5685,0.18949368354388188
PHE,189,N,GLY,186,O,5657,0.18856038132062264
THR,227,N,LYS,223,O,5657,0.18856038132062264
ILE,440,N,PRO,437,O,5647,0.18822705909803006
ASN,259,ND2,GLU,254,O,5624,0.18746041798606713
MET,18,N,LEU,15,O,5591,0.1863604546515116
LEU,42,N,ARG,45,O,5575,0.1858271390953635
ARG,92,NH2,GLU,254,OE2,5560,0.18532715576147463
ARG,415,NH2,GLU,322,OE1,5556,0.18519382687243757
LEU,386,N,PRO,382,O,5545,0.18482717242758576
ARG,350,NH2,ASP,36,OD1,5511,0.18369387687077096
ARG,105,NH1,GLU,411,OE2,5491,0.1830272324255858
ARG,130,NH2,GLU,127,OE2,5477,0.1825605813139562
HID,369,ND1,SER,365,O,5465,0.18216059464684511
ASN,389,ND2,ASP,387,OD1,5461,0.18202726575780806
ARG,117,N,SER,113,O,5458,0.1819272690910303
ARG,225,NH1,GLU,222,OE2,5443,0.18142728575714143
MET,18,N,ASN,14,O,5441,0.1813606213126229
ASN,389,ND2,ASP,387,OD2,5414,0.18046065131162295
SER,132,OG,LEU,129,O,5413,0.18042731908936369
GLU,115,N,GLU,115,OE1,5408,0.1802606579780674
GLY,194,N,LEU,191,O,5408,0.1802606579780674
PHE,199,N,LEU,196,O,5370,0.1789940335322156
ARG,130,NE,GLU,127,OE2,5343,0.17809406353121562
ARG,45,NE,LEU,42,O,5336,0.1778607379754008
ALA,293,N,TYR,289,O,5220,0.1739942001933269
SER,402,N,ILE,399,O,5178,0.17259424685843805
ARG,29,NH1,ASP,19,OD1,5176,0.17252758241391952
ASN,389,N,ASP,387,OD2,5117,0.1705609813006233
ARG,463,NE,LEU,426,O,5109,0.17029432352254925
SER,253,OG,ASN,250,O,5067,0.1688943701876604
LYS,169,NZ,GLU,166,OE1,5054,0.16846105129829006
ARG,225,NH1,GLU,222,OE1,5051,0.16836105463151227
LYS,169,NZ,GLU,166,OE2,5043,0.16809439685343822
ASP,106,N,THR,103,O,4922,0.164061197960068
ARG,415,NH1,GLU,322,OE2,4913,0.16376120795973467
ARG,57,NH1,GLU,396,OE2,4909,0.16362787907069765
GLU,115,N,GLU,115,OE2,4891,0.163027899070031
ARG,57,NH1,GLU,396,OE1,4864,0.16212792906903103
ARG,29,NH1,ASP,19,OD2,4862,0.1620612646245125
ASN,381,ND2,ASP,383,OD2,4769,0.15896136795440152
ASN,389,N,ASP,387,OD1,4766,0.15886137128762376
ARG,225,NH2,GLU,222,OE1,4738,0.15792806906436452
ARG,225,NH2,GLU,222,OE2,4738,0.15792806906436452
SER,266,OG,ASN,263,O,4703,0.1567614412852905
TYR,281,OH,LEU,442,O,4700,0.15666144461851272
SER,365,OG,ASN,363,OD1,4699,0.15662811239625346
GLN,144,NE2,LEU,171,O,4693,0.1564281190626979
ARG,350,NH1,ASP,36,OD1,4607,0.1535615479484017
LEU,191,N,LEU,188,O,4561,0.15202826572447586
HIE,161,N,ASP,164,OD2,4557,0.1518949368354388
ARG,57,NH1,GLU,54,OE2,4555,0.1518282723909203
GLY,108,N,THR,102,O,4510,0.1503283223892537
ASN,250,N,GLU,247,O,4504,0.15012832905569815
TYR,373,OH,GLU,396,OE2,4433,0.14776174127529082
ARG,70,NH2,VAL,339,O,4426,0.14752841571947603
ARG,57,NE,GLU,54,OE2,4371,0.14569514349521684
ARG,97,NH2,ILE,407,O,4368,0.14559514682843905
TYR,373,OH,GLU,396,OE1,4366,0.14552848238392055
ARG,298,NH1,GLU,301,OE2,4307,0.1435618812706243
LEU,335,N,ASP,333,O,4305,0.1434952168261058
LYS,111,NZ,THR,239,OG1,4298,0.143261891270291
LYS,63,NZ,SER,348,O,4295,0.14316189460351322
HIP,224,NE2,ASP,235,OD1,4281,0.14269524349188362
ASN,381,ND2,ASP,383,OD1,4277,0.14256191460284656
ARG,105,NH2,GLU,411,OE1,4260,0.1419952668244392
ARG,225,NE,GLU,222,OE2,4254,0.14179527349088364
SER,249,N,GLU,247,OE1,4253,0.14176194126862438
LYS,63,NZ,ASP,62,OD2,4238,0.1412619579347355
GLU,446,N,ILE,452,O,4236,0.141195293490217
GLN,163,N,HIE,161,ND1,4123,0.13742875237492083
THR,358,N,PRO,355,O,4096,0.13652878237392088
THR,274,OG1,ALA,270,O,4090,0.13632878904036533
ARG,57,NE,GLU,54,OE1,4085,0.13616212792906904
ARG,295,NH1,ARG,295,O,4076,0.13586213792873572
GLU,190,N,GLN,187,O,4072,0.13572880903969867
GLY,13,N,LEU,9,O,4070,0.13566214459518017
LYS,63,NZ,ASP,62,OD1,4060,0.1353288223725876
ASN,209,ND2,GLN,205,O,4057,0.1352288257058098
SER,153,OG,ILE,150,O,4044,0.13479550681643945
GLU,212,N,ASN,209,O,4040,0.13466217792740243
GLN,205,NE2,ASN,209,OD1,4027,0.13422885903803206
ARG,330,NH1,PRO,377,O,4018,0.13392886903769874
ASN,261,ND2,ASN,214,O,4016,0.13386220459318024
ARG,225,NE,GLU,222,OE1,4014,0.1337955401486617
ARG,57,NH1,GLU,54,OE1,3999,0.13329555681477284
ILE,150,N,THR,147,O,3996,0.13319556014799508
LEU,418,N,ALA,414,O,3964,0.1321289290356988
ARG,117,NE,SER,113,O,3922,0.13072897570080996
ARG,350,NH2,ASP,36,OD2,3922,0.13072897570080996
HIE,252,N,SER,249,O,3912,0.13039565347821738
ARG,298,NH2,GLU,301,OE1,3897,0.1298956701443285
ARG,298,NH2,GLU,301,OE2,3873,0.12909569681010633
SER,365,OG,PRO,336,O,3865,0.12882903903203227
ARG,225,NE,GLU,245,OE1,3860,0.12866237792073598
ALA,316,N,HIE,313,O,3850,0.1283290556981434
GLN,445,NE2,PRO,453,O,3850,0.1283290556981434
ASN,259,ND2,GLU,254,OE2,3772,0.12572914236192126
LYS,131,NZ,GLU,128,OE2,3740,0.12466251124962502
ARG,225,NE,GLU,245,OE2,3709,0.12362921235958801
SER,253,OG,GLU,247,OE2,3669,0.1222959234692177
ILE,440,N,ALA,436,O,3668,0.12226259124695843
ARG,298,NH1,GLU,301,OE1,3661,0.12202926569114363
TYR,240,OH,SER,256,O,3640,0.12132928902369922
ARG,459,NE,GLY,134,O,3629,0.12096263457884737
ALA,88,N,VAL,85,O,3618,0.12059598013399553
LYS,234,NZ,ALA,232,O,3606,0.12019599346688443
TYR,207,OH,ALA,74,O,3590,0.11966267791073631
ASN,214,ND2,GLN,258,OE1,3589,0.11962934568847705
HID,369,N,SER,365,O,3578,0.11926269124362521
ARG,105,NE,GLU,411,OE2,3576,0.1191960267991067
ILE,150,N,ILE,146,O,3575,0.11916269457684744
ARG,70,NH1,ILE,86,O,3570,0.11899603346555115
GLU,116,N,SER,113,OG,3517,0.11722942568581048
GLN,163,NE2,GLU,128,OE2,3505,0.11682943901869938
ARG,280,NH2,GLU,273,OE1,3408,0.11359621345955134
LYS,246,N,LEU,242,O,3371,0.1123629212359588
LYS,223,NZ,GLU,226,OE2,3333,0.11109629679010699
LYS,131,NZ,GLU,128,OE1,3309,0.1102963234558848
SER,276,OG,GLU,273,OE2,3289,0.10962967901069964
GLN,205,N,GLY,201,O,3280,0.10932968901036633
ASN,250,ND2,MET,244,O,3270,0.10899636678777375
GLU,212,N,LYS,208,O,3265,0.10882970567647746
ARG,31,NH2,ASP,36,OD1,3261,0.10869637678744042
ARG,225,NH2,GLU,245,OE1,3253,0.10842971900936635
ASN,250,ND2,PHE,255,O,3252,0.1083963867871071
ARG,130,NE,GLU,127,OE1,3245,0.1081630612312923
LYS,451,N,LEU,334,O,3220,0.10732975567481085
ARG,105,NH2,GLU,411,OE2,3210,0.10699643345221826
TRP,93,NE1,HM1,464,O2D,3198,0.10659644678510716
LYS,223,NZ,GLU,226,OE1,3175,0.10582980567314423
SER,253,OG,GLU,247,OE1,3165,0.10549648345055165
ALA,64,N,VAL,61,O,3142,0.10472984233858872
GLN,163,NE2,GLU,128,OE1,3131,0.10436318789373687
ARG,225,NH2,GLU,245,OE2,3115,0.10382987233758875
LYS,405,NZ,GLU,65,OE1,3107,0.10356321455951469
SER,249,OG,GLU,247,OE1,3070,0.10232992233592214
ASP,106,N,THR,102,O,3068,0.10226325789140361
GLN,258,N,SER,256,OG,3056,0.10186327122429252
ARG,45,NH2,GLU,190,O,3054,0.10179660677977401
ASN,363,ND2,PRO,336,O,3048,0.10159661344621845
ASN,259,ND2,GLU,254,OE1,3039,0.10129662344588514
ASN,428,N,ILE,425,O,3009,0.1002966567781074
LEU,228,N,ARG,225,O,3003,0.10009666344455184
ILE,413,N,GLY,410,O,3001,0.10002999900003333
GLU,116,N,SER,113,O,2998,0.09993000233325555
ASN,250,ND2,GLU,247,O,2972,0.09906336455451485
GLN,205,N,ALA,202,O,2950,0.09833005566481118
ARG,315,N,LEU,312,O,2936,0.09786340455318156
ARG,31,NE,ASP,36,OD1,2913,0.09709676344121862
ARG,81,NE,PHE,79,O,2879,0.09596346788440385
LYS,63,NZ,GLU,58,OE1,2865,0.09549681677277425
THR,272,N,PHE,269,O,2858,0.09526349121695943
ARG,105,N,THR,102,O,2832,0.09439685343821873
LYS,405,NZ,GLU,65,OE2,2828,0.09426352454918169
ARG,295,NH1,GLU,299,OE2,2820,0.09399686677110763
TYR,175,OH,GLN,445,OE1,2802,0.09339688677044099
LEU,142,N,PRO,139,O,2798,0.09326355788140395
THR,344,OG1,GLU,65,O,2764,0.09213026232458918
SER,68,OG,GLU,65,OE2,2763,0.09209693010232992
ILE,413,N,LEU,409,O,2748,0.09159694676844105
GLN,123,NE2,GLN,119,O,2735,0.0911636278790707
TYR,297,OH,GLU,301,OE1,2711,0.0903636545448485
HID,243,N,TYR,240,O,2685,0.0894970167661078
ARG,415,N,GLY,412,O,2666,0.08886370454318189
SER,249,N,GLU,247,OE2,2662,0.08873037565414486
LYS,63,NZ,GLU,58,OE2,2623,0.08743041898603379
ASN,250,ND2,HID,243,O,2605,0.08683043898536716
ARG,92,NH1,GLY,82,O,2601,0.08669711009633012
LYS,405,NZ,LEU,60,O,2598,0.08659711342955234
ARG,280,NH2,SER,276,OG,2596,0.08653044898503383
ASN,259,N,SER,256,O,2595,0.08649711676277458
TYR,297,OH,GLU,301,OE2,2589,0.08629712342921902
ARG,130,NH1,GLU,127,OE1,2570,0.08566381120629313
THR,366,OG1,ASN,363,OD1,2567,0.08556381453951535
ARG,298,NE,GLU,301,OE2,2540,0.08466384453851539
ARG,130,NH1,GLU,127,OE2,2534,0.08446385120495983
ARG,315,NH2,ARG,415,O,2495,0.08316389453684878
ARG,415,N,GLY,410,O,2480,0.0826639112029599
LYS,234,NZ,ASP,229,OD2,2459,0.08196393453551548
LYS,72,NZ,ASP,77,OD2,2420,0.08066397786740442
TYR,373,OH,GLU,54,OE1,2412,0.08039732008933036
SER,132,N,LEU,129,O,2409,0.08029732342255258
LYS,63,NZ,GLU,58,O,2402,0.08006399786673778
THR,227,OG1,HIP,224,O,2378,0.07926402453251559
ARG,45,N,LEU,42,O,2377,0.07923069231025633
SER,253,N,SER,249,O,2373,0.0790973634212193
SER,153,OG,ASN,149,O,2368,0.07893070230992301
ARG,81,NE,PRO,78,O,2360,0.07866404453184894
ALA,391,N,ASP,387,O,2352,0.07839738675377488
LYS,111,NZ,GLY,108,O,2351,0.07836405453151561
LEU,180,N,THR,177,O,2346,0.07819739342021932
ARG,280,NH1,GLU,273,OE1,2320,0.07733075564147862
ARG,298,NE,GLU,301,OE1,2311,0.07703076564114529
ARG,31,NH2,ASP,36,OD2,2293,0.07643078564047866
THR,274,N,ALA,270,O,2264,0.07546415119496017
LYS,234,NZ,ASP,229,OD1,2249,0.0749641678610713
GLN,302,NE2,ARG,298,O,2228,0.07426419119362689
ARG,112,NE,GLU,116,OE1,2222,0.07406419786007133
LYS,72,NZ,SER,193,OG,2207,0.07356421452618246
SER,276,OG,PHE,143,O,2154,0.07179760674644178
SER,193,N,GLU,190,O,2144,0.0714642845238492
ARG,112,NE,GLU,116,OE2,2129,0.07096430118996033
LYS,72,NZ,ASP,77,OD1,2124,0.07079764007866404
THR,275,N,GLY,271,O,2117,0.07056431452284924
GLN,445,NE2,TYR,175,OH,2116,0.07053098230058998
THR,103,N,SER,100,O,2061,0.06869771007633078
SER,183,OG,SER,179,O,2051,0.0683643878537382
HID,369,N,THR,366,O,2044,0.0681310622979234
GLU,245,N,LEU,242,O,2008,0.06693110229659012
LYS,317,NZ,HIE,313,O,1998,0.06659778007399754
GLU,166,N,ASP,164,OD2,1995,0.06649778340721976
ASP,238,N,ASP,235,OD2,1982,0.0660644645178494
SER,68,OG,GLU,65,OE1,1975,0.0658311389620346
SER,433,OG,VAL,435,O,1969,0.06563114562847905
PHE,167,N,ASP,164,O,1963,0.06543115229492351
ARG,105,NE,GLU,411,OE1,1957,0.06523115896136795
ALA,251,N,SER,249,OG,1957,0.06523115896136795
GLY,412,N,LEU,409,O,1953,0.06509783007233093
HIE,203,NE2,PHE,199,O,1946,0.06486450451651611
PHE,67,N,ALA,64,O,1938,0.06459784673844206
SER,256,OG,ASN,259,OD1,1934,0.06446451784940502
ARG,406,NH2,ALA,88,O,1928,0.06426452451584948
ARG,29,NH2,GLN,17,O,1921,0.06403119896003466
ILE,181,N,PHE,178,O,1914,0.06379787340421986
SER,193,OG,GLU,190,O,1907,0.06356454784840505
GLU,226,N,LYS,223,O,1893,0.06309789673677545
LYS,246,N,LEU,241,O,1884,0.06279790673644212
LEU,188,N,PHE,185,O,1866,0.062197926735775476
THR,455,OG1,GLN,445,OE1,1865,0.06216459451351622
LYS,111,NZ,ASP,106,OD2,1862,0.06206459784673844
SER,249,OG,GLU,247,OE2,1855,0.06183127229092364
LYS,234,NZ,ASP,235,OD2,1852,0.06173127562414586
ASN,259,ND2,SER,256,OG,1851,0.061697943401886605
TYR,198,N,PHE,195,O,1830,0.06099796673444219
GLY,84,N,GLY,82,O,1822,0.06073130895636812
LYS,111,NZ,ASP,106,OD1,1806,0.060197993400219994
ARG,81,NE,ASP,77,O,1792,0.05973134228859038
LYS,248,NZ,GLU,245,OE2,1790,0.05966467784407187
GLN,163,NE2,TYR,162,O,1781,0.059364687843738544
ARG,57,NE,GLU,396,OE1,1780,0.05933135562147929
ASN,363,ND2,LEU,50,O,1765,0.05883137228759042
ARG,45,NH1,GLU,190,OE1,1764,0.05879804006533115
LYS,72,NZ,GLU,359,OE2,1763,0.058764707843071896
ARG,463,NH1,LEU,426,O,1755,0.058498050064997836
LYS,72,NZ,GLU,190,OE1,1754,0.05846471784273857
SER,256,OG,SER,253,O,1751,0.0583647211759608
SER,249,OG,HIE,252,ND1,1715,0.057164761174627515
ARG,280,NH1,SER,276,OG,1714,0.05713142895236825
LYS,248,NZ,GLU,245,OE1,1711,0.05703143228559048
LYS,169,NZ,GLU,212,OE1,1705,0.056831438952034935
LYS,72,NZ,GLU,359,OE1,1699,0.05663144561847938
ASN,259,ND2,ASN,259,O,1694,0.05646478450718309
SER,348,OG,TYR,352,O,1688,0.056264791173627544
SER,113,OG,GLU,116,OE1,1675,0.055831472284257194
ARG,112,NH1,GLU,116,OE2,1663,0.055431485617146094
SER,113,N,GLU,116,OE1,1653,0.055098163394553513
ARG,159,NH2,GLU,121,OE1,1653,0.055098163394553513
PHE,167,N,ASP,164,OD2,1648,0.05493150228325722
ARG,330,NH1,HID,369,NE2,1647,0.05489817006099797
THR,147,OG1,GLU,417,OE2,1646,0.05486483783873871
ARG,31,NH2,GLU,32,OE1,1632,0.054398186727109096
LYS,393,NZ,ASP,383,O,1632,0.054398186727109096
ARG,45,NH1,GLU,190,OE2,1624,0.05413152894903503
ASN,259,ND2,TYR,83,O,1619,0.05396486783773874
LYS,33,N,ARG,29,O,1611,0.05369821005966468
LYS,451,NZ,SER,332,O,1611,0.05369821005966468
LYS,169,NZ,GLU,212,OE2,1596,0.05319822672577581
ASN,261,ND2,HIE,257,O,1589,0.052964901169961
ARG,57,NH1,ASP,62,OD1,1587,0.052898236725442485
SER,183,OG,LEU,180,O,1586,0.05286490450318323
LYS,63,N,ALA,59,O,1584,0.05279824005866471
ARG,81,NH2,ASP,77,OD1,1582,0.052731575614146195
LEU,312,N,GLU,311,OE2,1580,0.05266491116962768
ARG,29,NH1,GLN,17,O,1578,0.05259824672510916
LYS,197,N,SER,193,O,1574,0.05246491783607213
THR,147,OG1,GLU,417,OE1,1570,0.0523315889470351
GLY,43,N,HIE,41,O,1548,0.05159828005733142
LEU,312,N,GLU,311,OE1,1543,0.05143161894603513
ARG,57,NH1,ASP,62,OD2,1542,0.051398286723775874
PHE,107,N,ARG,105,O,1528,0.05093163561214626
LYS,234,NZ,ASP,238,OD2,1517,0.05056498116729442
ARG,31,NH2,GLU,32,OE2,1515,0.05049831672277591
MET,170,N,PHE,167,O,1507,0.05023165894470184
GLN,119,NE2,GLU,311,OE1,1486,0.049531682277257426
ARG,204,NH2,PHE,199,O,1476,0.049198360054664846
TYR,373,OH,GLU,54,OE2,1474,0.049131695610146325
ARG,298,NE,GLU,294,OE2,1472,0.04906503116562781
ARG,81,NH1,PRO,78,O,1465,0.04883170560981301
LYS,356,NZ,THR,344,O,1462,0.04873170894303523
ARG,415,N,ILE,413,O,1459,0.048631712276257455
ARG,112,NH2,GLU,116,OE2,1454,0.048465051164961165
SER,113,N,GLU,116,OE2,1445,0.04816506116462785
TYR,326,OH,GLU,322,OE2,1439,0.047965067831072294
GLN,119,NE2,GLU,311,OE2,1428,0.04759841338622046
SER,402,OG,ARG,406,O,1428,0.04759841338622046
TYR,216,OH,GLU,166,OE1,1424,0.047465084497183424
ARG,298,NH1,GLU,294,OE1,1418,0.04726509116362788
ARG,350,N,GLU,58,OE1,1408,0.0469317689410353
ARG,57,NE,GLU,396,OE2,1396,0.0465317822739242
GLU,32,N,ARG,29,O,1393,0.04643178560714643
ARG,298,NH1,GLU,294,OE2,1379,0.04596513449551681
PHE,255,N,SER,253,O,1376,0.04586513782873904
GLN,345,NE2,THR,344,OG1,1372,0.04573180893970201
ARG,31,NE,ASP,36,OD2,1366,0.04553181560614646
LYS,158,NZ,ARG,159,O,1364,0.04546515116162794
GLU,166,N,ASP,164,OD1,1361,0.04536515449485017
LYS,376,NZ,GLU,375,OE2,1356,0.04519849338355388
GLU,438,N,GLU,438,OE1,1343,0.044765174494183525
ASN,261,ND2,GLN,258,OE1,1323,0.044098530048998365
LYS,376,NZ,GLU,375,OE1,1312,0.04373187560414653
ARG,57,NH2,ASP,62,OD1,1305,0.043498550048331724
SER,256,OG,GLN,258,OE1,1305,0.043498550048331724
THR,275,OG1,GLU,417,OE2,1295,0.043165227825739144
ARG,57,NH2,ASP,62,OD2,1294,0.04313189560347988
ARG,81,NH2,ASP,77,OD2,1293,0.043098563381220624
LYS,131,NZ,GLU,127,O,1286,0.04286523782540582
LEU,260,N,HIE,257,O,1285,0.042831905603146564
PHE,167,N,ASP,164,OD1,1284,0.0427985733808873
LYS,376,NZ,ASP,378,OD2,1275,0.042498583380553984
ARG,31,NE,GLU,32,OE1,1272,0.04239858671377621
GLN,163,N,HIE,161,O,1259,0.04196526782440585
ARG,204,NH1,LYS,197,O,1253,0.0417652744908503
LYS,405,NZ,ALA,64,O,1240,0.04133195560147995
SER,68,N,ILE,342,O,1236,0.04119862671244292
ARG,298,NE,GLU,294,OE1,1230,0.04099863337888737
ALA,232,N,ASP,229,O,1229,0.040965301156628116
GLU,359,N,GLU,359,OE1,1228,0.04093196893436885
ARG,92,NH1,GLU,254,OE1,1227,0.040898636712109596
SER,249,N,LYS,246,O,1214,0.040465317822739245
LYS,376,NZ,ASP,378,OD1,1211,0.04036532115596147
ALA,251,N,LYS,248,O,1209,0.040298656711442955
ARG,406,NH2,SER,68,O,1203,0.0400986633778874
ARG,463,NH2,LEU,426,O,1198,0.03993200226659111
LYS,131,NZ,GLU,127,OE1,1195,0.03983200559981334
TYR,216,OH,GLU,166,OE2,1194,0.039798673377554085
ARG,112,NH2,GLU,116,OE1,1187,0.039565347821739275
GLY,52,N,ASN,363,O,1179,0.039298690043665215
SER,276,OG,GLU,273,OE1,1176,0.03919869337688744
ARG,463,NE,ARG,463,O,1168,0.03893203559881337
LYS,234,NZ,ASP,238,OD1,1161,0.03869871004299857
GLU,359,N,GLU,359,OE2,1150,0.03833205559814673
ASN,250,ND2,GLU,247,OE1,1141,0.03803206559781341
ARG,70,NH1,HM1,464,O2D,1138,0.03793206893103563
SER,183,N,LEU,180,O,1132,0.03773207559748008
GLY,69,N,PHE,67,O,1130,0.03766541115296157
ARG,45,NH2,LEU,42,O,1121,0.037365421152628246
ARG,315,N,GLU,311,O,1113,0.03709876337455418
PHE,185,N,SER,183,OG,1111,0.037032098930035666
ASN,250,ND2,GLU,247,OE2,1111,0.037032098930035666
LYS,133,N,LEU,129,O,1110,0.03699876670777641
THR,344,OG1,GLN,345,OE1,1105,0.03683210559648012
THR,344,OG1,SER,68,OG,1100,0.03666544448518383
HIE,346,N,GLN,345,OE1,1092,0.03639878670710976
ARG,204,NH2,LYS,197,O,1082,0.03606546448451718
SER,113,OG,GLU,116,OE2,1078,0.03593213559548015
LYS,248,N,GLU,247,OE1,1070,0.03566547781740609
ASP,333,N,GLN,329,O,1064,0.03546548448385054
MET,244,N,LEU,241,O,1056,0.035198826705776474
LYS,111,N,PHE,107,O,1055,0.03516549448351722
ARG,463,NE,ARG,463,OXT,1053,0.0350988300389987
ARG,70,NH2,PRO,340,O,1050,0.03499883337222093
ILE,213,N,LEU,210,O,1043,0.03476550781640612
GLN,123,N,GLU,120,O,1042,0.03473217559414686
ARG,31,NE,GLU,32,OE2,1041,0.034698843371887604
LYS,197,NZ,SER,193,O,1039,0.03463217892736909
LYS,248,N,MET,244,O,1031,0.034365521149295024
GLU,438,N,GLU,438,OE2,1030,0.03433218892703577
HIE,257,N,ASN,250,OD1,1027,0.03423219226025799
LYS,234,NZ,SER,231,OG,1016,0.03386553781540615
SER,256,N,GLU,254,O,1010,0.03366554448185061
GLY,134,N,SER,132,OG,1008,0.033598880037332086
ARG,112,NH1,GLU,116,OE1,1005,0.033498883370554317
GLN,329,NE2,THR,278,OG1,999,0.03329889003699877
LYS,111,NZ,ASP,106,O,998,0.033265557814739506
ASN,172,ND2,LEU,168,O,996,0.03319889337022099
SER,430,OG,GLU,294,OE2,975,0.032498916702776576
GLN,258,N,GLN,258,OE1,974,0.03246558448051732
THR,275,OG1,GLY,271,O,968,0.032265591146961765
SER,430,OG,GLU,294,OE1,953,0.031765607813072895
LYS,131,N,GLU,128,O,943,0.031432285590480315
ARG,92,NH1,ASN,259,OD1,938,0.031265624479184025
ARG,225,NH1,GLU,245,OE2,928,0.030932302256591448
GLU,396,N,GLU,396,OE2,927,0.030898970034332188
TYR,162,N,HIE,161,ND1,916,0.03053231558948035
SER,430,OG,PRO,462,O,908,0.030265657811406287
ARG,81,NH2,GLN,258,OE1,902,0.030065664477850737
VAL,206,N,HIE,203,O,902,0.030065664477850737
LYS,248,N,GLU,247,OE2,902,0.030065664477850737
LEU,364,N,LEU,362,O,895,0.029832338922035934
CM1,408,N,PHE,401,O,880,0.029332355588147063
GLU,299,N,VAL,296,O,867,0.028899036698776706
LYS,208,NZ,GLN,205,OE1,861,0.02869904336522116
ARG,280,NH1,GLU,273,OE2,850,0.028332388920369322
SER,402,OG,HM1,464,O2A,850,0.028332388920369322
ARG,117,N,VAL,114,O,843,0.028099063364554516
LYS,111,NZ,MET,109,O,842,0.028065731142295255
LYS,394,NZ,TYR,326,OH,842,0.028065731142295255
GLU,396,N,GLU,396,OE1,839,0.027965734475517482
LYS,111,NZ,THR,103,OG1,838,0.027932402253258225
ARG,350,N,GLU,58,OE2,838,0.027932402253258225
ARG,298,NH2,GLU,294,OE2,833,0.027765741141961935
ALA,55,N,GLY,52,O,826,0.02753241558614713
SER,402,N,PRO,400,O,823,0.027432418919369355
MET,104,N,VAL,101,O,821,0.02736575447485084
GLN,302,N,GLU,299,O,819,0.02729909003033232
THR,275,OG1,GLU,417,OE1,812,0.027065764474517515
HIE,252,NE2,GLU,254,OE1,801,0.026699110029665678
VAL,53,N,ASP,370,OD2,798,0.026599113362887904
GLN,258,NE2,ASN,214,OD1,796,0.026532448918369388
ARG,280,NH2,GLU,273,OE2,776,0.025865804473184227
LYS,246,NZ,LEU,242,O,775,0.02583247225092497
ALA,388,N,ASP,387,OD2,767,0.025565814472850903
SER,249,OG,LYS,246,O,765,0.02549915002833239
SER,256,N,ASN,259,OD1,765,0.02549915002833239
ARG,130,NH2,ASN,428,OD1,763,0.025432485583813873
LYS,246,NZ,ASP,229,O,761,0.025365821139295357
GLY,84,N,ASN,259,OD1,753,0.025099163361221293
GLU,115,N,SER,113,OG,752,0.025065831138962033
ARG,298,NH2,GLU,294,OE1,749,0.02496583447218426
GLY,157,N,CYS,152,O,745,0.02483250558314723
HIE,252,N,ASN,250,OD1,742,0.024732508916369453
GLU,166,N,GLU,166,OE1,736,0.024532515582813906
GLU,166,N,GLU,166,OE2,735,0.02449918336055465
ASN,214,ND2,GLN,211,O,727,0.024232525582480582
ARG,204,NH1,PHE,199,O,725,0.02416586113796207
GLN,211,N,LYS,208,O,724,0.02413252891570281
GLN,445,NE2,THR,455,OG1,724,0.02413252891570281
ILE,154,N,ILE,151,O,723,0.024099196693443552
TYR,326,OH,GLU,322,OE1,723,0.024099196693443552
HIE,313,N,GLU,311,OE1,721,0.024032532248925036
PHE,192,N,PHE,189,O,715,0.02383253891536949
VAL,184,N,GLU,446,OE1,713,0.023765874470850972
ARG,280,NH2,TYR,175,OH,709,0.02363254558181394
GLU,254,N,GLU,254,OE2,705,0.02349921669277691
GLN,345,NE2,GLU,65,O,702,0.023399220025999132
THR,347,OG1,SER,348,O,700,0.02333255558148062
ARG,308,NH1,ILE,304,O,690,0.022999233358888038
LEU,242,N,THR,239,O,689,0.022965901136628778
ILE,342,N,SER,68,O,683,0.02276590780307323
ASN,149,ND2,SER,145,O,674,0.022465917802739908
LYS,405,N,LEU,60,O,674,0.022465917802739908
ALA,388,N,ASP,387,OD1,661,0.022032598913369554
ARG,81,NH1,GLN,258,OE1,659,0.021965934468851037
VAL,53,N,ASP,370,OD1,657,0.02189927002433252
ARG,406,NH1,ALA,88,O,648,0.0215992800239992
ASN,259,ND2,SER,253,O,647,0.02156594780173994
HIE,313,N,GLU,311,OE2,646,0.021532615579480684
LYS,111,N,MET,109,O,640,0.021332622245925137
ALA,436,N,ASP,439,OD1,637,0.02123262557914736
TRP,93,N,GLY,90,O,635,0.021165961134628847
HID,341,ND1,GLY,69,O,635,0.021165961134628847
ARG,463,NH2,PHE,429,O,633,0.02109929669011033
ALA,232,N,ASP,229,OD1,631,0.021032632245591813
ALA,59,N,ILE,56,O,630,0.020999300023332557
SER,68,OG,ALA,64,O,627,0.02089930335655478
SER,68,N,THR,344,OG1,626,0.020865971134295523
GLN,345,N,ALA,66,O,626,0.020865971134295523
GLY,404,N,SER,402,O,626,0.020865971134295523
ARG,29,NH2,GLU,32,OE2,621,0.020699310022999233
ARG,406,NH1,HM1,464,O1A,620,0.020665977800739976
ARG,1,NE,LEU,2,O,618,0.02059931335622146
LYS,246,NZ,GLU,247,OE2,614,0.020465984467184426
SER,182,N,PHE,178,O,610,0.020332655578147396
TYR,207,N,ARG,204,O,609,0.020299323355888136
ARG,308,NH2,PRO,309,O,608,0.02026599113362888
THR,102,OG1,PHE,99,O,603,0.02009933002233259
GLU,375,N,GLU,375,OE1,603,0.02009933002233259
ILE,73,N,ASP,77,OD1,601,0.020032665577814072
LEU,364,N,PRO,336,O,600,0.019999333355554816
SER,183,OG,GLU,446,OE2,595,0.019832672244258526
ARG,204,NE,PHE,199,O,595,0.019832672244258526
ARG,29,NH2,GLU,32,OE1,594,0.019799340021999266
LYS,248,NZ,GLU,245,O,585,0.019499350021665945
LYS,393,NZ,ASP,387,OD1,584,0.019466017799406685
LYS,131,NZ,GLU,127,OE2,583,0.01943268557714743
ARG,280,NE,THR,140,OG1,581,0.019366021132628912
ARG,81,NH1,ASP,77,OD2,575,0.019166027799073365
LYS,72,NZ,GLU,190,OE2,574,0.019132695576814105
GLN,123,NE2,GLN,119,OE1,574,0.019132695576814105
ARG,280,NH1,TYR,175,OH,570,0.018999366687777075
LEU,60,N,ARG,57,O,568,0.01893270224325856
LEU,236,N,VAL,155,O,557,0.01856604779840672
SER,220,OG,ILE,217,O,552,0.01839938668711043
GLN,119,NE2,GLU,115,O,551,0.01836605446485117
LYS,405,NZ,PHE,67,O,547,0.01823272557581414
ARG,45,N,GLY,43,O,546,0.01819939335355488
LYS,248,N,GLU,245,O,544,0.018132728909036364
GLN,345,NE2,THR,347,OG1,544,0.018132728909036364
GLN,205,NE2,GLN,176,OE1,543,0.018099396686777108
HIE,161,NE2,GLN,163,OE1,542,0.01806606446451785
GLU,375,N,GLU,375,OE2,542,0.01806606446451785
ARG,204,NE,GLY,201,O,541,0.01803273224225859
ALA,436,N,ASP,439,OD2,540,0.017999400019999334
ILE,73,N,ASP,77,OD2,539,0.017966067797740074
LYS,393,NZ,ASP,387,OD2,538,0.017932735575480818
GLU,65,N,GLU,65,OE2,535,0.017832738908703044
LYS,393,NZ,LEU,386,O,534,0.017799406686443784
ARG,280,NE,SER,276,OG,530,0.017666077797406754
GLN,187,NE2,SER,182,O,527,0.01756608113062898
LYS,248,NZ,MET,244,O,524,0.017466084463851204
ALA,135,N,LYS,133,O,522,0.01739942001933269
GLN,176,NE2,ASN,172,O,522,0.01739942001933269
VAL,449,N,GLN,187,OE1,522,0.01739942001933269
ARG,31,NH1,ARG,31,O,519,0.017299423352554914
GLN,165,N,GLN,165,OE1,519,0.017299423352554914
SER,68,N,ALA,64,O,514,0.017132762241258623
SER,253,OG,SER,249,O,512,0.01706609779674011
ARG,81,NH1,ASP,77,OD1,511,0.01703276557448085
LYS,246,NZ,GLU,247,OE1,505,0.016832772240925303
ARG,29,NE,GLU,32,OE1,493,0.016432785573814206
ARG,204,NH1,TYR,198,O,493,0.016432785573814206
ASN,214,ND2,ASN,261,OD1,490,0.016332788907036433
ARG,29,NH1,GLU,32,OE2,484,0.016132795573480883
ARG,29,NH2,ASP,19,OD2,484,0.016132795573480883
VAL,303,N,ILE,300,O,478,0.015932802239925336
ARG,112,NE,GLU,120,OE2,477,0.01589947001766608
SER,132,OG,GLU,128,OE2,477,0.01589947001766608
GLU,65,N,GLU,65,OE1,474,0.015799473350888302
LYS,405,N,LEU,403,O,474,0.015799473350888302
ARG,92,NH1,GLU,254,OE2,472,0.01573280890636979
CYS,124,N,GLU,121,O,469,0.015632812239592012
ALA,416,N,GLU,417,OE2,467,0.015566147795073497
GLN,205,NE2,ASN,209,ND2,466,0.015532815572814239
MET,75,N,GLU,190,OE1,465,0.015499483350554982
LYS,208,NZ,GLU,212,OE1,462,0.015399486683777207
LEU,287,N,LEU,284,O,462,0.015399486683777207
ARG,81,NH2,PHE,79,O,461,0.015366154461517949
ASN,428,ND2,GLN,427,OE1,461,0.015366154461517949
ARG,29,NE,GLU,32,OE2,460,0.015332822239258692
GLN,345,NE2,HIE,346,O,460,0.015332822239258692
ARG,98,NH2,THR,102,OG1,457,0.015232825572480917
SER,256,OG,ASN,250,O,455,0.015166161127962402
ASN,91,ND2,GLU,254,OE1,453,0.015099496683443885
GLU,254,N,GLU,254,OE1,453,0.015099496683443885
ALA,379,N,PRO,377,O,447,0.014899503349888337
ARG,92,NH2,HIE,252,O,443,0.014766174460851305
ASN,363,ND2,SER,365,OG,439,0.014632845571814273
GLY,194,N,LEU,196,O,432,0.014399520015999466
ARG,280,NE,SER,276,O,426,0.014199526682443918
LEU,312,N,GLU,115,OE1,426,0.014199526682443918
ALA,135,N,SER,132,OG,423,0.014099530015666144
ARG,1,N,ILE,353,O,421,0.014032865571147628
SER,132,OG,GLU,128,OE1,421,0.014032865571147628
GLY,186,N,SER,183,O,418,0.013932868904369854
LYS,451,NZ,PHE,331,O,414,0.013799540015332823
ARG,7,NH1,PRO,8,O,410,0.01366621112629579
ALA,64,N,ASP,62,O,410,0.01366621112629579
HIE,203,NE2,GLY,186,O,409,0.013632878904036532
ARG,31,NH1,THR,366,OG1,407,0.013566214459518016
ALA,391,N,ASP,387,OD2,400,0.01333288890370321
GLN,302,NE2,GLU,301,OE1,399,0.013299556681443952
TYR,240,OH,HIE,257,ND1,397,0.013232892236925435
GLN,302,NE2,GLU,301,OE2,397,0.013232892236925435
LYS,208,N,GLN,205,O,392,0.013066231125629145
LYS,63,NZ,THR,347,OG1,391,0.013032898903369887
LEU,312,N,GLU,115,OE2,390,0.01299956668111063
LYS,72,N,GLU,359,OE2,389,0.012966234458851372
ASN,91,ND2,GLU,254,OE2,388,0.012932902236592114
ARG,29,NE,ASP,19,OD2,387,0.012899570014332855
ARG,20,NH1,ASP,19,OD1,385,0.01283290556981434
ASP,62,N,GLU,58,O,378,0.012599580013999533
ARG,112,N,GLY,110,O,378,0.012599580013999533
GLN,445,NE2,GLU,446,OE2,377,0.012566247791740275
ARG,204,N,HIE,203,ND1,374,0.012466251124962502
ARG,225,N,GLU,222,O,371,0.012366254458184726
HIE,203,NE2,LEU,196,O,370,0.01233292223592547
ARG,1,NH1,LEU,2,O,369,0.012299590013666211
ARG,112,NH1,GLY,110,O,366,0.012199593346888436
ARG,31,NH1,ASP,370,OD1,354,0.011799606679777341
GLU,65,N,ASP,62,O,350,0.01166627779074031
ARG,406,N,LEU,403,O,349,0.01163294556848105
ASN,259,ND2,ARG,92,NH1,344,0.01146628445718476
LYS,158,N,PHE,156,O,343,0.011432952234925502
LYS,25,NZ,ASP,19,OD1,342,0.011399620012666244
ARG,31,NH1,ASP,36,OD1,340,0.011332955568147729
SER,256,OG,ALA,251,O,339,0.01129962334588847
ARG,29,N,SER,26,O,337,0.011232958901369954
ARG,29,NE,ASP,19,OD1,337,0.011232958901369954
THR,358,N,VAL,343,O,334,0.01113296223459218
SER,430,OG,LEU,461,O,334,0.01113296223459218
ARG,98,NH2,ASP,106,OD1,333,0.011099630012332922
THR,147,N,GLN,144,O,333,0.011099630012332922
HID,341,ND1,HM1,464,O2A,333,0.011099630012332922
LYS,94,NZ,ASN,91,OD1,329,0.01096630112329589
ASN,259,ND2,SER,256,O,328,0.010932968901036632
ASN,209,ND2,GLN,205,NE2,327,0.010899636678777374
GLU,54,N,GLU,54,OE2,326,0.010866304456518115
VAL,61,N,GLU,58,O,326,0.010866304456518115
PHE,460,N,SER,132,OG,326,0.010866304456518115
ALA,316,N,LEU,312,O,325,0.010832972234258859
ARG,45,NE,SER,193,O,324,0.0107996400119996
ARG,1,NH2,GLY,351,O,322,0.010732975567481083
LYS,317,NZ,ASP,314,OD1,320,0.010666311122962568
ARG,112,NE,GLU,120,OE1,318,0.010599646678444052
ARG,29,NH2,ASP,19,OD1,317,0.010566314456184793
ARG,159,NH1,HIE,161,ND1,316,0.010532982233925535
THR,102,N,PHE,99,O,315,0.010499650011666278
ASN,209,ND2,GLN,176,OE1,315,0.010499650011666278
THR,39,OG1,PHE,38,O,311,0.010366321122629247
LEU,241,N,ASP,238,O,311,0.010366321122629247
THR,455,N,GLN,445,OE1,311,0.010366321122629247
ARG,57,NH2,TYR,373,OH,309,0.01029965667811073
GLN,258,NE2,ASN,250,O,306,0.010199660011332956
ALA,391,N,ASP,387,OD1,306,0.010199660011332956
ARG,29,NH1,GLU,32,OE1,305,0.010166327789073698
ASN,250,ND2,TYR,240,OH,298,0.009933002233258891
ASN,261,ND2,HIE,257,NE2,298,0.009933002233258891
HIE,252,N,SER,249,OG,297,0.009899670010999633
LYS,376,N,GLU,375,OE1,289,0.00963301223292557
ARG,406,NE,SER,68,O,286,0.009533015566147796
SER,332,N,GLN,329,O,284,0.00946635112162928
GLU,120,N,ARG,117,O,283,0.00943301889937002
GLN,165,NE2,GLN,165,O,282,0.009399686677110762
GLN,258,NE2,ALA,251,O,280,0.009333022232592247
PHE,460,N,GLY,134,O,273,0.00909969667677744
ARG,20,NH1,ASP,19,OD2,272,0.009066364454518182
ARG,97,NH1,HM1,464,O2D,270,0.008999700009999667
GLN,123,NE2,GLU,120,O,269,0.008966367787740409
GLN,205,NE2,GLN,205,O,269,0.008966367787740409
ARG,308,N,GLY,305,O,269,0.008966367787740409
THR,147,OG1,THR,272,O,268,0.00893303556548115
GLN,258,NE2,TYR,83,OH,268,0.00893303556548115
ARG,31,NH2,ASP,370,OD1,260,0.008666377787407087
ALA,215,N,GLU,212,O,260,0.008666377787407087
LYS,234,NZ,GLY,110,O,256,0.008533048898370055
ASN,209,N,VAL,206,O,255,0.008499716676110797
ASP,229,N,THR,227,OG1,253,0.00843305223159228
ALA,232,N,ASP,229,OD2,252,0.008399720009333022
LYS,376,N,GLU,375,OE2,252,0.008399720009333022
LYS,208,NZ,GLU,212,OE2,251,0.008366387787073765
ASP,62,N,ALA,59,O,248,0.00826639112029599
ILE,399,N,ALA,397,O,245,0.008166394453518216
LEU,262,N,ASN,259,O,244,0.008133062231258958
ARG,70,NH2,HID,341,NE2,243,0.0080997300089997
GLU,247,N,LEU,242,O,242,0.008066397786740441
GLN,345,NE2,GLU,65,OE1,241,0.008033065564481185
ARG,159,NH1,GLU,121,OE1,240,0.007999733342221926
GLY,69,N,ILE,342,O,239,0.007966401119962668
LYS,72,N,GLU,359,OE1,238,0.00793306889770341
LYS,158,NZ,TYR,216,OH,238,0.00793306889770341
PHE,419,N,ARG,415,O,238,0.00793306889770341
GLN,345,NE2,GLU,65,OE2,237,0.007899736675444151
PHE,195,N,SER,193,O,234,0.007799740008666378
SER,256,N,TYR,240,OH,234,0.007799740008666378
GLN,258,N,HIE,257,ND1,233,0.0077664077864071195
GLN,119,NE2,GLU,115,OE1,232,0.007733075564147862
ARG,295,NH1,HIE,291,O,231,0.007699743341888604
GLN,165,NE2,GLU,166,OE1,227,0.007566414452851572
ARG,204,NH1,TYR,198,OH,227,0.007566414452851572
HIE,252,NE2,GLU,254,OE2,226,0.0075330822305923134
ASN,209,ND2,GLU,212,OE2,225,0.007499750008333056
SER,276,OG,GLN,144,N,225,0.007499750008333056
ARG,463,NE,PHE,429,O,225,0.007499750008333056
SER,179,OG,GLN,176,O,224,0.0074664177860737976
GLU,54,N,GLU,54,OE1,223,0.007433085563814539
SER,68,OG,THR,344,OG1,221,0.007366421119296023
THR,39,OG1,VAL,47,O,219,0.0072997566747775074
GLN,123,NE2,GLN,123,O,219,0.0072997566747775074
SER,231,OG,ALA,232,O,219,0.0072997566747775074
ARG,406,NH2,SER,68,OG,218,0.007266424452518249
ARG,298,NH1,GLN,302,OE1,217,0.0072330922302589916
THR,455,OG1,ASP,138,OD2,217,0.0072330922302589916
GLN,258,NE2,HIE,257,ND1,215,0.007166427785740476
GLN,258,NE2,GLN,258,O,215,0.007166427785740476
ARG,406,NH2,ASN,89,OD1,215,0.007166427785740476
ARG,1,NH1,GLY,351,O,214,0.007133095563481217
ASP,229,N,THR,227,O,214,0.007133095563481217
ASN,250,ND2,HIE,257,ND1,214,0.007133095563481217
ARG,31,NH1,ASP,36,OD2,211,0.007033098896703443
LYS,317,NZ,ASP,314,OD2,211,0.007033098896703443
SER,193,OG,GLU,190,OE1,210,0.0069997666744441855
ASN,209,ND2,GLU,212,OE1,207,0.006899770007666411
GLN,211,NE2,TYR,207,O,207,0.006899770007666411
ASN,209,ND2,GLN,205,OE1,206,0.006866437785407153
LYS,405,NZ,VAL,61,O,206,0.006866437785407153
TYR,34,N,ARG,31,O,205,0.006833105563147895
GLN,211,NE2,ASN,214,OD1,205,0.006833105563147895
ARG,406,NH1,VAL,85,O,203,0.006766441118629379
GLY,201,N,ARG,204,NE,202,0.006733108896370121
TYR,216,N,ILE,213,O,202,0.006733108896370121
ASN,250,N,LYS,248,O,201,0.006699776674110863
LYS,405,NZ,SER,68,OG,201,0.006699776674110863
ARG,1,NE,GLY,351,O,199,0.006633112229592347
THR,264,OG1,ASN,261,O,199,0.006633112229592347
THR,344,OG1,ASP,357,OD1,198,0.0065997800073330885
SER,68,N,ALA,66,O,196,0.006533115562814573
LEU,228,N,GLU,226,O,195,0.006499783340555315
ARG,20,NH1,LEU,16,O,192,0.006399786673777541
GLN,119,NE2,GLU,116,O,189,0.006299790006999767
ARG,57,NH2,GLU,58,OE2,188,0.006266457784740508
HIE,161,NE2,GLU,128,OE1,187,0.006233125562481251
HIE,161,NE2,GLU,128,OE2,185,0.006166461117962735
LEU,196,N,SER,193,O,185,0.006166461117962735
ARG,406,NE,SER,68,OG,184,0.0061331288957034765
TYR,373,N,ASP,370,OD1,183,0.006099796673444218
ARG,45,NH2,SER,193,O,182,0.006066464451184961
THR,395,OG1,TYR,373,O,182,0.006066464451184961
ASN,214,ND2,ASN,214,O,181,0.006033132228925702
LYS,246,NZ,HID,243,NE2,181,0.006033132228925702
ASN,89,ND2,SER,68,O,180,0.005999800006666445
ARG,350,NH2,GLU,54,O,180,0.005999800006666445
TYR,373,N,ASP,370,OD2,178,0.005933135562147928
GLY,134,N,LEU,129,O,175,0.005833138895370155
ARG,350,NH1,GLU,58,OE1,174,0.005799806673110896
LYS,208,NZ,ARG,204,O,173,0.005766474450851638
LEU,173,N,MET,170,O,171,0.005699810006333122
LEU,15,N,GLY,13,O,170,0.0056664777840738645
TYR,456,N,PRO,454,O,170,0.0056664777840738645
GLU,128,N,LEU,125,O,169,0.005633145561814606
ASN,250,ND2,LYS,248,O,169,0.005633145561814606
LYS,33,NZ,GLU,32,OE1,168,0.005599813339555348
ILE,73,N,GLY,71,O,167,0.00556648111729609
GLY,43,N,LEU,12,O,165,0.005499816672777574
VAL,184,N,GLU,446,OE2,163,0.005433152228259058
LYS,248,NZ,LYS,246,O,163,0.005433152228259058
ARG,295,NH2,GLU,299,OE2,163,0.005433152228259058
LYS,248,N,LYS,246,O,162,0.0053998200059998
ARG,20,NH1,ARG,20,O,161,0.005366487783740542
SER,220,N,ILE,217,O,160,0.005333155561481284
ARG,20,NH2,LEU,15,O,158,0.0052664911169627675
LYS,197,N,GLY,194,O,158,0.0052664911169627675
LYS,234,NZ,MET,109,O,158,0.0052664911169627675
ARG,81,NH2,PRO,78,O,157,0.00523315889470351
TYR,281,OH,LYS,451,O,157,0.00523315889470351
ASN,149,ND2,GLU,121,OE1,156,0.005199826672444252
PHE,160,N,ASN,149,ND2,156,0.005199826672444252
GLN,165,NE2,GLU,166,OE2,154,0.005133162227925736
SER,183,OG,GLU,446,OE1,154,0.005133162227925736
GLY,201,N,PHE,199,O,154,0.005133162227925736
SER,231,N,ASP,229,O,153,0.005099830005666478
LYS,72,NZ,ARG,45,NH2,151,0.0050331655611479615
LYS,133,NZ,LYS,131,O,151,0.0050331655611479615
ARG,204,NH2,TYR,198,O,151,0.0050331655611479615
LYS,208,NZ,GLN,211,OE1,151,0.0050331655611479615
ARG,463,NH1,PHE,429,O,151,0.0050331655611479615
LYS,33,NZ,TYR,34,OH,150,0.004999833338888704
GLN,163,NE2,ASP,164,OD1,150,0.004999833338888704
ARG,225,NH2,GLU,226,OE1,150,0.004999833338888704
ARG,298,NH1,ARG,298,O,150,0.004999833338888704
LYS,33,NZ,ARG,29,O,149,0.004966501116629446
ILE,237,N,ASP,235,OD1,149,0.004966501116629446
SER,276,OG,THR,147,OG1,149,0.004966501116629446
ARG,225,NH2,GLU,226,OE2,147,0.00489983667211093
ARG,330,NE,GLU,327,OE1,147,0.00489983667211093
PHE,80,N,ASP,77,O,146,0.004866504449851671
ALA,293,N,PRO,290,O,145,0.004833172227592414
ARG,57,NH2,GLU,396,O,143,0.004766507783073898
GLN,119,NE2,GLU,115,OE2,142,0.00473317556081464
GLN,329,NE2,ILE,325,O,142,0.00473317556081464
GLN,345,NE2,THR,344,O,142,0.00473317556081464
ARG,350,NH1,GLU,58,OE2,142,0.00473317556081464
LYS,33,NZ,GLU,32,OE2,141,0.004699843338555381
GLN,144,N,LEU,142,O,141,0.004699843338555381
ARG,81,NH1,PHE,79,O,140,0.004666511116296124
ARG,92,NH2,GLY,82,O,140,0.004666511116296124
LYS,234,NZ,SER,231,O,140,0.004666511116296124
LEU,362,N,HID,341,NE2,140,0.004666511116296124
LYS,133,NZ,ARG,130,O,139,0.004633178894036865
LYS,197,NZ,GLY,194,O,139,0.004633178894036865
LEU,403,N,SER,402,OG,139,0.004633178894036865
SER,253,OG,HIE,252,ND1,136,0.004533182227259091
ALA,367,N,ASN,363,O,136,0.004533182227259091
SER,68,OG,ASN,89,OD1,135,0.0044998500049998336
LYS,133,N,LYS,131,O,135,0.0044998500049998336
ARG,21,NH1,ASP,19,OD1,134,0.004466517782740575
THR,147,OG1,GLY,271,O,134,0.004466517782740575
THR,227,OG1,GLU,226,O,134,0.004466517782740575
ASN,261,ND2,ASN,214,ND2,134,0.004466517782740575
ARG,20,NH1,MET,18,O,133,0.004433185560481318
ARG,225,NH1,GLU,245,OE1,133,0.004433185560481318
VAL,339,N,HID,341,NE2,133,0.004433185560481318
LYS,393,NZ,LYS,394,O,133,0.004433185560481318
ASN,381,ND2,ALA,379,O,131,0.004366521115962801
ASN,14,ND2,GLY,13,O,129,0.004299856671444285
ASN,363,ND2,MET,337,O,129,0.004299856671444285
LYS,234,NZ,THR,227,O,128,0.0042665244491850276
ASN,261,ND2,HIE,257,ND1,127,0.004233192226925769
HIE,291,N,HIE,291,ND1,126,0.004199860004666511
ARG,20,NH1,LEU,15,O,125,0.004166527782407253
ILE,118,N,GLU,115,O,124,0.004133195560147995
LEU,228,N,HIP,224,O,124,0.004133195560147995
ARG,350,NH2,GLU,54,OE2,124,0.004133195560147995
ARG,7,NH2,GLY,5,O,123,0.004099863337888737
GLN,17,N,GLN,17,OE1,123,0.004099863337888737
GLN,258,NE2,ASN,259,OD1,123,0.004099863337888737
LYS,158,NZ,SER,220,OG,122,0.004066531115629479
PHE,199,N,LYS,197,O,122,0.004066531115629479
LYS,208,NZ,ASN,209,OD1,122,0.004066531115629479
ASN,209,ND2,ASN,209,O,122,0.004066531115629479
ARG,295,NH1,TYR,320,OH,122,0.004066531115629479
SER,256,OG,ASN,250,OD1,121,0.004033198893370221
LYS,223,NZ,HIE,219,ND1,120,0.003999866671110963
GLY,134,N,SER,132,O,118,0.003933202226592447
PHE,174,N,LEU,171,O,118,0.003933202226592447
ARG,204,N,TYR,198,OH,118,0.003933202226592447
GLY,351,N,SER,348,O,118,0.003933202226592447
VAL,435,N,SER,433,O,118,0.003933202226592447
PHE,30,N,PHE,27,O,117,0.003899870004333189
ARG,298,NH2,GLN,302,OE1,117,0.003899870004333189
SER,332,OG,GLN,329,O,117,0.003899870004333189
GLU,121,N,ILE,118,O,116,0.003866537782073931
LYS,246,NZ,HID,243,O,116,0.003866537782073931
GLN,258,NE2,GLN,211,OE1,115,0.003833205559814673
LEU,12,N,LEU,9,O,114,0.0037998733375554147
GLN,123,NE2,GLU,120,OE2,114,0.0037998733375554147
THR,344,OG1,ILE,342,O,114,0.0037998733375554147
TYR,240,OH,ASN,250,OD1,113,0.0037665411152961567
ARG,459,NH2,GLY,134,O,113,0.0037665411152961567
ARG,92,NH2,ARG,81,O,112,0.0037332088930368988
SER,153,N,ILE,150,O,112,0.0037332088930368988
LYS,376,NZ,ASP,383,OD1,111,0.003699876670777641
ASN,250,N,GLU,247,OE1,110,0.003666544448518383
GLN,258,NE2,ASN,214,ND2,110,0.003666544448518383
HIP,384,NE2,LYS,376,O,110,0.003666544448518383
ARG,57,NH1,GLU,396,O,109,0.0036332122262591245
HIE,203,NE2,PRO,200,O,109,0.0036332122262591245
ASN,172,ND2,GLN,176,NE2,108,0.0035998800039998666
ARG,57,NH1,TYR,373,OH,107,0.0035665477817406087
HIE,313,NE2,GLU,311,OE1,107,0.0035665477817406087
GLN,445,N,PRO,453,O,107,0.0035665477817406087
GLN,302,NE2,GLN,302,O,106,0.0035332155594813507
GLY,108,N,ASP,106,O,104,0.0034665511149628344
LYS,111,NZ,PHE,107,O,104,0.0034665511149628344
LYS,356,NZ,GLN,345,OE1,103,0.0034332188927035765
ASN,214,N,GLN,211,O,102,0.0033998866704443185
ARG,280,NH2,GLN,445,OE1,102,0.0033998866704443185
PHE,374,N,PRO,371,O,102,0.0033998866704443185
ARG,159,NH1,GLU,120,OE1,101,0.0033665544481850606
LYS,197,NZ,PHE,195,O,101,0.0033665544481850606
SER,231,OG,ASP,229,O,101,0.0033665544481850606
GLN,258,NE2,SER,256,OG,100,0.0033332222259258026
GLN,445,NE2,GLU,446,OE1,99,0.0032998900036665443
VAL,221,N,GLY,218,O,98,0.0032665577814072863
ALA,416,N,GLY,412,O,98,0.0032665577814072863
HID,369,ND1,ASP,333,OD1,96,0.0031998933368887704
SER,193,OG,GLU,190,OE2,95,0.0031665611146295125
ARG,415,N,GLU,411,O,95,0.0031665611146295125
ARG,70,N,ASN,89,ND2,94,0.003133228892370254
ARG,159,NH2,HIE,161,ND1,94,0.003133228892370254
GLN,176,NE2,GLN,205,OE1,94,0.003133228892370254
GLY,201,N,ARG,204,NH2,94,0.003133228892370254
HIE,219,N,TYR,216,O,94,0.003133228892370254
ASN,261,ND2,GLY,218,N,94,0.003133228892370254
GLU,116,N,GLU,115,OE1,93,0.003099896670110996
ARG,280,NH2,PHE,143,O,93,0.003099896670110996
ARG,350,NH2,GLU,54,OE1,93,0.003099896670110996
GLY,412,N,GLU,411,OE1,93,0.003099896670110996
GLU,116,N,GLU,115,OE2,92,0.0030665644478517383
LYS,131,NZ,GLN,163,OE1,92,0.0030665644478517383
ASN,214,ND2,ASN,261,ND2,92,0.0030665644478517383
ARG,308,N,HIE,307,ND1,92,0.0030665644478517383
ARG,117,NE,SER,153,OG,91,0.0030332322255924803
ARG,98,NE,ARG,98,O,90,0.0029999000033332224
LYS,169,NZ,GLN,165,O,90,0.0029999000033332224
ARG,117,NH1,SER,113,O,89,0.002966567781073964
GLN,123,NE2,GLU,120,OE1,89,0.002966567781073964
LEU,284,N,TYR,281,O,89,0.002966567781073964
ASP,77,N,ALA,74,O,88,0.002933235558814706
GLN,165,NE2,GLN,163,OE1,88,0.002933235558814706
LYS,197,NZ,SER,193,OG,88,0.002933235558814706
LYS,234,NZ,GLY,157,O,88,0.002933235558814706
LYS,393,NZ,GLU,375,OE2,88,0.002933235558814706
GLY,90,N,ASN,89,OD1,87,0.002899903336555448
ARG,308,NE,PRO,309,O,87,0.002899903336555448
LYS,169,N,GLU,166,O,86,0.00286657111429619
LYS,169,NZ,ASN,209,OD1,86,0.00286657111429619
ASN,214,ND2,ASN,261,O,86,0.00286657111429619
THR,227,OG1,GLU,226,OE1,86,0.00286657111429619
MET,337,N,GLY,448,O,86,0.00286657111429619
HID,369,ND1,ASP,333,OD2,86,0.00286657111429619
GLN,119,NE2,GLN,119,O,85,0.0028332388920369322
GLN,187,N,VAL,184,O,85,0.0028332388920369322
HIE,313,NE2,GLU,311,OE2,85,0.0028332388920369322
ARG,330,N,GLU,327,O,85,0.0028332388920369322
ILE,425,N,PHE,422,O,85,0.0028332388920369322
ARG,31,NH1,ASN,363,OD1,84,0.002799906669777674
ARG,92,NH1,ARG,81,O,84,0.002799906669777674
ARG,159,NH1,GLU,120,OE2,84,0.002799906669777674
ARG,315,NE,LEU,312,O,84,0.002799906669777674
ARG,21,NH1,GLU,446,OE2,83,0.002766574447518416
HIE,203,NE2,LYS,197,O,83,0.002766574447518416
LYS,63,NZ,SER,348,OG,82,0.002733242225259158
HIE,252,NE2,GLU,247,OE1,82,0.002733242225259158
ARG,159,NE,GLU,121,OE2,81,0.0026999100029999
LYS,246,NZ,GLU,245,OE2,81,0.0026999100029999
ARG,280,NE,PHE,143,O,81,0.0026999100029999
LYS,288,NZ,GLU,438,OE1,80,0.002666577780740642
ARG,463,NH1,SER,430,OG,80,0.002666577780740642
SER,182,OG,SER,179,O,79,0.0026332455584813837
GLN,445,NE2,GLN,445,O,79,0.0026332455584813837
ARG,81,NH1,ASP,77,O,78,0.002599913336222126
HIE,203,N,HIE,203,ND1,78,0.002599913336222126
ASN,389,N,ASP,387,O,78,0.002599913336222126
THR,103,OG1,SER,100,O,77,0.002566581113962868
HIE,252,NE2,SER,249,OG,77,0.002566581113962868
LYS,72,NZ,ASP,357,O,76,0.00253324889170361
LYS,393,NZ,HIP,384,O,76,0.00253324889170361
TYR,320,N,GLU,299,OE1,75,0.002499916669444352
PHE,419,N,ALA,416,O,75,0.002499916669444352
LYS,111,NZ,THR,102,O,74,0.002466584447185094
GLN,163,NE2,HIE,161,ND1,74,0.002466584447185094
GLN,205,NE2,GLY,201,O,73,0.0024332522249258357
ASN,209,ND2,LEU,173,O,73,0.0024332522249258357
ILE,407,N,ARG,97,NH1,73,0.0024332522249258357
GLU,411,N,LEU,409,O,73,0.0024332522249258357
GLY,22,N,ASP,19,OD1,72,0.0023999200026665777
ARG,295,NE,HIE,291,O,72,0.0023999200026665777
LYS,72,NZ,LYS,72,O,71,0.00236658778040732
ASN,214,ND2,LEU,210,O,71,0.00236658778040732
ASN,214,ND2,GLN,211,NE2,71,0.00236658778040732
LEU,23,N,GLN,187,NE2,70,0.002333255558148062
LYS,356,N,HIE,346,NE2,70,0.002333255558148062
THR,395,OG1,LYS,394,O,70,0.002333255558148062
ARG,45,NH1,PRO,46,O,69,0.002299923335888804
GLN,205,N,GLN,205,OE1,69,0.002299923335888804
GLY,390,N,ASP,387,OD2,69,0.002299923335888804
LYS,111,NZ,THR,103,O,68,0.0022665911136295455
GLU,116,N,GLU,116,OE1,68,0.0022665911136295455
HIE,161,NE2,GLN,163,NE2,68,0.0022665911136295455
HIP,224,N,VAL,221,O,68,0.0022665911136295455
LEU,28,N,LYS,25,O,67,0.0022332588913702876
ARG,31,NH1,GLU,32,OE2,67,0.0022332588913702876
GLU,127,N,CYS,124,O,67,0.0022332588913702876
ASP,235,N,ASP,238,OD2,67,0.0022332588913702876
ARG,7,NH1,ARG,7,O,66,0.0021999266691110297
ARG,98,NH1,THR,102,OG1,66,0.0021999266691110297
GLY,157,N,SER,153,O,66,0.0021999266691110297
ARG,7,NH1,GLY,5,O,65,0.0021665944468517717
ASN,250,ND2,HIE,252,O,65,0.0021665944468517717
SER,26,N,LEU,23,O,64,0.0021332622245925138
ASN,172,ND2,ASN,172,O,64,0.0021332622245925138
GLY,412,N,GLU,411,OE2,64,0.0021332622245925138
GLN,144,NE2,ASN,172,OD1,63,0.0020999300023332554
LYS,169,NZ,GLN,165,OE1,63,0.0020999300023332554
LYS,169,NZ,ASN,172,OD1,63,0.0020999300023332554
LYS,223,NZ,THR,227,OG1,63,0.0020999300023332554
ASN,259,N,GLN,258,OE1,63,0.0020999300023332554
ASN,259,ND2,TYR,240,OH,63,0.0020999300023332554
GLN,176,NE2,GLN,176,O,62,0.0020665977800739975
THR,227,OG1,GLU,226,OE2,62,0.0020665977800739975
HIE,372,NE2,GLU,54,OE1,62,0.0020665977800739975
LYS,376,NZ,ASP,383,OD2,62,0.0020665977800739975
THR,455,N,GLN,445,NE2,62,0.0020665977800739975
LYS,72,NZ,GLU,190,O,61,0.0020332655578147395
ARG,308,NH2,GLU,311,OE2,61,0.0020332655578147395
ASP,441,N,ASP,439,O,61,0.0020332655578147395
ARG,45,NH2,SER,193,OG,60,0.0019999333355554816
GLN,119,NE2,GLN,123,OE1,59,0.0019666011132962236
THR,147,OG1,THR,275,OG1,59,0.0019666011132962236
GLN,163,NE2,ASP,164,OD2,59,0.0019666011132962236
THR,278,N,THR,275,O,59,0.0019666011132962236
ARG,1,NH2,LEU,2,O,58,0.0019332688910369655
SER,100,N,ARG,97,O,58,0.0019332688910369655
ARG,117,NH1,ARG,112,O,58,0.0019332688910369655
GLN,119,NE2,GLU,116,OE2,58,0.0019332688910369655
ARG,159,NH2,GLU,120,OE1,58,0.0019332688910369655
LYS,246,NZ,GLU,245,OE1,58,0.0019332688910369655
SER,253,N,HIE,252,ND1,57,0.0018999366687777073
LYS,288,NZ,GLU,438,OE2,57,0.0018999366687777073
ILE,407,N,HM1,464,O1D,57,0.0018999366687777073
ARG,31,NH1,GLU,32,OE1,56,0.0018666044465184494
ARG,204,NE,GLN,205,OE1,56,0.0018666044465184494
GLN,211,NE2,GLU,212,OE2,56,0.0018666044465184494
ARG,280,NH2,PRO,454,O,55,0.0018332722242591915
THR,395,OG1,HIP,384,O,55,0.0018332722242591915
THR,395,OG1,GLU,396,OE2,55,0.0018332722242591915
ILE,407,N,GLY,404,O,55,0.0018332722242591915
GLU,58,N,ALA,55,O,54,0.0017999400019999333
GLU,65,N,LYS,63,O,54,0.0017999400019999333
GLY,84,N,PHE,80,O,54,0.0017999400019999333
ASP,235,N,ASP,238,OD1,54,0.0017999400019999333
ASN,259,ND2,ARG,92,NE,54,0.0017999400019999333
ASN,259,ND2,ARG,92,NH2,54,0.0017999400019999333
GLN,457,NE2,TYR,456,O,54,0.0017999400019999333
PHE,460,N,SER,132,O,54,0.0017999400019999333
ARG,31,N,LEU,28,O,53,0.0017666077797406754
TYR,83,OH,GLN,258,OE1,53,0.0017666077797406754
GLN,211,NE2,GLU,212,OE1,53,0.0017666077797406754
ARG,81,NH1,GLN,258,NE2,52,0.0017332755574814172
MET,109,N,ASP,106,O,52,0.0017332755574814172
LYS,111,NZ,LYS,234,O,52,0.0017332755574814172
GLN,211,NE2,LYS,208,O,52,0.0017332755574814172
PHE,349,N,THR,347,O,52,0.0017332755574814172
LYS,394,NZ,GLU,396,OE2,52,0.0017332755574814172
THR,395,OG1,GLU,396,OE1,52,0.0017332755574814172
LYS,197,NZ,ASP,77,OD2,51,0.0016999433352221593
ARG,280,NH2,THR,455,OG1,51,0.0016999433352221593
GLY,351,N,PHE,349,O,51,0.0016999433352221593
GLY,390,N,ASP,387,OD1,51,0.0016999433352221593
THR,39,OG1,PRO,4,O,50,0.0016666111129629013
HIE,257,N,HIE,257,ND1,50,0.0016666111129629013
LYS,317,NZ,HIE,313,ND1,50,0.0016666111129629013
TYR,352,N,ARG,350,O,50,0.0016666111129629013
ASN,363,ND2,LEU,362,O,50,0.0016666111129629013
LYS,393,NZ,GLU,375,OE1,50,0.0016666111129629013
ARG,459,NH1,LYS,133,O,50,0.0016666111129629013
ASN,14,ND2,ARG,7,O,49,0.0016332788907036432
ASN,14,ND2,GLN,17,NE2,49,0.0016332788907036432
ASN,89,ND2,SER,68,OG,49,0.0016332788907036432
ASN,91,ND2,ASN,91,O,49,0.0016332788907036432
THR,147,OG1,SER,276,OG,49,0.0016332788907036432
LYS,197,N,PHE,195,O,49,0.0016332788907036432
GLN,119,NE2,GLU,116,OE1,48,0.0015999466684443852
ARG,204,NH1,HIE,203,ND1,48,0.0015999466684443852
ARG,295,N,VAL,292,O,48,0.0015999466684443852
ARG,295,NH1,HIE,291,ND1,48,0.0015999466684443852
LEU,362,N,MET,337,O,48,0.0015999466684443852
ARG,57,NH2,GLU,58,OE1,47,0.001566614446185127
PHE,107,N,THR,102,O,47,0.001566614446185127
PHE,199,N,PHE,195,O,47,0.001566614446185127
LYS,288,N,LEU,285,O,47,0.001566614446185127
ARG,350,NH1,GLU,54,OE1,47,0.001566614446185127
PHE,141,N,ASP,138,O,46,0.0015332822239258691
THR,358,OG1,LYS,356,O,46,0.0015332822239258691
ALA,251,N,ASN,250,OD1,44,0.001466617779407353
ILE,407,N,ARG,97,NH2,44,0.001466617779407353
GLN,457,NE2,ASP,138,N,44,0.001466617779407353
ARG,57,NH1,GLU,58,OE2,43,0.001433285557148095
ARG,105,N,SER,100,O,43,0.001433285557148095
ARG,105,NE,VAL,101,O,43,0.001433285557148095
GLN,176,NE2,ASN,172,ND2,43,0.001433285557148095
GLN,211,NE2,GLN,211,O,43,0.001433285557148095
HIE,252,N,HIE,252,ND1,43,0.001433285557148095
HIE,252,NE2,GLU,247,OE2,43,0.001433285557148095
ARG,315,NE,GLU,322,OE2,43,0.001433285557148095
PHE,398,N,THR,395,OG1,43,0.001433285557148095
SER,253,OG,GLU,247,O,42,0.001399953334888837
SER,256,N,SER,253,OG,42,0.001399953334888837
GLN,258,NE2,HIE,257,NE2,42,0.001399953334888837
ARG,112,NH2,GLU,116,O,41,0.001366621112629579
LYS,317,NZ,HIE,313,NE2,41,0.001366621112629579
CYS,447,N,SER,182,O,41,0.001366621112629579
ARG,459,NE,PHE,460,O,41,0.001366621112629579
ARG,112,NH1,GLU,116,O,40,0.001333288890370321
GLN,123,NE2,GLU,127,OE2,40,0.001333288890370321
ALA,202,N,PHE,185,O,40,0.001333288890370321
HID,243,ND1,GLU,247,OE1,40,0.001333288890370321
HIE,257,N,ASN,250,O,40,0.001333288890370321
LYS,288,NZ,GLU,438,O,40,0.001333288890370321
ASP,383,N,ASN,381,ND2,40,0.001333288890370321
LYS,25,NZ,ARG,21,O,39,0.001299956668111063
ARG,117,NH2,LYS,111,O,39,0.001299956668111063
LYS,197,NZ,TYR,198,OH,39,0.001299956668111063
HIE,252,NE2,SER,249,O,39,0.001299956668111063
ASN,263,N,GLN,258,O,39,0.001299956668111063
ARG,308,NE,ILE,304,O,39,0.001299956668111063
LEU,420,N,GLU,417,O,39,0.001299956668111063
LEU,23,N,GLN,187,O,38,0.001266624445851805
ARG,92,NH1,HIE,252,O,38,0.001266624445851805
THR,103,OG1,THR,102,O,38,0.001266624445851805
TYR,207,OH,VAL,76,N,38,0.001266624445851805
ASN,209,ND2,THR,177,OG1,38,0.001266624445851805
ASN,250,ND2,SER,249,O,38,0.001266624445851805
SER,253,N,ALA,251,O,38,0.001266624445851805
ARG,21,NH2,GLU,446,OE1,37,0.001233292223592547
ARG,105,NH1,ARG,105,O,37,0.001233292223592547
SER,276,OG,GLU,273,O,37,0.001233292223592547
LYS,394,NZ,LEU,392,O,37,0.001233292223592547
LYS,394,NZ,THR,395,O,37,0.001233292223592547
ARG,29,NH1,LYS,25,O,36,0.0011999600013332889
ARG,31,NH1,ASP,370,OD2,36,0.0011999600013332889
GLY,69,N,ALA,66,O,36,0.0011999600013332889
ARG,92,NH2,ASN,259,OD1,36,0.0011999600013332889
THR,177,N,PHE,174,O,36,0.0011999600013332889
THR,277,OG1,GLU,273,OE2,36,0.0011999600013332889
GLN,427,N,THR,424,O,36,0.0011999600013332889
LYS,451,NZ,TYR,281,OH,36,0.0011999600013332889
LYS,25,NZ,ASP,19,OD2,35,0.001166627779074031
GLN,123,NE2,GLU,127,OE1,35,0.001166627779074031
ARG,204,NH1,GLY,201,O,35,0.001166627779074031
LYS,451,NZ,ASP,333,O,35,0.001166627779074031
LYS,25,N,GLY,22,O,34,0.0011332955568147728
LYS,131,NZ,GLN,163,NE2,34,0.0011332955568147728
LYS,158,NZ,PHE,156,O,34,0.0011332955568147728
HIE,252,N,ASN,250,O,34,0.0011332955568147728
ASN,381,ND2,GLU,375,OE1,34,0.0011332955568147728
LYS,33,N,ARG,31,O,33,0.0010999633345555148
ARG,81,NH2,GLN,258,NE2,33,0.0010999633345555148
ARG,92,NH2,ASN,91,OD1,33,0.0010999633345555148
ARG,117,NH1,GLU,120,OE2,33,0.0010999633345555148
ARG,130,N,GLU,127,O,33,0.0010999633345555148
ARG,130,NH2,ASN,428,O,33,0.0010999633345555148
GLN,205,NE2,ALA,202,O,33,0.0010999633345555148
ALA,251,N,SER,249,O,33,0.0010999633345555148
ARG,280,NH1,PRO,453,O,33,0.0010999633345555148
SER,132,OG,ALA,135,O,32,0.0010666311122962569
GLN,163,NE2,GLN,163,O,32,0.0010666311122962569
SER,249,N,GLU,247,O,32,0.0010666311122962569
SER,249,OG,ASN,250,OD1,32,0.0010666311122962569
ARG,308,NH2,GLU,311,OE1,32,0.0010666311122962569
VAL,155,N,CYS,152,O,31,0.0010332988900369987
ASN,172,ND2,LYS,169,O,31,0.0010332988900369987
PHE,199,N,ARG,204,NH2,31,0.0010332988900369987
GLY,201,N,TYR,198,OH,31,0.0010332988900369987
TYR,289,N,MET,286,O,31,0.0010332988900369987
THR,395,OG1,LYS,393,O,31,0.0010332988900369987
ARG,45,NH1,LYS,72,O,30,0.0009999666677777408
ARG,105,NH1,VAL,101,O,30,0.0009999666677777408
ARG,117,NH1,SER,153,O,30,0.0009999666677777408
ILE,126,N,GLN,123,O,30,0.0009999666677777408
ARG,130,NH1,ASN,428,OD1,30,0.0009999666677777408
ARG,130,NH1,ASN,428,O,30,0.0009999666677777408
SER,179,N,GLN,176,O,30,0.0009999666677777408
SER,266,N,ASN,263,O,30,0.0009999666677777408
ARG,21,NH2,GLU,446,OE2,29,0.0009666344455184827
ARG,81,NE,ASP,77,OD2,29,0.0009666344455184827
ARG,98,N,VAL,95,O,29,0.0009666344455184827
ARG,117,NH1,GLU,120,OE1,29,0.0009666344455184827
TYR,207,OH,HIE,203,O,29,0.0009666344455184827
GLN,258,NE2,ASN,250,OD1,29,0.0009666344455184827
ILE,325,N,GLU,322,O,29,0.0009666344455184827
GLY,390,N,ALA,388,O,29,0.0009666344455184827
GLN,427,NE2,PRO,306,O,29,0.0009666344455184827
ASN,14,ND2,HIE,41,ND1,28,0.0009333022232592247
MET,75,N,GLU,190,OE2,28,0.0009333022232592247
HIE,203,NE2,ARG,204,NH2,28,0.0009333022232592247
THR,227,N,ARG,225,O,28,0.0009333022232592247
ASP,238,N,ASP,235,O,28,0.0009333022232592247
ARG,280,NH1,THR,455,OG1,28,0.0009333022232592247
ARG,280,NH2,THR,140,OG1,28,0.0009333022232592247
THR,347,OG1,GLN,345,OE1,28,0.0009333022232592247
ARG,463,NH2,SER,430,OG,28,0.0009333022232592247
ARG,21,N,ASP,19,O,27,0.0008999700009999666
ARG,98,NH2,HID,243,NE2,27,0.0008999700009999666
THR,103,OG1,THR,102,OG1,27,0.0008999700009999666
ARG,70,NE,GLY,71,O,26,0.0008666377787407086
PHE,107,N,THR,103,O,26,0.0008666377787407086
ARG,130,NH2,GLN,123,OE1,26,0.0008666377787407086
ARG,204,NE,LYS,197,O,26,0.0008666377787407086
SER,253,OG,ASN,250,OD1,26,0.0008666377787407086
PHE,255,N,ASN,250,O,26,0.0008666377787407086
HIE,307,N,HIE,307,ND1,26,0.0008666377787407086
PHE,422,N,PHE,419,O,26,0.0008666377787407086
GLN,457,NE2,LEU,136,O,26,0.0008666377787407086
ARG,463,NE,SER,430,OG,26,0.0008666377787407086
SER,26,OG,LEU,23,O,25,0.0008333055564814507
THR,39,N,PRO,3,O,25,0.0008333055564814507
ARG,97,NH2,CM1,408,O,25,0.0008333055564814507
TYR,240,N,ILE,237,O,25,0.0008333055564814507
SER,249,OG,HIE,252,NE2,25,0.0008333055564814507
SER,256,OG,GLU,254,O,25,0.0008333055564814507
LYS,288,NZ,TYR,289,OH,25,0.0008333055564814507
SER,332,N,ARG,330,O,25,0.0008333055564814507
LEU,442,N,ASP,441,OD1,25,0.0008333055564814507
LEU,442,N,ASP,441,OD2,25,0.0008333055564814507
GLY,71,N,HID,341,N,24,0.0007999733342221926
ARG,159,NH2,GLU,120,OE2,24,0.0007999733342221926
GLN,165,N,GLN,165,NE2,24,0.0007999733342221926
ASN,172,ND2,GLN,176,OE1,24,0.0007999733342221926
ASN,214,ND2,GLN,258,NE2,24,0.0007999733342221926
TYR,216,OH,GLU,166,O,24,0.0007999733342221926
ILE,217,N,ASN,214,O,24,0.0007999733342221926
THR,347,N,GLN,345,O,24,0.0007999733342221926
GLU,359,N,PRO,46,O,24,0.0007999733342221926
LYS,405,N,ARG,406,O,24,0.0007999733342221926
GLY,35,N,PHE,30,O,23,0.0007666411119629346
THR,102,OG1,ASP,106,OD1,23,0.0007666411119629346
GLY,194,N,GLU,190,O,23,0.0007666411119629346
HIE,257,NE2,GLU,222,OE1,23,0.0007666411119629346
GLN,258,N,GLN,258,NE2,23,0.0007666411119629346
THR,275,N,ALA,270,O,23,0.0007666411119629346
ASP,357,N,THR,344,O,23,0.0007666411119629346
PHE,380,N,TYR,289,OH,23,0.0007666411119629346
ARG,415,NH2,GLU,411,OE2,23,0.0007666411119629346
GLY,450,N,GLY,448,O,23,0.0007666411119629346
ARG,1,NH2,PRO,3,O,22,0.0007333088897036765
THR,103,OG1,THR,239,OG1,22,0.0007333088897036765
ASN,172,N,LYS,169,O,22,0.0007333088897036765
SER,193,N,LEU,191,O,22,0.0007333088897036765
GLN,211,NE2,GLN,258,OE1,22,0.0007333088897036765
HID,243,ND1,GLU,247,OE2,22,0.0007333088897036765
ASN,259,ND2,GLN,258,OE1,22,0.0007333088897036765
ARG,280,NH2,PRO,453,O,22,0.0007333088897036765
ARG,70,NH1,HM1,464,O2A,21,0.0006999766674444185
LYS,131,NZ,SER,132,OG,21,0.0006999766674444185
SER,132,OG,PHE,460,O,21,0.0006999766674444185
LYS,248,NZ,GLU,247,O,21,0.0006999766674444185
ARG,280,NH1,GLN,445,OE1,21,0.0006999766674444185
GLU,294,N,HIE,291,O,21,0.0006999766674444185
ARG,298,NH2,GLU,299,OE2,21,0.0006999766674444185
GLN,17,NE2,LEU,16,O,20,0.0006666444451851605
GLY,22,N,ASP,19,OD2,20,0.0006666444451851605
MET,75,N,ILE,73,O,20,0.0006666444451851605
THR,147,OG1,GLN,144,O,20,0.0006666444451851605
TYR,240,OH,HIE,257,NE2,20,0.0006666444451851605
HIE,257,N,ASN,250,ND2,20,0.0006666444451851605
ARG,280,NH1,THR,140,OG1,20,0.0006666444451851605
VAL,292,N,HIE,291,ND1,20,0.0006666444451851605
ARG,298,NE,GLN,302,OE1,20,0.0006666444451851605
LYS,376,NZ,ASN,381,OD1,20,0.0006666444451851605
ARG,21,NH1,ASP,19,OD2,19,0.0006333122229259025
THR,102,OG1,ASP,106,O,19,0.0006333122229259025
ARG,105,N,THR,103,O,19,0.0006333122229259025
ARG,112,NE,GLU,116,O,19,0.0006333122229259025
GLN,144,N,PHE,141,O,19,0.0006333122229259025
ARG,225,NH1,GLU,226,OE1,19,0.0006333122229259025
ARG,225,NH1,GLU,226,OE2,19,0.0006333122229259025
ASN,261,N,GLN,258,O,19,0.0006333122229259025
ARG,298,NH1,GLU,294,O,19,0.0006333122229259025
THR,344,OG1,GLU,65,OE1,19,0.0006333122229259025
THR,347,OG1,HIE,346,O,19,0.0006333122229259025
ASN,363,ND2,PHE,361,O,19,0.0006333122229259025
LEU,368,N,SER,365,O,19,0.0006333122229259025
ASN,381,ND2,LYS,376,O,19,0.0006333122229259025
ARG,406,NH1,SER,68,O,19,0.0006333122229259025
GLY,22,N,ARG,20,O,18,0.0005999800006666444
ARG,29,NH1,ARG,29,O,18,0.0005999800006666444
ARG,81,NE,ASP,77,OD1,18,0.0005999800006666444
ARG,81,NH2,TYR,207,OH,18,0.0005999800006666444
GLY,82,N,ASP,77,OD1,18,0.0005999800006666444
THR,102,OG1,ASP,106,OD2,18,0.0005999800006666444
GLN,187,NE2,VAL,184,N,18,0.0005999800006666444
LYS,223,NZ,HIE,219,O,18,0.0005999800006666444
LYS,223,NZ,GLU,222,OE2,18,0.0005999800006666444
SER,231,OG,PRO,230,O,18,0.0005999800006666444
LYS,246,N,MET,244,O,18,0.0005999800006666444
ARG,295,NH2,HIE,291,ND1,18,0.0005999800006666444
VAL,296,N,ALA,293,O,18,0.0005999800006666444
ASN,381,ND2,GLU,375,OE2,18,0.0005999800006666444
LYS,394,NZ,GLU,396,OE1,18,0.0005999800006666444
LYS,405,NZ,LEU,403,O,18,0.0005999800006666444
LYS,405,NZ,LYS,405,O,18,0.0005999800006666444
ARG,7,NE,PRO,8,O,17,0.0005666477784073864
ARG,31,NE,GLY,35,O,17,0.0005666477784073864
ARG,31,NH1,GLY,35,O,17,0.0005666477784073864
LYS,94,NZ,GLY,90,O,17,0.0005666477784073864
ARG,98,NH1,ARG,98,O,17,0.0005666477784073864
ARG,98,NH1,ASP,106,OD2,17,0.0005666477784073864
GLY,157,N,ILE,154,O,17,0.0005666477784073864
GLN,176,NE2,GLN,205,NE2,17,0.0005666477784073864
THR,227,OG1,ASP,229,O,17,0.0005666477784073864
ILE,237,N,ASP,235,OD2,17,0.0005666477784073864
THR,239,OG1,THR,103,OG1,17,0.0005666477784073864
SER,249,OG,LYS,248,O,17,0.0005666477784073864
SER,253,N,ASN,250,OD1,17,0.0005666477784073864
ASN,261,ND2,ASN,261,O,17,0.0005666477784073864
HID,369,ND1,SER,365,OG,17,0.0005666477784073864
LYS,393,NZ,ASP,383,OD1,17,0.0005666477784073864
GLY,404,N,PHE,401,O,17,0.0005666477784073864
GLN,17,NE2,ARG,7,N,16,0.0005333155561481284
ARG,57,NH1,GLU,58,OE1,16,0.0005333155561481284
ARG,81,NH1,TYR,207,OH,16,0.0005333155561481284
ARG,81,NH2,GLN,211,OE1,16,0.0005333155561481284
ARG,92,N,ASN,89,O,16,0.0005333155561481284
LYS,94,N,ASN,91,O,16,0.0005333155561481284
ARG,130,NE,ASN,428,OD1,16,0.0005333155561481284
ASN,149,N,ILE,146,O,16,0.0005333155561481284
LYS,158,NZ,GLY,157,O,16,0.0005333155561481284
GLU,222,N,HIE,219,O,16,0.0005333155561481284
THR,227,OG1,LEU,228,O,16,0.0005333155561481284
ASN,381,ND2,PHE,380,O,16,0.0005333155561481284
LYS,63,NZ,ASP,62,O,15,0.0004999833338888704
ALA,64,N,ALA,59,O,15,0.0004999833338888704
ALA,64,N,LEU,60,O,15,0.0004999833338888704
GLY,69,N,THR,344,OG1,15,0.0004999833338888704
ARG,117,NH2,SER,113,O,15,0.0004999833338888704
GLN,119,N,GLU,116,O,15,0.0004999833338888704
GLN,187,N,PHE,185,O,15,0.0004999833338888704
SER,253,OG,SER,249,OG,15,0.0004999833338888704
GLU,254,N,SER,253,OG,15,0.0004999833338888704
HIE,257,NE2,GLU,222,OE2,15,0.0004999833338888704
ASN,263,ND2,LEU,96,O,15,0.0004999833338888704
PHE,268,N,LEU,265,O,15,0.0004999833338888704
THR,277,OG1,GLU,273,OE1,15,0.0004999833338888704
LEU,334,N,SER,332,OG,15,0.0004999833338888704
GLU,417,N,GLU,417,OE2,15,0.0004999833338888704
ARG,1,NE,ARG,1,O,14,0.00046665111162961235
ARG,20,N,ASP,19,OD2,14,0.00046665111162961235
ARG,31,NE,LEU,28,O,14,0.00046665111162961235
LEU,129,N,ILE,126,O,14,0.00046665111162961235
LYS,133,NZ,LYS,133,O,14,0.00046665111162961235
SER,153,OG,GLY,157,O,14,0.00046665111162961235
ARG,204,NH1,GLN,205,OE1,14,0.00046665111162961235
ARG,204,NH2,GLN,205,OE1,14,0.00046665111162961235
GLU,322,N,PRO,319,O,14,0.00046665111162961235
SER,26,OG,ASP,19,O,13,0.0004333188893703543
ARG,81,N,PRO,78,O,13,0.0004333188893703543
ASN,89,ND2,ALA,88,O,13,0.0004333188893703543
ARG,98,NH1,ASP,106,OD1,13,0.0004333188893703543
ARG,98,NH1,HID,243,NE2,13,0.0004333188893703543
ARG,117,NH2,SER,153,OG,13,0.0004333188893703543
ARG,130,NH1,ARG,463,OXT,13,0.0004333188893703543
PHE,143,N,THR,140,O,13,0.0004333188893703543
GLN,165,N,GLN,163,O,13,0.0004333188893703543
THR,239,OG1,LEU,236,O,13,0.0004333188893703543
THR,275,N,THR,272,O,13,0.0004333188893703543
SER,276,N,GLY,271,O,13,0.0004333188893703543
ARG,280,NH1,PRO,454,O,13,0.0004333188893703543
GLN,345,NE2,GLN,345,O,13,0.0004333188893703543
ARG,350,NH1,GLU,54,OE2,13,0.0004333188893703543
ARG,406,NH1,HM1,464,O2A,13,0.0004333188893703543
PHE,429,N,LEU,426,O,13,0.0004333188893703543
THR,455,OG1,ASP,138,OD1,13,0.0004333188893703543
THR,455,OG1,GLN,445,NE2,13,0.0004333188893703543
GLN,17,NE2,GLN,17,O,12,0.0003999866671110963
ARG,20,NE,ARG,20,O,12,0.0003999866671110963
LYS,25,NZ,CYS,447,O,12,0.0003999866671110963
ALA,66,N,GLU,65,OE1,12,0.0003999866671110963
LEU,171,N,LEU,168,O,12,0.0003999866671110963
TYR,175,OH,GLN,445,NE2,12,0.0003999866671110963
PHE,195,N,LEU,191,O,12,0.0003999866671110963
ARG,204,NE,TYR,198,OH,12,0.0003999866671110963
LYS,208,NZ,GLN,205,NE2,12,0.0003999866671110963
LYS,234,NZ,THR,227,OG1,12,0.0003999866671110963
LYS,246,NZ,LYS,246,O,12,0.0003999866671110963
ASN,250,ND2,SER,253,OG,12,0.0003999866671110963
LEU,262,N,ASN,261,OD1,12,0.0003999866671110963
ARG,295,NH2,ASP,383,OD1,12,0.0003999866671110963
GLN,302,NE2,ARG,298,NH1,12,0.0003999866671110963
GLN,345,NE2,ALA,66,N,12,0.0003999866671110963
ARG,415,NE,GLU,411,O,12,0.0003999866671110963
ARG,415,NH2,GLU,411,OE1,12,0.0003999866671110963
SER,26,OG,ARG,21,O,11,0.00036665444485183826
PHE,27,N,LEU,24,O,11,0.00036665444485183826
ARG,204,NH1,ALA,74,O,11,0.00036665444485183826
LEU,210,N,TYR,207,O,11,0.00036665444485183826
THR,227,OG1,THR,227,O,11,0.00036665444485183826
ASP,229,N,ASP,238,OD2,11,0.00036665444485183826
THR,239,N,LEU,236,O,11,0.00036665444485183826
HID,243,ND1,ASN,250,OD1,11,0.00036665444485183826
ASN,250,N,GLU,247,OE2,11,0.00036665444485183826
ASN,259,ND2,SER,256,N,11,0.00036665444485183826
TYR,297,OH,PRO,306,O,11,0.00036665444485183826
GLN,302,NE2,ARG,298,NH2,11,0.00036665444485183826
HIE,307,NE2,ARG,463,OXT,11,0.00036665444485183826
ILE,328,N,ILE,325,O,11,0.00036665444485183826
ARG,463,NE,GLN,427,O,11,0.00036665444485183826
ARG,20,NH2,MET,18,O,10,0.00033332222259258026
ARG,29,NE,GLN,17,O,10,0.00033332222259258026
GLY,82,N,PHE,80,O,10,0.00033332222259258026
VAL,95,N,ARG,92,O,10,0.00033332222259258026
VAL,114,N,GLU,115,OE2,10,0.00033332222259258026
ARG,117,NH2,SER,153,O,10,0.00033332222259258026
ARG,117,NH2,LYS,234,O,10,0.00033332222259258026
SER,220,OG,TYR,216,OH,10,0.00033332222259258026
ALA,232,N,PRO,230,O,10,0.00033332222259258026
TYR,240,OH,GLU,254,O,10,0.00033332222259258026
ASN,250,ND2,SER,256,OG,10,0.00033332222259258026
ASN,250,ND2,GLN,258,OE1,10,0.00033332222259258026
HIE,252,N,ASN,250,ND2,10,0.00033332222259258026
ASN,263,N,LEU,260,O,10,0.00033332222259258026
ASN,263,ND2,ASN,259,O,10,0.00033332222259258026
LEU,279,N,SER,276,O,10,0.00033332222259258026
ARG,295,NH1,ASP,383,OD1,10,0.00033332222259258026
ARG,295,NH1,ASP,383,OD2,10,0.00033332222259258026
ARG,298,N,ARG,295,O,10,0.00033332222259258026
TYR,326,OH,ARG,415,NH1,10,0.00033332222259258026
ARG,406,NH1,TRP,93,NE1,10,0.00033332222259258026
GLN,457,NE2,THR,455,O,10,0.00033332222259258026
GLN,17,NE2,TYR,34,OH,9,0.0002999900003333222
ARG,20,N,ASP,19,OD1,9,0.0002999900003333222
LYS,25,NZ,ASP,378,OD1,9,0.0002999900003333222
LYS,25,NZ,ASP,378,OD2,9,0.0002999900003333222
LYS,33,NZ,LYS,33,O,9,0.0002999900003333222
LYS,63,NZ,GLU,65,OE2,9,0.0002999900003333222
ALA,66,N,GLU,65,OE2,9,0.0002999900003333222
ARG,92,NE,ASN,259,OD1,9,0.0002999900003333222
ARG,98,NE,LYS,94,O,9,0.0002999900003333222
LYS,158,NZ,GLU,166,OE1,9,0.0002999900003333222
GLN,163,N,GLN,163,OE1,9,0.0002999900003333222
GLN,165,NE2,GLN,163,NE2,9,0.0002999900003333222
SER,179,OG,GLU,446,OE2,9,0.0002999900003333222
GLY,201,N,ARG,204,NH1,9,0.0002999900003333222
ARG,204,NH2,GLY,201,O,9,0.0002999900003333222
LYS,246,NZ,SER,231,O,9,0.0002999900003333222
HIE,257,NE2,ALA,251,O,9,0.0002999900003333222
ARG,298,NH1,GLU,299,OE2,9,0.0002999900003333222
HIE,307,NE2,ASN,428,OD1,9,0.0002999900003333222
HIE,307,NE2,ARG,463,O,9,0.0002999900003333222
ARG,308,N,GLN,427,NE2,9,0.0002999900003333222
ARG,315,NE,GLU,322,OE1,9,0.0002999900003333222
ARG,315,NH2,GLU,322,OE2,9,0.0002999900003333222
ASP,378,N,ASP,378,OD1,9,0.0002999900003333222
ALA,391,N,ASN,389,ND2,9,0.0002999900003333222
LYS,394,NZ,LYS,394,O,9,0.0002999900003333222
LYS,25,NZ,ARG,21,NH1,8,0.0002666577780740642
ARG,70,NE,VAL,339,O,8,0.0002666577780740642
ARG,81,NE,GLN,258,OE1,8,0.0002666577780740642
ARG,98,NE,THR,102,OG1,8,0.0002666577780740642
ARG,117,NH2,GLY,157,O,8,0.0002666577780740642
SER,145,N,LEU,142,O,8,0.0002666577780740642
TYR,207,OH,PRO,78,O,8,0.0002666577780740642
LYS,223,NZ,GLU,222,OE1,8,0.0002666577780740642
HIP,224,NE2,PHE,156,O,8,0.0002666577780740642
LYS,234,NZ,ASP,235,OD1,8,0.0002666577780740642
ASN,250,ND2,ASN,250,O,8,0.0002666577780740642
ARG,295,NH1,GLN,302,OE1,8,0.0002666577780740642
THR,344,OG1,ASP,357,OD2,8,0.0002666577780740642
GLN,345,NE2,ALA,66,O,8,0.0002666577780740642
HID,369,ND1,PRO,377,O,8,0.0002666577780740642
ALA,391,N,ASN,389,O,8,0.0002666577780740642
LYS,393,NZ,THR,395,OG1,8,0.0002666577780740642
GLY,410,N,CM1,408,O,8,0.0002666577780740642
PHE,419,N,GLU,417,O,8,0.0002666577780740642
ASN,14,ND2,PRO,8,N,7,0.00023332555581480617
THR,39,OG1,VAL,48,N,7,0.00023332555581480617
VAL,53,N,TYR,373,OH,7,0.00023332555581480617
GLU,54,N,TYR,373,OH,7,0.00023332555581480617
VAL,101,N,ARG,98,O,7,0.00023332555581480617
ASP,106,N,MET,104,O,7,0.00023332555581480617
MET,109,N,PHE,107,O,7,0.00023332555581480617
ILE,151,N,ALA,148,O,7,0.00023332555581480617
ARG,159,NH1,GLU,121,OE2,7,0.00023332555581480617
GLN,163,NE2,HIE,161,NE2,7,0.00023332555581480617
SER,179,OG,SER,179,O,7,0.00023332555581480617
LYS,197,NZ,ASP,77,OD1,7,0.00023332555581480617
TYR,198,OH,GLY,201,O,7,0.00023332555581480617
ARG,204,NH2,TYR,198,OH,7,0.00023332555581480617
GLN,205,NE2,PRO,200,O,7,0.00023332555581480617
GLN,211,NE2,GLN,258,NE2,7,0.00023332555581480617
SER,253,OG,PHE,255,O,7,0.00023332555581480617
GLN,258,NE2,ARG,81,NH1,7,0.00023332555581480617
ARG,295,NE,HIE,291,ND1,7,0.00023332555581480617
ARG,295,NH2,GLN,302,OE1,7,0.00023332555581480617
ILE,304,N,GLU,299,O,7,0.00023332555581480617
MET,318,N,ASP,314,O,7,0.00023332555581480617
THR,344,OG1,GLU,65,OE2,7,0.00023332555581480617
SER,348,OG,GLY,351,O,7,0.00023332555581480617
ASN,389,ND2,ASN,389,O,7,0.00023332555581480617
GLU,411,N,GLU,411,OE2,7,0.00023332555581480617
ARG,415,NH1,TYR,326,OH,7,0.00023332555581480617
TYR,456,OH,THR,140,OG1,7,0.00023332555581480617
GLN,457,N,GLN,457,OE1,7,0.00023332555581480617
GLN,457,NE2,THR,455,OG1,7,0.00023332555581480617
ARG,459,NH1,PHE,460,O,7,0.00023332555581480617
ARG,7,NE,GLY,5,O,6,0.00019999333355554815
GLY,13,N,LEU,11,O,6,0.00019999333355554815
LYS,33,NZ,GLU,32,O,6,0.00019999333355554815
SER,68,OG,ALA,66,O,6,0.00019999333355554815
PHE,79,N,ASP,77,O,6,0.00019999333355554815
ARG,81,N,VAL,76,O,6,0.00019999333355554815
GLY,82,N,ASP,77,OD2,6,0.00019999333355554815
ARG,98,NH1,LYS,94,O,6,0.00019999333355554815
LYS,111,NZ,ALA,232,O,6,0.00019999333355554815
GLU,116,N,GLU,116,OE2,6,0.00019999333355554815
GLN,119,NE2,GLN,123,NE2,6,0.00019999333355554815
ALA,122,N,GLN,119,O,6,0.00019999333355554815
ARG,130,NH1,GLN,123,OE1,6,0.00019999333355554815
SER,132,N,ARG,130,O,6,0.00019999333355554815
PHE,141,N,ASP,138,OD1,6,0.00019999333355554815
ARG,159,NH2,GLU,120,O,6,0.00019999333355554815
ARG,204,NH2,PRO,200,O,6,0.00019999333355554815
GLN,205,NE2,ARG,204,NH2,6,0.00019999333355554815
ASN,209,ND2,GLN,176,NE2,6,0.00019999333355554815
GLN,211,NE2,ASN,214,ND2,6,0.00019999333355554815
ARG,225,NH1,TYR,240,OH,6,0.00019999333355554815
GLU,226,N,HIP,224,O,6,0.00019999333355554815
HID,243,ND1,HID,243,O,6,0.00019999333355554815
HID,243,ND1,ASN,250,ND2,6,0.00019999333355554815
GLU,247,N,GLU,245,O,6,0.00019999333355554815
HIE,252,NE2,ASN,91,OD1,6,0.00019999333355554815
SER,256,N,ASN,259,ND2,6,0.00019999333355554815
HIE,257,NE2,ASN,250,OD1,6,0.00019999333355554815
ASN,261,ND2,GLN,258,NE2,6,0.00019999333355554815
ARG,280,NH1,GLN,445,NE2,6,0.00019999333355554815
LEU,285,N,GLY,282,O,6,0.00019999333355554815
ARG,295,NE,TYR,320,OH,6,0.00019999333355554815
GLN,302,NE2,GLU,301,O,6,0.00019999333355554815
LYS,317,NZ,VAL,303,O,6,0.00019999333355554815
VAL,324,N,THR,321,O,6,0.00019999333355554815
GLN,329,N,TYR,326,O,6,0.00019999333355554815
HIE,346,N,GLN,345,NE2,6,0.00019999333355554815
ASP,378,N,ASP,378,OD2,6,0.00019999333355554815
ASN,389,ND2,ALA,388,O,6,0.00019999333355554815
LYS,393,NZ,ASP,383,OD2,6,0.00019999333355554815
THR,395,N,LYS,393,O,6,0.00019999333355554815
LYS,405,NZ,GLU,396,OE2,6,0.00019999333355554815
ARG,415,NH1,ALA,414,O,6,0.00019999333355554815
SER,430,OG,MET,431,O,6,0.00019999333355554815
SER,430,OG,ARG,463,NH2,6,0.00019999333355554815
GLN,445,NE2,THR,443,O,6,0.00019999333355554815
ARG,459,NH2,PHE,460,O,6,0.00019999333355554815
ARG,7,NE,ARG,7,O,5,0.00016666111129629013
ARG,20,NH2,LEU,16,O,5,0.00016666111129629013
LEU,24,N,CYS,447,O,5,0.00016666111129629013
ASP,36,N,TYR,34,O,5,0.00016666111129629013
ARG,45,NE,ARG,45,O,5,0.00016666111129629013
ARG,45,NE,SER,193,OG,5,0.00016666111129629013
LYS,63,N,LEU,60,O,5,0.00016666111129629013
SER,68,OG,ILE,342,O,5,0.00016666111129629013
ARG,70,N,ALA,88,O,5,0.00016666111129629013
GLY,71,N,ARG,70,NE,5,0.00016666111129629013
ARG,81,NH1,ARG,81,O,5,0.00016666111129629013
GLY,90,N,SER,68,OG,5,0.00016666111129629013
LYS,94,NZ,GLU,65,OE2,5,0.00016666111129629013
ARG,98,NH2,ASP,106,OD2,5,0.00016666111129629013
THR,103,N,VAL,101,O,5,0.00016666111129629013
GLY,110,N,GLY,108,O,5,0.00016666111129629013
VAL,114,N,GLU,115,OE1,5,0.00016666111129629013
ARG,117,NH2,GLY,110,O,5,0.00016666111129629013
GLN,123,NE2,GLN,119,NE2,5,0.00016666111129629013
GLN,123,NE2,ARG,130,NH1,5,0.00016666111129629013
ARG,130,NH2,GLN,123,NE2,5,0.00016666111129629013
SER,182,N,LEU,180,O,5,0.00016666111129629013
GLN,187,NE2,VAL,184,O,5,0.00016666111129629013
GLY,218,N,ALA,215,O,5,0.00016666111129629013
GLN,258,NE2,ARG,81,NH2,5,0.00016666111129629013
ASN,259,ND2,ARG,92,O,5,0.00016666111129629013
ASN,259,ND2,GLN,258,O,5,0.00016666111129629013
PHE,269,N,SER,266,O,5,0.00016666111129629013
ARG,308,NH2,VAL,303,O,5,0.00016666111129629013
ARG,330,NH2,GLU,327,OE2,5,0.00016666111129629013
ARG,350,NH2,VAL,37,O,5,0.00016666111129629013
LYS,356,NZ,GLN,345,NE2,5,0.00016666111129629013
LEU,364,N,MET,337,O,5,0.00016666111129629013
LYS,393,NZ,LYS,393,O,5,0.00016666111129629013
LYS,394,N,LEU,392,O,5,0.00016666111129629013
LYS,405,NZ,LYS,63,O,5,0.00016666111129629013
ARG,406,NH1,HM1,464,O1D,5,0.00016666111129629013
ARG,406,NH2,GLY,69,O,5,0.00016666111129629013
ARG,415,NE,GLU,411,OE2,5,0.00016666111129629013
SER,430,OG,ARG,463,NH1,5,0.00016666111129629013
ARG,7,NH2,PRO,8,O,4,0.0001333288890370321
ARG,20,NE,LEU,15,O,4,0.0001333288890370321
ARG,20,NE,MET,18,O,4,0.0001333288890370321
ARG,21,NH1,GLU,446,OE1,4,0.0001333288890370321
ARG,21,NH2,ARG,29,NH1,4,0.0001333288890370321
ARG,29,NH2,MET,18,O,4,0.0001333288890370321
ASP,36,N,ARG,350,NH1,4,0.0001333288890370321
ARG,45,NE,GLY,194,N,4,0.0001333288890370321
ARG,45,NH2,LYS,72,O,4,0.0001333288890370321
ILE,56,N,VAL,53,O,4,0.0001333288890370321
ARG,57,N,GLU,54,O,4,0.0001333288890370321
LYS,63,NZ,GLU,65,OE1,4,0.0001333288890370321
ALA,64,N,ASP,62,N,4,0.0001333288890370321
ARG,81,NE,TYR,83,OH,4,0.0001333288890370321
TYR,83,OH,GLN,258,NE2,4,0.0001333288890370321
ASN,89,ND2,ARG,70,N,4,0.0001333288890370321
ARG,92,NH1,GLN,258,OE1,4,0.0001333288890370321
ARG,92,NH2,TYR,83,OH,4,0.0001333288890370321
GLY,108,N,ASP,106,OD1,4,0.0001333288890370321
GLY,110,N,PHE,107,O,4,0.0001333288890370321
LYS,111,NZ,ASP,235,O,4,0.0001333288890370321
ARG,112,N,ARG,117,NH2,4,0.0001333288890370321
ARG,112,NE,ARG,117,NH1,4,0.0001333288890370321
ARG,130,NH2,ARG,463,OXT,4,0.0001333288890370321
MET,137,N,ALA,135,O,4,0.0001333288890370321
ILE,146,N,PHE,143,O,4,0.0001333288890370321
GLN,163,N,HIE,161,NE2,4,0.0001333288890370321
GLN,163,NE2,GLN,165,OE1,4,0.0001333288890370321
GLU,166,N,GLN,165,OE1,4,0.0001333288890370321
TYR,175,N,ASN,172,O,4,0.0001333288890370321
LYS,197,NZ,LEU,196,O,4,0.0001333288890370321
TYR,198,N,LEU,196,O,4,0.0001333288890370321
TYR,198,OH,HIE,203,ND1,4,0.0001333288890370321
PHE,199,N,ARG,204,NH1,4,0.0001333288890370321
HIE,203,NE2,TYR,198,OH,4,0.0001333288890370321
GLN,205,N,GLN,205,NE2,4,0.0001333288890370321
LYS,208,NZ,LYS,208,O,4,0.0001333288890370321
LYS,223,N,SER,220,O,4,0.0001333288890370321
LYS,223,NZ,HIE,219,NE2,4,0.0001333288890370321
LYS,248,NZ,SER,249,OG,4,0.0001333288890370321
PHE,255,N,GLU,247,OE2,4,0.0001333288890370321
SER,256,OG,GLN,258,NE2,4,0.0001333288890370321
HIE,257,NE2,ASN,261,OD1,4,0.0001333288890370321
THR,272,N,LEU,267,O,4,0.0001333288890370321
THR,272,OG1,GLY,271,O,4,0.0001333288890370321
ARG,280,NH1,SER,276,O,4,0.0001333288890370321
ARG,280,NH2,GLN,445,NE2,4,0.0001333288890370321
HIE,307,N,GLY,305,O,4,0.0001333288890370321
THR,321,N,MET,318,O,4,0.0001333288890370321
ARG,350,NH2,ALA,55,N,4,0.0001333288890370321
GLY,351,N,SER,348,OG,4,0.0001333288890370321
HIP,384,NE2,GLU,375,OE1,4,0.0001333288890370321
LYS,394,NZ,GLU,322,OE1,4,0.0001333288890370321
ILE,407,N,LYS,405,O,4,0.0001333288890370321
ILE,407,N,HM1,464,O2D,4,0.0001333288890370321
GLU,411,N,GLU,411,OE1,4,0.0001333288890370321
PHE,421,N,LEU,418,O,4,0.0001333288890370321
THR,455,OG1,THR,455,O,4,0.0001333288890370321
GLN,457,NE2,ASP,138,OD2,4,0.0001333288890370321
ARG,459,NH2,SER,433,O,4,0.0001333288890370321
ARG,1,NH2,GLY,5,O,3,9.999666677777408e-05
LYS,25,NZ,LYS,25,O,3,9.999666677777408e-05
ARG,29,NH1,SER,26,OG,3,9.999666677777408e-05
ARG,29,NH2,ASP,19,N,3,9.999666677777408e-05
ARG,29,NH2,ARG,21,NH2,3,9.999666677777408e-05
ARG,29,NH2,LYS,25,O,3,9.999666677777408e-05
TYR,34,OH,GLY,5,O,3,9.999666677777408e-05
VAL,37,N,TYR,34,O,3,9.999666677777408e-05
VAL,37,N,ASP,36,OD1,3,9.999666677777408e-05
VAL,37,N,ASP,36,OD2,3,9.999666677777408e-05
ARG,45,NE,GLU,190,OE2,3,9.999666677777408e-05
LYS,72,NZ,PHE,87,O,3,9.999666677777408e-05
ARG,81,NH1,TYR,83,OH,3,9.999666677777408e-05
ARG,81,NH2,ASP,77,O,3,9.999666677777408e-05
ASN,89,N,ARG,92,NH2,3,9.999666677777408e-05
ARG,92,NE,ASN,89,O,3,9.999666677777408e-05
ARG,92,NH1,TYR,83,OH,3,9.999666677777408e-05
ARG,92,NH1,ASN,91,OD1,3,9.999666677777408e-05
ARG,92,NH1,SER,253,O,3,9.999666677777408e-05
ARG,92,NH2,GLN,258,OE1,3,9.999666677777408e-05
LEU,96,N,TRP,93,O,3,9.999666677777408e-05
ARG,97,N,LYS,94,O,3,9.999666677777408e-05
PHE,99,N,LEU,96,O,3,9.999666677777408e-05
ARG,105,NE,ARG,105,O,3,9.999666677777408e-05
LYS,111,NZ,GLY,110,O,3,9.999666677777408e-05
ARG,117,NH1,GLY,157,O,3,9.999666677777408e-05
LEU,125,N,ALA,122,O,3,9.999666677777408e-05
LYS,131,NZ,GLU,128,O,3,9.999666677777408e-05
PHE,141,N,ASP,138,OD2,3,9.999666677777408e-05
ARG,159,NH1,ARG,159,O,3,9.999666677777408e-05
ARG,159,NH2,PHE,160,O,3,9.999666677777408e-05
THR,177,OG1,ASN,209,OD1,3,9.999666677777408e-05
PHE,178,N,TYR,175,O,3,9.999666677777408e-05
SER,179,OG,TYR,175,OH,3,9.999666677777408e-05
GLN,187,NE2,ARG,21,O,3,9.999666677777408e-05
SER,193,OG,LEU,42,O,3,9.999666677777408e-05
SER,193,OG,SER,193,O,3,9.999666677777408e-05
TYR,198,N,GLY,194,O,3,9.999666677777408e-05
ARG,204,NH2,PHE,199,N,3,9.999666677777408e-05
TYR,207,OH,VAL,76,O,3,9.999666677777408e-05
ASN,209,ND2,VAL,206,O,3,9.999666677777408e-05
GLN,211,NE2,TYR,207,OH,3,9.999666677777408e-05
ARG,225,NH2,TYR,240,OH,3,9.999666677777408e-05
GLU,245,N,GLU,247,O,3,9.999666677777408e-05
SER,249,OG,SER,249,O,3,9.999666677777408e-05
ASN,250,ND2,HIE,252,ND1,3,9.999666677777408e-05
ASN,250,ND2,HIE,257,NE2,3,9.999666677777408e-05
ALA,251,N,ASN,250,ND2,3,9.999666677777408e-05
ALA,251,N,HIE,252,ND1,3,9.999666677777408e-05
GLU,254,N,GLU,247,OE2,3,9.999666677777408e-05
SER,256,OG,PHE,255,O,3,9.999666677777408e-05
SER,256,OG,HIE,257,ND1,3,9.999666677777408e-05
HIE,257,NE2,ASN,261,ND2,3,9.999666677777408e-05
GLN,258,NE2,HIE,252,O,3,9.999666677777408e-05
ASN,261,ND2,GLN,258,O,3,9.999666677777408e-05
LEU,267,N,THR,264,O,3,9.999666677777408e-05
GLY,271,N,PHE,268,O,3,9.999666677777408e-05
GLU,273,N,ALA,270,O,3,9.999666677777408e-05
THR,278,OG1,THR,275,O,3,9.999666677777408e-05
ARG,280,NH2,ASP,138,OD1,3,9.999666677777408e-05
TYR,281,OH,ILE,452,O,3,9.999666677777408e-05
MET,286,N,PHE,283,O,3,9.999666677777408e-05
LYS,288,NZ,LYS,288,O,3,9.999666677777408e-05
ARG,295,NH1,GLU,299,OE1,3,9.999666677777408e-05
ARG,298,NE,GLU,294,O,3,9.999666677777408e-05
ARG,298,NH2,ARG,295,O,3,9.999666677777408e-05
ARG,298,NH2,GLN,302,NE2,3,9.999666677777408e-05
GLN,302,NE2,GLU,299,OE2,3,9.999666677777408e-05
HIE,313,NE2,ARG,308,NH2,3,9.999666677777408e-05
TYR,320,OH,VAL,292,O,3,9.999666677777408e-05
THR,321,OG1,MET,318,O,3,9.999666677777408e-05
HID,341,ND1,SER,68,O,3,9.999666677777408e-05
ILE,342,N,PHE,67,O,3,9.999666677777408e-05
THR,344,OG1,GLN,345,NE2,3,9.999666677777408e-05
ARG,350,NH2,TYR,34,O,3,9.999666677777408e-05
ALA,414,N,GLU,411,O,3,9.999666677777408e-05
ARG,415,NE,GLU,411,OE1,3,9.999666677777408e-05
SER,430,OG,SER,430,O,3,9.999666677777408e-05
TYR,456,OH,LEU,284,N,3,9.999666677777408e-05
GLN,457,NE2,MET,137,O,3,9.999666677777408e-05
ARG,459,NE,ALA,135,O,3,9.999666677777408e-05
ARG,459,NH2,LYS,133,O,3,9.999666677777408e-05
ARG,1,N,ILE,353,N,2,6.666444451851606e-05
GLY,5,N,ARG,1,NH2,2,6.666444451851606e-05
LEU,16,N,ASN,14,O,2,6.666444451851606e-05
ARG,21,NH1,GLN,445,O,2,6.666444451851606e-05
LEU,23,N,ARG,21,O,2,6.666444451851606e-05
ARG,29,N,PHE,27,O,2,6.666444451851606e-05
ARG,29,NE,LYS,25,O,2,6.666444451851606e-05
ARG,31,NE,ARG,31,O,2,6.666444451851606e-05
ARG,31,NE,ASP,36,N,2,6.666444451851606e-05
LEU,42,N,VAL,40,O,2,6.666444451851606e-05
LYS,63,N,ASP,62,OD1,2,6.666444451851606e-05
SER,68,OG,SER,68,O,2,6.666444451851606e-05
ARG,70,NE,GLY,69,O,2,6.666444451851606e-05
LYS,72,NZ,ARG,70,O,2,6.666444451851606e-05
LYS,72,NZ,ARG,81,O,2,6.666444451851606e-05
ARG,81,NH2,TYR,83,OH,2,6.666444451851606e-05
TYR,83,OH,ARG,92,NH1,2,6.666444451851606e-05
TYR,83,OH,GLU,254,OE2,2,6.666444451851606e-05
ASN,89,ND2,PHE,87,O,2,6.666444451851606e-05
ASN,91,ND2,HIE,252,O,2,6.666444451851606e-05
ARG,92,N,ASN,91,OD1,2,6.666444451851606e-05
ARG,92,NE,GLY,82,O,2,6.666444451851606e-05
ARG,98,NH2,LYS,94,O,2,6.666444451851606e-05
ARG,105,NH2,THR,102,OG1,2,6.666444451851606e-05
ARG,112,NH2,GLY,110,O,2,6.666444451851606e-05
ARG,112,NH2,SER,153,OG,2,6.666444451851606e-05
ARG,117,NH1,LYS,234,O,2,6.666444451851606e-05
ARG,117,NH2,ARG,112,N,2,6.666444451851606e-05
GLN,119,NE2,GLU,120,OE1,2,6.666444451851606e-05
GLN,123,NE2,ALA,122,O,2,6.666444451851606e-05
LYS,158,NZ,GLU,166,OE2,2,6.666444451851606e-05
ARG,159,NE,ASN,149,ND2,2,6.666444451851606e-05
GLN,165,NE2,GLU,166,N,2,6.666444451851606e-05
PHE,167,N,GLU,166,OE2,2,6.666444451851606e-05
LYS,169,NZ,ASN,209,ND2,2,6.666444451851606e-05
ASN,172,ND2,GLN,144,OE1,2,6.666444451851606e-05
GLN,176,NE2,ALA,202,O,2,6.666444451851606e-05
GLN,176,NE2,ASN,209,ND2,2,6.666444451851606e-05
SER,179,OG,GLU,446,OE1,2,6.666444451851606e-05
GLY,194,N,ARG,45,NH2,2,6.666444451851606e-05
GLY,194,N,PHE,192,O,2,6.666444451851606e-05
TYR,198,OH,GLY,194,O,2,6.666444451851606e-05
TYR,198,OH,ARG,204,NE,2,6.666444451851606e-05
HIE,203,N,GLY,201,O,2,6.666444451851606e-05
ARG,204,NE,ARG,204,O,2,6.666444451851606e-05
GLN,205,NE2,GLN,176,NE2,2,6.666444451851606e-05
LYS,208,NZ,TYR,207,OH,2,6.666444451851606e-05
ASN,209,ND2,LYS,208,O,2,6.666444451851606e-05
HIE,219,NE2,GLU,222,OE1,2,6.666444451851606e-05
LYS,223,NZ,SER,220,OG,2,6.666444451851606e-05
LYS,223,NZ,LYS,223,O,2,6.666444451851606e-05
HIP,224,ND1,SER,220,OG,2,6.666444451851606e-05
LYS,234,N,ALA,232,O,2,6.666444451851606e-05
TYR,240,OH,SER,256,N,2,6.666444451851606e-05
TYR,240,OH,ASN,259,O,2,6.666444451851606e-05
TYR,240,OH,LEU,260,N,2,6.666444451851606e-05
HID,243,ND1,TYR,240,O,2,6.666444451851606e-05
LYS,246,NZ,PRO,230,O,2,6.666444451851606e-05
LYS,246,NZ,GLU,245,O,2,6.666444451851606e-05
SER,249,OG,HIE,252,O,2,6.666444451851606e-05
SER,249,OG,SER,253,OG,2,6.666444451851606e-05
ASN,250,N,LYS,246,O,2,6.666444451851606e-05
ASN,250,ND2,SER,249,OG,2,6.666444451851606e-05
ASN,250,ND2,HIE,252,NE2,2,6.666444451851606e-05
SER,253,N,SER,249,OG,2,6.666444451851606e-05
SER,253,N,SER,256,OG,2,6.666444451851606e-05
SER,253,OG,HIE,252,O,2,6.666444451851606e-05
SER,256,OG,ASN,259,ND2,2,6.666444451851606e-05
HIE,257,N,TYR,240,OH,2,6.666444451851606e-05
HIE,257,NE2,GLN,258,NE2,2,6.666444451851606e-05
GLN,258,NE2,HIE,257,O,2,6.666444451851606e-05
GLN,258,NE2,ASN,259,N,2,6.666444451851606e-05
THR,277,OG1,LYS,451,O,2,6.666444451851606e-05
ARG,280,NH1,THR,277,OG1,2,6.666444451851606e-05
ARG,280,NH2,ASP,138,OD2,2,6.666444451851606e-05
ARG,280,NH2,GLN,144,OE1,2,6.666444451851606e-05
ARG,280,NH2,THR,277,N,2,6.666444451851606e-05
ARG,280,NH2,THR,277,OG1,2,6.666444451851606e-05
ARG,295,NE,GLU,299,OE2,2,6.666444451851606e-05
ARG,295,NH2,HIE,291,O,2,6.666444451851606e-05
TYR,297,OH,GLN,427,O,2,6.666444451851606e-05
ARG,298,NE,ARG,298,O,2,6.666444451851606e-05
ILE,300,N,TYR,297,O,2,6.666444451851606e-05
GLN,302,NE2,ARG,298,NE,2,6.666444451851606e-05
ARG,308,NH1,GLU,311,OE1,2,6.666444451851606e-05
ARG,308,NH2,ILE,304,O,2,6.666444451851606e-05
ARG,315,NH1,GLU,322,OE2,2,6.666444451851606e-05
LYS,317,N,HIE,313,O,2,6.666444451851606e-05
LYS,317,NZ,GLN,302,OE1,2,6.666444451851606e-05
GLU,327,N,VAL,324,O,2,6.666444451851606e-05
ARG,330,NH2,ALA,379,O,2,6.666444451851606e-05
GLY,338,N,VAL,449,O,2,6.666444451851606e-05
THR,344,OG1,THR,344,O,2,6.666444451851606e-05
SER,348,OG,ILE,353,N,2,6.666444451851606e-05
ARG,350,NH1,GLU,54,O,2,6.666444451851606e-05
ASN,363,N,PHE,361,O,2,6.666444451851606e-05
ASN,363,ND2,LEU,364,N,2,6.666444451851606e-05
LEU,364,N,GLY,338,N,2,6.666444451851606e-05
SER,365,N,ASN,363,ND2,2,6.666444451851606e-05
ALA,367,N,SER,365,O,2,6.666444451851606e-05
HIE,372,N,HIE,372,ND1,2,6.666444451851606e-05
LYS,376,NZ,ASP,378,O,2,6.666444451851606e-05
HIP,384,NE2,GLU,375,OE2,2,6.666444451851606e-05
PHE,398,N,GLU,396,O,2,6.666444451851606e-05
LEU,403,N,ARG,406,O,2,6.666444451851606e-05
LYS,405,NZ,SER,68,O,2,6.666444451851606e-05
ARG,406,NH1,ILE,86,O,2,6.666444451851606e-05
ARG,415,NE,ARG,415,O,2,6.666444451851606e-05
SER,430,OG,PHE,429,O,2,6.666444451851606e-05
THR,443,N,ASP,441,O,2,6.666444451851606e-05
GLN,445,N,PRO,454,N,2,6.666444451851606e-05
GLN,445,NE2,SER,179,OG,2,6.666444451851606e-05
GLN,445,NE2,THR,455,N,2,6.666444451851606e-05
CYS,447,N,GLU,446,OE1,2,6.666444451851606e-05
GLN,457,NE2,ASP,138,OD1,2,6.666444451851606e-05
ARG,459,NE,SER,433,O,2,6.666444451851606e-05
ARG,463,NE,TYR,297,OH,2,6.666444451851606e-05
ARG,1,NH1,ARG,1,O,1,3.333222225925803e-05
ARG,1,NH1,TYR,352,OH,1,3.333222225925803e-05
ARG,1,NH2,ARG,7,NH2,1,3.333222225925803e-05
LEU,2,N,ARG,1,NH2,1,3.333222225925803e-05
ARG,7,N,GLN,17,OE1,1,3.333222225925803e-05
LEU,9,N,GLY,13,N,1,3.333222225925803e-05
LEU,11,N,LEU,9,O,1,3.333222225925803e-05
LEU,15,N,GLN,17,OE1,1,3.333222225925803e-05
GLN,17,NE2,GLY,13,O,1,3.333222225925803e-05
ASP,19,N,GLN,17,O,1,3.333222225925803e-05
ASP,19,N,GLY,22,O,1,3.333222225925803e-05
ARG,20,NE,LEU,16,O,1,3.333222225925803e-05
ARG,20,NH2,ASP,19,O,1,3.333222225925803e-05
ARG,21,NH1,ARG,20,O,1,3.333222225925803e-05
ARG,21,NH2,LYS,25,O,1,3.333222225925803e-05
ARG,21,NH2,GLN,445,O,1,3.333222225925803e-05
LYS,25,N,ARG,21,O,1,3.333222225925803e-05
LYS,25,NZ,ARG,21,NH2,1,3.333222225925803e-05
SER,26,OG,GLN,17,O,1,3.333222225925803e-05
SER,26,OG,LEU,23,N,1,3.333222225925803e-05
SER,26,OG,SER,26,O,1,3.333222225925803e-05
ARG,29,NE,LEU,28,O,1,3.333222225925803e-05
ARG,29,NH1,GLN,17,OE1,1,3.333222225925803e-05
ARG,29,NH2,GLN,17,OE1,1,3.333222225925803e-05
ARG,31,NE,CYS,51,O,1,3.333222225925803e-05
ARG,31,NE,THR,366,OG1,1,3.333222225925803e-05
ARG,31,NH2,THR,366,OG1,1,3.333222225925803e-05
LYS,33,NZ,ARG,29,NH2,1,3.333222225925803e-05
ASP,36,N,ASP,36,OD2,1,3.333222225925803e-05
VAL,37,N,GLY,35,O,1,3.333222225925803e-05
VAL,37,N,ARG,350,NH2,1,3.333222225925803e-05
THR,39,OG1,PRO,3,N,1,3.333222225925803e-05
HIE,41,NE2,PRO,10,O,1,3.333222225925803e-05
HIE,41,NE2,PRO,44,O,1,3.333222225925803e-05
GLY,43,N,ARG,45,O,1,3.333222225925803e-05
ARG,45,NH2,LEU,191,O,1,3.333222225925803e-05
ARG,57,NH1,ARG,57,O,1,3.333222225925803e-05
ARG,57,NH2,GLU,54,O,1,3.333222225925803e-05
GLU,58,N,ILE,56,O,1,3.333222225925803e-05
VAL,61,N,ILE,56,O,1,3.333222225925803e-05
VAL,61,N,ALA,59,O,1,3.333222225925803e-05
ASP,62,N,LEU,60,O,1,3.333222225925803e-05
LYS,63,N,VAL,61,O,1,3.333222225925803e-05
LYS,63,N,ASP,62,OD2,1,3.333222225925803e-05
ALA,66,N,ALA,64,O,1,3.333222225925803e-05
SER,68,OG,PHE,67,O,1,3.333222225925803e-05
SER,68,OG,ASN,89,ND2,1,3.333222225925803e-05
GLY,69,N,SER,68,OG,1,3.333222225925803e-05
GLY,69,N,ARG,406,NH2,1,3.333222225925803e-05
ARG,70,NH2,HID,341,ND1,1,3.333222225925803e-05
LYS,72,NZ,ARG,45,NE,1,3.333222225925803e-05
ARG,81,NH1,TYR,198,OH,1,3.333222225925803e-05
TYR,83,OH,ARG,81,NH1,1,3.333222225925803e-05
TYR,83,OH,ARG,81,NH2,1,3.333222225925803e-05
TYR,83,OH,ARG,92,NH2,1,3.333222225925803e-05
TYR,83,OH,GLU,254,OE1,1,3.333222225925803e-05
ILE,86,N,SER,266,OG,1,3.333222225925803e-05
PHE,87,N,VAL,85,O,1,3.333222225925803e-05
ASN,89,ND2,GLY,69,N,1,3.333222225925803e-05
GLY,90,N,SER,68,O,1,3.333222225925803e-05
ASN,91,ND2,HIE,252,ND1,1,3.333222225925803e-05
ASN,91,ND2,SER,253,OG,1,3.333222225925803e-05
ARG,92,NE,ASN,259,ND2,1,3.333222225925803e-05
ARG,92,NH2,ASN,89,O,1,3.333222225925803e-05
ARG,92,NH2,ASN,259,ND2,1,3.333222225925803e-05
LYS,94,NZ,GLU,65,OE1,1,3.333222225925803e-05
LYS,94,NZ,ASN,91,ND2,1,3.333222225925803e-05
LEU,96,N,ASN,91,O,1,3.333222225925803e-05
ARG,97,NH1,CM1,408,O,1,3.333222225925803e-05
ARG,105,NH2,VAL,101,O,1,3.333222225925803e-05
PHE,107,N,ASP,106,OD1,1,3.333222225925803e-05
GLY,108,N,ASP,106,OD2,1,3.333222225925803e-05
LYS,111,NZ,ASP,235,N,1,3.333222225925803e-05
ARG,112,NE,ARG,117,N,1,3.333222225925803e-05
ARG,117,NH2,VAL,114,N,1,3.333222225925803e-05
GLN,123,NE2,CYS,124,N,1,3.333222225925803e-05
ARG,130,NH1,GLN,123,NE2,1,3.333222225925803e-05
SER,132,OG,SER,132,O,1,3.333222225925803e-05
LYS,133,NZ,SER,132,O,1,3.333222225925803e-05
ALA,135,N,LYS,131,O,1,3.333222225925803e-05
LEU,136,N,ARG,459,NH1,1,3.333222225925803e-05
LEU,142,N,ASP,138,O,1,3.333222225925803e-05
GLN,144,NE2,ASN,172,N,1,3.333222225925803e-05
GLN,144,NE2,ASN,172,ND2,1,3.333222225925803e-05
GLN,144,NE2,ARG,280,NH2,1,3.333222225925803e-05
SER,145,OG,TYR,162,O,1,3.333222225925803e-05
PHE,156,N,ILE,151,O,1,3.333222225925803e-05
TYR,162,N,HIE,161,NE2,1,3.333222225925803e-05
GLN,163,NE2,GLN,165,NE2,1,3.333222225925803e-05
ASP,164,N,TYR,162,O,1,3.333222225925803e-05
GLN,165,N,ASP,164,OD1,1,3.333222225925803e-05
PHE,167,N,GLU,166,OE1,1,3.333222225925803e-05
LYS,169,NZ,GLN,165,NE2,1,3.333222225925803e-05
LYS,169,NZ,GLU,166,O,1,3.333222225925803e-05
SER,179,OG,GLN,176,OE1,1,3.333222225925803e-05
GLN,187,NE2,ILE,181,O,1,3.333222225925803e-05
GLN,187,NE2,SER,183,N,1,3.333222225925803e-05
SER,193,OG,ARG,45,NH2,1,3.333222225925803e-05
SER,193,OG,LEU,191,O,1,3.333222225925803e-05
SER,193,OG,LYS,197,O,1,3.333222225925803e-05
LEU,196,N,GLY,194,N,1,3.333222225925803e-05
LYS,197,NZ,LYS,197,O,1,3.333222225925803e-05
TYR,198,OH,PHE,195,O,1,3.333222225925803e-05
TYR,198,OH,ARG,204,NH1,1,3.333222225925803e-05
GLY,201,N,HIE,203,NE2,1,3.333222225925803e-05
GLY,201,N,GLN,205,OE1,1,3.333222225925803e-05
HIE,203,NE2,ALA,74,O,1,3.333222225925803e-05
HIE,203,NE2,ARG,204,NH1,1,3.333222225925803e-05
ARG,204,N,ALA,202,O,1,3.333222225925803e-05
ARG,204,NE,LEU,196,O,1,3.333222225925803e-05
ARG,204,NE,HIE,203,NE2,1,3.333222225925803e-05
ARG,204,NH1,LEU,196,O,1,3.333222225925803e-05
ARG,204,NH2,PRO,78,O,1,3.333222225925803e-05
GLN,205,N,HIE,203,O,1,3.333222225925803e-05
GLN,205,NE2,VAL,206,N,1,3.333222225925803e-05
TYR,207,OH,GLN,211,OE1,1,3.333222225925803e-05
LYS,208,NZ,TYR,198,OH,1,3.333222225925803e-05
LYS,208,NZ,ASN,209,ND2,1,3.333222225925803e-05
LYS,208,NZ,GLN,211,NE2,1,3.333222225925803e-05
ALA,215,N,ILE,213,N,1,3.333222225925803e-05
HIP,224,N,GLU,222,O,1,3.333222225925803e-05
HIP,224,ND1,LYS,223,O,1,3.333222225925803e-05
ARG,225,NH1,HIE,257,ND1,1,3.333222225925803e-05
THR,227,N,GLU,226,OE2,1,3.333222225925803e-05
LEU,228,N,ASP,229,OD1,1,3.333222225925803e-05
ALA,232,N,MET,109,O,1,3.333222225925803e-05
LYS,234,NZ,PHE,156,O,1,3.333222225925803e-05
LYS,234,NZ,PRO,233,O,1,3.333222225925803e-05
TYR,240,OH,ASN,259,OD1,1,3.333222225925803e-05
HID,243,ND1,GLU,247,O,1,3.333222225925803e-05
GLU,245,N,HID,243,O,1,3.333222225925803e-05
LYS,246,NZ,LEU,228,O,1,3.333222225925803e-05
LYS,246,NZ,LEU,241,O,1,3.333222225925803e-05
LYS,246,NZ,SER,249,OG,1,3.333222225925803e-05
LYS,246,NZ,ASN,250,OD1,1,3.333222225925803e-05
GLU,247,N,GLU,245,N,1,3.333222225925803e-05
LYS,248,NZ,GLU,247,OE1,1,3.333222225925803e-05
SER,249,N,ASN,250,OD1,1,3.333222225925803e-05
ASN,250,N,HIE,257,ND1,1,3.333222225925803e-05
ALA,251,N,GLU,247,O,1,3.333222225925803e-05
HIE,252,N,LYS,248,O,1,3.333222225925803e-05
HIE,252,NE2,ASN,91,ND2,1,3.333222225925803e-05
SER,253,OG,LYS,248,O,1,3.333222225925803e-05
SER,253,OG,HIE,252,NE2,1,3.333222225925803e-05
SER,253,OG,SER,253,O,1,3.333222225925803e-05
SER,253,OG,GLU,254,OE2,1,3.333222225925803e-05
GLU,254,N,GLU,247,OE1,1,3.333222225925803e-05
SER,256,OG,TYR,240,OH,1,3.333222225925803e-05
SER,256,OG,ASN,250,ND2,1,3.333222225925803e-05
HIE,257,N,ALA,251,O,1,3.333222225925803e-05
HIE,257,N,SER,256,OG,1,3.333222225925803e-05
HIE,257,NE2,ASN,214,OD1,1,3.333222225925803e-05
HIE,257,NE2,GLY,218,O,1,3.333222225925803e-05
GLN,258,NE2,ARG,81,NE,1,3.333222225925803e-05
GLN,258,NE2,ARG,92,NH2,1,3.333222225925803e-05
GLN,258,NE2,ASN,250,ND2,1,3.333222225925803e-05
GLN,258,NE2,HIE,252,ND1,1,3.333222225925803e-05
GLN,258,NE2,SER,253,O,1,3.333222225925803e-05
ASN,259,ND2,HIE,252,O,1,3.333222225925803e-05
LEU,260,N,GLN,258,O,1,3.333222225925803e-05
ASN,263,N,TYR,83,O,1,3.333222225925803e-05
THR,264,N,ASN,261,O,1,3.333222225925803e-05
SER,266,OG,TYR,83,O,1,3.333222225925803e-05
THR,272,OG1,THR,147,O,1,3.333222225925803e-05
THR,274,N,GLY,271,O,1,3.333222225925803e-05
THR,275,OG1,THR,274,OG1,1,3.333222225925803e-05
THR,277,N,THR,274,O,1,3.333222225925803e-05
TYR,281,N,THR,278,O,1,3.333222225925803e-05
TYR,281,OH,SER,332,O,1,3.333222225925803e-05
PHE,283,N,ARG,280,O,1,3.333222225925803e-05
HIE,291,NE2,ARG,295,NH1,1,3.333222225925803e-05
ARG,295,NH1,GLN,302,NE2,1,3.333222225925803e-05
ARG,298,NE,GLN,302,NE2,1,3.333222225925803e-05
ARG,298,NH1,GLN,302,NE2,1,3.333222225925803e-05
ARG,298,NH2,ARG,295,N,1,3.333222225925803e-05
GLN,302,NE2,GLU,299,O,1,3.333222225925803e-05
HIE,307,NE2,ILE,304,O,1,3.333222225925803e-05
GLU,311,N,ARG,308,NH1,1,3.333222225925803e-05
LEU,312,N,GLN,119,OE1,1,3.333222225925803e-05
ASP,314,N,GLU,311,OE2,1,3.333222225925803e-05
ARG,315,NH2,LEU,312,O,1,3.333222225925803e-05
ARG,315,NH2,GLU,322,OE1,1,3.333222225925803e-05
TYR,326,OH,ARG,415,NH2,1,3.333222225925803e-05
GLN,329,NE2,SER,332,OG,1,3.333222225925803e-05
PHE,331,N,ILE,328,O,1,3.333222225925803e-05
SER,332,OG,THR,278,OG1,1,3.333222225925803e-05
ILE,342,N,ARG,70,N,1,3.333222225925803e-05
GLN,345,N,VAL,343,O,1,3.333222225925803e-05
GLN,345,NE2,HIE,346,NE2,1,3.333222225925803e-05
SER,348,N,THR,347,OG1,1,3.333222225925803e-05
SER,348,OG,THR,347,O,1,3.333222225925803e-05
PHE,349,N,TYR,352,N,1,3.333222225925803e-05
THR,358,OG1,PRO,46,O,1,3.333222225925803e-05
ASN,363,ND2,PHE,27,O,1,3.333222225925803e-05
ASN,363,ND2,THR,366,OG1,1,3.333222225925803e-05
SER,365,OG,HID,369,NE2,1,3.333222225925803e-05
THR,366,N,ASN,363,ND2,1,3.333222225925803e-05
THR,366,OG1,CYS,51,O,1,3.333222225925803e-05
THR,366,OG1,ASN,363,ND2,1,3.333222225925803e-05
HID,369,ND1,LEU,368,O,1,3.333222225925803e-05
ASP,370,N,THR,366,O,1,3.333222225925803e-05
HIP,384,N,ASN,381,OD1,1,3.333222225925803e-05
LYS,393,N,LEU,386,N,1,3.333222225925803e-05
LYS,393,N,ALA,391,O,1,3.333222225925803e-05
LYS,394,N,PHE,385,O,1,3.333222225925803e-05
ALA,397,N,THR,395,O,1,3.333222225925803e-05
GLY,404,N,SER,402,OG,1,3.333222225925803e-05
ARG,406,N,SER,68,OG,1,3.333222225925803e-05
ARG,406,N,GLY,404,O,1,3.333222225925803e-05
ARG,406,NE,HM1,464,O1A,1,3.333222225925803e-05
ARG,406,NH2,GLU,65,OE1,1,3.333222225925803e-05
ILE,407,N,LEU,403,O,1,3.333222225925803e-05
GLY,412,N,GLY,410,O,1,3.333222225925803e-05
ALA,414,N,LEU,409,O,1,3.333222225925803e-05
ARG,415,NE,ARG,315,NH2,1,3.333222225925803e-05
ARG,415,NH1,ARG,315,NH1,1,3.333222225925803e-05
ARG,415,NH2,ARG,315,NH2,1,3.333222225925803e-05
ALA,416,N,ALA,414,O,1,3.333222225925803e-05
THR,424,N,PHE,421,O,1,3.333222225925803e-05
THR,424,OG1,ALA,122,O,1,3.333222225925803e-05
GLN,427,NE2,HIE,307,N,1,3.333222225925803e-05
GLN,427,NE2,HIE,307,O,1,3.333222225925803e-05
GLN,427,NE2,GLN,427,O,1,3.333222225925803e-05
ASN,428,ND2,GLN,427,NE2,1,3.333222225925803e-05
ASN,428,ND2,GLN,427,O,1,3.333222225925803e-05
SER,430,N,PRO,462,O,1,3.333222225925803e-05
SER,430,OG,ARG,463,OXT,1,3.333222225925803e-05
MET,431,N,PHE,429,O,1,3.333222225925803e-05
ALA,432,N,SER,430,O,1,3.333222225925803e-05
ALA,436,N,PRO,434,O,1,3.333222225925803e-05
GLU,438,N,ALA,436,O,1,3.333222225925803e-05
ASP,439,N,GLU,438,OE1,1,3.333222225925803e-05
THR,443,OG1,THR,443,O,1,3.333222225925803e-05
VAL,449,N,GLY,186,O,1,3.333222225925803e-05
VAL,449,N,GLN,187,NE2,1,3.333222225925803e-05
LYS,451,NZ,LEU,334,O,1,3.333222225925803e-05
ILE,452,N,GLY,450,O,1,3.333222225925803e-05
GLN,457,N,GLN,457,NE2,1,3.333222225925803e-05
GLN,457,NE2,MET,137,N,1,3.333222225925803e-05
GLN,457,NE2,SER,433,OG,1,3.333222225925803e-05
ARG,459,NE,LEU,136,N,1,3.333222225925803e-05
ARG,459,NH1,SER,132,O,1,3.333222225925803e-05
LEU,461,N,ARG,459,O,1,3.333222225925803e-05
ARG,463,NE,PHE,429,N,1,3.333222225925803e-05
ARG,463,NH2,ALA,293,O,1,3.333222225925803e-05
