donor_resname,donor_resid,donor_atom,acceptor_resname,acceptor_resid,acceptor_atom,count,frequency
THR,321,OG1,GLU,299,OE1,29317,0.9772007599746675
ARG,330,NH2,GLU,327,OE1,28974,0.965767807739742
ASN,381,N,GLU,327,OE1,28610,0.9536348788373721
THR,424,OG1,LEU,420,O,28423,0.9474017532748908
ILE,146,N,LEU,142,O,28036,0.934502183260558
VAL,40,N,VAL,47,O,27977,0.9325355821472617
GLU,301,N,TYR,297,O,27965,0.9321355954801507
VAL,343,N,THR,358,O,27951,0.9316689443685211
ARG,330,NE,GLU,327,OE2,27879,0.9292690243658545
GLN,427,NE2,ARG,308,O,27555,0.9184693843538548
THR,423,OG1,PHE,419,O,27506,0.9168361054631512
THR,239,OG1,ASP,235,O,27436,0.9145028499050032
THR,177,OG1,LEU,173,O,27361,0.9120029332355588
GLN,176,N,ASN,172,O,27238,0.9079030698976701
PHE,178,N,PHE,174,O,27212,0.9070364321189294
ARG,70,NH1,ILE,86,O,27196,0.9065031165627813
PHE,283,N,LEU,279,O,27107,0.9035365487817073
PHE,385,N,PRO,382,O,26993,0.8997366754441518
THR,147,OG1,PHE,143,O,26938,0.8979034032198927
LEU,210,N,VAL,206,O,26801,0.8933368887703743
ASN,428,ND2,THR,424,O,26797,0.8932035598813373
MET,49,N,PHE,38,O,26695,0.8898036732108929
PHE,421,N,GLU,417,O,26656,0.8885037165427819
ILE,458,N,MET,137,O,26638,0.8879037365421153
TYR,281,N,THR,277,O,26613,0.8870704309856338
PHE,349,N,TYR,352,O,26604,0.8867704409853004
LEU,168,N,ASP,164,O,26461,0.8820039332022266
THR,423,N,PHE,419,O,26450,0.8816372787573747
PHE,361,N,VAL,48,O,26446,0.8815039498683377
TYR,456,OH,ARG,280,O,26319,0.8772707576414119
LEU,171,N,PHE,167,O,26312,0.8770374320855971
ASP,387,N,ALA,391,O,26215,0.8738042065264491
HIP,384,N,ASN,381,O,26168,0.872237592080264
PHE,156,N,CYS,152,O,26166,0.8721709276357454
ARG,330,NH1,LEU,368,O,26163,0.8720709309689677
VAL,48,N,GLU,359,O,26120,0.8706376454118196
LEU,241,N,ILE,237,O,26115,0.8704709843005233
LEU,418,N,ALA,414,O,26100,0.8699710009666345
LEU,196,N,PHE,192,O,26019,0.8672710909636345
THR,358,OG1,PRO,355,O,25924,0.864104529849005
THR,103,OG1,PHE,99,O,25910,0.8636378787373754
ASN,14,N,HIE,41,O,25895,0.8631378954034865
SER,365,N,PRO,336,O,25848,0.8615712809573014
THR,277,OG1,GLU,273,O,25792,0.859704676510783
THR,366,OG1,ILE,363,O,25776,0.8591713609546349
VAL,101,N,ARG,97,O,25598,0.853238225392487
THR,347,N,ILE,354,O,25574,0.8524382520582647
SER,276,N,THR,272,O,25495,0.8498050064997833
ILE,217,N,ILE,213,O,25487,0.8495383487217093
ILE,452,N,GLU,446,O,25469,0.8489383687210427
ARG,406,NH2,ALA,88,O,25291,0.8430052331588948
THR,264,OG1,LEU,260,O,25209,0.8402719909336356
LEU,426,N,PHE,422,O,25198,0.8399053364887837
SER,430,N,LEU,461,O,25114,0.837105429819006
ILE,354,N,THR,347,O,25087,0.8362054598180061
THR,424,N,LEU,420,O,25040,0.834638845371821
SER,26,OG,GLY,22,O,25029,0.8342721909269691
HIE,41,N,ASN,14,OD1,24865,0.8288057064764508
MET,137,N,ILE,458,O,24851,0.8283390553648212
ASP,106,N,VAL,101,O,24801,0.8266724442518583
THR,39,N,PRO,4,O,24771,0.8256724775840806
LEU,9,N,GLY,13,O,24751,0.8250058331388954
ILE,300,N,VAL,296,O,24582,0.8193726875770808
ARG,280,N,SER,276,O,24517,0.817206093130229
ILE,363,N,LEU,50,O,24478,0.815906136462118
LEU,285,N,TYR,281,O,24428,0.814239525349155
GLN,144,N,THR,140,O,24401,0.813339555348155
LYS,393,N,PHE,385,O,24360,0.8119729342355255
ARG,57,N,VAL,53,O,24348,0.8115729475684144
PHE,38,N,MET,49,O,24223,0.8074064197860071
VAL,360,N,HID,341,O,24223,0.8074064197860071
GLY,305,N,ILE,300,O,24116,0.8038398720042665
ARG,97,N,TRP,93,O,24018,0.8005733142228593
PHE,160,N,ASN,149,OD1,23990,0.7996400119996
ASN,263,N,ASN,259,O,23944,0.7981067297756741
HID,341,N,VAL,360,O,23893,0.7964067864404519
LYS,356,N,HIE,346,ND1,23826,0.7941735275490817
VAL,221,N,ILE,217,O,23638,0.7879070697643412
THR,102,N,ARG,98,O,23606,0.7868404386520449
LYS,208,N,ARG,204,O,23409,0.7802739908669711
LEU,28,N,LEU,24,O,23363,0.7787407086430452
MET,286,N,GLY,282,O,23328,0.7775740808639712
GLY,71,N,PRO,340,O,23244,0.7747741741941935
LEU,173,N,LYS,169,O,23203,0.773407553081564
THR,264,N,LEU,260,O,23074,0.7691076964101197
THR,272,OG1,THR,147,OG1,23055,0.7684743841871937
GLU,222,N,GLY,218,O,22987,0.7662077930735642
GLU,327,N,ALA,323,O,22983,0.7660744641845272
ASP,164,N,HIE,161,O,22967,0.7655411486283791
LYS,94,N,GLY,90,O,22890,0.7629745675144162
ALA,323,N,PRO,319,O,22885,0.7628079064031199
LYS,63,N,GLU,58,O,22789,0.7596080130662312
GLN,427,NE2,GLY,305,O,22786,0.7595080163994533
VAL,206,N,ALA,202,O,22777,0.75920802639912
ARG,97,NH1,HM1,464,O1D,22707,0.756874770840972
MET,244,N,TYR,240,O,22695,0.7564747841738608
GLY,22,N,ASP,19,O,22659,0.7552748241725276
GLY,338,N,LEU,335,O,22593,0.7530748975034166
LEU,129,N,LEU,125,O,22590,0.7529749008366388
TYR,34,N,PHE,30,O,22560,0.7519749341688611
ALA,148,N,GLN,144,O,22468,0.7489083697210093
THR,321,N,GLU,299,OE1,22440,0.7479750674977501
ILE,328,N,VAL,324,O,22420,0.747308423052565
LEU,50,N,PHE,361,O,22407,0.7468751041631946
VAL,303,N,GLU,299,O,22341,0.7446751774940835
TYR,326,N,GLU,322,O,22295,0.7431418952701576
TYR,83,N,PHE,80,O,22239,0.7412752908236392
ALA,122,N,ILE,118,O,22184,0.73944201859938
ILE,126,N,ALA,122,O,22161,0.7386753774874171
ARG,308,NH1,ASP,314,OD2,22099,0.7366087797073431
PHE,422,N,LEU,418,O,22070,0.7356421452618246
LYS,223,N,HIE,219,O,21960,0.7319756008133063
LEU,265,N,ASN,261,O,21933,0.7310756308123063
ASN,259,ND2,GLU,254,O,21912,0.7303756541448618
VAL,95,N,ASN,91,O,21897,0.7298756708109729
GLY,52,N,THR,366,OG1,21875,0.7291423619212692
TYR,175,N,LEU,171,O,21850,0.7283090563647878
ASN,209,N,GLN,205,O,21826,0.7275090830305656
TYR,297,N,ALA,293,O,21748,0.7249091696943435
THR,344,N,ALA,66,O,21561,0.7186760441318623
LEU,461,N,SER,430,O,21548,0.7182427252424919
VAL,76,N,ILE,73,O,21532,0.7177094096863438
GLU,322,N,MET,318,O,21401,0.713342888570381
CYS,51,N,ASP,36,O,21210,0.7069764341188627
THR,39,OG1,PRO,3,O,21124,0.7041098630045665
GLN,211,N,TYR,207,O,21060,0.701976600779974
ASN,214,N,LEU,210,O,21039,0.7012766241125296
LEU,260,N,SER,256,O,21039,0.7012766241125296
ASP,383,N,ASN,381,OD1,21029,0.700943301889937
ILE,56,N,GLY,52,O,20880,0.6959768007733076
ARG,31,N,PHE,27,O,20794,0.6931102296590114
ALA,414,N,GLY,410,O,20678,0.6892436918769375
THR,366,N,ILE,363,O,20556,0.685177160761308
VAL,324,N,TYR,320,O,20517,0.6838772040931969
PHE,99,N,VAL,95,O,20437,0.6812106263124562
ARG,298,N,GLU,294,O,20432,0.68104396520116
GLN,329,N,ILE,325,O,20370,0.6789773674210859
SER,100,N,LEU,96,O,20267,0.6755441485283824
ASN,14,ND2,GLN,17,OE1,20259,0.6752774907503083
ASP,19,N,SER,26,OG,20108,0.6702443251891603
SER,182,OG,PHE,178,O,20032,0.6677110762974567
PHE,27,N,LEU,23,O,19957,0.6652111596280124
ARG,459,N,ALA,432,O,19907,0.6635445485150495
GLN,17,NE2,ARG,7,O,19811,0.6603446551781608
SER,179,N,TYR,175,O,19806,0.6601779940668644
PHE,174,N,MET,170,O,19571,0.6523449218359388
GLU,58,N,GLU,54,O,19507,0.6502116596113463
ILE,181,N,THR,177,O,19484,0.6494450184993834
THR,102,OG1,ARG,98,O,19336,0.6445118496050132
ARG,98,N,LYS,94,O,19275,0.6424785840471984
THR,277,N,GLU,273,O,19200,0.6399786673777541
MET,318,N,ARG,315,O,19171,0.6390120329322356
PHE,398,N,THR,395,O,19152,0.6383787207093097
TYR,207,N,HIE,203,O,19126,0.6375120829305689
SER,182,N,PHE,178,O,19115,0.6371454284857171
ALA,59,N,ALA,55,O,19114,0.6371120962634579
VAL,296,N,VAL,292,O,18978,0.6325789140361988
THR,347,OG1,GLN,345,O,18890,0.6296456784773841
PHE,374,N,ASP,370,O,18799,0.6266124462517916
LEU,96,N,ARG,92,O,18779,0.6259458018066064
GLN,119,N,GLU,115,O,18744,0.6247791740275325
PHE,30,N,SER,26,O,18737,0.6245458484717176
ASN,250,N,GLU,247,O,18595,0.6198126729109029
LYS,288,NZ,ILE,440,O,18576,0.6191793606879771
ASP,77,N,ILE,73,O,18366,0.6121795940135328
SER,179,OG,TYR,175,O,18235,0.60781307289757
LYS,288,N,LEU,284,O,18064,0.602113262891237
ARG,308,NH2,ASP,314,OD1,18063,0.6020799306689777
PHE,80,N,VAL,76,O,18033,0.6010799640012
GLU,294,N,PRO,290,O,18031,0.6010132995566815
PHE,67,N,LYS,63,O,18002,0.600046665111163
ILE,325,N,THR,321,O,17960,0.5986467117762742
PHE,255,N,SER,253,OG,17818,0.5939135362154595
ARG,225,N,VAL,221,O,17739,0.5912802906569781
GLY,218,N,ASN,214,O,17721,0.5906803106563114
SER,145,N,PHE,141,O,17694,0.5897803406553115
ASN,14,ND2,PRO,6,O,17676,0.5891803606546449
GLU,121,N,ARG,117,O,17674,0.5891136962101263
ALA,432,N,ARG,459,O,17626,0.5875137495416819
TYR,373,N,ASP,370,O,17552,0.5850471650944968
ILE,213,N,ASN,209,O,17526,0.5841805273157561
ARG,70,NH1,HM1,464,O1A,17456,0.5818472717576081
GLN,163,N,HIE,161,ND1,17418,0.5805806473117563
GLU,311,N,ASP,314,OD2,17402,0.5800473317556082
TRP,93,NE1,HM1,464,O2D,17287,0.5762141261957935
LYS,317,N,ASP,314,O,17172,0.5723809206359788
HIP,384,ND1,GLU,327,OE2,17172,0.5723809206359788
LEU,236,N,ILE,154,O,17131,0.5710142995233493
GLU,226,N,GLU,222,O,17093,0.5697476750774975
PHE,199,N,LEU,196,O,17042,0.5680477317422753
LEU,420,N,ALA,416,O,17003,0.5667477750741642
PHE,419,N,ARG,415,O,16990,0.5663144561847938
LEU,60,N,ILE,56,O,16979,0.565947801739942
GLU,127,N,GLN,123,O,16903,0.5634145528482384
CYS,124,N,GLU,120,O,16845,0.5614812839572014
GLU,247,N,HID,243,O,16766,0.55884803839872
ASN,172,N,LEU,168,O,16752,0.5583813872870904
LEU,191,N,LEU,188,O,16701,0.5566814439518682
ASN,149,N,SER,145,O,16630,0.5543148561714609
GLY,390,N,ASP,387,O,16569,0.5522815906136462
LEU,188,N,VAL,184,O,16550,0.5516482783907203
ASP,370,N,ALA,367,O,16545,0.551481617279424
TYR,240,N,LEU,236,O,16455,0.5484817172760909
TYR,198,N,PHE,195,O,16271,0.5423485883803874
GLN,123,N,GLN,119,O,16247,0.5415486150461651
ILE,353,N,ARG,1,O,16221,0.5406819772674244
ARG,81,N,ASP,77,O,16183,0.5394153528215726
SER,256,N,TYR,240,OH,16132,0.5377154094863504
SER,183,OG,LEU,180,O,16077,0.5358821372620912
HIP,224,N,SER,220,O,16004,0.5334488850371655
MET,170,N,GLU,166,O,15984,0.5327822405919803
THR,239,N,ASP,235,O,15981,0.5326822439252025
THR,227,OG1,LYS,223,O,15925,0.530815639478684
HIP,384,NE2,GLU,375,O,15882,0.529382353921536
GLN,205,N,GLY,201,O,15727,0.524215859471351
TRP,93,N,ASN,89,O,15658,0.5219159361354622
LYS,131,N,GLU,127,O,15581,0.5193493550214993
TYR,352,N,PHE,349,O,15550,0.5183160561314623
ILE,151,N,THR,147,O,15510,0.5169827672410919
ARG,70,NH2,HM1,464,O2A,15447,0.5148828372387587
PHE,143,N,PRO,139,O,15382,0.512716242791907
HID,243,ND1,THR,239,O,15222,0.5073830872304257
LEU,386,N,ASP,383,O,15210,0.5069831005633145
ASN,149,ND2,PHE,160,O,15176,0.5058498050064998
SER,100,OG,LEU,96,O,15139,0.5046165127829072
PHE,195,N,PHE,192,O,15034,0.5011166294456851
ARG,130,N,ILE,126,O,14984,0.49945001833272223
ARG,97,NH2,ILE,407,O,14864,0.49545015166161127
LYS,169,N,GLN,165,O,14717,0.49055031498950036
LEU,125,N,GLU,121,O,14572,0.4857171427619079
THR,443,OG1,ASP,441,OD2,14439,0.48128395720142664
GLY,282,N,THR,278,O,14388,0.4795840138662045
THR,140,OG1,ASP,138,OD1,14326,0.47751741608613046
ARG,295,N,HIE,291,O,14317,0.47721742608579715
THR,274,N,PHE,269,O,14315,0.4771507616412786
ILE,118,N,VAL,114,O,14259,0.4752841571947602
MET,104,N,SER,100,O,14245,0.47481750608313056
ARG,45,NH2,GLU,190,OE1,14175,0.4724842505249825
GLY,448,N,GLY,450,O,14175,0.4724842505249825
LEU,242,N,ASP,238,O,14112,0.4703843205226492
ALA,397,N,THR,395,OG1,13992,0.46638445385153826
GLU,417,N,ILE,413,O,13987,0.466217792740242
VAL,435,N,SER,433,OG,13849,0.4616179460684644
THR,140,OG1,ASP,138,OD2,13786,0.45951801606613113
ARG,21,N,ASP,19,OD2,13755,0.4584847171760941
THR,147,N,PHE,143,O,13739,0.457951401619946
HID,243,N,THR,239,O,13727,0.4575514149528349
THR,177,N,LEU,173,O,13720,0.4573180893970201
ASN,261,ND2,ASN,214,O,13715,0.4571514282857238
THR,443,OG1,ASP,441,OD1,13652,0.45505149828339053
LYS,288,NZ,PRO,437,O,13592,0.45305156494783505
TYR,289,N,LEU,285,O,13555,0.4518182727242425
LEU,279,N,THR,275,O,13549,0.451618279390687
THR,140,N,ASP,138,OD1,13448,0.44825172494250193
HID,341,ND1,PHE,67,O,13442,0.44805173160894635
LEU,262,N,GLN,258,O,13391,0.4463517882737242
GLN,427,N,THR,423,O,13284,0.4427852404919836
SER,231,OG,ASP,229,OD2,13182,0.43938535382153926
PHE,79,N,VAL,76,O,13152,0.4383853871537615
THR,278,OG1,THR,274,O,13104,0.43678544048531714
THR,140,N,ASP,138,OD2,13100,0.43665211159628015
ARG,97,NH1,ILE,407,O,13030,0.4343188560381321
ARG,29,N,LYS,25,O,13017,0.4338855371487617
VAL,155,N,ILE,151,O,13005,0.4334855504816506
ILE,342,N,GLY,69,O,12960,0.431985600479984
ARG,21,N,ASP,19,OD1,12956,0.43185227159094697
ARG,57,NH2,GLU,54,OE1,12894,0.42978567381087296
SER,145,OG,PHE,141,O,12644,0.42145261824605845
ARG,308,NH1,PRO,309,O,12473,0.4157528082397253
SER,68,OG,GLU,65,O,12438,0.4145861804606513
SER,231,OG,ASP,229,OD1,12429,0.414286190460318
ALA,379,N,LYS,376,O,12376,0.4125195826805773
ASP,314,N,GLU,311,O,12362,0.4120529315689477
SER,266,N,LEU,262,O,12201,0.4066864437852072
GLN,187,N,SER,183,O,12166,0.4055198160061331
THR,443,N,ASP,441,OD2,12124,0.4041198626712443
PHE,429,N,ILE,425,O,12036,0.4011866271124296
ARG,105,NE,ASP,106,OD1,12028,0.40091996933435553
GLY,404,N,SER,402,OG,11998,0.3999200026665778
GLU,120,N,GLU,116,O,11764,0.3921202626579114
ARG,21,NE,ASP,19,OD2,11710,0.3903203226559115
ALA,293,N,TYR,289,O,11670,0.38898703376554117
GLU,128,N,CYS,124,O,11667,0.3888870370987634
SER,153,OG,LYS,158,O,11618,0.38725375820805974
PHE,192,N,PHE,189,O,11557,0.385220492650245
ARG,406,NH1,HM1,464,O2D,11551,0.38502049931668947
ARG,92,NE,GLU,254,OE1,11518,0.38392053598213394
HIP,224,ND1,SER,220,O,11506,0.38352054931502283
GLN,329,NE2,THR,278,OG1,11475,0.3824872504249858
ASP,357,N,VAL,343,O,11452,0.3817206093130229
PHE,268,N,LEU,265,O,11429,0.38095396820106
ASP,238,N,ASP,235,OD1,11362,0.37872070930968965
LEU,368,N,LEU,364,O,11335,0.3778207393086897
PHE,87,N,GLY,84,O,11333,0.3777540748641712
SER,132,OG,GLU,128,O,11324,0.37745408486383786
GLU,245,N,LEU,241,O,11306,0.3768541048631712
SER,231,N,ASP,229,OD2,11305,0.37682077264091196
ARG,105,NH2,ASP,106,OD1,11268,0.37558748041731943
ARG,21,NE,ASP,19,OD1,11231,0.3743541881937269
GLU,32,N,LEU,28,O,11144,0.3714542848571714
THR,443,N,ASP,441,OD1,11136,0.37118762707909736
LEU,180,N,GLN,176,O,11095,0.3698210059664678
ARG,105,NE,ASP,106,OD2,11092,0.36972100929969
SER,276,OG,THR,272,O,11025,0.3674877504083197
SER,266,OG,LEU,262,O,11004,0.3667877737408753
LYS,246,N,LEU,242,O,10960,0.36532115596146797
ALA,215,N,GLN,211,O,10793,0.35975467484417184
ARG,105,NH2,ASP,106,OD2,10789,0.35962134595513484
ARG,295,NH1,ARG,295,O,10786,0.35952134928835705
SER,433,OG,GLN,457,O,10731,0.3576880770640979
GLU,411,N,CM1,408,O,10728,0.3575880803973201
ARG,415,NE,GLN,329,OE1,10663,0.3554214859504683
ARG,463,N,ASN,428,O,10657,0.35522149261691277
ARG,45,NH1,GLU,359,OE2,10644,0.3547881737275424
LYS,451,NZ,PHE,331,O,10643,0.35475484150528314
SER,231,N,ASP,229,OD1,10616,0.3538548715042832
ARG,70,N,ASN,89,OD1,10598,0.35325489150361655
GLN,17,N,ASN,14,O,10518,0.3505883137228759
VAL,85,N,ASN,263,OD1,10410,0.34698843371887605
LYS,451,NZ,ASP,333,OD1,10381,0.3460217992733576
LEU,15,N,LEU,12,O,10377,0.3458884703843205
HID,369,ND1,SER,365,O,10300,0.34332188927035767
ARG,315,N,GLU,311,O,10273,0.34242191926935767
ASP,439,N,ALA,436,O,10251,0.34168861037965403
VAL,47,N,VAL,40,O,10118,0.3372554248191727
LEU,267,N,ASN,263,O,10110,0.33698876704109865
ILE,425,N,PHE,421,O,10083,0.33608879704009864
HIE,219,N,ALA,215,O,10071,0.3356888103729876
ARG,45,NH1,GLU,359,OE1,10058,0.3352554914836172
MET,18,N,ASN,14,O,9978,0.3325889137028766
ARG,21,NH2,ASP,19,OD2,9961,0.3320222659244692
LYS,451,NZ,ASP,333,OD2,9939,0.3312889570347655
ARG,57,NE,GLU,54,OE2,9814,0.32712242925235824
TRP,93,NE1,HM1,464,O1D,9790,0.3263224559181361
ASN,259,N,SER,256,OG,9763,0.3254224859171361
TYR,320,N,GLU,299,OE2,9744,0.3247891736942102
ARG,159,NH2,GLU,121,OE2,9739,0.3246225125829139
LYS,234,N,ASP,238,OD1,9708,0.3235892136928769
ARG,92,NH1,GLY,82,O,9692,0.3230558981367288
ILE,304,N,ILE,300,O,9685,0.32282257258091396
TYR,240,OH,ASN,263,OD1,9640,0.3213226225792474
ARG,92,NH2,GLU,254,OE2,9618,0.3205893136895437
SER,332,OG,ILE,328,O,9524,0.3174560847971734
ARG,21,NH2,ASP,19,OD1,9476,0.31585613812872904
LYS,451,N,LEU,334,O,9454,0.31512282923902535
TYR,216,N,GLU,212,O,9301,0.3100229992333589
VAL,61,N,ARG,57,O,9279,0.3092896903436552
LYS,197,N,SER,193,O,9173,0.30575647478417384
SER,153,OG,ASN,149,O,9121,0.30402319922669246
HIE,372,N,ASP,370,OD2,9102,0.30338988700376657
GLN,119,NE2,PRO,310,O,9081,0.30268991033632214
ARG,57,NH2,GLU,54,OE2,9066,0.30218992700243325
ARG,415,NH1,GLU,322,OE2,9028,0.30092330255658145
SER,220,OG,PHE,156,O,9027,0.3008899703343222
ARG,295,NH1,GLU,299,OE2,8987,0.29955668144395187
SER,253,OG,GLU,247,OE2,8955,0.2984900503316556
ARG,415,NH2,GLU,322,OE1,8918,0.29725675810806307
LYS,248,NZ,GLU,245,OE2,8914,0.297123429219026
LEU,335,N,ASP,333,O,8889,0.2962901236625446
ARG,463,NH2,GLU,294,OE2,8840,0.29465684477184095
VAL,292,N,TYR,289,O,8816,0.29385687143761874
ARG,463,NH2,GLU,294,OE1,8784,0.29279024032532247
SER,26,N,GLY,22,O,8780,0.29265691143628547
GLN,445,N,ILE,452,O,8770,0.2923235892136929
LYS,356,NZ,ASP,357,OD2,8762,0.29205693143561884
GLY,186,N,SER,183,OG,8670,0.2889903669877671
ARG,459,NE,GLY,134,O,8668,0.28892370254324856
GLY,271,N,LEU,267,O,8660,0.2886570447651745
THR,278,N,THR,274,O,8652,0.28839038698710046
ALA,135,N,SER,132,O,8623,0.2874237525415819
SER,132,OG,LEU,129,O,8612,0.28705709809673013
ILE,150,N,THR,147,O,8611,0.28702376587447087
SER,365,OG,PRO,336,O,8509,0.28362387920402654
ARG,57,NH1,ASP,62,OD2,8500,0.2833238892036932
ARG,45,NH2,GLU,190,OE2,8481,0.2826905769807673
GLN,302,N,ARG,298,O,8415,0.28049065031165626
ARG,57,NH1,ASP,62,OD1,8401,0.2800239992000267
ARG,463,NH1,GLU,294,OE1,8367,0.2788907036432119
LYS,248,NZ,GLU,245,OE1,8337,0.27789073697543415
ASN,214,ND2,GLN,258,OE1,8329,0.2776240791973601
ARG,57,NH2,ASP,62,OD1,8229,0.2742908569714343
LEU,287,N,PHE,283,O,8192,0.27305756474784176
ARG,57,NH2,ASP,62,OD2,8099,0.26995766807773075
ARG,330,NH1,PRO,377,O,8099,0.26995766807773075
ASN,89,ND2,ARG,70,O,8071,0.26902436585447154
HIE,372,N,ASP,370,OD1,7994,0.26645778474050863
ASN,261,ND2,ASN,214,OD1,7988,0.2662577914069531
ALA,367,N,LEU,364,O,7975,0.26582447251758273
ARG,92,NE,GLU,254,OE2,7957,0.2652244925169161
SER,332,OG,THR,278,OG1,7915,0.26382453918202725
TYR,175,OH,GLN,445,OE1,7906,0.26352454918169393
ARG,225,NH2,GLU,222,OE1,7871,0.26235792140261993
LEU,23,N,GLN,187,OE1,7846,0.26152461584613845
LYS,356,NZ,ASP,357,OD1,7838,0.2612579580680644
ILE,407,N,GLY,404,O,7768,0.25892470250991634
ASP,238,N,ASP,235,OD2,7765,0.25882470584313855
GLN,258,N,SER,256,OG,7632,0.25439152028265727
ARG,463,NH1,GLU,294,OE2,7610,0.2536582113929536
SER,220,N,TYR,216,O,7586,0.25285823805873137
GLU,212,N,LYS,208,O,7573,0.252424919169361
SER,253,OG,GLU,247,OE1,7561,0.25202493250224994
ARG,70,NH2,HM1,464,O1A,7531,0.2510249658344722
LYS,63,NZ,SER,348,O,7516,0.2505249825005833
SER,365,OG,ASP,333,OD1,7512,0.2503916536115463
GLN,445,NE2,PRO,453,O,7503,0.25009166361121293
THR,274,OG1,PHE,269,O,7359,0.2452918236058798
LYS,133,N,ARG,130,O,7346,0.24485850471650944
HIP,224,NE2,ASP,235,OD2,7296,0.24319189360354654
LEU,142,N,PRO,139,O,7287,0.24289190360321322
HID,369,N,THR,366,O,7282,0.24272524249191693
THR,103,N,PHE,99,O,7205,0.24015866137795408
LYS,72,N,GLU,359,OE1,7202,0.2400586647111763
ASN,261,N,HIE,257,O,7126,0.23752541581947267
LYS,234,N,ASP,238,OD2,7052,0.23505883137228759
ALA,391,N,ASN,389,OD1,7038,0.23459218026065798
ILE,154,N,ILE,151,O,7029,0.23429219026032466
ARG,31,NH2,ASP,36,OD2,7021,0.23402553248225058
ARG,225,NH2,GLU,222,OE2,6984,0.23279224025865805
ASN,263,ND2,TYR,83,O,6947,0.2315589480350655
ILE,413,N,GLY,410,O,6930,0.23099230025665812
ARG,330,NH2,PRO,377,O,6864,0.2287923735875471
LYS,63,NZ,GLU,58,OE2,6838,0.22792573580880637
THR,344,OG1,ALA,66,O,6829,0.22762574580847306
LEU,267,N,THR,264,O,6815,0.22715909469684345
GLU,299,N,ARG,295,O,6791,0.22635912136262124
HIE,252,N,ASN,250,OD1,6734,0.22445918469384354
LEU,284,N,ARG,280,O,6733,0.22442585247158428
ARG,57,NE,GLU,54,OE1,6647,0.22155928135728808
LYS,158,NZ,ARG,159,O,6646,0.22152594913502882
GLY,35,N,ARG,31,O,6572,0.21905936468784373
GLU,190,N,GLN,187,O,6568,0.2189260357988067
ALA,88,N,GLY,84,O,6529,0.21762607913069565
PHE,331,N,ILE,328,O,6491,0.21635945468484383
ARG,130,NH2,GLU,127,OE2,6481,0.21602613246225125
ALA,66,N,LYS,63,O,6479,0.21595946801773275
PHE,189,N,PHE,185,O,6441,0.21469284357188093
LYS,72,N,GLU,359,OE2,6436,0.21452618246058464
ILE,86,N,SER,266,OG,6344,0.21145961801273291
GLN,187,NE2,CYS,447,O,6249,0.2082930568981034
SER,132,N,GLU,128,O,6239,0.20795973467551082
LYS,248,N,GLU,245,O,6234,0.20779307356421453
SER,183,N,LEU,180,O,6213,0.2070930968967701
THR,227,N,HIP,224,O,6192,0.20639312022932568
ARG,92,NH2,GLU,254,OE1,6184,0.20612646245125163
ARG,159,NH1,GLU,121,OE1,6182,0.2060597980067331
ARG,130,NH2,GLU,127,OE1,6179,0.20595980133995534
GLN,187,NE2,SER,183,O,6160,0.20532648911702944
ASN,149,ND2,SER,145,O,6094,0.2031265624479184
HIP,224,NE2,ASP,235,OD1,6010,0.20032665577814074
ALA,64,N,VAL,61,O,6006,0.20019332688910368
GLY,134,N,PHE,460,O,5789,0.1929602346588447
ASN,250,ND2,GLU,247,OE1,5768,0.19226025799140029
ASN,250,ND2,GLU,247,OE2,5729,0.19096030132328923
SER,332,N,GLN,329,O,5724,0.19079364021199294
ALA,416,N,GLY,412,O,5719,0.19062697910069665
THR,275,OG1,GLU,417,OE1,5652,0.18839372020932635
ARG,463,NH1,LEU,426,O,5642,0.18806039798673377
ASN,209,ND2,GLN,205,O,5608,0.186927102429919
ARG,31,NE,ASP,36,OD2,5591,0.1863604546515116
LYS,63,NZ,GLU,58,OE1,5574,0.18579380687310423
ARG,415,NH1,GLU,411,OE2,5573,0.18576047465084497
THR,227,N,LYS,223,O,5552,0.18506049798340055
ARG,406,NH1,VAL,85,O,5548,0.18492716909436352
ASN,389,ND2,ASP,387,OD1,5544,0.1847938402053265
ARG,225,NE,GLU,222,OE2,5528,0.18426052464917836
ARG,45,NH2,GLU,359,OE2,5521,0.18402719909336354
ALA,316,N,LEU,312,O,5470,0.1823272557581414
THR,103,N,SER,100,O,5438,0.18126062464584514
ILE,440,N,PRO,437,O,5434,0.1811272957568081
SER,332,N,ILE,328,O,5424,0.18079397353421553
SER,113,OG,GLU,115,OE2,5407,0.18022732575580813
VAL,53,N,ASP,370,OD1,5400,0.17999400019999334
ASN,149,ND2,GLU,121,OE1,5395,0.17982733908869705
ARG,45,NH2,GLU,359,OE1,5367,0.1788940368654378
SER,249,N,LYS,246,O,5283,0.17609413019566014
ARG,308,NH2,ASP,314,OD2,5262,0.17539415352821572
ARG,463,NE,ARG,463,O,5261,0.17536082130595645
SER,113,OG,GLU,115,OE1,5250,0.17499416686110464
ASN,428,N,ILE,425,O,5246,0.17486083797206758
ARG,204,N,GLY,201,O,5215,0.1738275390820306
SER,430,OG,PRO,462,O,5186,0.1728609046365121
ASN,389,ND2,ASP,387,OD2,5163,0.17209426352454918
LYS,234,NZ,ALA,232,O,5157,0.17189427019099363
HIP,384,ND1,GLU,327,OE1,5111,0.17036098796706775
LYS,131,NZ,GLU,128,OE2,5099,0.16996100129995667
ARG,330,N,TYR,326,O,5094,0.16979434018866038
LYS,72,NZ,ASP,77,OD1,5052,0.16839438685377153
ASN,209,ND2,THR,177,OG1,5049,0.16829439018699377
ARG,415,NH1,GLU,411,OE1,5034,0.1677944068531049
LEU,334,N,SER,332,O,5029,0.1676277457418086
ARG,117,N,VAL,114,O,5017,0.1672277590746975
THR,358,N,PRO,355,O,4969,0.16562781240625313
ARG,130,NE,GLU,127,OE1,4940,0.16466117796073465
VAL,339,N,HM1,464,O2A,4911,0.16369454351521617
ASN,389,N,ASP,387,OD1,4908,0.16359454684843838
GLU,273,N,PHE,268,O,4903,0.1634278857371421
PHE,189,N,GLY,186,O,4888,0.16292790240325322
ASN,381,ND2,ASP,383,OD1,4880,0.16266124462517917
LYS,33,N,PHE,30,O,4868,0.16226125795806806
THR,272,N,PHE,269,O,4846,0.1615279490683644
LYS,33,N,ARG,29,O,4816,0.16052798240058666
ALA,74,N,GLU,190,OE2,4814,0.16046131795606813
MET,18,N,LEU,15,O,4765,0.1588280390653645
ARG,117,NH2,GLU,120,OE1,4750,0.15832805573147563
ASN,389,N,ASP,387,OD2,4729,0.1576280790640312
TYR,162,OH,GLU,128,OE2,4703,0.1567614412852905
ASN,214,ND2,GLN,211,OE1,4700,0.15666144461851272
ARG,117,NH2,GLU,120,OE2,4698,0.1565947801739942
LYS,169,NZ,GLU,166,OE2,4679,0.1559614679510683
ASN,149,ND2,GLU,121,OE2,4634,0.1544615179494017
ARG,225,NE,GLU,222,OE1,4613,0.15376154128195726
ARG,31,NH2,ASP,36,OD1,4586,0.15286157128095731
SER,68,N,GLU,65,O,4562,0.1520615979467351
ARG,315,NE,LEU,312,O,4542,0.15139495350154994
ARG,415,NH2,GLU,411,OE1,4538,0.1512616246125129
SER,253,N,ASN,250,O,4525,0.15082830572314257
LYS,169,NZ,GLU,166,OE1,4500,0.14999500016666112
THR,275,N,THR,272,O,4464,0.14879504016532782
ARG,330,N,GLU,327,O,4429,0.1476284123862538
VAL,53,N,ASP,370,OD2,4398,0.1465951134962168
GLN,165,NE2,GLN,163,O,4386,0.1461951268291057
THR,275,OG1,GLU,417,OE2,4377,0.14589513682877236
LEU,42,N,ARG,45,O,4343,0.1447618412719576
ARG,159,NH1,GLU,121,OE2,4341,0.1446951768274391
ASN,428,N,THR,424,O,4329,0.144295190160328
ARG,105,N,VAL,101,O,4326,0.14419519349355023
LYS,405,NZ,GLU,65,OE2,4213,0.14042865237825405
ARG,159,NH2,GLU,121,OE1,4200,0.1399953334888837
SER,132,N,LEU,129,O,4199,0.13996200126662445
PHE,331,N,GLU,327,O,4165,0.13882870570980968
ARG,31,NH2,ASP,370,OD1,4164,0.13879537348755042
ARG,112,NH2,GLU,116,OE2,4155,0.1384953834872171
ARG,81,NH1,PRO,78,O,4152,0.1383953868204393
ARG,130,NE,GLU,127,OE2,4120,0.13732875570814307
LYS,131,NZ,GLU,128,OE1,4116,0.13719542681910604
GLY,13,N,LEU,9,O,4086,0.1361954601513283
ARG,70,NH2,HID,341,NE2,4080,0.13599546681777275
ARG,112,NH2,GLU,116,OE1,4064,0.1354621512616246
ALA,88,N,VAL,85,O,4061,0.13536215459484685
SER,249,OG,LYS,246,O,4035,0.13449551681610614
ARG,298,NH2,GLU,301,OE2,4023,0.13409553014899503
LYS,405,NZ,GLU,65,OE1,3994,0.13312889570347655
GLU,115,N,GLU,115,OE2,3988,0.132928902369921
SER,193,OG,GLU,190,O,3946,0.13152894903503218
SER,220,OG,TYR,216,O,3934,0.13112896236792107
TYR,281,OH,LEU,442,O,3912,0.13039565347821738
ASN,259,N,SER,256,O,3899,0.12996233458884704
GLU,115,N,GLU,115,OE1,3896,0.12986233792206928
LYS,111,N,GLY,108,O,3867,0.12889570347655077
TYR,297,OH,GLU,301,OE1,3811,0.12702909903003234
PHE,167,N,ASP,164,OD2,3788,0.1262624579180694
ARG,459,NH1,GLY,134,O,3774,0.12579580680643979
ASN,381,ND2,ASP,383,OD2,3742,0.12472917569414353
ARG,117,NE,GLU,116,OE2,3741,0.12469584347188427
ARG,298,NH1,GLU,301,OE2,3731,0.12436252124929169
LYS,72,NZ,ASP,77,OD2,3703,0.12342921902603246
ARG,298,NH2,GLU,301,OE1,3682,0.12272924235858805
GLU,166,N,ASP,164,OD2,3638,0.12126262457918069
TYR,162,OH,GLU,128,OE1,3624,0.12079597346755108
ARG,117,NH2,GLU,116,OE1,3610,0.12032932235592148
ARG,350,NH2,GLU,58,OE1,3603,0.12009599680010666
ARG,31,NH2,ASP,370,OD2,3591,0.11969601013299556
ARG,463,NE,ARG,463,OXT,3585,0.11949601679944002
ARG,415,NH2,GLU,411,OE2,3574,0.11912936235458818
ARG,350,NH1,ASP,36,OD1,3538,0.11792940235325489
GLN,144,NE2,GLU,273,OE2,3518,0.11726275790806973
THR,344,OG1,GLN,345,OE1,3451,0.11502949901669944
ILE,440,N,ALA,436,O,3438,0.11459618012732908
GLU,116,N,SER,113,O,3367,0.11222959234692177
ASP,62,N,ARG,57,O,3343,0.11142961901269957
TYR,162,OH,GLU,121,OE2,3331,0.11102963234558848
ALA,232,N,ASP,229,O,3310,0.11032965567814407
ALA,316,N,HIE,313,O,3273,0.10909636345455151
ARG,350,NH2,GLU,58,OE2,3241,0.10802973234225526
GLN,176,NE2,ASN,172,OD1,3233,0.10776307456418119
ARG,315,N,LEU,312,O,3222,0.10739642011932936
ARG,31,NE,ASP,36,OD1,3218,0.10726309123029232
ARG,31,NH1,ASP,370,OD2,3214,0.10712976234125529
ARG,350,NH1,ASP,36,OD2,3184,0.10612979567347755
GLN,445,NE2,TYR,175,OH,3135,0.10449651678277391
GLN,205,NE2,ASN,209,OD1,3112,0.10372987567081098
ARG,112,NH2,GLU,120,OE1,3067,0.10222992566914436
SER,153,N,ALA,148,O,3055,0.10182993900203327
LEU,188,N,PHE,185,O,3034,0.10112996233458885
LYS,248,N,MET,244,O,3031,0.10102996566781107
PHE,185,N,SER,183,OG,3025,0.10082997233425553
GLY,108,N,THR,102,O,3008,0.10026332455584813
TYR,297,OH,GLU,301,OE2,2994,0.09979667344421853
ARG,117,NH1,GLU,121,OE1,2976,0.09919669344355188
ARG,112,NH2,GLU,120,OE2,2975,0.09916336122129263
GLY,110,N,PHE,107,O,2972,0.09906336455451485
ARG,308,NH1,ASP,314,OD1,2955,0.09849671677610747
ARG,315,NH1,GLU,322,OE2,2952,0.09839672010932969
ARG,298,NH1,GLU,301,OE1,2947,0.0982300589980334
ARG,130,NH1,GLU,127,OE1,2933,0.09776340788640378
ARG,117,NH1,GLU,121,OE2,2914,0.09713009566347788
ARG,350,NE,GLU,58,OE1,2905,0.09683010566314457
GLU,396,N,GLU,396,OE2,2905,0.09683010566314457
SER,266,OG,ASN,263,O,2880,0.09599680010666312
ARG,415,N,GLU,411,O,2855,0.09516349455018167
PHE,268,N,THR,264,O,2854,0.0951301623279224
SER,402,OG,ARG,406,O,2853,0.09509683010566314
ILE,150,N,ILE,146,O,2835,0.0944968501049965
ARG,117,N,SER,113,O,2827,0.09423019232692244
ARG,130,NH1,GLU,127,OE2,2819,0.09396353454884837
ARG,112,NE,GLU,116,OE1,2811,0.0936968767707743
ILE,413,N,GLU,411,O,2796,0.09319689343688543
GLU,166,N,ASP,164,OD1,2770,0.09233025565814473
ARG,31,NH1,ASP,370,OD1,2736,0.09119696010132995
ARG,70,NE,PRO,340,O,2696,0.08986367121095963
ARG,29,NH1,ASP,19,OD2,2683,0.08943035232158927
SER,365,OG,ASP,333,OD2,2667,0.08889703676544115
GLN,187,N,VAL,184,O,2662,0.08873037565414486
ARG,117,NH2,GLU,116,OE2,2654,0.0884637178760708
ARG,315,NH2,GLU,322,OE2,2604,0.0867971067631079
GLU,396,N,GLU,396,OE1,2566,0.08553048231725609
ARG,415,NH2,GLN,329,OE1,2551,0.08503049898336722
SER,183,N,SER,179,O,2534,0.08446385120495983
PHE,167,N,ASP,164,OD1,2529,0.08429719009366354
TYR,83,OH,GLU,254,OE1,2516,0.08386387120429319
GLN,144,NE2,GLU,273,OE1,2507,0.08356388120395987
GLN,258,NE2,ASN,214,OD1,2502,0.08339722009266358
HIE,252,NE2,GLU,254,OE2,2499,0.0832972234258858
GLU,116,N,SER,113,OG,2497,0.08323055898136729
THR,272,N,PHE,268,O,2471,0.08236392120262657
ARG,112,NH1,GLU,120,OE2,2468,0.08226392453584881
ARG,81,NE,PHE,79,O,2459,0.08196393453551548
LEU,364,N,LEU,362,O,2454,0.08179727342421919
ARG,225,NH1,GLU,222,OE2,2452,0.08173060897970068
ARG,112,NH1,GLU,120,OE1,2447,0.08156394786840439
LYS,234,NZ,ASP,238,OD2,2439,0.08129729009033032
ARG,20,NH1,ARG,20,O,2423,0.0807639745341822
ARG,315,NE,GLU,322,OE2,2402,0.08006399786673778
LEU,228,N,ARG,225,O,2388,0.07959734675510817
LYS,246,N,HID,243,O,2381,0.07936402119929335
ARG,112,NE,GLU,116,OE2,2380,0.0793306889770341
SER,193,OG,GLU,190,OE1,2360,0.07866404453184894
LYS,234,NZ,ASP,229,OD1,2359,0.07863071230958968
PHE,192,N,LEU,188,O,2323,0.0774307523082564
ARG,57,NH1,GLU,54,OE1,2318,0.07726409119696011
ARG,45,NH2,GLU,190,O,2316,0.07719742675244158
LEU,386,N,PRO,382,O,2316,0.07719742675244158
ARG,117,NE,GLU,116,OE1,2315,0.07716409453018233
SER,193,OG,GLU,190,OE2,2315,0.07716409453018233
ALA,74,N,GLU,190,OE1,2311,0.07703076564114529
GLY,69,N,ILE,342,O,2303,0.07676410786307124
THR,274,OG1,HM1,464,NC,2286,0.07619746008466384
ARG,117,NH1,ASN,149,O,2283,0.07609746341788608
HIE,252,NE2,GLU,254,OE1,2280,0.0759974667511083
ARG,315,NH1,GLU,322,OE1,2277,0.07589747008433052
ARG,350,NE,GLU,58,OE2,2275,0.07583080563981201
GLY,110,N,ASP,106,O,2266,0.07553081563947868
SER,193,N,GLU,190,O,2262,0.07539748675044165
HIE,203,NE2,LEU,196,O,2230,0.0743308556381454
ASN,172,ND2,LEU,168,O,2228,0.07426419119362689
SER,193,N,PHE,189,O,2198,0.07326422452584914
ASN,209,ND2,GLN,176,OE1,2195,0.07316422785907137
ARG,298,NE,GLU,294,OE2,2178,0.07259758008066398
GLN,302,NE2,ARG,298,O,2164,0.07213092896903436
MET,109,N,THR,102,O,2141,0.07136428785707143
ARG,298,NH2,GLU,294,OE1,2114,0.07046431785607146
ARG,406,N,LEU,403,O,2112,0.07039765341155295
GLU,446,N,ILE,452,O,2104,0.07013099563347888
TYR,83,OH,GLU,254,OE2,2103,0.07009766341121963
TYR,373,OH,GLU,396,OE1,2088,0.06959768007733076
ARG,415,NH2,GLU,322,OE2,2081,0.06936435452151594
ARG,117,NH2,GLU,121,OE2,2061,0.06869771007633078
HIE,203,NE2,PHE,199,O,2059,0.06863104563181227
LYS,158,N,SER,153,O,2058,0.06859771340955302
LYS,405,NZ,SER,68,OG,2058,0.06859771340955302
HIP,224,NE2,ASP,238,OD1,2054,0.06846438452051598
ARG,350,NH2,ASP,36,OD1,2046,0.06819772674244191
ARG,204,NH2,LYS,197,O,2044,0.0681310622979234
ARG,57,NH1,GLU,54,OE2,2040,0.06799773340888637
ARG,225,NH1,GLU,222,OE1,2036,0.06786440451984933
ARG,350,NH2,ASP,36,OD2,1987,0.0662311256291457
TYR,373,OH,GLU,396,OE2,1976,0.06586447118429385
HID,369,ND1,ASP,378,OD1,1964,0.06546448451718276
ARG,117,NH2,GLU,121,OE1,1959,0.06529782340588647
THR,344,OG1,SER,68,OG,1951,0.0650311656278124
GLU,115,N,SER,113,OG,1938,0.06459784673844206
ALA,416,N,ILE,413,O,1933,0.06443118562714577
HID,369,ND1,ASP,378,OD2,1925,0.0641645278490717
GLU,247,N,MET,244,O,1905,0.06349788340388654
PHE,269,N,LEU,265,O,1878,0.06259791340288658
SER,182,OG,GLY,450,O,1875,0.0624979167361088
LYS,234,NZ,ASP,229,OD2,1865,0.06216459451351622
ARG,117,NH1,GLU,120,OE2,1862,0.06206459784673844
GLY,84,N,PHE,80,O,1846,0.061531282290590315
THR,274,OG1,ALA,270,O,1837,0.06123129229025699
GLY,186,N,SER,183,O,1836,0.061197960067997735
TYR,373,OH,GLU,54,OE1,1812,0.06039798673377554
ARG,298,NH2,GLU,294,OE2,1809,0.060297990066997764
ARG,298,NH1,GLU,294,OE2,1806,0.060197993400219994
ARG,117,NH1,GLU,120,OE1,1795,0.05983133895536816
PHE,199,N,PHE,195,O,1790,0.05966467784407187
HIE,219,N,TYR,216,O,1782,0.0593980200659978
ARG,117,NH2,ARG,112,O,1779,0.05929802339922002
LEU,180,N,THR,177,O,1779,0.05929802339922002
SER,183,OG,GLU,446,OE1,1777,0.05923135895470151
PHE,107,N,ARG,105,O,1766,0.05886470450984967
ARG,298,NE,GLU,301,OE1,1741,0.05803139895336822
ARG,45,NE,LEU,42,O,1728,0.057598080063997865
ARG,225,NH2,GLU,226,OE2,1705,0.056831438952034935
LYS,158,NZ,ASP,164,OD1,1691,0.05636478784040532
ARG,81,NE,PRO,78,O,1669,0.05563147895070164
ARG,57,NH2,GLU,396,OE1,1664,0.05546481783940535
GLN,211,NE2,TYR,207,OH,1661,0.05536482117262758
ARG,29,NH1,ASP,19,OD1,1658,0.055264824505849804
GLU,311,N,ASP,314,OD1,1644,0.05479817339422019
ARG,415,NH1,GLU,322,OE1,1635,0.05449818339388687
ARG,112,NH1,GLU,116,OE2,1627,0.054231525615812806
ALA,391,N,ASP,387,O,1619,0.05396486783773874
ARG,298,NE,GLU,301,OE2,1598,0.05326489117029432
ARG,225,NH2,GLU,226,OE1,1594,0.05313156228125729
GLN,123,NE2,GLN,119,O,1593,0.05309823005899803
ARG,112,NH1,GLU,116,OE1,1586,0.05286490450318323
SER,193,OG,PHE,189,O,1579,0.05263157894736842
GLY,84,N,GLY,82,O,1570,0.0523315889470351
LYS,317,NZ,HIE,313,O,1549,0.05163161227959068
ARG,315,NE,GLU,322,OE1,1540,0.05133162227925736
ARG,70,NE,HID,341,NE2,1532,0.051064964501183294
ARG,350,NH1,GLU,58,OE1,1529,0.05096496783440552
ARG,57,NH2,GLU,396,OE2,1515,0.05049831672277591
ARG,315,NH2,GLU,322,OE1,1509,0.050298323389220356
ARG,298,NE,GLU,294,OE1,1508,0.0502649911669611
TYR,373,OH,GLU,54,OE2,1502,0.05006499783340555
HIP,224,NE2,ASP,238,OD2,1499,0.049965001166627776
PHE,67,N,ALA,64,O,1498,0.04993166894436852
ASN,214,ND2,GLN,211,O,1489,0.049631678944035196
GLY,43,N,HIE,41,O,1487,0.04956501449951668
LYS,234,NZ,SER,231,OG,1482,0.04939835338822039
ARG,159,NH1,PHE,160,O,1480,0.04933168894370188
LYS,376,NZ,GLU,375,OE1,1472,0.04906503116562781
GLN,144,NE2,THR,272,OG1,1470,0.0489983667211093
ILE,407,N,LEU,403,O,1468,0.04893170227659078
ARG,29,NH2,GLN,17,O,1465,0.04883170560981301
ARG,117,NE,GLU,120,OE2,1436,0.047865071164294525
LYS,158,N,PHE,156,O,1435,0.04783173894203527
ARG,159,NE,ASN,149,OD1,1432,0.04773174227525749
ASN,263,ND2,ASN,259,O,1429,0.047631745608479714
GLN,163,NE2,GLU,128,OE1,1404,0.046798440051998264
GLN,119,NE2,GLU,311,OE2,1395,0.04649845005166495
LYS,376,NZ,GLU,375,OE2,1386,0.04619846005133162
ARG,45,NE,GLU,190,OE1,1382,0.04606513116229459
HIP,224,NE2,GLY,157,O,1379,0.04596513449551681
LYS,111,N,ASP,106,O,1377,0.0458984700509983
ARG,45,N,LEU,42,O,1373,0.045765141161961266
ALA,270,N,SER,266,O,1371,0.04569847671744275
LYS,223,NZ,GLU,226,OE2,1353,0.045098496716776106
LYS,111,N,PHE,107,O,1344,0.04479850671644278
GLU,226,N,LYS,223,O,1336,0.04453184893836872
LYS,356,NZ,THR,344,O,1321,0.04403186560447985
GLY,157,N,ILE,154,O,1313,0.043765207826405784
LYS,111,NZ,LYS,234,O,1303,0.043431885603813204
LYS,223,NZ,GLU,226,OE1,1302,0.04339855338155395
PHE,269,N,SER,266,O,1298,0.043265224492516914
ARG,117,NE,GLU,120,OE1,1297,0.04323189227025766
GLN,345,NE2,GLU,65,O,1295,0.043165227825739144
LYS,111,NZ,THR,103,O,1293,0.043098563381220624
LYS,131,N,GLU,128,O,1277,0.0425652478250725
ARG,98,NH2,THR,102,OG1,1272,0.04239858671377621
LYS,169,NZ,GLU,212,OE2,1272,0.04239858671377621
ASN,89,ND2,SER,68,O,1258,0.04193193560214659
ARG,112,NH2,GLU,115,OE2,1242,0.041398620045998466
GLU,438,N,GLU,438,OE2,1236,0.04119862671244292
LYS,393,NZ,ASP,383,O,1228,0.04093196893436885
SER,183,OG,SER,179,O,1211,0.04036532115596147
LYS,197,N,GLY,194,O,1208,0.04026532448918369
GLY,134,N,SER,132,OG,1204,0.040131995600146665
ARG,350,NH1,GLU,58,OE2,1203,0.0400986633778874
LEU,24,N,GLN,187,OE1,1200,0.03999866671110963
LYS,169,NZ,GLU,212,OE1,1200,0.03999866671110963
ARG,350,N,GLU,58,OE2,1196,0.0398653378220726
LYS,63,NZ,ASP,62,OD1,1193,0.03976534115529482
ARG,308,NH1,ILE,304,O,1192,0.039732008933035565
ARG,31,NH1,ASP,36,OD1,1178,0.03926535782140595
GLN,187,NE2,SER,182,O,1175,0.03916536115462818
SER,348,OG,TYR,352,O,1173,0.03909869671010966
GLN,119,NE2,GLU,311,OE1,1163,0.03876537448751708
GLU,245,N,LEU,242,O,1161,0.03869871004299857
LYS,234,NZ,ASP,235,OD1,1156,0.03853204893170228
ALA,270,N,LEU,267,O,1156,0.03853204893170228
THR,227,OG1,HIP,224,O,1148,0.03826539115362821
ILE,154,N,ILE,150,O,1107,0.03689877004099863
THR,344,OG1,GLU,65,O,1101,0.036698776707443086
GLY,271,N,PHE,268,O,1092,0.03639878670710976
ILE,237,N,VAL,155,O,1086,0.036198793373554215
GLN,445,N,PRO,453,O,1084,0.0361321289290357
VAL,114,N,GLU,115,OE1,1079,0.03596546781773941
GLN,123,NE2,GLN,119,OE1,1079,0.03596546781773941
SER,253,OG,GLU,247,O,1071,0.035698810039665345
ARG,112,NH2,GLU,115,OE1,1064,0.03546548448385054
ASP,106,N,THR,102,O,1062,0.03539882003933202
GLU,299,N,VAL,296,O,1062,0.03539882003933202
ASN,250,ND2,GLU,247,O,1033,0.03443218559381354
HIE,346,N,GLN,345,OE1,1029,0.03429885670477651
ARG,29,NH1,GLN,17,O,1026,0.034198860037998734
VAL,114,N,GLU,115,OE2,1023,0.03409886337122096
ARG,112,NH1,GLU,417,OE1,1021,0.034032198926702444
SER,68,N,ALA,66,O,1015,0.0338322055931469
ARG,45,NE,GLU,190,OE2,1013,0.03376554114862838
SER,433,OG,VAL,435,O,1003,0.033432218926035796
LYS,111,NZ,ARG,112,O,992,0.03306556448118396
LYS,158,NZ,TYR,216,OH,988,0.032932235592146926
GLU,212,N,ASN,209,O,975,0.032498916702776576
LYS,63,NZ,ASP,62,OD2,967,0.03223225892470251
SER,68,OG,ALA,64,O,963,0.032098930035665475
ARG,159,NH2,GLU,120,OE2,955,0.031832272257591415
LYS,234,NZ,ASP,235,OD2,955,0.031832272257591415
GLN,119,NE2,GLU,115,O,951,0.03169894336855438
ARG,112,NH2,GLU,417,OE2,950,0.031665611146295125
ALA,367,N,ILE,363,O,950,0.031665611146295125
TYR,162,OH,CYS,124,O,944,0.03146561781273958
LYS,131,NZ,GLU,127,OE1,939,0.03129895670144329
GLN,205,NE2,GLN,176,OE1,938,0.031265624479184025
LYS,131,NZ,GLU,127,OE2,931,0.03103229892336922
THR,455,OG1,GLN,445,OE1,914,0.030465651144961834
GLU,438,N,GLU,438,OE1,902,0.030065664477850737
ARG,315,NH1,ARG,415,O,897,0.029899003366554447
VAL,61,N,GLU,58,O,895,0.029832338922035934
GLU,417,N,ALA,414,O,894,0.029799006699776674
GLN,163,NE2,GLU,128,OE2,886,0.02953234892170261
ARG,31,NH2,HID,369,O,880,0.029332355588147063
ARG,1,N,ILE,353,O,873,0.029099030032332256
LYS,158,NZ,ASP,164,OD2,872,0.029065697810072996
ARG,98,NH2,ASP,106,OD2,869,0.028965701143295223
LYS,208,NZ,GLN,205,OE1,864,0.028799040031998933
GLN,163,NE2,HIE,161,ND1,863,0.028765707809739676
ARG,29,NH1,GLU,32,OE2,862,0.028732375587480416
ARG,70,N,ASN,89,ND2,859,0.028632378920702643
SER,402,OG,HM1,464,O1A,853,0.028432385587147096
LEU,334,N,ASP,333,OD2,851,0.02836572114262858
ARG,81,NH2,PHE,79,O,844,0.028132395586813772
GLN,176,NE2,ASN,172,O,842,0.028065731142295255
ALA,135,N,LYS,133,O,841,0.028032398920036
LYS,131,NZ,GLU,127,O,832,0.027732408919702675
LYS,376,NZ,ASP,378,OD2,818,0.027265757808073065
ILE,118,N,GLU,115,O,814,0.02713242891903603
HID,341,ND1,GLY,69,O,811,0.027032432252258258
ARG,159,NH2,GLU,120,OE1,808,0.026932435585480485
GLN,345,NE2,THR,344,OG1,805,0.02683243891870271
LEU,262,N,ASN,259,O,797,0.026565781140628644
TYR,207,OH,MET,75,O,794,0.02646578447385087
LEU,228,N,HIP,224,O,793,0.026432452251591614
ARG,31,NH1,HID,369,O,792,0.026399120029332354
LYS,317,NZ,ASP,314,OD1,788,0.026265791140295324
ALA,215,N,GLU,212,O,787,0.026232458918036064
ALA,388,N,ASP,387,OD2,787,0.026232458918036064
ARG,159,NH1,GLU,120,OE2,786,0.026199126695776807
ALA,391,N,ASP,387,OD2,785,0.02616579447351755
ARG,31,NH1,ASP,36,OD2,774,0.02579914002866571
PHE,167,N,ASP,164,O,774,0.02579914002866571
GLN,302,NE2,GLU,301,OE2,771,0.025699143361887937
SER,332,OG,GLN,329,O,771,0.025699143361887937
LYS,393,NZ,ASP,387,OD1,763,0.025432485583813873
ARG,225,N,GLU,222,O,762,0.025399153361554613
TYR,240,OH,SER,256,O,759,0.02529915669477684
LYS,111,NZ,PRO,233,O,755,0.02516582780573981
HIE,203,NE2,LYS,197,O,750,0.02499916669444352
SER,68,OG,THR,344,OG1,749,0.02496583447218426
LYS,72,NZ,GLU,359,OE2,747,0.024899170027665743
LYS,72,NZ,GLU,359,OE1,742,0.024732508916369453
LEU,403,N,HM1,464,O1A,741,0.024699176694110196
PHE,460,N,SER,132,OG,738,0.024599180027332423
CYS,447,N,GLU,446,OE2,736,0.024532515582813906
ARG,204,NH1,LYS,197,O,725,0.02416586113796207
ARG,31,NH1,GLY,35,O,724,0.02413252891570281
GLU,116,N,GLU,116,OE2,701,0.023365887803739875
LYS,234,NZ,ASP,238,OD1,693,0.02309923002566581
GLN,163,NE2,TYR,162,O,692,0.02306589780340655
CYS,152,N,ALA,148,O,691,0.023032565581147295
GLU,32,N,ARG,29,O,685,0.022832572247591748
ARG,29,NE,ASP,19,OD2,684,0.022799240025332488
GLN,176,NE2,ASN,209,OD1,682,0.02273257558081397
ARG,81,NH2,ASN,259,OD1,678,0.02259924669177694
ARG,204,NH1,PHE,199,O,676,0.022532582247258424
GLU,116,N,GLU,116,OE1,673,0.02243258558048065
LYS,63,NZ,THR,347,OG1,671,0.022365921135962134
CYS,152,N,GLY,271,O,670,0.022332588913702878
THR,274,N,ALA,270,O,667,0.0222325922469251
GLN,302,N,GLU,299,O,666,0.022199260024665844
LYS,376,NZ,ASP,378,OD1,664,0.022132595580147327
HIE,257,NE2,GLU,222,OE1,663,0.02209926335788807
ALA,388,N,ASP,387,OD1,650,0.021665944468517717
GLU,115,N,SER,113,O,649,0.021632612246258457
ARG,330,NH1,HID,369,NE2,641,0.021365954468184394
SER,182,N,SER,179,O,638,0.02126595780140662
ARG,298,NH1,GLN,302,OE1,637,0.02123262557914736
HID,341,ND1,VAL,339,O,633,0.02109929669011033
LYS,393,NZ,ASP,387,OD2,625,0.020832638912036266
TYR,207,OH,ALA,74,O,622,0.020732642245258493
HIE,257,NE2,GLU,222,OE2,618,0.02059931335622146
ASN,250,ND2,HIE,252,O,612,0.020399320022665913
LYS,376,N,GLU,375,OE1,606,0.020199326689110363
VAL,303,N,ILE,300,O,602,0.020065997800073333
LYS,94,NZ,ASN,91,OD1,600,0.019999333355554816
THR,278,N,THR,275,O,600,0.019999333355554816
LYS,208,NZ,GLU,212,OE2,599,0.019966001133295556
ILE,407,N,LYS,405,O,595,0.019832672244258526
GLU,273,N,PHE,269,O,594,0.019799340021999266
LYS,246,NZ,GLU,247,OE1,589,0.019632678910702975
LYS,376,N,GLU,375,OE2,587,0.019566014466184462
ARG,112,NE,GLU,115,OE1,583,0.01943268557714743
ASP,77,N,ALA,74,O,577,0.019232692243591882
GLU,411,N,LEU,409,O,577,0.019232692243591882
ARG,57,NE,GLU,396,OE2,575,0.019166027799073365
ARG,57,NE,GLU,396,OE1,570,0.018999366687777075
ARG,29,NH1,GLU,32,OE1,567,0.0188993700209993
HIE,313,N,GLU,311,OE1,566,0.01886603779874004
TYR,216,N,ILE,213,O,562,0.01873270890970301
LYS,208,NZ,GLU,212,OE1,558,0.018599380020665978
LYS,246,NZ,HID,243,NE2,557,0.01856604779840672
ARG,298,NH1,GLU,294,OE1,555,0.018499383353888205
MET,104,N,VAL,101,O,552,0.01839938668711043
ARG,1,NE,LEU,2,O,551,0.01836605446485117
ARG,112,NE,GLU,115,OE2,551,0.01836605446485117
LYS,394,NZ,TYR,326,OH,547,0.01823272557581414
ASP,62,N,GLU,58,O,542,0.01806606446451785
ARG,159,NH1,GLU,120,OE1,541,0.01803273224225859
THR,395,OG1,HIP,384,O,541,0.01803273224225859
ARG,92,NH2,GLY,82,O,538,0.017932735575480818
GLY,84,N,ASN,259,OD1,534,0.017799406686443784
ARG,31,NH2,GLU,32,OE2,532,0.01773274224192527
ARG,117,NH1,SER,153,OG,532,0.01773274224192527
ARG,117,NE,ARG,112,O,527,0.01756608113062898
LYS,223,NZ,HIE,219,ND1,526,0.01753274890836972
GLN,345,NE2,THR,347,OG1,526,0.01753274890836972
TRP,93,N,GLY,90,O,524,0.017466084463851204
MET,109,N,ASP,106,O,524,0.017466084463851204
ASN,209,ND2,LEU,173,O,524,0.017466084463851204
ARG,31,NH2,GLU,32,OE1,516,0.01719942668577714
ARG,112,NH1,GLY,108,O,515,0.017166094463517884
GLN,445,NE2,THR,455,OG1,515,0.017166094463517884
ARG,204,NE,PHE,199,O,514,0.017132762241258623
HIE,313,N,GLU,311,OE2,513,0.017099430018999367
ARG,117,NH1,ARG,112,O,512,0.01706609779674011
ARG,92,N,ASN,89,OD1,509,0.016966101129962333
ARG,350,N,GLU,58,OE1,508,0.016932768907703077
ARG,29,NH2,ASP,19,OD2,505,0.016832772240925303
LEU,312,N,GLU,311,OE2,505,0.016832772240925303
THR,39,OG1,PRO,4,O,501,0.01669944335188827
GLY,90,N,ASN,89,OD1,501,0.01669944335188827
CYS,152,N,THR,147,O,500,0.016666111129629013
SER,68,N,THR,344,OG1,499,0.016632778907369753
LYS,111,NZ,PHE,107,O,487,0.01623279224025866
GLY,90,N,SER,68,O,481,0.01603279890670311
CYS,447,N,GLU,446,OE1,480,0.015999466684443853
TYR,216,OH,ASP,164,OD1,478,0.015932802239925336
LEU,60,N,ARG,57,O,475,0.015832805573147563
GLN,165,N,GLN,165,OE1,469,0.015632812239592012
SER,183,OG,GLU,446,OE2,469,0.015632812239592012
SER,220,N,ILE,217,O,465,0.015499483350554982
LYS,158,N,CYS,152,O,461,0.015366154461517949
GLN,302,NE2,GLU,301,OE1,459,0.015299490016999434
LEU,15,N,GLY,13,O,456,0.015199493350221659
THR,102,OG1,PHE,99,O,455,0.015166161127962402
ARG,31,NE,GLU,32,OE1,453,0.015099496683443885
ARG,295,NH2,GLU,299,OE2,452,0.015066164461184627
ARG,92,NH1,GLU,254,OE1,451,0.015032832238925369
PHE,174,N,LEU,171,O,449,0.014966167794406854
LEU,287,N,LEU,284,O,447,0.014899503349888337
ARG,57,NH1,GLU,396,OE1,443,0.014766174460851305
LEU,173,N,MET,170,O,440,0.014666177794073532
ARG,225,NE,GLU,226,OE1,438,0.014599513349555015
ARG,31,NH1,CYS,51,O,431,0.014366187793740208
ARG,130,NH2,ASN,428,OD1,431,0.014366187793740208
ARG,57,NH1,GLU,396,OE2,428,0.014266191126962435
ARG,81,NH1,PHE,79,O,424,0.014132862237925403
GLU,120,N,ARG,117,O,423,0.014099530015666144
GLU,116,N,GLU,115,OE2,421,0.014032865571147628
LYS,246,NZ,GLU,247,OE2,419,0.013966201126629113
PHE,380,N,TYR,289,OH,419,0.013966201126629113
ARG,70,NH1,HM1,464,O2A,418,0.013932868904369854
GLU,375,N,GLU,375,OE1,418,0.013932868904369854
ARG,406,NH1,ALA,88,O,418,0.013932868904369854
ARG,7,NH1,PRO,8,O,416,0.013866204459851338
ALA,436,N,ASP,439,OD1,414,0.013799540015332823
LEU,312,N,GLU,311,OE1,411,0.013699543348555047
ASN,428,ND2,GLN,427,OE1,410,0.01366621112629579
ARG,98,NH2,HID,243,NE2,408,0.013599546681777274
TYR,326,OH,GLU,322,OE1,407,0.013566214459518016
SER,220,OG,ILE,217,O,399,0.013299556681443952
ARG,117,NE,SER,113,O,393,0.013099563347888404
THR,274,OG1,HM1,464,NB,392,0.013066231125629145
ARG,1,NH1,LEU,2,O,389,0.012966234458851372
THR,455,OG1,ASP,138,OD1,388,0.012932902236592114
LYS,111,NZ,THR,239,OG1,384,0.012799573347555082
ARG,117,NE,GLU,121,OE1,382,0.012732908903036565
GLU,375,N,GLU,375,OE2,382,0.012732908903036565
GLU,65,N,GLU,65,OE2,379,0.012632912236258792
GLN,345,N,ALA,66,O,378,0.012599580013999533
ARG,112,NH2,GLU,417,OE1,377,0.012566247791740275
ARG,1,NH2,GLY,351,O,375,0.01249958334722176
GLN,258,N,GLN,258,OE1,375,0.01249958334722176
TYR,216,OH,GLU,166,O,374,0.012466251124962502
LEU,312,N,GLU,115,OE1,374,0.012466251124962502
ASP,333,N,GLN,329,O,371,0.012366254458184726
SER,153,N,ASN,149,O,370,0.01233292223592547
ALA,391,N,ASP,387,OD1,370,0.01233292223592547
ARG,31,NE,GLU,32,OE2,369,0.012299590013666211
ARG,81,NH1,ASP,77,OD1,368,0.012266257791406953
ARG,92,NH1,GLU,254,OE2,368,0.012266257791406953
LYS,111,NZ,GLY,108,O,366,0.012199593346888436
ARG,1,NE,GLY,351,O,365,0.01216626112462918
LYS,317,N,HIE,313,O,365,0.01216626112462918
GLN,163,NE2,TYR,162,OH,363,0.012099596680110663
THR,177,N,PHE,174,O,361,0.012032932235592146
ARG,1,NH1,GLY,351,O,354,0.011799606679777341
GLY,43,N,LEU,12,O,354,0.011799606679777341
GLU,116,N,GLU,115,OE1,354,0.011799606679777341
SER,430,OG,LEU,461,O,354,0.011799606679777341
ALA,436,N,ASP,439,OD2,351,0.011699610012999566
GLN,123,N,GLU,120,O,349,0.01163294556848105
ARG,97,NH1,ARG,406,O,348,0.011599613346221792
SER,179,OG,GLN,176,O,347,0.011566281123962534
ARG,204,NH2,TYR,198,O,346,0.011532948901703276
SER,253,N,HIE,252,ND1,346,0.011532948901703276
GLY,157,N,SER,153,O,345,0.011499616679444019
ARG,159,NH2,ASN,149,O,345,0.011499616679444019
ASN,214,ND2,ASN,261,OD1,340,0.011332955568147729
HID,369,N,SER,365,O,339,0.01129962334588847
LYS,451,NZ,TYR,281,OH,337,0.011232958901369954
ARG,459,NH2,GLY,134,O,335,0.011166294456851439
GLY,108,N,ASP,106,O,333,0.011099630012332922
HIP,224,N,VAL,221,O,331,0.011032965567814405
PHE,80,N,ASP,77,O,330,0.010999633345555149
GLY,194,N,LEU,191,O,325,0.010832972234258859
GLU,65,N,GLU,65,OE1,323,0.010766307789740342
THR,455,N,GLN,445,OE1,323,0.010766307789740342
ARG,81,NH2,TYR,207,OH,321,0.010699643345221825
ARG,105,NH1,GLU,411,OE2,321,0.010699643345221825
ARG,112,NH1,GLY,110,O,321,0.010699643345221825
THR,358,N,VAL,343,O,320,0.010666311122962568
ALA,135,N,SER,132,OG,319,0.01063297890070331
SER,253,OG,ASN,250,O,319,0.01063297890070331
GLN,345,NE2,HIE,346,O,313,0.010432985567147762
LYS,393,NZ,LYS,394,O,313,0.010432985567147762
ALA,55,N,GLY,52,O,312,0.010399653344888503
ALA,64,N,ASP,62,O,311,0.010366321122629247
ASN,261,N,GLN,258,O,311,0.010366321122629247
LYS,393,NZ,LEU,386,O,307,0.010232992233592213
ARG,57,NH1,GLU,396,O,305,0.010166327789073698
GLN,176,NE2,GLN,176,O,302,0.010066331122295923
LYS,405,NZ,ALA,64,O,302,0.010066331122295923
ARG,117,NH2,ASN,149,O,299,0.00996633445551815
SER,113,N,GLU,116,OE2,297,0.009899670010999633
GLN,165,NE2,GLU,166,OE1,297,0.009899670010999633
ASN,261,ND2,HIE,257,O,296,0.009866337788740376
GLY,110,N,GLY,108,O,294,0.00979967334422186
SER,253,OG,PHE,255,O,292,0.009733008899703343
ARG,70,NH2,VAL,339,O,291,0.009699676677444086
GLY,412,N,GLU,411,OE1,288,0.009599680010666311
SER,113,OG,GLU,116,OE2,287,0.009566347788407053
SER,266,OG,SER,266,O,283,0.00943301889937002
ASN,381,ND2,ALA,379,O,283,0.00943301889937002
GLY,412,N,GLU,411,OE2,283,0.00943301889937002
ARG,112,NE,SER,113,O,282,0.009399686677110762
ARG,112,NH1,ILE,150,O,280,0.009333022232592247
LYS,197,NZ,GLY,194,O,275,0.009166361121295957
LYS,248,NZ,GLU,245,O,275,0.009166361121295957
ARG,225,NH2,GLU,245,OE2,273,0.00909969667677744
HID,243,N,TYR,240,O,273,0.00909969667677744
ARG,117,NE,GLU,121,OE2,271,0.009033032232258926
VAL,155,N,CYS,152,O,270,0.008999700009999667
THR,272,OG1,GLN,144,O,269,0.008966367787740409
LYS,111,NZ,MET,109,O,264,0.008799706676444119
TYR,216,OH,GLU,166,OE2,264,0.008799706676444119
ARG,225,NE,GLU,226,OE2,263,0.00876637445418486
ARG,350,NH2,GLU,54,OE2,263,0.00876637445418486
SER,182,OG,SER,182,O,261,0.008699710009666345
ARG,350,NH1,GLU,54,OE1,260,0.008666377787407087
VAL,449,N,ILE,181,O,260,0.008666377787407087
GLN,258,NE2,HIE,257,ND1,257,0.008566381120629312
ARG,81,NH1,TYR,207,OH,256,0.008533048898370055
ARG,130,NH2,GLN,123,OE1,256,0.008533048898370055
GLU,190,N,GLY,186,O,254,0.008466384453851538
ARG,225,NH1,GLU,226,OE2,254,0.008466384453851538
ARG,298,NH2,GLN,302,OE1,254,0.008466384453851538
ARG,31,NH1,ARG,31,O,251,0.008366387787073765
SER,26,OG,LEU,23,O,250,0.008333055564814507
SER,68,OG,GLU,65,OE1,247,0.008233058898036731
ARG,459,NH1,PHE,460,O,247,0.008233058898036731
TYR,216,OH,GLU,166,OE1,246,0.008199726675777475
ARG,204,N,HIE,203,ND1,244,0.008133062231258958
GLY,410,N,CM1,408,O,244,0.008133062231258958
GLN,165,NE2,GLU,166,OE2,241,0.008033065564481185
GLY,450,N,ILE,181,O,239,0.007966401119962668
LEU,12,N,LEU,9,O,238,0.00793306889770341
LEU,312,N,GLU,115,OE2,238,0.00793306889770341
THR,39,OG1,VAL,47,O,233,0.0077664077864071195
THR,227,OG1,GLU,226,O,232,0.007733075564147862
ARG,92,NH1,ARG,81,O,230,0.007666411119629346
GLU,166,N,GLU,166,OE2,229,0.007633078897370088
ARG,350,NH2,GLU,54,OE1,229,0.007633078897370088
LYS,208,NZ,GLN,211,OE1,227,0.007566414452851572
LYS,223,NZ,THR,227,OG1,225,0.007499750008333056
LYS,394,NZ,GLU,396,OE2,225,0.007499750008333056
SER,276,OG,PHE,143,O,224,0.0074664177860737976
ARG,280,NH1,GLU,273,OE1,222,0.007399753341555282
ARG,29,NH2,GLU,32,OE1,221,0.007366421119296023
THR,264,OG1,ASN,261,O,220,0.007333088897036766
ARG,308,N,GLN,427,NE2,220,0.007333088897036766
LYS,111,N,MET,109,O,218,0.007266424452518249
ARG,225,NH2,GLU,245,OE1,218,0.007266424452518249
ARG,415,N,GLY,412,O,217,0.0072330922302589916
ARG,415,NH1,TYR,326,OH,217,0.0072330922302589916
ARG,29,N,SER,26,O,216,0.007199760007999733
SER,256,OG,GLN,258,OE1,215,0.007166427785740476
THR,272,N,ALA,270,O,214,0.007133095563481217
ARG,105,NH1,GLU,411,OE1,212,0.007066431118962701
ARG,463,NH1,PHE,429,O,212,0.007066431118962701
LYS,405,NZ,SER,68,O,211,0.007033098896703443
HIE,313,NE2,GLU,311,OE1,210,0.0069997666744441855
ARG,105,N,SER,100,O,209,0.006966434452184927
HIE,161,N,ASP,164,OD2,208,0.006933102229925669
TYR,456,N,PRO,454,O,207,0.006899770007666411
LYS,169,NZ,ASN,172,OD1,206,0.006866437785407153
LYS,234,NZ,THR,227,O,206,0.006866437785407153
LEU,362,N,MET,337,O,205,0.006833105563147895
SER,68,OG,GLU,65,OE2,204,0.006799773340888637
TYR,373,N,ASP,370,OD2,203,0.006766441118629379
ARG,81,NH1,ASN,259,OD1,202,0.006733108896370121
ARG,105,N,THR,102,O,202,0.006733108896370121
LYS,246,NZ,LEU,242,O,198,0.0065997800073330885
THR,395,OG1,LYS,393,O,198,0.0065997800073330885
ARG,280,NH1,SER,276,OG,196,0.006533115562814573
THR,39,OG1,PHE,38,O,195,0.006499783340555315
VAL,435,N,SER,433,O,195,0.006499783340555315
ARG,81,NH1,ASP,77,OD2,194,0.006466451118296057
ARG,117,NH2,SER,153,OG,194,0.006466451118296057
LYS,394,NZ,GLU,396,OE1,194,0.006466451118296057
ARG,45,N,GLY,43,O,192,0.006399786673777541
VAL,184,N,GLU,446,OE2,192,0.006399786673777541
GLN,211,NE2,TYR,207,O,192,0.006399786673777541
GLN,211,NE2,ASN,214,OD1,192,0.006399786673777541
LEU,228,N,GLU,226,O,191,0.0063664544515182825
SER,113,OG,GLU,417,OE1,190,0.006333122229259025
ARG,29,NH2,ASP,19,OD1,189,0.006299790006999767
ARG,225,NH1,GLU,226,OE1,189,0.006299790006999767
ARG,92,N,ASN,89,O,188,0.006266457784740508
PHE,374,N,PRO,371,O,188,0.006266457784740508
GLY,450,N,GLY,448,O,188,0.006266457784740508
ILE,425,N,PHE,422,O,187,0.006233125562481251
GLU,128,N,LEU,125,O,186,0.006199793340221992
ARG,98,NE,ARG,98,O,185,0.006166461117962735
GLN,165,NE2,GLN,163,OE1,185,0.006166461117962735
ARG,308,NH2,GLU,311,OE2,184,0.0061331288957034765
LEU,196,N,SER,193,O,183,0.006099796673444218
TYR,373,N,ASP,370,OD1,182,0.006066464451184961
ARG,295,NH1,HIE,291,O,181,0.006033132228925702
LYS,234,NZ,GLY,110,O,180,0.005999800006666445
ASP,235,N,ASP,238,OD2,180,0.005999800006666445
GLN,123,NE2,GLN,123,O,179,0.005966467784407186
GLN,211,NE2,GLN,211,O,178,0.005933135562147928
ARG,280,NE,THR,140,OG1,178,0.005933135562147928
HIE,291,N,HIE,291,ND1,178,0.005933135562147928
LYS,72,NZ,GLU,190,OE1,177,0.0058998033398886705
THR,147,OG1,THR,272,O,177,0.0058998033398886705
ARG,330,NE,GLU,327,OE1,177,0.0058998033398886705
LYS,33,NZ,TYR,34,OH,176,0.005866471117629412
ARG,204,NH2,PHE,199,O,176,0.005866471117629412
ASN,261,ND2,GLN,258,OE1,176,0.005866471117629412
LYS,25,NZ,ASP,19,OD2,175,0.005833138895370155
HIE,203,N,HIE,203,ND1,173,0.005766474450851638
SER,256,N,GLU,254,O,173,0.005766474450851638
SER,249,OG,ASN,250,OD1,172,0.00573314222859238
LYS,133,N,LEU,129,O,171,0.005699810006333122
ARG,29,NH2,GLU,32,OE2,170,0.0056664777840738645
ARG,350,NH2,GLU,54,O,170,0.0056664777840738645
LYS,197,NZ,TYR,198,OH,167,0.00556648111729609
SER,276,OG,GLU,273,OE2,167,0.00556648111729609
GLN,165,NE2,GLN,165,O,166,0.005533148895036832
ARG,225,NH1,GLU,245,OE2,166,0.005533148895036832
ASN,263,ND2,SER,100,OG,166,0.005533148895036832
LYS,451,NZ,ASP,333,O,166,0.005533148895036832
ARG,29,NH2,SER,26,OG,165,0.005499816672777574
THR,395,OG1,GLU,396,OE2,165,0.005499816672777574
GLN,345,NE2,THR,344,O,164,0.005466484450518316
ILE,73,N,GLY,71,O,163,0.005433152228259058
SER,113,N,GLU,116,OE1,163,0.005433152228259058
TYR,162,N,SER,145,OG,163,0.005433152228259058
HIE,313,NE2,GLU,311,OE2,162,0.0053998200059998
ARG,20,NH1,LEU,15,O,161,0.005366487783740542
ASN,250,ND2,HIE,252,ND1,161,0.005366487783740542
THR,455,OG1,ASP,138,OD2,161,0.005366487783740542
ARG,406,NH2,ASN,89,OD1,159,0.005299823339222026
ARG,225,NH1,HIE,257,ND1,158,0.0052664911169627675
GLN,123,NE2,GLU,120,OE2,156,0.005199826672444252
TYR,326,OH,GLU,322,OE2,155,0.005166494450184994
GLN,17,N,GLN,17,OE1,153,0.005099830005666478
ASN,209,ND2,GLN,176,O,153,0.005099830005666478
LYS,111,NZ,GLU,115,OE1,152,0.00506649778340722
LYS,133,NZ,LYS,131,O,152,0.00506649778340722
ARG,81,N,PRO,78,O,150,0.004999833338888704
LYS,25,NZ,ARG,21,O,149,0.004966501116629446
GLY,69,N,THR,344,OG1,149,0.004966501116629446
LYS,288,NZ,GLU,438,OE1,149,0.004966501116629446
ASP,229,N,THR,227,O,148,0.004933168894370188
SER,68,N,ALA,64,O,147,0.00489983667211093
VAL,114,N,ARG,112,O,146,0.004866504449851671
LYS,223,NZ,HIE,219,O,146,0.004866504449851671
ARG,350,NH1,GLU,54,OE2,146,0.004866504449851671
LYS,33,NZ,GLU,32,OE1,145,0.004833172227592414
GLN,123,NE2,GLU,120,OE1,145,0.004833172227592414
ARG,225,NH2,HIE,257,ND1,145,0.004833172227592414
HIE,257,NE2,GLY,218,O,144,0.0047998400053331555
LYS,405,NZ,LEU,60,O,144,0.0047998400053331555
TYR,34,N,ARG,31,O,143,0.004766507783073898
ASN,149,N,ILE,146,O,143,0.004766507783073898
HIE,252,N,ASN,250,ND2,143,0.004766507783073898
GLU,121,N,ILE,118,O,142,0.00473317556081464
THR,227,OG1,GLU,226,OE2,142,0.00473317556081464
LEU,242,N,THR,239,O,142,0.00473317556081464
LYS,288,NZ,GLU,438,OE2,142,0.00473317556081464
MET,109,N,PHE,107,O,141,0.004699843338555381
LYS,197,NZ,SER,193,O,141,0.004699843338555381
SER,276,OG,GLU,273,OE1,141,0.004699843338555381
LEU,284,N,TYR,281,O,141,0.004699843338555381
LYS,451,NZ,SER,332,O,141,0.004699843338555381
ARG,308,NH2,GLU,311,OE1,140,0.004666511116296124
LYS,317,NZ,ASP,314,OD2,140,0.004666511116296124
GLN,119,N,GLU,116,O,139,0.004633178894036865
ASN,172,ND2,GLN,176,NE2,139,0.004633178894036865
THR,395,OG1,GLU,396,OE1,139,0.004633178894036865
ARG,98,N,VAL,95,O,137,0.0045665144495183494
ARG,308,NH2,VAL,303,O,137,0.0045665144495183494
THR,344,OG1,ILE,342,O,137,0.0045665144495183494
ILE,181,N,PHE,178,O,136,0.004533182227259091
VAL,95,N,ARG,92,O,134,0.004466517782740575
CM1,408,N,SER,402,O,134,0.004466517782740575
ARG,31,NH1,THR,366,O,133,0.004433185560481318
ARG,225,NH1,GLU,245,OE1,133,0.004433185560481318
ILE,399,N,ALA,397,O,133,0.004433185560481318
ARG,98,NH1,HID,243,NE2,131,0.004366521115962801
LEU,420,N,GLU,417,O,131,0.004366521115962801
ARG,112,NH2,ILE,150,O,130,0.004333188893703543
GLN,258,NE2,GLN,258,O,130,0.004333188893703543
ASN,261,ND2,ASN,214,ND2,130,0.004333188893703543
LYS,317,NZ,HIE,313,ND1,130,0.004333188893703543
PHE,460,N,GLY,134,O,130,0.004333188893703543
LYS,234,NZ,PHE,107,O,129,0.004299856671444285
ASN,259,ND2,GLU,254,OE2,129,0.004299856671444285
HIE,161,N,ASP,164,OD1,128,0.0042665244491850276
ARG,204,NH1,TYR,198,O,128,0.0042665244491850276
GLN,258,NE2,ASN,259,OD1,128,0.0042665244491850276
GLN,345,NE2,GLU,65,OE2,128,0.0042665244491850276
LYS,288,NZ,GLU,438,O,127,0.004233192226925769
LYS,111,NZ,GLU,115,OE2,126,0.004199860004666511
GLU,254,N,GLU,254,OE1,126,0.004199860004666511
TYR,320,N,GLU,299,OE1,125,0.004166527782407253
SER,231,OG,ALA,232,O,124,0.004133195560147995
GLN,123,NE2,GLU,127,OE1,123,0.004099863337888737
VAL,184,N,GLU,446,OE1,123,0.004099863337888737
TYR,207,OH,PRO,78,O,123,0.004099863337888737
ASN,214,ND2,ASN,214,O,123,0.004099863337888737
ARG,308,N,HIE,307,ND1,123,0.004099863337888737
ARG,280,NH1,TYR,175,OH,122,0.004066531115629479
GLY,52,N,ASP,36,O,121,0.004033198893370221
SER,153,OG,ILE,150,O,121,0.004033198893370221
LEU,279,N,SER,276,O,121,0.004033198893370221
SER,153,N,ILE,150,O,120,0.003999866671110963
LYS,356,NZ,GLN,345,OE1,120,0.003999866671110963
CYS,124,N,GLU,121,O,119,0.003966534448851705
THR,147,N,GLN,144,O,119,0.003966534448851705
LYS,111,NZ,ASP,106,OD1,117,0.003899870004333189
GLN,205,NE2,GLN,205,O,117,0.003899870004333189
GLN,258,N,HIE,257,ND1,116,0.003866537782073931
ARG,463,NH1,SER,430,OG,116,0.003866537782073931
ARG,112,NE,GLU,120,OE2,114,0.0037998733375554147
ARG,57,NH2,GLU,58,OE1,112,0.0037332088930368988
TYR,216,OH,ASP,164,OD2,112,0.0037332088930368988
SER,276,OG,THR,147,OG1,112,0.0037332088930368988
ASN,14,ND2,ARG,7,O,111,0.003699876670777641
ARG,20,NH1,MET,18,O,111,0.003699876670777641
LYS,94,N,ASN,91,O,111,0.003699876670777641
LYS,158,NZ,GLU,166,OE1,111,0.003699876670777641
GLN,123,NE2,GLU,127,OE2,109,0.0036332122262591245
ASN,209,N,VAL,206,O,109,0.0036332122262591245
GLY,390,N,ASP,387,OD2,109,0.0036332122262591245
LYS,33,NZ,GLU,32,OE2,108,0.0035998800039998666
ILE,237,N,ASP,235,OD1,108,0.0035998800039998666
SER,266,N,ASN,263,O,108,0.0035998800039998666
GLN,457,NE2,TYR,456,O,108,0.0035998800039998666
SER,276,OG,GLN,144,OE1,107,0.0035665477817406087
ARG,280,NH2,PRO,454,O,107,0.0035665477817406087
PHE,107,N,THR,102,O,106,0.0035332155594813507
GLN,205,N,ALA,202,O,106,0.0035332155594813507
LYS,208,NZ,ASN,209,OD1,106,0.0035332155594813507
ARG,280,NH2,ASP,138,OD2,106,0.0035332155594813507
GLU,411,N,GLU,411,OE1,106,0.0035332155594813507
GLN,345,NE2,GLU,65,OE1,105,0.0034998833372220928
SER,132,OG,PHE,460,O,104,0.0034665511149628344
SER,145,N,LEU,142,O,103,0.0034332188927035765
TYR,162,OH,GLU,121,OE1,103,0.0034332188927035765
ASN,209,ND2,GLN,205,NE2,103,0.0034332188927035765
GLN,258,NE2,SER,256,OG,103,0.0034332188927035765
ASN,261,ND2,GLN,258,O,102,0.0033998866704443185
GLN,119,NE2,GLN,123,OE1,101,0.0033665544481850606
ARG,130,NH1,ASN,428,OD1,101,0.0033665544481850606
GLN,205,NE2,ASN,209,ND2,101,0.0033665544481850606
LYS,169,NZ,GLN,165,OE1,100,0.0033332222259258026
THR,278,OG1,SER,332,OG,100,0.0033332222259258026
ASN,172,ND2,GLN,176,OE1,99,0.0032998900036665443
ALA,379,N,PRO,377,O,99,0.0032998900036665443
ARG,29,NE,GLU,32,OE2,98,0.0032665577814072863
ARG,315,NH2,ARG,415,O,98,0.0032665577814072863
ARG,105,NH1,LEU,409,O,97,0.0032332255591480284
GLN,119,NE2,GLU,115,OE1,97,0.0032332255591480284
ARG,298,NH1,GLU,294,O,96,0.0031998933368887704
SER,26,N,LEU,23,O,95,0.0031665611146295125
ASN,91,N,ASN,89,OD1,94,0.003133228892370254
GLN,302,NE2,GLN,302,O,94,0.003133228892370254
LEU,368,N,SER,365,O,94,0.003133228892370254
PHE,419,N,ALA,416,O,94,0.003133228892370254
ARG,130,N,GLU,127,O,93,0.003099896670110996
HIE,161,NE2,GLU,121,OE1,93,0.003099896670110996
GLY,201,N,PHE,199,O,93,0.003099896670110996
GLU,254,N,GLU,254,OE2,91,0.0030332322255924803
ASP,333,N,PHE,331,O,91,0.0030332322255924803
VAL,449,N,GLN,187,OE1,91,0.0030332322255924803
GLU,166,N,GLU,166,OE1,90,0.0029999000033332224
THR,347,OG1,SER,348,O,90,0.0029999000033332224
THR,366,OG1,CYS,51,O,90,0.0029999000033332224
LYS,111,NZ,GLU,417,OE2,89,0.002966567781073964
ARG,112,NE,GLU,120,OE1,89,0.002966567781073964
THR,227,OG1,GLU,226,OE1,89,0.002966567781073964
ARG,280,NH2,ASP,138,OD1,89,0.002966567781073964
ARG,57,NH1,GLU,58,OE2,88,0.002933235558814706
ARG,204,NE,LYS,197,O,88,0.002933235558814706
SER,113,OG,GLU,116,OE1,87,0.002899903336555448
THR,147,OG1,THR,272,OG1,87,0.002899903336555448
THR,227,OG1,ASP,238,OD1,87,0.002899903336555448
LEU,260,N,HIE,257,O,87,0.002899903336555448
LYS,288,NZ,TYR,289,OH,87,0.002899903336555448
THR,358,OG1,LYS,356,O,87,0.002899903336555448
LYS,72,NZ,GLU,190,OE2,85,0.0028332388920369322
ASN,91,ND2,GLU,254,OE2,85,0.0028332388920369322
GLY,134,N,SER,132,O,85,0.0028332388920369322
GLN,165,N,GLN,163,O,85,0.0028332388920369322
ARG,350,NE,ASP,36,OD1,85,0.0028332388920369322
ARG,117,NE,ASN,149,O,83,0.002766574447518416
LEU,125,N,ALA,122,O,83,0.002766574447518416
ARG,159,NH1,ASN,149,OD1,83,0.002766574447518416
ARG,159,NH2,ASN,149,ND2,83,0.002766574447518416
HIE,41,NE2,PRO,10,O,81,0.0026999100029999
THR,395,OG1,TYR,373,O,81,0.0026999100029999
LYS,25,N,GLY,22,O,80,0.002666577780740642
GLY,69,N,PHE,67,O,80,0.002666577780740642
SER,256,OG,ASN,259,ND2,80,0.002666577780740642
LYS,356,N,HIE,346,NE2,80,0.002666577780740642
HIP,384,NE2,LYS,376,O,79,0.0026332455584813837
LYS,393,NZ,THR,395,OG1,79,0.0026332455584813837
ARG,406,NH2,SER,68,O,79,0.0026332455584813837
PHE,30,N,PHE,27,O,78,0.002599913336222126
ARG,330,NH1,HID,369,ND1,78,0.002599913336222126
ARG,112,NH2,GLY,108,O,77,0.002566581113962868
LYS,158,NZ,GLU,166,OE2,77,0.002566581113962868
LYS,33,NZ,ARG,29,O,75,0.002499916669444352
ARG,81,NH2,PRO,78,O,75,0.002499916669444352
SER,113,OG,VAL,114,O,75,0.002499916669444352
ILE,126,N,GLN,123,O,75,0.002499916669444352
GLN,144,NE2,LEU,171,O,75,0.002499916669444352
TYR,162,OH,LEU,125,N,75,0.002499916669444352
HID,243,ND1,GLU,247,OE2,75,0.002499916669444352
ARG,29,NE,GLU,32,OE1,73,0.0024332522249258357
ARG,92,NH2,ARG,81,O,73,0.0024332522249258357
ASN,389,N,ASP,387,O,73,0.0024332522249258357
GLN,144,NE2,ASN,172,OD1,72,0.0023999200026665777
ILE,325,N,GLU,322,O,72,0.0023999200026665777
GLU,58,N,ALA,55,O,71,0.00236658778040732
ALA,59,N,ILE,56,O,71,0.00236658778040732
GLN,258,NE2,HIE,257,NE2,71,0.00236658778040732
ARG,280,NH1,GLU,273,OE2,71,0.00236658778040732
ARG,280,NH2,GLN,445,OE1,71,0.00236658778040732
ARG,112,NH2,LYS,234,O,70,0.002333255558148062
SER,231,OG,ASP,229,O,70,0.002333255558148062
ARG,57,NE,ASP,62,OD1,69,0.002299923335888804
LYS,63,NZ,GLU,58,O,69,0.002299923335888804
ASP,235,N,ASP,238,OD1,69,0.002299923335888804
GLY,351,N,SER,348,O,69,0.002299923335888804
LEU,28,N,LYS,25,O,68,0.0022665911136295455
ARG,57,NH1,TYR,373,OH,68,0.0022665911136295455
SER,132,OG,GLU,128,OE1,68,0.0022665911136295455
MET,170,N,PHE,167,O,68,0.0022665911136295455
ASN,209,ND2,ASN,209,O,68,0.0022665911136295455
LYS,393,NZ,HIP,384,O,68,0.0022665911136295455
SER,231,N,ASP,229,O,67,0.0022332588913702876
ARG,45,NH1,PRO,46,O,66,0.0021999266691110297
LYS,111,NZ,ARG,105,O,66,0.0021999266691110297
ASN,149,ND2,ARG,159,NH2,66,0.0021999266691110297
LYS,169,NZ,GLN,165,O,66,0.0021999266691110297
GLN,187,NE2,LEU,24,N,66,0.0021999266691110297
ILE,213,N,LEU,210,O,66,0.0021999266691110297
LYS,234,NZ,LYS,111,O,66,0.0021999266691110297
GLU,411,N,GLU,411,OE2,66,0.0021999266691110297
GLY,450,N,SER,182,OG,66,0.0021999266691110297
ARG,98,NE,THR,102,OG1,65,0.0021665944468517717
GLN,119,NE2,GLU,116,O,65,0.0021665944468517717
SER,132,OG,GLU,128,OE2,65,0.0021665944468517717
CM1,408,N,PHE,401,O,65,0.0021665944468517717
GLU,127,N,CYS,124,O,64,0.0021332622245925138
TYR,207,OH,GLN,211,OE1,64,0.0021332622245925138
ARG,308,N,GLY,305,O,64,0.0021332622245925138
GLN,345,NE2,ALA,66,O,64,0.0021332622245925138
THR,395,OG1,LYS,394,O,64,0.0021332622245925138
LYS,248,NZ,PHE,255,O,63,0.0020999300023332554
ARG,7,NH2,GLY,5,O,62,0.0020665977800739975
ARG,98,NH2,ASP,106,OD1,62,0.0020665977800739975
PHE,141,N,ASP,138,O,62,0.0020665977800739975
LYS,234,NZ,GLY,108,O,62,0.0020665977800739975
LYS,248,NZ,MET,244,O,62,0.0020665977800739975
ARG,57,NH2,TYR,373,OH,61,0.0020332655578147395
ARG,308,NE,ILE,304,O,61,0.0020332655578147395
GLN,445,NE2,GLN,445,O,61,0.0020332655578147395
ASN,172,ND2,ASN,172,O,60,0.0019999333355554816
ILE,237,N,ASP,235,OD2,60,0.0019999333355554816
ASP,441,N,ASP,439,O,60,0.0019999333355554816
THR,147,OG1,THR,275,OG1,59,0.0019666011132962236
GLY,390,N,ASP,387,OD1,59,0.0019666011132962236
GLN,445,NE2,GLU,446,OE2,59,0.0019666011132962236
TYR,198,OH,GLY,194,O,58,0.0019332688910369655
ARG,20,NH1,LEU,16,O,57,0.0018999366687777073
ARG,57,NH2,GLU,58,OE2,57,0.0018999366687777073
SER,132,OG,LYS,133,O,57,0.0018999366687777073
THR,227,OG1,ASP,238,OD2,57,0.0018999366687777073
PHE,255,N,SER,253,O,57,0.0018999366687777073
ILE,151,N,ALA,148,O,56,0.0018666044465184494
LYS,234,NZ,SER,231,O,56,0.0018666044465184494
TYR,289,N,MET,286,O,56,0.0018666044465184494
LYS,376,NZ,ASP,383,OD1,56,0.0018666044465184494
ARG,45,NH1,GLU,190,OE2,55,0.0018332722242591915
GLN,119,NE2,GLN,119,O,55,0.0018332722242591915
ALA,251,N,ASN,250,OD1,55,0.0018332722242591915
HIE,372,N,HIE,372,ND1,55,0.0018332722242591915
ARG,57,NH2,GLU,396,O,54,0.0017999400019999333
GLN,211,NE2,GLU,212,OE2,54,0.0017999400019999333
THR,264,N,ASN,261,O,54,0.0017999400019999333
ARG,308,NH2,PRO,309,O,54,0.0017999400019999333
ARG,7,N,GLN,17,OE1,53,0.0017666077797406754
LEU,191,N,GLN,187,O,53,0.0017666077797406754
SER,253,N,ASN,250,OD1,53,0.0017666077797406754
MET,337,N,GLY,448,O,53,0.0017666077797406754
LYS,72,NZ,ARG,70,O,52,0.0017332755574814172
ASN,14,ND2,HIE,41,ND1,51,0.0016999433352221593
ASN,91,ND2,ASN,91,O,51,0.0016999433352221593
ARG,117,NH1,ILE,150,O,51,0.0016999433352221593
LYS,158,NZ,HIE,219,ND1,51,0.0016999433352221593
LYS,394,NZ,GLU,322,OE1,51,0.0016999433352221593
ASN,14,ND2,GLY,13,O,50,0.0016666111129629013
ARG,57,NE,GLU,396,O,50,0.0016666111129629013
ARG,225,NH1,ARG,225,O,50,0.0016666111129629013
HIE,307,N,HIE,307,ND1,50,0.0016666111129629013
ASP,357,N,THR,344,O,50,0.0016666111129629013
ASN,381,ND2,GLU,375,OE1,50,0.0016666111129629013
PHE,422,N,PHE,419,O,50,0.0016666111129629013
ARG,112,NH1,THR,103,O,49,0.0016332788907036432
LYS,208,N,GLN,205,O,49,0.0016332788907036432
ALA,293,N,PRO,290,O,49,0.0016332788907036432
ARG,31,N,LEU,28,O,48,0.0015999466684443852
PHE,99,N,LEU,96,O,48,0.0015999466684443852
ARG,117,NH1,GLU,116,OE1,48,0.0015999466684443852
ASN,149,ND2,ARG,159,NH1,48,0.0015999466684443852
LYS,158,NZ,SER,220,OG,48,0.0015999466684443852
ASP,164,N,TYR,162,O,48,0.0015999466684443852
THR,277,OG1,GLU,273,OE1,48,0.0015999466684443852
LYS,25,NZ,ASP,19,OD1,47,0.001566614446185127
GLN,211,NE2,GLU,212,OE1,47,0.001566614446185127
ASN,381,ND2,PHE,380,O,47,0.001566614446185127
GLN,427,N,THR,424,O,47,0.001566614446185127
ARG,1,NH2,LEU,2,O,46,0.0015332822239258691
THR,102,OG1,ASP,106,OD2,46,0.0015332822239258691
ARG,130,NH1,GLN,123,OE1,46,0.0015332822239258691
ASN,209,ND2,GLN,205,OE1,46,0.0015332822239258691
ASN,381,ND2,LYS,376,O,46,0.0015332822239258691
VAL,206,N,HIE,203,O,45,0.0014999500016666112
ARG,225,NE,GLU,245,OE2,45,0.0014999500016666112
TYR,352,N,ARG,350,O,45,0.0014999500016666112
GLY,35,N,PHE,30,O,44,0.001466617779407353
ARG,57,NH1,GLU,58,OE1,44,0.001466617779407353
ARG,81,NH1,ASP,77,O,44,0.001466617779407353
GLN,123,NE2,GLU,120,O,44,0.001466617779407353
MET,318,N,ASP,314,O,44,0.001466617779407353
ARG,98,NH1,ASP,106,OD2,43,0.001433285557148095
ARG,112,NH1,SER,113,O,43,0.001433285557148095
LYS,394,NZ,THR,395,O,43,0.001433285557148095
ARG,92,NH1,HIE,252,O,42,0.001399953334888837
HIE,161,NE2,TYR,162,OH,42,0.001399953334888837
HIE,161,NE2,GLN,163,OE1,42,0.001399953334888837
TYR,207,N,ARG,204,O,42,0.001399953334888837
HID,243,ND1,GLU,247,OE1,42,0.001399953334888837
THR,277,OG1,GLU,273,OE2,42,0.001399953334888837
ARG,295,N,VAL,292,O,42,0.001399953334888837
LYS,405,NZ,ASN,89,OD1,42,0.001399953334888837
THR,455,OG1,THR,455,O,42,0.001399953334888837
PHE,107,N,THR,103,O,41,0.001366621112629579
ARG,117,NH1,ASN,149,ND2,41,0.001366621112629579
ARG,159,NH1,SER,153,OG,41,0.001366621112629579
LEU,236,N,VAL,155,O,41,0.001366621112629579
ARG,280,NH2,GLU,273,OE1,41,0.001366621112629579
ASP,370,N,THR,366,O,41,0.001366621112629579
GLN,445,NE2,GLU,446,OE1,41,0.001366621112629579
GLN,457,NE2,ASP,138,N,41,0.001366621112629579
ASN,91,ND2,ASN,89,OD1,40,0.001333288890370321
ARG,112,NH2,SER,153,OG,40,0.001333288890370321
SER,145,OG,PHE,160,O,40,0.001333288890370321
GLU,254,N,GLU,247,OE1,40,0.001333288890370321
HIE,161,NE2,GLU,128,OE1,39,0.001299956668111063
HIE,219,NE2,GLU,166,OE1,39,0.001299956668111063
GLU,254,N,HIE,252,O,39,0.001299956668111063
TYR,281,OH,LYS,451,O,39,0.001299956668111063
GLN,445,NE2,SER,179,OG,39,0.001299956668111063
ASN,89,ND2,PHE,87,O,38,0.001266624445851805
GLY,157,N,CYS,152,O,38,0.001266624445851805
TYR,289,OH,ASP,378,O,38,0.001266624445851805
ASN,381,ND2,GLU,375,OE2,38,0.001266624445851805
VAL,53,N,TYR,373,OH,37,0.001233292223592547
THR,103,OG1,SER,100,O,37,0.001233292223592547
ARG,112,NH2,THR,103,O,37,0.001233292223592547
SER,153,OG,GLY,157,O,37,0.001233292223592547
GLN,211,N,LYS,208,O,37,0.001233292223592547
HIE,372,NE2,GLU,54,OE2,37,0.001233292223592547
GLY,390,N,ALA,388,O,37,0.001233292223592547
LYS,394,NZ,GLU,322,OE2,37,0.001233292223592547
ARG,20,NH2,LEU,15,O,36,0.0011999600013332889
PHE,27,N,LEU,24,O,36,0.0011999600013332889
ASN,89,ND2,ASN,89,O,36,0.0011999600013332889
ASN,91,ND2,HIE,252,O,36,0.0011999600013332889
ARG,92,NH2,HIE,252,O,36,0.0011999600013332889
ARG,98,NH2,GLU,247,OE2,36,0.0011999600013332889
GLU,115,N,ARG,112,NH2,36,0.0011999600013332889
LYS,197,N,PHE,195,O,36,0.0011999600013332889
LYS,248,N,LYS,246,O,36,0.0011999600013332889
ALA,251,N,SER,249,O,36,0.0011999600013332889
HIE,257,N,HIE,257,ND1,36,0.0011999600013332889
GLY,271,N,THR,274,OG1,36,0.0011999600013332889
ASP,383,N,ASN,381,ND2,36,0.0011999600013332889
PHE,398,N,THR,395,OG1,36,0.0011999600013332889
HIP,224,ND1,ASP,238,OD1,35,0.001166627779074031
ARG,350,NE,GLU,54,OE1,35,0.001166627779074031
LYS,376,NZ,ASP,383,OD2,35,0.001166627779074031
ARG,463,NH2,SER,430,OG,35,0.001166627779074031
ARG,81,NH2,GLN,258,OE1,34,0.0011332955568147728
GLN,119,NE2,GLU,116,OE1,34,0.0011332955568147728
GLN,119,NE2,GLU,116,OE2,34,0.0011332955568147728
ASN,214,ND2,ASN,261,ND2,34,0.0011332955568147728
GLU,322,N,PRO,319,O,34,0.0011332955568147728
ARG,45,NH1,GLU,190,OE1,33,0.0010999633345555148
ASN,91,ND2,HIE,252,ND1,33,0.0010999633345555148
LYS,111,NZ,ASP,235,OD2,33,0.0010999633345555148
ARG,112,NH1,GLU,417,OE2,33,0.0010999633345555148
HIE,161,NE2,GLU,128,OE2,33,0.0010999633345555148
GLN,176,NE2,GLN,205,OE1,33,0.0010999633345555148
ARG,204,NH2,LEU,196,O,33,0.0010999633345555148
LYS,246,NZ,HID,243,O,33,0.0010999633345555148
VAL,292,N,HIE,291,ND1,33,0.0010999633345555148
THR,455,N,GLN,445,NE2,33,0.0010999633345555148
ARG,29,NH1,SER,26,OG,32,0.0010666311122962569
LYS,63,N,ALA,59,O,32,0.0010666311122962569
ARG,112,NE,SER,113,OG,32,0.0010666311122962569
ARG,112,NH1,GLU,115,OE2,32,0.0010666311122962569
ARG,112,NH2,SER,113,O,32,0.0010666311122962569
ARG,130,NH1,ASN,428,O,32,0.0010666311122962569
ARG,159,NH2,ASN,149,OD1,32,0.0010666311122962569
ASP,238,N,ASP,235,O,32,0.0010666311122962569
HIE,313,N,HIE,313,ND1,32,0.0010666311122962569
GLN,457,NE2,THR,455,OG1,32,0.0010666311122962569
ARG,81,NH1,GLN,258,OE1,31,0.0010332988900369987
ARG,98,NH1,ARG,98,O,31,0.0010332988900369987
PHE,107,N,MET,104,O,31,0.0010332988900369987
LYS,111,NZ,ALA,232,O,31,0.0010332988900369987
ARG,112,NH2,SER,113,OG,31,0.0010332988900369987
ARG,117,NH1,GLU,116,OE2,31,0.0010332988900369987
LYS,158,NZ,TYR,216,O,31,0.0010332988900369987
LYS,223,NZ,GLU,166,OE2,31,0.0010332988900369987
SER,256,OG,GLU,254,O,31,0.0010332988900369987
ASN,259,ND2,TYR,240,OH,31,0.0010332988900369987
GLY,108,N,THR,103,O,30,0.0009999666677777408
GLN,163,N,HIE,161,NE2,30,0.0009999666677777408
LYS,169,N,GLU,166,O,30,0.0009999666677777408
ASN,172,N,LYS,169,O,30,0.0009999666677777408
GLU,226,N,GLU,226,OE1,30,0.0009999666677777408
THR,227,N,ARG,225,O,30,0.0009999666677777408
SER,249,N,GLU,247,O,30,0.0009999666677777408
SER,249,OG,GLU,245,O,30,0.0009999666677777408
VAL,296,N,ALA,293,O,30,0.0009999666677777408
GLN,427,NE2,PRO,306,O,30,0.0009999666677777408
ARG,459,NE,PHE,460,O,30,0.0009999666677777408
ARG,463,NE,SER,430,OG,30,0.0009999666677777408
ARG,7,NH1,GLY,5,O,29,0.0009666344455184827
ARG,57,NE,ASP,62,OD2,29,0.0009666344455184827
MET,337,N,VAL,449,O,29,0.0009666344455184827
GLY,90,N,ASN,89,ND2,28,0.0009333022232592247
LYS,131,NZ,TYR,162,OH,28,0.0009333022232592247
VAL,221,N,GLY,218,O,28,0.0009333022232592247
MET,244,N,LEU,241,O,28,0.0009333022232592247
LYS,288,N,LEU,285,O,28,0.0009333022232592247
ARG,298,NH1,ARG,298,O,28,0.0009333022232592247
PHE,401,N,ILE,399,O,28,0.0009333022232592247
GLY,412,N,GLY,410,O,28,0.0009333022232592247
ARG,415,NH2,GLN,329,NE2,28,0.0009333022232592247
ARG,20,NE,MET,18,O,27,0.0008999700009999666
MET,75,N,GLU,190,OE1,27,0.0008999700009999666
ARG,117,NH2,ASN,149,OD1,27,0.0008999700009999666
TYR,175,OH,GLN,445,NE2,27,0.0008999700009999666
ASN,214,ND2,GLN,258,NE2,27,0.0008999700009999666
ARG,225,NE,ARG,225,O,27,0.0008999700009999666
ASN,250,N,LYS,248,O,27,0.0008999700009999666
PHE,255,N,GLU,247,OE1,27,0.0008999700009999666
SER,256,OG,ALA,251,O,27,0.0008999700009999666
SER,276,OG,THR,272,OG1,27,0.0008999700009999666
ARG,330,NH2,GLU,327,OE2,27,0.0008999700009999666
PHE,419,N,GLU,417,O,27,0.0008999700009999666
ILE,73,N,ASP,77,OD1,26,0.0008666377787407086
GLN,119,NE2,GLU,115,OE2,26,0.0008666377787407086
LYS,234,NZ,MET,109,O,26,0.0008666377787407086
ARG,308,N,ILE,304,O,26,0.0008666377787407086
LYS,133,NZ,ARG,130,O,25,0.0008333055564814507
SER,253,N,ALA,251,O,25,0.0008333055564814507
GLN,258,NE2,ASN,214,ND2,25,0.0008333055564814507
LEU,312,N,GLN,119,OE1,25,0.0008333055564814507
LYS,317,NZ,HIE,313,NE2,25,0.0008333055564814507
ILE,73,N,ASP,77,OD2,24,0.0007999733342221926
THR,102,N,PHE,99,O,24,0.0007999733342221926
ILE,146,N,PHE,143,O,24,0.0007999733342221926
LYS,234,NZ,ASP,229,O,24,0.0007999733342221926
ARG,280,NE,ASP,138,OD2,24,0.0007999733342221926
GLY,412,N,LEU,409,O,24,0.0007999733342221926
ARG,31,NH1,ASP,370,N,23,0.0007666411119629346
LEU,96,N,TRP,93,O,23,0.0007666411119629346
LYS,111,NZ,ASP,106,OD2,23,0.0007666411119629346
SER,113,OG,GLU,417,OE2,23,0.0007666411119629346
TYR,162,N,HIE,161,ND1,23,0.0007666411119629346
GLN,163,NE2,GLN,163,O,23,0.0007666411119629346
ILE,217,N,ASN,214,O,23,0.0007666411119629346
ASN,250,ND2,SER,253,OG,23,0.0007666411119629346
ARG,295,NH1,HIE,291,ND1,23,0.0007666411119629346
HIE,372,NE2,GLU,54,OE1,23,0.0007666411119629346
PHE,429,N,LEU,426,O,23,0.0007666411119629346
ARG,29,NH1,ARG,29,O,22,0.0007333088897036765
ARG,45,NH2,LEU,42,O,22,0.0007333088897036765
SER,132,N,ARG,130,O,22,0.0007333088897036765
PHE,143,N,THR,140,O,22,0.0007333088897036765
ARG,308,NE,PRO,309,O,22,0.0007333088897036765
GLY,450,N,SER,182,O,22,0.0007333088897036765
ILE,452,N,SER,182,OG,22,0.0007333088897036765
ARG,20,NE,ARG,20,O,21,0.0006999766674444185
LYS,63,NZ,GLU,65,OE2,21,0.0006999766674444185
LYS,94,NZ,GLY,90,O,21,0.0006999766674444185
ARG,98,NH1,THR,102,OG1,21,0.0006999766674444185
ARG,98,NH2,GLU,247,OE1,21,0.0006999766674444185
ARG,159,NH1,ASN,149,O,21,0.0006999766674444185
GLN,165,N,GLN,165,NE2,21,0.0006999766674444185
GLN,176,NE2,ASN,172,ND2,21,0.0006999766674444185
LYS,208,NZ,LYS,208,O,21,0.0006999766674444185
GLN,258,NE2,TYR,83,OH,21,0.0006999766674444185
ASN,261,ND2,GLY,218,N,21,0.0006999766674444185
GLU,294,N,HIE,291,O,21,0.0006999766674444185
ARG,7,NE,PRO,8,O,20,0.0006666444451851605
GLY,22,N,ARG,20,O,20,0.0006666444451851605
ARG,112,NE,GLY,110,O,20,0.0006666444451851605
ARG,112,NH2,GLU,116,O,20,0.0006666444451851605
ASN,172,ND2,LYS,169,O,20,0.0006666444451851605
GLN,205,NE2,PRO,200,O,20,0.0006666444451851605
GLN,205,NE2,GLY,201,O,20,0.0006666444451851605
LYS,223,N,SER,220,O,20,0.0006666444451851605
LYS,223,NZ,GLU,222,OE2,20,0.0006666444451851605
ARG,225,NH1,HIE,257,NE2,20,0.0006666444451851605
ASN,250,ND2,HIE,252,NE2,20,0.0006666444451851605
SER,256,OG,ASN,259,OD1,20,0.0006666444451851605
GLN,345,NE2,GLN,345,O,20,0.0006666444451851605
GLN,457,NE2,LEU,136,O,20,0.0006666444451851605
ARG,459,NE,LYS,133,O,20,0.0006666444451851605
ARG,112,NE,LYS,111,O,19,0.0006333122229259025
THR,147,OG1,GLY,271,O,19,0.0006333122229259025
GLN,163,N,HIE,161,O,19,0.0006333122229259025
SER,179,OG,GLN,445,OE1,19,0.0006333122229259025
HIE,252,NE2,GLU,247,OE1,19,0.0006333122229259025
ARG,295,NH1,TYR,320,OH,19,0.0006333122229259025
PHE,349,N,THR,347,O,19,0.0006333122229259025
VAL,449,N,SER,182,O,19,0.0006333122229259025
ARG,1,NH2,PRO,3,O,18,0.0005999800006666444
ARG,20,NH1,ASP,19,OD2,18,0.0005999800006666444
ARG,29,NH1,LYS,25,O,18,0.0005999800006666444
LYS,208,NZ,ARG,204,O,18,0.0005999800006666444
LYS,223,NZ,GLU,166,OE1,18,0.0005999800006666444
HIP,224,ND1,THR,227,OG1,18,0.0005999800006666444
ALA,232,N,ASP,229,OD1,18,0.0005999800006666444
TYR,240,N,ILE,237,O,18,0.0005999800006666444
ARG,308,NH2,ILE,304,O,18,0.0005999800006666444
ARG,315,NH1,GLY,412,O,18,0.0005999800006666444
THR,347,OG1,GLN,345,OE1,18,0.0005999800006666444
HID,369,ND1,PRO,377,O,18,0.0005999800006666444
LYS,376,NZ,ASN,381,OD1,18,0.0005999800006666444
GLY,412,N,ARG,415,NH1,18,0.0005999800006666444
ARG,21,N,ASP,19,O,17,0.0005666477784073864
ASP,36,N,ARG,350,NH1,17,0.0005666477784073864
LYS,111,NZ,SER,113,OG,17,0.0005666477784073864
ARG,112,NH1,LYS,111,O,17,0.0005666477784073864
ARG,112,NH1,LYS,234,O,17,0.0005666477784073864
ASN,149,ND2,TYR,162,OH,17,0.0005666477784073864
ARG,159,NE,PHE,160,O,17,0.0005666477784073864
THR,177,OG1,ASN,209,OD1,17,0.0005666477784073864
SER,182,OG,SER,179,O,17,0.0005666477784073864
PHE,199,N,LYS,197,O,17,0.0005666477784073864
TYR,207,OH,GLN,211,NE2,17,0.0005666477784073864
ASN,214,ND2,GLN,211,NE2,17,0.0005666477784073864
GLY,218,N,ALA,215,O,17,0.0005666477784073864
THR,239,N,LEU,236,O,17,0.0005666477784073864
LYS,246,NZ,ASN,250,OD1,17,0.0005666477784073864
ARG,298,NE,GLU,294,O,17,0.0005666477784073864
HIE,307,NE2,ARG,463,O,17,0.0005666477784073864
THR,455,OG1,GLN,445,NE2,17,0.0005666477784073864
SER,68,OG,SER,68,O,16,0.0005333155561481284
ARG,70,NH2,HID,341,ND1,16,0.0005333155561481284
ARG,92,NH1,SER,253,O,16,0.0005333155561481284
ARG,97,NH2,CM1,408,O,16,0.0005333155561481284
ARG,98,NH1,ASP,106,OD1,16,0.0005333155561481284
ARG,112,NH1,MET,109,O,16,0.0005333155561481284
SER,179,OG,GLN,176,OE1,16,0.0005333155561481284
SER,193,N,LEU,191,O,16,0.0005333155561481284
ASN,209,ND2,GLN,176,NE2,16,0.0005333155561481284
HIE,252,NE2,GLU,247,OE2,16,0.0005333155561481284
HIE,313,N,GLU,311,O,16,0.0005333155561481284
THR,395,N,LYS,393,O,16,0.0005333155561481284
THR,424,OG1,ALA,122,O,16,0.0005333155561481284
ILE,440,N,GLU,438,O,16,0.0005333155561481284
ARG,31,NE,CYS,51,O,15,0.0004999833338888704
ARG,92,NE,GLY,82,O,15,0.0004999833338888704
ARG,117,NH1,SER,113,O,15,0.0004999833338888704
GLN,123,NE2,GLN,119,NE2,15,0.0004999833338888704
THR,147,OG1,GLN,144,O,15,0.0004999833338888704
ASN,172,ND2,GLN,144,OE1,15,0.0004999833338888704
GLN,205,NE2,GLN,176,O,15,0.0004999833338888704
ARG,225,NE,GLU,245,OE1,15,0.0004999833338888704
ILE,237,N,ILE,154,O,15,0.0004999833338888704
THR,239,OG1,LEU,236,O,15,0.0004999833338888704
TYR,240,OH,ASN,263,ND2,15,0.0004999833338888704
ASN,250,ND2,SER,249,OG,15,0.0004999833338888704
SER,253,OG,ASN,250,OD1,15,0.0004999833338888704
ASN,261,ND2,HIE,257,NE2,15,0.0004999833338888704
THR,278,OG1,GLN,329,OE1,15,0.0004999833338888704
THR,347,OG1,HIE,346,O,15,0.0004999833338888704
GLU,359,N,GLU,359,OE1,15,0.0004999833338888704
ARG,459,NH1,LYS,133,O,15,0.0004999833338888704
LEU,23,N,GLN,187,NE2,14,0.00046665111162961235
ARG,31,NH1,THR,366,OG1,14,0.00046665111162961235
LYS,63,NZ,SER,348,OG,14,0.00046665111162961235
ALA,66,N,GLU,65,OE2,14,0.00046665111162961235
ARG,98,NH1,GLU,247,OE1,14,0.00046665111162961235
ARG,112,NH2,SER,153,O,14,0.00046665111162961235
LYS,131,NZ,GLN,163,OE1,14,0.00046665111162961235
SER,179,OG,GLU,446,OE1,14,0.00046665111162961235
HIE,219,NE2,GLU,166,OE2,14,0.00046665111162961235
ASN,250,N,LYS,246,O,14,0.00046665111162961235
TYR,297,OH,GLN,427,O,14,0.00046665111162961235
TYR,326,N,ALA,323,O,14,0.00046665111162961235
THR,344,OG1,GLN,345,NE2,14,0.00046665111162961235
THR,347,N,GLN,345,O,14,0.00046665111162961235
ARG,350,NE,GLU,54,OE2,14,0.00046665111162961235
HID,369,ND1,LEU,368,O,14,0.00046665111162961235
ASN,389,ND2,ASN,389,O,14,0.00046665111162961235
LYS,393,NZ,LYS,393,O,14,0.00046665111162961235
ARG,415,NE,GLN,329,NE2,14,0.00046665111162961235
SER,26,OG,GLN,17,O,13,0.0004333188893703543
ARG,31,NH2,THR,366,O,13,0.0004333188893703543
ASN,91,ND2,GLU,65,OE2,13,0.0004333188893703543
ARG,92,NH1,ASN,89,OD1,13,0.0004333188893703543
GLN,119,NE2,GLN,123,NE2,13,0.0004333188893703543
LYS,133,N,LYS,131,O,13,0.0004333188893703543
LYS,158,NZ,PHE,156,O,13,0.0004333188893703543
LYS,158,NZ,GLY,157,O,13,0.0004333188893703543
ARG,159,NE,ASN,149,ND2,13,0.0004333188893703543
GLN,176,NE2,GLN,205,NE2,13,0.0004333188893703543
ASN,209,ND2,THR,177,N,13,0.0004333188893703543
ASN,214,ND2,LEU,210,O,13,0.0004333188893703543
HIP,224,NE2,PHE,156,O,13,0.0004333188893703543
ALA,232,N,ASP,229,OD2,13,0.0004333188893703543
HID,243,ND1,HID,243,O,13,0.0004333188893703543
ARG,280,NH2,TYR,175,OH,13,0.0004333188893703543
ARG,315,NH2,GLU,115,OE1,13,0.0004333188893703543
ARG,350,NH2,ALA,55,N,13,0.0004333188893703543
GLY,404,N,SER,402,O,13,0.0004333188893703543
ARG,415,N,GLY,410,O,13,0.0004333188893703543
LEU,442,N,ASP,441,OD1,13,0.0004333188893703543
LYS,33,N,ARG,31,O,12,0.0003999866671110963
ASN,89,ND2,ALA,88,O,12,0.0003999866671110963
ARG,97,NH2,ARG,406,O,12,0.0003999866671110963
ARG,98,NH1,LYS,94,O,12,0.0003999866671110963
VAL,101,N,ARG,98,O,12,0.0003999866671110963
THR,102,OG1,ASP,106,O,12,0.0003999866671110963
PHE,107,N,VAL,101,O,12,0.0003999866671110963
ARG,112,NH1,GLU,116,O,12,0.0003999866671110963
ARG,117,NE,GLU,116,O,12,0.0003999866671110963
ARG,159,NE,SER,153,OG,12,0.0003999866671110963
SER,182,OG,GLU,446,O,12,0.0003999866671110963
SER,256,OG,SER,253,O,12,0.0003999866671110963
HIE,257,NE2,GLU,222,N,12,0.0003999866671110963
ASN,263,ND2,ASN,263,O,12,0.0003999866671110963
THR,272,OG1,GLU,273,OE2,12,0.0003999866671110963
GLN,329,N,TYR,326,O,12,0.0003999866671110963
GLU,359,N,GLU,359,OE2,12,0.0003999866671110963
HIP,384,NE2,GLU,375,OE2,12,0.0003999866671110963
THR,395,OG1,THR,395,O,12,0.0003999866671110963
ARG,406,NH1,HM1,464,O1A,12,0.0003999866671110963
GLY,22,N,ASP,19,OD2,11,0.00036665444485183826
ARG,29,NE,LYS,25,O,11,0.00036665444485183826
ALA,66,N,GLU,65,OE1,11,0.00036665444485183826
GLY,82,N,ASP,77,OD2,11,0.00036665444485183826
ARG,92,N,ASN,91,OD1,11,0.00036665444485183826
ARG,98,NH1,GLU,247,OE2,11,0.00036665444485183826
ARG,112,NH1,GLY,157,O,11,0.00036665444485183826
ARG,112,NH2,ALA,232,O,11,0.00036665444485183826
LYS,131,NZ,GLN,163,NE2,11,0.00036665444485183826
SER,179,OG,GLU,446,OE2,11,0.00036665444485183826
LYS,197,NZ,SER,193,OG,11,0.00036665444485183826
HIP,224,N,GLU,222,O,11,0.00036665444485183826
LYS,234,NZ,GLY,157,O,11,0.00036665444485183826
ASN,259,ND2,SER,256,OG,11,0.00036665444485183826
THR,272,OG1,THR,147,O,11,0.00036665444485183826
ARG,280,NH2,THR,455,OG1,11,0.00036665444485183826
ARG,298,N,ARG,295,O,11,0.00036665444485183826
SER,348,OG,GLY,351,O,11,0.00036665444485183826
SER,402,N,PRO,400,O,11,0.00036665444485183826
GLU,417,N,GLU,417,OE1,11,0.00036665444485183826
LEU,442,N,ASP,441,OD2,11,0.00036665444485183826
ARG,7,NH1,ARG,7,O,10,0.00033332222259258026
LYS,33,NZ,LYS,33,O,10,0.00033332222259258026
ARG,112,N,GLY,110,O,10,0.00033332222259258026
ARG,112,NH1,ASP,235,OD2,10,0.00033332222259258026
ARG,112,NH1,GLY,412,O,10,0.00033332222259258026
ARG,117,NE,SER,153,OG,10,0.00033332222259258026
ARG,117,NH2,SER,153,O,10,0.00033332222259258026
LEU,129,N,ILE,126,O,10,0.00033332222259258026
LYS,133,NZ,LYS,133,O,10,0.00033332222259258026
LYS,133,NZ,LEU,136,O,10,0.00033332222259258026
SER,153,OG,ALA,148,O,10,0.00033332222259258026
THR,177,N,TYR,175,O,10,0.00033332222259258026
ARG,204,NE,HIE,203,NE2,10,0.00033332222259258026
GLN,211,NE2,LYS,208,O,10,0.00033332222259258026
GLU,222,N,HIE,219,O,10,0.00033332222259258026
SER,249,N,GLU,245,O,10,0.00033332222259258026
GLN,258,NE2,ARG,81,NH1,10,0.00033332222259258026
ARG,298,NE,GLN,302,OE1,10,0.00033332222259258026
ARG,315,NH2,LEU,312,O,10,0.00033332222259258026
ARG,350,NH1,GLU,54,O,10,0.00033332222259258026
HIP,384,NE2,GLU,375,OE1,10,0.00033332222259258026
SER,402,OG,LEU,403,O,10,0.00033332222259258026
LYS,405,N,LEU,60,O,10,0.00033332222259258026
LYS,405,N,LEU,403,O,10,0.00033332222259258026
ILE,413,N,LEU,409,O,10,0.00033332222259258026
GLN,457,NE2,THR,455,O,10,0.00033332222259258026
PHE,460,N,ALA,135,O,10,0.00033332222259258026
ASP,19,N,GLN,17,O,9,0.0002999900003333222
GLY,22,N,ASP,19,OD1,9,0.0002999900003333222
THR,39,N,PRO,3,O,9,0.0002999900003333222
LYS,63,NZ,ASP,62,O,9,0.0002999900003333222
GLY,84,N,ASN,263,OD1,9,0.0002999900003333222
ASN,91,ND2,GLU,254,OE1,9,0.0002999900003333222
SER,100,N,ARG,97,O,9,0.0002999900003333222
ARG,117,NH2,GLU,116,O,9,0.0002999900003333222
ARG,159,NE,GLU,120,OE2,9,0.0002999900003333222
GLN,187,NE2,GLY,448,O,9,0.0002999900003333222
GLU,254,N,GLU,247,OE2,9,0.0002999900003333222
GLN,258,NE2,ALA,251,O,9,0.0002999900003333222
ASN,259,N,GLN,258,OE1,9,0.0002999900003333222
ASN,259,ND2,TYR,83,OH,9,0.0002999900003333222
LEU,262,N,ASN,261,OD1,9,0.0002999900003333222
THR,277,N,THR,274,O,9,0.0002999900003333222
ARG,280,NH2,THR,140,OG1,9,0.0002999900003333222
ARG,298,NE,ARG,298,O,9,0.0002999900003333222
ARG,315,NH1,GLU,115,OE1,9,0.0002999900003333222
ILE,342,N,PHE,67,O,9,0.0002999900003333222
ARG,406,NE,SER,68,O,9,0.0002999900003333222
THR,424,OG1,PHE,421,O,9,0.0002999900003333222
THR,443,N,ASP,441,O,9,0.0002999900003333222
ARG,20,N,ARG,20,NE,8,0.0002666577780740642
LYS,111,NZ,GLY,157,O,8,0.0002666577780740642
GLN,144,NE2,SER,276,OG,8,0.0002666577780740642
THR,147,OG1,SER,276,OG,8,0.0002666577780740642
ASN,149,ND2,ARG,159,NE,8,0.0002666577780740642
SER,153,OG,ARG,159,N,8,0.0002666577780740642
SER,179,N,GLN,176,O,8,0.0002666577780740642
SER,182,OG,GLU,446,OE1,8,0.0002666577780740642
GLN,187,NE2,VAL,184,O,8,0.0002666577780740642
LYS,197,NZ,ASP,77,OD1,8,0.0002666577780740642
GLN,205,N,GLN,205,OE1,8,0.0002666577780740642
LYS,208,NZ,GLN,205,NE2,8,0.0002666577780740642
SER,220,OG,HIE,219,ND1,8,0.0002666577780740642
LYS,223,NZ,GLU,222,OE1,8,0.0002666577780740642
ARG,225,NH2,HIE,257,NE2,8,0.0002666577780740642
TYR,240,OH,GLU,254,O,8,0.0002666577780740642
LYS,246,NZ,SER,249,OG,8,0.0002666577780740642
ASN,263,ND2,LEU,96,O,8,0.0002666577780740642
ASN,263,ND2,LEU,260,O,8,0.0002666577780740642
ARG,280,NH1,GLN,445,OE1,8,0.0002666577780740642
ARG,280,NH1,PRO,453,O,8,0.0002666577780740642
TYR,281,OH,ASP,333,OD2,8,0.0002666577780740642
GLN,302,NE2,GLU,301,O,8,0.0002666577780740642
ARG,308,NH1,GLU,311,OE1,8,0.0002666577780740642
TYR,326,OH,ARG,415,NH1,8,0.0002666577780740642
LEU,334,N,SER,332,OG,8,0.0002666577780740642
GLY,351,N,SER,348,OG,8,0.0002666577780740642
GLY,351,N,PHE,349,O,8,0.0002666577780740642
LYS,356,NZ,GLN,345,NE2,8,0.0002666577780740642
LEU,403,N,LEU,60,O,8,0.0002666577780740642
GLN,17,NE2,ARG,7,N,7,0.00023332555581480617
ARG,20,NE,LEU,15,O,7,0.00023332555581480617
ARG,29,NE,ASP,19,OD1,7,0.00023332555581480617
ARG,31,NH1,GLU,32,OE2,7,0.00023332555581480617
HIE,41,NE2,PRO,44,O,7,0.00023332555581480617
ARG,45,NH1,LYS,72,O,7,0.00023332555581480617
GLU,54,N,GLU,54,OE2,7,0.00023332555581480617
ILE,56,N,VAL,53,O,7,0.00023332555581480617
ARG,81,NH2,TYR,83,OH,7,0.00023332555581480617
ASN,89,ND2,SER,68,OG,7,0.00023332555581480617
ARG,92,NH1,TYR,83,OH,7,0.00023332555581480617
ARG,92,NH2,TYR,83,OH,7,0.00023332555581480617
GLY,108,N,LYS,111,O,7,0.00023332555581480617
ARG,112,NE,GLU,116,O,7,0.00023332555581480617
ARG,112,NH1,GLU,115,OE1,7,0.00023332555581480617
ARG,112,NH2,ARG,105,O,7,0.00023332555581480617
ARG,112,NH2,MET,109,O,7,0.00023332555581480617
ARG,130,NH2,GLN,123,NE2,7,0.00023332555581480617
SER,132,OG,SER,132,O,7,0.00023332555581480617
PHE,156,N,SER,153,O,7,0.00023332555581480617
ARG,159,NH2,GLN,163,OE1,7,0.00023332555581480617
GLN,165,NE2,GLN,163,NE2,7,0.00023332555581480617
ASN,214,ND2,ASN,261,O,7,0.00023332555581480617
ASN,250,ND2,SER,249,O,7,0.00023332555581480617
ASN,250,ND2,ASN,250,O,7,0.00023332555581480617
HIE,252,N,HIE,252,ND1,7,0.00023332555581480617
SER,256,N,ASN,259,ND2,7,0.00023332555581480617
GLN,258,NE2,ARG,81,NH2,7,0.00023332555581480617
SER,276,OG,GLN,144,N,7,0.00023332555581480617
MET,286,N,PHE,283,O,7,0.00023332555581480617
ARG,295,NH1,GLU,299,OE1,7,0.00023332555581480617
GLN,329,NE2,SER,332,OG,7,0.00023332555581480617
SER,332,OG,SER,332,O,7,0.00023332555581480617
HIE,346,N,GLN,345,NE2,7,0.00023332555581480617
HIE,372,NE2,TYR,373,OH,7,0.00023332555581480617
ASP,383,N,ASP,383,OD1,7,0.00023332555581480617
LEU,403,N,SER,402,OG,7,0.00023332555581480617
SER,430,OG,GLU,294,OE1,7,0.00023332555581480617
ASN,14,ND2,GLN,17,NE2,6,0.00019999333355554815
LEU,16,N,GLY,13,O,6,0.00019999333355554815
ARG,20,NH2,MET,18,O,6,0.00019999333355554815
LEU,24,N,GLN,187,NE2,6,0.00019999333355554815
ARG,29,NH2,ARG,21,NH2,6,0.00019999333355554815
GLY,69,N,ALA,66,O,6,0.00019999333355554815
ARG,70,NH2,PRO,340,O,6,0.00019999333355554815
ARG,81,NH2,TYR,198,OH,6,0.00019999333355554815
TYR,83,OH,GLN,258,OE1,6,0.00019999333355554815
VAL,85,N,SER,266,OG,6,0.00019999333355554815
ARG,92,N,ASN,89,ND2,6,0.00019999333355554815
ARG,112,NH2,PRO,233,O,6,0.00019999333355554815
GLN,119,N,GLN,119,OE1,6,0.00019999333355554815
LYS,131,NZ,SER,132,OG,6,0.00019999333355554815
SER,145,OG,HIE,161,O,6,0.00019999333355554815
SER,145,OG,TYR,162,OH,6,0.00019999333355554815
ALA,148,N,SER,145,O,6,0.00019999333355554815
ARG,159,NH1,GLN,163,OE1,6,0.00019999333355554815
PHE,160,N,ASN,149,ND2,6,0.00019999333355554815
GLN,163,NE2,HIE,161,NE2,6,0.00019999333355554815
SER,179,OG,TYR,175,OH,6,0.00019999333355554815
GLN,187,NE2,VAL,184,N,6,0.00019999333355554815
HIE,203,NE2,ARG,204,NH2,6,0.00019999333355554815
ARG,204,NH2,GLN,205,OE1,6,0.00019999333355554815
ASN,214,N,GLN,211,O,6,0.00019999333355554815
LYS,223,NZ,HIE,219,NE2,6,0.00019999333355554815
SER,231,OG,PRO,230,O,6,0.00019999333355554815
LYS,234,NZ,THR,227,OG1,6,0.00019999333355554815
LYS,246,NZ,GLU,245,OE2,6,0.00019999333355554815
HIE,252,NE2,ASN,91,OD1,6,0.00019999333355554815
SER,253,OG,ASN,250,ND2,6,0.00019999333355554815
PHE,255,N,GLU,247,OE2,6,0.00019999333355554815
GLN,258,N,GLN,258,NE2,6,0.00019999333355554815
ASN,261,ND2,HIE,257,ND1,6,0.00019999333355554815
ASN,261,ND2,ASN,261,O,6,0.00019999333355554815
SER,266,OG,TYR,83,O,6,0.00019999333355554815
ARG,280,NE,PRO,454,O,6,0.00019999333355554815
GLY,282,N,LEU,279,O,6,0.00019999333355554815
GLN,302,NE2,ARG,298,NH1,6,0.00019999333355554815
THR,321,N,MET,318,O,6,0.00019999333355554815
ARG,330,NH2,ASP,378,O,6,0.00019999333355554815
ARG,330,NH2,ALA,379,O,6,0.00019999333355554815
GLU,359,N,PRO,46,O,6,0.00019999333355554815
HIE,372,NE2,ASP,36,OD1,6,0.00019999333355554815
ASP,378,N,ASP,378,OD1,6,0.00019999333355554815
ASN,389,ND2,ALA,388,O,6,0.00019999333355554815
ALA,391,N,ASN,389,O,6,0.00019999333355554815
LYS,394,N,LEU,392,O,6,0.00019999333355554815
ILE,407,N,SER,402,O,6,0.00019999333355554815
GLN,445,NE2,THR,443,O,6,0.00019999333355554815
CYS,447,N,SER,182,O,6,0.00019999333355554815
TYR,456,N,ASP,138,OD1,6,0.00019999333355554815
ARG,7,NE,ARG,7,O,5,0.00016666111129629013
ARG,20,NH2,LEU,16,O,5,0.00016666111129629013
GLU,54,N,GLU,54,OE1,5,0.00016666111129629013
LYS,63,NZ,GLU,65,OE1,5,0.00016666111129629013
MET,75,N,GLU,190,OE2,5,0.00016666111129629013
ARG,81,NE,ASN,259,OD1,5,0.00016666111129629013
ARG,81,NH2,GLN,211,OE1,5,0.00016666111129629013
ASN,91,ND2,GLU,65,OE1,5,0.00016666111129629013
ASN,91,ND2,HIE,252,NE2,5,0.00016666111129629013
ARG,92,NH1,ASN,91,OD1,5,0.00016666111129629013
ARG,105,N,THR,103,O,5,0.00016666111129629013
LYS,111,NZ,GLY,110,O,5,0.00016666111129629013
LYS,111,NZ,SER,153,OG,5,0.00016666111129629013
ARG,112,NE,ARG,105,O,5,0.00016666111129629013
ARG,112,NE,MET,109,O,5,0.00016666111129629013
GLU,115,N,ARG,112,NH1,5,0.00016666111129629013
ARG,117,NH2,ILE,150,O,5,0.00016666111129629013
ALA,122,N,GLN,119,O,5,0.00016666111129629013
GLN,144,N,PHE,141,O,5,0.00016666111129629013
ARG,159,NE,GLU,120,OE1,5,0.00016666111129629013
GLN,163,NE2,ASP,164,OD2,5,0.00016666111129629013
GLU,166,N,GLN,165,OE1,5,0.00016666111129629013
SER,182,OG,CYS,447,N,5,0.00016666111129629013
GLN,187,NE2,ARG,21,O,5,0.00016666111129629013
PHE,189,N,GLN,187,O,5,0.00016666111129629013
HIP,224,ND1,GLY,157,O,5,0.00016666111129629013
GLU,226,N,HIP,224,O,5,0.00016666111129629013
ASP,229,N,THR,227,OG1,5,0.00016666111129629013
ASP,229,N,ASP,238,OD1,5,0.00016666111129629013
LYS,234,NZ,PRO,233,O,5,0.00016666111129629013
LYS,248,N,HID,243,O,5,0.00016666111129629013
SER,256,OG,PHE,255,O,5,0.00016666111129629013
SER,256,OG,GLN,258,NE2,5,0.00016666111129629013
ASN,261,ND2,GLN,258,NE2,5,0.00016666111129629013
ASN,263,N,LEU,260,O,5,0.00016666111129629013
THR,275,N,GLY,271,O,5,0.00016666111129629013
THR,278,OG1,THR,275,O,5,0.00016666111129629013
ARG,280,NH1,THR,140,OG1,5,0.00016666111129629013
ARG,280,NH2,PRO,453,O,5,0.00016666111129629013
TYR,297,OH,PRO,306,O,5,0.00016666111129629013
ASP,314,N,GLU,311,OE1,5,0.00016666111129629013
ARG,315,NH2,GLU,115,OE2,5,0.00016666111129629013
VAL,324,N,THR,321,O,5,0.00016666111129629013
ARG,350,NE,ARG,350,O,5,0.00016666111129629013
LEU,364,N,PRO,336,O,5,0.00016666111129629013
THR,395,N,HIP,384,O,5,0.00016666111129629013
GLU,396,N,LYS,394,O,5,0.00016666111129629013
PHE,398,N,GLU,396,O,5,0.00016666111129629013
ILE,407,N,SER,402,OG,5,0.00016666111129629013
SER,430,N,PRO,462,O,5,0.00016666111129629013
LYS,451,NZ,ASP,333,N,5,0.00016666111129629013
LYS,451,NZ,SER,365,OG,5,0.00016666111129629013
GLN,457,N,GLN,457,OE1,5,0.00016666111129629013
GLN,457,NE2,SER,433,OG,5,0.00016666111129629013
ARG,459,NH2,SER,132,OG,5,0.00016666111129629013
LEU,16,N,ASN,14,O,4,0.0001333288890370321
ARG,31,NH2,CYS,51,O,4,0.0001333288890370321
ASP,36,N,ARG,350,NH2,4,0.0001333288890370321
VAL,37,N,GLY,35,O,4,0.0001333288890370321
ALA,55,N,ASP,36,OD2,4,0.0001333288890370321
ALA,66,N,ALA,64,O,4,0.0001333288890370321
LYS,72,NZ,LYS,72,O,4,0.0001333288890370321
ARG,81,NE,TYR,83,OH,4,0.0001333288890370321
GLY,84,N,GLU,254,OE1,4,0.0001333288890370321
ARG,98,NE,HID,243,NE2,4,0.0001333288890370321
LYS,111,NZ,MET,104,O,4,0.0001333288890370321
ARG,112,NE,GLY,108,O,4,0.0001333288890370321
GLN,119,NE2,GLU,116,N,4,0.0001333288890370321
GLN,119,NE2,GLU,120,OE1,4,0.0001333288890370321
GLN,119,NE2,GLU,120,OE2,4,0.0001333288890370321
GLN,123,NE2,ALA,122,O,4,0.0001333288890370321
ARG,130,NE,ASN,428,OD1,4,0.0001333288890370321
LYS,133,NZ,GLY,134,O,4,0.0001333288890370321
LYS,133,NZ,ALA,135,O,4,0.0001333288890370321
GLY,134,N,LEU,129,O,4,0.0001333288890370321
GLN,144,NE2,THR,140,O,4,0.0001333288890370321
ASN,149,ND2,ILE,146,O,4,0.0001333288890370321
GLN,163,NE2,GLN,165,OE1,4,0.0001333288890370321
GLN,165,N,ASP,164,OD2,4,0.0001333288890370321
THR,177,OG1,ASN,209,ND2,4,0.0001333288890370321
ARG,204,NE,TYR,207,OH,4,0.0001333288890370321
ARG,204,NH2,PHE,199,N,4,0.0001333288890370321
LYS,208,NZ,TYR,207,OH,4,0.0001333288890370321
THR,227,OG1,ARG,225,O,4,0.0001333288890370321
THR,227,OG1,THR,227,O,4,0.0001333288890370321
THR,227,OG1,LEU,228,O,4,0.0001333288890370321
SER,253,OG,LYS,248,O,4,0.0001333288890370321
ARG,280,N,THR,277,O,4,0.0001333288890370321
TYR,297,OH,ARG,463,O,4,0.0001333288890370321
ARG,308,NE,GLU,311,OE1,4,0.0001333288890370321
ARG,308,NH1,GLU,311,OE2,4,0.0001333288890370321
ASP,314,N,GLU,311,OE2,4,0.0001333288890370321
ARG,315,NH2,GLY,412,O,4,0.0001333288890370321
LYS,317,NZ,VAL,303,O,4,0.0001333288890370321
LYS,317,NZ,ALA,316,O,4,0.0001333288890370321
TYR,320,OH,ASP,383,OD1,4,0.0001333288890370321
HID,341,ND1,SER,68,O,4,0.0001333288890370321
HID,341,ND1,VAL,360,O,4,0.0001333288890370321
ILE,342,N,ARG,70,N,4,0.0001333288890370321
ARG,350,NE,ASP,36,OD2,4,0.0001333288890370321
LYS,376,NZ,ASN,381,ND2,4,0.0001333288890370321
ASP,378,N,ASP,378,OD2,4,0.0001333288890370321
ALA,379,N,ASP,378,OD1,4,0.0001333288890370321
ASN,381,ND2,GLU,375,O,4,0.0001333288890370321
ALA,391,N,ASN,389,ND2,4,0.0001333288890370321
LYS,394,NZ,LEU,392,O,4,0.0001333288890370321
PHE,421,N,LEU,418,O,4,0.0001333288890370321
SER,430,OG,PHE,429,O,4,0.0001333288890370321
SER,430,OG,MET,431,O,4,0.0001333288890370321
SER,430,OG,ARG,463,O,4,0.0001333288890370321
GLN,457,NE2,MET,137,O,4,0.0001333288890370321
GLN,457,NE2,ASP,138,OD2,4,0.0001333288890370321
LEU,461,N,ARG,459,O,4,0.0001333288890370321
GLN,17,NE2,ASN,14,O,3,9.999666677777408e-05
ARG,21,NH1,ASP,19,OD1,3,9.999666677777408e-05
SER,26,OG,ASP,19,O,3,9.999666677777408e-05
SER,26,OG,SER,26,O,3,9.999666677777408e-05
ARG,29,NE,GLN,17,O,3,9.999666677777408e-05
ARG,29,NH2,MET,18,O,3,9.999666677777408e-05
ARG,31,NE,ASP,370,OD2,3,9.999666677777408e-05
ARG,70,NE,HID,341,ND1,3,9.999666677777408e-05
ARG,81,NE,ARG,81,O,3,9.999666677777408e-05
GLY,82,N,PHE,80,O,3,9.999666677777408e-05
ARG,105,NH1,THR,102,OG1,3,9.999666677777408e-05
ASP,106,N,THR,103,O,3,9.999666677777408e-05
LYS,111,NZ,THR,102,O,3,9.999666677777408e-05
ARG,112,NH1,SER,153,OG,3,9.999666677777408e-05
ARG,112,NH1,SER,153,O,3,9.999666677777408e-05
ARG,112,NH1,PRO,233,O,3,9.999666677777408e-05
ARG,112,NH2,GLY,110,O,3,9.999666677777408e-05
ARG,130,NH2,ASN,428,O,3,9.999666677777408e-05
GLN,144,NE2,ASN,172,ND2,3,9.999666677777408e-05
GLN,144,NE2,ARG,280,NH1,3,9.999666677777408e-05
ARG,159,NH2,TYR,162,OH,3,9.999666677777408e-05
HIE,161,NE2,GLU,121,OE2,3,9.999666677777408e-05
GLN,165,NE2,TYR,162,O,3,9.999666677777408e-05
GLN,176,NE2,ASN,209,ND2,3,9.999666677777408e-05
LYS,234,NZ,ARG,112,O,3,9.999666677777408e-05
TYR,240,OH,SER,256,N,3,9.999666677777408e-05
LEU,241,N,ASP,238,O,3,9.999666677777408e-05
LYS,246,NZ,HID,243,ND1,3,9.999666677777408e-05
LYS,248,NZ,ASN,250,O,3,9.999666677777408e-05
LYS,248,NZ,ALA,251,O,3,9.999666677777408e-05
SER,249,N,ASN,250,OD1,3,9.999666677777408e-05
SER,253,OG,HIE,252,O,3,9.999666677777408e-05
HIE,257,NE2,VAL,221,O,3,9.999666677777408e-05
GLN,258,NE2,HIE,257,O,3,9.999666677777408e-05
ASN,259,ND2,GLN,258,O,3,9.999666677777408e-05
ASN,263,ND2,TYR,240,OH,3,9.999666677777408e-05
ASN,263,ND2,ASN,259,OD1,3,9.999666677777408e-05
ASN,263,ND2,ASN,259,ND2,3,9.999666677777408e-05
LEU,265,N,LEU,262,O,3,9.999666677777408e-05
SER,276,OG,GLU,273,O,3,9.999666677777408e-05
THR,278,OG1,GLN,329,NE2,3,9.999666677777408e-05
LYS,288,NZ,LYS,288,O,3,9.999666677777408e-05
TYR,289,OH,GLU,438,OE2,3,9.999666677777408e-05
ARG,295,NE,TYR,320,OH,3,9.999666677777408e-05
ARG,298,NH1,TYR,297,OH,3,9.999666677777408e-05
ARG,298,NH1,GLN,302,NE2,3,9.999666677777408e-05
HIE,307,N,GLY,305,O,3,9.999666677777408e-05
HIE,313,NE2,ARG,308,NH2,3,9.999666677777408e-05
ASP,314,N,HIE,313,ND1,3,9.999666677777408e-05
ASP,333,N,ASP,333,OD2,3,9.999666677777408e-05
ARG,350,NH1,ALA,55,N,3,9.999666677777408e-05
HID,369,N,ALA,367,O,3,9.999666677777408e-05
HIE,372,NE2,ASP,36,OD2,3,9.999666677777408e-05
HIE,372,NE2,ASP,370,OD1,3,9.999666677777408e-05
GLU,375,N,TYR,373,O,3,9.999666677777408e-05
ASN,381,ND2,HIP,384,NE2,3,9.999666677777408e-05
LYS,394,NZ,LYS,394,O,3,9.999666677777408e-05
SER,402,OG,ILE,407,O,3,9.999666677777408e-05
LYS,405,NZ,LYS,405,O,3,9.999666677777408e-05
ARG,415,NE,GLY,412,O,3,9.999666677777408e-05
LEU,418,N,ARG,415,O,3,9.999666677777408e-05
SER,430,OG,GLU,294,OE2,3,9.999666677777408e-05
GLY,448,N,SER,182,OG,3,9.999666677777408e-05
VAL,449,N,SER,182,OG,3,9.999666677777408e-05
ARG,459,NE,ALA,135,O,3,9.999666677777408e-05
ARG,463,NE,TYR,297,OH,3,9.999666677777408e-05
ARG,1,N,ILE,353,N,2,6.666444451851606e-05
ARG,7,NH2,PRO,8,O,2,6.666444451851606e-05
GLN,17,NE2,LEU,16,O,2,6.666444451851606e-05
LEU,23,N,ARG,21,O,2,6.666444451851606e-05
LEU,24,N,GLY,448,O,2,6.666444451851606e-05
LYS,25,NZ,ARG,21,NH1,2,6.666444451851606e-05
ARG,29,NE,ARG,29,O,2,6.666444451851606e-05
ARG,29,NH2,LYS,25,O,2,6.666444451851606e-05
ARG,31,NE,GLY,35,O,2,6.666444451851606e-05
ARG,31,NE,ASP,36,N,2,6.666444451851606e-05
ARG,31,NH1,GLU,32,OE1,2,6.666444451851606e-05
THR,39,OG1,PRO,3,N,2,6.666444451851606e-05
THR,39,OG1,THR,39,O,2,6.666444451851606e-05
ARG,45,NH2,SER,193,OG,2,6.666444451851606e-05
GLY,52,N,ILE,363,O,2,6.666444451851606e-05
ALA,55,N,ASP,36,OD1,2,6.666444451851606e-05
ARG,57,N,GLU,54,O,2,6.666444451851606e-05
ARG,57,NE,GLU,54,O,2,6.666444451851606e-05
ARG,57,NE,GLU,58,OE1,2,6.666444451851606e-05
ASP,62,N,ALA,59,O,2,6.666444451851606e-05
ALA,64,N,ALA,59,O,2,6.666444451851606e-05
GLU,65,N,ASP,62,O,2,6.666444451851606e-05
SER,68,OG,ALA,66,O,2,6.666444451851606e-05
ARG,81,NH2,GLN,258,NE2,2,6.666444451851606e-05
TYR,83,N,ARG,81,O,2,6.666444451851606e-05
TYR,83,OH,GLU,254,O,2,6.666444451851606e-05
TYR,83,OH,ASN,259,OD1,2,6.666444451851606e-05
ARG,92,NH1,ASN,91,O,2,6.666444451851606e-05
ARG,92,NH2,ASN,89,OD1,2,6.666444451851606e-05
ARG,98,NE,LYS,94,O,2,6.666444451851606e-05
SER,100,OG,ARG,97,O,2,6.666444451851606e-05
LYS,111,NZ,LYS,111,O,2,6.666444451851606e-05
LYS,111,NZ,GLU,417,OE1,2,6.666444451851606e-05
ARG,112,NH1,ARG,105,O,2,6.666444451851606e-05
ARG,112,NH1,ALA,232,O,2,6.666444451851606e-05
ARG,112,NH2,ASP,106,OD2,2,6.666444451851606e-05
ARG,112,NH2,GLY,412,O,2,6.666444451851606e-05
GLN,123,NE2,ARG,130,NH1,2,6.666444451851606e-05
GLN,123,NE2,HIE,307,O,2,6.666444451851606e-05
LYS,131,N,LEU,129,O,2,6.666444451851606e-05
SER,145,OG,SER,145,O,2,6.666444451851606e-05
SER,145,OG,TYR,162,O,2,6.666444451851606e-05
ILE,150,N,ALA,148,O,2,6.666444451851606e-05
SER,153,OG,SER,153,O,2,6.666444451851606e-05
ARG,159,NE,GLU,121,OE1,2,6.666444451851606e-05
ARG,159,NH1,ARG,117,NH1,2,6.666444451851606e-05
ARG,159,NH1,ASP,164,OD2,2,6.666444451851606e-05
TYR,162,N,HIE,161,NE2,2,6.666444451851606e-05
ASP,164,N,HIE,161,ND1,2,6.666444451851606e-05
GLN,176,NE2,TYR,175,OH,2,6.666444451851606e-05
THR,177,OG1,GLN,176,O,2,6.666444451851606e-05
PHE,178,N,TYR,175,O,2,6.666444451851606e-05
SER,182,OG,LYS,451,N,2,6.666444451851606e-05
GLY,186,N,LEU,180,O,2,6.666444451851606e-05
GLN,187,NE2,LEU,23,O,2,6.666444451851606e-05
GLY,194,N,PHE,192,O,2,6.666444451851606e-05
PHE,195,N,SER,193,O,2,6.666444451851606e-05
LYS,197,N,PHE,192,O,2,6.666444451851606e-05
LYS,197,NZ,ASP,77,OD2,2,6.666444451851606e-05
ARG,204,NE,TYR,198,O,2,6.666444451851606e-05
ARG,204,NH1,ARG,204,O,2,6.666444451851606e-05
ARG,204,NH1,GLN,205,OE1,2,6.666444451851606e-05
GLN,205,NE2,ALA,202,O,2,6.666444451851606e-05
TYR,216,OH,PHE,167,N,2,6.666444451851606e-05
HIE,219,N,ASN,214,O,2,6.666444451851606e-05
LYS,223,NZ,GLY,157,O,2,6.666444451851606e-05
LYS,223,NZ,LYS,223,O,2,6.666444451851606e-05
ARG,225,NE,HIE,257,ND1,2,6.666444451851606e-05
ALA,232,N,PRO,230,O,2,6.666444451851606e-05
LYS,234,NZ,LYS,234,O,2,6.666444451851606e-05
LYS,246,NZ,LYS,246,O,2,6.666444451851606e-05
SER,249,OG,LYS,248,O,2,6.666444451851606e-05
SER,249,OG,ASN,250,ND2,2,6.666444451851606e-05
ASN,250,ND2,LYS,246,O,2,6.666444451851606e-05
ALA,251,N,ASN,250,ND2,2,6.666444451851606e-05
ALA,251,N,HIE,252,ND1,2,6.666444451851606e-05
HIE,252,N,ASN,250,O,2,6.666444451851606e-05
HIE,252,NE2,TYR,83,OH,2,6.666444451851606e-05
HIE,257,NE2,ARG,225,NH1,2,6.666444451851606e-05
HIE,257,NE2,GLU,245,OE1,2,6.666444451851606e-05
ASN,259,ND2,SER,253,O,2,6.666444451851606e-05
ASN,259,ND2,GLU,254,OE1,2,6.666444451851606e-05
ASN,259,ND2,ASN,263,OD1,2,6.666444451851606e-05
ASN,263,ND2,GLY,84,N,2,6.666444451851606e-05
THR,275,OG1,GLY,271,O,2,6.666444451851606e-05
ARG,280,NE,ASP,138,OD1,2,6.666444451851606e-05
ARG,280,NH1,GLN,144,OE1,2,6.666444451851606e-05
ARG,280,NH1,SER,276,O,2,6.666444451851606e-05
ARG,280,NH1,THR,277,OG1,2,6.666444451851606e-05
ARG,280,NH2,GLN,445,NE2,2,6.666444451851606e-05
ARG,280,NH2,THR,455,N,2,6.666444451851606e-05
LEU,284,N,TYR,456,OH,2,6.666444451851606e-05
ARG,295,NE,HIE,291,O,2,6.666444451851606e-05
ARG,298,NE,GLN,302,NE2,2,6.666444451851606e-05
GLN,302,NE2,ARG,298,NH2,2,6.666444451851606e-05
ILE,304,N,GLU,299,O,2,6.666444451851606e-05
HIE,307,NE2,GLN,123,OE1,2,6.666444451851606e-05
TYR,326,OH,GLU,411,OE1,2,6.666444451851606e-05
GLU,327,N,VAL,324,O,2,6.666444451851606e-05
VAL,339,N,HM1,464,O1A,2,6.666444451851606e-05
HID,341,ND1,GLY,69,N,2,6.666444451851606e-05
HID,341,ND1,PRO,340,O,2,6.666444451851606e-05
GLN,345,N,VAL,343,O,2,6.666444451851606e-05
GLN,345,N,GLN,345,OE1,2,6.666444451851606e-05
GLN,345,NE2,ALA,66,N,2,6.666444451851606e-05
ARG,350,NE,GLU,54,O,2,6.666444451851606e-05
ARG,350,NH1,ARG,350,O,2,6.666444451851606e-05
HIE,372,NE2,ASP,370,OD2,2,6.666444451851606e-05
ALA,379,N,ASP,378,OD2,2,6.666444451851606e-05
ASP,383,N,ASP,383,OD2,2,6.666444451851606e-05
ASN,389,N,ASN,389,ND2,2,6.666444451851606e-05
GLY,390,N,ASN,389,OD1,2,6.666444451851606e-05
ALA,397,N,THR,395,O,2,6.666444451851606e-05
ARG,406,N,GLY,404,O,2,6.666444451851606e-05
GLY,412,N,ARG,415,NH2,2,6.666444451851606e-05
THR,423,OG1,LEU,420,O,2,6.666444451851606e-05
GLN,427,NE2,ARG,308,N,2,6.666444451851606e-05
SER,430,OG,SER,430,O,2,6.666444451851606e-05
SER,430,OG,ARG,463,NH1,2,6.666444451851606e-05
THR,443,OG1,THR,443,O,2,6.666444451851606e-05
GLY,450,N,GLY,448,N,2,6.666444451851606e-05
THR,455,OG1,THR,140,OG1,2,6.666444451851606e-05
ARG,459,NE,SER,433,O,2,6.666444451851606e-05
ARG,459,NH2,SER,132,O,2,6.666444451851606e-05
ARG,459,NH2,PHE,460,O,2,6.666444451851606e-05
ARG,463,NH2,ALA,293,O,2,6.666444451851606e-05
ARG,1,NH1,ARG,350,O,1,3.333222225925803e-05
ARG,1,NH2,TYR,352,OH,1,3.333222225925803e-05
GLY,5,N,ARG,1,NH2,1,3.333222225925803e-05
ARG,7,NE,GLY,5,O,1,3.333222225925803e-05
LEU,9,N,GLY,13,N,1,3.333222225925803e-05
ASN,14,ND2,PRO,8,N,1,3.333222225925803e-05
GLN,17,N,LEU,15,O,1,3.333222225925803e-05
GLN,17,NE2,GLN,17,O,1,3.333222225925803e-05
GLN,17,NE2,TYR,34,OH,1,3.333222225925803e-05
ASP,19,N,ARG,29,NH2,1,3.333222225925803e-05
ARG,20,NH2,VAL,184,O,1,3.333222225925803e-05
LEU,23,N,CYS,447,O,1,3.333222225925803e-05
GLU,32,N,PHE,30,O,1,3.333222225925803e-05
LYS,33,NZ,GLN,17,OE1,1,3.333222225925803e-05
LYS,33,NZ,ARG,29,NH2,1,3.333222225925803e-05
LYS,33,NZ,GLU,32,O,1,3.333222225925803e-05
TYR,34,OH,PRO,6,N,1,3.333222225925803e-05
ASP,36,N,ARG,350,NE,1,3.333222225925803e-05
VAL,37,N,TYR,34,O,1,3.333222225925803e-05
LEU,42,N,VAL,40,O,1,3.333222225925803e-05
ARG,45,NH1,GLU,190,O,1,3.333222225925803e-05
CYS,51,N,MET,49,O,1,3.333222225925803e-05
GLY,52,N,LEU,50,O,1,3.333222225925803e-05
VAL,61,N,ILE,56,O,1,3.333222225925803e-05
GLU,65,N,LYS,63,O,1,3.333222225925803e-05
ARG,70,NE,GLY,69,O,1,3.333222225925803e-05
ARG,70,NE,GLY,71,O,1,3.333222225925803e-05
ARG,70,NE,VAL,339,O,1,3.333222225925803e-05
ARG,70,NH1,ARG,406,NH1,1,3.333222225925803e-05
GLY,71,N,HID,341,N,1,3.333222225925803e-05
LYS,72,NZ,ARG,45,NH2,1,3.333222225925803e-05
LYS,72,NZ,ARG,81,O,1,3.333222225925803e-05
LYS,72,NZ,PHE,87,O,1,3.333222225925803e-05
LYS,72,NZ,SER,193,OG,1,3.333222225925803e-05
PHE,79,N,ASP,77,O,1,3.333222225925803e-05
ARG,81,NH1,ARG,81,O,1,3.333222225925803e-05
ARG,81,NH1,TYR,83,OH,1,3.333222225925803e-05
ARG,81,NH2,GLN,258,O,1,3.333222225925803e-05
ARG,81,NH2,ASN,259,ND2,1,3.333222225925803e-05
TYR,83,OH,ARG,92,NH2,1,3.333222225925803e-05
GLY,84,N,ASN,263,ND2,1,3.333222225925803e-05
ASN,89,N,ARG,92,NH2,1,3.333222225925803e-05
ASN,89,ND2,ARG,70,N,1,3.333222225925803e-05
LYS,94,NZ,LYS,94,O,1,3.333222225925803e-05
ARG,97,NH1,HM1,464,O2D,1,3.333222225925803e-05
ARG,98,NE,VAL,95,O,1,3.333222225925803e-05
ARG,98,NH2,ASN,91,OD1,1,3.333222225925803e-05
ARG,98,NH2,THR,102,N,1,3.333222225925803e-05
ARG,98,NH2,HID,243,ND1,1,3.333222225925803e-05
THR,102,OG1,THR,103,N,1,3.333222225925803e-05
THR,102,OG1,ASP,106,OD1,1,3.333222225925803e-05
THR,103,N,VAL,101,O,1,3.333222225925803e-05
THR,103,OG1,ILE,154,O,1,3.333222225925803e-05
ARG,105,N,ASP,106,O,1,3.333222225925803e-05
ARG,105,NH2,THR,102,OG1,1,3.333222225925803e-05
GLY,108,N,ARG,105,O,1,3.333222225925803e-05
MET,109,N,PRO,233,O,1,3.333222225925803e-05
LYS,111,N,PRO,233,O,1,3.333222225925803e-05
LYS,111,NZ,ASP,235,O,1,3.333222225925803e-05
ARG,112,NE,ARG,117,NE,1,3.333222225925803e-05
ARG,112,NH1,ILE,413,O,1,3.333222225925803e-05
ARG,112,NH2,LYS,111,O,1,3.333222225925803e-05
SER,113,N,ARG,112,NH1,1,3.333222225925803e-05
SER,113,OG,LYS,111,O,1,3.333222225925803e-05
SER,113,OG,SER,113,O,1,3.333222225925803e-05
ARG,117,NE,ARG,117,N,1,3.333222225925803e-05
ARG,117,NH2,LYS,111,O,1,3.333222225925803e-05
ARG,117,NH2,ARG,112,NH1,1,3.333222225925803e-05
ARG,117,NH2,SER,113,O,1,3.333222225925803e-05
ARG,117,NH2,VAL,114,N,1,3.333222225925803e-05
ARG,117,NH2,ARG,159,NH1,1,3.333222225925803e-05
GLN,119,NE2,GLU,120,N,1,3.333222225925803e-05
GLN,119,NE2,GLU,311,N,1,3.333222225925803e-05
GLU,120,N,GLU,120,OE2,1,3.333222225925803e-05
GLN,123,NE2,ARG,130,NH2,1,3.333222225925803e-05
GLN,123,NE2,HIE,307,ND1,1,3.333222225925803e-05
CYS,124,N,GLN,119,O,1,3.333222225925803e-05
ARG,130,NH1,GLN,123,NE2,1,3.333222225925803e-05
LYS,131,NZ,ARG,130,NH2,1,3.333222225925803e-05
LYS,131,NZ,LYS,131,O,1,3.333222225925803e-05
MET,137,N,ALA,135,O,1,3.333222225925803e-05
ASP,138,N,GLN,457,OE1,1,3.333222225925803e-05
PHE,141,N,ASP,138,OD1,1,3.333222225925803e-05
PHE,141,N,ASP,138,OD2,1,3.333222225925803e-05
SER,145,OG,ASN,149,ND2,1,3.333222225925803e-05
SER,145,OG,TYR,162,N,1,3.333222225925803e-05
ASN,149,ND2,SER,145,OG,1,3.333222225925803e-05
SER,153,N,ILE,151,N,1,3.333222225925803e-05
ARG,159,NE,GLU,121,OE2,1,3.333222225925803e-05
ARG,159,NH1,ASN,149,ND2,1,3.333222225925803e-05
ARG,159,NH2,PHE,160,O,1,3.333222225925803e-05
PHE,160,N,SER,153,OG,1,3.333222225925803e-05
PHE,160,N,LYS,158,O,1,3.333222225925803e-05
HIE,161,NE2,GLN,163,NE2,1,3.333222225925803e-05
TYR,162,OH,LEU,142,O,1,3.333222225925803e-05
TYR,162,OH,GLN,163,OE1,1,3.333222225925803e-05
GLN,163,N,GLN,163,OE1,1,3.333222225925803e-05
GLN,163,NE2,HIE,161,O,1,3.333222225925803e-05
GLN,165,NE2,ASP,164,OD1,1,3.333222225925803e-05
GLN,165,NE2,ASP,164,O,1,3.333222225925803e-05
LEU,168,N,GLN,165,O,1,3.333222225925803e-05
LYS,169,NZ,GLN,165,NE2,1,3.333222225925803e-05
TYR,175,OH,SER,179,OG,1,3.333222225925803e-05
GLN,176,N,LEU,173,O,1,3.333222225925803e-05
GLN,176,NE2,LEU,173,N,1,3.333222225925803e-05
SER,179,OG,SER,179,O,1,3.333222225925803e-05
SER,182,OG,GLU,446,OE2,1,3.333222225925803e-05
SER,182,OG,VAL,449,O,1,3.333222225925803e-05
GLY,186,N,VAL,184,O,1,3.333222225925803e-05
GLN,187,N,ILE,181,O,1,3.333222225925803e-05
GLN,187,NE2,GLU,446,OE2,1,3.333222225925803e-05
TYR,198,N,GLY,194,O,1,3.333222225925803e-05
TYR,198,N,LEU,196,O,1,3.333222225925803e-05
GLY,201,N,ARG,204,NE,1,3.333222225925803e-05
ARG,204,NH1,LEU,196,O,1,3.333222225925803e-05
ARG,204,NH2,TYR,207,OH,1,3.333222225925803e-05
GLN,205,NE2,GLN,176,NE2,1,3.333222225925803e-05
TYR,207,OH,ARG,81,NH2,1,3.333222225925803e-05
LYS,208,NZ,GLN,211,NE2,1,3.333222225925803e-05
ASN,209,ND2,VAL,206,O,1,3.333222225925803e-05
LEU,210,N,ASN,209,OD1,1,3.333222225925803e-05
GLN,211,NE2,ASN,214,ND2,1,3.333222225925803e-05
GLN,211,NE2,GLN,258,OE1,1,3.333222225925803e-05
ALA,215,N,ILE,213,N,1,3.333222225925803e-05
SER,220,OG,TYR,216,OH,1,3.333222225925803e-05
LYS,223,NZ,GLU,226,O,1,3.333222225925803e-05
HIP,224,ND1,HIP,224,O,1,3.333222225925803e-05
HIP,224,ND1,THR,227,O,1,3.333222225925803e-05
ARG,225,N,LYS,223,O,1,3.333222225925803e-05
GLU,226,N,GLU,226,OE2,1,3.333222225925803e-05
THR,227,N,GLU,226,OE1,1,3.333222225925803e-05
THR,227,N,GLU,226,OE2,1,3.333222225925803e-05
ALA,232,N,SER,231,OG,1,3.333222225925803e-05
LYS,234,N,ALA,232,O,1,3.333222225925803e-05
TYR,240,OH,ASN,259,OD1,1,3.333222225925803e-05
TYR,240,OH,ASN,259,O,1,3.333222225925803e-05
LYS,246,NZ,GLU,245,OE1,1,3.333222225925803e-05
LYS,248,NZ,LYS,248,O,1,3.333222225925803e-05
HIE,252,NE2,ASN,91,ND2,1,3.333222225925803e-05
SER,253,N,ASN,250,ND2,1,3.333222225925803e-05
SER,253,OG,ALA,251,O,1,3.333222225925803e-05
SER,253,OG,GLU,254,OE2,1,3.333222225925803e-05
SER,256,N,SER,253,O,1,3.333222225925803e-05
SER,256,OG,HIE,257,ND1,1,3.333222225925803e-05
HIE,257,NE2,GLN,258,OE1,1,3.333222225925803e-05
GLN,258,NE2,GLN,211,OE1,1,3.333222225925803e-05
ASN,259,N,GLN,258,NE2,1,3.333222225925803e-05
ASN,261,N,ASN,261,OD1,1,3.333222225925803e-05
THR,264,OG1,VAL,155,O,1,3.333222225925803e-05
THR,264,OG1,ASN,261,OD1,1,3.333222225925803e-05
THR,272,N,THR,274,OG1,1,3.333222225925803e-05
THR,272,OG1,ALA,148,N,1,3.333222225925803e-05
GLU,273,N,ALA,270,O,1,3.333222225925803e-05
THR,274,N,GLY,271,O,1,3.333222225925803e-05
THR,275,N,THR,274,OG1,1,3.333222225925803e-05
THR,275,OG1,THR,272,O,1,3.333222225925803e-05
SER,276,OG,GLN,144,NE2,1,3.333222225925803e-05
ARG,280,NE,PRO,453,O,1,3.333222225925803e-05
TYR,281,OH,ILE,452,O,1,3.333222225925803e-05
LEU,285,N,GLY,282,O,1,3.333222225925803e-05
TYR,289,OH,PHE,380,O,1,3.333222225925803e-05
HIE,291,NE2,ARG,295,NH2,1,3.333222225925803e-05
ARG,295,NE,HIE,291,ND1,1,3.333222225925803e-05
ARG,295,NE,ARG,298,NH2,1,3.333222225925803e-05
ARG,295,NE,GLU,299,OE2,1,3.333222225925803e-05
TYR,297,N,GLU,294,O,1,3.333222225925803e-05
TYR,297,OH,ARG,463,OXT,1,3.333222225925803e-05
ARG,298,NH1,TYR,297,O,1,3.333222225925803e-05
ARG,298,NH2,GLU,294,O,1,3.333222225925803e-05
ARG,298,NH2,TYR,297,OH,1,3.333222225925803e-05
ARG,298,NH2,GLN,302,N,1,3.333222225925803e-05
GLU,299,N,TYR,297,O,1,3.333222225925803e-05
ILE,300,N,TYR,297,O,1,3.333222225925803e-05
GLN,302,N,ILE,300,O,1,3.333222225925803e-05
GLN,302,NE2,ARG,298,NE,1,3.333222225925803e-05
GLY,305,N,GLU,301,O,1,3.333222225925803e-05
HIE,307,N,ILE,304,O,1,3.333222225925803e-05
ARG,308,NE,GLU,311,OE2,1,3.333222225925803e-05
GLU,311,N,PRO,309,O,1,3.333222225925803e-05
HIE,313,NE2,GLU,115,OE1,1,3.333222225925803e-05
HIE,313,NE2,GLU,115,OE2,1,3.333222225925803e-05
ARG,315,NH1,PRO,310,O,1,3.333222225925803e-05
ARG,315,NH1,LEU,312,O,1,3.333222225925803e-05
LYS,317,N,ARG,315,O,1,3.333222225925803e-05
LYS,317,NZ,GLN,302,OE1,1,3.333222225925803e-05
LYS,317,NZ,GLU,311,OE1,1,3.333222225925803e-05
LYS,317,NZ,ASP,314,N,1,3.333222225925803e-05
TYR,320,OH,VAL,292,O,1,3.333222225925803e-05
TYR,320,OH,ARG,295,NH1,1,3.333222225925803e-05
THR,321,N,GLU,299,OE2,1,3.333222225925803e-05
ILE,328,N,ILE,325,O,1,3.333222225925803e-05
GLN,329,NE2,ILE,325,O,1,3.333222225925803e-05
ASP,333,N,ARG,330,O,1,3.333222225925803e-05
THR,344,OG1,GLU,65,OE1,1,3.333222225925803e-05
THR,344,OG1,GLU,65,OE2,1,3.333222225925803e-05
HIE,346,N,HIE,346,ND1,1,3.333222225925803e-05
THR,347,OG1,ALA,66,O,1,3.333222225925803e-05
THR,347,OG1,HIE,346,N,1,3.333222225925803e-05
THR,347,OG1,THR,347,O,1,3.333222225925803e-05
SER,348,OG,SER,348,O,1,3.333222225925803e-05
ARG,350,NH1,TYR,34,O,1,3.333222225925803e-05
TYR,352,OH,ARG,1,NH2,1,3.333222225925803e-05
TYR,352,OH,ARG,350,NH1,1,3.333222225925803e-05
THR,358,N,LYS,356,O,1,3.333222225925803e-05
LEU,362,N,VAL,339,O,1,3.333222225925803e-05
HID,369,ND1,ASP,333,OD1,1,3.333222225925803e-05
HID,369,ND1,SER,365,OG,1,3.333222225925803e-05
HID,369,ND1,ASP,378,N,1,3.333222225925803e-05
HIE,372,N,ASP,370,O,1,3.333222225925803e-05
TYR,373,N,PRO,371,O,1,3.333222225925803e-05
LYS,376,NZ,GLU,375,O,1,3.333222225925803e-05
PHE,380,N,ASP,378,O,1,3.333222225925803e-05
ASN,381,N,ALA,379,O,1,3.333222225925803e-05
HIP,384,ND1,ARG,330,NE,1,3.333222225925803e-05
HIP,384,ND1,ASN,381,O,1,3.333222225925803e-05
LYS,393,NZ,GLU,375,OE1,1,3.333222225925803e-05
LYS,393,NZ,ASP,383,OD2,1,3.333222225925803e-05
LYS,394,NZ,PHE,398,O,1,3.333222225925803e-05
THR,395,N,TYR,326,OH,1,3.333222225925803e-05
ALA,397,N,GLU,396,OE1,1,3.333222225925803e-05
ALA,397,N,GLU,396,OE2,1,3.333222225925803e-05
SER,402,N,ILE,399,O,1,3.333222225925803e-05
SER,402,OG,GLY,404,O,1,3.333222225925803e-05
SER,402,OG,ILE,407,N,1,3.333222225925803e-05
SER,402,OG,HM1,464,O2A,1,3.333222225925803e-05
GLY,404,N,LEU,60,O,1,3.333222225925803e-05
ARG,406,NH1,ILE,86,O,1,3.333222225925803e-05
ASN,428,ND2,HIE,307,O,1,3.333222225925803e-05
SER,430,OG,ARG,463,NH2,1,3.333222225925803e-05
SER,430,OG,ARG,463,OXT,1,3.333222225925803e-05
MET,431,N,SER,430,OG,1,3.333222225925803e-05
ALA,432,N,SER,430,O,1,3.333222225925803e-05
SER,433,OG,ALA,432,O,1,3.333222225925803e-05
GLN,445,NE2,PRO,454,O,1,3.333222225925803e-05
GLN,445,NE2,THR,455,N,1,3.333222225925803e-05
THR,455,OG1,PRO,453,O,1,3.333222225925803e-05
TYR,456,OH,ASP,138,OD1,1,3.333222225925803e-05
TYR,456,OH,ASP,138,OD2,1,3.333222225925803e-05
TYR,456,OH,PHE,283,O,1,3.333222225925803e-05
GLN,457,NE2,ASP,138,OD1,1,3.333222225925803e-05
GLN,457,NE2,GLN,457,N,1,3.333222225925803e-05
ARG,459,NH1,ALA,135,O,1,3.333222225925803e-05
ARG,459,NH2,LYS,133,O,1,3.333222225925803e-05
ARG,463,NH2,ARG,463,O,1,3.333222225925803e-05
ARG,463,NH2,ARG,463,OXT,1,3.333222225925803e-05
