donor_resname,donor_resid,donor_atom,acceptor_resname,acceptor_resid,acceptor_atom,count,frequency
THR,321,OG1,GLU,299,OE2,29217,0.9738675377487417
ARG,330,NH2,GLU,327,OE1,29160,0.971967601079964
ASN,381,N,GLU,327,OE1,28861,0.9620012666244458
THR,424,OG1,LEU,420,O,28490,0.9496350121662611
ARG,330,NE,GLU,327,OE2,28338,0.9445685143828539
SER,365,N,PRO,336,O,28101,0.9366687777074097
ASP,77,N,ILE,73,O,28043,0.9347355088163728
GLU,301,N,TYR,297,O,27980,0.9326355788140396
ARG,330,NH1,LEU,368,O,27838,0.9279024032532249
TYR,456,OH,ARG,280,O,27761,0.925335822139262
TYR,162,OH,GLU,121,OE2,27658,0.9219026032465585
VAL,40,N,VAL,47,O,27547,0.9182027265757808
VAL,155,N,ILE,151,O,27515,0.9171360954634845
ILE,151,N,THR,147,O,27508,0.9169027699076697
GLU,273,N,PHE,269,O,27426,0.9141695276824106
GLN,427,NE2,ARG,308,O,27409,0.9136028799040032
THR,423,OG1,PHE,419,O,27335,0.9111362954568181
PHE,178,N,PHE,174,O,27306,0.9101696610112996
ILE,458,N,MET,137,O,27298,0.9099030032332256
VAL,76,N,ILE,73,O,27265,0.9088030398986701
VAL,343,N,THR,358,O,27257,0.908536382120596
PHE,421,N,GLU,417,O,27243,0.9080697310089664
HIP,384,N,ASN,381,O,27170,0.9056364787840405
THR,264,OG1,LEU,260,O,27158,0.9052364921169295
VAL,48,N,GLU,359,O,27154,0.9051031632278924
PHE,385,N,PRO,382,O,27151,0.9050031665611147
PHE,361,N,VAL,48,O,27042,0.9013699543348554
PHE,331,N,GLU,327,O,27040,0.901303289890337
PHE,283,N,LEU,279,O,26989,0.8996033465551149
SER,183,OG,LEU,180,O,26944,0.8981033965534482
LEU,168,N,ASP,164,O,26892,0.8963701209959668
GLY,71,N,PRO,340,O,26882,0.8960367987733742
TYR,175,N,LEU,171,O,26804,0.893436885437152
VAL,101,N,ARG,97,O,26718,0.8905703143228559
MET,49,N,PHE,38,O,26658,0.8885703809873005
THR,272,OG1,PHE,268,O,26640,0.8879704009866338
ASN,428,ND2,THR,424,O,26562,0.8853704876504117
ASP,387,N,ALA,391,O,26522,0.8840371987600414
THR,423,N,PHE,419,O,26505,0.883470550981634
PHE,269,N,LEU,265,O,26498,0.8832372254258192
THR,264,N,LEU,260,O,26497,0.8832038932035599
LEU,171,N,PHE,167,O,26464,0.8821039298690043
THR,278,OG1,THR,274,O,26387,0.8795373487550415
THR,177,OG1,LEU,173,O,26357,0.8785373820872637
ILE,354,N,THR,347,O,26276,0.8758374720842639
ALA,148,N,GLN,144,O,26250,0.8749708343055231
ILE,217,N,ILE,213,O,26229,0.8742708576380788
SER,332,OG,ILE,328,O,26208,0.8735708809706343
THR,358,OG1,PRO,355,O,26178,0.8725709143028566
TYR,207,OH,ALA,74,O,26122,0.8707043098563382
LEU,196,N,PHE,192,O,26099,0.8699376687443752
VAL,360,N,HID,341,O,26063,0.8687377087430419
PHE,349,N,TYR,352,O,26059,0.8686043798540048
PHE,160,N,ASN,149,OD1,25924,0.864104529849005
ILE,452,N,GLU,446,O,25905,0.8634712176260791
HIE,41,N,ASN,14,OD1,25823,0.86073797540082
THR,239,OG1,ASP,235,O,25761,0.858671377620746
SER,100,OG,LEU,96,O,25735,0.8578047398420052
THR,347,N,ILE,354,O,25726,0.8575047498416719
VAL,95,N,ASN,91,O,25704,0.8567714409519682
ALA,414,N,GLY,410,O,25683,0.8560714642845239
PHE,38,N,MET,49,O,25599,0.8532715576147462
THR,366,OG1,ILE,363,O,25587,0.8528715709476351
ASN,14,N,HIE,41,O,25396,0.8465051164961168
LEU,265,N,ASN,261,O,25373,0.8457384753841538
SER,430,N,LEU,461,O,25369,0.8456051464951169
SER,276,OG,THR,272,O,25345,0.8448051731608947
CM1,408,N,PHE,401,O,25319,0.8439385353821539
ILE,181,N,THR,177,O,25217,0.8405386487117096
PHE,143,N,PRO,139,O,25191,0.839672010932969
SER,182,OG,PHE,178,O,25169,0.8389387020432653
THR,321,N,GLU,299,OE2,25152,0.8383720542648578
THR,277,OG1,GLU,273,O,25137,0.8378720709309689
LYS,94,N,GLY,90,O,25118,0.8372387587080431
GLU,327,N,ALA,323,O,25114,0.837105429819006
LEU,9,N,GLY,13,O,25105,0.8368054398186727
THR,275,OG1,GLY,271,O,24989,0.8329389020365988
LYS,393,N,PHE,385,O,24676,0.822505916469451
ARG,57,N,VAL,53,O,24636,0.8211726275790807
THR,424,N,LEU,420,O,24608,0.8202393253558214
GLY,52,N,THR,366,OG1,24545,0.8181393953534882
ASP,164,N,HIE,161,O,24501,0.8166727775740809
GLN,176,N,ASN,172,O,24470,0.8156394786840439
GLN,427,NE2,GLY,305,O,24469,0.8156061464617846
ILE,300,N,VAL,296,O,24453,0.8150728309056364
CYS,152,N,ALA,148,O,24448,0.8149061697943402
ARG,159,NH2,GLU,121,OE2,23951,0.798340055331489
THR,39,N,PRO,4,O,23907,0.7968734375520816
LEU,368,N,LEU,364,O,23839,0.794606846438452
LEU,279,N,THR,275,O,23750,0.7916402786573781
LEU,28,N,LEU,24,O,23725,0.7908069731008966
ILE,363,N,LEU,50,O,23603,0.7867404419852672
ILE,328,N,VAL,324,O,23590,0.7863071230958968
MET,137,N,ILE,458,O,23573,0.7857404753174894
LEU,285,N,TYR,281,O,23543,0.7847405086497117
PHE,99,N,VAL,95,O,23490,0.782973900869971
ARG,280,N,SER,276,O,23446,0.7815072830905636
HID,341,N,VAL,360,O,23361,0.7786740441985267
GLN,119,N,GLU,115,O,23322,0.7773740875304157
CYS,51,N,ASP,36,O,23274,0.7757741408619713
VAL,303,N,GLU,299,O,23269,0.775607479750675
ASN,214,N,LEU,210,O,23228,0.7742408586380454
SER,276,N,THR,272,O,23166,0.7721742608579714
TYR,34,N,PHE,30,O,23140,0.7713076230792307
ARG,98,N,LYS,94,O,23101,0.7700076664111196
THR,274,N,ALA,270,O,23060,0.7686410452984901
PHE,268,N,THR,264,O,22891,0.7630078997366755
ARG,97,N,TRP,93,O,22719,0.757274757508083
LEU,50,N,PHE,361,O,22692,0.7563747875070831
MET,244,N,TYR,240,O,22661,0.7553414886170461
ARG,298,N,GLU,294,O,22591,0.7530082330588981
ALA,270,N,SER,266,O,22547,0.7515416152794907
LEU,426,N,PHE,422,O,22475,0.7491416952768241
THR,103,OG1,PHE,99,O,22457,0.7485417152761574
LEU,60,N,ILE,56,O,22438,0.7479084030532316
LEU,125,N,GLU,121,O,22408,0.7469084363854538
GLY,305,N,ILE,300,O,22343,0.744741841938602
LEU,129,N,LEU,125,O,22335,0.7444751841605279
LEU,420,N,ALA,416,O,22306,0.7435085497150095
SER,100,N,LEU,96,O,22216,0.7405086497116763
ALA,122,N,ILE,118,O,22212,0.7403753208226392
GLU,58,N,GLU,54,O,22150,0.7383087230425652
ALA,323,N,PRO,319,O,22131,0.7376754108196394
GLU,322,N,MET,318,O,22108,0.7369087697076764
ASP,383,N,ASN,381,OD1,22069,0.7356088130395654
GLN,211,N,LYS,208,O,21929,0.7309423019232693
LYS,356,N,HIE,346,ND1,21917,0.7305423152561581
THR,39,OG1,PRO,3,O,21865,0.7288090396986767
ARG,31,N,PHE,27,O,21815,0.7271424285857138
TYR,281,N,THR,277,O,21712,0.7237092096930102
SER,179,OG,TYR,175,O,21703,0.7234092196926769
HIP,224,N,SER,220,O,21696,0.7231758941368621
LEU,96,N,ARG,92,O,21475,0.715809473017566
VAL,324,N,TYR,320,O,21182,0.7060431318956035
PHE,30,N,SER,26,O,21175,0.7058098063397886
PHE,27,N,LEU,23,O,21172,0.7057098096730109
THR,102,OG1,ARG,98,O,21099,0.703276557448085
THR,344,N,ALA,66,O,21075,0.7024765841138628
TYR,297,N,ALA,293,O,21063,0.7020765974467518
ASN,263,N,ASN,259,O,20973,0.6990766974434186
GLY,271,N,LEU,267,O,20827,0.6942101929935669
SER,433,OG,GLN,457,O,20767,0.6922102596580114
ARG,70,N,ASN,89,OD1,20732,0.6910436318789374
ASN,263,ND2,TYR,83,O,20699,0.6899436685443818
SER,145,OG,PHE,141,O,20672,0.6890436985433819
ASN,14,ND2,GLN,17,OE1,20612,0.6870437652078264
ALA,59,N,ALA,55,O,20605,0.6868104396520116
SER,26,OG,GLY,22,O,20599,0.686610446318456
ASN,149,ND2,PHE,160,O,20580,0.6859771340955302
ILE,126,N,ALA,122,O,20571,0.6856771440951969
VAL,221,N,ILE,217,O,20557,0.6852104929835672
LYS,131,N,GLU,127,O,20550,0.6849771674277524
ARG,97,NH1,HM1,464,O1D,20507,0.6835438818706043
GLY,338,N,LEU,335,O,20458,0.6819106029799007
ILE,325,N,THR,321,O,20389,0.6796106796440119
TYR,326,N,GLU,322,O,20381,0.6793440218659378
LEU,461,N,SER,430,O,20381,0.6793440218659378
GLY,282,N,THR,278,O,20318,0.6772440918636046
MET,318,N,ARG,315,O,20156,0.6718442718576048
PHE,422,N,LEU,418,O,20103,0.6700776640778641
PHE,398,N,THR,395,O,20098,0.6699110029665678
VAL,296,N,VAL,292,O,20063,0.6687443751874937
ASN,14,ND2,PRO,6,O,20045,0.6681443951868271
GLN,144,NE2,GLU,273,OE1,19789,0.6596113462884571
SER,256,N,TYR,240,OH,19728,0.6575780807306423
VAL,206,N,ALA,202,O,19654,0.6551114962834572
TYR,373,N,ASP,370,O,19596,0.6531782273924203
LEU,180,N,GLN,176,O,19589,0.6529449018366055
LYS,223,N,HIE,219,O,19521,0.6506783107229759
ASN,250,N,GLU,247,O,19497,0.6498783373887537
THR,102,N,ARG,98,O,19252,0.6417119429352355
SER,145,N,PHE,141,O,19247,0.6415452818239392
ARG,70,NE,PRO,340,O,19170,0.6389787007099763
GLU,222,N,GLY,218,O,19150,0.6383120562647912
ARG,459,N,ALA,432,O,19126,0.6375120829305689
THR,277,N,GLU,273,O,19097,0.6365454484850505
ASP,19,N,SER,26,OG,19095,0.6364787840405319
LEU,188,N,VAL,184,O,19081,0.6360121329289024
THR,177,N,LEU,173,O,19047,0.6348788373720876
SER,365,OG,ASP,333,OD1,18890,0.6296456784773841
MET,286,N,GLY,282,O,18845,0.6281457284757175
LYS,63,N,GLU,58,O,18828,0.62757908069731
ALA,397,N,THR,395,OG1,18610,0.6203126562447918
SER,179,N,TYR,175,O,18569,0.6189460351321623
ARG,295,N,HIE,291,O,18440,0.614646178460718
LEU,241,N,ILE,237,O,18438,0.6145795140161995
TYR,83,N,PHE,80,O,18317,0.6105463151228292
GLY,22,N,ASP,19,O,18295,0.6098130062331255
ALA,135,N,SER,132,O,18255,0.6084797173427552
TYR,207,N,HIE,203,O,18221,0.6073464217859404
PHE,79,N,VAL,76,O,18081,0.6026799106696443
ILE,237,N,VAL,155,O,18035,0.6011466284457184
ASP,370,N,ALA,367,O,18025,0.6008133062231259
ILE,118,N,VAL,114,O,18023,0.6007466417786074
ASN,172,N,LEU,168,O,17855,0.595146828439052
TRP,93,NE1,HM1,464,O1D,17743,0.5914136195460151
ASN,209,N,GLN,205,O,17701,0.5900136662111263
THR,274,OG1,ALA,270,O,17600,0.5866471117629413
GLU,121,N,ARG,117,O,17599,0.586613779540682
ILE,413,N,GLY,410,O,17598,0.5865804473184227
GLY,390,N,ASP,387,O,17535,0.5844805173160894
GLU,226,N,GLU,222,O,17366,0.5788473717542748
PHE,374,N,ASP,370,O,17355,0.578480717309423
THR,239,N,ASP,235,O,17278,0.5759141361954602
GLN,329,N,ILE,325,O,17265,0.5754808173060898
LYS,288,NZ,ILE,440,O,17195,0.5731475617479417
GLY,448,N,GLY,450,O,17100,0.5699810006333123
ALA,432,N,ARG,459,O,17090,0.5696476784107196
ARG,159,NE,GLU,121,OE1,17034,0.5677810739642012
LEU,173,N,LYS,169,O,17022,0.5673810872970901
ASN,149,ND2,GLU,121,OE2,16984,0.5661144628512383
THR,278,N,THR,274,O,16976,0.5658478050731642
ARG,21,N,ASP,19,OD1,16939,0.5646145128495716
VAL,339,N,HM1,464,O1A,16915,0.5638145395153494
ASN,261,ND2,ASN,214,O,16868,0.5622479250691643
GLN,427,N,THR,423,O,16721,0.5573480883970534
LEU,242,N,ASP,238,O,16712,0.5570480983967201
SER,182,N,PHE,178,O,16676,0.5558481383953868
GLN,17,NE2,ARG,7,O,16555,0.5518149395020167
LYS,317,N,ASP,314,O,16550,0.5516482783907203
HID,243,ND1,THR,239,O,16548,0.5515816139462018
PHE,199,N,LEU,196,O,16494,0.5497816739442019
ASN,209,ND2,THR,177,OG1,16437,0.5478817372754241
ILE,425,N,PHE,421,O,16433,0.5477484083863872
MET,170,N,GLU,166,O,16361,0.5453484883837205
LYS,288,N,LEU,284,O,16339,0.5446151794940168
LYS,169,N,GLN,165,O,16302,0.5433818872704244
GLU,247,N,HID,243,O,16281,0.5426819106029799
ALA,215,N,GLN,211,O,16252,0.5417152761574614
LEU,386,N,ASP,383,O,16252,0.5417152761574614
TYR,198,N,PHE,195,O,16151,0.5383487217092764
GLN,144,N,THR,140,O,16067,0.5355488150394987
TYR,240,N,LEU,236,O,16064,0.535448818372721
LEU,191,N,LEU,188,O,16019,0.5339488683710543
ARG,463,N,ASN,428,O,15959,0.5319489350354988
PHE,255,N,SER,253,OG,15958,0.5319156028132396
TYR,216,N,GLU,212,O,15933,0.5310822972567582
MET,104,N,SER,100,O,15720,0.5239825339155362
SER,266,OG,ASN,263,O,15596,0.5198493383553882
ILE,353,N,ARG,1,O,15513,0.5170827639078698
ASP,357,N,VAL,343,O,15357,0.5118829372354254
TYR,320,N,GLU,299,OE1,15353,0.5117496083463885
ILE,146,N,LEU,142,O,15345,0.5114829505683144
LYS,208,N,GLN,205,O,15345,0.5114829505683144
ARG,315,N,GLU,311,O,15171,0.5056831438952035
TYR,352,N,PHE,349,O,15155,0.5051498283390554
ASN,259,ND2,SER,256,OG,15118,0.5039165361154628
SER,266,N,LEU,262,O,15048,0.5015832805573147
ARG,130,N,ILE,126,O,14972,0.4990500316656111
ARG,57,NH2,GLU,54,OE1,14916,0.4971834272190927
THR,227,N,LYS,223,O,14899,0.49661677944068533
ARG,70,NH1,ILE,86,O,14815,0.49381687277090763
GLU,294,N,PRO,290,O,14796,0.49318356054798174
THR,140,OG1,ASP,138,OD1,14753,0.4917502749908336
LEU,334,N,SER,332,O,14737,0.4912169594346855
ARG,70,NH1,HM1,464,O2A,14592,0.4863837872070931
TRP,93,N,ASN,89,O,14537,0.4845505149828339
ASP,106,N,VAL,101,O,14478,0.4825839138695377
THR,443,OG1,ASP,441,OD2,14326,0.47751741608613046
PHE,195,N,PHE,192,O,14296,0.4765174494183527
ASN,149,N,SER,145,O,14265,0.4754841505283157
ARG,225,N,VAL,221,O,14120,0.47065097830072333
ILE,56,N,GLY,52,O,14112,0.4703843205226492
HID,243,N,THR,239,O,14071,0.46901769941001964
LYS,288,NZ,PRO,437,O,13961,0.46535115496150126
ARG,57,NE,GLU,54,OE2,13949,0.4649511682943902
LEU,260,N,HIE,257,O,13943,0.4647511749608346
LEU,236,N,ILE,154,O,13849,0.4616179460684644
TYR,289,N,LEU,285,O,13735,0.45781807273090896
HIE,219,N,ALA,215,O,13727,0.4575514149528349
THR,443,OG1,ASP,441,OD1,13696,0.4565181160627979
PHE,87,N,GLY,84,O,13647,0.45488483717209427
GLY,186,N,SER,183,OG,13609,0.4536182127262425
ARG,97,NH1,ILE,407,O,13579,0.45261824605846473
PHE,429,N,ILE,425,O,13528,0.45091830272324257
GLN,144,NE2,LEU,171,O,13519,0.45061831272290925
ILE,304,N,ILE,300,O,13497,0.44988500383320557
ARG,21,NE,ASP,19,OD1,13398,0.446585113829539
SER,183,N,LEU,180,O,13390,0.446318456051465
HIP,384,ND1,GLU,327,OE2,13351,0.44501849938335386
THR,140,N,ASP,138,OD1,13315,0.4438185393820206
GLN,163,N,HIE,161,ND1,13312,0.4437185427152428
ALA,88,N,VAL,85,O,13286,0.4428519049365021
THR,140,OG1,ASP,138,OD2,13254,0.44178527382420585
ARG,308,NH1,ASP,314,OD1,13193,0.4397520082663911
GLY,218,N,ASN,214,O,13152,0.4383853871537615
ILE,407,N,GLY,404,O,13138,0.43791873604213194
ARG,29,N,LYS,25,O,12924,0.4307856404786507
ARG,97,NH2,ILE,407,O,12905,0.4301523282557248
ARG,70,NH2,HM1,464,O2A,12829,0.4276190793640212
GLU,32,N,LEU,28,O,12634,0.42111929602346587
ARG,308,NH2,ASP,314,OD2,12560,0.4186527115762808
CYS,124,N,GLU,120,O,12540,0.41798606713109565
ARG,57,NH2,ASP,62,OD2,12528,0.41758608046398454
PHE,156,N,CYS,152,O,12523,0.4174194193526882
THR,443,N,ASP,441,OD2,12514,0.4171194293523549
GLN,445,N,ILE,452,O,12514,0.4171194293523549
ARG,57,NH1,ASP,62,OD1,12508,0.4169194360187994
PHE,174,N,MET,170,O,12442,0.4147195093496883
SER,220,N,TYR,216,O,12392,0.4130528982367254
ARG,21,NH2,ASP,19,OD2,12388,0.4129195693476884
PHE,189,N,PHE,185,O,12386,0.4128529049031699
THR,366,N,ILE,363,O,12368,0.41225292490250326
ARG,45,NH2,GLU,190,OE2,12304,0.4101196626779107
ARG,330,N,TYR,326,O,12262,0.4087197093430219
THR,103,N,PHE,99,O,12198,0.4065864471184294
ALA,66,N,LYS,63,O,12116,0.4038532048931702
PHE,192,N,PHE,189,O,12098,0.4032532248925036
GLU,245,N,LEU,241,O,12043,0.4014199526682444
HIE,372,N,ASP,370,OD1,12031,0.4010199660011333
PHE,67,N,LYS,63,O,12022,0.40071997600079995
ILE,154,N,ILE,150,O,11956,0.39852004933168894
THR,443,N,ASP,441,OD1,11950,0.3983200559981334
GLU,128,N,CYS,124,O,11903,0.39675344155194825
THR,140,N,ASP,138,OD2,11856,0.39518682710576314
THR,227,OG1,LYS,223,O,11811,0.39368687710409656
TYR,240,OH,SER,256,O,11771,0.39235358821372623
SER,332,N,ILE,328,O,11769,0.3922869237692077
GLU,127,N,GLN,123,O,11765,0.39215359488017065
GLN,123,N,GLN,119,O,11747,0.391553614879504
SER,402,N,ILE,399,O,11723,0.3907536415452818
ALA,293,N,TYR,289,O,11704,0.3901203293223559
ARG,315,NH1,ARG,415,O,11688,0.3895870137662078
HIP,384,NE2,GLU,375,O,11575,0.38582047265091163
LYS,451,NZ,ASP,333,OD2,11425,0.3808206393120229
VAL,53,N,ASP,370,OD2,11252,0.37505416486117127
GLU,120,N,GLU,116,O,11127,0.37088763707876404
SER,153,N,ASN,149,O,11047,0.3682210592980234
GLU,311,N,ASP,314,OD1,10987,0.3662211259624679
ARG,308,NH1,ASP,314,OD2,10984,0.36612112929569013
ARG,308,NH2,ASP,314,OD1,10970,0.36565447818406055
ARG,231,N,ASP,229,OD1,10882,0.3627212426252458
ARG,308,NH1,PRO,309,O,10863,0.3620879304023199
HID,369,ND1,SER,365,O,10846,0.36152128262391253
HIP,224,ND1,ASP,238,OD2,10712,0.35705476484117193
ARG,45,NH1,GLU,359,OE2,10700,0.3566547781740609
LYS,133,N,ARG,130,O,10647,0.3548881703943202
LYS,246,N,LEU,242,O,10616,0.3538548715042832
LEU,287,N,PHE,283,O,10434,0.3477884070530982
SER,253,OG,GLU,247,OE2,10423,0.34742175260824637
ARG,45,NH2,GLU,190,OE1,10387,0.3462217926069131
GLU,311,N,ASP,314,OD2,10376,0.34585513816206126
THR,347,OG1,GLN,345,O,10328,0.3442551914936169
ARG,57,NH1,ASP,62,OD2,10325,0.3441551948268391
ARG,92,NE,GLU,254,OE1,10258,0.3419219359354688
LEU,15,N,LEU,12,O,10228,0.3409219692676911
SER,132,OG,LEU,129,O,10213,0.3404219859338022
ARG,231,NE,ASP,229,OD1,10188,0.33958868037732076
ARG,57,NH2,ASP,62,OD1,10120,0.3373220892636912
LEU,418,N,GLU,417,OE2,10000,0.33332222259258026
ARG,231,NH2,ASP,229,OD2,9981,0.33268891036965437
SER,365,OG,ASP,333,OD2,9960,0.33198893370220994
ASP,314,N,GLU,311,O,9909,0.3302889903669878
ARG,57,NH2,GLU,54,OE2,9889,0.3296223459218026
GLN,17,N,ASN,14,O,9812,0.32705576480783977
ARG,45,NH1,GLU,359,OE1,9727,0.3242225259158028
SER,153,OG,ASN,149,O,9682,0.3227225759141362
ARG,231,NE,ASP,229,OD2,9639,0.3212892903569881
ARG,21,N,ASP,19,OD2,9600,0.31998933368887705
ASN,209,ND2,GLN,176,OE1,9559,0.31862271257624747
LYS,356,NZ,ASP,357,OD1,9536,0.3178560714642845
LEU,284,N,ARG,280,O,9475,0.3158228059064698
LYS,248,NZ,GLU,245,OE1,9412,0.31372287590413656
ARG,57,NE,GLU,54,OE1,9328,0.31092296923435886
LEU,267,N,ASN,263,O,9323,0.31075630812306254
ARG,231,N,ASP,229,OD2,9318,0.3105896470117663
ASP,439,N,ALA,436,O,9305,0.3101563281223959
ARG,315,NH2,GLU,322,OE1,9294,0.30978967367754406
THR,147,OG1,PHE,143,O,9286,0.30952301589947
VAL,292,N,TYR,289,O,9285,0.30948968367721075
ARG,231,NH2,ASP,229,OD1,9145,0.3048231725609146
ARG,21,NE,ASP,19,OD2,9124,0.3041231958934702
VAL,47,N,VAL,40,O,9057,0.30188993700209993
ARG,81,N,ASP,77,O,9040,0.30132328922369256
SER,68,OG,GLU,65,O,9003,0.3000899970001
ALA,379,N,LYS,376,O,8973,0.29909003033232223
THR,272,N,PHE,268,O,8881,0.29602346588447054
GLY,84,N,PHE,80,O,8863,0.29542348588380385
ASN,149,ND2,SER,145,O,8851,0.2950234992166928
ILE,342,N,GLY,69,O,8844,0.29479017366087795
SER,266,OG,LEU,262,O,8731,0.29102363254558183
ALA,391,N,ASN,389,OD1,8717,0.2905569814339522
LYS,248,NZ,GLU,245,OE2,8694,0.28979034032198925
ARG,130,NH2,GLU,127,OE2,8683,0.2894236858771374
LYS,356,NZ,ASP,357,OD2,8635,0.28782373920869303
LYS,158,N,CYS,152,O,8631,0.28769041031965603
SER,253,OG,GLU,247,OE1,8544,0.28479050698310054
ILE,150,N,ILE,146,O,8425,0.28082397253424884
LYS,451,NZ,ASP,333,OD1,8306,0.27685743808539715
ASN,214,ND2,GLN,211,OE1,8260,0.2753241558614713
VAL,53,N,ASP,370,OD1,8225,0.27415752808239724
VAL,61,N,ARG,57,O,8066,0.2688577047431752
LEU,23,N,GLN,187,OE1,7967,0.2655578147395087
THR,275,N,GLY,271,O,7945,0.264824505849805
THR,147,N,PHE,143,O,7933,0.2644245191826939
ARG,112,NE,GLU,116,OE1,7872,0.2623912536248792
PHE,80,N,VAL,76,O,7812,0.2603913202893237
LYS,111,NZ,ASP,235,OD1,7796,0.25985800473317555
SER,26,N,GLY,22,O,7793,0.25975800806639776
ARG,45,NE,LEU,42,O,7764,0.2587913736208793
ARG,112,NE,GLU,116,OE2,7748,0.2582580580647312
LYS,197,N,SER,193,O,7729,0.2576247458418053
GLN,205,N,GLY,201,O,7726,0.2575247491750275
ARG,295,NH1,ARG,295,O,7724,0.25745808473050896
GLN,119,NE2,PRO,310,O,7681,0.2560247991733609
ARG,92,NE,GLU,254,OE2,7553,0.25175827472417583
ARG,130,NH2,GLU,127,OE1,7525,0.2508249725009166
HIP,384,ND1,GLU,327,OE1,7498,0.24992500249991667
LYS,63,NZ,SER,348,O,7449,0.24829172360921303
TRP,93,NE1,HM1,464,O2D,7429,0.24762507916402787
ARG,21,NH2,ASP,19,OD1,7419,0.2472917569414353
ASN,428,N,THR,424,O,7409,0.2469584347188427
PHE,419,N,ARG,415,O,7394,0.24645845138495384
LEU,24,N,GLN,187,OE1,7309,0.2436252124929169
SER,132,N,GLU,128,O,7305,0.24349188360387988
HIE,372,N,ASP,370,OD2,7244,0.24145861804606514
ARG,112,NH2,GLU,116,OE2,7231,0.24102529915669477
LYS,72,N,GLU,359,OE2,7207,0.24022532582247258
ALA,316,N,LEU,312,O,7169,0.23895870137662079
ARG,159,NH1,GLU,121,OE1,7167,0.23889203693210226
VAL,435,N,SER,433,OG,7130,0.23765874470850973
LYS,72,N,GLU,359,OE1,7091,0.23635878804039864
ARG,105,N,VAL,101,O,7090,0.2363254558181394
ARG,315,NE,GLU,322,OE2,7082,0.23605879804006533
ARG,463,NE,LEU,426,O,7076,0.23585880470650977
GLN,302,N,ARG,298,O,7037,0.23455884803839872
ARG,315,NH2,GLU,322,OE2,7036,0.23452551581613945
LYS,111,N,GLY,108,O,7008,0.23359221359288024
ASN,259,N,SER,256,O,6921,0.23069231025632478
LYS,33,N,ARG,29,O,6906,0.2301923269224359
SER,249,N,LYS,246,O,6897,0.2298923369221026
ARG,117,NH2,GLU,121,OE1,6782,0.22605913136228792
ARG,406,NH2,HM1,464,O2A,6711,0.2236925435818806
GLU,115,N,SER,113,OG,6700,0.22332588913702878
ARG,459,NE,GLY,134,O,6676,0.22252591580280656
ARG,70,NH2,HM1,464,O1A,6646,0.22152594913502882
LEU,228,N,ARG,225,O,6626,0.22085930468984366
MET,18,N,LEU,15,O,6605,0.22015932802239926
GLN,187,NE2,CYS,447,O,6546,0.21819272690910302
ARG,406,NH2,HM1,464,O2D,6534,0.21779274024199194
LYS,131,NZ,GLU,128,OE1,6504,0.2167927735742142
ARG,406,NH1,SER,68,O,6477,0.21589280357321422
ARG,112,NH2,GLU,116,OE1,6438,0.21459284690510316
ASN,91,ND2,GLU,254,OE2,6403,0.21342621912602913
ARG,45,NH2,GLU,190,O,6398,0.21325955801473284
MET,18,N,ASN,14,O,6375,0.21249291690276992
GLU,166,N,ASP,164,OD2,6185,0.2061597946735109
GLU,299,N,ARG,295,O,6183,0.20609313022899237
GLN,211,NE2,TYR,207,O,6142,0.20472650911636278
ARG,459,NH1,GLY,134,O,6099,0.2032932235592147
ARG,330,NH2,PRO,377,O,6083,0.20275990800306656
HIE,252,NE2,GLU,254,OE1,5990,0.19966001133295558
GLN,144,NE2,GLU,273,OE2,5987,0.1995600146661778
ARG,130,NE,GLU,127,OE1,5967,0.19889337022099263
ARG,295,NH1,GLU,299,OE1,5901,0.1966934435518816
TYR,281,OH,LEU,442,O,5888,0.19626012466251125
ARG,105,NE,ASP,106,OD2,5881,0.19602679910669643
HIE,252,NE2,GLU,254,OE2,5875,0.1958268057731409
HIP,224,ND1,ASP,238,OD1,5814,0.19379354021532616
ARG,298,NE,GLU,294,OE2,5802,0.19339355354821505
LYS,405,NZ,GLU,65,OE2,5728,0.19092696910102996
GLN,187,N,SER,183,O,5701,0.19002699910003
ALA,367,N,LEU,364,O,5687,0.18956034798840038
GLU,166,N,ASP,164,OD1,5610,0.18699376687443753
LEU,418,N,GLU,417,OE1,5571,0.18569381020632644
SER,249,OG,LYS,246,O,5540,0.18466051131628947
ARG,315,NE,GLU,322,OE1,5538,0.18459384687177094
LYS,405,NZ,GLU,65,OE1,5536,0.1845271824272524
ARG,105,NH2,ASP,106,OD1,5519,0.18396053464884504
ARG,225,NH2,GLU,222,OE2,5519,0.18396053464884504
ARG,130,NE,GLU,127,OE2,5502,0.18339388687043764
HIE,252,N,ASN,250,OD1,5477,0.1825605813139562
ARG,225,NH2,GLU,222,OE1,5475,0.1824939168694377
ARG,31,NH1,ASP,36,OD1,5393,0.17976067464417853
GLU,417,N,GLU,417,OE1,5349,0.17829405686477118
LYS,131,NZ,GLU,128,OE2,5311,0.17702743241891936
ARG,92,NH2,GLU,254,OE2,5306,0.17686077130762307
ARG,350,NH2,GLU,58,OE2,5297,0.17656078130728975
ARG,350,NH2,GLU,58,OE1,5271,0.17569414352854903
ARG,92,NH1,GLY,82,O,5260,0.17532748908369722
ARG,298,NH1,GLU,301,OE1,5213,0.17376087463751208
LEU,42,N,ARG,45,O,5188,0.17292756908103063
LYS,248,N,GLU,245,O,5160,0.17199426685777142
GLY,35,N,ARG,31,O,5148,0.1715942801906603
GLU,116,N,SER,113,OG,5137,0.17122762574580846
ARG,31,NH1,ASP,36,OD2,5127,0.17089430352321588
GLY,13,N,LEU,9,O,5104,0.17012766241125296
GLN,205,NE2,GLN,176,OE1,5077,0.16922769241025298
ARG,415,NE,GLN,329,OE1,5014,0.16712776240791974
ARG,105,NH1,GLU,411,OE1,4979,0.1659611346288457
ARG,225,NE,GLU,222,OE2,4932,0.16439452018266057
ARG,112,NH2,GLU,120,OE2,4920,0.1639945335155495
ARG,350,NE,GLU,58,OE1,4880,0.16266124462517917
ARG,31,NH2,ASP,36,OD2,4878,0.16259458018066064
ARG,204,NH1,LYS,197,O,4851,0.1616946101796607
ASN,250,ND2,GLU,247,OE2,4837,0.16122795906803106
LEU,335,N,ASP,333,O,4835,0.16116129462351256
LYS,169,NZ,GLU,166,OE1,4792,0.15972800906636445
ASN,381,ND2,ASP,383,OD1,4791,0.1596946768441052
GLU,190,N,GLN,187,O,4785,0.15949468351054966
GLU,411,N,CM1,408,O,4732,0.15772807573080896
LYS,248,N,MET,244,O,4729,0.1576280790640312
ARG,225,NE,GLU,222,OE1,4717,0.1572280923969201
LYS,169,NZ,GLU,166,OE2,4691,0.1563614546181794
ARG,298,NH1,GLU,301,OE2,4681,0.15602813239558683
ARG,112,NH2,GLU,120,OE1,4666,0.15552814906169796
ILE,440,N,ALA,436,O,4592,0.15306156461451284
ILE,440,N,PRO,437,O,4566,0.15219492683577215
ASN,381,ND2,ASP,383,OD2,4539,0.15129495683477218
ARG,117,NE,SER,153,OG,4489,0.14962834572180927
ASN,250,ND2,GLU,247,OE1,4451,0.14836172127595748
GLU,116,N,SER,113,O,4441,0.1480283990533649
ARG,350,NE,GLU,58,OE2,4425,0.14749508349721677
ARG,31,NH1,GLY,35,O,4411,0.14702843238558716
ALA,416,N,GLU,417,OE1,4407,0.1468951034965501
ARG,117,NH1,SER,153,OG,4393,0.1464284523849205
ARG,406,NH1,HM1,464,O2D,4391,0.146361787940402
THR,147,OG1,THR,275,OG1,4387,0.14622845905136495
GLU,446,N,ILE,452,O,4375,0.14582847238425387
ARG,298,NE,GLU,294,OE1,4329,0.144295190160328
ARG,45,NH2,GLU,359,OE1,4300,0.1433285557148095
ARG,92,NH2,GLU,254,OE1,4274,0.1424619179360688
GLY,412,N,LEU,409,O,4259,0.14196193460217993
ARG,330,NH1,PRO,377,O,4246,0.14152861571280959
SER,193,OG,GLU,190,OE1,4215,0.14049531682277258
ASN,389,ND2,ASP,387,OD2,4192,0.13972867571080963
THR,344,OG1,ALA,66,O,4160,0.1386620445985134
GLN,187,NE2,SER,183,O,4155,0.1384953834872171
ARG,45,NH2,GLU,359,OE2,4136,0.1378620712642912
THR,455,OG1,GLN,445,OE1,4120,0.13732875570814307
TYR,83,OH,GLU,254,O,4111,0.13702876570780975
SER,193,OG,PHE,189,O,4099,0.13662877904069864
GLN,163,NE2,GLU,128,OE2,4079,0.13596213459551348
ASN,389,ND2,ASP,387,OD1,4064,0.1354621512616246
ARG,406,NE,HID,341,NE2,4059,0.13529549015032832
GLN,445,NE2,PRO,453,O,4058,0.13526215792806906
ASP,333,N,ARG,330,O,4050,0.134995500149995
TYR,297,OH,GLU,301,OE1,4036,0.1345288490383654
GLY,108,N,THR,103,O,3990,0.13299556681443953
ASP,235,N,ASP,238,OD1,3988,0.132928902369921
TYR,297,OH,GLU,301,OE2,3925,0.13082897236758775
ARG,31,NH2,ASP,36,OD1,3921,0.13069564347855073
ARG,31,NE,ASP,36,OD2,3891,0.129695676810773
PHE,460,N,GLY,134,O,3886,0.1295290156994767
LYS,33,N,PHE,30,O,3865,0.12882903903203227
MET,109,N,LYS,234,O,3856,0.12852904903169896
LYS,451,N,LEU,334,O,3828,0.12759574680843971
ARG,463,NH2,LEU,426,O,3817,0.12722909236358787
THR,358,N,PRO,355,O,3799,0.12662911236292124
ASN,389,N,ASP,387,OD2,3781,0.1260291323622546
ALA,232,N,ASP,229,O,3779,0.12596246791773608
ASN,389,N,ASP,387,OD1,3758,0.12526249125029165
ARG,81,NE,ASN,259,OD1,3739,0.12462917902736576
ARG,117,N,SER,113,O,3724,0.12412919569347688
LYS,63,NZ,GLU,58,OE2,3719,0.1239625345821806
ALA,64,N,VAL,61,O,3715,0.12382920569314357
ASN,91,ND2,GLU,254,OE1,3715,0.12382920569314357
ARG,117,NH1,GLU,120,OE2,3714,0.1237958734708843
ARG,81,NH2,ASN,259,OD1,3702,0.12339588680377321
ARG,415,NH1,GLU,322,OE2,3680,0.12266257791406954
PHE,67,N,ALA,64,O,3637,0.12122929235692144
ARG,298,NH2,GLU,294,OE2,3624,0.12079597346755108
ARG,112,NH1,GLU,120,OE1,3505,0.11682943901869938
ARG,31,NH1,ASP,370,OD2,3421,0.1140295323489217
ASN,259,N,SER,256,OG,3419,0.11396286790440319
SER,68,OG,ALA,64,O,3397,0.11322955901469951
ARG,112,NH1,GLU,120,OE2,3376,0.11252958234725509
ARG,29,NH1,ASP,19,OD2,3372,0.11239625345821806
PHE,107,N,MET,104,O,3365,0.11216292790240326
ARG,31,NH2,ASP,370,OD2,3352,0.1117296090130329
ARG,298,NH2,GLU,294,OE1,3344,0.11146295123495883
LYS,234,N,ASP,238,OD1,3328,0.1109296356788107
ARG,105,NH2,ASP,106,OD2,3315,0.11049631678944036
SER,68,N,GLU,65,O,3312,0.11039632012266258
HIE,203,NE2,LEU,196,O,3308,0.11026299123362554
ARG,70,NH1,HM1,464,O1A,3294,0.10979634012199593
ARG,415,NH1,GLU,322,OE1,3277,0.10922969234358855
ARG,105,NH1,CM1,408,O,3224,0.10746308456384787
ASN,428,N,ILE,425,O,3204,0.10679644011866271
ARG,415,NH2,GLU,322,OE2,3158,0.10526315789473684
ARG,463,NH1,GLU,294,OE1,3140,0.1046631778940702
ARG,31,NH1,ARG,31,O,3133,0.10442985233825539
ARG,117,NH1,GLU,120,OE1,3117,0.10389653678210727
THR,344,OG1,GLU,65,O,3074,0.10246325122495917
ALA,416,N,GLU,417,OE2,3063,0.10209659678010732
ASN,259,ND2,GLU,254,O,3061,0.10202993233558881
HIP,224,ND1,SER,220,O,3041,0.10136328789040365
GLU,417,N,GLU,417,OE2,3034,0.10112996233458885
GLN,163,NE2,GLU,128,OE1,3018,0.10059664677844071
GLN,176,NE2,ASN,209,OD1,3017,0.10056331455618146
ARG,105,NH2,GLU,411,OE1,2969,0.09896336788773707
SER,113,OG,GLU,115,OE2,2962,0.09873004233192227
SER,193,OG,GLU,190,OE2,2954,0.0984633845538482
ARG,415,NH2,GLN,329,OE1,2922,0.09739675344155195
ARG,117,NH1,GLU,121,OE1,2907,0.09689677010766308
ARG,31,NH2,ASP,370,OD1,2896,0.09653011566281124
HIE,257,NE2,GLU,222,OE2,2850,0.09499683343888538
LYS,72,NZ,SER,193,OG,2843,0.09476350788307056
LEU,260,N,SER,256,O,2843,0.09476350788307056
ARG,31,NH1,ASP,370,OD1,2832,0.09439685343821873
ARG,105,NE,ASP,106,OD1,2832,0.09439685343821873
SER,145,OG,LEU,142,O,2823,0.0940968634378854
GLN,187,N,VAL,184,O,2818,0.09393020232658911
ARG,117,NE,SER,113,O,2797,0.0932302256591447
VAL,85,N,ASN,263,OD1,2775,0.09249691676944102
ARG,415,N,GLU,417,OE2,2740,0.09133028899036699
ARG,415,NH2,GLU,322,OE1,2731,0.09103029899003366
SER,113,OG,GLU,115,OE1,2725,0.09083030565647812
LYS,63,NZ,GLU,58,OE1,2705,0.09016366121129296
LYS,72,NZ,GLU,359,OE2,2676,0.08919702676577447
LYS,234,NZ,ASP,235,OD2,2652,0.08839705343155228
GLN,258,N,GLN,258,OE1,2641,0.08803039898670044
LYS,234,NZ,ASP,235,OD1,2629,0.08763041231958935
SER,220,OG,TYR,216,O,2623,0.08743041898603379
LYS,72,NZ,GLU,190,OE2,2617,0.08723042565247825
PHE,192,N,LEU,188,O,2599,0.0866304456518116
ARG,406,N,LEU,403,O,2593,0.08643045231825605
LYS,317,NZ,HIE,313,O,2590,0.08633045565147829
GLN,205,NE2,ASN,209,OD1,2586,0.08619712676244125
HIE,257,NE2,GLU,222,OE1,2578,0.08593046898436718
ARG,315,N,LEU,312,O,2563,0.08543048565047831
ARG,225,NH1,GLU,222,OE1,2554,0.085130495650145
THR,103,N,SER,100,O,2548,0.08493050231658944
ARG,463,NH1,GLU,294,OE2,2537,0.08456384787173761
GLN,165,NE2,GLN,163,O,2535,0.0844971834272191
ARG,204,N,GLY,201,O,2522,0.08406386453784874
ARG,350,NH1,ASP,36,OD2,2520,0.08399720009333023
LEU,364,N,LEU,362,O,2519,0.08396386787107096
ARG,330,NH1,HID,369,NE2,2510,0.08366387787073765
TYR,175,OH,GLN,445,OE1,2495,0.08316389453684878
SER,68,N,THR,344,OG1,2485,0.0828305723142562
THR,344,OG1,GLN,345,OE1,2466,0.08219726009133028
LYS,25,N,GLY,22,O,2462,0.08206393120229326
GLU,417,N,ILE,413,O,2462,0.08206393120229326
ARG,117,N,VAL,114,O,2460,0.08199726675777474
LYS,72,NZ,GLU,359,OE1,2429,0.08096396786773774
GLY,157,N,CYS,152,O,2429,0.08096396786773774
GLN,329,NE2,THR,278,OG1,2413,0.08043065231158962
LYS,111,NZ,SER,153,O,2404,0.08013066231125629
ARG,350,NH1,ASP,36,OD1,2373,0.0790973634212193
ARG,29,NH1,ASP,19,OD1,2358,0.07859738008733043
ASN,261,N,HIE,257,O,2357,0.07856404786507117
ARG,463,NH2,GLU,294,OE2,2315,0.07716409453018233
HIE,161,N,ASP,164,OD1,2305,0.07683077230758975
ASP,106,N,THR,102,O,2302,0.07673077564081197
ASN,89,ND2,ARG,70,O,2281,0.07603079897336755
ARG,105,N,SER,100,O,2277,0.07589747008433052
GLN,258,N,SER,256,OG,2270,0.07566414452851572
LEU,262,N,GLN,258,O,2254,0.07513082897236759
GLN,345,NE2,GLU,65,O,2248,0.07493083563881205
ALA,316,N,HIE,313,O,2229,0.07429752341588614
LYS,246,N,HID,243,O,2222,0.07406419786007133
ARG,130,NH1,GLU,127,OE2,2171,0.07236425452484917
PHE,167,N,ASP,164,OD2,2163,0.07209759674677511
GLU,396,N,GLU,396,OE2,2138,0.07126429119029366
GLU,396,N,GLU,396,OE1,2133,0.07109763007899737
LEU,262,N,ASN,261,OD1,2120,0.07066431118962702
SER,132,OG,GLU,128,O,2101,0.0700309989667011
ARG,31,NE,ASP,36,OD1,2083,0.06943101896603447
PHE,167,N,ASP,164,OD1,2076,0.06919769341021965
ARG,225,NH1,GLU,222,OE2,2073,0.06909769674344189
LYS,451,NZ,SER,332,O,2064,0.06879770674310856
LYS,405,NZ,SER,68,OG,2062,0.06873104229859005
ASN,172,ND2,LEU,168,O,2053,0.06843105229825673
GLU,247,N,MET,244,O,2026,0.06753108229725675
ARG,463,NH2,PHE,429,O,2012,0.06706443118562715
LYS,197,N,GLY,194,O,1986,0.06619779340688643
ARG,463,NH2,GLU,294,OE1,1980,0.06599780007333089
GLN,123,NE2,GLN,119,O,1957,0.06523115896136795
ARG,130,NH1,GLU,127,OE1,1956,0.06519782673910869
HID,369,N,THR,366,O,1938,0.06459784673844206
ARG,117,NH2,ASN,149,O,1852,0.06173127562414586
SER,132,N,LEU,129,O,1851,0.061697943401886605
THR,344,OG1,SER,68,OG,1846,0.061531282290590315
SER,402,OG,ARG,406,O,1830,0.06099796673444219
SER,348,OG,TYR,352,O,1824,0.060797973400886635
ARG,117,NH2,ARG,112,O,1772,0.05906469784340522
LYS,234,NZ,ALA,232,O,1767,0.05889803673210893
GLN,176,NE2,ASN,172,OD1,1756,0.05853138228725709
ASP,62,N,ARG,57,O,1732,0.0577314089530349
ALA,416,N,ALA,414,O,1717,0.05723142561914603
ARG,415,N,GLU,417,OE1,1712,0.05706476450784974
ARG,204,N,HIE,203,ND1,1666,0.05553148228392387
ARG,29,NH2,GLU,32,OE2,1656,0.05519816006133129
TYR,373,OH,GLU,54,OE1,1652,0.05506483117229426
ARG,105,NH1,GLU,411,OE2,1651,0.055031498950035
ARG,159,NH2,GLU,121,OE1,1639,0.0546315122829239
THR,147,OG1,THR,272,O,1626,0.05419819339355355
LEU,142,N,ASP,138,O,1607,0.053564881170627646
GLY,69,N,ILE,342,O,1603,0.05343155228159061
LYS,169,NZ,GLU,212,OE2,1554,0.05179827339088697
ARG,29,NH2,GLU,32,OE1,1540,0.05133162227925736
LYS,158,NZ,ARG,159,O,1538,0.05126495783473884
ALA,74,N,GLU,190,OE2,1537,0.051231625612479584
LYS,25,NZ,ARG,21,O,1531,0.05103163227892404
ILE,150,N,THR,147,O,1528,0.05093163561214626
ARG,406,NH1,PHE,67,O,1522,0.05073164227859071
ARG,298,NH2,GLU,301,OE2,1517,0.05056498116729442
ARG,415,NE,GLU,411,O,1517,0.05056498116729442
GLN,445,NE2,TYR,175,OH,1507,0.05023165894470184
LYS,169,NZ,GLU,212,OE1,1503,0.05009833005566481
LYS,223,NZ,GLU,226,OE2,1499,0.049965001166627776
ASN,261,ND2,ASN,214,OD1,1491,0.049698343388553716
GLU,115,N,GLU,115,OE1,1490,0.04966501116629446
LYS,111,NZ,LYS,234,O,1486,0.049531682277257426
ARG,81,NE,PRO,78,O,1482,0.04939835338822039
GLN,445,NE2,THR,455,OG1,1467,0.04889837005433152
ARG,350,NH2,ASP,36,OD1,1455,0.04849838338722043
ALA,436,N,ASP,439,OD1,1453,0.04843171894270191
LYS,111,NZ,ASP,106,O,1447,0.04823172560914636
GLN,119,NE2,GLU,311,OE2,1437,0.04789840338655378
GLU,115,N,GLU,115,OE2,1417,0.04723175894136862
MET,337,N,GLY,448,O,1413,0.04709843005233159
LYS,376,NZ,GLU,375,OE1,1412,0.04706509783007233
ARG,406,NE,HM1,464,O2A,1411,0.047031765607813074
SER,68,N,ALA,66,O,1400,0.04666511116296124
LYS,72,NZ,GLU,190,OE1,1389,0.04629845671810939
GLU,438,N,GLU,438,OE1,1386,0.04619846005133162
SER,153,OG,ILE,150,O,1383,0.046098463384553846
SER,253,N,ASN,250,O,1378,0.045931802273257556
ARG,97,NH1,HM1,464,O2D,1374,0.04579847338422052
LYS,111,NZ,PHE,107,O,1374,0.04579847338422052
TYR,373,OH,GLU,54,OE2,1374,0.04579847338422052
LEU,418,N,ALA,414,O,1371,0.04569847671744275
LYS,223,NZ,GLU,226,OE1,1366,0.04553181560614646
GLN,205,N,ALA,202,O,1364,0.04546515116162794
LYS,234,NZ,GLY,110,O,1359,0.04529849005033165
GLY,134,N,LEU,129,O,1356,0.04519849338355388
ARG,298,NH2,GLU,301,OE1,1355,0.045165161161294626
ILE,73,N,ASP,77,OD1,1348,0.044931835605479815
ASP,62,N,GLU,58,O,1332,0.04439852004933169
GLN,119,NE2,GLU,311,OE1,1324,0.04413186227125762
LYS,376,NZ,GLU,375,OE2,1324,0.04413186227125762
LYS,133,N,LEU,129,O,1322,0.04406519782673911
ARG,29,NE,GLU,32,OE2,1320,0.043998533382220595
SER,193,N,GLU,190,O,1304,0.04346521782607246
GLY,108,N,ASP,106,OD1,1303,0.043431885603813204
ARG,225,NH2,GLU,245,OE2,1298,0.043265224492516914
PHE,199,N,PHE,195,O,1284,0.0427985733808873
ASP,106,N,THR,103,O,1280,0.042665244491850274
ARG,81,NH1,ASN,259,OD1,1273,0.04243191893603546
GLU,190,N,GLY,186,O,1271,0.04236525449151695
TYR,373,OH,GLU,396,OE1,1269,0.04229859004699843
ARG,204,NH2,LYS,197,O,1251,0.04169861004633179
GLY,134,N,SER,132,OG,1249,0.041631945601813276
ASP,333,N,GLN,329,O,1245,0.04149861671277624
ARG,406,NH2,HM1,464,O1A,1241,0.04136528782373921
ARG,415,NH1,GLU,411,OE2,1232,0.041065297823405886
ARG,29,NH2,GLN,17,O,1228,0.04093196893436885
ARG,29,NE,GLU,32,OE1,1219,0.040631978934035536
ALA,436,N,ASP,439,OD2,1216,0.04053198226725776
TYR,373,OH,GLU,396,OE2,1215,0.0404986500449985
ARG,70,NH2,VAL,339,O,1200,0.03999866671110963
ARG,92,NH1,ARG,81,O,1197,0.039898670044331855
VAL,61,N,GLU,58,O,1177,0.039232025599146694
GLN,119,NE2,GLU,115,O,1176,0.03919869337688744
ARG,225,NH2,GLU,245,OE1,1167,0.038898703376554114
ASN,209,ND2,GLN,205,O,1158,0.03859871337622079
ASN,250,ND2,GLU,247,O,1150,0.03833205559814673
SER,193,OG,GLU,190,O,1138,0.03793206893103563
HIE,346,N,GLN,345,OE1,1130,0.03766541115296157
GLY,90,N,ASN,89,OD1,1126,0.037532082263924536
GLY,22,N,ARG,20,O,1110,0.03699876670777641
ARG,415,NH2,GLU,411,OE2,1110,0.03699876670777641
ARG,406,NH2,ALA,88,O,1105,0.03683210559648012
GLN,302,NE2,ARG,298,O,1102,0.03673210892970234
SER,113,N,GLU,116,OE1,1100,0.03666544448518383
THR,227,N,HIP,224,O,1091,0.036365454484850505
ARG,204,NH1,TYR,198,O,1084,0.0361321289290357
LEU,228,N,HIP,224,O,1082,0.03606546448451718
ARG,81,NE,PHE,79,O,1078,0.03593213559548015
ARG,280,NH2,TYR,175,OH,1061,0.035365487817072765
GLU,438,N,GLU,438,OE2,1061,0.035365487817072765
GLN,165,N,GLN,165,OE1,1045,0.03483217226092464
LYS,376,NZ,ASP,378,OD2,1042,0.03473217559414686
ARG,105,NH2,GLU,411,OE2,1038,0.03459884670510983
SER,153,OG,LYS,158,O,1036,0.034532182260591314
HIE,203,NE2,PHE,199,O,1032,0.03439885337155428
GLU,32,N,ARG,29,O,1012,0.03373220892636912
THR,455,N,GLN,445,OE1,1010,0.03366554448185061
GLU,299,N,VAL,296,O,1003,0.033432218926035796
LYS,208,NZ,ARG,204,O,994,0.03313222892570248
SER,402,N,PRO,400,O,991,0.0330322322589247
HID,369,N,SER,365,O,979,0.03263224559181361
ARG,225,NH2,GLU,226,OE2,975,0.032498916702776576
ARG,225,NH2,GLU,226,OE1,974,0.03246558448051732
LYS,94,NZ,GLU,65,OE2,973,0.032432252258258056
SER,433,OG,VAL,435,O,972,0.0323989200359988
LYS,376,NZ,ASP,378,OD1,959,0.03196560114662845
ALA,388,N,ASP,387,OD2,959,0.03196560114662845
ARG,225,N,GLU,222,O,944,0.03146561781273958
LYS,72,NZ,GLU,190,O,941,0.0313656211459618
LYS,208,N,ARG,204,O,940,0.031332288923702545
LYS,63,NZ,THR,347,OG1,938,0.031265624479184025
LYS,405,N,LEU,60,O,935,0.031165627812406255
ILE,154,N,ILE,151,O,934,0.031132295590146995
GLY,108,N,ASP,106,OD2,933,0.031098963367887738
ARG,298,NH1,GLU,294,OE1,922,0.030732308923035898
ARG,45,N,LEU,42,O,916,0.03053231558948035
ARG,70,NH2,PRO,340,O,905,0.030165661144628514
ALA,88,N,GLY,84,O,900,0.029999000033332224
LYS,111,NZ,THR,103,O,900,0.029999000033332224
LYS,234,NZ,MET,109,O,887,0.029565681143961867
SER,276,OG,GLU,273,OE1,887,0.029565681143961867
ALA,388,N,ASP,387,OD1,877,0.029232358921369286
LYS,356,NZ,THR,344,O,875,0.029165694476850773
LYS,111,NZ,THR,239,OG1,870,0.028999033365554483
GLY,43,N,HIE,41,O,861,0.02869904336522116
ARG,29,NH1,GLN,17,O,860,0.028665711142961903
ARG,81,NH1,PRO,78,O,860,0.028665711142961903
PHE,167,N,ASP,164,O,859,0.028632378920702643
ARG,1,NE,LEU,2,O,857,0.028565714476184126
LYS,63,NZ,ASP,62,OD2,852,0.028399053364887836
ASN,214,ND2,ASN,261,OD1,848,0.028265724475850806
LYS,94,NZ,GLU,65,OE1,843,0.028099063364554516
GLU,245,N,LEU,242,O,835,0.027832405586480452
ARG,280,NH1,GLU,273,OE2,833,0.027765741141961935
GLY,108,N,THR,102,O,830,0.027665744475184162
GLN,302,N,GLU,299,O,824,0.02746575114162861
LYS,158,N,PHE,156,O,809,0.02696576780773974
ARG,57,NH1,GLU,396,O,806,0.026865771140961968
SER,113,N,GLU,116,OE2,800,0.02666577780740642
LYS,405,NZ,ALA,64,O,795,0.02649911669611013
THR,39,OG1,PHE,38,O,794,0.02646578447385087
ALA,391,N,ASP,387,O,793,0.026432452251591614
ASN,263,ND2,SER,100,OG,790,0.02633245558481384
ARG,459,NH1,PHE,460,O,788,0.026265791140295324
GLN,211,NE2,GLU,212,OE1,787,0.026232458918036064
ASP,235,N,ASP,238,OD2,786,0.026199126695776807
ASP,333,N,PHE,331,O,785,0.02616579447351755
GLN,345,NE2,THR,344,OG1,783,0.026099130028999034
ARG,117,NH2,SER,153,OG,776,0.025865804473184227
ARG,298,NE,GLU,301,OE2,775,0.02583247225092497
SER,430,OG,PRO,462,O,765,0.02549915002833239
GLN,119,NE2,GLU,115,OE1,763,0.025432485583813873
ARG,415,NH1,GLU,411,OE1,763,0.025432485583813873
ARG,105,NH1,LEU,409,O,751,0.025032498916702776
GLY,108,N,ASP,106,O,750,0.02499916669444352
LYS,111,N,ASP,106,O,750,0.02499916669444352
SER,100,OG,HM1,464,O2D,746,0.024865837805406486
ARG,105,NH1,GLU,411,O,744,0.02479917336088797
THR,147,OG1,SER,276,OG,744,0.02479917336088797
TYR,240,OH,ASN,263,OD1,744,0.02479917336088797
ARG,45,NE,GLU,190,OE2,740,0.02466584447185094
HIP,224,N,VAL,221,O,738,0.024599180027332423
ALA,232,N,ASP,229,OD1,734,0.02446585113829539
HIE,203,NE2,LYS,197,O,731,0.024365854471517616
LYS,208,NZ,GLN,205,OE1,719,0.02396586780440652
TYR,216,OH,GLU,166,OE2,711,0.023699210026332455
LYS,317,NZ,ASP,314,OD1,709,0.02363254558181394
LEU,312,N,GLU,311,OE2,702,0.023399220025999132
GLY,69,N,PHE,67,O,700,0.02333255558148062
MET,104,N,VAL,101,O,700,0.02333255558148062
SER,68,OG,GLU,65,OE1,696,0.023199226692443585
THR,147,N,GLN,144,O,686,0.022865904469851005
LYS,246,NZ,HID,243,NE2,684,0.022799240025332488
LEU,386,N,PRO,382,O,684,0.022799240025332488
GLU,166,N,GLU,166,OE2,683,0.02276590780307323
LEU,312,N,GLU,311,OE1,677,0.02256591446951768
LEU,188,N,PHE,185,O,670,0.022332588913702878
HIE,219,N,TYR,216,O,664,0.022132595580147327
ARG,225,NE,GLU,245,OE1,659,0.021965934468851037
SER,193,N,PHE,189,O,654,0.021799273357554747
ARG,298,NE,GLU,301,OE1,651,0.021699276690776974
ARG,298,NH1,GLU,294,OE2,651,0.021699276690776974
SER,113,OG,GLU,116,OE1,650,0.021665944468517717
ARG,225,NH1,HIE,257,ND1,650,0.021665944468517717
THR,272,N,PHE,269,O,645,0.021499283357221427
LEU,142,N,PRO,139,O,635,0.021165961134628847
ARG,204,NH1,PHE,199,O,634,0.021132628912369587
SER,256,OG,GLN,258,OE1,633,0.02109929669011033
ARG,117,NH2,GLU,120,OE2,627,0.02089930335655478
GLN,211,NE2,GLU,212,OE2,627,0.02089930335655478
SER,68,OG,GLU,65,OE2,626,0.020865971134295523
ARG,117,NH2,GLU,120,OE1,622,0.020732642245258493
ARG,20,NH1,ARG,20,O,621,0.020699310022999233
PHE,141,N,ASP,138,OD2,620,0.020665977800739976
TYR,281,OH,LYS,451,O,619,0.020632645578480716
ILE,213,N,LEU,210,O,615,0.020499316689443686
ARG,231,NH2,ASP,238,OD1,610,0.020332655578147396
SER,256,N,GLU,254,O,610,0.020332655578147396
GLU,226,N,LYS,223,O,606,0.020199326689110363
ARG,231,NH1,ASP,238,OD2,606,0.020199326689110363
LEU,12,N,LEU,9,O,605,0.020165994466851106
ARG,45,N,GLY,43,O,605,0.020165994466851106
SER,68,OG,THR,344,OG1,605,0.020165994466851106
ARG,225,NE,GLU,245,OE2,603,0.02009933002233259
ARG,415,NH1,GLU,411,O,600,0.019999333355554816
ASP,229,N,HIP,224,O,596,0.019866004466517782
LYS,131,NZ,GLU,127,OE1,590,0.019666011132962236
SER,68,N,ALA,64,O,588,0.01959934668844372
ARG,1,N,ILE,353,O,585,0.019499350021665945
HIE,161,N,ASP,164,OD2,584,0.019466017799406685
LEU,312,N,GLN,119,OE1,584,0.019466017799406685
LYS,234,N,ASP,238,OD2,580,0.019332688910369655
GLN,457,NE2,ASP,138,OD1,579,0.019299356688110395
ASP,238,N,ASP,235,O,575,0.019166027799073365
LYS,393,NZ,ASP,383,O,575,0.019166027799073365
ARG,231,NH1,ASP,229,OD2,574,0.019132695576814105
GLY,43,N,LEU,12,O,568,0.01893270224325856
LYS,208,NZ,GLN,211,OE1,566,0.01886603779874004
VAL,339,N,HID,341,NE2,565,0.018832705576480785
ARG,406,NE,SER,68,O,564,0.018799373354221525
ARG,29,NH1,GLU,32,OE1,559,0.018632712242925235
ASN,250,ND2,HIE,252,O,557,0.01856604779840672
HIP,224,NE2,ASP,235,OD1,556,0.01853271557614746
ALA,416,N,ILE,413,O,553,0.018432718909369688
ARG,463,NH1,LEU,426,O,552,0.01839938668711043
SER,113,OG,GLU,116,OE2,548,0.018266057798073398
ARG,29,NH1,GLU,32,OE2,538,0.017932735575480818
ARG,57,NH2,GLU,396,O,532,0.01773274224192527
SER,430,OG,LEU,461,O,530,0.017666077797406754
PHE,189,N,GLY,186,O,521,0.01736608779707343
LEU,15,N,GLY,13,O,520,0.017332755574814174
GLN,187,NE2,SER,182,O,517,0.0172327589080364
LYS,393,NZ,ASP,387,OD1,512,0.01706609779674011
ARG,117,NH1,SER,113,O,511,0.01703276557448085
ARG,112,NH1,GLU,116,OE1,510,0.016999433352221593
ASN,261,ND2,HIE,257,O,509,0.016966101129962333
ARG,112,NH2,GLU,115,OE2,508,0.016932768907703077
CYS,124,N,GLU,121,O,498,0.016599446685110496
TYR,216,OH,GLU,166,OE1,491,0.01636612112929569
ARG,130,NH2,ASN,428,OD1,489,0.016299456684777173
PHE,268,N,LEU,265,O,489,0.016299456684777173
LYS,111,N,MET,109,O,487,0.01623279224025866
ALA,232,N,ASP,229,OD2,483,0.016099463351221626
GLU,222,N,HIE,219,O,475,0.015832805573147563
VAL,85,N,SER,266,OG,474,0.015799473350888302
LEU,267,N,THR,264,O,473,0.015766141128629046
GLN,119,NE2,GLU,115,OE2,472,0.01573280890636979
HID,341,ND1,HM1,464,O2A,472,0.01573280890636979
LYS,393,NZ,ASP,387,OD2,472,0.01573280890636979
ARG,112,NH1,GLU,116,OE2,471,0.01569947668411053
SER,253,N,HIE,252,ND1,469,0.015632812239592012
ARG,225,NH1,GLN,258,OE1,468,0.015599480017332756
PHE,107,N,ARG,105,O,466,0.015532815572814239
ARG,415,NH2,GLU,411,OE1,464,0.015466151128295724
ARG,29,NH2,ASP,19,OD2,460,0.015332822239258692
LYS,133,NZ,LYS,131,O,460,0.015332822239258692
ARG,112,NE,GLU,115,OE1,457,0.015232825572480917
ARG,315,NH1,GLU,322,OE2,457,0.015232825572480917
THR,102,OG1,PHE,99,O,455,0.015166161127962402
GLN,345,N,ALA,66,O,451,0.015032832238925369
PHE,141,N,ASP,138,OD1,450,0.014999500016666112
LYS,376,N,GLU,375,OE2,449,0.014966167794406854
GLY,84,N,ASN,259,OD1,444,0.014799506683110563
GLN,123,N,GLU,120,O,442,0.014732842238592047
LYS,111,NZ,ASP,106,OD2,439,0.014632845571814273
ARG,204,NH2,TYR,198,O,437,0.014566181127295756
ARG,112,NH2,GLU,115,OE1,436,0.014532848905036498
LYS,317,NZ,ASP,314,OD2,434,0.014466184460517983
ARG,159,NH1,SER,153,OG,433,0.014432852238258725
SER,220,OG,ILE,217,O,432,0.014399520015999466
ALA,379,N,PRO,377,O,426,0.014199526682443918
ARG,459,NH2,GLY,134,O,426,0.014199526682443918
ARG,295,NH2,GLU,299,OE1,424,0.014132862237925403
SER,26,OG,LEU,23,O,423,0.014099530015666144
GLN,258,NE2,HIE,257,ND1,423,0.014099530015666144
LYS,451,NZ,PHE,331,O,420,0.013999533348888371
THR,103,OG1,GLY,108,O,419,0.013966201126629113
LYS,131,NZ,GLU,127,OE2,418,0.013932868904369854
ILE,73,N,ASP,77,OD2,417,0.013899536682110596
LYS,376,N,GLU,375,OE1,413,0.013766207793073564
VAL,303,N,ILE,300,O,411,0.013699543348555047
TYR,456,N,PRO,454,O,410,0.01366621112629579
LYS,25,NZ,ASP,19,OD1,409,0.013632878904036532
GLN,187,NE2,VAL,184,O,408,0.013599546681777274
ARG,81,NH1,PHE,79,O,407,0.013566214459518016
GLN,345,NE2,HIE,346,O,405,0.0134995500149995
ASN,259,ND2,TYR,240,OH,403,0.013432885570480984
ARG,350,NH2,ASP,36,OD2,398,0.013266224459184694
ARG,20,NH1,MET,18,O,395,0.01316622779240692
ARG,29,NE,ASP,19,OD2,394,0.013132895570147662
LEU,287,N,LEU,284,O,394,0.013132895570147662
ARG,112,NE,GLU,115,OE2,393,0.013099563347888404
VAL,221,N,GLY,218,O,392,0.013066231125629145
LYS,111,NZ,MET,109,O,386,0.012866237792073597
GLN,163,NE2,TYR,162,O,385,0.01283290556981434
GLN,165,NE2,GLU,166,OE2,385,0.01283290556981434
GLY,186,N,SER,183,O,381,0.012699576680777307
ARG,415,NH2,GLU,411,O,379,0.012632912236258792
LYS,63,NZ,ASP,62,OD1,374,0.012466251124962502
GLU,166,N,GLU,166,OE1,371,0.012366254458184726
ARG,29,N,SER,26,O,365,0.01216626112462918
ASN,259,ND2,GLU,254,OE2,365,0.01216626112462918
PHE,419,N,ALA,416,O,363,0.012099596680110663
ALA,64,N,ASP,62,O,360,0.01199960001333289
GLY,110,N,ASP,106,OD1,359,0.011966267791073631
ALA,391,N,ASP,387,OD2,359,0.011966267791073631
ARG,7,NH1,PRO,8,O,358,0.011932935568814373
ARG,406,NH2,SER,68,O,354,0.011799606679777341
GLU,65,N,GLU,65,OE1,351,0.011699610012999566
LYS,131,NZ,GLU,127,O,347,0.011566281123962534
GLU,212,N,ASN,209,O,347,0.011566281123962534
LYS,246,NZ,GLU,247,OE1,346,0.011532948901703276
ASN,209,ND2,ASN,209,O,345,0.011499616679444019
GLU,212,N,GLU,212,OE1,345,0.011499616679444019
GLN,457,NE2,ASP,138,OD2,345,0.011499616679444019
LYS,111,NZ,ILE,154,O,342,0.011399620012666244
LYS,25,NZ,ASP,19,OD2,341,0.011366287790406986
LEU,409,N,HM1,464,ND,341,0.011366287790406986
ALA,367,N,ILE,363,O,338,0.011266291123629212
ARG,1,NH2,GLY,351,O,334,0.01113296223459218
GLU,120,N,ARG,117,O,334,0.01113296223459218
SER,249,OG,GLU,245,O,334,0.01113296223459218
MET,170,N,PHE,167,O,333,0.011099630012332922
THR,39,OG1,PRO,4,O,332,0.011066297790073664
THR,275,OG1,GLU,417,OE2,332,0.011066297790073664
VAL,449,N,ILE,181,O,331,0.011032965567814405
ARG,315,NH2,ARG,415,O,329,0.01096630112329589
LYS,248,NZ,GLU,245,O,328,0.010932968901036632
GLU,65,N,GLU,65,OE2,327,0.010899636678777374
GLU,127,N,CYS,124,O,323,0.010766307789740342
LEU,312,N,GLU,115,OE1,322,0.010732975567481083
ARG,330,N,GLU,327,O,322,0.010732975567481083
ARG,45,NE,GLU,190,OE1,321,0.010699643345221825
ARG,45,NH2,LEU,42,O,321,0.010699643345221825
GLN,144,N,PHE,141,O,320,0.010666311122962568
GLU,212,N,GLU,212,OE2,320,0.010666311122962568
ARG,117,NH1,GLU,116,OE2,319,0.01063297890070331
TRP,93,N,GLY,90,O,312,0.010399653344888503
ARG,92,NH2,ARG,81,O,311,0.010366321122629247
ARG,117,NH2,GLY,157,O,311,0.010366321122629247
LYS,234,NZ,ASP,238,OD1,311,0.010366321122629247
ALA,391,N,ASP,387,OD1,311,0.010366321122629247
LYS,208,NZ,GLU,212,OE2,309,0.01029965667811073
ARG,20,NH1,LEU,15,O,308,0.010266324455851471
LYS,111,NZ,ASP,106,OD1,308,0.010266324455851471
THR,239,OG1,THR,103,OG1,308,0.010266324455851471
ARG,81,NH2,PHE,79,O,307,0.010232992233592213
ARG,70,N,ASN,89,ND2,305,0.010166327789073698
GLN,165,NE2,GLN,165,O,305,0.010166327789073698
GLU,121,N,ILE,118,O,304,0.01013299556681444
SER,332,OG,GLN,329,O,304,0.01013299556681444
PHE,80,N,ASP,77,O,302,0.010066331122295923
LYS,94,NZ,ASN,91,OD1,300,0.009999666677777408
ARG,231,NH1,ASP,238,OD1,300,0.009999666677777408
THR,358,N,VAL,343,O,298,0.009933002233258891
ARG,1,NH1,LEU,2,O,292,0.009733008899703343
LYS,131,N,GLU,128,O,292,0.009733008899703343
THR,347,OG1,SER,348,O,290,0.009666344455184828
HIP,224,NE2,PHE,156,O,288,0.009599680010666311
GLN,165,NE2,GLU,166,OE1,287,0.009566347788407053
ASN,172,ND2,ASN,172,O,286,0.009533015566147796
ARG,81,N,PRO,78,O,284,0.00946635112162928
GLN,457,NE2,TYR,456,O,278,0.00926635778807373
SER,430,OG,GLU,294,OE1,277,0.009233025565814472
THR,227,OG1,GLU,245,OE2,276,0.009199693343555216
GLU,128,N,LEU,125,O,273,0.00909969667677744
ARG,159,NH1,GLU,120,OE1,271,0.009033032232258926
ARG,406,NH1,VAL,85,O,269,0.008966367787740409
ARG,1,NE,GLY,351,O,267,0.008899703343221892
ARG,225,NH1,GLU,226,OE2,267,0.008899703343221892
GLN,302,NE2,GLU,301,OE2,267,0.008899703343221892
ALA,135,N,SER,132,OG,266,0.008866371120962635
ALA,74,N,LYS,72,O,265,0.008833038898703377
ARG,159,NH1,GLU,120,OE2,265,0.008833038898703377
ARG,57,NH1,GLU,396,OE2,264,0.008799706676444119
LYS,393,NZ,LEU,386,O,264,0.008799706676444119
ILE,407,N,LEU,403,O,264,0.008799706676444119
ILE,146,N,PHE,143,O,262,0.008733042231925602
GLU,375,N,GLU,375,OE1,261,0.008699710009666345
ARG,295,NH1,HIE,291,O,255,0.008499716676110797
ASP,229,N,THR,227,O,254,0.008466384453851538
GLN,302,NE2,GLU,301,OE1,254,0.008466384453851538
LYS,158,NZ,TYR,216,OH,251,0.008366387787073765
SER,153,N,ILE,150,O,250,0.008333055564814507
HID,341,ND1,VAL,339,O,250,0.008333055564814507
ARG,415,NE,GLU,411,OE2,250,0.008333055564814507
SER,26,N,LEU,23,O,246,0.008199726675777475
ARG,463,NE,PHE,429,O,243,0.0080997300089997
LEU,191,N,GLN,187,O,241,0.008033065564481185
SER,253,OG,PHE,255,O,241,0.008033065564481185
ARG,308,NH2,GLU,311,OE1,240,0.007999733342221926
LYS,111,NZ,PRO,233,O,238,0.00793306889770341
ARG,225,NH1,GLU,226,OE1,237,0.007899736675444151
ARG,308,NH2,GLU,311,OE2,236,0.007866404453184895
GLY,110,N,ASP,106,OD2,233,0.0077664077864071195
GLN,123,NE2,GLN,123,O,233,0.0077664077864071195
LYS,33,NZ,TYR,34,OH,229,0.007633078897370088
ASN,250,N,LYS,246,O,229,0.007633078897370088
ASN,209,N,VAL,206,O,228,0.007599746675110829
ILE,86,N,SER,266,OG,227,0.007566414452851572
ARG,231,NH2,ASP,238,OD2,227,0.007566414452851572
ASN,428,ND2,GLN,427,OE1,227,0.007566414452851572
LYS,111,NZ,GLY,108,O,226,0.0075330822305923134
LYS,197,NZ,GLY,194,O,225,0.007499750008333056
ILE,118,N,GLU,115,O,220,0.007333088897036766
SER,430,OG,GLU,294,OE2,220,0.007333088897036766
LYS,208,NZ,GLU,212,OE1,219,0.0072997566747775074
THR,344,OG1,ILE,342,O,219,0.0072997566747775074
SER,332,N,GLN,329,O,218,0.007266424452518249
GLN,123,NE2,GLN,119,OE1,217,0.0072330922302589916
HIP,224,NE2,ASP,238,OD2,216,0.007199760007999733
PHE,141,N,ASP,138,O,215,0.007166427785740476
GLN,176,NE2,ASN,172,O,213,0.007099763341221959
ARG,308,NE,ASP,314,OD1,213,0.007099763341221959
GLU,375,N,GLU,375,OE2,213,0.007099763341221959
ARG,406,NH1,SER,68,OG,213,0.007099763341221959
LYS,72,NZ,ASP,77,OD1,212,0.007066431118962701
ARG,280,NH1,TYR,175,OH,212,0.007066431118962701
MET,337,N,VAL,449,O,211,0.007033098896703443
GLN,345,NE2,GLU,65,OE1,211,0.007033098896703443
VAL,435,N,SER,433,O,210,0.0069997666744441855
ARG,105,NE,GLU,411,OE1,209,0.006966434452184927
ARG,308,NH1,ILE,304,O,205,0.006833105563147895
ARG,57,NH1,GLU,54,OE2,204,0.006799773340888637
ARG,204,NE,LYS,197,O,204,0.006799773340888637
ASP,238,N,ASP,235,OD1,203,0.006766441118629379
LEU,362,N,MET,337,O,203,0.006766441118629379
ARG,105,NH2,GLU,411,O,202,0.006733108896370121
LYS,197,NZ,TYR,198,OH,201,0.006699776674110863
ARG,280,NH1,THR,277,OG1,200,0.006666444451851605
ARG,117,NH1,GLU,116,OE1,199,0.006633112229592347
LYS,246,NZ,GLU,247,OE2,199,0.006633112229592347
ARG,57,NH1,GLU,396,OE1,198,0.0065997800073330885
GLN,123,NE2,GLU,120,O,197,0.006566447785073831
ARG,117,NH1,GLY,157,O,196,0.006533115562814573
ARG,225,NH2,GLN,258,OE1,195,0.006499783340555315
HID,243,N,TYR,240,O,193,0.006433118896036798
SER,276,OG,GLU,273,OE2,193,0.006433118896036798
ARG,315,NH1,GLU,322,OE1,190,0.006333122229259025
HIE,252,N,ASN,250,ND2,189,0.006299790006999767
GLY,35,N,PHE,30,O,188,0.006266457784740508
SER,365,OG,PRO,336,O,187,0.006233125562481251
HIE,257,NE2,VAL,221,O,185,0.006166461117962735
GLN,345,NE2,GLU,65,OE2,184,0.0061331288957034765
SER,249,OG,ASN,250,OD1,178,0.005933135562147928
THR,278,OG1,GLU,417,OE2,178,0.005933135562147928
HIE,313,NE2,GLU,311,OE2,178,0.005933135562147928
GLN,345,NE2,THR,347,OG1,178,0.005933135562147928
ARG,159,NE,GLU,121,OE2,175,0.005833138895370155
GLN,163,N,GLN,163,OE1,171,0.005699810006333122
LYS,246,NZ,LEU,242,O,171,0.005699810006333122
LEU,23,N,GLN,187,O,170,0.0056664777840738645
LYS,131,NZ,GLN,163,OE1,169,0.005633145561814606
LYS,451,NZ,ASP,333,O,169,0.005633145561814606
ARG,29,NH2,SER,26,OG,168,0.005599813339555348
PHE,185,N,SER,183,OG,168,0.005599813339555348
PHE,374,N,PRO,371,O,168,0.005599813339555348
ILE,399,N,ALA,397,O,168,0.005599813339555348
ARG,92,NE,GLY,82,O,166,0.005533148895036832
ARG,92,N,ASN,89,O,165,0.005499816672777574
HIE,291,N,HIE,291,ND1,164,0.005466484450518316
TYR,320,N,GLU,299,OE2,164,0.005466484450518316
HIP,384,NE2,LYS,376,O,164,0.005466484450518316
ARG,406,NH1,TRP,93,NE1,164,0.005466484450518316
ARG,204,NE,PHE,199,O,163,0.005433152228259058
GLN,445,NE2,GLU,446,OE2,163,0.005433152228259058
LYS,248,NZ,GLU,226,O,160,0.005333155561481284
GLN,258,NE2,GLN,258,O,160,0.005333155561481284
GLN,345,NE2,THR,344,O,159,0.005299823339222026
ARG,1,NH1,GLY,351,O,158,0.0052664911169627675
LEU,60,N,ARG,57,O,158,0.0052664911169627675
SER,179,OG,GLN,176,O,157,0.00523315889470351
LYS,63,N,ALA,59,O,155,0.005166494450184994
GLY,351,N,SER,348,O,155,0.005166494450184994
THR,102,N,PHE,99,O,153,0.005099830005666478
ARG,231,NH1,ARG,231,O,153,0.005099830005666478
ARG,29,NH1,LYS,25,O,152,0.00506649778340722
ARG,117,NE,ARG,112,O,152,0.00506649778340722
LYS,169,NZ,GLN,165,O,152,0.00506649778340722
TYR,207,OH,LEU,196,O,152,0.00506649778340722
GLY,338,N,VAL,449,O,152,0.00506649778340722
LYS,33,NZ,GLU,32,OE1,151,0.0050331655611479615
ARG,98,NH2,THR,102,OG1,151,0.0050331655611479615
LEU,228,N,GLU,245,OE1,151,0.0050331655611479615
SER,266,N,ASN,263,O,151,0.0050331655611479615
ARG,81,NH2,ASP,77,OD2,149,0.004966501116629446
LYS,111,N,PHE,107,O,148,0.004933168894370188
ARG,45,NH1,GLU,190,OE1,147,0.00489983667211093
ARG,280,NH1,GLU,273,OE1,147,0.00489983667211093
ARG,20,NH1,LEU,16,O,146,0.004866504449851671
ARG,20,NH2,LEU,15,O,146,0.004866504449851671
ARG,98,NH2,GLU,247,OE1,145,0.004833172227592414
VAL,184,N,GLU,446,OE1,145,0.004833172227592414
GLY,450,N,GLY,448,O,145,0.004833172227592414
LYS,33,NZ,GLU,32,OE2,144,0.0047998400053331555
LEU,173,N,MET,170,O,144,0.0047998400053331555
ARG,330,NE,GLU,327,OE1,144,0.0047998400053331555
ASN,149,ND2,GLU,121,OE1,143,0.004766507783073898
SER,220,N,ILE,217,O,143,0.004766507783073898
THR,275,N,ALA,270,O,143,0.004766507783073898
LYS,317,N,HIE,313,O,143,0.004766507783073898
ARG,81,NH2,GLN,258,OE1,142,0.00473317556081464
GLN,176,NE2,GLN,176,O,142,0.00473317556081464
GLN,187,NE2,GLY,448,O,142,0.00473317556081464
THR,274,OG1,HM1,464,NB,142,0.00473317556081464
ARG,231,N,ASP,229,O,141,0.004699843338555381
LYS,393,NZ,LYS,394,O,138,0.004599846671777608
ARG,415,N,GLU,411,O,138,0.004599846671777608
PHE,160,N,ASN,149,ND2,136,0.004533182227259091
HIE,161,NE2,GLN,163,OE1,136,0.004533182227259091
ARG,298,NH1,GLU,294,O,136,0.004533182227259091
TYR,83,OH,GLU,254,OE2,135,0.0044998500049998336
ARG,308,N,GLN,427,NE2,135,0.0044998500049998336
HIE,313,NE2,GLU,311,OE1,135,0.0044998500049998336
ASN,149,N,ILE,146,O,134,0.004466517782740575
ARG,92,NH1,GLU,254,OE1,133,0.004433185560481318
HIP,224,NE2,ASP,235,OD2,133,0.004433185560481318
GLN,329,NE2,GLU,417,OE2,133,0.004433185560481318
LYS,169,NZ,GLN,165,OE1,132,0.004399853338222059
LYS,223,NZ,HIE,219,ND1,132,0.004399853338222059
LYS,234,N,ALA,232,O,131,0.004366521115962801
GLN,302,NE2,GLN,302,O,131,0.004366521115962801
GLN,445,NE2,SER,179,OG,130,0.004333188893703543
ARG,81,NE,ASP,77,O,129,0.004299856671444285
ARG,98,NH2,GLU,247,OE2,127,0.004233192226925769
ARG,105,N,THR,102,O,127,0.004233192226925769
LYS,169,NZ,ASN,172,OD1,127,0.004233192226925769
SER,253,OG,GLU,247,O,127,0.004233192226925769
ARG,406,NE,HM1,464,O1A,127,0.004233192226925769
GLN,205,NE2,GLY,201,O,126,0.004199860004666511
HIP,224,ND1,ASP,229,OD1,125,0.004166527782407253
LYS,317,NZ,VAL,303,O,123,0.004099863337888737
GLN,123,NE2,GLU,120,OE1,122,0.004066531115629479
ARG,29,NE,ASP,19,OD1,120,0.003999866671110963
GLY,90,N,SER,68,O,120,0.003999866671110963
ASN,261,ND2,GLN,258,O,120,0.003999866671110963
ASN,209,ND2,VAL,206,O,119,0.003966534448851705
LEU,228,N,GLU,245,OE2,119,0.003966534448851705
ASN,259,ND2,GLU,254,OE1,119,0.003966534448851705
GLN,445,NE2,GLU,446,OE1,119,0.003966534448851705
GLN,205,NE2,GLN,176,NE2,118,0.003933202226592447
GLN,17,N,GLN,17,OE1,117,0.003899870004333189
ARG,57,NH2,GLU,396,OE2,117,0.003899870004333189
GLY,82,N,ASP,77,OD1,117,0.003899870004333189
ILE,73,N,GLY,71,O,116,0.003866537782073931
ARG,117,NH2,SER,153,O,116,0.003866537782073931
HIE,161,NE2,GLU,128,OE1,116,0.003866537782073931
GLN,163,N,HIE,161,O,116,0.003866537782073931
THR,103,OG1,SER,100,O,115,0.003833205559814673
ARG,231,NH1,ASP,229,OD1,115,0.003833205559814673
ARG,81,NH1,GLN,258,OE1,114,0.0037998733375554147
SER,183,N,SER,179,O,114,0.0037998733375554147
SER,249,N,GLU,245,O,114,0.0037998733375554147
THR,321,OG1,GLU,299,OE1,113,0.0037665411152961567
ARG,98,NH2,HID,243,NE2,112,0.0037332088930368988
THR,395,OG1,GLU,396,OE1,112,0.0037332088930368988
GLY,110,N,ASP,106,O,110,0.003666544448518383
ARG,97,NH1,ARG,406,O,109,0.0036332122262591245
THR,227,OG1,GLU,226,O,109,0.0036332122262591245
ARG,295,NE,HIE,291,O,108,0.0035998800039998666
ARG,81,NH2,ASP,77,OD1,107,0.0035665477817406087
ARG,105,NH2,GLY,412,O,107,0.0035665477817406087
LYS,111,NZ,MET,104,O,107,0.0035665477817406087
GLY,201,N,PHE,199,O,107,0.0035665477817406087
ARG,308,N,HIE,307,ND1,107,0.0035665477817406087
TYR,373,N,ASP,370,OD1,107,0.0035665477817406087
GLN,123,NE2,GLU,120,OE2,106,0.0035332155594813507
GLN,187,NE2,ARG,21,O,106,0.0035332155594813507
ARG,295,NH1,TYR,320,OH,106,0.0035332155594813507
ASN,389,N,ASP,387,O,106,0.0035332155594813507
PHE,174,N,LEU,171,O,105,0.0034998833372220928
GLY,82,N,ASP,77,OD2,104,0.0034665511149628344
SER,266,OG,SER,266,O,104,0.0034665511149628344
ASN,172,ND2,GLN,176,NE2,103,0.0034332188927035765
GLN,258,NE2,GLU,222,OE2,103,0.0034332188927035765
LYS,223,NZ,HIE,219,O,102,0.0033998866704443185
LYS,288,NZ,GLU,438,OE2,102,0.0033998866704443185
LYS,317,NZ,HIE,313,ND1,102,0.0033998866704443185
LYS,394,NZ,TYR,326,OH,102,0.0033998866704443185
LEU,196,N,SER,193,O,101,0.0033665544481850606
LEU,228,N,GLU,226,O,101,0.0033665544481850606
ARG,406,NH1,GLY,69,O,101,0.0033665544481850606
LYS,111,NZ,THR,102,O,100,0.0033332222259258026
LYS,234,NZ,ASP,238,OD2,100,0.0033332222259258026
ARG,112,NH1,GLY,110,O,99,0.0032998900036665443
THR,239,OG1,LEU,236,O,99,0.0032998900036665443
ARG,29,NH2,ASP,19,OD1,98,0.0032665577814072863
THR,395,OG1,GLU,396,OE2,98,0.0032665577814072863
GLY,450,N,ILE,181,O,98,0.0032665577814072863
GLY,69,N,THR,344,OG1,97,0.0032332255591480284
LYS,72,NZ,ASP,77,OD2,97,0.0032332255591480284
LYS,288,NZ,GLU,438,OE1,97,0.0032332255591480284
ARG,415,NH2,TYR,326,N,97,0.0032332255591480284
ALA,416,N,GLY,412,O,97,0.0032332255591480284
ARG,308,NE,ASP,314,OD2,96,0.0031998933368887704
GLY,69,N,HM1,464,O2A,95,0.0031665611146295125
ARG,70,N,ALA,88,O,95,0.0031665611146295125
LEU,312,N,GLU,115,OE2,95,0.0031665611146295125
THR,39,OG1,VAL,47,O,94,0.003133228892370254
GLN,176,NE2,GLN,205,OE1,94,0.003133228892370254
ARG,98,NH1,GLU,247,OE2,93,0.003099896670110996
ARG,280,NH2,GLU,273,OE2,93,0.003099896670110996
ARG,308,NH2,PRO,309,O,93,0.003099896670110996
ILE,126,N,GLN,123,O,92,0.0030665644478517383
LYS,356,NZ,GLN,345,OE1,92,0.0030665644478517383
ARG,81,NH2,PRO,78,O,91,0.0030332322255924803
ARG,130,NH1,ASN,428,OD1,91,0.0030332322255924803
LYS,72,NZ,ARG,45,NH2,89,0.002966567781073964
SER,256,OG,ASN,259,OD1,89,0.002966567781073964
LYS,394,NZ,GLU,396,OE1,89,0.002966567781073964
ARG,406,NH2,HID,341,NE2,89,0.002966567781073964
VAL,206,N,HIE,203,O,88,0.002933235558814706
ASN,261,ND2,ASN,261,O,88,0.002933235558814706
ASN,381,ND2,ALA,379,O,88,0.002933235558814706
LEU,403,N,SER,402,OG,88,0.002933235558814706
THR,102,OG1,ASP,106,O,87,0.002899903336555448
GLN,119,N,GLN,119,OE1,87,0.002899903336555448
TYR,326,OH,GLU,322,OE2,87,0.002899903336555448
SER,402,OG,HM1,464,O2A,87,0.002899903336555448
SER,68,N,ILE,342,O,86,0.00286657111429619
ARG,92,NH1,GLU,254,OE2,86,0.00286657111429619
ARG,105,NE,GLU,411,O,86,0.00286657111429619
ARG,117,NH2,SER,113,O,86,0.00286657111429619
ALA,293,N,PRO,290,O,86,0.00286657111429619
ASN,381,ND2,GLU,375,OE2,86,0.00286657111429619
ARG,130,NH2,GLN,123,OE1,85,0.0028332388920369322
GLY,157,N,SER,153,O,85,0.0028332388920369322
GLY,450,N,SER,182,OG,85,0.0028332388920369322
GLN,457,NE2,MET,137,O,85,0.0028332388920369322
ARG,20,NH1,ASP,19,OD1,84,0.002799906669777674
TYR,34,N,ARG,31,O,83,0.002766574447518416
LYS,288,NZ,GLU,438,O,83,0.002766574447518416
LYS,394,NZ,GLU,396,OE2,83,0.002766574447518416
ILE,413,N,LEU,409,O,83,0.002766574447518416
THR,264,OG1,ASN,261,O,81,0.0026999100029999
GLN,329,NE2,ALA,414,O,81,0.0026999100029999
THR,455,N,GLN,445,NE2,81,0.0026999100029999
ARG,463,NH1,GLN,427,O,81,0.0026999100029999
TYR,83,OH,GLU,254,OE1,80,0.002666577780740642
ARG,415,NE,GLU,411,OE1,80,0.002666577780740642
ARG,31,NH1,TYR,34,O,79,0.0026332455584813837
GLN,211,NE2,ASN,214,OD1,79,0.0026332455584813837
ARG,315,NE,LEU,312,O,79,0.0026332455584813837
TYR,326,OH,GLU,322,OE1,79,0.0026332455584813837
GLU,359,N,GLU,359,OE2,79,0.0026332455584813837
ARG,81,NH1,ASP,77,OD2,78,0.002599913336222126
LYS,288,N,LEU,285,O,78,0.002599913336222126
ARG,92,NH2,GLY,82,O,77,0.002566581113962868
TYR,207,N,ARG,204,O,77,0.002566581113962868
THR,227,OG1,GLU,226,OE2,77,0.002566581113962868
HIE,313,N,GLU,311,OE1,77,0.002566581113962868
HIE,313,N,GLU,311,OE2,77,0.002566581113962868
THR,321,N,GLU,299,OE1,77,0.002566581113962868
LEU,262,N,ASN,259,O,76,0.00253324889170361
TYR,373,N,ASP,370,OD2,76,0.00253324889170361
GLN,445,NE2,GLN,445,O,76,0.00253324889170361
ARG,92,NH1,GLU,254,O,75,0.002499916669444352
ARG,204,NH2,PHE,199,O,75,0.002499916669444352
LEU,362,N,HID,341,NE2,75,0.002499916669444352
ARG,97,NH2,CM1,408,O,74,0.002466584447185094
LYS,33,NZ,ARG,29,O,73,0.0024332522249258357
PHE,401,N,ILE,399,O,73,0.0024332522249258357
GLN,258,NE2,GLU,222,OE1,72,0.0023999200026665777
ARG,81,NH1,ASP,77,OD1,71,0.00236658778040732
LEU,284,N,TYR,281,O,71,0.00236658778040732
ASP,357,N,THR,344,O,71,0.00236658778040732
ASN,14,ND2,GLY,13,O,70,0.002333255558148062
GLY,84,N,GLY,82,O,70,0.002333255558148062
ARG,92,NE,GLU,254,O,70,0.002333255558148062
GLU,254,N,GLU,254,OE1,70,0.002333255558148062
ARG,295,NH1,HIE,291,ND1,69,0.002299923335888804
ARG,97,NH2,LYS,405,O,68,0.0022665911136295455
THR,275,OG1,GLU,417,OE1,68,0.0022665911136295455
ARG,350,NH1,GLU,58,OE2,68,0.0022665911136295455
ARG,1,NH2,LEU,2,O,67,0.0022332588913702876
LEU,180,N,THR,177,O,67,0.0022332588913702876
GLN,119,NE2,GLN,123,OE1,66,0.0021999266691110297
ASN,172,ND2,LYS,169,O,66,0.0021999266691110297
ALA,215,N,GLU,212,O,66,0.0021999266691110297
LEU,334,N,SER,332,OG,66,0.0021999266691110297
GLY,390,N,ASP,387,OD2,66,0.0021999266691110297
ASN,209,ND2,LEU,210,N,65,0.0021665944468517717
ILE,425,N,PHE,422,O,65,0.0021665944468517717
GLU,116,N,GLU,115,OE1,64,0.0021332622245925138
HIP,224,NE2,ASP,238,OD1,64,0.0021332622245925138
ASN,261,ND2,GLN,258,OE1,64,0.0021332622245925138
TYR,289,N,MET,286,O,64,0.0021332622245925138
GLN,123,NE2,GLU,127,OE1,63,0.0020999300023332554
ARG,105,NE,GLU,411,OE2,61,0.0020332655578147395
THR,227,OG1,HIP,224,O,61,0.0020332655578147395
LEU,241,N,ASP,238,O,61,0.0020332655578147395
ARG,98,NH1,GLU,247,OE1,60,0.0019999333355554816
LYS,158,NZ,PHE,156,O,60,0.0019999333355554816
LYS,169,N,GLU,166,O,59,0.0019666011132962236
HIE,203,N,HIE,203,ND1,59,0.0019666011132962236
LYS,317,NZ,HIE,313,NE2,59,0.0019666011132962236
LYS,223,N,SER,220,O,58,0.0019332688910369655
LYS,223,NZ,THR,227,OG1,58,0.0019332688910369655
THR,227,OG1,GLU,245,OE1,58,0.0019332688910369655
LEU,242,N,THR,239,O,58,0.0019332688910369655
GLU,359,N,GLU,359,OE1,58,0.0019332688910369655
ARG,57,NH2,GLU,396,OE1,57,0.0018999366687777073
LYS,131,NZ,GLN,163,NE2,57,0.0018999366687777073
THR,455,OG1,THR,455,O,57,0.0018999366687777073
ARG,1,NH2,PRO,3,O,56,0.0018666044465184494
GLU,294,N,HIE,291,O,56,0.0018666044465184494
ARG,308,NH2,VAL,303,O,56,0.0018666044465184494
TYR,207,OH,LYS,197,O,55,0.0018332722242591915
ALA,232,N,PRO,230,O,55,0.0018332722242591915
THR,455,OG1,ASP,138,OD2,55,0.0018332722242591915
ARG,463,NH1,PHE,429,O,54,0.0017999400019999333
PHE,30,N,PHE,27,O,53,0.0017666077797406754
ASN,89,N,ARG,92,NH2,53,0.0017666077797406754
ARG,117,NH1,ARG,112,O,53,0.0017666077797406754
GLN,123,NE2,GLU,127,OE2,53,0.0017666077797406754
ARG,159,NH2,GLU,120,OE2,53,0.0017666077797406754
GLN,176,NE2,GLN,205,NE2,53,0.0017666077797406754
ALA,251,N,ASN,250,OD1,53,0.0017666077797406754
GLY,110,N,GLY,108,O,52,0.0017332755574814172
GLN,163,NE2,HIE,161,ND1,52,0.0017332755574814172
GLN,211,NE2,GLN,211,O,52,0.0017332755574814172
TYR,240,N,ILE,237,O,52,0.0017332755574814172
ASN,261,ND2,HIE,257,NE2,52,0.0017332755574814172
ARG,21,NH1,ASP,19,OD1,51,0.0016999433352221593
ALA,55,N,GLY,52,O,51,0.0016999433352221593
ALA,64,N,ALA,59,O,51,0.0016999433352221593
THR,239,OG1,PRO,233,O,51,0.0016999433352221593
ARG,298,NH2,GLN,302,OE1,51,0.0016999433352221593
HIE,313,NE2,GLU,115,OE1,51,0.0016999433352221593
HIE,313,NE2,GLU,115,OE2,51,0.0016999433352221593
LYS,356,N,HIE,346,NE2,51,0.0016999433352221593
ARG,105,NH1,GLY,412,O,50,0.0016666111129629013
LYS,246,NZ,ASN,250,OD1,50,0.0016666111129629013
SER,253,OG,ASN,250,O,50,0.0016666111129629013
ARG,280,NE,THR,140,OG1,50,0.0016666111129629013
ARG,308,NE,ILE,304,O,50,0.0016666111129629013
LEU,418,N,ARG,415,O,50,0.0016666111129629013
HIE,372,NE2,GLU,54,OE1,49,0.0016332788907036432
GLY,22,N,ASP,19,OD1,48,0.0015999466684443852
LEU,23,N,GLN,187,NE2,48,0.0015999466684443852
ARG,105,NE,VAL,101,O,48,0.0015999466684443852
GLN,329,N,TYR,326,O,48,0.0015999466684443852
ARG,21,NH1,ARG,20,O,47,0.001566614446185127
VAL,95,N,ARG,92,O,47,0.001566614446185127
PHE,107,N,ASP,106,OD2,47,0.001566614446185127
ARG,130,N,GLU,127,O,47,0.001566614446185127
GLY,218,N,ALA,215,O,47,0.001566614446185127
ARG,231,NH1,ALA,232,O,47,0.001566614446185127
ARG,350,NH1,GLU,58,OE1,47,0.001566614446185127
GLN,445,N,PRO,453,O,47,0.001566614446185127
ARG,21,NH1,ASP,19,OD2,46,0.0015332822239258691
GLU,254,N,GLU,247,OE1,46,0.0015332822239258691
GLN,258,NE2,SER,256,OG,46,0.0015332822239258691
ASN,261,ND2,GLY,218,N,46,0.0015332822239258691
ARG,308,NE,PRO,309,O,46,0.0015332822239258691
HIE,372,NE2,GLU,54,OE2,46,0.0015332822239258691
GLN,457,NE2,ASP,138,N,46,0.0015332822239258691
GLY,134,N,PHE,460,O,45,0.0014999500016666112
SER,145,N,LEU,142,O,45,0.0014999500016666112
LYS,197,NZ,SER,193,O,45,0.0014999500016666112
TYR,240,OH,GLU,254,O,45,0.0014999500016666112
ASN,263,ND2,ASN,263,O,45,0.0014999500016666112
ARG,350,NE,ASP,36,OD1,45,0.0014999500016666112
ARG,105,NH1,ASP,106,OD1,44,0.001466617779407353
ARG,112,NH2,GLU,116,O,44,0.001466617779407353
GLU,116,N,GLU,115,OE2,44,0.001466617779407353
HIE,161,NE2,GLU,128,OE2,44,0.001466617779407353
MET,75,N,GLU,190,OE1,43,0.001433285557148095
GLN,119,NE2,GLN,119,O,43,0.001433285557148095
GLY,390,N,ASP,387,OD1,43,0.001433285557148095
THR,424,OG1,ALA,122,O,43,0.001433285557148095
ASN,14,ND2,ARG,7,O,42,0.001399953334888837
GLN,329,NE2,GLU,417,OE1,42,0.001399953334888837
THR,358,OG1,LYS,356,O,42,0.001399953334888837
GLN,457,NE2,THR,455,O,42,0.001399953334888837
TYR,216,N,ILE,213,O,41,0.001366621112629579
ILE,342,N,PHE,67,O,41,0.001366621112629579
ASP,383,N,ASN,381,ND2,41,0.001366621112629579
GLU,411,N,LEU,409,O,41,0.001366621112629579
THR,147,OG1,GLN,144,O,40,0.001333288890370321
ARG,159,NH1,GLU,121,OE2,40,0.001333288890370321
ARG,231,NH1,ASP,229,O,40,0.001333288890370321
ALA,66,N,GLU,65,OE1,39,0.001299956668111063
THR,102,OG1,ASP,106,OD1,39,0.001299956668111063
ARG,105,NH1,ARG,105,O,39,0.001299956668111063
VAL,292,N,HIE,291,ND1,39,0.001299956668111063
ARG,406,NH1,HM1,464,O2A,39,0.001299956668111063
ARG,20,NH1,ASP,19,OD2,38,0.001266624445851805
ARG,81,NH2,GLN,211,OE1,38,0.001266624445851805
GLN,187,NE2,LEU,24,N,38,0.001266624445851805
ARG,280,NH2,PRO,454,O,38,0.001266624445851805
THR,344,OG1,ASP,357,OD2,38,0.001266624445851805
ARG,415,N,ILE,413,O,38,0.001266624445851805
LYS,451,NZ,TYR,281,OH,38,0.001266624445851805
ARG,70,NH2,HID,341,ND1,37,0.001233292223592547
ARG,98,NH1,LYS,94,O,37,0.001233292223592547
ARG,308,N,ILE,304,O,37,0.001233292223592547
LYS,405,NZ,SER,68,O,37,0.001233292223592547
ALA,74,N,GLU,190,OE1,36,0.0011999600013332889
SER,153,OG,GLY,157,O,36,0.0011999600013332889
LYS,158,NZ,GLU,166,OE2,36,0.0011999600013332889
THR,227,OG1,GLU,226,OE1,36,0.0011999600013332889
SER,253,N,ASN,250,OD1,36,0.0011999600013332889
GLN,258,NE2,ASN,259,OD1,36,0.0011999600013332889
GLY,110,N,PHE,107,O,35,0.001166627779074031
ARG,159,NH1,HIE,161,ND1,35,0.001166627779074031
ASN,214,ND2,ASN,214,O,35,0.001166627779074031
ARG,231,NH2,THR,227,O,35,0.001166627779074031
HIE,307,N,HIE,307,ND1,35,0.001166627779074031
THR,344,OG1,ASP,357,OD1,35,0.001166627779074031
ARG,98,NE,LYS,94,O,34,0.0011332955568147728
ARG,98,NE,ARG,98,O,34,0.0011332955568147728
TYR,175,OH,ASN,172,OD1,34,0.0011332955568147728
ARG,308,NH1,GLU,311,OE1,34,0.0011332955568147728
TYR,352,N,ARG,350,O,34,0.0011332955568147728
SER,68,OG,ALA,66,O,33,0.0010999633345555148
ASN,91,ND2,ASN,91,O,33,0.0010999633345555148
ASN,214,ND2,GLN,211,NE2,33,0.0010999633345555148
LYS,246,NZ,GLU,245,OE2,33,0.0010999633345555148
ASN,250,ND2,LYS,246,O,33,0.0010999633345555148
GLN,258,NE2,HIE,257,NE2,33,0.0010999633345555148
ILE,413,N,GLU,411,O,33,0.0010999633345555148
ARG,105,NE,ARG,105,O,32,0.0010666311122962569
SER,183,OG,GLU,446,OE2,32,0.0010666311122962569
ASN,214,ND2,GLN,211,O,32,0.0010666311122962569
TYR,216,OH,GLU,212,OE2,32,0.0010666311122962569
SER,256,OG,GLU,254,O,32,0.0010666311122962569
THR,264,N,ASN,261,O,32,0.0010666311122962569
GLN,329,NE2,GLN,329,O,32,0.0010666311122962569
ARG,406,NH2,GLY,69,O,32,0.0010666311122962569
ASN,172,ND2,GLN,176,OE1,31,0.0010332988900369987
GLN,205,NE2,GLN,205,O,31,0.0010332988900369987
ARG,350,NH2,GLU,54,O,31,0.0010332988900369987
ARG,7,NH2,GLY,5,O,30,0.0009999666677777408
PHE,27,N,LEU,24,O,30,0.0009999666677777408
ARG,45,NH1,GLU,190,OE2,30,0.0009999666677777408
LYS,248,NZ,GLU,226,OE1,30,0.0009999666677777408
ARG,350,NH2,ALA,55,N,30,0.0009999666677777408
LYS,63,NZ,GLU,65,OE2,29,0.0009666344455184827
HIP,224,ND1,THR,227,OG1,29,0.0009666344455184827
ASP,229,N,THR,227,OG1,29,0.0009666344455184827
LYS,234,NZ,THR,227,O,29,0.0009666344455184827
GLN,258,N,HIE,257,ND1,29,0.0009666344455184827
ARG,298,NH1,GLN,302,OE1,29,0.0009666344455184827
ARG,350,NH2,GLU,54,OE2,29,0.0009666344455184827
GLY,71,N,HID,341,N,28,0.0009333022232592247
LEU,96,N,TRP,93,O,28,0.0009333022232592247
GLY,108,N,LYS,111,O,28,0.0009333022232592247
SER,145,OG,TYR,162,O,28,0.0009333022232592247
ASN,149,ND2,TYR,162,OH,28,0.0009333022232592247
HIP,224,ND1,ASP,229,OD2,28,0.0009333022232592247
TYR,240,OH,SER,100,OG,28,0.0009333022232592247
ASN,261,N,GLN,258,O,28,0.0009333022232592247
ARG,308,NH1,ARG,308,O,28,0.0009333022232592247
ASN,381,ND2,PHE,380,O,28,0.0009333022232592247
PHE,107,N,ASP,106,OD1,27,0.0008999700009999666
TYR,198,OH,GLY,194,O,27,0.0008999700009999666
LEU,210,N,ASN,209,OD1,27,0.0008999700009999666
ARG,225,NH1,GLU,245,OE1,27,0.0008999700009999666
MET,244,N,LEU,241,O,27,0.0008999700009999666
LYS,248,NZ,ARG,225,O,27,0.0008999700009999666
HIE,313,N,HIE,313,ND1,27,0.0008999700009999666
ARG,20,NH2,MET,18,O,26,0.0008666377787407086
GLY,22,N,ASP,19,OD2,26,0.0008666377787407086
LYS,63,NZ,GLU,58,O,26,0.0008666377787407086
LYS,63,NZ,ASP,62,O,26,0.0008666377787407086
ARG,70,NH1,ARG,406,NH2,26,0.0008666377787407086
ARG,81,NH2,ASN,259,ND2,26,0.0008666377787407086
LYS,94,NZ,SER,68,OG,26,0.0008666377787407086
GLN,163,N,HIE,161,NE2,26,0.0008666377787407086
ASP,164,N,TYR,162,O,26,0.0008666377787407086
ARG,225,NH1,HIE,257,NE2,26,0.0008666377787407086
SER,256,OG,TYR,83,OH,26,0.0008666377787407086
PHE,349,N,THR,347,O,26,0.0008666377787407086
ARG,350,NE,ASP,36,OD2,26,0.0008666377787407086
ARG,415,NH2,TYR,326,OH,26,0.0008666377787407086
ALA,59,N,ILE,56,O,25,0.0008333055564814507
GLN,144,NE2,THR,272,O,25,0.0008333055564814507
ASN,259,ND2,GLN,258,OE1,25,0.0008333055564814507
THR,347,OG1,GLN,345,OE1,25,0.0008333055564814507
LYS,394,N,LEU,392,O,25,0.0008333055564814507
ARG,406,NH2,HM1,464,O1D,25,0.0008333055564814507
ARG,20,NE,ARG,20,O,24,0.0007999733342221926
LYS,158,NZ,GLY,157,O,24,0.0007999733342221926
ASN,172,N,LYS,169,O,24,0.0007999733342221926
ARG,204,NE,TYR,198,O,24,0.0007999733342221926
ARG,204,NH2,LEU,196,O,24,0.0007999733342221926
LEU,236,N,VAL,155,O,24,0.0007999733342221926
LYS,248,NZ,HIE,257,ND1,24,0.0007999733342221926
SER,249,N,GLU,247,O,24,0.0007999733342221926
SER,332,N,ARG,330,O,24,0.0007999733342221926
HIE,372,NE2,ASP,36,OD1,24,0.0007999733342221926
ASN,381,ND2,LYS,376,O,24,0.0007999733342221926
THR,177,N,PHE,174,O,23,0.0007666411119629346
LYS,248,N,LYS,246,O,23,0.0007666411119629346
ASN,259,ND2,ARG,92,NE,23,0.0007666411119629346
ARG,350,NH2,GLU,54,OE1,23,0.0007666411119629346
THR,395,OG1,HIP,384,O,23,0.0007666411119629346
PHE,429,N,LEU,426,O,23,0.0007666411119629346
ARG,29,NH1,SER,26,OG,22,0.0007333088897036765
ILE,56,N,VAL,53,O,22,0.0007333088897036765
LYS,63,NZ,GLU,65,OE1,22,0.0007333088897036765
ARG,92,NH1,TYR,83,OH,22,0.0007333088897036765
ARG,98,NE,GLU,247,OE2,22,0.0007333088897036765
GLU,116,N,GLU,116,OE2,22,0.0007333088897036765
LYS,158,NZ,GLU,166,OE1,22,0.0007333088897036765
GLN,165,N,GLN,165,NE2,22,0.0007333088897036765
ARG,295,NH2,HIE,291,ND1,22,0.0007333088897036765
MET,318,N,ASP,314,O,22,0.0007333088897036765
ARG,350,N,GLU,58,OE1,22,0.0007333088897036765
LYS,376,NZ,ASN,381,OD1,22,0.0007333088897036765
LYS,405,NZ,VAL,61,O,22,0.0007333088897036765
GLN,457,N,GLN,457,OE1,22,0.0007333088897036765
LYS,63,NZ,SER,348,OG,21,0.0006999766674444185
ARG,81,NE,ARG,81,O,21,0.0006999766674444185
ARG,92,NH2,GLU,254,O,21,0.0006999766674444185
HIE,161,NE2,ASP,164,OD2,21,0.0006999766674444185
ASN,172,ND2,TYR,175,OH,21,0.0006999766674444185
LYS,246,NZ,GLU,245,OE1,21,0.0006999766674444185
ASN,250,ND2,HIE,252,ND1,21,0.0006999766674444185
ASN,261,ND2,HIE,257,ND1,21,0.0006999766674444185
ASN,14,ND2,GLN,17,NE2,20,0.0006666444451851605
LYS,33,N,ARG,31,O,20,0.0006666444451851605
ARG,45,NH1,LYS,72,O,20,0.0006666444451851605
ARG,98,N,VAL,95,O,20,0.0006666444451851605
ARG,98,NH1,THR,102,OG1,20,0.0006666444451851605
TYR,162,N,HIE,161,ND1,20,0.0006666444451851605
SER,182,OG,SER,179,O,20,0.0006666444451851605
ARG,225,NH1,ARG,225,O,20,0.0006666444451851605
THR,239,N,LEU,236,O,20,0.0006666444451851605
HIE,372,NE2,ASP,36,OD2,20,0.0006666444451851605
ARG,406,NH1,HM1,464,O1A,20,0.0006666444451851605
ILE,407,N,ARG,97,NH2,20,0.0006666444451851605
PHE,422,N,PHE,419,O,20,0.0006666444451851605
LYS,111,NZ,THR,103,OG1,19,0.0006333122229259025
GLY,134,N,SER,132,O,19,0.0006333122229259025
GLN,163,NE2,GLN,163,O,19,0.0006333122229259025
GLN,205,NE2,PRO,200,O,19,0.0006333122229259025
GLN,211,NE2,LYS,208,O,19,0.0006333122229259025
ASN,250,ND2,HIE,252,NE2,19,0.0006333122229259025
LYS,288,NZ,LYS,288,O,19,0.0006333122229259025
HID,341,ND1,VAL,360,O,19,0.0006333122229259025
GLN,345,NE2,GLN,345,O,19,0.0006333122229259025
HID,369,ND1,ASP,333,OD1,19,0.0006333122229259025
ARG,70,NH2,HID,341,NE2,18,0.0005999800006666444
GLU,115,N,SER,113,O,18,0.0005999800006666444
GLN,119,NE2,GLU,116,OE2,18,0.0005999800006666444
ARG,308,N,GLY,305,O,18,0.0005999800006666444
ALA,414,N,GLU,411,O,18,0.0005999800006666444
GLN,427,N,THR,424,O,18,0.0005999800006666444
LEU,442,N,ASP,441,OD1,18,0.0005999800006666444
ARG,7,NH1,GLY,5,O,17,0.0005666477784073864
GLU,65,N,ASP,62,O,17,0.0005666477784073864
PHE,107,N,ARG,105,N,17,0.0005666477784073864
ARG,112,NE,GLU,120,OE2,17,0.0005666477784073864
GLU,166,N,GLN,165,OE1,17,0.0005666477784073864
TYR,175,OH,GLN,445,NE2,17,0.0005666477784073864
ARG,225,NH2,HIE,257,ND1,17,0.0005666477784073864
ARG,231,NH1,PRO,230,O,17,0.0005666477784073864
ASN,250,N,LYS,248,O,17,0.0005666477784073864
ASN,263,ND2,TYR,240,OH,17,0.0005666477784073864
ASP,441,N,ASP,439,O,17,0.0005666477784073864
LEU,442,N,ASP,441,OD2,17,0.0005666477784073864
LEU,28,N,LYS,25,O,16,0.0005333155561481284
ARG,45,NH2,SER,193,OG,16,0.0005333155561481284
THR,102,OG1,ASP,106,OD2,16,0.0005333155561481284
ARG,105,NH2,VAL,101,O,16,0.0005333155561481284
MET,109,N,ASP,106,O,16,0.0005333155561481284
GLU,116,N,GLU,116,OE1,16,0.0005333155561481284
ASN,259,ND2,GLN,258,O,16,0.0005333155561481284
MET,286,N,PHE,283,O,16,0.0005333155561481284
ARG,295,N,VAL,292,O,16,0.0005333155561481284
HIE,307,N,ILE,304,O,16,0.0005333155561481284
GLU,359,N,PRO,46,O,16,0.0005333155561481284
ILE,407,N,LYS,405,O,16,0.0005333155561481284
ARG,70,NE,VAL,339,O,15,0.0004999833338888704
ARG,92,NH1,ASN,259,OD1,15,0.0004999833338888704
ARG,92,NH2,TYR,83,OH,15,0.0004999833338888704
ARG,112,NE,GLU,120,OE1,15,0.0004999833338888704
ARG,130,NH1,ASN,428,O,15,0.0004999833338888704
PHE,143,N,THR,140,O,15,0.0004999833338888704
ARG,159,NH2,GLU,120,OE1,15,0.0004999833338888704
ASN,209,ND2,LEU,173,O,15,0.0004999833338888704
LYS,246,NZ,SER,249,OG,15,0.0004999833338888704
ASN,259,ND2,ASN,263,OD1,15,0.0004999833338888704
ILE,325,N,GLU,322,O,15,0.0004999833338888704
HID,341,ND1,PHE,67,O,15,0.0004999833338888704
GLY,351,N,SER,348,OG,15,0.0004999833338888704
GLY,390,N,ALA,388,O,15,0.0004999833338888704
THR,395,OG1,LYS,393,O,15,0.0004999833338888704
ARG,406,NH1,ALA,88,O,15,0.0004999833338888704
ARG,406,NH2,TRP,93,NE1,15,0.0004999833338888704
SER,430,OG,ARG,463,NH1,15,0.0004999833338888704
ARG,20,NH2,LEU,16,O,14,0.00046665111162961235
GLY,82,N,ASP,77,O,14,0.00046665111162961235
ARG,98,NH1,HID,243,NE2,14,0.00046665111162961235
MET,109,N,PHE,107,O,14,0.00046665111162961235
ARG,112,NH1,ARG,117,NH1,14,0.00046665111162961235
ARG,117,NH2,ASP,235,OD2,14,0.00046665111162961235
ARG,130,NH1,GLN,123,OE1,14,0.00046665111162961235
GLN,176,NE2,ASN,172,ND2,14,0.00046665111162961235
SER,182,N,SER,179,O,14,0.00046665111162961235
PHE,199,N,LYS,197,O,14,0.00046665111162961235
LYS,208,NZ,LYS,208,O,14,0.00046665111162961235
LYS,248,NZ,GLU,226,OE2,14,0.00046665111162961235
GLN,258,N,GLN,258,NE2,14,0.00046665111162961235
ARG,295,NE,TYR,320,OH,14,0.00046665111162961235
THR,347,N,GLN,345,O,14,0.00046665111162961235
GLY,351,N,PHE,349,O,14,0.00046665111162961235
ARG,7,NH1,ARG,7,O,13,0.0004333188893703543
LEU,24,N,GLN,187,NE2,13,0.0004333188893703543
ARG,31,NE,LEU,28,O,13,0.0004333188893703543
TYR,83,N,ARG,81,O,13,0.0004333188893703543
LYS,94,N,ASN,91,O,13,0.0004333188893703543
ARG,98,NH2,ASP,106,OD2,13,0.0004333188893703543
ALA,122,N,GLN,119,O,13,0.0004333188893703543
LEU,129,N,ILE,126,O,13,0.0004333188893703543
SER,183,OG,GLU,446,OE1,13,0.0004333188893703543
GLN,187,NE2,ARG,20,O,13,0.0004333188893703543
LYS,246,NZ,HID,243,O,13,0.0004333188893703543
HIE,257,N,HIE,257,ND1,13,0.0004333188893703543
ARG,280,NH2,THR,455,OG1,13,0.0004333188893703543
LEU,368,N,SER,365,O,13,0.0004333188893703543
ALA,391,N,ASN,389,ND2,13,0.0004333188893703543
ARG,406,NH2,ARG,70,NH2,13,0.0004333188893703543
GLY,412,N,ARG,105,NH1,13,0.0004333188893703543
ARG,415,N,GLY,410,O,13,0.0004333188893703543
LEU,420,N,GLU,417,O,13,0.0004333188893703543
GLN,457,NE2,LEU,136,O,13,0.0004333188893703543
LYS,33,NZ,GLU,32,O,12,0.0003999866671110963
ARG,70,NE,GLY,69,O,12,0.0003999866671110963
ARG,97,NH2,ILE,407,N,12,0.0003999866671110963
PHE,99,N,LEU,96,O,12,0.0003999866671110963
GLN,187,NE2,GLY,186,O,12,0.0003999866671110963
ASN,209,ND2,GLN,205,OE1,12,0.0003999866671110963
ASN,214,ND2,ASN,261,ND2,12,0.0003999866671110963
LYS,223,NZ,GLU,222,OE2,12,0.0003999866671110963
ARG,225,NH1,GLU,245,OE2,12,0.0003999866671110963
ARG,231,NE,PRO,230,O,12,0.0003999866671110963
LYS,234,NZ,ASP,229,OD2,12,0.0003999866671110963
TYR,240,OH,ASN,259,O,12,0.0003999866671110963
GLU,273,N,ALA,270,O,12,0.0003999866671110963
THR,344,OG1,GLU,65,OE1,12,0.0003999866671110963
THR,347,OG1,HIE,346,O,12,0.0003999866671110963
ALA,391,N,ASN,389,O,12,0.0003999866671110963
ARG,415,N,GLY,412,O,12,0.0003999866671110963
ARG,20,N,ARG,20,NE,11,0.00036665444485183826
ARG,21,N,ASP,19,O,11,0.00036665444485183826
GLY,35,N,GLU,32,O,11,0.00036665444485183826
ALA,66,N,GLU,65,OE2,11,0.00036665444485183826
MET,75,N,GLU,190,OE2,11,0.00036665444485183826
ASP,77,N,ALA,74,O,11,0.00036665444485183826
TYR,83,OH,GLN,258,OE1,11,0.00036665444485183826
LYS,94,NZ,GLY,90,O,11,0.00036665444485183826
ARG,98,NH1,ARG,98,O,11,0.00036665444485183826
GLN,119,N,GLU,116,O,11,0.00036665444485183826
GLN,119,NE2,GLN,123,NE2,11,0.00036665444485183826
GLN,123,NE2,ALA,122,O,11,0.00036665444485183826
SER,193,N,LEU,191,O,11,0.00036665444485183826
TYR,216,OH,GLU,212,OE1,11,0.00036665444485183826
THR,227,OG1,THR,227,O,11,0.00036665444485183826
SER,253,OG,LYS,248,O,11,0.00036665444485183826
GLU,254,N,GLU,254,OE2,11,0.00036665444485183826
ASN,263,ND2,ASN,259,O,11,0.00036665444485183826
ARG,280,NH1,PRO,453,O,11,0.00036665444485183826
LYS,288,NZ,TYR,289,OH,11,0.00036665444485183826
ARG,298,NH1,ARG,298,O,11,0.00036665444485183826
SER,348,OG,THR,347,O,11,0.00036665444485183826
ARG,350,N,GLU,58,OE2,11,0.00036665444485183826
HIE,372,N,HIE,372,ND1,11,0.00036665444485183826
ASP,378,N,ASP,378,OD2,11,0.00036665444485183826
GLY,448,N,SER,182,O,11,0.00036665444485183826
ARG,29,NH2,ARG,21,NH2,10,0.00033332222259258026
ARG,57,NH1,TYR,373,OH,10,0.00033332222259258026
ASN,89,ND2,ALA,88,O,10,0.00033332222259258026
ARG,92,NH2,SER,253,O,10,0.00033332222259258026
LYS,111,NZ,ASP,235,OD2,10,0.00033332222259258026
ARG,112,NH2,GLY,110,O,10,0.00033332222259258026
GLN,119,NE2,GLU,116,OE1,10,0.00033332222259258026
LEU,125,N,ALA,122,O,10,0.00033332222259258026
THR,147,OG1,GLY,271,O,10,0.00033332222259258026
VAL,184,N,GLU,446,OE2,10,0.00033332222259258026
GLN,187,NE2,VAL,449,N,10,0.00033332222259258026
ASN,214,ND2,GLN,258,OE1,10,0.00033332222259258026
TYR,216,OH,ASP,164,OD2,10,0.00033332222259258026
THR,227,OG1,LEU,228,O,10,0.00033332222259258026
ARG,231,NH2,ASP,235,OD2,10,0.00033332222259258026
LYS,234,NZ,ARG,231,O,10,0.00033332222259258026
LYS,246,NZ,LYS,246,O,10,0.00033332222259258026
LYS,248,NZ,MET,244,O,10,0.00033332222259258026
ASN,250,ND2,SER,249,OG,10,0.00033332222259258026
SER,256,OG,SER,253,O,10,0.00033332222259258026
THR,278,N,THR,275,O,10,0.00033332222259258026
VAL,296,N,ALA,293,O,10,0.00033332222259258026
ARG,298,NE,GLN,302,OE1,10,0.00033332222259258026
GLN,329,NE2,ARG,415,N,10,0.00033332222259258026
HID,341,ND1,ARG,406,NH2,10,0.00033332222259258026
ARG,350,NH1,GLU,54,OE1,10,0.00033332222259258026
ARG,406,NE,HM1,464,O2D,10,0.00033332222259258026
THR,455,OG1,GLN,445,NE2,10,0.00033332222259258026
ARG,7,NE,PRO,8,O,9,0.0002999900003333222
LEU,16,N,GLY,13,O,9,0.0002999900003333222
GLU,58,N,ALA,55,O,9,0.0002999900003333222
VAL,85,N,TYR,83,O,9,0.0002999900003333222
ASN,91,N,ASN,89,OD1,9,0.0002999900003333222
ARG,92,NE,TYR,83,OH,9,0.0002999900003333222
ARG,98,NE,HID,243,NE2,9,0.0002999900003333222
ASP,106,N,MET,104,O,9,0.0002999900003333222
PHE,107,N,THR,102,O,9,0.0002999900003333222
ARG,112,NH2,GLY,157,O,9,0.0002999900003333222
LYS,133,NZ,LYS,133,O,9,0.0002999900003333222
GLN,165,NE2,GLN,163,OE1,9,0.0002999900003333222
GLN,176,NE2,TYR,175,OH,9,0.0002999900003333222
LYS,197,N,PHE,195,O,9,0.0002999900003333222
GLU,212,N,LYS,208,O,9,0.0002999900003333222
ASN,214,ND2,LEU,210,O,9,0.0002999900003333222
LYS,223,NZ,HIE,219,NE2,9,0.0002999900003333222
HIP,224,ND1,THR,227,O,9,0.0002999900003333222
LYS,248,NZ,SER,249,OG,9,0.0002999900003333222
HIE,252,NE2,ASN,91,ND2,9,0.0002999900003333222
ASN,259,N,HIE,257,O,9,0.0002999900003333222
ARG,280,NH1,SER,276,O,9,0.0002999900003333222
ARG,308,NH1,GLU,311,OE2,9,0.0002999900003333222
GLN,345,NE2,ALA,66,N,9,0.0002999900003333222
ARG,350,NH1,GLU,54,OE2,9,0.0002999900003333222
HIP,384,NE2,GLU,375,OE1,9,0.0002999900003333222
HIP,384,NE2,GLU,375,OE2,9,0.0002999900003333222
LYS,393,NZ,HIP,384,O,9,0.0002999900003333222
GLN,457,NE2,THR,455,OG1,9,0.0002999900003333222
ARG,463,NE,GLN,427,O,9,0.0002999900003333222
ARG,463,NE,ARG,463,OXT,9,0.0002999900003333222
GLN,17,NE2,LEU,16,O,8,0.0002666577780740642
SER,26,OG,ASP,19,O,8,0.0002666577780740642
THR,39,N,PRO,3,O,8,0.0002666577780740642
ARG,57,NH2,TYR,373,OH,8,0.0002666577780740642
ARG,81,NH1,GLN,258,NE2,8,0.0002666577780740642
ARG,81,NH1,ASN,259,ND2,8,0.0002666577780740642
GLY,90,N,ASN,89,ND2,8,0.0002666577780740642
ARG,97,N,LYS,94,O,8,0.0002666577780740642
ARG,112,NH2,GLN,119,OE1,8,0.0002666577780740642
ARG,117,NH1,GLU,116,O,8,0.0002666577780740642
GLN,211,N,TYR,207,O,8,0.0002666577780740642
ILE,217,N,ASN,214,O,8,0.0002666577780740642
HIP,224,NE2,ARG,231,O,8,0.0002666577780740642
ASP,238,N,ASP,235,OD2,8,0.0002666577780740642
THR,239,OG1,GLY,108,O,8,0.0002666577780740642
SER,253,N,ALA,251,O,8,0.0002666577780740642
ARG,280,NH2,PRO,453,O,8,0.0002666577780740642
TYR,281,N,THR,278,O,8,0.0002666577780740642
ARG,295,NE,HIE,291,ND1,8,0.0002666577780740642
ARG,298,N,ARG,295,O,8,0.0002666577780740642
GLN,302,NE2,GLU,301,O,8,0.0002666577780740642
THR,344,OG1,GLN,345,NE2,8,0.0002666577780740642
LYS,356,NZ,GLN,345,NE2,8,0.0002666577780740642
ASN,381,ND2,GLU,375,OE1,8,0.0002666577780740642
LYS,393,NZ,GLU,375,OE1,8,0.0002666577780740642
THR,424,OG1,PHE,421,O,8,0.0002666577780740642
LEU,42,N,VAL,40,O,7,0.00023332555581480617
ASP,62,N,ALA,59,O,7,0.00023332555581480617
ARG,81,NH2,GLN,258,O,7,0.00023332555581480617
ASN,89,ND2,ASN,91,OD1,7,0.00023332555581480617
ARG,98,NE,THR,102,OG1,7,0.00023332555581480617
PHE,107,N,THR,103,O,7,0.00023332555581480617
ARG,117,NE,SER,153,O,7,0.00023332555581480617
ARG,159,NE,ASN,149,OD1,7,0.00023332555581480617
GLN,165,NE2,ASP,164,OD2,7,0.00023332555581480617
THR,177,OG1,ASN,209,OD1,7,0.00023332555581480617
SER,179,OG,GLN,445,OE1,7,0.00023332555581480617
ASN,209,ND2,GLN,176,NE2,7,0.00023332555581480617
HIE,219,NE2,GLU,226,OE2,7,0.00023332555581480617
LYS,223,NZ,ASP,229,OD2,7,0.00023332555581480617
GLU,226,N,GLU,226,OE1,7,0.00023332555581480617
LYS,248,NZ,GLN,258,OE1,7,0.00023332555581480617
ARG,280,NH2,GLU,273,OE1,7,0.00023332555581480617
TYR,297,N,GLU,294,O,7,0.00023332555581480617
LYS,376,NZ,ASP,378,O,7,0.00023332555581480617
LYS,376,NZ,ASP,383,OD2,7,0.00023332555581480617
ASP,378,N,ASP,378,OD1,7,0.00023332555581480617
ASN,389,ND2,ASN,389,O,7,0.00023332555581480617
PHE,398,N,THR,395,OG1,7,0.00023332555581480617
ARG,7,N,GLN,17,OE1,6,0.00019999333355554815
ARG,20,NE,MET,18,O,6,0.00019999333355554815
LEU,23,N,ARG,21,O,6,0.00019999333355554815
ARG,31,N,LEU,28,O,6,0.00019999333355554815
VAL,37,N,ASP,36,OD2,6,0.00019999333355554815
SER,68,OG,SER,68,O,6,0.00019999333355554815
VAL,85,N,ASN,263,O,6,0.00019999333355554815
ASN,91,ND2,HIE,252,O,6,0.00019999333355554815
VAL,101,N,ARG,98,O,6,0.00019999333355554815
ARG,105,NE,GLY,412,O,6,0.00019999333355554815
GLN,119,N,GLN,119,NE2,6,0.00019999333355554815
GLN,119,NE2,GLU,116,O,6,0.00019999333355554815
ARG,130,NH2,GLN,123,NE2,6,0.00019999333355554815
LYS,133,NZ,ARG,130,O,6,0.00019999333355554815
SER,179,OG,TYR,175,OH,6,0.00019999333355554815
LYS,197,NZ,TYR,207,OH,6,0.00019999333355554815
ARG,204,NE,GLY,201,O,6,0.00019999333355554815
LEU,210,N,TYR,207,O,6,0.00019999333355554815
LYS,223,NZ,ASP,229,OD1,6,0.00019999333355554815
HIE,252,N,ASN,250,O,6,0.00019999333355554815
GLU,254,N,GLU,247,OE2,6,0.00019999333355554815
PHE,255,N,GLU,247,OE1,6,0.00019999333355554815
GLN,258,NE2,TYR,83,OH,6,0.00019999333355554815
GLN,258,NE2,ASN,214,OD1,6,0.00019999333355554815
ASN,259,ND2,ARG,81,NH2,6,0.00019999333355554815
ASN,259,ND2,TYR,83,OH,6,0.00019999333355554815
THR,275,OG1,THR,272,O,6,0.00019999333355554815
THR,277,OG1,LYS,451,O,6,0.00019999333355554815
THR,278,OG1,THR,278,O,6,0.00019999333355554815
HIE,307,NE2,ASN,428,OD1,6,0.00019999333355554815
LEU,312,N,GLN,119,NE2,6,0.00019999333355554815
ARG,315,NH2,GLU,115,OE2,6,0.00019999333355554815
ARG,330,NH2,GLU,327,OE2,6,0.00019999333355554815
SER,332,OG,THR,278,OG1,6,0.00019999333355554815
GLN,345,NE2,ALA,66,O,6,0.00019999333355554815
HIE,346,N,GLN,345,NE2,6,0.00019999333355554815
THR,347,OG1,GLU,65,OE2,6,0.00019999333355554815
SER,348,OG,GLY,351,O,6,0.00019999333355554815
PHE,380,N,TYR,289,OH,6,0.00019999333355554815
ASN,389,ND2,ALA,388,O,6,0.00019999333355554815
ARG,406,NH1,HM1,464,O1D,6,0.00019999333355554815
GLY,412,N,GLU,411,OE1,6,0.00019999333355554815
ARG,415,NH1,ALA,414,O,6,0.00019999333355554815
THR,423,OG1,LEU,420,O,6,0.00019999333355554815
ASN,428,ND2,HIE,307,O,6,0.00019999333355554815
LYS,451,NZ,LEU,334,O,6,0.00019999333355554815
ARG,7,NE,ARG,7,O,5,0.00016666111129629013
GLY,13,N,PRO,10,O,5,0.00016666111129629013
GLN,17,NE2,ARG,7,N,5,0.00016666111129629013
ARG,29,NH2,GLN,17,OE1,5,0.00016666111129629013
ARG,31,NE,CYS,51,O,5,0.00016666111129629013
LYS,33,NZ,LYS,33,O,5,0.00016666111129629013
VAL,37,N,TYR,34,O,5,0.00016666111129629013
ARG,45,NH1,PRO,46,O,5,0.00016666111129629013
PHE,79,N,ASP,77,O,5,0.00016666111129629013
ARG,81,NH2,GLN,258,NE2,5,0.00016666111129629013
ARG,92,N,ASN,91,OD1,5,0.00016666111129629013
ARG,105,NH2,THR,102,OG1,5,0.00016666111129629013
GLY,108,N,ARG,112,O,5,0.00016666111129629013
ARG,112,NH1,LYS,111,O,5,0.00016666111129629013
ARG,112,NH2,ASP,235,OD1,5,0.00016666111129629013
VAL,114,N,GLU,115,OE2,5,0.00016666111129629013
ARG,117,NH2,VAL,114,N,5,0.00016666111129629013
LYS,158,NZ,SER,220,OG,5,0.00016666111129629013
SER,182,OG,VAL,449,O,5,0.00016666111129629013
SER,183,OG,SER,179,O,5,0.00016666111129629013
LYS,208,NZ,GLN,211,NE2,5,0.00016666111129629013
ARG,231,NE,ARG,231,O,5,0.00016666111129629013
LYS,234,NZ,ASP,229,OD1,5,0.00016666111129629013
LYS,234,NZ,PRO,233,O,5,0.00016666111129629013
SER,253,OG,HIE,252,O,5,0.00016666111129629013
SER,256,N,SER,253,O,5,0.00016666111129629013
SER,256,OG,GLN,258,NE2,5,0.00016666111129629013
ASN,261,ND2,ASN,214,ND2,5,0.00016666111129629013
GLN,302,NE2,ARG,298,NH2,5,0.00016666111129629013
ARG,315,NH1,GLU,115,OE2,5,0.00016666111129629013
THR,344,OG1,GLU,65,OE2,5,0.00016666111129629013
SER,348,N,THR,347,OG1,5,0.00016666111129629013
LYS,393,NZ,GLU,375,OE2,5,0.00016666111129629013
ARG,415,NH1,TYR,326,OH,5,0.00016666111129629013
SER,430,OG,SER,430,O,5,0.00016666111129629013
SER,430,OG,MET,431,O,5,0.00016666111129629013
THR,443,N,ASP,441,O,5,0.00016666111129629013
LYS,451,NZ,SER,365,OG,5,0.00016666111129629013
ARG,459,NH2,LYS,133,O,5,0.00016666111129629013
ARG,7,NH2,PRO,8,O,4,0.0001333288890370321
GLY,13,N,LEU,11,O,4,0.0001333288890370321
LEU,16,N,ASN,14,O,4,0.0001333288890370321
ARG,29,NE,GLN,17,O,4,0.0001333288890370321
ARG,31,NH1,THR,366,O,4,0.0001333288890370321
ASP,36,N,ARG,350,NH2,4,0.0001333288890370321
ARG,57,NH1,GLU,54,OE1,4,0.0001333288890370321
ARG,57,NH2,GLU,58,OE1,4,0.0001333288890370321
GLY,69,N,ALA,66,O,4,0.0001333288890370321
GLY,69,N,ARG,406,NH1,4,0.0001333288890370321
LYS,72,NZ,SER,193,O,4,0.0001333288890370321
ARG,81,NE,ASP,77,OD2,4,0.0001333288890370321
VAL,85,N,ASN,263,ND2,4,0.0001333288890370321
ASN,89,ND2,ASN,89,O,4,0.0001333288890370321
ARG,105,NH2,LEU,409,O,4,0.0001333288890370321
ARG,112,NE,GLY,110,O,4,0.0001333288890370321
ARG,112,NH1,GLN,119,OE1,4,0.0001333288890370321
VAL,114,N,GLU,115,OE1,4,0.0001333288890370321
ARG,117,N,GLU,116,OE2,4,0.0001333288890370321
ARG,117,NE,GLU,121,OE1,4,0.0001333288890370321
ARG,117,NH1,SER,153,O,4,0.0001333288890370321
GLN,119,NE2,PRO,309,O,4,0.0001333288890370321
GLN,123,NE2,ARG,130,NH2,4,0.0001333288890370321
ARG,130,NE,ASN,428,OD1,4,0.0001333288890370321
HIE,161,NE2,ASP,164,OD1,4,0.0001333288890370321
TYR,162,OH,GLU,121,O,4,0.0001333288890370321
GLN,165,NE2,ASP,164,OD1,4,0.0001333288890370321
TYR,175,N,GLN,144,NE2,4,0.0001333288890370321
GLN,187,NE2,VAL,184,N,4,0.0001333288890370321
GLY,201,N,ARG,204,NE,4,0.0001333288890370321
ARG,204,N,HIE,203,NE2,4,0.0001333288890370321
GLN,205,NE2,ALA,202,O,4,0.0001333288890370321
LEU,210,N,VAL,206,O,4,0.0001333288890370321
ASN,214,N,GLN,211,O,4,0.0001333288890370321
ASP,229,N,ARG,231,NH1,4,0.0001333288890370321
HID,243,ND1,HID,243,O,4,0.0001333288890370321
HID,243,ND1,GLU,247,OE2,4,0.0001333288890370321
ASN,250,ND2,SER,249,O,4,0.0001333288890370321
ASN,259,ND2,ARG,81,NH1,4,0.0001333288890370321
ASN,263,N,GLN,258,O,4,0.0001333288890370321
THR,277,OG1,GLU,273,OE1,4,0.0001333288890370321
LEU,285,N,GLY,282,O,4,0.0001333288890370321
HIE,307,N,GLY,305,O,4,0.0001333288890370321
ARG,308,NH2,ILE,304,O,4,0.0001333288890370321
LYS,317,NZ,GLN,302,OE1,4,0.0001333288890370321
TYR,326,N,ALA,323,O,4,0.0001333288890370321
THR,344,OG1,SER,68,O,4,0.0001333288890370321
HIE,372,NE2,ASP,370,OD1,4,0.0001333288890370321
LYS,393,NZ,LYS,393,O,4,0.0001333288890370321
LYS,394,NZ,GLU,322,OE1,4,0.0001333288890370321
LYS,405,NZ,PHE,67,O,4,0.0001333288890370321
ARG,406,N,GLY,404,O,4,0.0001333288890370321
ARG,406,NE,SER,402,OG,4,0.0001333288890370321
ARG,406,NH1,ILE,86,O,4,0.0001333288890370321
GLY,412,N,GLU,411,OE2,4,0.0001333288890370321
THR,424,N,PHE,421,O,4,0.0001333288890370321
ASN,428,ND2,PRO,306,O,4,0.0001333288890370321
GLN,445,NE2,THR,443,O,4,0.0001333288890370321
ARG,459,NE,PHE,460,O,4,0.0001333288890370321
LEU,461,N,ARG,459,O,4,0.0001333288890370321
ARG,463,NH1,ARG,463,OXT,4,0.0001333288890370321
GLN,17,N,LEU,15,O,3,9.999666677777408e-05
GLN,17,NE2,GLN,17,O,3,9.999666677777408e-05
MET,18,N,LEU,16,O,3,9.999666677777408e-05
LYS,25,NZ,ARG,21,NH1,3,9.999666677777408e-05
ARG,29,NH1,GLN,17,OE1,3,9.999666677777408e-05
ARG,31,NH2,CYS,51,O,3,9.999666677777408e-05
GLU,65,N,LYS,63,O,3,9.999666677777408e-05
ILE,73,N,GLU,359,OE1,3,9.999666677777408e-05
ARG,81,N,VAL,76,O,3,9.999666677777408e-05
ARG,81,NE,TYR,83,OH,3,9.999666677777408e-05
ARG,81,NE,GLN,258,OE1,3,9.999666677777408e-05
ARG,81,NH1,ASP,77,O,3,9.999666677777408e-05
ARG,81,NH1,ARG,81,O,3,9.999666677777408e-05
ARG,81,NH2,TYR,83,OH,3,9.999666677777408e-05
ASN,89,ND2,ARG,70,N,3,9.999666677777408e-05
GLY,90,N,SER,68,OG,3,9.999666677777408e-05
ARG,97,NE,LYS,405,O,3,9.999666677777408e-05
PHE,107,N,VAL,101,O,3,9.999666677777408e-05
LYS,111,NZ,GLY,110,O,3,9.999666677777408e-05
LYS,111,NZ,ASP,235,O,3,9.999666677777408e-05
ARG,112,NH1,GLU,116,O,3,9.999666677777408e-05
ARG,117,NE,GLU,120,OE1,3,9.999666677777408e-05
GLN,119,NE2,GLU,120,OE1,3,9.999666677777408e-05
GLN,123,NE2,GLN,119,NE2,3,9.999666677777408e-05
LYS,131,NZ,GLU,128,O,3,9.999666677777408e-05
LEU,136,N,ARG,459,NH1,3,9.999666677777408e-05
VAL,155,N,CYS,152,O,3,9.999666677777408e-05
ARG,159,NH1,PHE,160,O,3,9.999666677777408e-05
GLN,163,N,GLN,163,NE2,3,9.999666677777408e-05
GLN,163,NE2,HIE,161,NE2,3,9.999666677777408e-05
GLN,165,NE2,ASN,172,OD1,3,9.999666677777408e-05
LYS,169,NZ,GLN,165,NE2,3,9.999666677777408e-05
GLN,176,NE2,ASN,209,ND2,3,9.999666677777408e-05
SER,183,N,ILE,181,O,3,9.999666677777408e-05
GLN,187,NE2,GLN,187,O,3,9.999666677777408e-05
TYR,198,N,GLY,194,O,3,9.999666677777408e-05
ARG,204,NE,HIE,203,NE2,3,9.999666677777408e-05
LYS,208,NZ,TYR,207,OH,3,9.999666677777408e-05
ILE,213,N,ASN,209,O,3,9.999666677777408e-05
SER,220,OG,TYR,216,OH,3,9.999666677777408e-05
HIP,224,ND1,LEU,228,O,3,9.999666677777408e-05
ARG,225,NH1,HIE,257,O,3,9.999666677777408e-05
TYR,240,OH,PHE,255,O,3,9.999666677777408e-05
TYR,240,OH,ASN,263,ND2,3,9.999666677777408e-05
HID,243,ND1,GLU,247,OE1,3,9.999666677777408e-05
LYS,246,NZ,HID,243,ND1,3,9.999666677777408e-05
SER,249,OG,SER,249,O,3,9.999666677777408e-05
HIE,252,NE2,ASN,91,OD1,3,9.999666677777408e-05
PHE,255,N,SER,253,O,3,9.999666677777408e-05
SER,256,OG,ASN,259,ND2,3,9.999666677777408e-05
HIE,257,N,GLN,258,OE1,3,9.999666677777408e-05
ASN,261,N,ASN,261,OD1,3,9.999666677777408e-05
ASN,263,N,LEU,260,O,3,9.999666677777408e-05
THR,275,OG1,THR,147,OG1,3,9.999666677777408e-05
SER,276,OG,GLU,273,O,3,9.999666677777408e-05
ARG,280,NH2,THR,277,OG1,3,9.999666677777408e-05
ARG,295,NH1,GLU,299,OE2,3,9.999666677777408e-05
ARG,298,NE,GLU,294,O,3,9.999666677777408e-05
ILE,304,N,GLU,299,O,3,9.999666677777408e-05
ARG,315,NH2,GLU,115,OE1,3,9.999666677777408e-05
ARG,330,NH2,ASP,378,O,3,9.999666677777408e-05
THR,366,OG1,CYS,51,O,3,9.999666677777408e-05
HID,369,ND1,ASP,333,OD2,3,9.999666677777408e-05
ASP,370,N,THR,366,O,3,9.999666677777408e-05
LYS,376,NZ,ASP,383,OD1,3,9.999666677777408e-05
ASP,383,N,ASP,383,OD1,3,9.999666677777408e-05
LYS,394,NZ,LEU,392,O,3,9.999666677777408e-05
LYS,394,NZ,THR,395,O,3,9.999666677777408e-05
GLY,412,N,GLY,410,O,3,9.999666677777408e-05
ARG,415,NH1,ARG,315,NH2,3,9.999666677777408e-05
PHE,421,N,LEU,418,O,3,9.999666677777408e-05
THR,423,N,LEU,420,O,3,9.999666677777408e-05
SER,430,OG,ARG,463,NH2,3,9.999666677777408e-05
CYS,447,N,SER,182,O,3,9.999666677777408e-05
GLN,457,N,GLN,457,NE2,3,9.999666677777408e-05
ARG,459,NH2,SER,433,O,3,9.999666677777408e-05
ARG,463,NE,SER,430,OG,3,9.999666677777408e-05
ARG,463,NH1,SER,430,OG,3,9.999666677777408e-05
ARG,7,NH1,TYR,34,OH,2,6.666444451851606e-05
ASN,14,ND2,HIE,41,ND1,2,6.666444451851606e-05
LYS,25,NZ,GLY,22,O,2,6.666444451851606e-05
SER,26,OG,GLN,17,O,2,6.666444451851606e-05
SER,26,OG,SER,26,O,2,6.666444451851606e-05
ASP,36,N,ARG,350,NH1,2,6.666444451851606e-05
ARG,45,NE,GLU,190,O,2,6.666444451851606e-05
GLY,69,N,ARG,406,NH2,2,6.666444451851606e-05
ILE,73,N,GLU,359,OE2,2,6.666444451851606e-05
ARG,81,NE,ASP,77,OD1,2,6.666444451851606e-05
ARG,81,NH1,GLN,211,OE1,2,6.666444451851606e-05
ARG,81,NH1,GLN,211,NE2,2,6.666444451851606e-05
GLY,82,N,PHE,80,O,2,6.666444451851606e-05
TYR,83,OH,ASN,259,ND2,2,6.666444451851606e-05
LYS,94,NZ,ASN,91,ND2,2,6.666444451851606e-05
ARG,97,NH2,ARG,406,O,2,6.666444451851606e-05
MET,104,N,PHE,99,O,2,6.666444451851606e-05
ARG,105,NH1,VAL,101,O,2,6.666444451851606e-05
LYS,111,NZ,ARG,112,O,2,6.666444451851606e-05
ARG,112,NH1,GLU,115,OE1,2,6.666444451851606e-05
ARG,112,NH2,SER,153,O,2,6.666444451851606e-05
MET,137,N,ALA,135,O,2,6.666444451851606e-05
GLN,144,NE2,TYR,175,N,2,6.666444451851606e-05
ARG,159,NE,ASN,149,ND2,2,6.666444451851606e-05
ARG,159,NH2,HIE,161,ND1,2,6.666444451851606e-05
ARG,159,NH2,TYR,162,OH,2,6.666444451851606e-05
LYS,169,NZ,TYR,216,OH,2,6.666444451851606e-05
LEU,171,N,LEU,168,O,2,6.666444451851606e-05
ASN,172,ND2,GLN,144,OE1,2,6.666444451851606e-05
SER,179,N,GLN,176,O,2,6.666444451851606e-05
GLN,187,NE2,GLY,448,N,2,6.666444451851606e-05
LYS,197,NZ,LYS,197,O,2,6.666444451851606e-05
HIE,203,NE2,ARG,204,NH2,2,6.666444451851606e-05
GLN,205,NE2,ASN,209,ND2,2,6.666444451851606e-05
TYR,207,OH,MET,75,O,2,6.666444451851606e-05
LYS,208,NZ,TYR,207,O,2,6.666444451851606e-05
LYS,208,NZ,ASN,209,OD1,2,6.666444451851606e-05
ASN,209,ND2,GLN,205,NE2,2,6.666444451851606e-05
HIE,219,NE2,GLU,226,OE1,2,6.666444451851606e-05
ARG,225,N,LYS,223,O,2,6.666444451851606e-05
ARG,225,NE,HIE,257,ND1,2,6.666444451851606e-05
ARG,231,NE,THR,227,O,2,6.666444451851606e-05
ARG,231,NE,ALA,232,O,2,6.666444451851606e-05
LYS,234,NZ,GLU,116,OE1,2,6.666444451851606e-05
LYS,234,NZ,GLY,157,O,2,6.666444451851606e-05
TYR,240,OH,LEU,260,N,2,6.666444451851606e-05
HID,243,ND1,TYR,240,O,2,6.666444451851606e-05
LYS,248,NZ,LYS,248,O,2,6.666444451851606e-05
SER,249,OG,ASN,250,ND2,2,6.666444451851606e-05
ASN,250,ND2,SER,253,OG,2,6.666444451851606e-05
ALA,251,N,SER,249,O,2,6.666444451851606e-05
SER,256,N,TYR,83,OH,2,6.666444451851606e-05
HIE,257,NE2,GLN,258,NE2,2,6.666444451851606e-05
GLN,258,NE2,ARG,81,NH1,2,6.666444451851606e-05
GLN,258,NE2,ARG,225,NH1,2,6.666444451851606e-05
ASN,259,ND2,ARG,92,NH2,2,6.666444451851606e-05
ASN,259,ND2,SER,256,O,2,6.666444451851606e-05
THR,274,N,GLY,271,O,2,6.666444451851606e-05
SER,276,OG,THR,147,OG1,2,6.666444451851606e-05
THR,277,N,THR,274,O,2,6.666444451851606e-05
LEU,279,N,SER,276,O,2,6.666444451851606e-05
TYR,281,OH,ILE,452,O,2,6.666444451851606e-05
PHE,283,N,ARG,280,O,2,6.666444451851606e-05
ARG,295,NH2,HIE,291,O,2,6.666444451851606e-05
ARG,295,NH2,VAL,292,N,2,6.666444451851606e-05
TYR,297,OH,PRO,306,O,2,6.666444451851606e-05
ARG,298,NE,ARG,298,O,2,6.666444451851606e-05
GLU,299,N,TYR,297,O,2,6.666444451851606e-05
ILE,300,N,TYR,297,O,2,6.666444451851606e-05
GLN,302,NE2,ARG,298,NH1,2,6.666444451851606e-05
GLN,302,NE2,GLU,299,OE1,2,6.666444451851606e-05
GLU,311,N,ARG,308,NH2,2,6.666444451851606e-05
HIE,313,NE2,GLU,116,OE2,2,6.666444451851606e-05
HIE,313,NE2,ARG,308,NH2,2,6.666444451851606e-05
TYR,320,OH,ARG,295,NH1,2,6.666444451851606e-05
HID,341,ND1,ARG,406,NE,2,6.666444451851606e-05
ARG,350,NH1,GLU,54,O,2,6.666444451851606e-05
THR,358,OG1,PRO,355,N,2,6.666444451851606e-05
ALA,379,N,ASP,378,OD1,2,6.666444451851606e-05
LYS,393,NZ,THR,395,OG1,2,6.666444451851606e-05
LYS,394,NZ,GLU,322,OE2,2,6.666444451851606e-05
LYS,394,NZ,LYS,394,O,2,6.666444451851606e-05
THR,395,OG1,TYR,373,O,2,6.666444451851606e-05
SER,402,OG,PHE,401,O,2,6.666444451851606e-05
LYS,405,NZ,LEU,60,O,2,6.666444451851606e-05
LYS,405,NZ,LYS,63,O,2,6.666444451851606e-05
LYS,405,NZ,GLU,65,O,2,6.666444451851606e-05
ARG,406,NH2,ARG,70,NH1,2,6.666444451851606e-05
ARG,415,NE,GLN,329,NE2,2,6.666444451851606e-05
ARG,415,NH1,ARG,415,O,2,6.666444451851606e-05
ARG,415,NH2,ILE,325,O,2,6.666444451851606e-05
ALA,432,N,SER,430,O,2,6.666444451851606e-05
SER,433,OG,ALA,432,O,2,6.666444451851606e-05
TYR,456,OH,LEU,284,N,2,6.666444451851606e-05
GLN,457,NE2,GLN,457,O,2,6.666444451851606e-05
ARG,459,NE,SER,433,O,2,6.666444451851606e-05
ARG,463,NE,GLU,294,OE1,2,6.666444451851606e-05
ARG,463,NE,GLU,294,OE2,2,6.666444451851606e-05
ARG,463,NE,PHE,429,N,2,6.666444451851606e-05
ARG,463,NH2,SER,430,OG,2,6.666444451851606e-05
ARG,1,NH2,GLY,5,O,1,3.333222225925803e-05
LEU,2,N,ARG,1,NE,1,3.333222225925803e-05
LEU,2,N,ARG,1,NH2,1,3.333222225925803e-05
ARG,7,N,ARG,7,NE,1,3.333222225925803e-05
ARG,7,NH1,GLN,17,NE2,1,3.333222225925803e-05
LEU,9,N,GLY,13,N,1,3.333222225925803e-05
ASN,14,ND2,PRO,8,N,1,3.333222225925803e-05
ARG,20,N,ARG,20,NH1,1,3.333222225925803e-05
ARG,20,NE,LEU,15,O,1,3.333222225925803e-05
ARG,20,NH2,ASP,19,O,1,3.333222225925803e-05
ARG,21,NH2,LYS,25,O,1,3.333222225925803e-05
ARG,21,NH2,ARG,29,NH1,1,3.333222225925803e-05
ARG,21,NH2,ARG,29,NH2,1,3.333222225925803e-05
LEU,23,N,CYS,447,O,1,3.333222225925803e-05
LYS,25,NZ,ARG,21,NE,1,3.333222225925803e-05
LYS,25,NZ,LYS,25,O,1,3.333222225925803e-05
SER,26,OG,ASP,19,N,1,3.333222225925803e-05
ARG,29,NH1,ARG,21,NH2,1,3.333222225925803e-05
ARG,29,NH1,ARG,29,O,1,3.333222225925803e-05
ARG,29,NH2,LYS,25,O,1,3.333222225925803e-05
ARG,31,NH2,THR,366,O,1,3.333222225925803e-05
TYR,34,OH,GLY,5,O,1,3.333222225925803e-05
VAL,37,N,GLY,35,O,1,3.333222225925803e-05
THR,39,OG1,THR,39,O,1,3.333222225925803e-05
HIE,41,NE2,PRO,44,O,1,3.333222225925803e-05
ARG,45,NE,SER,193,OG,1,3.333222225925803e-05
ARG,57,NE,GLU,396,OE2,1,3.333222225925803e-05
ARG,57,NH2,GLU,58,OE2,1,3.333222225925803e-05
ALA,66,N,ALA,64,O,1,3.333222225925803e-05
SER,68,OG,PHE,67,O,1,3.333222225925803e-05
ARG,70,N,ARG,406,NH2,1,3.333222225925803e-05
ARG,70,NE,GLY,71,N,1,3.333222225925803e-05
LYS,72,NZ,ARG,45,NH1,1,3.333222225925803e-05
LYS,72,NZ,ARG,70,O,1,3.333222225925803e-05
LYS,72,NZ,GLY,194,N,1,3.333222225925803e-05
ARG,81,NE,ASN,259,ND2,1,3.333222225925803e-05
ARG,81,NH1,TYR,83,OH,1,3.333222225925803e-05
TYR,83,OH,ARG,92,NH2,1,3.333222225925803e-05
ASN,89,N,ARG,92,NH1,1,3.333222225925803e-05
ASN,89,ND2,SER,68,O,1,3.333222225925803e-05
ASN,89,ND2,GLY,71,O,1,3.333222225925803e-05
ASN,89,ND2,ASN,91,ND2,1,3.333222225925803e-05
ASN,91,N,ASN,89,ND2,1,3.333222225925803e-05
ASN,91,ND2,ARG,92,NH1,1,3.333222225925803e-05
ARG,92,NH2,TYR,83,N,1,3.333222225925803e-05
ARG,92,NH2,HIE,252,O,1,3.333222225925803e-05
ARG,97,NH1,LEU,409,N,1,3.333222225925803e-05
ARG,97,NH1,HM1,464,O1A,1,3.333222225925803e-05
ARG,98,NH1,VAL,95,O,1,3.333222225925803e-05
ARG,98,NH1,ASP,106,OD2,1,3.333222225925803e-05
ARG,98,NH2,ASN,91,OD1,1,3.333222225925803e-05
ARG,98,NH2,LYS,94,O,1,3.333222225925803e-05
ARG,98,NH2,VAL,95,N,1,3.333222225925803e-05
SER,100,OG,TYR,240,OH,1,3.333222225925803e-05
THR,102,OG1,THR,102,O,1,3.333222225925803e-05
THR,103,OG1,THR,102,O,1,3.333222225925803e-05
THR,103,OG1,THR,239,OG1,1,3.333222225925803e-05
ARG,105,N,ASP,106,O,1,3.333222225925803e-05
ARG,105,NE,THR,102,O,1,3.333222225925803e-05
ARG,112,N,ARG,117,NH2,1,3.333222225925803e-05
ARG,112,NE,LYS,111,O,1,3.333222225925803e-05
ARG,112,NE,ARG,112,N,1,3.333222225925803e-05
ARG,112,NH1,SER,153,OG,1,3.333222225925803e-05
ARG,112,NH1,GLY,157,O,1,3.333222225925803e-05
ARG,112,NH2,LYS,111,O,1,3.333222225925803e-05
ARG,112,NH2,SER,113,O,1,3.333222225925803e-05
ARG,112,NH2,ARG,117,NH1,1,3.333222225925803e-05
ARG,112,NH2,SER,153,OG,1,3.333222225925803e-05
ARG,112,NH2,ASP,235,OD2,1,3.333222225925803e-05
SER,113,N,ARG,112,NE,1,3.333222225925803e-05
SER,113,OG,SER,113,O,1,3.333222225925803e-05
ARG,117,NH1,ARG,117,O,1,3.333222225925803e-05
ARG,117,NH2,ILE,154,N,1,3.333222225925803e-05
ARG,117,NH2,ASP,235,OD1,1,3.333222225925803e-05
GLN,119,NE2,ARG,112,NH2,1,3.333222225925803e-05
GLN,119,NE2,GLU,116,N,1,3.333222225925803e-05
GLN,119,NE2,PRO,310,N,1,3.333222225925803e-05
GLN,123,NE2,ARG,130,NH1,1,3.333222225925803e-05
ARG,130,NH1,ILE,126,O,1,3.333222225925803e-05
ARG,130,NH2,ASN,428,O,1,3.333222225925803e-05
SER,132,OG,ALA,135,O,1,3.333222225925803e-05
LYS,133,N,LYS,131,O,1,3.333222225925803e-05
THR,140,N,ASP,138,O,1,3.333222225925803e-05
PHE,141,N,THR,140,OG1,1,3.333222225925803e-05
GLN,144,NE2,SER,276,OG,1,3.333222225925803e-05
ILE,151,N,ALA,148,O,1,3.333222225925803e-05
GLY,157,N,ILE,154,O,1,3.333222225925803e-05
LYS,158,NZ,LYS,158,O,1,3.333222225925803e-05
ARG,159,NE,GLU,120,OE1,1,3.333222225925803e-05
ARG,159,NH2,ASN,149,OD1,1,3.333222225925803e-05
HIE,161,NE2,GLN,163,NE2,1,3.333222225925803e-05
ASP,164,N,HIE,161,ND1,1,3.333222225925803e-05
GLN,165,N,ASP,164,OD1,1,3.333222225925803e-05
GLN,165,N,ASP,164,OD2,1,3.333222225925803e-05
GLN,165,NE2,GLN,165,N,1,3.333222225925803e-05
GLU,166,N,GLN,165,NE2,1,3.333222225925803e-05
PHE,167,N,GLU,166,OE2,1,3.333222225925803e-05
LEU,168,N,GLN,165,O,1,3.333222225925803e-05
LYS,169,NZ,GLU,212,O,1,3.333222225925803e-05
ASN,172,ND2,LEU,173,N,1,3.333222225925803e-05
GLN,176,NE2,LEU,173,N,1,3.333222225925803e-05
GLN,176,NE2,GLN,205,O,1,3.333222225925803e-05
SER,179,OG,GLU,446,OE2,1,3.333222225925803e-05
ILE,181,N,PHE,178,O,1,3.333222225925803e-05
GLN,187,NE2,LEU,188,N,1,3.333222225925803e-05
PHE,195,N,SER,193,O,1,3.333222225925803e-05
ARG,204,NH1,ARG,204,O,1,3.333222225925803e-05
ARG,204,NH1,TYR,207,OH,1,3.333222225925803e-05
TYR,207,N,GLN,205,O,1,3.333222225925803e-05
GLN,211,NE2,GLU,212,N,1,3.333222225925803e-05
ASN,214,ND2,ASN,261,O,1,3.333222225925803e-05
HIE,219,NE2,TYR,216,OH,1,3.333222225925803e-05
LYS,223,NZ,SER,220,OG,1,3.333222225925803e-05
LYS,223,NZ,GLU,222,OE1,1,3.333222225925803e-05
LYS,223,NZ,LYS,223,O,1,3.333222225925803e-05
HIP,224,ND1,ASP,229,O,1,3.333222225925803e-05
HIP,224,NE2,SER,220,OG,1,3.333222225925803e-05
HIP,224,NE2,ASP,229,O,1,3.333222225925803e-05
THR,227,N,ARG,225,O,1,3.333222225925803e-05
LEU,228,N,LYS,223,O,1,3.333222225925803e-05
ARG,231,N,ARG,231,NE,1,3.333222225925803e-05
ARG,231,NH1,THR,227,O,1,3.333222225925803e-05
ARG,231,NH2,ALA,232,O,1,3.333222225925803e-05
LYS,234,NZ,THR,227,OG1,1,3.333222225925803e-05
LYS,234,NZ,ARG,231,NH1,1,3.333222225925803e-05
THR,239,OG1,ASP,238,OD2,1,3.333222225925803e-05
TYR,240,OH,SER,256,N,1,3.333222225925803e-05
GLU,247,N,GLU,245,O,1,3.333222225925803e-05
LYS,248,NZ,ARG,225,NH2,1,3.333222225925803e-05
SER,249,OG,GLU,247,O,1,3.333222225925803e-05
ASN,250,ND2,ASN,250,O,1,3.333222225925803e-05
HIE,252,N,HIE,252,ND1,1,3.333222225925803e-05
HIE,252,NE2,TYR,83,OH,1,3.333222225925803e-05
SER,253,N,HIE,252,NE2,1,3.333222225925803e-05
GLU,254,N,SER,253,OG,1,3.333222225925803e-05
PHE,255,N,GLU,247,OE2,1,3.333222225925803e-05
HIE,257,NE2,GLY,218,O,1,3.333222225925803e-05
HIE,257,NE2,ARG,225,NH1,1,3.333222225925803e-05
HIE,257,NE2,ARG,225,NH2,1,3.333222225925803e-05
GLN,258,N,SER,256,O,1,3.333222225925803e-05
GLN,258,NE2,ARG,81,NH2,1,3.333222225925803e-05
GLN,258,NE2,ASN,259,ND2,1,3.333222225925803e-05
ASN,259,N,GLN,258,OE1,1,3.333222225925803e-05
ASN,259,ND2,ARG,92,NH1,1,3.333222225925803e-05
ASN,259,ND2,GLN,258,NE2,1,3.333222225925803e-05
THR,275,N,THR,274,OG1,1,3.333222225925803e-05
SER,276,OG,PHE,143,O,1,3.333222225925803e-05
THR,277,OG1,GLU,273,OE2,1,3.333222225925803e-05
THR,278,OG1,THR,275,O,1,3.333222225925803e-05
ARG,280,N,THR,277,O,1,3.333222225925803e-05
ARG,280,NH2,ASP,138,OD1,1,3.333222225925803e-05
TYR,281,OH,ASP,333,OD2,1,3.333222225925803e-05
TYR,281,OH,ASP,333,O,1,3.333222225925803e-05
TYR,281,OH,PRO,453,N,1,3.333222225925803e-05
GLY,282,N,LEU,279,O,1,3.333222225925803e-05
LEU,284,N,TYR,456,OH,1,3.333222225925803e-05
TYR,289,OH,PHE,380,O,1,3.333222225925803e-05
HIE,291,N,TYR,289,O,1,3.333222225925803e-05
HIE,291,NE2,TYR,320,OH,1,3.333222225925803e-05
ARG,295,NE,ARG,298,NH2,1,3.333222225925803e-05
ARG,295,NE,GLU,299,OE1,1,3.333222225925803e-05
ARG,295,NH1,GLU,294,OE2,1,3.333222225925803e-05
ARG,295,NH2,ASP,383,OD2,1,3.333222225925803e-05
TYR,297,OH,ARG,298,NH2,1,3.333222225925803e-05
ARG,298,NH1,GLN,302,NE2,1,3.333222225925803e-05
ARG,298,NH2,ARG,295,N,1,3.333222225925803e-05
ARG,298,NH2,ARG,295,NH2,1,3.333222225925803e-05
ARG,298,NH2,TYR,297,OH,1,3.333222225925803e-05
ARG,298,NH2,GLN,302,N,1,3.333222225925803e-05
ARG,298,NH2,GLN,302,NE2,1,3.333222225925803e-05
GLN,302,NE2,GLU,299,N,1,3.333222225925803e-05
GLN,302,NE2,LYS,317,O,1,3.333222225925803e-05
HIE,307,NE2,GLN,123,OE1,1,3.333222225925803e-05
ARG,308,NE,GLU,311,OE2,1,3.333222225925803e-05
ARG,315,NH1,ALA,416,N,1,3.333222225925803e-05
ARG,315,NH2,TYR,326,OH,1,3.333222225925803e-05
MET,318,N,ALA,316,O,1,3.333222225925803e-05
ALA,323,N,TYR,320,O,1,3.333222225925803e-05
VAL,324,N,THR,321,O,1,3.333222225925803e-05
ILE,328,N,ILE,325,O,1,3.333222225925803e-05
GLN,329,NE2,ILE,325,O,1,3.333222225925803e-05
GLN,329,NE2,SER,332,OG,1,3.333222225925803e-05
GLN,329,NE2,PRO,400,O,1,3.333222225925803e-05
PHE,331,N,ILE,328,O,1,3.333222225925803e-05
GLY,338,N,GLY,448,O,1,3.333222225925803e-05
HID,341,ND1,GLY,69,O,1,3.333222225925803e-05
HID,341,ND1,PRO,340,O,1,3.333222225925803e-05
HID,341,ND1,ARG,406,NH1,1,3.333222225925803e-05
THR,344,N,ILE,342,O,1,3.333222225925803e-05
THR,344,OG1,THR,344,O,1,3.333222225925803e-05
THR,347,OG1,ALA,66,O,1,3.333222225925803e-05
THR,347,OG1,ILE,354,O,1,3.333222225925803e-05
SER,348,OG,SER,348,O,1,3.333222225925803e-05
SER,348,OG,ILE,353,N,1,3.333222225925803e-05
THR,358,N,LYS,356,O,1,3.333222225925803e-05
LEU,364,N,GLY,338,N,1,3.333222225925803e-05
HID,369,ND1,SER,365,OG,1,3.333222225925803e-05
HIE,372,N,ASP,370,O,1,3.333222225925803e-05
HIE,372,NE2,ASP,370,OD2,1,3.333222225925803e-05
HIE,372,NE2,TYR,373,OH,1,3.333222225925803e-05
LYS,376,NZ,ASN,381,ND2,1,3.333222225925803e-05
ALA,379,N,ASP,378,OD2,1,3.333222225925803e-05
ASN,381,ND2,GLU,375,O,1,3.333222225925803e-05
ASN,381,ND2,HIP,384,NE2,1,3.333222225925803e-05
ASP,383,N,ASP,383,OD2,1,3.333222225925803e-05
GLY,390,N,ASN,389,OD1,1,3.333222225925803e-05
LYS,393,N,ALA,391,O,1,3.333222225925803e-05
THR,395,N,LYS,393,O,1,3.333222225925803e-05
ALA,397,N,GLU,396,OE1,1,3.333222225925803e-05
ALA,397,N,GLU,396,OE2,1,3.333222225925803e-05
PHE,398,N,GLU,396,O,1,3.333222225925803e-05
ARG,406,NH2,ILE,86,O,1,3.333222225925803e-05
ARG,406,NH2,ASN,89,OD1,1,3.333222225925803e-05
GLY,412,N,CM1,408,O,1,3.333222225925803e-05
ARG,415,NH2,GLU,322,O,1,3.333222225925803e-05
PHE,422,N,GLU,417,O,1,3.333222225925803e-05
PHE,422,N,LEU,420,O,1,3.333222225925803e-05
ASN,428,ND2,HIE,307,ND1,1,3.333222225925803e-05
SER,430,OG,PHE,429,O,1,3.333222225925803e-05
GLN,445,N,PRO,454,N,1,3.333222225925803e-05
GLN,445,NE2,THR,455,N,1,3.333222225925803e-05
VAL,449,N,SER,182,O,1,3.333222225925803e-05
VAL,449,N,GLN,187,NE2,1,3.333222225925803e-05
TYR,456,OH,PHE,283,O,1,3.333222225925803e-05
ARG,459,NH1,SER,433,O,1,3.333222225925803e-05
